task,item_id,condition,exemplar,correct,incorrect,human_prop_correct,prefix,question,model_input,layer_idx,entropy_first_token,rank_correct_first_token,logits_correct,logits_deltas_correct,rank_incorrect_first_token,logits_incorrect,logits_deltas_incorrect,mean_logprob_correct,mean_logprob_incorrect,mean_logprob_response,mean_logprob_response_isCorrect,sum_logprob_correct,sum_logprob_incorrect,sum_logprob_response,sum_logprob_response_isCorrect,first_logprob_correct,first_logprob_incorrect,first_logprob_response,first_logprob_response_isCorrect
animals,1,Atypical,eel,fish,reptile,0.9537037037,An eel is a type of,What kind of animal is an eel?,An eel is a type of,0,9.243231,18311,[-0.19436432421207428],[0.6712740659713745],23676,"[-0.6608873605728149, 13.331860542297363]","[0.9871142506599426, 3.706601619720459]",-11.739162,-6.323035,incorrect,False,-11.739162,-12.64607,correct,True,-11.739162,-12.205685,correct,True
animals,1,Atypical,eel,fish,reptile,0.9537037037,An eel is a type of,What kind of animal is an eel?,An eel is a type of,1,9.053638,18271,[0.1322159320116043],[-0.8980077505111694],19782,"[-0.004817613400518894, 12.540321350097656]","[-2.3451619148254395, 2.6621944904327393]",-11.910791,-6.314636,incorrect,False,-11.910791,-12.629272,correct,True,-11.910791,-12.047825,correct,True
animals,1,Atypical,eel,fish,reptile,0.9537037037,An eel is a type of,What kind of animal is an eel?,An eel is a type of,2,8.764822,20532,[-0.23921017348766327],[-1.2871800661087036],26699,"[-0.8300483226776123, 12.076101303100586]","[-5.2236008644104, -0.7258438467979431]",-12.334975,-6.7854595,incorrect,False,-12.334975,-13.570919,correct,True,-12.334975,-12.925814,correct,True
animals,1,Atypical,eel,fish,reptile,0.9537037037,An eel is a type of,What kind of animal is an eel?,An eel is a type of,3,8.384154,23087,[-0.7264201641082764],[-3.587841510772705],40647,"[-2.73018741607666, 11.540821075439453]","[-0.6472908854484558, 3.833828926086426]",-12.83161,-7.8789253,incorrect,False,-12.83161,-15.757851,correct,True,-12.83161,-14.835377,correct,True
animals,1,Atypical,eel,fish,reptile,0.9537037037,An eel is a type of,What kind of animal is an eel?,An eel is a type of,4,8.270406,37050,[-2.206991672515869],[-0.07741465419530869],40440,"[-2.6923208236694336, 12.032743453979492]","[-2.0577754974365234, -0.22358527779579163]",-14.532403,-7.8326974,incorrect,False,-14.532403,-15.665395,correct,True,-14.532403,-15.017733,correct,True
animals,1,Atypical,eel,fish,reptile,0.9537037037,An eel is a type of,What kind of animal is an eel?,An eel is a type of,5,8.439907,34790,[-2.0272057056427],[3.103273630142212],43008,"[-3.215285539627075, 11.498509407043457]","[-2.8637166023254395, 3.5821993350982666]",-14.177769,-8.116886,incorrect,False,-14.177769,-16.233772,correct,True,-14.177769,-15.365849,correct,True
animals,1,Atypical,eel,fish,reptile,0.9537037037,An eel is a type of,What kind of animal is an eel?,An eel is a type of,6,8.211655,19010,[-0.7273553013801575],[0.9747020602226257],45457,"[-4.225387096405029, 12.266521453857422]","[-0.3393864035606384, 4.522636413574219]",-12.700458,-8.390403,incorrect,False,-12.700458,-16.780806,correct,True,-12.700458,-16.19849,correct,True
animals,1,Atypical,eel,fish,reptile,0.9537037037,An eel is a type of,What kind of animal is an eel?,An eel is a type of,7,8.070384,16905,[-0.23739635944366455],[1.8810737133026123],44650,"[-3.7448010444641113, 12.774064064025879]","[-1.2627860307693481, -4.138121604919434]",-12.346759,-8.166495,incorrect,False,-12.346759,-16.33299,correct,True,-12.346759,-15.854164,correct,True
animals,1,Atypical,eel,fish,reptile,0.9537037037,An eel is a type of,What kind of animal is an eel?,An eel is a type of,8,7.701766,9289,[0.46101364493370056],[2.1999635696411133],43567,"[-3.9329469203948975, 11.377092361450195]","[0.43525969982147217, 0.3093988299369812]",-11.535481,-8.625399,incorrect,False,-11.535481,-17.250797,correct,True,-11.535481,-15.929442,correct,True
animals,1,Atypical,eel,fish,reptile,0.9537037037,An eel is a type of,What kind of animal is an eel?,An eel is a type of,9,7.9120445,5037,[1.2559150457382202],[1.1432392597198486],41892,"[-3.639742136001587, 11.794358253479004]","[-1.2008371353149414, -0.6248323917388916]",-10.65128,-8.318714,incorrect,False,-10.65128,-16.637428,correct,True,-10.65128,-15.546938,correct,True
animals,1,Atypical,eel,fish,reptile,0.9537037037,An eel is a type of,What kind of animal is an eel?,An eel is a type of,10,7.6476035,2898,[1.585160493850708],[1.5145207643508911],39673,"[-3.7133066654205322, 11.045357704162598]","[6.5671162605285645, 1.2025138139724731]",-10.111814,-8.552609,incorrect,False,-10.111814,-17.105219,correct,True,-10.111814,-15.41028,correct,True
animals,1,Atypical,eel,fish,reptile,0.9537037037,An eel is a type of,What kind of animal is an eel?,An eel is a type of,11,8.182086,1872,[2.0340657234191895],[2.911189556121826],17316,"[-0.9433209300041199, 10.690199851989746]","[0.04616610333323479, 4.262833118438721]",-9.465759,-7.0721383,incorrect,False,-9.465759,-14.144277,correct,True,-9.465759,-12.443147,correct,True
animals,1,Atypical,eel,fish,reptile,0.9537037037,An eel is a type of,What kind of animal is an eel?,An eel is a type of,12,7.733824,633,[2.8611137866973877],[2.6924097537994385],13112,"[-0.7337355613708496, 10.840235710144043]","[3.435795783996582, 0.7675040364265442]",-8.493564,-6.699643,incorrect,False,-8.493564,-13.399286,correct,True,-8.493564,-12.088412,correct,True
animals,1,Atypical,eel,fish,reptile,0.9537037037,An eel is a type of,What kind of animal is an eel?,An eel is a type of,13,7.836799,300,[3.382654905319214],[17.0291748046875],4493,"[0.5271399617195129, 10.12360954284668]","[5.441218376159668, 7.939911842346191]",-7.766995,-6.267523,incorrect,False,-7.766995,-12.535046,correct,True,-7.766995,-10.622509,correct,True
animals,1,Atypical,eel,fish,reptile,0.9537037037,An eel is a type of,What kind of animal is an eel?,An eel is a type of,14,7.5626955,1,[8.329350471496582],[4.465497016906738],912,"[2.2621092796325684, 11.181191444396973]","[4.53184175491333, 1.772882103919983]",-2.8800232,-4.9759183,correct,True,-2.8800232,-9.951837,correct,True,-2.8800232,-8.947265,correct,True
animals,1,Atypical,eel,fish,reptile,0.9537037037,An eel is a type of,What kind of animal is an eel?,An eel is a type of,15,7.5340986,1,[8.904654502868652],[22.886051177978516],385,"[3.364278793334961, 10.977558135986328]","[8.764785766601562, 9.806885719299316]",-2.5406647,-4.6337647,correct,True,-2.5406647,-9.2675295,correct,True,-2.5406647,-8.08104,correct,True
animals,1,Atypical,eel,fish,reptile,0.9537037037,An eel is a type of,What kind of animal is an eel?,An eel is a type of,16,0.8702749,1,[14.333257675170898],[4.921909332275391],55,"[5.514488220214844, 12.099528312683105]","[-2.253016233444214, -0.7228143215179443]",-0.10229967,-4.7836328,correct,True,-0.10229967,-9.5672655,correct,True,-0.10229967,-8.921069,correct,True
animals,1,Atypical,eel,fish,reptile,0.9537037037,An eel is a type of,What kind of animal is an eel?,An eel is a type of,17,1.1856571,1,[13.844253540039062],[1.033102035522461],174,"[4.400845050811768, 11.038764953613281]","[-0.9026020169258118, 8.160735130310059]",-0.14208764,-5.5635605,correct,True,-0.14208764,-11.127121,correct,True,-0.14208764,-9.585497,correct,True
animals,1,Atypical,eel,fish,reptile,0.9537037037,An eel is a type of,What kind of animal is an eel?,An eel is a type of,18,2.447237,1,[12.584854125976562],[0.3295266330242157],280,"[3.7662551403045654, 11.528792381286621]","[-2.1425442695617676, 1.175480604171753]",-0.3357129,-5.0388246,correct,True,-0.3357129,-10.077649,correct,True,-0.3357129,-9.154312,correct,True
animals,1,Atypical,eel,fish,reptile,0.9537037037,An eel is a type of,What kind of animal is an eel?,An eel is a type of,19,4.8986254,1,[10.893351554870605],[-1.0958343744277954],580,"[2.78462553024292, 10.253320693969727]","[-3.2883381843566895, 2.7681121826171875]",-0.9014126,-5.187088,correct,True,-0.9014126,-10.374176,correct,True,-0.9014126,-9.010139,correct,True
animals,1,Atypical,eel,fish,reptile,0.9537037037,An eel is a type of,What kind of animal is an eel?,An eel is a type of,20,5.611959,1,[10.270668029785156],[-7.0576629638671875],965,"[2.153085231781006, 10.792801856994629]","[-2.3645737171173096, 0.7676374912261963]",-1.3515816,-5.2636523,correct,True,-1.3515816,-10.527305,correct,True,-1.3515816,-9.469164,correct,True
animals,1,Atypical,eel,fish,reptile,0.9537037037,An eel is a type of,What kind of animal is an eel?,An eel is a type of,21,6.7151423,1,[8.6607027053833],[0.6746958494186401],1341,"[1.7202012538909912, 11.00278091430664]","[1.672708511352539, 4.490077972412109]",-2.6827383,-5.2019835,correct,True,-2.6827383,-10.403967,correct,True,-2.6827383,-9.6232395,correct,True
animals,1,Atypical,eel,fish,reptile,0.9537037037,An eel is a type of,What kind of animal is an eel?,An eel is a type of,22,6.5380173,1,[8.884532928466797],[4.12113618850708],1094,"[2.15283465385437, 13.40775203704834]","[6.297056674957275, 7.7581400871276855]",-2.6963732,-4.8213096,correct,True,-2.6963732,-9.642619,correct,True,-2.6963732,-9.428071,correct,True
animals,1,Atypical,eel,fish,reptile,0.9537037037,An eel is a type of,What kind of animal is an eel?,An eel is a type of,23,2.4186835,1,[15.460567474365234],,45,"[9.159814834594727, 22.99637222290039]",,-0.4428733,-3.3998673,correct,True,-0.4428733,-6.7997346,correct,True,-0.4428733,-6.743626,correct,True
animals,2,Atypical,bat,mammal,bird,0.7777777778,A bat is a type of,What kind of animal is a bat?,A bat is a type of,0,9.26229,39746,"[-2.170626401901245, 10.392131805419922]","[1.3447507619857788, 4.946556568145752]",16799,[-0.03497540205717087],[1.7233294248580933],-8.014309,-11.591639,correct,True,-16.028618,-11.591639,incorrect,False,-13.727289,-11.591639,incorrect,False
animals,2,Atypical,bat,mammal,bird,0.7777777778,A bat is a type of,What kind of animal is a bat?,A bat is a type of,1,9.024134,33558,"[-1.3602163791656494, 10.140985488891602]","[-2.6720077991485596, 2.240018367767334]",11352,[0.7943392395973206],[-4.7599358558654785],-7.6928425,-11.189098,correct,True,-15.385685,-11.189098,incorrect,False,-13.343655,-11.189098,incorrect,False
animals,2,Atypical,bat,mammal,bird,0.7777777778,A bat is a type of,What kind of animal is a bat?,A bat is a type of,2,8.709282,39509,"[-2.257563829421997, 9.59290599822998]","[0.4525511860847473, 4.13999080657959]",30960,[-1.2631412744522095],[-0.10122084617614746],-8.419723,-13.384426,correct,True,-16.839445,-13.384426,incorrect,False,-14.378849,-13.384426,incorrect,False
animals,2,Atypical,bat,mammal,bird,0.7777777778,A bat is a type of,What kind of animal is a bat?,A bat is a type of,3,8.445733,35059,"[-1.731687068939209, 10.025879859924316]","[-3.077505350112915, 10.262725830078125]",29427,[-1.1215718984603882],[-0.29650816321372986],-8.140048,-13.410202,correct,True,-16.280096,-13.410202,incorrect,False,-14.020317,-13.410202,incorrect,False
animals,2,Atypical,bat,mammal,bird,0.7777777778,A bat is a type of,What kind of animal is a bat?,A bat is a type of,4,8.437012,43648,"[-2.8201019763946533, 12.408829689025879]","[2.199197769165039, 4.8207268714904785]",31428,[-1.1182376146316528],[-1.004726767539978],-8.105251,-13.758954,correct,True,-16.210503,-13.758954,incorrect,False,-15.460818,-13.758954,incorrect,False
animals,2,Atypical,bat,mammal,bird,0.7777777778,A bat is a type of,What kind of animal is a bat?,A bat is a type of,5,8.243345,31820,"[-1.3621242046356201, 12.925759315490723]","[1.3982685804367065, 0.23260915279388428]",32288,[-1.4152065515518188],[0.5511808395385742],-7.230421,-13.890257,correct,True,-14.460842,-13.890257,incorrect,False,-13.837175,-13.890257,correct,True
animals,2,Atypical,bat,mammal,bird,0.7777777778,A bat is a type of,What kind of animal is a bat?,A bat is a type of,6,8.340633,22281,"[-0.6543394327163696, 12.58936882019043]","[2.6996753215789795, 4.76423978805542]",26975,[-1.136410117149353],[4.975960731506348],-6.8508544,-13.379857,correct,True,-13.701709,-13.379857,incorrect,False,-12.897787,-13.379857,correct,True
animals,2,Atypical,bat,mammal,bird,0.7777777778,A bat is a type of,What kind of animal is a bat?,A bat is a type of,7,8.281223,11506,"[0.6072838306427002, 13.426981925964355]","[1.1024423837661743, 6.059911727905273]",8548,[1.049120306968689],[1.151672124862671],-6.0853734,-11.1070595,correct,True,-12.170747,-11.1070595,incorrect,False,-11.548896,-11.1070595,incorrect,False
animals,2,Atypical,bat,mammal,bird,0.7777777778,A bat is a type of,What kind of animal is a bat?,A bat is a type of,8,7.5263767,5950,"[1.115320086479187, 14.579583168029785]","[1.147751808166504, 1.3137049674987793]",4333,[1.5196894407272339],[2.344308853149414],-5.549908,-10.462557,correct,True,-11.099816,-10.462557,incorrect,False,-10.866926,-10.462557,incorrect,False
animals,2,Atypical,bat,mammal,bird,0.7777777778,A bat is a type of,What kind of animal is a bat?,A bat is a type of,9,7.9060097,3409,"[1.6043405532836914, 14.934979438781738]","[-0.6871646642684937, 6.43297004699707]",1705,[2.3619513511657715],[-0.5048699378967285],-5.1778493,-9.421377,correct,True,-10.355699,-9.421377,incorrect,False,-10.1789875,-9.421377,incorrect,False
animals,2,Atypical,bat,mammal,bird,0.7777777778,A bat is a type of,What kind of animal is a bat?,A bat is a type of,10,7.770845,3068,"[1.3808261156082153, 15.854784965515137]","[2.2563493251800537, 1.6564271450042725]",1638,[2.1153693199157715],[5.008127689361572],-5.11792,-9.407295,correct,True,-10.23584,-9.407295,incorrect,False,-10.141838,-9.407295,incorrect,False
animals,2,Atypical,bat,mammal,bird,0.7777777778,A bat is a type of,What kind of animal is a bat?,A bat is a type of,11,8.378765,1378,"[2.1526877880096436, 15.019085884094238]","[0.219961479306221, 0.46089640259742737]",249,[3.7732574939727783],[-1.8723490238189697],-4.627386,-7.496702,correct,True,-9.254772,-7.496702,incorrect,False,-9.117272,-7.496702,incorrect,False
animals,2,Atypical,bat,mammal,bird,0.7777777778,A bat is a type of,What kind of animal is a bat?,A bat is a type of,12,8.176002,1241,"[2.071624755859375, 13.652680397033691]","[3.156452178955078, 2.428105592727661]",595,[2.7892534732818604],[2.5005908012390137],-4.6847596,-8.346632,correct,True,-9.369519,-8.346632,incorrect,False,-9.0642605,-8.346632,incorrect,False
animals,2,Atypical,bat,mammal,bird,0.7777777778,A bat is a type of,What kind of animal is a bat?,A bat is a type of,13,8.067557,471,"[2.796227216720581, 13.208761215209961]","[3.152864933013916, 3.6240694522857666]",295,[3.2100813388824463],[9.615435600280762],-4.247748,-7.734539,correct,True,-8.495496,-7.734539,incorrect,False,-8.148394,-7.734539,incorrect,False
animals,2,Atypical,bat,mammal,bird,0.7777777778,A bat is a type of,What kind of animal is a bat?,A bat is a type of,14,8.024225,262,"[3.3918631076812744, 13.136894226074219]","[4.020894527435303, 4.463719367980957]",13,[5.606050968170166],[4.770462512969971],-3.8944705,-5.2898927,correct,True,-7.788941,-5.2898927,incorrect,False,-7.504081,-5.2898927,incorrect,False
animals,2,Atypical,bat,mammal,bird,0.7777777778,A bat is a type of,What kind of animal is a bat?,A bat is a type of,15,8.4801,96,"[4.173595905303955, 13.24772834777832]","[6.4374613761901855, 9.627921104431152]",4,[6.373950004577637],[4.942263126373291],-3.5451295,-4.6661587,correct,True,-7.090259,-4.6661587,incorrect,False,-6.8665123,-4.6661587,incorrect,False
animals,2,Atypical,bat,mammal,bird,0.7777777778,A bat is a type of,What kind of animal is a bat?,A bat is a type of,16,7.3148355,29,"[5.389576435089111, 14.301518440246582]","[3.2905161380767822, 4.204524993896484]",8,[6.921576976776123],[0.5834425687789917],-3.0480442,-4.4496565,correct,True,-6.0960884,-4.4496565,incorrect,False,-5.981657,-4.4496565,incorrect,False
animals,2,Atypical,bat,mammal,bird,0.7777777778,A bat is a type of,What kind of animal is a bat?,A bat is a type of,17,7.520242,26,"[5.538553237915039, 14.285888671875]","[3.55656361579895, 3.6408801078796387]",13,[6.3166399002075195],[1.1118264198303223],-2.9343038,-4.98793,correct,True,-5.8686075,-4.98793,incorrect,False,-5.7660165,-4.98793,incorrect,False
animals,2,Atypical,bat,mammal,bird,0.7777777778,A bat is a type of,What kind of animal is a bat?,A bat is a type of,18,7.7645116,19,"[5.7552995681762695, 14.039143562316895]","[5.019338607788086, 4.318729400634766]",14,[5.88642692565918],[2.8581323623657227],-2.6915808,-5.145783,correct,True,-5.3831615,-5.145783,incorrect,False,-5.2769103,-5.145783,incorrect,False
animals,2,Atypical,bat,mammal,bird,0.7777777778,A bat is a type of,What kind of animal is a bat?,A bat is a type of,19,7.777801,12,"[6.11355447769165, 13.289780616760254]","[0.9486229419708252, -2.61289119720459]",15,[5.755877494812012],[-2.385978937149048],-2.4780676,-5.180871,correct,True,-4.9561353,-5.180871,correct,True,-4.823194,-5.180871,correct,True
animals,2,Atypical,bat,mammal,bird,0.7777777778,A bat is a type of,What kind of animal is a bat?,A bat is a type of,20,7.5204635,9,"[6.066413879394531, 12.964598655700684]","[0.7184153199195862, 10.917728424072266]",41,[5.097434043884277],[-2.5438790321350098],-2.5201333,-5.8554277,correct,True,-5.0402665,-5.8554277,correct,True,-4.886448,-5.8554277,correct,True
animals,2,Atypical,bat,mammal,bird,0.7777777778,A bat is a type of,What kind of animal is a bat?,A bat is a type of,21,7.4060006,11,"[6.07192325592041, 14.95310115814209]","[3.2020833492279053, 7.068637847900391]",84,[4.521250247955322],[5.4448957443237305],-2.4470294,-6.4206815,correct,True,-4.8940587,-6.4206815,correct,True,-4.8700085,-6.4206815,correct,True
animals,2,Atypical,bat,mammal,bird,0.7777777778,A bat is a type of,What kind of animal is a bat?,A bat is a type of,22,7.1584,6,"[6.865872383117676, 17.67167854309082]","[3.434094190597534, 3.4034907817840576]",31,[5.671585559844971],[3.77339768409729],-2.189338,-5.569109,correct,True,-4.378676,-5.569109,correct,True,-4.3748217,-5.569109,correct,True
animals,2,Atypical,bat,mammal,bird,0.7777777778,A bat is a type of,What kind of animal is a bat?,A bat is a type of,23,3.6223493,3,"[13.111981391906738, 26.58693504333496]",,5,[11.594367980957031],,-1.0102608,-3.5378268,correct,True,-2.0205216,-3.5378268,correct,True,-2.0202134,-3.5378268,correct,True
animals,3,Atypical,penguin,bird,fish,0.9259259259,A penguin is a type of,What kind of animal is a penguin?,A penguin is a type of,0,9.270174,15820,[0.027692213654518127],[1.6370488405227661],17162,[-0.10035603493452072],[-0.16260169446468353],-11.49592,-11.623968,correct,True,-11.49592,-11.623968,correct,True,-11.49592,-11.623968,correct,True
animals,3,Atypical,penguin,bird,fish,0.9259259259,A penguin is a type of,What kind of animal is a penguin?,A penguin is a type of,1,9.028741,11044,[0.8246787190437317],[-4.383010387420654],20485,[-0.15256227552890778],[-1.0181024074554443],-11.148448,-12.125689,correct,True,-11.148448,-12.125689,correct,True,-11.148448,-12.125689,correct,True
animals,3,Atypical,penguin,bird,fish,0.9259259259,A penguin is a type of,What kind of animal is a penguin?,A penguin is a type of,2,8.710693,29729,[-1.0578731298446655],[-0.034493643790483475],24653,[-0.5543192028999329],[-1.3785409927368164],-13.2405405,-12.736986,incorrect,False,-13.2405405,-12.736986,incorrect,False,-13.2405405,-12.736986,incorrect,False
animals,3,Atypical,penguin,bird,fish,0.9259259259,A penguin is a type of,What kind of animal is a penguin?,A penguin is a type of,3,8.395628,25515,[-0.8950913548469543],[-0.5941002368927002],26987,[-1.0367499589920044],[-3.7503600120544434],-13.0313635,-13.173022,correct,True,-13.0313635,-13.173022,correct,True,-13.0313635,-13.173022,correct,True
animals,3,Atypical,penguin,bird,fish,0.9259259259,A penguin is a type of,What kind of animal is a penguin?,A penguin is a type of,4,8.446514,28528,[-1.0448558330535889],[0.09138481318950653],40708,[-2.529156446456909],[-0.7818330526351929],-13.445481,-14.929782,correct,True,-13.445481,-14.929782,correct,True,-13.445481,-14.929782,correct,True
animals,3,Atypical,penguin,bird,fish,0.9259259259,A penguin is a type of,What kind of animal is a penguin?,A penguin is a type of,5,8.367177,25212,[-0.8592221736907959],[0.6476597189903259],40459,[-2.634758949279785],[2.4375269412994385],-13.123428,-14.898965,correct,True,-13.123428,-14.898965,correct,True,-13.123428,-14.898965,correct,True
animals,3,Atypical,penguin,bird,fish,0.9259259259,A penguin is a type of,What kind of animal is a penguin?,A penguin is a type of,6,8.337368,19425,[-0.5463610887527466],[4.766617774963379],30076,[-1.66277277469635],[1.1311107873916626],-12.639061,-13.755472,correct,True,-12.639061,-13.755472,correct,True,-12.639061,-13.755472,correct,True
animals,3,Atypical,penguin,bird,fish,0.9259259259,A penguin is a type of,What kind of animal is a penguin?,A penguin is a type of,7,8.301641,5601,[1.4966986179351807],[0.3224622309207916],24177,[-0.9877155423164368],[1.1782468557357788],-10.560196,-13.044611,correct,True,-10.560196,-13.044611,correct,True,-10.560196,-13.044611,correct,True
animals,3,Atypical,penguin,bird,fish,0.9259259259,A penguin is a type of,What kind of animal is a penguin?,A penguin is a type of,8,7.709886,3844,[1.678456425666809],[2.2387030124664307],16875,[-0.5754130482673645],[1.1533238887786865],-10.300465,-12.554334,correct,True,-10.300465,-12.554334,correct,True,-10.300465,-12.554334,correct,True
animals,3,Atypical,penguin,bird,fish,0.9259259259,A penguin is a type of,What kind of animal is a penguin?,A penguin is a type of,9,8.331657,1645,[2.4669594764709473],[-0.5139002799987793],13057,[-0.16022725403308868],[2.7184879779815674],-9.245153,-11.87234,correct,True,-9.245153,-11.87234,correct,True,-9.245153,-11.87234,correct,True
animals,3,Atypical,penguin,bird,fish,0.9259259259,A penguin is a type of,What kind of animal is a penguin?,A penguin is a type of,10,7.826251,1513,[2.234431743621826],[4.526673316955566],5266,[0.7459603548049927],[0.21516261994838715],-9.306992,-10.795463,correct,True,-9.306992,-10.795463,correct,True,-9.306992,-10.795463,correct,True
animals,3,Atypical,penguin,bird,fish,0.9259259259,A penguin is a type of,What kind of animal is a penguin?,A penguin is a type of,11,8.37611,236,[3.770543336868286],[-0.6641191244125366],5041,[0.7796308994293213],[4.109435081481934],-7.521361,-10.512274,correct,True,-7.521361,-10.512274,correct,True,-7.521361,-10.512274,correct,True
animals,3,Atypical,penguin,bird,fish,0.9259259259,A penguin is a type of,What kind of animal is a penguin?,A penguin is a type of,12,8.078952,366,[3.2307891845703125],[3.8269288539886475],1288,[2.0716230869293213],[0.6767317056655884],-7.9537153,-9.112881,correct,True,-7.9537153,-9.112881,correct,True,-7.9537153,-9.112881,correct,True
animals,3,Atypical,penguin,bird,fish,0.9259259259,A penguin is a type of,What kind of animal is a penguin?,A penguin is a type of,13,8.152635,111,[4.043173313140869],[11.208942413330078],1012,[2.047088623046875],[8.199795722961426],-6.907211,-8.9032955,correct,True,-6.907211,-8.9032955,correct,True,-6.907211,-8.9032955,correct,True
animals,3,Atypical,penguin,bird,fish,0.9259259259,A penguin is a type of,What kind of animal is a penguin?,A penguin is a type of,14,8.07084,2,[6.779801845550537],[5.2889275550842285],90,[4.153750896453857],[4.325685977935791],-4.123851,-6.749902,correct,True,-4.123851,-6.749902,correct,True,-4.123851,-6.749902,correct,True
animals,3,Atypical,penguin,bird,fish,0.9259259259,A penguin is a type of,What kind of animal is a penguin?,A penguin is a type of,15,8.364493,2,[7.471222400665283],[17.59122657775879],34,[4.828415393829346],[4.988238334655762],-3.569309,-6.2121162,correct,True,-3.569309,-6.2121162,correct,True,-3.569309,-6.2121162,correct,True
animals,3,Atypical,penguin,bird,fish,0.9259259259,A penguin is a type of,What kind of animal is a penguin?,A penguin is a type of,16,4.9510646,1,[10.92221450805664],[1.2666692733764648],28,[5.397487163543701],[0.6349624395370483],-0.862022,-6.3867493,correct,True,-0.862022,-6.3867493,correct,True,-0.862022,-6.3867493,correct,True
animals,3,Atypical,penguin,bird,fish,0.9259259259,A penguin is a type of,What kind of animal is a penguin?,A penguin is a type of,17,6.449593,1,[9.962857246398926],[3.881162166595459],47,[4.922494411468506],[1.876655101776123],-1.4794562,-6.5198193,correct,True,-1.4794562,-6.5198193,correct,True,-1.4794562,-6.5198193,correct,True
animals,3,Atypical,penguin,bird,fish,0.9259259259,A penguin is a type of,What kind of animal is a penguin?,A penguin is a type of,18,6.9999595,1,[9.397397994995117],[0.9955165982246399],54,[4.632090091705322],[0.6839842200279236],-1.6867858,-6.4520936,correct,True,-1.6867858,-6.4520936,correct,True,-1.6867858,-6.4520936,correct,True
animals,3,Atypical,penguin,bird,fish,0.9259259259,A penguin is a type of,What kind of animal is a penguin?,A penguin is a type of,19,7.7033153,1,[8.354474067687988],[-1.9610334634780884],102,[4.154895782470703],[-2.426253080368042],-2.532736,-6.732314,correct,True,-2.532736,-6.732314,correct,True,-2.532736,-6.732314,correct,True
animals,3,Atypical,penguin,bird,fish,0.9259259259,A penguin is a type of,What kind of animal is a penguin?,A penguin is a type of,20,7.590663,1,[7.671027660369873],[-4.262972354888916],207,[3.60398530960083],[1.7657194137573242],-3.2286837,-7.295726,correct,True,-3.2286837,-7.295726,correct,True,-3.2286837,-7.295726,correct,True
animals,3,Atypical,penguin,bird,fish,0.9259259259,A penguin is a type of,What kind of animal is a penguin?,A penguin is a type of,21,7.471398,5,[6.900784015655518],[1.4117757081985474],183,[3.7440569400787354],[2.9997828006744385],-4.01775,-7.174477,correct,True,-4.01775,-7.174477,correct,True,-4.01775,-7.174477,correct,True
animals,3,Atypical,penguin,bird,fish,0.9259259259,A penguin is a type of,What kind of animal is a penguin?,A penguin is a type of,22,7.697202,3,[7.2085137367248535],[4.316662788391113],120,[4.240701675415039],[4.05601692199707],-3.8238828,-6.7916946,correct,True,-3.8238828,-6.7916946,correct,True,-3.8238828,-6.7916946,correct,True
animals,3,Atypical,penguin,bird,fish,0.9259259259,A penguin is a type of,What kind of animal is a penguin?,A penguin is a type of,23,3.6686215,1,[13.988668441772461],,12,[9.62071704864502],,-0.9125903,-5.280542,correct,True,-0.9125903,-5.280542,correct,True,-0.9125903,-5.280542,correct,True
animals,4,Atypical,butterfly,insect,bird,0.9814814815,A butterfly is a type of,What kind of animal is a butterfly?,A butterfly is a type of,0,9.263951,42417,[-2.4960861206054688],[-1.4812711477279663],16247,[0.03521960228681564],[2.2099456787109375],-14.07373,-11.542425,incorrect,False,-14.07373,-11.542425,incorrect,False,-14.07373,-11.542425,incorrect,False
animals,4,Atypical,butterfly,insect,bird,0.9814814815,A butterfly is a type of,What kind of animal is a butterfly?,A butterfly is a type of,1,9.02677,44927,[-2.9376907348632812],[-0.2451453059911728],8952,[1.0904515981674194],[-4.68789529800415],-14.903917,-10.875774,incorrect,False,-14.903917,-10.875774,incorrect,False,-14.903917,-10.875774,incorrect,False
animals,4,Atypical,butterfly,insect,bird,0.9814814815,A butterfly is a type of,What kind of animal is a butterfly?,A butterfly is a type of,2,8.7197275,42612,[-2.6720166206359863],[-3.5380234718322754],28464,[-0.9491941332817078],[-0.5454928874969482],-14.844357,-13.121534,incorrect,False,-14.844357,-13.121534,incorrect,False,-14.844357,-13.121534,incorrect,False
animals,4,Atypical,butterfly,insect,bird,0.9814814815,A butterfly is a type of,What kind of animal is a butterfly?,A butterfly is a type of,3,8.453848,46544,[-3.7358672618865967],[-0.5379143953323364],28174,[-1.0186245441436768],[-0.6347286701202393],-16.003387,-13.286143,incorrect,False,-16.003387,-13.286143,incorrect,False,-16.003387,-13.286143,incorrect,False
animals,4,Atypical,butterfly,insect,bird,0.9814814815,A butterfly is a type of,What kind of animal is a butterfly?,A butterfly is a type of,4,8.459532,46387,[-3.673208475112915],[1.4588143825531006],30608,[-1.1797505617141724],[-0.3852526545524597],-16.159132,-13.665675,incorrect,False,-16.159132,-13.665675,incorrect,False,-16.159132,-13.665675,incorrect,False
animals,4,Atypical,butterfly,insect,bird,0.9814814815,A butterfly is a type of,What kind of animal is a butterfly?,A butterfly is a type of,5,8.375245,40440,[-2.613370656967163],[-1.293007254600525],28952,[-1.1937813758850098],[-0.06661874800920486],-14.931295,-13.511705,incorrect,False,-14.931295,-13.511705,incorrect,False,-14.931295,-13.511705,incorrect,False
animals,4,Atypical,butterfly,insect,bird,0.9814814815,A butterfly is a type of,What kind of animal is a butterfly?,A butterfly is a type of,6,8.406294,41049,[-3.023308515548706],[0.8462648987770081],25345,[-1.1503573656082153],[4.667640209197998],-15.103516,-13.230566,incorrect,False,-15.103516,-13.230566,incorrect,False,-15.103516,-13.230566,incorrect,False
animals,4,Atypical,butterfly,insect,bird,0.9814814815,A butterfly is a type of,What kind of animal is a butterfly?,A butterfly is a type of,7,8.246981,35006,[-2.3161425590515137],[1.4271814823150635],8000,[0.8625612258911133],[0.23141014575958252],-14.23264,-11.053936,incorrect,False,-14.23264,-11.053936,incorrect,False,-14.23264,-11.053936,incorrect,False
animals,4,Atypical,butterfly,insect,bird,0.9814814815,A butterfly is a type of,What kind of animal is a butterfly?,A butterfly is a type of,8,7.741001,26744,[-1.7396572828292847],[2.2338573932647705],6079,[0.9999674558639526],[2.6721906661987305],-13.640601,-10.900976,incorrect,False,-13.640601,-10.900976,incorrect,False,-13.640601,-10.900976,incorrect,False
animals,4,Atypical,butterfly,insect,bird,0.9814814815,A butterfly is a type of,What kind of animal is a butterfly?,A butterfly is a type of,9,8.10526,17976,[-0.8530204892158508],[-1.1251434087753296],2533,[1.9519215822219849],[0.3848324716091156],-12.567859,-9.762917,incorrect,False,-12.567859,-9.762917,incorrect,False,-12.567859,-9.762917,incorrect,False
animals,4,Atypical,butterfly,insect,bird,0.9814814815,A butterfly is a type of,What kind of animal is a butterfly?,A butterfly is a type of,10,7.584234,15890,[-1.1095755100250244],[2.3177783489227295],1772,[2.0003535747528076],[5.135183811187744],-12.683123,-9.573194,incorrect,False,-12.683123,-9.573194,incorrect,False,-12.683123,-9.573194,incorrect,False
animals,4,Atypical,butterfly,insect,bird,0.9814814815,A butterfly is a type of,What kind of animal is a butterfly?,A butterfly is a type of,11,8.15439,9380,[-0.11276667565107346],[1.1462689638137817],275,[3.755678415298462],[-0.6508703827857971],-11.451089,-7.5826435,incorrect,False,-11.451089,-7.5826435,incorrect,False,-11.451089,-7.5826435,incorrect,False
animals,4,Atypical,butterfly,insect,bird,0.9814814815,A butterfly is a type of,What kind of animal is a butterfly?,A butterfly is a type of,12,8.103584,5852,[0.32966122031211853],[1.7353240251541138],424,[3.2318737506866455],[2.7521142959594727],-10.865455,-7.9632425,incorrect,False,-10.865455,-7.9632425,incorrect,False,-10.865455,-7.9632425,incorrect,False
animals,4,Atypical,butterfly,insect,bird,0.9814814815,A butterfly is a type of,What kind of animal is a butterfly?,A butterfly is a type of,13,8.098247,3214,[0.8661512136459351],[9.690788269042969],164,[3.719736099243164],[9.100810050964355],-10.137053,-7.2834673,incorrect,False,-10.137053,-7.2834673,incorrect,False,-10.137053,-7.2834673,incorrect,False
animals,4,Atypical,butterfly,insect,bird,0.9814814815,A butterfly is a type of,What kind of animal is a butterfly?,A butterfly is a type of,14,8.075802,231,[3.5211093425750732],[7.144472599029541],11,[5.852846145629883],[4.607336521148682],-7.399454,-5.067717,incorrect,False,-7.399454,-5.067717,incorrect,False,-7.399454,-5.067717,incorrect,False
animals,4,Atypical,butterfly,insect,bird,0.9814814815,A butterfly is a type of,What kind of animal is a butterfly?,A butterfly is a type of,15,8.306435,36,[4.9624457359313965],[16.526851654052734],7,[6.427041530609131],[9.513965606689453],-6.0984077,-4.633812,incorrect,False,-6.0984077,-4.633812,incorrect,False,-6.0984077,-4.633812,incorrect,False
animals,4,Atypical,butterfly,insect,bird,0.9814814815,A butterfly is a type of,What kind of animal is a butterfly?,A butterfly is a type of,16,6.78226,3,[8.5386381149292],[5.461428165435791],5,[7.953258991241455],[2.681366443634033],-2.889343,-3.4747221,correct,True,-2.889343,-3.4747221,correct,True,-2.889343,-3.4747221,correct,True
animals,4,Atypical,butterfly,insect,bird,0.9814814815,A butterfly is a type of,What kind of animal is a butterfly?,A butterfly is a type of,17,6.800953,2,[8.704864501953125],[4.031196594238281],6,[7.639352321624756],[3.96112060546875],-2.744623,-3.8101351,correct,True,-2.744623,-3.8101351,correct,True,-2.744623,-3.8101351,correct,True
animals,4,Atypical,butterfly,insect,bird,0.9814814815,A butterfly is a type of,What kind of animal is a butterfly?,A butterfly is a type of,18,6.7032394,3,[8.41319465637207],[4.229434967041016],7,[7.4691948890686035],[2.9412736892700195],-2.8552835,-3.7992833,correct,True,-2.8552835,-3.7992833,correct,True,-2.8552835,-3.7992833,correct,True
animals,4,Atypical,butterfly,insect,bird,0.9814814815,A butterfly is a type of,What kind of animal is a butterfly?,A butterfly is a type of,19,7.1937823,1,[8.170387268066406],[0.35062190890312195],7,[7.095249652862549],[-3.400066614151001],-2.8829803,-3.958118,correct,True,-2.8829803,-3.958118,correct,True,-2.8829803,-3.958118,correct,True
animals,4,Atypical,butterfly,insect,bird,0.9814814815,A butterfly is a type of,What kind of animal is a butterfly?,A butterfly is a type of,20,7.428205,1,[7.872341156005859],[-5.9238057136535645],12,[6.265986442565918],[-7.270345687866211],-3.1086297,-4.7149844,correct,True,-3.1086297,-4.7149844,correct,True,-3.1086297,-4.7149844,correct,True
animals,4,Atypical,butterfly,insect,bird,0.9814814815,A butterfly is a type of,What kind of animal is a butterfly?,A butterfly is a type of,21,7.6633015,4,[6.807063579559326],[-0.4965307116508484],40,[5.024092674255371],[2.786686420440674],-4.046525,-5.8294964,correct,True,-4.046525,-5.8294964,correct,True,-4.046525,-5.8294964,correct,True
animals,4,Atypical,butterfly,insect,bird,0.9814814815,A butterfly is a type of,What kind of animal is a butterfly?,A butterfly is a type of,22,7.6167765,3,[6.833797454833984],[4.0997185707092285],25,[5.5349931716918945],[3.833695888519287],-4.1772194,-5.4760237,correct,True,-4.1772194,-5.4760237,correct,True,-4.1772194,-5.4760237,correct,True
animals,4,Atypical,butterfly,insect,bird,0.9814814815,A butterfly is a type of,What kind of animal is a butterfly?,A butterfly is a type of,23,4.119704,1,[13.34419059753418],,5,[11.2100191116333],,-1.4506359,-3.5848074,correct,True,-1.4506359,-3.5848074,correct,True,-1.4506359,-3.5848074,correct,True
animals,5,Atypical,sea lion,mammal,fish,0.9074074074,A sea lion is a type of,What kind of animal is a sea lion?,A sea lion is a type of,0,9.249285,38200,"[-2.036121368408203, 10.92342758178711]","[1.2108594179153442, 3.5425238609313965]",13537,[0.23573563992977142],[-0.6468768119812012],-7.6880465,-11.286538,correct,True,-15.376093,-11.286538,incorrect,False,-13.558395,-11.286538,incorrect,False
animals,5,Atypical,sea lion,mammal,fish,0.9074074074,A sea lion is a type of,What kind of animal is a sea lion?,A sea lion is a type of,1,8.994186,31701,"[-1.2742236852645874, 10.167511940002441]","[-3.5638229846954346, 3.218979835510254]",18465,[-0.05101500079035759],[-1.5461528301239014],-7.6085873,-11.961285,correct,True,-15.217175,-11.961285,incorrect,False,-13.184493,-11.961285,incorrect,False
animals,5,Atypical,sea lion,mammal,fish,0.9074074074,A sea lion is a type of,What kind of animal is a sea lion?,A sea lion is a type of,2,8.69779,41160,"[-2.53700590133667, 9.938447952270508]","[0.09637729078531265, 3.9628922939300537]",24622,[-0.6790738701820374],[-1.030247688293457],-8.40614,-12.764055,correct,True,-16.81228,-12.764055,incorrect,False,-14.621986,-12.764055,incorrect,False
animals,5,Atypical,sea lion,mammal,fish,0.9074074074,A sea lion is a type of,What kind of animal is a sea lion?,A sea lion is a type of,3,8.456936,38781,"[-2.080655336380005, 10.310075759887695]","[-3.505357027053833, 11.06950855255127]",29326,[-0.9985301494598389],[-3.1769309043884277],-8.248045,-13.340588,correct,True,-16.49609,-13.340588,incorrect,False,-14.422712,-13.340588,incorrect,False
animals,5,Atypical,sea lion,mammal,fish,0.9074074074,A sea lion is a type of,What kind of animal is a sea lion?,A sea lion is a type of,4,8.46053,45529,"[-3.3179821968078613, 12.86726188659668]","[2.673316240310669, 5.095330238342285]",40089,[-2.2497763633728027],[-2.2011826038360596],-8.17446,-14.769538,correct,True,-16.34892,-14.769538,incorrect,False,-15.837743,-14.769538,incorrect,False
animals,5,Atypical,sea lion,mammal,fish,0.9074074074,A sea lion is a type of,What kind of animal is a sea lion?,A sea lion is a type of,5,8.35392,35128,"[-1.7026668787002563, 13.418498039245605]","[2.344611644744873, 1.4376400709152222]",43950,[-3.0311431884765625],[3.1039793491363525],-7.2367,-15.440389,correct,True,-14.4734,-15.440389,correct,True,-14.111913,-15.440389,correct,True
animals,5,Atypical,sea lion,mammal,fish,0.9074074074,A sea lion is a type of,What kind of animal is a sea lion?,A sea lion is a type of,6,8.345667,22265,"[-0.6075316667556763, 13.40546703338623]","[2.2211172580718994, 3.348604679107666]",33002,[-1.729999303817749],[0.8814732432365417],-6.6222095,-13.991601,correct,True,-13.244419,-13.991601,correct,True,-12.869133,-13.991601,correct,True
animals,5,Atypical,sea lion,mammal,fish,0.9074074074,A sea lion is a type of,What kind of animal is a sea lion?,A sea lion is a type of,7,8.116764,12657,"[0.432108074426651, 13.829968452453613]","[0.8525868058204651, 4.9601149559021]",27918,[-1.2159945964813232],[1.9019873142242432],-6.0391083,-13.377934,correct,True,-12.078217,-13.377934,correct,True,-11.729832,-13.377934,correct,True
animals,5,Atypical,sea lion,mammal,fish,0.9074074074,A sea lion is a type of,What kind of animal is a sea lion?,A sea lion is a type of,8,7.172774,7628,"[0.8516599535942078, 14.782062530517578]","[0.7300847768783569, 3.0024023056030273]",17756,[-0.5429423451423645],[2.704033136367798],-5.694667,-12.642475,correct,True,-11.389334,-12.642475,correct,True,-11.247873,-12.642475,correct,True
animals,5,Atypical,sea lion,mammal,fish,0.9074074074,A sea lion is a type of,What kind of animal is a sea lion?,A sea lion is a type of,9,8.235077,5186,"[1.2113271951675415, 15.593191146850586]","[0.5886901021003723, 6.241102695465088]",9286,[0.43009281158447266],[2.029794216156006],-5.313062,-11.319938,correct,True,-10.626124,-11.319938,correct,True,-10.538703,-11.319938,correct,True
animals,5,Atypical,sea lion,mammal,fish,0.9074074074,A sea lion is a type of,What kind of animal is a sea lion?,A sea lion is a type of,10,7.9761724,3012,"[1.4427344799041748, 16.54005241394043]","[2.118818759918213, 1.5895990133285522]",3943,[1.1028293371200562],[1.7495499849319458],-5.0302415,-10.353483,correct,True,-10.060483,-10.353483,correct,True,-10.013577,-10.353483,correct,True
animals,5,Atypical,sea lion,mammal,fish,0.9074074074,A sea lion is a type of,What kind of animal is a sea lion?,A sea lion is a type of,11,8.563357,1281,"[2.1738839149475098, 15.55132007598877]","[1.608560562133789, 0.4991241991519928]",2148,[1.6570595502853394],[3.352297782897949],-4.5462947,-9.522448,correct,True,-9.092589,-9.522448,correct,True,-9.005624,-9.522448,correct,True
animals,5,Atypical,sea lion,mammal,fish,0.9074074074,A sea lion is a type of,What kind of animal is a sea lion?,A sea lion is a type of,12,8.479109,668,"[2.5827198028564453, 14.272140502929688]","[2.2550601959228516, 1.4544973373413086]",638,[2.618483543395996],[0.24488724768161774],-4.3244095,-8.426731,correct,True,-8.648819,-8.426731,incorrect,False,-8.462496,-8.426731,incorrect,False
animals,5,Atypical,sea lion,mammal,fish,0.9074074074,A sea lion is a type of,What kind of animal is a sea lion?,A sea lion is a type of,13,8.700924,304,"[3.029188394546509, 13.61019515991211]","[7.057164192199707, 2.987023115158081]",639,[2.3957483768463135],[14.776922225952148],-4.0318856,-8.445875,correct,True,-8.063771,-8.445875,correct,True,-7.812434,-8.445875,correct,True
animals,5,Atypical,sea lion,mammal,fish,0.9074074074,A sea lion is a type of,What kind of animal is a sea lion?,A sea lion is a type of,14,7.8986535,36,"[4.872682571411133, 13.36540412902832]","[2.870849609375, 4.623459339141846]",3,[6.641087055206299],[2.529038190841675],-3.1885183,-4.380412,correct,True,-6.3770366,-4.380412,incorrect,False,-6.148817,-4.380412,incorrect,False
animals,5,Atypical,sea lion,mammal,fish,0.9074074074,A sea lion is a type of,What kind of animal is a sea lion?,A sea lion is a type of,15,7.7685885,23,"[5.303427696228027, 13.53796100616455]","[5.876018524169922, 7.8278727531433105]",4,[6.783435344696045],[11.922626495361328],-3.0885422,-4.5360494,correct,True,-6.1770844,-4.5360494,incorrect,False,-6.016057,-4.5360494,incorrect,False
animals,5,Atypical,sea lion,mammal,fish,0.9074074074,A sea lion is a type of,What kind of animal is a sea lion?,A sea lion is a type of,16,3.418774,23,"[6.425736904144287, 14.387990951538086]","[-2.1758270263671875, 6.644864082336426]",4,[9.384517669677734],[2.368569850921631],-3.2621043,-3.4610128,correct,True,-6.5242085,-3.4610128,incorrect,False,-6.4197936,-3.4610128,incorrect,False
animals,5,Atypical,sea lion,mammal,fish,0.9074074074,A sea lion is a type of,What kind of animal is a sea lion?,A sea lion is a type of,17,3.792635,62,"[5.310710906982422, 14.97501277923584]","[1.0646322965621948, 1.1726303100585938]",3,[8.969409942626953],[-1.324458360671997],-3.6281085,-3.5269103,incorrect,False,-7.256217,-3.5269103,incorrect,False,-7.1856093,-3.5269103,incorrect,False
animals,5,Atypical,sea lion,mammal,fish,0.9074074074,A sea lion is a type of,What kind of animal is a sea lion?,A sea lion is a type of,18,4.396559,77,"[5.055768013000488, 14.122634887695312]","[-0.6015137434005737, 5.071026802062988]",3,[7.785932540893555],[-0.7593852281570435],-3.5949454,-4.3170195,correct,True,-7.189891,-4.3170195,incorrect,False,-7.047184,-4.3170195,incorrect,False
animals,5,Atypical,sea lion,mammal,fish,0.9074074074,A sea lion is a type of,What kind of animal is a sea lion?,A sea lion is a type of,19,5.433808,132,"[4.314970970153809, 13.547947883605957]","[3.009376049041748, -2.455716848373413]",13,[6.63838005065918],[2.7480409145355225],-3.7493792,-5.0444975,correct,True,-7.4987583,-5.0444975,incorrect,False,-7.3679066,-5.0444975,incorrect,False
animals,5,Atypical,sea lion,mammal,fish,0.9074074074,A sea lion is a type of,What kind of animal is a sea lion?,A sea lion is a type of,20,5.1198945,93,"[4.738231658935547, 13.278218269348145]","[0.06320545077323914, 7.256851673126221]",8,[6.892162799835205],[-4.887892723083496],-3.5923443,-4.887493,correct,True,-7.1846886,-4.887493,incorrect,False,-7.041424,-4.887493,incorrect,False
animals,5,Atypical,sea lion,mammal,fish,0.9074074074,A sea lion is a type of,What kind of animal is a sea lion?,A sea lion is a type of,21,6.6233926,106,"[4.689427375793457, 14.636750221252441]","[0.6446838974952698, 8.244139671325684]",32,[5.799191951751709],[2.31613826751709],-3.3571682,-5.5750494,correct,True,-6.7143364,-5.5750494,incorrect,False,-6.6848145,-5.5750494,incorrect,False
animals,5,Atypical,sea lion,mammal,fish,0.9074074074,A sea lion is a type of,What kind of animal is a sea lion?,A sea lion is a type of,22,6.527831,98,"[4.883519172668457, 17.701631546020508]","[3.5933339595794678, 2.598459243774414]",25,[6.255729675292969],[3.27443528175354],-3.3396451,-5.304514,correct,True,-6.6792903,-5.304514,incorrect,False,-6.6767244,-5.304514,incorrect,False
animals,5,Atypical,sea lion,mammal,fish,0.9074074074,A sea lion is a type of,What kind of animal is a sea lion?,A sea lion is a type of,23,3.4465168,12,"[11.199366569519043, 27.01344108581543]",,5,[12.479249000549316],,-2.295302,-3.3104587,correct,True,-4.590604,-3.3104587,incorrect,False,-4.590341,-3.3104587,incorrect,False
animals,6,Atypical,whale,mammal,fish,0.8055555556,A whale is a type of,What kind of animal is a whale?,A whale is a type of,0,9.249266,40856,"[-2.354795217514038, 10.816508293151855]","[1.798566222190857, 3.5360283851623535]",15311,[0.06546411663293839],[-0.2596425712108612],-7.868013,-11.461504,correct,True,-15.736026,-11.461504,incorrect,False,-13.881763,-11.461504,incorrect,False
animals,6,Atypical,whale,mammal,fish,0.8055555556,A whale is a type of,What kind of animal is a whale?,A whale is a type of,1,8.9921875,32085,"[-1.3100347518920898, 9.932446479797363]","[-2.916003942489624, 3.1661505699157715]",18437,[-0.039113905280828476],[-0.8927448987960815],-7.704561,-11.965802,correct,True,-15.409122,-11.965802,incorrect,False,-13.236723,-11.965802,incorrect,False
animals,6,Atypical,whale,mammal,fish,0.8055555556,A whale is a type of,What kind of animal is a whale?,A whale is a type of,2,8.633778,40172,"[-2.3319523334503174, 9.718276977539062]","[-0.28221452236175537, 5.525826454162598]",22403,[-0.40576308965682983],[-1.0799182653427124],-8.419176,-12.588699,correct,True,-16.838352,-12.588699,incorrect,False,-14.514889,-12.588699,incorrect,False
animals,6,Atypical,whale,mammal,fish,0.8055555556,A whale is a type of,What kind of animal is a whale?,A whale is a type of,3,8.297937,37268,"[-2.0705795288085938, 10.46804141998291]","[-3.413857936859131, 10.64887523651123]",25573,[-0.7943761944770813],[-3.9422504901885986],-8.0998955,-13.065789,correct,True,-16.199791,-13.065789,incorrect,False,-14.341992,-13.065789,incorrect,False
animals,6,Atypical,whale,mammal,fish,0.8055555556,A whale is a type of,What kind of animal is a whale?,A whale is a type of,4,8.425509,44681,"[-3.308121919631958, 13.203764915466309]","[2.324425458908081, 5.544144153594971]",39918,[-2.4218006134033203],[-1.612029790878296],-8.06066,-14.854147,correct,True,-16.12132,-14.854147,incorrect,False,-15.740469,-14.854147,incorrect,False
animals,6,Atypical,whale,mammal,fish,0.8055555556,A whale is a type of,What kind of animal is a whale?,A whale is a type of,5,8.427134,34729,"[-1.7331866025924683, 13.98011302947998]","[1.0357880592346191, 1.7798064947128296]",42852,[-2.906439781188965],[2.276228666305542],-7.1756597,-15.280981,correct,True,-14.351319,-15.280981,correct,True,-14.107728,-15.280981,correct,True
animals,6,Atypical,whale,mammal,fish,0.8055555556,A whale is a type of,What kind of animal is a whale?,A whale is a type of,6,8.251458,26751,"[-1.2108534574508667, 13.982403755187988]","[2.0510048866271973, 5.7121052742004395]",34124,[-2.009110450744629],[0.8006007671356201],-6.822472,-14.195117,correct,True,-13.644944,-14.195117,correct,True,-13.39686,-14.195117,correct,True
animals,6,Atypical,whale,mammal,fish,0.8055555556,A whale is a type of,What kind of animal is a whale?,A whale is a type of,7,7.356323,16544,"[-0.2252543568611145, 15.026156425476074]","[3.1576735973358154, 4.05910062789917]",28796,[-1.5268161296844482],[2.6179511547088623],-6.2796655,-13.724944,correct,True,-12.559331,-13.724944,correct,True,-12.423382,-13.724944,correct,True
animals,6,Atypical,whale,mammal,fish,0.8055555556,A whale is a type of,What kind of animal is a whale?,A whale is a type of,8,6.7575397,6743,"[1.0563098192214966, 15.448027610778809]","[2.1157665252685547, 1.606427550315857]",17823,[-0.5414989590644836],[3.5526695251464844],-5.6331973,-12.787123,correct,True,-11.266395,-12.787123,correct,True,-11.189314,-12.787123,correct,True
animals,6,Atypical,whale,mammal,fish,0.8055555556,A whale is a type of,What kind of animal is a whale?,A whale is a type of,9,8.102703,3070,"[1.9227443933486938, 15.804003715515137]","[-1.660873532295227, 6.306811809539795]",7609,[0.7974445223808289],[2.3610715866088867],-5.011643,-11.082255,correct,True,-10.023286,-11.082255,correct,True,-9.956955,-11.082255,correct,True
animals,6,Atypical,whale,mammal,fish,0.8055555556,A whale is a type of,What kind of animal is a whale?,A whale is a type of,10,7.6975307,3263,"[1.3416237831115723, 16.662029266357422]","[3.916898488998413, 1.7905884981155396]",2645,[1.577121615409851],[2.62504506111145],-5.134936,-9.997913,correct,True,-10.269872,-9.997913,incorrect,False,-10.233412,-9.997913,incorrect,False
animals,6,Atypical,whale,mammal,fish,0.8055555556,A whale is a type of,What kind of animal is a whale?,A whale is a type of,11,8.0868635,828,"[2.7462844848632812, 15.702095031738281]","[0.5464221239089966, 0.23354031145572662]",1134,[2.417886972427368],[1.8147889375686646],-4.3539667,-8.97468,correct,True,-8.707933,-8.97468,correct,True,-8.646283,-8.97468,correct,True
animals,6,Atypical,whale,mammal,fish,0.8055555556,A whale is a type of,What kind of animal is a whale?,A whale is a type of,12,7.806403,658,"[2.741685628890991, 14.284005165100098]","[3.611722230911255, 2.3119008541107178]",613,[2.8107151985168457],[1.2360464334487915],-4.33796,-8.441484,correct,True,-8.67592,-8.441484,incorrect,False,-8.510513,-8.441484,incorrect,False
animals,6,Atypical,whale,mammal,fish,0.8055555556,A whale is a type of,What kind of animal is a whale?,A whale is a type of,13,7.9697585,219,"[3.5153815746307373, 13.813499450683594]","[5.3261308670043945, 4.534008979797363]",470,[2.822141408920288],[12.743457794189453],-3.867065,-8.205335,correct,True,-7.73413,-8.205335,correct,True,-7.5120945,-8.205335,correct,True
animals,6,Atypical,whale,mammal,fish,0.8055555556,A whale is a type of,What kind of animal is a whale?,A whale is a type of,14,7.899505,61,"[4.677608013153076, 13.895055770874023]","[2.5058562755584717, 2.097968816757202]",11,[6.196385860443115],[3.658141613006592],-3.2695308,-4.863344,correct,True,-6.5390615,-4.863344,incorrect,False,-6.382122,-4.863344,incorrect,False
animals,6,Atypical,whale,mammal,fish,0.8055555556,A whale is a type of,What kind of animal is a whale?,A whale is a type of,15,8.008001,45,"[4.98460578918457, 13.373653411865234]","[11.265130996704102, 8.717570304870605]",5,[6.624483108520508],[13.954676628112793],-3.1942754,-4.5626183,correct,True,-6.3885508,-4.5626183,incorrect,False,-6.2024956,-4.5626183,incorrect,False
animals,6,Atypical,whale,mammal,fish,0.8055555556,A whale is a type of,What kind of animal is a whale?,A whale is a type of,16,4.685495,13,"[7.390101909637451, 14.2213773727417]","[-0.27095213532447815, 4.230262279510498]",4,[9.495887756347656],[5.621571063995361],-2.510207,-2.8016486,correct,True,-5.020414,-2.8016486,incorrect,False,-4.9074345,-2.8016486,incorrect,False
animals,6,Atypical,whale,mammal,fish,0.8055555556,A whale is a type of,What kind of animal is a whale?,A whale is a type of,17,5.140188,19,"[6.517970085144043, 14.205154418945312]","[5.3995747566223145, 1.4127780199050903]",3,[9.65290641784668],[2.638792037963867],-2.8520877,-2.4548302,incorrect,False,-5.7041755,-2.4548302,incorrect,False,-5.5897665,-2.4548302,incorrect,False
animals,6,Atypical,whale,mammal,fish,0.8055555556,A whale is a type of,What kind of animal is a whale?,A whale is a type of,18,5.940412,12,"[6.921571731567383, 13.483052253723145]","[1.157105803489685, 5.273996353149414]",4,[8.993346214294434],[0.8263949155807495],-2.4789484,-2.6967363,correct,True,-4.9578967,-2.6967363,incorrect,False,-4.768511,-2.6967363,incorrect,False
animals,6,Atypical,whale,mammal,fish,0.8055555556,A whale is a type of,What kind of animal is a whale?,A whale is a type of,19,6.5439076,17,"[6.284880638122559, 13.039326667785645]","[3.610011577606201, -1.8284093141555786]",4,[7.997848033905029],[3.989654541015625],-2.6431463,-3.4050655,correct,True,-5.2862926,-3.4050655,incorrect,False,-5.118033,-3.4050655,incorrect,False
animals,6,Atypical,whale,mammal,fish,0.8055555556,A whale is a type of,What kind of animal is a whale?,A whale is a type of,20,6.360719,11,"[6.6635422706604, 12.933618545532227]","[0.7347711324691772, 7.940808296203613]",3,[8.336145401000977],[-4.49152946472168],-2.477164,-3.1134562,correct,True,-4.954328,-3.1134562,incorrect,False,-4.7860594,-3.1134562,incorrect,False
animals,6,Atypical,whale,mammal,fish,0.8055555556,A whale is a type of,What kind of animal is a whale?,A whale is a type of,21,6.8358216,14,"[6.685483455657959, 14.401301383972168]","[1.945939302444458, 7.843297481536865]",6,[7.350619316101074],[0.9413944482803345],-2.32247,-3.942617,correct,True,-4.64494,-3.942617,incorrect,False,-4.607753,-3.942617,incorrect,False
animals,6,Atypical,whale,mammal,fish,0.8055555556,A whale is a type of,What kind of animal is a whale?,A whale is a type of,22,6.818164,9,"[7.115270137786865, 17.533016204833984]","[4.4683756828308105, 3.3732683658599854]",4,[7.55867862701416],[4.002435684204102],-2.1788337,-3.910491,correct,True,-4.3576674,-3.910491,incorrect,False,-4.3538995,-3.910491,incorrect,False
animals,6,Atypical,whale,mammal,fish,0.8055555556,A whale is a type of,What kind of animal is a whale?,A whale is a type of,23,3.7000408,1,"[13.781177520751953, 25.714290618896484]",,2,[13.641738891601562],,-0.8448691,-1.8284656,correct,True,-1.6897382,-1.8284656,correct,True,-1.689027,-1.8284656,correct,True
animals,7,Typical,alligator,reptile,mammal,0.962962963,An alligator is a type of,What kind of animal is an alligator?,An alligator is a type of,0,9.221919,24249,"[-0.7621872425079346, 13.268001556396484]","[1.60201096534729, 4.503746032714844]",38847,"[-2.1723177433013916, 10.640600204467773]","[1.2962346076965332, 5.03609037399292]",-6.36676,-7.876362,correct,True,-12.73352,-15.752724,correct,True,-12.277128,-13.68726,correct,True
animals,7,Typical,alligator,reptile,mammal,0.962962963,An alligator is a type of,What kind of animal is an alligator?,An alligator is a type of,1,9.006905,17550,"[0.1941579282283783, 12.651931762695312]","[-2.2999491691589355, 2.661017417907715]",33748,"[-1.3226500749588013, 10.332417488098145]","[-3.745260238647461, 2.238455295562744]",-6.1914186,-7.623066,correct,True,-12.382837,-15.246132,correct,True,-11.869131,-13.385939,correct,True
animals,7,Typical,alligator,reptile,mammal,0.962962963,An alligator is a type of,What kind of animal is an alligator?,An alligator is a type of,2,8.731469,24491,"[-0.6477078199386597, 12.113130569458008]","[-5.176783084869385, 0.17515987157821655]",41885,"[-2.6344385147094727, 9.754166603088379]","[0.21732470393180847, 3.7938907146453857]",-6.6737814,-8.519489,correct,True,-13.347563,-17.038979,correct,True,-12.744129,-14.73086,correct,True
animals,7,Typical,alligator,reptile,mammal,0.962962963,An alligator is a type of,What kind of animal is an alligator?,An alligator is a type of,3,8.456129,40144,"[-2.5486531257629395, 11.819266319274902]","[-0.48558932542800903, 4.805953502655029]",37639,"[-2.2020480632781982, 10.053607940673828]","[-2.544977903366089, 11.060197830200195]",-7.741552,-8.310572,correct,True,-15.483104,-16.621143,correct,True,-14.725204,-14.3786,incorrect,False
animals,7,Typical,alligator,reptile,mammal,0.962962963,An alligator is a type of,What kind of animal is an alligator?,An alligator is a type of,4,8.367152,39810,"[-2.469484567642212, 12.69788932800293]","[-0.8910499215126038, 1.5148646831512451]",43209,"[-3.0597972869873047, 12.628841400146484]","[2.8862690925598145, 5.6615166664123535]",-7.6335306,-8.036768,correct,True,-15.267061,-16.073536,correct,True,-14.871876,-15.462189,correct,True
animals,7,Typical,alligator,reptile,mammal,0.962962963,An alligator is a type of,What kind of animal is an alligator?,An alligator is a type of,5,8.362004,39277,"[-2.493741273880005, 12.59935188293457]","[-0.15351621806621552, 2.740954875946045]",30562,"[-1.41995108127594, 13.38923168182373]","[1.645540475845337, -1.3147186040878296]",-7.609323,-7.072892,incorrect,False,-15.218646,-14.145784,incorrect,False,-14.810009,-13.736219,incorrect,False
animals,7,Typical,alligator,reptile,mammal,0.962962963,An alligator is a type of,What kind of animal is an alligator?,An alligator is a type of,6,8.177577,34974,"[-2.3427538871765137, 13.305259704589844]","[-2.411289691925049, 3.183253526687622]",19022,"[-0.6014752984046936, 12.949373245239258]","[3.6753482818603516, 3.7732086181640625]",-7.360843,-6.664102,incorrect,False,-14.721686,-13.328204,incorrect,False,-14.445227,-12.703949,incorrect,False
animals,7,Typical,alligator,reptile,mammal,0.962962963,An alligator is a type of,What kind of animal is an alligator?,An alligator is a type of,7,8.398057,40816,"[-2.92594838142395, 13.236051559448242]","[0.21157601475715637, -4.811095714569092]",7516,"[1.0886234045028687, 13.568073272705078]","[0.5467714071273804, 4.891415596008301]",-7.6069345,-5.72695,incorrect,False,-15.213869,-11.4539,incorrect,False,-14.924379,-10.909808,incorrect,False
animals,7,Typical,alligator,reptile,mammal,0.962962963,An alligator is a type of,What kind of animal is an alligator?,An alligator is a type of,8,8.117802,36874,"[-2.6985883712768555, 11.658552169799805]","[-1.6324305534362793, 0.3333486318588257]",4960,"[1.397987723350525, 14.230751991271973]","[1.4915492534637451, 1.5902613401412964]",-7.815866,-5.378929,incorrect,False,-15.631732,-10.757858,incorrect,False,-14.60801,-10.511435,incorrect,False
animals,7,Typical,alligator,reptile,mammal,0.962962963,An alligator is a type of,What kind of animal is an alligator?,An alligator is a type of,9,8.190133,39140,"[-3.0863075256347656, 12.008317947387695]","[-0.6127129197120667, -2.0638647079467773]",2621,"[2.0056962966918945, 14.584040641784668]","[-1.3732575178146362, 6.579115390777588]",-7.895283,-5.0017457,incorrect,False,-15.790566,-10.003491,incorrect,False,-14.890336,-9.798332,incorrect,False
animals,7,Typical,alligator,reptile,mammal,0.962962963,An alligator is a type of,What kind of animal is an alligator?,An alligator is a type of,10,7.9203415,35031,"[-3.02230167388916, 10.958626747131348]","[6.296748161315918, 1.8603655099868774]",2842,"[1.5446758270263672, 15.53787899017334]","[1.4451568126678467, 1.6187691688537598]",-8.12902,-5.0528827,incorrect,False,-16.25804,-10.105765,incorrect,False,-14.565896,-9.998919,incorrect,False
animals,7,Typical,alligator,reptile,mammal,0.962962963,An alligator is a type of,What kind of animal is an alligator?,An alligator is a type of,11,8.166809,11057,"[-0.3413203954696655, 10.75606918334961]","[0.22973684966564178, 2.839750289916992]",1596,"[2.0716230869293213, 14.657678604125977]","[2.3006622791290283, 0.4292665719985962]",-6.632172,-4.732598,incorrect,False,-13.264344,-9.465196,incorrect,False,-11.716372,-9.303429,incorrect,False
animals,7,Typical,alligator,reptile,mammal,0.962962963,An alligator is a type of,What kind of animal is an alligator?,An alligator is a type of,12,8.065723,8952,"[-0.12561896443367004, 10.5350341796875]","[3.19136905670166, 1.3847429752349854]",664,"[2.720247745513916, 13.328153610229492]","[1.4425486326217651, 3.677384614944458]",-6.4361672,-4.428421,incorrect,False,-12.8723345,-8.856842,incorrect,False,-11.362508,-8.516642,incorrect,False
animals,7,Typical,alligator,reptile,mammal,0.962962963,An alligator is a type of,What kind of animal is an alligator?,An alligator is a type of,13,8.090221,3005,"[0.9830403923988342, 10.044580459594727]","[6.471235275268555, 7.838027000427246]",448,"[2.9227135181427, 13.141777992248535]","[4.651182174682617, 3.271768569946289]",-6.0205812,-4.20728,incorrect,False,-12.0411625,-8.41456,incorrect,False,-10.03928,-8.099607,incorrect,False
animals,7,Typical,alligator,reptile,mammal,0.962962963,An alligator is a type of,What kind of animal is an alligator?,An alligator is a type of,14,8.056473,510,"[2.804137706756592, 11.07431411743164]","[9.61113452911377, 1.5348427295684814]",130,"[3.9760053157806396, 12.997947692871094]","[3.2039551734924316, 3.446279287338257]",-4.6404924,-3.6414511,incorrect,False,-9.280985,-7.2829022,incorrect,False,-8.190832,-7.018965,incorrect,False
animals,7,Typical,alligator,reptile,mammal,0.962962963,An alligator is a type of,What kind of animal is an alligator?,An alligator is a type of,15,8.314601,29,"[5.233731269836426, 10.76599407196045]","[17.83090591430664, 9.910140037536621]",71,"[4.528816223144531, 12.87820816040039]","[8.769923210144043, 9.74811840057373]",-3.6953156,-3.4778543,incorrect,False,-7.390631,-6.9557085,incorrect,False,-5.9928923,-6.6978073,correct,True
animals,7,Typical,alligator,reptile,mammal,0.962962963,An alligator is a type of,What kind of animal is an alligator?,An alligator is a type of,16,5.536661,2,"[9.452550888061523, 11.857009887695312]","[-0.9087533354759216, -1.314030647277832]",21,"[6.338356971740723, 13.939739227294922]","[1.3050824403762817, 5.544402122497559]",-1.6669405,-2.8807564,correct,True,-3.333881,-5.7615128,correct,True,-2.5232015,-5.6373954,correct,True
animals,7,Typical,alligator,reptile,mammal,0.962962963,An alligator is a type of,What kind of animal is an alligator?,An alligator is a type of,17,6.9729075,3,"[8.282781600952148, 10.648561477661133]","[0.47321420907974243, 8.45567798614502]",24,"[5.985559940338135, 14.21199893951416]","[-0.3124442994594574, 2.977668523788452]",-2.7711995,-2.8738344,correct,True,-5.542399,-5.7476687,correct,True,-3.339085,-5.636307,correct,True
animals,7,Typical,alligator,reptile,mammal,0.962962963,An alligator is a type of,What kind of animal is an alligator?,An alligator is a type of,18,7.5179996,5,"[7.454480171203613, 11.185507774353027]","[0.37106451392173767, 1.5282984972000122]",46,"[5.233802795410156, 13.77892780303955]","[3.8920199871063232, 5.108687400817871]",-2.568887,-3.0990152,correct,True,-5.137774,-6.1980305,correct,True,-3.832267,-6.052944,correct,True
animals,7,Typical,alligator,reptile,mammal,0.962962963,An alligator is a type of,What kind of animal is an alligator?,An alligator is a type of,19,7.5777555,7,"[6.5635786056518555, 9.979754447937012]","[0.9746387600898743, 3.0764553546905518]",35,"[5.384579658508301, 13.176475524902344]","[4.487415790557861, -1.9264461994171143]",-3.151161,-2.9495707,incorrect,False,-6.302322,-5.8991413,incorrect,False,-4.559256,-5.738255,correct,True
animals,7,Typical,alligator,reptile,mammal,0.962962963,An alligator is a type of,What kind of animal is an alligator?,An alligator is a type of,20,7.315104,9,"[6.468258857727051, 10.513275146484375]","[-4.354550838470459, 2.3785314559936523]",19,"[5.934859752655029, 12.962489128112793]","[1.2462453842163086, 10.631864547729492]",-3.0160348,-2.6992013,incorrect,False,-6.0320697,-5.3984027,incorrect,False,-4.6905537,-5.2239532,correct,True
animals,7,Typical,alligator,reptile,mammal,0.962962963,An alligator is a type of,What kind of animal is an alligator?,An alligator is a type of,21,6.830078,34,"[5.579524040222168, 10.911263465881348]","[1.7247002124786377, 6.024604797363281]",21,"[6.040587902069092, 14.840888977050781]","[-0.24139954149723053, 6.567293167114258]",-3.2720265,-2.6304123,incorrect,False,-6.544053,-5.2608247,incorrect,False,-5.697122,-5.236058,incorrect,False
animals,7,Typical,alligator,reptile,mammal,0.962962963,An alligator is a type of,What kind of animal is an alligator?,An alligator is a type of,22,6.571842,33,"[6.018669605255127, 13.55549144744873]","[6.420029163360596, 6.788918495178223]",32,"[6.093477725982666, 17.545223236083984]","[3.408700704574585, 2.8655383586883545]",-2.8824134,-2.7531967,incorrect,False,-5.764827,-5.5063934,incorrect,False,-5.577752,-5.502944,incorrect,False
animals,7,Typical,alligator,reptile,mammal,0.962962963,An alligator is a type of,What kind of animal is an alligator?,An alligator is a type of,23,3.7195632,1,"[14.341137886047363, 23.640493392944336]",,7,"[11.587713241577148, 26.725727081298828]",,-0.54889303,-1.9025867,correct,True,-1.0977861,-3.8051734,correct,True,-1.0510488,-3.8044734,correct,True
animals,8,Typical,chameleon,reptile,insect,0.9814814815,A chameleon is a type of,What kind of animal is a chameleon?,A chameleon is a type of,0,9.250982,22330,"[-0.5476489067077637, 13.4345703125]","[0.73698490858078, 3.310703754425049]",42105,[-2.53271484375],[-1.7000948190689087],-6.2509117,-14.067753,correct,True,-12.501823,-14.067753,correct,True,-12.082687,-14.067753,correct,True
animals,8,Typical,chameleon,reptile,insect,0.9814814815,A chameleon is a type of,What kind of animal is a chameleon?,A chameleon is a type of,1,9.044703,18706,"[-0.00885366927832365, 12.359679222106934]","[-2.6597466468811035, 2.118411064147949]",45473,[-3.0654656887054443],[0.5793208479881287],-6.301899,-15.018873,correct,True,-12.603798,-15.018873,correct,True,-11.962261,-15.018873,correct,True
animals,8,Typical,chameleon,reptile,insect,0.9814814815,A chameleon is a type of,What kind of animal is a chameleon?,A chameleon is a type of,2,8.725739,28236,"[-0.9747748970985413, 11.742828369140625]","[-6.377487659454346, 0.6742309927940369]",40950,[-2.449791431427002],[-3.3640265464782715],-6.9478254,-14.567574,correct,True,-13.895651,-14.567574,correct,True,-13.092556,-14.567574,correct,True
animals,8,Typical,chameleon,reptile,insect,0.9814814815,A chameleon is a type of,What kind of animal is a chameleon?,A chameleon is a type of,3,8.246653,43847,"[-3.3468079566955566, 11.479360580444336]","[0.10635261982679367, 5.235386848449707]",44377,[-3.4606645107269287],[0.16818417608737946],-8.198675,-15.581974,correct,True,-16.39735,-15.581974,incorrect,False,-15.468118,-15.581974,correct,True
animals,8,Typical,chameleon,reptile,insect,0.9814814815,A chameleon is a type of,What kind of animal is a chameleon?,A chameleon is a type of,4,8.343014,42013,"[-2.9248576164245605, 12.323456764221191]","[0.43450334668159485, 0.2979322075843811]",42914,[-3.0823094844818115],[1.4658926725387573],-7.874404,-15.4048,correct,True,-15.748808,-15.4048,incorrect,False,-15.247348,-15.4048,correct,True
animals,8,Typical,chameleon,reptile,insect,0.9814814815,A chameleon is a type of,What kind of animal is a chameleon?,A chameleon is a type of,5,8.340055,37287,"[-2.260988712310791, 11.840692520141602]","[-1.673072099685669, 4.220267295837402]",35242,[-2.0062437057495117],[-2.2678568363189697],-7.587181,-14.253462,correct,True,-15.174362,-14.253462,incorrect,False,-14.508207,-14.253462,incorrect,False
animals,8,Typical,chameleon,reptile,insect,0.9814814815,A chameleon is a type of,What kind of animal is a chameleon?,A chameleon is a type of,6,8.1863165,38593,"[-2.751251220703125, 12.998613357543945]","[-1.8804123401641846, 5.328085422515869]",39165,[-2.833787441253662],[1.4866832494735718],-7.580394,-14.9298935,correct,True,-15.160788,-14.9298935,incorrect,False,-14.847359,-14.9298935,correct,True
animals,8,Typical,chameleon,reptile,insect,0.9814814815,A chameleon is a type of,What kind of animal is a chameleon?,A chameleon is a type of,7,8.245682,41384,"[-3.11826491355896, 13.621912002563477]","[-0.3402418792247772, -4.463734149932861]",32040,[-1.855421543121338],[0.9197877049446106],-7.6776643,-13.876379,correct,True,-15.355329,-13.876379,incorrect,False,-15.139223,-13.876379,incorrect,False
animals,8,Typical,chameleon,reptile,insect,0.9814814815,A chameleon is a type of,What kind of animal is a chameleon?,A chameleon is a type of,8,7.569904,38633,"[-3.102160930633545, 12.171067237854004]","[-0.9355518221855164, -0.1930653303861618]",24566,[-1.4635175466537476],[1.7339391708374023],-7.921207,-13.460661,correct,True,-15.842414,-13.460661,incorrect,False,-15.099306,-13.460661,incorrect,False
animals,8,Typical,chameleon,reptile,insect,0.9814814815,A chameleon is a type of,What kind of animal is a chameleon?,A chameleon is a type of,9,8.137704,39629,"[-3.261685848236084, 12.53828239440918]","[-0.05988514795899391, -2.1161844730377197]",17652,[-0.7822601199150085],[1.115533471107483],-7.8573394,-12.546925,correct,True,-15.714679,-12.546925,incorrect,False,-15.02635,-12.546925,incorrect,False
animals,8,Typical,chameleon,reptile,insect,0.9814814815,A chameleon is a type of,What kind of animal is a chameleon?,A chameleon is a type of,10,7.7108016,33751,"[-2.9722445011138916, 11.437825202941895]","[4.447905540466309, 0.03439994901418686]",10395,[-0.294482558965683],[2.1560263633728027],-7.91518,-11.872241,correct,True,-15.83036,-11.872241,incorrect,False,-14.550003,-11.872241,incorrect,False
animals,8,Typical,chameleon,reptile,insect,0.9814814815,A chameleon is a type of,What kind of animal is a chameleon?,A chameleon is a type of,11,8.123074,15979,"[-0.9833498597145081, 10.773592948913574]","[-0.917047381401062, 3.8530962467193604]",5502,[0.6017419695854187],[1.2563395500183105],-6.9618,-10.769657,correct,True,-13.9236,-10.769657,incorrect,False,-12.35475,-10.769657,incorrect,False
animals,8,Typical,chameleon,reptile,insect,0.9814814815,A chameleon is a type of,What kind of animal is a chameleon?,A chameleon is a type of,12,8.098826,17124,"[-1.0915462970733643, 10.790084838867188]","[2.9012506008148193, 0.6466412544250488]",3433,[1.0299351215362549],[1.004089117050171],-6.8062463,-10.189306,correct,True,-13.612493,-10.189306,incorrect,False,-12.310787,-10.189306,incorrect,False
animals,8,Typical,chameleon,reptile,insect,0.9814814815,A chameleon is a type of,What kind of animal is a chameleon?,A chameleon is a type of,13,7.831556,6603,"[0.04082360491156578, 10.091620445251465]","[6.113790035247803, 6.3568549156188965]",2249,[1.281708836555481],[4.100254058837891],-6.4410963,-9.774513,correct,True,-12.882193,-9.774513,incorrect,False,-11.015398,-9.774513,incorrect,False
animals,8,Typical,chameleon,reptile,insect,0.9814814815,A chameleon is a type of,What kind of animal is a chameleon?,A chameleon is a type of,14,7.840989,1260,"[1.8139897584915161, 10.71655559539795]","[8.828839302062988, 2.4427077770233154]",809,[2.309499502182007],[6.2786102294921875],-5.187383,-8.647988,correct,True,-10.374766,-8.647988,incorrect,False,-9.143498,-8.647988,incorrect,False
animals,8,Typical,chameleon,reptile,insect,0.9814814815,A chameleon is a type of,What kind of animal is a chameleon?,A chameleon is a type of,15,7.962172,133,"[4.074123859405518, 10.699361801147461]","[10.04312801361084, 10.257979393005371]",176,[3.811464548110962],[8.125624656677246],-4.2168584,-7.325927,correct,True,-8.433717,-7.325927,incorrect,False,-7.063267,-7.325927,correct,True
animals,8,Typical,chameleon,reptile,insect,0.9814814815,A chameleon is a type of,What kind of animal is a chameleon?,A chameleon is a type of,16,7.385413,11,"[6.1013970375061035, 11.867405891418457]","[-1.677588701248169, -1.836940050125122]",31,[5.368028163909912],[3.1842782497406006],-2.964395,-5.9636354,correct,True,-5.92879,-5.9636354,correct,True,-5.2302666,-5.9636354,correct,True
animals,8,Typical,chameleon,reptile,insect,0.9814814815,A chameleon is a type of,What kind of animal is a chameleon?,A chameleon is a type of,17,7.253483,46,"[5.203056812286377, 10.666864395141602]","[0.3056328594684601, 8.768316268920898]",33,[5.449685096740723],[1.1663142442703247],-4.05018,-5.9409513,correct,True,-8.10036,-5.9409513,incorrect,False,-6.187579,-5.9409513,incorrect,False
animals,8,Typical,chameleon,reptile,insect,0.9814814815,A chameleon is a type of,What kind of animal is a chameleon?,A chameleon is a type of,18,7.6352715,79,"[4.577427864074707, 11.23379898071289]","[-1.2112276554107666, 0.04314184933900833]",47,[4.959908962249756],[1.1099679470062256],-3.8537598,-6.1415863,correct,True,-7.7075195,-6.1415863,incorrect,False,-6.524067,-6.1415863,incorrect,False
animals,8,Typical,chameleon,reptile,insect,0.9814814815,A chameleon is a type of,What kind of animal is a chameleon?,A chameleon is a type of,19,7.604663,185,"[3.7762346267700195, 9.759716033935547]","[-0.8819370269775391, 4.025266170501709]",67,[4.552106857299805],[0.9074631333351135],-4.51881,-6.4510684,correct,True,-9.03762,-6.4510684,incorrect,False,-7.2269406,-6.4510684,incorrect,False
animals,8,Typical,chameleon,reptile,insect,0.9814814815,A chameleon is a type of,What kind of animal is a chameleon?,A chameleon is a type of,20,7.332331,242,"[3.5269625186920166, 10.48290729522705]","[0.13947133719921112, 2.5117835998535156]",73,[4.534271240234375],[-0.269265741109848],-4.3872046,-6.4910784,correct,True,-8.774409,-6.4910784,incorrect,False,-7.4983873,-6.4910784,incorrect,False
animals,8,Typical,chameleon,reptile,insect,0.9814814815,A chameleon is a type of,What kind of animal is a chameleon?,A chameleon is a type of,21,7.1209044,256,"[3.4913389682769775, 10.933239936828613]","[3.485102653503418, 5.819620609283447]",92,[4.373266220092773],[2.266610860824585],-4.179269,-6.6898212,correct,True,-8.358538,-6.6898212,incorrect,False,-7.5717487,-6.6898212,incorrect,False
animals,8,Typical,chameleon,reptile,insect,0.9814814815,A chameleon is a type of,What kind of animal is a chameleon?,A chameleon is a type of,22,7.138455,151,"[4.131919860839844, 13.666241645812988]","[4.8556928634643555, 6.577583312988281]",69,[4.776137828826904],[3.6493163108825684],-3.6025343,-6.400613,correct,True,-7.2050686,-6.400613,incorrect,False,-7.044831,-6.400613,incorrect,False
animals,8,Typical,chameleon,reptile,insect,0.9814814815,A chameleon is a type of,What kind of animal is a chameleon?,A chameleon is a type of,23,4.7817764,3,"[11.559057235717773, 23.01430892944336]",,8,[10.931473731994629],,-1.5667918,-3.7152257,correct,True,-3.1335835,-3.7152257,correct,True,-3.0876422,-3.7152257,correct,True
animals,9,Typical,falcon,bird,reptile,0.9722222222,A falcon is a type of,What kind of animal is a falcon?,A falcon is a type of,0,9.255461,16327,[-0.013051794841885567],[1.3729084730148315],24495,"[-0.7259497046470642, 13.274219512939453]","[0.999897837638855, 3.348451614379883]",-11.555798,-6.366911,incorrect,False,-11.555798,-12.733822,correct,True,-11.555798,-12.268696,correct,True
animals,9,Typical,falcon,bird,reptile,0.9722222222,A falcon is a type of,What kind of animal is a falcon?,A falcon is a type of,1,9.025339,12267,[0.671887218952179],[-4.482905864715576],19221,"[-0.04892956092953682, 12.226675987243652]","[-2.7139923572540283, 1.8770650625228882]",-11.302855,-6.354775,incorrect,False,-11.302855,-12.70955,correct,True,-11.302855,-12.023672,correct,True
animals,9,Typical,falcon,bird,reptile,0.9722222222,A falcon is a type of,What kind of animal is a falcon?,A falcon is a type of,2,8.721877,31161,[-1.2602649927139282],[-0.38316187262535095],29047,"[-1.053148627281189, 11.502079963684082]","[-5.2676873207092285, 0.936318576335907]",-13.404133,-7.0478115,incorrect,False,-13.404133,-14.095623,correct,True,-13.404133,-13.197017,incorrect,False
animals,9,Typical,falcon,bird,reptile,0.9722222222,A falcon is a type of,What kind of animal is a falcon?,A falcon is a type of,3,8.377267,29809,[-1.2178168296813965],[-0.2523564398288727],43135,"[-2.9621317386627197, 11.358107566833496]","[1.016863465309143, 6.119866371154785]",-13.494106,-8.1321335,incorrect,False,-13.494106,-16.264267,correct,True,-13.494106,-15.2384205,correct,True
animals,9,Typical,falcon,bird,reptile,0.9722222222,A falcon is a type of,What kind of animal is a falcon?,A falcon is a type of,4,8.451307,30424,[-1.1875154972076416],[0.35232481360435486],38590,"[-2.166170597076416, 12.571355819702148]","[-2.1849310398101807, 1.2881438732147217]",-13.643629,-7.5197973,incorrect,False,-13.643629,-15.039595,correct,True,-13.643629,-14.622284,correct,True
animals,9,Typical,falcon,bird,reptile,0.9722222222,A falcon is a type of,What kind of animal is a falcon?,A falcon is a type of,5,8.366358,25930,[-0.8820005655288696],[1.4489318132400513],41843,"[-2.7973392009735107, 12.480217933654785]","[-1.9325155019760132, 3.472231864929199]",-13.216375,-7.778163,incorrect,False,-13.216375,-15.556326,correct,True,-13.216375,-15.131714,correct,True
animals,9,Typical,falcon,bird,reptile,0.9722222222,A falcon is a type of,What kind of animal is a falcon?,A falcon is a type of,6,8.374379,17643,[-0.24310678243637085],[3.5352628231048584],43621,"[-3.42672061920166, 13.230518341064453]","[-1.2103397846221924, 4.82496452331543]",-12.410794,-7.9276695,incorrect,False,-12.410794,-15.855339,correct,True,-12.410794,-15.594408,correct,True
animals,9,Typical,falcon,bird,reptile,0.9722222222,A falcon is a type of,What kind of animal is a falcon?,A falcon is a type of,7,8.309594,6806,[1.2749660015106201],[1.1685584783554077],43727,"[-3.393996000289917, 13.665194511413574]","[-0.5071035027503967, -4.6259331703186035]",-10.812738,-7.8384647,incorrect,False,-10.812738,-15.676929,correct,True,-10.812738,-15.481701,correct,True
animals,9,Typical,falcon,bird,reptile,0.9722222222,A falcon is a type of,What kind of animal is a falcon?,A falcon is a type of,8,7.7419405,3941,[1.756321668624878],[2.6228344440460205],42194,"[-3.446802854537964, 12.229848861694336]","[-0.35079920291900635, 0.7192134261131287]",-10.310982,-8.079415,incorrect,False,-10.310982,-16.15883,correct,True,-10.310982,-15.514107,correct,True
animals,9,Typical,falcon,bird,reptile,0.9722222222,A falcon is a type of,What kind of animal is a falcon?,A falcon is a type of,9,8.379491,1370,[2.7068064212799072],[-0.15440604090690613],41547,"[-3.3969037532806396, 12.83629322052002]","[1.112749695777893, -0.9108878970146179]",-9.055195,-7.8218584,incorrect,False,-9.055195,-15.643717,correct,True,-9.055195,-15.158905,correct,True
animals,9,Typical,falcon,bird,reptile,0.9722222222,A falcon is a type of,What kind of animal is a falcon?,A falcon is a type of,10,7.9220676,1144,[2.5548901557922363],[5.309157371520996],32629,"[-2.7192397117614746, 11.932291030883789]","[3.9826996326446533, 1.2906389236450195]",-8.990656,-7.5666227,incorrect,False,-8.990656,-15.133245,correct,True,-8.990656,-14.264786,correct,True
animals,9,Typical,falcon,bird,reptile,0.9722222222,A falcon is a type of,What kind of animal is a falcon?,A falcon is a type of,11,8.38657,119,[4.367957592010498],[-1.30282461643219],16140,"[-0.8590579628944397, 11.532303810119629]","[-0.7246303558349609, 3.6553332805633545]",-6.9425178,-6.544319,incorrect,False,-6.9425178,-13.088638,correct,True,-6.9425178,-12.169533,correct,True
animals,9,Typical,falcon,bird,reptile,0.9722222222,A falcon is a type of,What kind of animal is a falcon?,A falcon is a type of,12,8.256217,248,[3.569140911102295],[5.245523929595947],15303,"[-0.9118231534957886, 11.4169921875]","[2.0546703338623047, 0.5695286393165588]",-7.585357,-6.4370794,incorrect,False,-7.585357,-12.874159,correct,True,-7.585357,-12.06632,correct,True
animals,9,Typical,falcon,bird,reptile,0.9722222222,A falcon is a type of,What kind of animal is a falcon?,A falcon is a type of,13,8.394106,37,[4.855700969696045],[15.225160598754883],8080,"[-0.07423246651887894, 10.673919677734375]","[5.33516788482666, 6.238275527954102]",-6.124237,-6.1528087,correct,True,-6.124237,-12.305617,correct,True,-6.124237,-11.054171,correct,True
animals,9,Typical,falcon,bird,reptile,0.9722222222,A falcon is a type of,What kind of animal is a falcon?,A falcon is a type of,14,7.490935,1,[8.994930267333984],[6.187355041503906],1622,"[1.6738252639770508, 11.279234886169434]","[3.931994915008545, 2.8114521503448486]",-2.1869535,-5.1473093,correct,True,-2.1869535,-10.294619,correct,True,-2.1869535,-9.508059,correct,True
animals,9,Typical,falcon,bird,reptile,0.9722222222,A falcon is a type of,What kind of animal is a falcon?,A falcon is a type of,15,6.915011,1,[9.923161506652832],[21.637136459350586],746,"[2.671750068664551, 11.301639556884766]","[3.7788710594177246, 9.949061393737793]",-1.6591551,-4.8747096,correct,True,-1.6591551,-9.749419,correct,True,-1.6591551,-8.910566,correct,True
animals,9,Typical,falcon,bird,reptile,0.9722222222,A falcon is a type of,What kind of animal is a falcon?,A falcon is a type of,16,0.60469264,1,[15.195910453796387],[0.7314801216125488],374,"[3.560662031173706, 12.50748062133789]","[-2.2428457736968994, -2.1199920177459717]",-0.08956616,-6.071727,correct,True,-0.08956616,-12.143454,correct,True,-0.08956616,-11.724814,correct,True
animals,9,Typical,falcon,bird,reptile,0.9722222222,A falcon is a type of,What kind of animal is a falcon?,A falcon is a type of,17,1.3120468,1,[13.965153694152832],[4.495815277099609],815,"[2.8006906509399414, 11.179515838623047]","[0.22449637949466705, 7.201547622680664]",-0.19848175,-6.368785,correct,True,-0.19848175,-12.73757,correct,True,-0.19848175,-11.362945,correct,True
animals,9,Typical,falcon,bird,reptile,0.9722222222,A falcon is a type of,What kind of animal is a falcon?,A falcon is a type of,18,1.7315923,1,[13.390802383422852],[-4.221442699432373],880,"[2.576695442199707, 11.476826667785645]","[-4.205651760101318, 1.376185417175293]",-0.29765853,-6.0269732,correct,True,-0.29765853,-12.0539465,correct,True,-0.29765853,-11.111766,correct,True
animals,9,Typical,falcon,bird,reptile,0.9722222222,A falcon is a type of,What kind of animal is a falcon?,A falcon is a type of,19,5.4130874,1,[10.622418403625488],[-0.3499269485473633],2293,"[1.2507742643356323, 10.21505069732666]","[-1.9367918968200684, 3.056074380874634]",-1.1524167,-5.953402,correct,True,-1.1524167,-11.906804,correct,True,-1.1524167,-10.524061,correct,True
animals,9,Typical,falcon,bird,reptile,0.9722222222,A falcon is a type of,What kind of animal is a falcon?,A falcon is a type of,20,5.9387665,1,[10.180760383605957],[-6.34544038772583],2832,"[0.9112918972969055, 10.794258117675781]","[-0.045744240283966064, 2.029684543609619]",-1.4745212,-5.8959637,correct,True,-1.4745212,-11.791927,correct,True,-1.4745212,-10.74399,correct,True
animals,9,Typical,falcon,bird,reptile,0.9722222222,A falcon is a type of,What kind of animal is a falcon?,A falcon is a type of,21,6.6526628,1,[8.772635459899902],[0.012281067669391632],2766,"[0.9527178406715393, 11.168039321899414]","[3.1740548610687256, 4.445054531097412]",-2.7942238,-5.6514616,correct,True,-2.7942238,-11.302923,correct,True,-2.7942238,-10.614141,correct,True
animals,9,Typical,falcon,bird,reptile,0.9722222222,A falcon is a type of,What kind of animal is a falcon?,A falcon is a type of,22,6.306671,1,[8.889542579650879],[4.51194953918457],1839,"[1.647650122642517, 13.580092430114746]","[5.428955078125, 6.302700042724609]",-2.9811673,-5.2092505,correct,True,-2.9811673,-10.418501,correct,True,-2.9811673,-10.22306,correct,True
animals,9,Typical,falcon,bird,reptile,0.9722222222,A falcon is a type of,What kind of animal is a falcon?,A falcon is a type of,23,2.3648777,1,[15.668057441711426],,175,"[7.40260648727417, 22.638866424560547]",,-0.71568865,-4.5446005,correct,True,-0.71568865,-9.089201,correct,True,-0.71568865,-8.98114,correct,True
animals,10,Typical,goldfish,fish,amphibian,1.0,A goldfish is a type of,What kind of animal is a goldfish?,A goldfish is a type of,0,9.267613,15853,[0.030020084232091904],[-0.11951293796300888],36924,"[-1.8738059997558594, 13.595685958862305]","[-0.9389834403991699, 6.096128463745117]",-11.506447,-7.883612,incorrect,False,-11.506447,-15.767224,correct,True,-11.506447,-13.410274,correct,True
animals,10,Typical,goldfish,fish,amphibian,1.0,A goldfish is a type of,What kind of animal is a goldfish?,A goldfish is a type of,1,9.012448,18210,[-0.008709998801350594],[-0.8802679181098938],38503,"[-1.9836804866790771, 13.572175025939941]","[-0.48949527740478516, -3.493360757827759]",-11.932325,-7.3591924,incorrect,False,-11.932325,-14.718385,correct,True,-11.932325,-13.907296,correct,True
animals,10,Typical,goldfish,fish,amphibian,1.0,A goldfish is a type of,What kind of animal is a goldfish?,A goldfish is a type of,2,8.720247,21876,[-0.3660343885421753],[-1.2880022525787354],36002,"[-1.8023790121078491, 11.424003601074219]","[-0.4939034879207611, 0.2031404674053192]",-12.485166,-7.8195515,incorrect,False,-12.485166,-15.639103,correct,True,-12.485166,-13.921511,correct,True
animals,10,Typical,goldfish,fish,amphibian,1.0,A goldfish is a type of,What kind of animal is a goldfish?,A goldfish is a type of,3,8.434525,25304,[-0.8305658102035522],[-3.9139442443847656],33258,"[-1.646686315536499, 10.961568832397461]","[1.050872802734375, 0.39684921503067017]",-13.016237,-7.918912,incorrect,False,-13.016237,-15.837824,correct,True,-13.016237,-13.832358,correct,True
animals,10,Typical,goldfish,fish,amphibian,1.0,A goldfish is a type of,What kind of animal is a goldfish?,A goldfish is a type of,4,8.432869,39740,[-2.4295663833618164],[-0.29599571228027344],26945,"[-0.904870867729187, 10.843836784362793]","[0.2262929230928421, 4.587161064147949]",-14.813641,-7.674947,incorrect,False,-14.813641,-15.349894,correct,True,-14.813641,-13.288945,incorrect,False
animals,10,Typical,goldfish,fish,amphibian,1.0,A goldfish is a type of,What kind of animal is a goldfish?,A goldfish is a type of,5,8.30072,39089,[-2.2866454124450684],[3.1674351692199707],22960,"[-0.5015208721160889, 11.548035621643066]","[1.1221356391906738, 2.0082497596740723]",-14.687307,-7.154983,incorrect,False,-14.687307,-14.309966,incorrect,False,-14.687307,-12.902183,incorrect,False
animals,10,Typical,goldfish,fish,amphibian,1.0,A goldfish is a type of,What kind of animal is a goldfish?,A goldfish is a type of,6,8.275785,23449,[-0.9930633902549744],[0.342657208442688],13121,"[0.17739610373973846, 11.82820987701416]","[-1.451582670211792, 3.861609697341919]",-13.05681,-6.594354,incorrect,False,-13.05681,-13.188708,correct,True,-13.05681,-11.886351,incorrect,False
animals,10,Typical,goldfish,fish,amphibian,1.0,A goldfish is a type of,What kind of animal is a goldfish?,A goldfish is a type of,7,8.22054,20510,[-0.751068115234375],[1.1805882453918457],15886,"[-0.2376563996076584, 12.365865707397461]","[-3.7391350269317627, 7.171716690063477]",-12.662329,-6.6327763,incorrect,False,-12.662329,-13.2655525,correct,True,-12.662329,-12.148917,incorrect,False
animals,10,Typical,goldfish,fish,amphibian,1.0,A goldfish is a type of,What kind of animal is a goldfish?,A goldfish is a type of,8,7.657601,15298,[-0.3548099100589752],[1.8706549406051636],23616,"[-1.2796436548233032, 13.744367599487305]","[3.922247886657715, 0.8980055451393127]",-12.329115,-6.8415747,incorrect,False,-12.329115,-13.683149,correct,True,-12.329115,-13.253949,correct,True
animals,10,Typical,goldfish,fish,amphibian,1.0,A goldfish is a type of,What kind of animal is a goldfish?,A goldfish is a type of,9,8.189031,9799,[0.2852238416671753],[2.0989840030670166],10224,"[0.22274379432201385, 14.413107872009277]","[-2.92777419090271, -0.599892795085907]",-11.455021,-5.873314,incorrect,False,-11.455021,-11.746628,correct,True,-11.455021,-11.517501,correct,True
animals,10,Typical,goldfish,fish,amphibian,1.0,A goldfish is a type of,What kind of animal is a goldfish?,A goldfish is a type of,10,8.075332,4522,[1.001366138458252],[1.9595283269882202],14009,"[-0.650909423828125, 13.457220077514648]","[1.4794145822525024, 1.0579475164413452]",-10.497237,-6.295489,incorrect,False,-10.497237,-12.590978,correct,True,-10.497237,-12.149512,correct,True
animals,10,Typical,goldfish,fish,amphibian,1.0,A goldfish is a type of,What kind of animal is a goldfish?,A goldfish is a type of,11,8.389434,2282,[1.664989709854126],[3.418748140335083],8451,"[0.10777103155851364, 12.79475212097168]","[0.5387861132621765, 3.6095452308654785]",-9.61968,-5.8113217,incorrect,False,-9.61968,-11.622643,correct,True,-9.61968,-11.176899,correct,True
animals,10,Typical,goldfish,fish,amphibian,1.0,A goldfish is a type of,What kind of animal is a goldfish?,A goldfish is a type of,12,8.371479,649,[2.6747817993164062],[2.598339080810547],5803,"[0.4194655418395996, 12.565279006958008]","[-0.9654033780097961, 3.8638877868652344]",-8.443958,-5.5774617,incorrect,False,-8.443958,-11.154923,correct,True,-8.443958,-10.699274,correct,True
animals,10,Typical,goldfish,fish,amphibian,1.0,A goldfish is a type of,What kind of animal is a goldfish?,A goldfish is a type of,13,8.477338,270,[3.1777243614196777],[13.985218048095703],6003,"[0.18870383501052856, 12.51106071472168]","[6.870857238769531, 4.285704135894775]",-7.684818,-5.5619307,incorrect,False,-7.684818,-11.123861,correct,True,-7.684818,-10.673838,correct,True
animals,10,Typical,goldfish,fish,amphibian,1.0,A goldfish is a type of,What kind of animal is a goldfish?,A goldfish is a type of,14,8.177304,2,[6.983645915985107],[7.216032028198242],748,"[2.340890884399414, 12.52662181854248]","[2.1983368396759033, 4.334193706512451]",-3.9235182,-4.48548,correct,True,-3.9235182,-8.97096,correct,True,-3.9235182,-8.566273,correct,True
animals,10,Typical,goldfish,fish,amphibian,1.0,A goldfish is a type of,What kind of animal is a goldfish?,A goldfish is a type of,15,8.200783,1,[8.17391300201416],[25.95343017578125],564,"[2.77241587638855, 12.423602104187012]","[11.91390609741211, -1.3995052576065063]",-2.9665537,-4.3821445,correct,True,-2.9665537,-8.764289,correct,True,-2.9665537,-8.368051,correct,True
animals,10,Typical,goldfish,fish,amphibian,1.0,A goldfish is a type of,What kind of animal is a goldfish?,A goldfish is a type of,16,0.8868291,1,[14.030884742736816],[1.3127087354660034],37,"[5.674081325531006, 11.134232521057129]","[0.11976320296525955, 4.884207725524902]",-0.09655386,-4.716743,correct,True,-0.09655386,-9.433486,correct,True,-0.09655386,-8.453358,correct,True
animals,10,Typical,goldfish,fish,amphibian,1.0,A goldfish is a type of,What kind of animal is a goldfish?,A goldfish is a type of,17,1.9474349,1,[12.843850135803223],[5.808441638946533],58,"[5.164103031158447, 11.213300704956055]","[1.5381383895874023, 2.2169029712677]",-0.22746512,-4.48898,correct,True,-0.22746512,-8.97796,correct,True,-0.22746512,-7.9072123,correct,True
animals,10,Typical,goldfish,fish,amphibian,1.0,A goldfish is a type of,What kind of animal is a goldfish?,A goldfish is a type of,18,2.5328343,1,[12.303824424743652],[1.393088459968567],64,"[4.8169426918029785, 10.541559219360352]","[-0.5380564332008362, -1.692086935043335]",-0.3343267,-4.638057,correct,True,-0.3343267,-9.276114,correct,True,-0.3343267,-7.8212085,correct,True
animals,10,Typical,goldfish,fish,amphibian,1.0,A goldfish is a type of,What kind of animal is a goldfish?,A goldfish is a type of,19,4.6999135,1,[10.912862777709961],[-5.442098617553711],124,"[4.090001583099365, 8.836180686950684]","[-1.7081974744796753, 9.166338920593262]",-0.80088294,-5.1689873,correct,True,-0.80088294,-10.337975,correct,True,-0.80088294,-7.623744,correct,True
animals,10,Typical,goldfish,fish,amphibian,1.0,A goldfish is a type of,What kind of animal is a goldfish?,A goldfish is a type of,20,6.4345236,1,[9.657756805419922],[-10.46157169342041],190,"[3.730034112930298, 10.138688087463379]","[-9.58631706237793, 2.4919369220733643]",-1.6012237,-4.589805,correct,True,-1.6012237,-9.17961,correct,True,-1.6012237,-7.528947,correct,True
animals,10,Typical,goldfish,fish,amphibian,1.0,A goldfish is a type of,What kind of animal is a goldfish?,A goldfish is a type of,21,7.3501005,1,[8.004864692687988],[-1.6754862070083618],666,"[2.3674583435058594, 10.474015235900879]","[-0.42004773020744324, 3.7262165546417236]",-2.9899955,-4.8683386,correct,True,-2.9899955,-9.736677,correct,True,-2.9899955,-8.627401,correct,True
animals,10,Typical,goldfish,fish,amphibian,1.0,A goldfish is a type of,What kind of animal is a goldfish?,A goldfish is a type of,22,7.4005647,3,[7.787899971008301],[3.4635910987854004],836,"[2.4065661430358887, 12.048602104187012]","[4.515177249908447, 4.307806015014648]",-3.4016535,-4.6587434,correct,True,-3.4016535,-9.317487,correct,True,-3.4016535,-8.782988,correct,True
animals,10,Typical,goldfish,fish,amphibian,1.0,A goldfish is a type of,What kind of animal is a goldfish?,A goldfish is a type of,23,3.5953724,1,[14.444253921508789],,43,"[8.798933029174805, 19.288909912109375]",,-0.77151626,-3.4298239,correct,True,-0.77151626,-6.8596478,correct,True,-0.77151626,-6.416837,correct,True
animals,11,Typical,shark,fish,mammal,0.8333333333,A shark is a type of,What kind of animal is a shark?,A shark is a type of,0,9.266819,15499,[0.09979607909917831],[-0.4813130497932434],40164,"[-2.1993215084075928, 10.959054946899414]","[1.4278507232666016, 3.9823155403137207]",-11.467646,-7.747967,incorrect,False,-11.467646,-15.495934,correct,True,-11.467646,-13.766764,correct,True
animals,11,Typical,shark,fish,mammal,0.8333333333,A shark is a type of,What kind of animal is a shark?,A shark is a type of,1,9.022883,19159,[-0.10455556958913803],[-1.5150047540664673],32491,"[-1.335180401802063, 10.21595573425293]","[-2.7765562534332275, 2.9073593616485596]",-12.020388,-7.5759697,incorrect,False,-12.020388,-15.151939,correct,True,-12.020388,-13.251013,correct,True
animals,11,Typical,shark,fish,mammal,0.8333333333,A shark is a type of,What kind of animal is a shark?,A shark is a type of,2,8.7051115,25422,[-0.7166598439216614],[-1.4233372211456299],39536,"[-2.2638237476348877, 9.821250915527344]","[0.17457042634487152, 5.740330219268799]",-12.830458,-8.269185,incorrect,False,-12.830458,-16.53837,correct,True,-12.830458,-14.377622,correct,True
animals,11,Typical,shark,fish,mammal,0.8333333333,A shark is a type of,What kind of animal is a shark?,A shark is a type of,3,8.450702,29623,[-1.207167625427246],[-3.7798426151275635],35556,"[-1.8506544828414917, 10.7952299118042]","[-3.3092479705810547, 10.750179290771484]",-13.442636,-7.8373146,incorrect,False,-13.442636,-15.674629,correct,True,-13.442636,-14.0861225,correct,True
animals,11,Typical,shark,fish,mammal,0.8333333333,A shark is a type of,What kind of animal is a shark?,A shark is a type of,4,8.500984,42807,[-2.74904465675354],[-1.818253517150879],44296,"[-3.0567054748535156, 13.588323593139648]","[2.333465099334717, 4.669748306274414]",-15.269983,-7.940983,incorrect,False,-15.269983,-15.881966,correct,True,-15.269983,-15.577644,correct,True
animals,11,Typical,shark,fish,mammal,0.8333333333,A shark is a type of,What kind of animal is a shark?,A shark is a type of,5,8.372809,44522,[-3.275576591491699],[3.580911874771118],33317,"[-1.6088453531265259, 13.991552352905273]","[0.7860754728317261, 0.9665012359619141]",-15.617722,-7.1035547,incorrect,False,-15.617722,-14.207109,incorrect,False,-15.617722,-13.950991,incorrect,False
animals,11,Typical,shark,fish,mammal,0.8333333333,A shark is a type of,What kind of animal is a shark?,A shark is a type of,6,8.410765,32535,[-1.8786916732788086],[0.7393712997436523],26074,"[-1.1938737630844116, 13.856297492980957]","[2.7485461235046387, 5.029045104980469]",-13.9691725,-6.7850833,incorrect,False,-13.9691725,-13.570167,incorrect,False,-13.9691725,-13.284354,incorrect,False
animals,11,Typical,shark,fish,mammal,0.8333333333,A shark is a type of,What kind of animal is a shark?,A shark is a type of,7,8.111101,29045,[-1.3928477764129639],[2.391958475112915],15109,"[0.08285922557115555, 14.7969331741333]","[2.244048595428467, 4.697197914123535]",-13.500946,-6.1011043,incorrect,False,-13.500946,-12.2022085,incorrect,False,-13.500946,-12.025239,incorrect,False
animals,11,Typical,shark,fish,mammal,0.8333333333,A shark is a type of,What kind of animal is a shark?,A shark is a type of,8,7.3433414,17453,[-0.49988412857055664],[2.791538715362549],6878,"[1.020163655281067, 15.421268463134766]","[0.31744542717933655, 2.294227361679077]",-12.593645,-5.579432,incorrect,False,-12.593645,-11.158864,incorrect,False,-12.593645,-11.073597,incorrect,False
animals,11,Typical,shark,fish,mammal,0.8333333333,A shark is a type of,What kind of animal is a shark?,A shark is a type of,9,8.196926,8528,[0.5448222756385803],[1.63601815700531],5236,"[1.2066059112548828, 15.927863121032715]","[0.09445976465940475, 5.76882791519165]",-11.236988,-5.3164763,incorrect,False,-11.236988,-10.632953,incorrect,False,-11.236988,-10.575205,incorrect,False
animals,11,Typical,shark,fish,mammal,0.8333333333,A shark is a type of,What kind of animal is a shark?,A shark is a type of,10,7.746245,3974,[1.1001185178756714],[2.1903841495513916],3490,"[1.2604711055755615, 16.663339614868164]","[4.372331619262695, 1.5061476230621338]",-10.451395,-5.1643634,incorrect,False,-10.451395,-10.328727,incorrect,False,-10.451395,-10.291042,incorrect,False
animals,11,Typical,shark,fish,mammal,0.8333333333,A shark is a type of,What kind of animal is a shark?,A shark is a type of,11,8.180895,1968,[1.8552669286727905],[1.4756264686584473],671,"[2.916663646697998, 15.686410903930664]","[1.0203402042388916, 0.27926355600357056]",-9.520205,-4.2630143,incorrect,False,-9.520205,-8.526029,incorrect,False,-9.520205,-8.458809,incorrect,False
animals,11,Typical,shark,fish,mammal,0.8333333333,A shark is a type of,What kind of animal is a shark?,A shark is a type of,12,7.972074,1136,[2.190772771835327],[0.7864583730697632],461,"[3.0600006580352783, 14.300492286682129]","[1.2795467376708984, 3.0798821449279785]",-9.025591,-4.160038,incorrect,False,-9.025591,-8.320076,incorrect,False,-9.025591,-8.1563635,incorrect,False
animals,11,Typical,shark,fish,mammal,0.8333333333,A shark is a type of,What kind of animal is a shark?,A shark is a type of,13,8.024682,870,[2.185882806777954],[18.45659065246582],318,"[3.156125783920288, 13.984436988830566]","[5.896674156188965, 4.020686149597168]",-8.81078,-4.010703,incorrect,False,-8.81078,-8.021406,incorrect,False,-8.81078,-7.8405375,incorrect,False
animals,11,Typical,shark,fish,mammal,0.8333333333,A shark is a type of,What kind of animal is a shark?,A shark is a type of,14,7.8410826,2,[7.664986610412598],[2.4782259464263916],54,"[4.673525810241699, 13.999691009521484]","[1.8389554023742676, 2.855149269104004]",-3.433937,-3.2714107,incorrect,False,-3.433937,-6.5428214,correct,True,-3.433937,-6.425398,correct,True
animals,11,Typical,shark,fish,mammal,0.8333333333,A shark is a type of,What kind of animal is a shark?,A shark is a type of,15,7.9660406,2,[7.884230613708496],[17.61019515991211],49,"[4.941406726837158, 13.692115783691406]","[7.15381383895874, 8.967158317565918]",-3.3938549,-3.2364678,incorrect,False,-3.3938549,-6.4729357,correct,True,-3.3938549,-6.3366785,correct,True
animals,11,Typical,shark,fish,mammal,0.8333333333,A shark is a type of,What kind of animal is a shark?,A shark is a type of,16,3.3909638,1,[11.975533485412598],[7.552450656890869],28,"[6.451961040496826, 14.610480308532715]","[-1.285040020942688, 5.402624130249023]",-1.0177794,-3.3099425,correct,True,-1.0177794,-6.619885,correct,True,-1.0177794,-6.541352,correct,True
animals,11,Typical,shark,fish,mammal,0.8333333333,A shark is a type of,What kind of animal is a shark?,A shark is a type of,17,2.8507261,1,[12.445039749145508],[0.5940712094306946],63,"[5.466984748840332, 14.855239868164062]","[2.6584179401397705, 1.9716218709945679]",-0.6784408,-3.8607318,correct,True,-0.6784408,-7.7214637,correct,True,-0.6784408,-7.656496,correct,True
animals,11,Typical,shark,fish,mammal,0.8333333333,A shark is a type of,What kind of animal is a shark?,A shark is a type of,18,4.2490635,1,[11.205696105957031],[0.5287416577339172],51,"[5.542235851287842, 14.217506408691406]","[1.4132314920425415, 4.941941261291504]",-1.0680867,-3.4165833,correct,True,-1.0680867,-6.8331666,correct,True,-1.0680867,-6.731547,correct,True
animals,11,Typical,shark,fish,mammal,0.8333333333,A shark is a type of,What kind of animal is a shark?,A shark is a type of,19,5.711992,1,[9.833980560302734],[2.5664730072021484],61,"[5.146627902984619, 13.598586082458496]","[2.3889076709747314, -0.7478176355361938]",-1.7881732,-3.289123,correct,True,-1.7881732,-6.578246,correct,True,-1.7881732,-6.475526,correct,True
animals,11,Typical,shark,fish,mammal,0.8333333333,A shark is a type of,What kind of animal is a shark?,A shark is a type of,20,5.523651,1,[9.926130294799805],[-6.933431148529053],44,"[5.442624092102051, 13.635424613952637]","[-0.31455114483833313, 8.4878511428833]",-1.7091348,-3.143348,correct,True,-1.7091348,-6.286696,correct,True,-1.7091348,-6.1926413,correct,True
animals,11,Typical,shark,fish,mammal,0.8333333333,A shark is a type of,What kind of animal is a shark?,A shark is a type of,21,6.6724067,1,[8.284014701843262],[-0.7145214676856995],55,"[5.29376745223999, 15.250693321228027]","[0.5083807706832886, 7.998575687408447]",-3.0172563,-3.0120144,incorrect,False,-3.0172563,-6.024029,correct,True,-3.0172563,-6.0075035,correct,True
animals,11,Typical,shark,fish,mammal,0.8333333333,A shark is a type of,What kind of animal is a shark?,A shark is a type of,22,6.663807,2,[8.200778007507324],[4.858370304107666],59,"[5.501246929168701, 18.424230575561523]","[4.099624156951904, 3.667259454727173]",-3.2969377,-2.9990237,incorrect,False,-3.2969377,-5.9980474,correct,True,-3.2969377,-5.9964685,correct,True
animals,11,Typical,shark,fish,mammal,0.8333333333,A shark is a type of,What kind of animal is a shark?,A shark is a type of,23,2.7922118,1,[14.900721549987793],,8,"[11.006392478942871, 27.183250427246094]",,-0.58977574,-2.242268,correct,True,-0.58977574,-4.484536,correct,True,-0.58977574,-4.4841046,correct,True
animals,12,Typical,dog,mammal,insect,0.9814814815,A dog is a type of,What kind of animal is a dog?,A dog is a type of,0,9.254871,39607,"[-2.1680374145507812, 10.544595718383789]","[0.9122253060340881, 4.504854202270508]",41450,[-2.4021060466766357],[-1.783826231956482],-7.9233007,-13.957258,correct,True,-15.8466015,-13.957258,incorrect,False,-13.723189,-13.957258,correct,True
animals,12,Typical,dog,mammal,insect,0.9814814815,A dog is a type of,What kind of animal is a dog?,A dog is a type of,1,9.00111,34941,"[-1.536594033241272, 10.054081916809082]","[-3.1307876110076904, 1.4653483629226685]",45214,[-3.015559673309326],[-0.36657261848449707],-7.7893004,-14.994242,correct,True,-15.578601,-14.994242,incorrect,False,-13.515276,-14.994242,correct,True
animals,12,Typical,dog,mammal,insect,0.9814814815,A dog is a type of,What kind of animal is a dog?,A dog is a type of,2,8.688936,41947,"[-2.6154091358184814, 9.42159652709961]","[0.736189067363739, 4.061111927032471]",42920,[-2.7829015254974365],[-3.0438504219055176],-8.680522,-14.940939,correct,True,-17.361044,-14.940939,incorrect,False,-14.773447,-14.940939,correct,True
animals,12,Typical,dog,mammal,insect,0.9814814815,A dog is a type of,What kind of animal is a dog?,A dog is a type of,3,8.408785,35750,"[-1.8995336294174194, 9.932751655578613]","[-3.012636184692383, 10.995390892028809]",46017,[-3.6302897930145264],[0.547548770904541],-8.258652,-15.884672,correct,True,-16.517303,-15.884672,incorrect,False,-14.153915,-15.884672,correct,True
animals,12,Typical,dog,mammal,insect,0.9814814815,A dog is a type of,What kind of animal is a dog?,A dog is a type of,4,8.375268,43308,"[-2.950432538986206, 12.415467262268066]","[1.335418939590454, 4.975140571594238]",44067,[-3.1070058345794678],[1.404637336730957],-8.097754,-15.605068,correct,True,-16.195507,-15.605068,incorrect,False,-15.448495,-15.605068,correct,True
animals,12,Typical,dog,mammal,insect,0.9814814815,A dog is a type of,What kind of animal is a dog?,A dog is a type of,5,8.371019,35810,"[-1.9130586385726929, 12.934843063354492]","[1.184566855430603, 1.0347946882247925]",36842,[-2.0424017906188965],[-0.8898897767066956],-7.4206023,-14.360288,correct,True,-14.841205,-14.360288,incorrect,False,-14.230944,-14.360288,correct,True
animals,12,Typical,dog,mammal,insect,0.9814814815,A dog is a type of,What kind of animal is a dog?,A dog is a type of,6,8.416714,28219,"[-1.3454891443252563, 12.8495512008667]","[2.5856943130493164, 3.6549603939056396]",36991,[-2.336656332015991],[0.3582301139831543],-7.056482,-14.469831,correct,True,-14.112964,-14.469831,correct,True,-13.478664,-14.469831,correct,True
animals,12,Typical,dog,mammal,insect,0.9814814815,A dog is a type of,What kind of animal is a dog?,A dog is a type of,7,8.116274,16824,"[-0.1575620323419571, 13.413103103637695]","[2.5189454555511475, 4.872117042541504]",33924,[-1.9450750350952148],[2.082869052886963],-6.430491,-14.031573,correct,True,-12.860982,-14.031573,correct,True,-12.2440605,-14.031573,correct,True
animals,12,Typical,dog,mammal,insect,0.9814814815,A dog is a type of,What kind of animal is a dog?,A dog is a type of,8,7.12092,7224,"[0.8948518633842468, 14.207703590393066]","[2.796200752258301, 2.062800645828247]",21856,[-1.0856813192367554],[2.0676193237304688],-5.760196,-13.20829,correct,True,-11.520392,-13.20829,correct,True,-11.227757,-13.20829,correct,True
animals,12,Typical,dog,mammal,insect,0.9814814815,A dog is a type of,What kind of animal is a dog?,A dog is a type of,9,7.9465833,2858,"[1.9813214540481567, 14.710029602050781]","[-1.2335205078125, 7.090998649597168]",13462,[-0.21294504404067993],[-2.435650587081909],-5.0759807,-12.136679,correct,True,-10.151961,-12.136679,correct,True,-9.942411,-12.136679,correct,True
animals,12,Typical,dog,mammal,insect,0.9814814815,A dog is a type of,What kind of animal is a dog?,A dog is a type of,10,7.8115954,3303,"[1.4818416833877563, 15.76833724975586]","[3.619574785232544, 1.6871083974838257]",16807,[-1.0085608959197998],[1.869430422782898],-5.154358,-12.707244,correct,True,-10.308716,-12.707244,correct,True,-10.216842,-12.707244,correct,True
animals,12,Typical,dog,mammal,insect,0.9814814815,A dog is a type of,What kind of animal is a dog?,A dog is a type of,11,7.9174256,841,"[2.8029909133911133, 14.856122970581055]","[-0.44641250371932983, -0.022879472002387047]",9831,[-0.16570629179477692],[-0.14729082584381104],-4.4165173,-11.660452,correct,True,-8.8330345,-11.660452,correct,True,-8.691754,-11.660452,correct,True
animals,12,Typical,dog,mammal,insect,0.9814814815,A dog is a type of,What kind of animal is a dog?,A dog is a type of,12,8.056073,988,"[2.445787191390991, 13.248237609863281]","[3.04268479347229, 2.5558712482452393]",9178,[-0.14152370393276215],[1.7812122106552124],-4.608542,-11.428928,correct,True,-9.217084,-11.428928,correct,True,-8.841618,-11.428928,correct,True
animals,12,Typical,dog,mammal,insect,0.9814814815,A dog is a type of,What kind of animal is a dog?,A dog is a type of,13,7.4847636,378,"[3.098569393157959, 12.79942512512207]","[4.854598045349121, 4.439949035644531]",4796,[0.43957018852233887],[3.1759700775146484],-4.310687,-10.761318,correct,True,-8.621374,-10.761318,correct,True,-8.10232,-10.761318,correct,True
animals,12,Typical,dog,mammal,insect,0.9814814815,A dog is a type of,What kind of animal is a dog?,A dog is a type of,14,5.9457946,127,"[4.155196666717529, 12.831575393676758]","[0.05327083170413971, 3.0798635482788086]",1967,[1.3550328016281128],[2.493696928024292],-3.9104629,-10.169537,correct,True,-7.8209257,-10.169537,correct,True,-7.3693724,-10.169537,correct,True
animals,12,Typical,dog,mammal,insect,0.9814814815,A dog is a type of,What kind of animal is a dog?,A dog is a type of,15,5.72856,176,"[3.896045446395874, 12.584939002990723]","[6.681979656219482, 10.077020645141602]",1456,[1.8654038906097412],[2.5266036987304688],-4.1252375,-9.8271055,correct,True,-8.250475,-9.8271055,correct,True,-7.7964644,-9.8271055,correct,True
animals,12,Typical,dog,mammal,insect,0.9814814815,A dog is a type of,What kind of animal is a dog?,A dog is a type of,16,1.7768731,72,"[4.9588541984558105, 13.498160362243652]","[2.4619617462158203, 4.7758073806762695]",1057,[2.2250466346740723],[-0.44882768392562866],-4.442698,-11.356258,correct,True,-8.885396,-11.356258,correct,True,-8.622452,-11.356258,correct,True
animals,12,Typical,dog,mammal,insect,0.9814814815,A dog is a type of,What kind of animal is a dog?,A dog is a type of,17,3.3193853,90,"[4.946352958679199, 13.59188461303711]","[3.2782647609710693, 1.724731206893921]",1440,[1.9175523519515991],[-0.047735754400491714],-4.00539,-10.731788,correct,True,-8.01078,-10.731788,correct,True,-7.7029867,-10.731788,correct,True
animals,12,Typical,dog,mammal,insect,0.9814814815,A dog is a type of,What kind of animal is a dog?,A dog is a type of,18,3.5656195,66,"[4.951142311096191, 12.905874252319336]","[5.209749221801758, 6.062009811401367]",1530,[1.6482893228530884],[1.6021184921264648],-3.924764,-10.739901,correct,True,-7.849528,-10.739901,correct,True,-7.4370484,-10.739901,correct,True
animals,12,Typical,dog,mammal,insect,0.9814814815,A dog is a type of,What kind of animal is a dog?,A dog is a type of,19,4.4671235,51,"[5.270157337188721, 12.59427261352539]","[2.9404184818267822, -1.324691891670227]",1350,[1.7365388870239258],[1.9596978425979614],-3.5274851,-10.233766,correct,True,-7.0549703,-10.233766,correct,True,-6.7001476,-10.233766,correct,True
animals,12,Typical,dog,mammal,insect,0.9814814815,A dog is a type of,What kind of animal is a dog?,A dog is a type of,20,6.128904,39,"[5.43253755569458, 12.583489418029785]","[1.7923468351364136, 10.301182746887207]",1085,[1.9459292888641357],[0.7875354290008545],-3.1603618,-9.492195,correct,True,-6.3207235,-9.492195,correct,True,-6.0055876,-9.492195,correct,True
animals,12,Typical,dog,mammal,insect,0.9814814815,A dog is a type of,What kind of animal is a dog?,A dog is a type of,21,6.9746685,39,"[5.5944132804870605, 14.314977645874023]","[5.935304641723633, 7.127475261688232]",964,[2.0404441356658936],[4.88987398147583],-2.8288233,-9.164633,correct,True,-5.6576467,-9.164633,correct,True,-5.6106634,-9.164633,correct,True
animals,12,Typical,dog,mammal,insect,0.9814814815,A dog is a type of,What kind of animal is a dog?,A dog is a type of,22,7.199331,12,"[6.529591083526611, 17.012208938598633]","[3.702467441558838, 3.5808660984039307]",579,[2.817046642303467],[4.2721381187438965],-2.3737428,-8.454028,correct,True,-4.7474856,-8.454028,correct,True,-4.7414837,-8.454028,correct,True
animals,12,Typical,dog,mammal,insect,0.9814814815,A dog is a type of,What kind of animal is a dog?,A dog is a type of,23,4.3875313,2,"[12.114727020263672, 26.002727508544922]",,79,[7.715778827667236],,-1.3265367,-7.051715,correct,True,-2.6530733,-7.051715,correct,True,-2.6527665,-7.051715,correct,True
animals,13,Typical,rabbit,mammal,reptile,0.962962963,A rabbit is a type of,What kind of animal is a rabbit?,A rabbit is a type of,0,9.262449,38641,"[-2.0133025646209717, 10.521025657653809]","[0.7664880156517029, 5.194279193878174]",24229,"[-0.6528968811035156, 13.191610336303711]","[1.278625249862671, 3.0083980560302734]",-7.8749743,-6.372812,incorrect,False,-15.7499485,-12.745624,incorrect,False,-13.593182,-12.232776,incorrect,False
animals,13,Typical,rabbit,mammal,reptile,0.962962963,A rabbit is a type of,What kind of animal is a rabbit?,A rabbit is a type of,1,9.010858,34321,"[-1.440902829170227, 10.298416137695312]","[-3.3584301471710205, 2.170109748840332]",17398,"[0.1469673067331314, 12.061155319213867]","[-2.6394546031951904, 0.474865585565567]",-7.6371894,-6.3331347,incorrect,False,-15.274379,-12.666269,incorrect,False,-13.442479,-11.854609,incorrect,False
animals,13,Typical,rabbit,mammal,reptile,0.962962963,A rabbit is a type of,What kind of animal is a rabbit?,A rabbit is a type of,2,8.6637125,42704,"[-2.644207000732422, 9.838257789611816]","[0.1256234496831894, 3.807464122772217]",27992,"[-0.860420823097229, 11.086125373840332]","[-5.6471076011657715, -0.40522366762161255]",-8.530423,-7.1740785,incorrect,False,-17.060846,-14.348157,incorrect,False,-14.885286,-13.1015005,incorrect,False
animals,13,Typical,rabbit,mammal,reptile,0.962962963,A rabbit is a type of,What kind of animal is a rabbit?,A rabbit is a type of,3,8.335873,38871,"[-2.2140305042266846, 10.348922729492188]","[-2.070596694946289, 11.091537475585938]",43388,"[-2.9466826915740967, 10.711048126220703]","[0.7166780233383179, 3.877439260482788]",-8.297843,-8.430002,correct,True,-16.595686,-16.860004,correct,True,-14.584597,-15.317249,correct,True
animals,13,Typical,rabbit,mammal,reptile,0.962962963,A rabbit is a type of,What kind of animal is a rabbit?,A rabbit is a type of,4,8.362908,43151,"[-2.8511734008789062, 12.841111183166504]","[2.4319770336151123, 4.060647964477539]",40090,"[-2.3224680423736572, 11.297096252441406]","[-1.9864022731781006, -0.9777503609657288]",-7.979027,-8.002697,correct,True,-15.958054,-16.005394,correct,True,-15.413735,-14.88503,incorrect,False
animals,13,Typical,rabbit,mammal,reptile,0.962962963,A rabbit is a type of,What kind of animal is a rabbit?,A rabbit is a type of,5,8.335356,30985,"[-1.3817369937896729, 13.14876937866211]","[0.4042251706123352, 1.3645856380462646]",42078,"[-2.845242738723755, 10.71268367767334]","[-0.8296331167221069, 3.920267343521118]",-7.129473,-8.322931,correct,True,-14.258946,-16.645863,correct,True,-13.733011,-15.196517,correct,True
animals,13,Typical,rabbit,mammal,reptile,0.962962963,A rabbit is a type of,What kind of animal is a rabbit?,A rabbit is a type of,6,8.247353,25859,"[-1.1092385053634644, 13.047606468200684]","[2.2124695777893066, 4.535074710845947]",41555,"[-3.0190601348876953, 11.490569114685059]","[-2.373539447784424, 5.221707820892334]",-6.9583077,-8.1119995,correct,True,-13.9166155,-16.223999,correct,True,-13.313918,-15.22374,correct,True
animals,13,Typical,rabbit,mammal,reptile,0.962962963,A rabbit is a type of,What kind of animal is a rabbit?,A rabbit is a type of,7,8.492868,15912,"[-0.02132124826312065, 13.726212501525879]","[2.853217363357544, 5.522676944732666]",44153,"[-3.493166446685791, 12.064334869384766]","[0.5628519058227539, -5.021728515625]",-6.3003235,-8.141093,correct,True,-12.600647,-16.282187,correct,True,-12.078106,-15.549952,correct,True
animals,13,Typical,rabbit,mammal,reptile,0.962962963,A rabbit is a type of,What kind of animal is a rabbit?,A rabbit is a type of,8,8.052839,6677,"[1.0823078155517578, 14.497408866882324]","[1.4809142351150513, 1.6246353387832642]",40229,"[-3.0997653007507324, 10.29550838470459]","[-1.5546045303344727, -0.5208972692489624]",-5.5630207,-8.627403,correct,True,-11.126041,-17.254807,correct,True,-10.914673,-15.096746,correct,True
animals,13,Typical,rabbit,mammal,reptile,0.962962963,A rabbit is a type of,What kind of animal is a rabbit?,A rabbit is a type of,9,8.185696,3766,"[1.676613688468933, 14.960430145263672]","[-1.3047420978546143, 6.616633892059326]",41847,"[-3.447418212890625, 10.409611701965332]","[-0.2848101854324341, 1.6000897884368896]",-5.178477,-8.743706,correct,True,-10.356954,-17.487411,correct,True,-10.1986065,-15.322638,correct,True
animals,13,Typical,rabbit,mammal,reptile,0.962962963,A rabbit is a type of,What kind of animal is a rabbit?,A rabbit is a type of,10,7.8479376,3951,"[1.2210098505020142, 15.875980377197266]","[2.1537609100341797, 1.704673171043396]",37019,"[-3.2132067680358887, 10.366045951843262]","[4.898387432098389, 0.49430158734321594]",-5.2521024,-8.557754,correct,True,-10.504205,-17.115507,correct,True,-10.425849,-14.860066,correct,True
animals,13,Typical,rabbit,mammal,reptile,0.962962963,A rabbit is a type of,What kind of animal is a rabbit?,A rabbit is a type of,11,8.191877,1911,"[1.9841605424880981, 15.111159324645996]","[-0.478779673576355, 0.47524142265319824]",18668,"[-1.09123957157135, 9.824913024902344]","[-0.6781255006790161, 3.2066798210144043]",-4.7990294,-7.4748955,correct,True,-9.598059,-14.949791,correct,True,-9.49802,-12.57342,correct,True
animals,13,Typical,rabbit,mammal,reptile,0.962962963,A rabbit is a type of,What kind of animal is a rabbit?,A rabbit is a type of,12,8.053792,1974,"[1.7177246809005737, 13.725668907165527]","[3.861069917678833, 2.6447393894195557]",16830,"[-1.1095640659332275, 9.73121452331543]","[4.993554592132568, 0.8949509859085083]",-4.9082184,-7.2737617,correct,True,-9.816437,-14.5475235,correct,True,-9.587639,-12.414928,correct,True
animals,13,Typical,rabbit,mammal,reptile,0.962962963,A rabbit is a type of,What kind of animal is a rabbit?,A rabbit is a type of,13,7.738055,590,"[2.737088680267334, 13.218420028686523]","[3.335754156112671, 4.053499698638916]",4060,"[0.6444764137268066, 9.12943172454834]","[4.262526035308838, 6.6545562744140625]",-4.3623524,-6.627024,correct,True,-8.724705,-13.254048,correct,True,-8.439198,-10.53181,correct,True
animals,13,Typical,rabbit,mammal,reptile,0.962962963,A rabbit is a type of,What kind of animal is a rabbit?,A rabbit is a type of,14,7.0415683,309,"[3.360504150390625, 13.174018859863281]","[1.7351069450378418, 3.613102436065674]",1285,"[1.838193416595459, 9.907243728637695]","[3.3973774909973145, 3.197067975997925]",-4.0613766,-5.6862965,correct,True,-8.122753,-11.372593,correct,True,-7.8847685,-9.407079,correct,True
animals,13,Typical,rabbit,mammal,reptile,0.962962963,A rabbit is a type of,What kind of animal is a rabbit?,A rabbit is a type of,15,6.3611774,281,"[3.561331033706665, 13.046292304992676]","[7.204244136810303, 9.627408027648926]",708,"[2.629105567932129, 10.004308700561523]","[8.985711097717285, 9.366888999938965]",-4.123528,-5.456693,correct,True,-8.247056,-10.913386,correct,True,-7.989901,-8.922126,correct,True
animals,13,Typical,rabbit,mammal,reptile,0.962962963,A rabbit is a type of,What kind of animal is a rabbit?,A rabbit is a type of,16,2.4959655,77,"[4.827402591705322, 13.905843734741211]","[1.6637754440307617, 5.5751848220825195]",120,"[4.463338851928711, 10.952837944030762]","[-0.9324590563774109, -1.440605640411377]",-4.0465636,-4.8315854,correct,True,-8.093127,-9.663171,correct,True,-7.9523926,-8.316456,correct,True
animals,13,Typical,rabbit,mammal,reptile,0.962962963,A rabbit is a type of,What kind of animal is a rabbit?,A rabbit is a type of,17,4.978197,100,"[4.667845249176025, 14.19273853302002]","[3.8065195083618164, 2.218515396118164]",239,"[3.854686975479126, 9.847414016723633]","[-0.7772049307823181, 8.541278839111328]",-3.670973,-5.351995,correct,True,-7.341946,-10.70399,correct,True,-7.2172194,-8.030377,correct,True
animals,13,Typical,rabbit,mammal,reptile,0.962962963,A rabbit is a type of,What kind of animal is a rabbit?,A rabbit is a type of,18,6.089198,54,"[4.873764514923096, 13.573077201843262]","[4.8500189781188965, 5.528185844421387]",359,"[3.246265172958374, 10.429523468017578]","[2.1479744911193848, 2.2026424407958984]",-3.335078,-4.9708323,correct,True,-6.670156,-9.941665,correct,True,-6.4953322,-8.122831,correct,True
animals,13,Typical,rabbit,mammal,reptile,0.962962963,A rabbit is a type of,What kind of animal is a rabbit?,A rabbit is a type of,19,6.509001,40,"[5.15056037902832, 13.041791915893555]","[2.846175193786621, -2.4737277030944824]",339,"[3.2343411445617676, 9.471837997436523]","[-2.4422056674957275, 4.087835788726807]",-3.1243548,-5.0705795,correct,True,-6.2487097,-10.141159,correct,True,-6.0735865,-7.989806,correct,True
animals,13,Typical,rabbit,mammal,reptile,0.962962963,A rabbit is a type of,What kind of animal is a rabbit?,A rabbit is a type of,20,7.162343,33,"[5.325822830200195, 12.751814842224121]","[2.852609395980835, 11.36522102355957]",498,"[2.733766555786133, 10.108325958251953]","[-0.8196073174476624, 0.7539691925048828]",-2.9657686,-4.997223,correct,True,-5.931537,-9.994446,correct,True,-5.726591,-8.318647,correct,True
animals,13,Typical,rabbit,mammal,reptile,0.962962963,A rabbit is a type of,What kind of animal is a rabbit?,A rabbit is a type of,21,7.365536,23,"[5.62057638168335, 14.72592544555664]","[4.748657703399658, 7.960602283477783]",555,"[2.600590944290161, 10.267367362976074]","[4.061952114105225, 6.2112836837768555]",-2.688009,-4.826638,correct,True,-5.376018,-9.653276,correct,True,-5.347582,-8.367568,correct,True
animals,13,Typical,rabbit,mammal,reptile,0.962962963,A rabbit is a type of,What kind of animal is a rabbit?,A rabbit is a type of,22,7.423709,10,"[6.452876091003418, 17.56653594970703]","[3.7547383308410645, 3.005204200744629]",334,"[3.3195254802703857, 12.646574020385742]","[5.792017459869385, 7.247114658355713]",-2.3303692,-4.0727634,correct,True,-4.6607385,-8.145527,correct,True,-4.6575117,-7.790862,correct,True
animals,13,Typical,rabbit,mammal,reptile,0.962962963,A rabbit is a type of,What kind of animal is a rabbit?,A rabbit is a type of,23,4.607604,2,"[12.499899864196777, 26.134071350097656]",,8,"[10.376956939697266, 21.764928817749023]",,-1.0022528,-2.0839837,correct,True,-2.0045056,-4.1679673,correct,True,-2.0042048,-4.1271477,correct,True
animals,14,Typical,cat,mammal,reptile,0.9907407407,A cat is a type of,What kind of animal is a cat?,A cat is a type of,0,9.261026,39892,"[-2.167492151260376, 10.606761932373047]","[1.020370364189148, 4.1635918617248535]",22912,"[-0.5422585606575012, 13.427494049072266]","[1.178755521774292, 4.109980583190918]",-7.930688,-6.283814,incorrect,False,-15.861376,-12.567628,incorrect,False,-13.752305,-12.127071,incorrect,False
animals,14,Typical,cat,mammal,reptile,0.9907407407,A cat is a type of,What kind of animal is a cat?,A cat is a type of,1,9.029143,34731,"[-1.4770004749298096, 9.995863914489746]","[-2.4053475856781006, 1.3597580194473267]",16878,"[0.1901865303516388, 12.591874122619629]","[-2.8914120197296143, 1.355733036994934]",-7.780308,-6.1579795,incorrect,False,-15.560616,-12.315959,incorrect,False,-13.457563,-11.790377,incorrect,False
animals,14,Typical,cat,mammal,reptile,0.9907407407,A cat is a type of,What kind of animal is a cat?,A cat is a type of,2,8.693135,39855,"[-2.2539706230163574, 9.367254257202148]","[-0.10547038912773132, 4.2706732749938965]",27858,"[-0.9041188955307007, 11.698186874389648]","[-5.796329498291016, 0.45407986640930176]",-8.538814,-6.941485,incorrect,False,-17.077627,-13.88297,incorrect,False,-14.427288,-13.077436,incorrect,False
animals,14,Typical,cat,mammal,reptile,0.9907407407,A cat is a type of,What kind of animal is a cat?,A cat is a type of,3,8.352644,36156,"[-1.9784990549087524, 9.911873817443848]","[-2.300415515899658, 10.537300109863281]",43175,"[-3.03411865234375, 11.652499198913574]","[0.5855602025985718, 4.822956085205078]",-8.3148,-8.083756,incorrect,False,-16.6296,-16.167513,incorrect,False,-14.231335,-15.286955,correct,True
animals,14,Typical,cat,mammal,reptile,0.9907407407,A cat is a type of,What kind of animal is a cat?,A cat is a type of,4,8.377317,41776,"[-2.7316229343414307, 12.218769073486328]","[1.4427409172058105, 4.9065446853637695]",40045,"[-2.4563381671905518, 12.466096878051758]","[-1.5018292665481567, 0.45911532640457153]",-8.012243,-7.6889205,incorrect,False,-16.024487,-15.377841,incorrect,False,-15.1706295,-14.895346,incorrect,False
animals,14,Typical,cat,mammal,reptile,0.9907407407,A cat is a type of,What kind of animal is a cat?,A cat is a type of,5,8.434841,33636,"[-1.67557954788208, 12.716360092163086]","[1.0173550844192505, 1.3502676486968994]",41470,"[-2.719637632369995, 12.069907188415527]","[-1.323931097984314, 4.036697864532471]",-7.330625,-7.8048863,correct,True,-14.66125,-15.609773,correct,True,-13.9700985,-15.014157,correct,True
animals,14,Typical,cat,mammal,reptile,0.9907407407,A cat is a type of,What kind of animal is a cat?,A cat is a type of,6,8.406335,26471,"[-1.155889868736267, 12.650703430175781]","[3.421187400817871, 4.086582183837891]",42043,"[-3.0771775245666504, 12.941917419433594]","[-1.287324070930481, 4.533973693847656]",-7.025068,-7.787397,correct,True,-14.050136,-15.574794,correct,True,-13.303305,-15.224592,correct,True
animals,14,Typical,cat,mammal,reptile,0.9907407407,A cat is a type of,What kind of animal is a cat?,A cat is a type of,7,8.274057,12769,"[0.40474751591682434, 13.319389343261719]","[2.475400924682617, 5.33756160736084]",42875,"[-3.1656081676483154, 13.342415809631348]","[-0.23125016689300537, -5.121426582336426]",-6.1921506,-7.7897677,correct,True,-12.384301,-15.5795355,correct,True,-11.717151,-15.287507,correct,True
animals,14,Typical,cat,mammal,reptile,0.9907407407,A cat is a type of,What kind of animal is a cat?,A cat is a type of,8,7.885011,5065,"[1.3950408697128296, 14.16283893585205]","[2.3660154342651367, 1.8624768257141113]",39359,"[-3.0649595260620117, 11.628791809082031]","[-0.36748453974723816, 0.3845449686050415]",-5.4337597,-8.073978,correct,True,-10.867519,-16.147957,correct,True,-10.574851,-15.034851,correct,True
animals,14,Typical,cat,mammal,reptile,0.9907407407,A cat is a type of,What kind of animal is a cat?,A cat is a type of,9,8.12873,2083,"[2.2939698696136475, 14.672744750976562]","[-1.324588418006897, 6.846019268035889]",37982,"[-2.990413188934326, 11.959770202636719]","[-0.10953357815742493, 0.23376433551311493]",-4.877104,-7.917806,correct,True,-9.754208,-15.835612,correct,True,-9.555044,-14.839427,correct,True
animals,14,Typical,cat,mammal,reptile,0.9907407407,A cat is a type of,What kind of animal is a cat?,A cat is a type of,10,7.8218102,2446,"[1.7989869117736816, 15.627359390258789]","[1.5411819219589233, 1.8084924221038818]",32315,"[-2.7336463928222656, 11.415305137634277]","[4.715393543243408, 1.2167277336120605]",-4.966904,-7.870347,correct,True,-9.933808,-15.740694,correct,True,-9.839659,-14.372292,correct,True
animals,14,Typical,cat,mammal,reptile,0.9907407407,A cat is a type of,What kind of animal is a cat?,A cat is a type of,11,8.069752,1326,"[2.316534996032715, 14.816376686096191]","[-0.01783159375190735, -0.09232527762651443]",13512,"[-0.6485400795936584, 10.892921447753906]","[0.29317954182624817, 2.898193120956421]",-4.6350083,-6.7879972,correct,True,-9.270017,-13.5759945,correct,True,-9.135403,-12.100477,correct,True
animals,14,Typical,cat,mammal,reptile,0.9907407407,A cat is a type of,What kind of animal is a cat?,A cat is a type of,12,7.961919,1315,"[2.164531707763672, 13.329487800598145]","[2.234921455383301, 2.688730478286743]",10417,"[-0.3814179301261902, 10.588258743286133]","[1.9951282739639282, 0.8115560412406921]",-4.755547,-6.579182,correct,True,-9.511094,-13.158364,correct,True,-9.156874,-11.702823,correct,True
animals,14,Typical,cat,mammal,reptile,0.9907407407,A cat is a type of,What kind of animal is a cat?,A cat is a type of,13,7.790713,678,"[2.6120564937591553, 12.929380416870117]","[5.448646068572998, 4.624134063720703]",5334,"[0.31869763135910034, 9.957347869873047]","[6.1818318367004395, 6.547244071960449]",-4.4795356,-6.4288197,correct,True,-8.959071,-12.857639,correct,True,-8.541203,-10.834561,correct,True
animals,14,Typical,cat,mammal,reptile,0.9907407407,A cat is a type of,What kind of animal is a cat?,A cat is a type of,14,5.823822,149,"[3.9724724292755127, 13.031129837036133]","[0.09006453305482864, 3.3625781536102295]",881,"[2.255368232727051, 10.620288848876953]","[2.8996615409851074, 2.8596606254577637]",-3.9467874,-5.343172,correct,True,-7.8935747,-10.686344,correct,True,-7.5500693,-9.267174,correct,True
animals,14,Typical,cat,mammal,reptile,0.9907407407,A cat is a type of,What kind of animal is a cat?,A cat is a type of,15,4.885536,221,"[3.7121634483337402, 12.844361305236816]","[6.383027076721191, 10.397953033447266]",548,"[2.8647263050079346, 10.64169692993164]","[7.7689290046691895, 10.170679092407227]",-4.2430363,-5.256904,correct,True,-8.486073,-10.513808,correct,True,-8.142276,-8.989714,correct,True
animals,14,Typical,cat,mammal,reptile,0.9907407407,A cat is a type of,What kind of animal is a cat?,A cat is a type of,16,0.9781684,94,"[4.810017108917236, 13.867537498474121]","[1.8267533779144287, 5.125133514404297]",131,"[4.446482181549072, 11.695796012878418]","[-3.1129913330078125, -1.8476978540420532]",-4.881926,-5.4408307,correct,True,-9.763852,-10.881661,correct,True,-9.587076,-9.950611,correct,True
animals,14,Typical,cat,mammal,reptile,0.9907407407,A cat is a type of,What kind of animal is a cat?,A cat is a type of,17,3.4236233,117,"[4.714136123657227, 14.059040069580078]","[3.651853322982788, 2.050543785095215]",419,"[3.3856773376464844, 10.486346244812012]","[-1.5875401496887207, 8.967035293579102]",-4.0506015,-5.775859,correct,True,-8.101203,-11.551718,correct,True,-7.922812,-9.251271,correct,True
animals,14,Typical,cat,mammal,reptile,0.9907407407,A cat is a type of,What kind of animal is a cat?,A cat is a type of,18,4.327889,75,"[4.888763427734375, 13.425410270690918]","[5.883461952209473, 5.220423698425293]",646,"[2.650649309158325, 11.095945358276367]","[1.4513591527938843, 1.8158032894134521]",-3.723229,-5.417391,correct,True,-7.446458,-10.834782,correct,True,-7.191061,-9.429175,correct,True
animals,14,Typical,cat,mammal,reptile,0.9907407407,A cat is a type of,What kind of animal is a cat?,A cat is a type of,19,4.714015,45,"[5.3641037940979, 12.871870040893555]","[2.867710828781128, -0.6924872398376465]",622,"[2.5855042934417725, 9.993817329406738]","[-1.2325396537780762, 4.27432107925415]",-3.3905356,-5.5379467,correct,True,-6.781071,-11.075893,correct,True,-6.5224266,-9.301025,correct,True
animals,14,Typical,cat,mammal,reptile,0.9907407407,A cat is a type of,What kind of animal is a cat?,A cat is a type of,20,6.2294683,40,"[5.525485515594482, 12.941410064697266]","[1.6108860969543457, 10.641233444213867]",795,"[2.289658308029175, 10.715787887573242]","[-3.1715149879455566, 1.8255021572113037]",-3.0648055,-5.199359,correct,True,-6.129611,-10.398718,correct,True,-5.917138,-9.152965,correct,True
animals,14,Typical,cat,mammal,reptile,0.9907407407,A cat is a type of,What kind of animal is a cat?,A cat is a type of,21,6.791829,36,"[5.650028228759766, 14.81760025024414]","[5.897165775299072, 7.563597202301025]",1182,"[1.7998981475830078, 11.064451217651367]","[2.7957706451416016, 6.836048126220703]",-2.8168797,-5.1340556,correct,True,-5.6337595,-10.268111,correct,True,-5.6052585,-9.455389,correct,True
animals,14,Typical,cat,mammal,reptile,0.9907407407,A cat is a type of,What kind of animal is a cat?,A cat is a type of,22,6.8383126,11,"[6.590489387512207, 17.5744571685791]","[3.883780002593994, 3.383415699005127]",930,"[2.2968249320983887, 13.807243347167969]","[5.296646595001221, 7.294448375701904]",-2.3985746,-4.6328464,correct,True,-4.797149,-9.265693,correct,True,-4.7937365,-9.087401,correct,True
animals,14,Typical,cat,mammal,reptile,0.9907407407,A cat is a type of,What kind of animal is a cat?,A cat is a type of,23,4.234895,2,"[12.71017837524414, 26.924968719482422]",,53,"[8.46461296081543, 23.518699645996094]",,-1.1567485,-3.2986321,correct,True,-2.313497,-6.5972643,correct,True,-2.3133154,-6.558881,correct,True
animals,15,Typical,rattlesnake,reptile,amphibian,0.75,A rattlesnake is a type of,What kind of animal is a rattlesnake?,A rattlesnake is a type of,0,9.252008,21901,"[-0.5296519994735718, 13.303110122680664]","[1.0431643724441528, 2.952627182006836]",37096,"[-1.9338546991348267, 13.192673683166504]","[-0.19809681177139282, 5.884260177612305]",-6.2507515,-8.16671,correct,True,-12.501503,-16.33342,correct,True,-12.051979,-13.4561825,correct,True
animals,15,Typical,rattlesnake,reptile,amphibian,0.75,A rattlesnake is a type of,What kind of animal is a rattlesnake?,A rattlesnake is a type of,1,8.961879,16644,"[0.16983884572982788, 12.21977424621582]","[-2.633280038833618, 2.944026470184326]",35911,"[-1.6791808605194092, 13.18459415435791]","[-1.0556238889694214, -4.5979814529418945]",-6.250532,-7.4367585,correct,True,-12.501064,-14.873517,correct,True,-11.813833,-13.662853,correct,True
animals,15,Typical,rattlesnake,reptile,amphibian,0.75,A rattlesnake is a type of,What kind of animal is a rattlesnake?,A rattlesnake is a type of,2,8.693127,26534,"[-0.840880274772644, 11.694969177246094]","[-6.1513214111328125, 1.1174830198287964]",35273,"[-1.7573586702346802, 10.814849853515625]","[-0.6291790008544922, 0.5244650840759277]",-6.894424,-8.080999,correct,True,-13.788848,-16.161999,correct,True,-12.972069,-13.888548,correct,True
animals,15,Typical,rattlesnake,reptile,amphibian,0.75,A rattlesnake is a type of,What kind of animal is a rattlesnake?,A rattlesnake is a type of,3,8.391854,43402,"[-3.149575710296631, 11.504378318786621]","[1.4519472122192383, 3.569321632385254]",32579,"[-1.6332545280456543, 10.299752235412598]","[2.5204665660858154, 1.6871141195297241]",-8.117553,-8.236563,correct,True,-16.235106,-16.473125,correct,True,-15.312257,-13.795936,incorrect,False
animals,15,Typical,rattlesnake,reptile,amphibian,0.75,A rattlesnake is a type of,What kind of animal is a rattlesnake?,A rattlesnake is a type of,4,8.4312,38542,"[-2.1420328617095947, 11.991024017333984]","[0.8568670749664307, 0.9121965169906616]",21384,"[-0.23030568659305573, 10.514379501342773]","[0.7938559651374817, 4.425141334533691]",-7.6442266,-7.5406895,incorrect,False,-15.288453,-15.081379,incorrect,False,-14.629266,-12.717539,incorrect,False
animals,15,Typical,rattlesnake,reptile,amphibian,0.75,A rattlesnake is a type of,What kind of animal is a rattlesnake?,A rattlesnake is a type of,5,8.264901,34119,"[-1.3916001319885254, 12.05485725402832]","[-2.3697779178619385, 2.416451930999756]",17418,"[0.34988489747047424, 11.314223289489746]","[1.5920672416687012, 2.8586785793304443]",-7.3052692,-6.9156656,incorrect,False,-14.6105385,-13.831331,incorrect,False,-14.019423,-12.277937,incorrect,False
animals,15,Typical,rattlesnake,reptile,amphibian,0.75,A rattlesnake is a type of,What kind of animal is a rattlesnake?,A rattlesnake is a type of,6,8.266712,37238,"[-2.1769015789031982, 12.902706146240234]","[-1.2063915729522705, 4.8699774742126465]",8307,"[1.2325564622879028, 11.925886154174805]","[-2.92604398727417, 1.408860445022583]",-7.4548125,-6.1361165,incorrect,False,-14.909625,-12.272233,incorrect,False,-14.539647,-11.130189,incorrect,False
animals,15,Typical,rattlesnake,reptile,amphibian,0.75,A rattlesnake is a type of,What kind of animal is a rattlesnake?,A rattlesnake is a type of,7,8.049242,38226,"[-2.34875226020813, 13.313342094421387]","[-0.6768391132354736, -5.323361873626709]",15693,"[0.10965324938297272, 11.87712574005127]","[-5.122167110443115, 6.715287685394287]",-7.4258056,-6.7139916,incorrect,False,-14.851611,-13.427983,incorrect,False,-14.566777,-12.108372,incorrect,False
animals,15,Typical,rattlesnake,reptile,amphibian,0.75,A rattlesnake is a type of,What kind of animal is a rattlesnake?,A rattlesnake is a type of,8,7.4440694,35543,"[-2.4739112854003906, 11.52608585357666]","[-1.3196399211883545, 0.2504623532295227]",26606,"[-1.4796559810638428, 13.274839401245117]","[1.5296549797058105, 1.84615159034729]",-7.8338785,-7.052606,incorrect,False,-15.667757,-14.105212,incorrect,False,-14.5582485,-13.563993,incorrect,False
animals,15,Typical,rattlesnake,reptile,amphibian,0.75,A rattlesnake is a type of,What kind of animal is a rattlesnake?,A rattlesnake is a type of,9,8.341677,37200,"[-2.762861728668213, 11.97737979888916]","[-0.31722620129585266, -2.373105049133301]",18284,"[-0.7159873843193054, 14.132153511047363]","[-2.4917678833007812, -0.41899362206459045]",-7.78188,-6.34483,incorrect,False,-15.56376,-12.68966,incorrect,False,-14.496606,-12.449732,incorrect,False
animals,15,Typical,rattlesnake,reptile,amphibian,0.75,A rattlesnake is a type of,What kind of animal is a rattlesnake?,A rattlesnake is a type of,10,7.9807115,31893,"[-2.6301991939544678, 10.926309585571289]","[6.287466049194336, 1.6033782958984375]",19331,"[-1.3342187404632568, 13.305408477783203]","[-0.2061847746372223, 1.6425718069076538]",-8.017842,-6.6047754,incorrect,False,-16.035685,-13.209551,incorrect,False,-14.065363,-12.769382,incorrect,False
animals,15,Typical,rattlesnake,reptile,amphibian,0.75,A rattlesnake is a type of,What kind of animal is a rattlesnake?,A rattlesnake is a type of,11,8.600786,9730,"[-0.014182197861373425, 10.679727554321289]","[-2.514756679534912, 2.881948232650757]",19797,"[-1.1416951417922974, 12.74125862121582]","[1.0072847604751587, 3.3634209632873535]",-6.525676,-6.407228,incorrect,False,-13.051352,-12.814456,incorrect,False,-11.243759,-12.371273,correct,True
animals,15,Typical,rattlesnake,reptile,amphibian,0.75,A rattlesnake is a type of,What kind of animal is a rattlesnake?,A rattlesnake is a type of,12,8.300646,13082,"[-0.7422849535942078, 10.551736831665039]","[4.621984481811523, 1.4522761106491089]",11570,"[-0.5650293827056885, 12.434319496154785]","[-0.06196058541536331, 3.7224009037017822]",-6.7179832,-6.055149,incorrect,False,-13.4359665,-12.110298,incorrect,False,-11.793022,-11.615767,incorrect,False
animals,15,Typical,rattlesnake,reptile,amphibian,0.75,A rattlesnake is a type of,What kind of animal is a rattlesnake?,A rattlesnake is a type of,13,8.29892,3343,"[0.7957819700241089, 10.099366188049316]","[10.368291854858398, 6.645777225494385]",9382,"[-0.41648101806640625, 12.329536437988281]","[6.419795036315918, 2.535435199737549]",-6.0857954,-5.8802223,incorrect,False,-12.171591,-11.760445,incorrect,False,-10.108256,-11.320519,correct,True
animals,15,Typical,rattlesnake,reptile,amphibian,0.75,A rattlesnake is a type of,What kind of animal is a rattlesnake?,A rattlesnake is a type of,14,8.207279,142,"[3.7849793434143066, 10.87295913696289]","[11.327919006347656, 2.7442786693573]",1595,"[1.5953388214111328, 11.972216606140137]","[1.6196938753128052, 5.82342004776001]",-4.253539,-4.951053,correct,True,-8.507078,-9.902106,correct,True,-7.1672287,-9.356869,correct,True
animals,15,Typical,rattlesnake,reptile,amphibian,0.75,A rattlesnake is a type of,What kind of animal is a rattlesnake?,A rattlesnake is a type of,15,7.715741,3,"[6.768407821655273, 10.836211204528809]","[10.053506851196289, 11.839802742004395]",1512,"[2.0031917095184326, 12.251852989196777]","[3.4771268367767334, -0.5935585498809814]",-2.9929187,-4.9051046,correct,True,-5.9858375,-9.810209,correct,True,-4.6278367,-9.393053,correct,True
animals,15,Typical,rattlesnake,reptile,amphibian,0.75,A rattlesnake is a type of,What kind of animal is a rattlesnake?,A rattlesnake is a type of,16,3.9515092,2,"[8.9866361618042, 12.389676094055176]","[-1.607946515083313, -1.3012627363204956]",597,"[2.873258352279663, 11.120426177978516]","[-1.6208767890930176, 4.06165075302124]",-1.9345868,-5.1703296,correct,True,-3.8691735,-10.340659,correct,True,-3.314494,-9.427872,correct,True
animals,15,Typical,rattlesnake,reptile,amphibian,0.75,A rattlesnake is a type of,What kind of animal is a rattlesnake?,A rattlesnake is a type of,17,6.5098844,3,"[7.970719337463379, 11.16568374633789]","[0.1727198362350464, 8.945535659790039]",1037,"[2.3791534900665283, 11.053163528442383]","[-3.5002973079681396, 3.321463108062744]",-2.6025457,-5.16152,correct,True,-5.2050915,-10.32304,correct,True,-3.6576777,-9.249244,correct,True
animals,15,Typical,rattlesnake,reptile,amphibian,0.75,A rattlesnake is a type of,What kind of animal is a rattlesnake?,A rattlesnake is a type of,18,7.2059216,4,"[7.185281276702881, 11.792820930480957]","[1.0280132293701172, 1.4480679035186768]",2114,"[1.4083330631256104, 10.629166603088379]","[0.7172665596008301, -0.4199158251285553]",-2.43864,-5.6092024,correct,True,-4.87728,-11.218405,correct,True,-4.1056037,-9.882552,correct,True
animals,15,Typical,rattlesnake,reptile,amphibian,0.75,A rattlesnake is a type of,What kind of animal is a rattlesnake?,A rattlesnake is a type of,19,7.8115153,5,"[6.536468029022217, 10.49658203125]","[-2.877108573913574, 4.557074069976807]",1872,"[1.4364869594573975, 9.153249740600586]","[4.236987113952637, 8.121138572692871]",-2.8761165,-6.0388365,correct,True,-5.752233,-12.077673,correct,True,-4.5467253,-9.646707,correct,True
animals,15,Typical,rattlesnake,reptile,amphibian,0.75,A rattlesnake is a type of,What kind of animal is a rattlesnake?,A rattlesnake is a type of,20,7.7013073,18,"[5.724940776824951, 11.267070770263672]","[-1.5610400438308716, 2.6676247119903564]",843,"[2.2779700756073, 10.349933624267578]","[0.15979580581188202, 3.3525004386901855]",-3.0156343,-5.0889945,correct,True,-6.0312686,-10.177989,correct,True,-5.307561,-8.754532,correct,True
animals,15,Typical,rattlesnake,reptile,amphibian,0.75,A rattlesnake is a type of,What kind of animal is a rattlesnake?,A rattlesnake is a type of,21,7.006711,45,"[5.322190761566162, 11.720246315002441]","[1.1312726736068726, 5.079686641693115]",815,"[2.324551820755005, 10.805234909057617]","[-0.41201895475387573, 3.546006917953491]",-3.1670141,-4.877872,correct,True,-6.3340282,-9.755744,correct,True,-5.8858795,-8.883518,correct,True
animals,15,Typical,rattlesnake,reptile,amphibian,0.75,A rattlesnake is a type of,What kind of animal is a rattlesnake?,A rattlesnake is a type of,22,6.6197124,44,"[5.661169052124023, 14.357486724853516]","[5.77067756652832, 7.028587341308594]",896,"[2.3726274967193604, 12.622950553894043]","[5.519958972930908, 5.617276191711426]",-2.9670076,-4.764532,correct,True,-5.9340153,-9.529064,correct,True,-5.8437376,-9.132279,correct,True
animals,15,Typical,rattlesnake,reptile,amphibian,0.75,A rattlesnake is a type of,What kind of animal is a rattlesnake?,A rattlesnake is a type of,23,3.288877,2,"[13.432624816894531, 24.15996742248535]",,39,"[8.894551277160645, 20.466249465942383]",,-1.0000149,-3.4493651,correct,True,-2.0000298,-6.8987303,correct,True,-1.9874935,-6.525567,correct,True
animals,16,Typical,salmon,fish,mammal,0.9722222222,A salmon is a type of,What kind of animal is a salmon?,A salmon is a type of,0,9.240842,15290,[0.09813712537288666],[-0.27907729148864746],38643,"[-2.065434694290161, 10.79143238067627]","[1.2989753484725952, 4.583968639373779]",-11.458769,-7.784038,incorrect,False,-11.458769,-15.568076,correct,True,-11.458769,-13.622339,correct,True
animals,16,Typical,salmon,fish,mammal,0.9722222222,A salmon is a type of,What kind of animal is a salmon?,A salmon is a type of,1,9.018206,18528,[-0.015120210126042366],[-1.511757254600525],32147,"[-1.270531415939331, 10.341668128967285]","[-3.420759439468384, 3.6314613819122314]",-11.960217,-7.5196705,incorrect,False,-11.960217,-15.039341,correct,True,-11.960217,-13.21563,correct,True
animals,16,Typical,salmon,fish,mammal,0.9722222222,A salmon is a type of,What kind of animal is a salmon?,A salmon is a type of,2,8.747313,25307,[-0.6333494186401367],[-1.4833558797836304],41574,"[-2.47182035446167, 10.134576797485352]","[0.8264003396034241, 3.7155442237854004]",-12.796638,-8.289564,incorrect,False,-12.796638,-16.579128,correct,True,-12.796638,-14.635109,correct,True
animals,16,Typical,salmon,fish,mammal,0.9722222222,A salmon is a type of,What kind of animal is a salmon?,A salmon is a type of,3,8.503301,29516,[-1.1516751050949097],[-4.163442611694336],35215,"[-1.7762832641601562, 10.53205680847168]","[-3.770780086517334, 8.846851348876953]",-13.425922,-7.9633126,incorrect,False,-13.425922,-15.926625,correct,True,-13.425922,-14.05053,correct,True
animals,16,Typical,salmon,fish,mammal,0.9722222222,A salmon is a type of,What kind of animal is a salmon?,A salmon is a type of,4,8.5062685,42851,[-2.8470122814178467],[-1.5946893692016602],44413,"[-3.1708223819732666, 12.9339017868042]","[3.206226348876953, 4.419268608093262]",-15.299763,-8.0899725,incorrect,False,-15.299763,-16.179945,correct,True,-15.299763,-15.623572,correct,True
animals,16,Typical,salmon,fish,mammal,0.9722222222,A salmon is a type of,What kind of animal is a salmon?,A salmon is a type of,5,8.267736,44314,[-3.2621231079101562],[3.176192045211792],29530,"[-1.2346795797348022, 13.232454299926758]","[-0.3867206275463104, 0.552487313747406]",-15.60804,-7.0700855,incorrect,False,-15.60804,-14.140171,incorrect,False,-15.60804,-13.580595,incorrect,False
animals,16,Typical,salmon,fish,mammal,0.9722222222,A salmon is a type of,What kind of animal is a salmon?,A salmon is a type of,6,8.258467,33894,[-2.031259298324585],[0.607994794845581],26782,"[-1.2800828218460083, 12.881735801696777]","[2.7515907287597656, 4.30289363861084]",-14.186598,-7.0365415,incorrect,False,-14.186598,-14.073083,incorrect,False,-14.186598,-13.435421,incorrect,False
animals,16,Typical,salmon,fish,mammal,0.9722222222,A salmon is a type of,What kind of animal is a salmon?,A salmon is a type of,7,8.232845,29908,[-1.5856945514678955],[2.685281991958618],15058,"[-0.0012618296314030886, 13.648266792297363]","[2.0141971111297607, 4.934806823730469]",-13.640611,-6.263478,incorrect,False,-13.640611,-12.526956,incorrect,False,-13.640611,-12.056178,incorrect,False
animals,16,Typical,salmon,fish,mammal,0.9722222222,A salmon is a type of,What kind of animal is a salmon?,A salmon is a type of,8,7.760479,18223,[-0.6351802945137024],[2.9532127380371094],7720,"[0.8050298094749451, 14.562460899353027]","[0.8906031847000122, -0.23734095692634583]",-12.625193,-5.7095194,incorrect,False,-12.625193,-11.419039,incorrect,False,-12.625193,-11.184982,incorrect,False
animals,16,Typical,salmon,fish,mammal,0.9722222222,A salmon is a type of,What kind of animal is a salmon?,A salmon is a type of,9,8.222014,9266,[0.41625481843948364],[0.6218646764755249],5068,"[1.2145068645477295, 14.535383224487305]","[0.19595162570476532, 6.851580619812012]",-11.337471,-5.3817415,incorrect,False,-11.337471,-10.763483,incorrect,False,-11.337471,-10.539219,incorrect,False
animals,16,Typical,salmon,fish,mammal,0.9722222222,A salmon is a type of,What kind of animal is a salmon?,A salmon is a type of,10,8.0113325,5924,[0.608187735080719],[2.1738948822021484],3361,"[1.3084110021591187, 15.701026916503906]","[1.6146831512451172, 2.898367404937744]",-10.859735,-5.132487,incorrect,False,-10.859735,-10.264974,incorrect,False,-10.859735,-10.159512,incorrect,False
animals,16,Typical,salmon,fish,mammal,0.9722222222,A salmon is a type of,What kind of animal is a salmon?,A salmon is a type of,11,8.426829,2910,[1.3340057134628296],[2.5754809379577637],1759,"[1.8564648628234863, 15.328990936279297]","[0.8557205200195312, 0.3391371965408325]",-9.882189,-4.732315,incorrect,False,-9.882189,-9.46463,incorrect,False,-9.882189,-9.35973,incorrect,False
animals,16,Typical,salmon,fish,mammal,0.9722222222,A salmon is a type of,What kind of animal is a salmon?,A salmon is a type of,12,8.111146,1149,[2.0774405002593994],[1.9869120121002197],1169,"[2.053440809249878, 14.020759582519531]","[2.34614896774292, 1.504698395729065]",-9.0185375,-4.6345334,incorrect,False,-9.0185375,-9.269067,correct,True,-9.0185375,-9.042538,correct,True
animals,16,Typical,salmon,fish,mammal,0.9722222222,A salmon is a type of,What kind of animal is a salmon?,A salmon is a type of,13,8.129372,663,[2.428313970565796],[18.847375869750977],587,"[2.562417984008789, 13.345104217529297]","[4.02140998840332, 4.436276435852051]",-8.450129,-4.300032,incorrect,False,-8.450129,-8.600064,correct,True,-8.450129,-8.316025,incorrect,False
animals,16,Typical,salmon,fish,mammal,0.9722222222,A salmon is a type of,What kind of animal is a salmon?,A salmon is a type of,14,7.9876275,1,[7.822612762451172],[7.080348491668701],232,"[3.4916648864746094, 13.518332481384277]","[-0.22271141409873962, 4.121351718902588]",-3.1660876,-3.8379598,correct,True,-3.1660876,-7.6759195,correct,True,-3.1660876,-7.4970355,correct,True
animals,16,Typical,salmon,fish,mammal,0.9722222222,A salmon is a type of,What kind of animal is a salmon?,A salmon is a type of,15,7.811099,1,[9.102953910827637],[28.07625389099121],359,"[3.228811264038086, 13.61597728729248]","[3.7562522888183594, 8.358830451965332]",-2.1885324,-4.109138,correct,True,-2.1885324,-8.218276,correct,True,-2.1885324,-8.062675,correct,True
animals,16,Typical,salmon,fish,mammal,0.9722222222,A salmon is a type of,What kind of animal is a salmon?,A salmon is a type of,16,0.23800382,1,[16.08319091796875],[5.389827251434326],235,"[3.9058926105499268, 14.350483894348145]","[-0.8264209032058716, 5.693653583526611]",-0.025493588,-6.146053,correct,True,-0.025493588,-12.292106,correct,True,-0.025493588,-12.202792,correct,True
animals,16,Typical,salmon,fish,mammal,0.9722222222,A salmon is a type of,What kind of animal is a salmon?,A salmon is a type of,17,0.2907007,1,[15.58083724975586],[1.340377688407898],411,"[3.3397321701049805, 14.73646068572998]","[0.41169029474258423, 1.3007596731185913]",-0.028955486,-6.162876,correct,True,-0.028955486,-12.325752,correct,True,-0.028955486,-12.270061,correct,True
animals,16,Typical,salmon,fish,mammal,0.9722222222,A salmon is a type of,What kind of animal is a salmon?,A salmon is a type of,18,0.7671282,1,[14.127354621887207],[0.595614492893219],484,"[3.0921437740325928, 13.975324630737305]","[-2.5934019088745117, 3.8154494762420654]",-0.079901,-5.60493,correct,True,-0.079901,-11.20986,correct,True,-0.079901,-11.115111,correct,True
animals,16,Typical,salmon,fish,mammal,0.9722222222,A salmon is a type of,What kind of animal is a salmon?,A salmon is a type of,19,2.5033736,1,[12.228161811828613],[-5.050515651702881],975,"[2.068554401397705, 13.101210594177246]","[-1.6220513582229614, -1.3144170045852661]",-0.30704975,-5.2996287,correct,True,-0.30704975,-10.599257,correct,True,-0.30704975,-10.466657,correct,True
animals,16,Typical,salmon,fish,mammal,0.9722222222,A salmon is a type of,What kind of animal is a salmon?,A salmon is a type of,20,4.976747,1,[10.82721996307373],[-8.051267623901367],1297,"[1.7329368591308594, 13.009978294372559]","[1.3843073844909668, 6.509214401245117]",-0.8947145,-5.065176,correct,True,-0.8947145,-10.130352,correct,True,-0.8947145,-9.988997,correct,True
animals,16,Typical,salmon,fish,mammal,0.9722222222,A salmon is a type of,What kind of animal is a salmon?,A salmon is a type of,21,6.7471485,1,[9.108609199523926],[-4.914993762969971],1008,"[1.9947324991226196, 14.24146556854248]","[1.776070475578308, 9.927780151367188]",-2.179491,-4.668053,correct,True,-2.179491,-9.336106,correct,True,-2.179491,-9.293367,correct,True
animals,16,Typical,salmon,fish,mammal,0.9722222222,A salmon is a type of,What kind of animal is a salmon?,A salmon is a type of,22,6.9587736,1,[8.385720252990723],[4.3371429443359375],827,"[2.4186623096466064, 17.657855987548828]","[3.6395905017852783, 3.486898183822632]",-3.0115066,-4.49073,correct,True,-3.0115066,-8.98146,correct,True,-3.0115066,-8.978565,correct,True
animals,16,Typical,salmon,fish,mammal,0.9722222222,A salmon is a type of,What kind of animal is a salmon?,A salmon is a type of,23,2.6165874,1,[15.011861801147461],,219,"[6.827517986297607, 26.054641723632812]",,-0.46274155,-4.323841,correct,True,-0.46274155,-8.647682,correct,True,-0.46274155,-8.647085,correct,True
animals,17,Typical,lion,mammal,fish,0.9907407407,A lion is a type of,What kind of animal is a lion?,A lion is a type of,0,9.257576,38457,"[-2.033931016921997, 10.789257049560547]","[0.8500416278839111, 3.5225675106048584]",15157,[0.10105791687965393],[-0.318922221660614],-7.755361,-11.445658,correct,True,-15.510722,-11.445658,incorrect,False,-13.5806465,-11.445658,incorrect,False
animals,17,Typical,lion,mammal,fish,0.9907407407,A lion is a type of,What kind of animal is a lion?,A lion is a type of,1,9.01017,33638,"[-1.4477540254592896, 9.949416160583496]","[-3.6788296699523926, 3.2947564125061035]",18380,[-0.029248319566249847],[-1.2854655981063843],-7.7836986,-11.94759,correct,True,-15.567397,-11.94759,incorrect,False,-13.3660965,-11.94759,incorrect,False
animals,17,Typical,lion,mammal,fish,0.9907407407,A lion is a type of,What kind of animal is a lion?,A lion is a type of,2,8.713872,42394,"[-2.7414228916168213, 9.702966690063477]","[0.3742031157016754, 3.346430540084839]",23178,[-0.5506390333175659],[-2.020839214324951],-8.595729,-12.625852,correct,True,-17.191458,-12.625852,incorrect,False,-14.816636,-12.625852,incorrect,False
animals,17,Typical,lion,mammal,fish,0.9907407407,A lion is a type of,What kind of animal is a lion?,A lion is a type of,3,8.445118,38821,"[-2.16754412651062, 10.04478931427002]","[-3.262913942337036, 11.917119979858398]",31304,[-1.2923029661178589],[-2.938483715057373],-8.362225,-13.56597,correct,True,-16.72445,-13.56597,incorrect,False,-14.441212,-13.56597,incorrect,False
animals,17,Typical,lion,mammal,fish,0.9907407407,A lion is a type of,What kind of animal is a lion?,A lion is a type of,4,8.448513,45366,"[-3.2966182231903076, 12.941856384277344]","[2.373667001724243, 4.8970208168029785]",41106,[-2.4277119636535645],[-1.4588539600372314],-8.146139,-14.944816,correct,True,-16.292278,-14.944816,incorrect,False,-15.813723,-14.944816,incorrect,False
animals,17,Typical,lion,mammal,fish,0.9907407407,A lion is a type of,What kind of animal is a lion?,A lion is a type of,5,8.387801,35818,"[-1.842735767364502, 13.467752456665039]","[2.7971456050872803, 2.059903621673584]",42794,[-2.8664889335632324],[3.0550341606140137],-7.29185,-15.23271,correct,True,-14.5837,-15.23271,correct,True,-14.208958,-15.23271,correct,True
animals,17,Typical,lion,mammal,fish,0.9907407407,A lion is a type of,What kind of animal is a lion?,A lion is a type of,6,8.443356,20785,"[-0.5808931589126587, 13.564431190490723]","[2.113135576248169, 3.864132881164551]",30700,[-1.610121488571167],[0.562988817691803],-6.534444,-13.734594,correct,True,-13.068888,-13.734594,correct,True,-12.705366,-13.734594,correct,True
animals,17,Typical,lion,mammal,fish,0.9907407407,A lion is a type of,What kind of animal is a lion?,A lion is a type of,7,8.111335,12232,"[0.4049435555934906, 14.127385139465332]","[1.8709797859191895, 3.9452216625213623]",27157,[-1.231024146080017],[1.761036992073059],-6.0009174,-13.298321,correct,True,-12.001835,-13.298321,correct,True,-11.6623535,-13.298321,correct,True
animals,17,Typical,lion,mammal,fish,0.9907407407,A lion is a type of,What kind of animal is a lion?,A lion is a type of,8,7.7941723,5779,"[1.1716474294662476, 14.616986274719238]","[0.15572862327098846, 4.209513187408447]",17508,[-0.5792510509490967],[3.042865514755249],-5.473405,-12.5220585,correct,True,-10.94681,-12.5220585,correct,True,-10.77116,-12.5220585,correct,True
animals,17,Typical,lion,mammal,fish,0.9907407407,A lion is a type of,What kind of animal is a lion?,A lion is a type of,9,8.277753,4986,"[1.3012558221817017, 15.701498031616211]","[-2.7805581092834473, 5.692579746246338]",9192,[0.5055271983146667],[2.1591668128967285],-5.27901,-11.266769,correct,True,-10.55802,-11.266769,correct,True,-10.471041,-11.266769,correct,True
animals,17,Typical,lion,mammal,fish,0.9907407407,A lion is a type of,What kind of animal is a lion?,A lion is a type of,10,7.8868527,7248,"[0.33553454279899597, 16.397464752197266]","[4.080099105834961, 0.5124070644378662]",3674,[1.2501583099365234],[1.6301840543746948],-5.626584,-10.281206,correct,True,-11.253168,-10.281206,incorrect,False,-11.195829,-10.281206,incorrect,False
animals,17,Typical,lion,mammal,fish,0.9907407407,A lion is a type of,What kind of animal is a lion?,A lion is a type of,11,8.310801,1768,"[1.8876842260360718, 15.067694664001465]","[-0.5482502579689026, 0.7036747932434082]",2026,[1.7602753639221191],[3.3436968326568604],-4.75368,-9.520043,correct,True,-9.50736,-9.520043,correct,True,-9.392634,-9.520043,correct,True
animals,17,Typical,lion,mammal,fish,0.9907407407,A lion is a type of,What kind of animal is a lion?,A lion is a type of,12,8.487825,2066,"[1.5963168144226074, 13.806379318237305]","[1.2189472913742065, 2.1664435863494873]",683,[2.676732301712036],[0.6235418915748596],-4.8766704,-8.433281,correct,True,-9.753341,-8.433281,incorrect,False,-9.513697,-8.433281,incorrect,False
animals,17,Typical,lion,mammal,fish,0.9907407407,A lion is a type of,What kind of animal is a lion?,A lion is a type of,13,8.360136,1298,"[1.8212926387786865, 13.283489227294922]","[5.143826007843018, 3.7439615726470947]",613,[2.5471200942993164],[6.239449501037598],-4.7167478,-8.3692665,correct,True,-9.4334955,-8.3692665,incorrect,False,-9.095095,-8.3692665,incorrect,False
animals,17,Typical,lion,mammal,fish,0.9907407407,A lion is a type of,What kind of animal is a lion?,A lion is a type of,14,8.386756,329,"[3.044344902038574, 13.155200004577637]","[1.0621925592422485, 2.7331793308258057]",95,[3.9405312538146973],[4.162797927856445],-4.0383058,-6.903597,correct,True,-8.0766115,-6.903597,incorrect,False,-7.7997828,-6.903597,incorrect,False
animals,17,Typical,lion,mammal,fish,0.9907407407,A lion is a type of,What kind of animal is a lion?,A lion is a type of,15,8.477023,339,"[3.0730934143066406, 12.805954933166504]","[7.063579559326172, 8.5662841796875]",50,[4.593269348144531],[4.368187427520752],-4.1097755,-6.392925,correct,True,-8.219551,-6.392925,incorrect,False,-7.9131007,-6.392925,incorrect,False
animals,17,Typical,lion,mammal,fish,0.9907407407,A lion is a type of,What kind of animal is a lion?,A lion is a type of,16,4.45732,81,"[4.427332878112793, 13.582033157348633]","[3.4018778800964355, 6.4515838623046875]",41,[5.014145374298096],[-0.035732168704271317],-3.820603,-6.843899,correct,True,-7.641206,-6.843899,incorrect,False,-7.4307113,-6.843899,incorrect,False
animals,17,Typical,lion,mammal,fish,0.9907407407,A lion is a type of,What kind of animal is a lion?,A lion is a type of,17,6.278777,74,"[4.620594501495361, 14.020702362060547]","[5.428183555603027, 2.3772170543670654]",97,[4.440547943115234],[0.1132933497428894],-3.5095346,-7.0120735,correct,True,-7.019069,-7.0120735,incorrect,False,-6.832027,-7.0120735,correct,True
animals,17,Typical,lion,mammal,fish,0.9907407407,A lion is a type of,What kind of animal is a lion?,A lion is a type of,18,6.7144456,30,"[5.097864151000977, 13.38235855102539]","[4.566938877105713, 4.416616916656494]",154,[3.81482195854187],[2.9161272048950195],-3.1803815,-7.382575,correct,True,-6.360763,-7.382575,correct,True,-6.099533,-7.382575,correct,True
animals,17,Typical,lion,mammal,fish,0.9907407407,A lion is a type of,What kind of animal is a lion?,A lion is a type of,19,7.2582397,29,"[5.286595344543457, 12.679323196411133]","[2.360628843307495, -2.293009042739868]",142,[3.8520615100860596],[0.2429574579000473],-3.0134923,-7.1655064,correct,True,-6.0269847,-7.1655064,correct,True,-5.7309723,-7.1655064,correct,True
animals,17,Typical,lion,mammal,fish,0.9907407407,A lion is a type of,What kind of animal is a lion?,A lion is a type of,20,7.5393972,31,"[5.354489326477051, 12.46821403503418]","[1.0036371946334839, 9.295032501220703]",190,[3.681025505065918],[1.626162052154541],-2.9604256,-7.2747526,correct,True,-5.920851,-7.2747526,correct,True,-5.601289,-7.2747526,correct,True
animals,17,Typical,lion,mammal,fish,0.9907407407,A lion is a type of,What kind of animal is a lion?,A lion is a type of,21,7.6038074,29,"[5.373419284820557, 13.988826751708984]","[1.7781966924667358, 6.688345909118652]",172,[3.803227424621582],[3.5425283908843994],-2.8272538,-7.164475,correct,True,-5.6545076,-7.164475,correct,True,-5.594283,-7.164475,correct,True
animals,17,Typical,lion,mammal,fish,0.9907407407,A lion is a type of,What kind of animal is a lion?,A lion is a type of,22,7.642481,22,"[5.698868751525879, 16.491348266601562]","[3.0806071758270264, 3.902982234954834]",107,[4.35929012298584],[3.269166946411133],-2.7155757,-6.761297,correct,True,-5.4311514,-6.761297,correct,True,-5.4217186,-6.761297,correct,True
animals,17,Typical,lion,mammal,fish,0.9907407407,A lion is a type of,What kind of animal is a lion?,A lion is a type of,23,5.157276,5,"[11.096477508544922, 25.55164337158203]",,29,[9.107041358947754],,-1.7132812,-5.4152403,correct,True,-3.4265623,-5.4152403,correct,True,-3.4258044,-5.4152403,correct,True
animals,18,Typical,horse,mammal,bird,0.9814814815,A horse is a type of,What kind of animal is a horse?,A horse is a type of,0,9.246594,39933,"[-2.1927361488342285, 10.44119930267334]","[1.0516071319580078, 4.044038772583008]",15886,[0.05306776612997055],[1.2852673530578613],-7.9895887,-11.519379,correct,True,-15.979177,-11.519379,incorrect,False,-13.7651825,-11.519379,incorrect,False
animals,18,Typical,horse,mammal,bird,0.9814814815,A horse is a type of,What kind of animal is a horse?,A horse is a type of,1,8.994775,34804,"[-1.519661545753479, 9.839670181274414]","[-3.6895625591278076, 1.1429002285003662]",12063,[0.6870384216308594],[-4.730603218078613],-7.873587,-11.28737,correct,True,-15.747174,-11.28737,incorrect,False,-13.49407,-11.28737,incorrect,False
animals,18,Typical,horse,mammal,bird,0.9814814815,A horse is a type of,What kind of animal is a horse?,A horse is a type of,2,8.694868,43054,"[-2.821821451187134, 9.152941703796387]","[0.39073148369789124, 4.855318069458008]",31611,[-1.3360190391540527],[-0.5837311148643494],-8.89502,-13.468273,correct,True,-17.79004,-13.468273,incorrect,False,-14.954075,-13.468273,incorrect,False
animals,18,Typical,horse,mammal,bird,0.9814814815,A horse is a type of,What kind of animal is a horse?,A horse is a type of,3,8.342569,37936,"[-2.2453110218048096, 9.79531192779541]","[-3.1977834701538086, 11.508221626281738]",30417,[-1.37824547290802],[-0.6388898491859436],-8.475098,-13.59479,correct,True,-16.950195,-13.59479,incorrect,False,-14.461856,-13.59479,incorrect,False
animals,18,Typical,horse,mammal,bird,0.9814814815,A horse is a type of,What kind of animal is a horse?,A horse is a type of,4,8.330738,44517,"[-3.348857879638672, 12.355268478393555]","[2.212494373321533, 4.6004767417907715]",32138,[-1.5125415325164795],[-1.221423864364624],-8.2523365,-13.897531,correct,True,-16.504673,-13.897531,incorrect,False,-15.733847,-13.897531,incorrect,False
animals,18,Typical,horse,mammal,bird,0.9814814815,A horse is a type of,What kind of animal is a horse?,A horse is a type of,5,8.337195,34958,"[-1.8444061279296875, 12.638304710388184]","[1.1156949996948242, 1.2729324102401733]",35114,[-1.8643403053283691],[1.4559236764907837],-7.4361043,-14.162205,correct,True,-14.872209,-14.162205,incorrect,False,-14.142271,-14.162205,correct,True
animals,18,Typical,horse,mammal,bird,0.9814814815,A horse is a type of,What kind of animal is a horse?,A horse is a type of,6,8.412917,26888,"[-1.2652164697647095, 12.663152694702148]","[2.719849109649658, 3.8362464904785156]",26335,[-1.2116402387619019],[4.421032905578613],-7.036901,-13.3092,correct,True,-14.073802,-13.3092,incorrect,False,-13.362777,-13.3092,incorrect,False
animals,18,Typical,horse,mammal,bird,0.9814814815,A horse is a type of,What kind of animal is a horse?,A horse is a type of,7,8.442556,16390,"[-0.03935304656624794, 13.306730270385742]","[3.132194995880127, 4.933403968811035]",11277,[0.6047113537788391],[2.0689449310302734],-6.3825607,-11.47033,correct,True,-12.765121,-11.47033,incorrect,False,-12.114395,-11.47033,incorrect,False
animals,18,Typical,horse,mammal,bird,0.9814814815,A horse is a type of,What kind of animal is a horse?,A horse is a type of,8,7.7962155,5840,"[1.1952707767486572, 14.104997634887695]","[2.5252296924591064, 2.509983539581299]",4986,[1.4018030166625977],[3.430429697036743],-5.5583935,-10.578199,correct,True,-11.116787,-10.578199,incorrect,False,-10.784731,-10.578199,incorrect,False
animals,18,Typical,horse,mammal,bird,0.9814814815,A horse is a type of,What kind of animal is a horse?,A horse is a type of,9,7.9236097,2224,"[2.196575164794922, 14.80356216430664]","[-1.4221093654632568, 6.774770259857178]",1449,[2.6709604263305664],[0.7708907127380371],-4.9518275,-9.204008,correct,True,-9.903655,-9.204008,incorrect,False,-9.678392,-9.204008,incorrect,False
animals,18,Typical,horse,mammal,bird,0.9814814815,A horse is a type of,What kind of animal is a horse?,A horse is a type of,10,7.687096,2581,"[1.673522710800171, 15.815787315368652]","[3.0468499660491943, 1.5439091920852661]",935,[2.8232929706573486],[5.3891448974609375],-5.0281997,-8.806606,correct,True,-10.056399,-8.806606,incorrect,False,-9.956376,-8.806606,incorrect,False
animals,18,Typical,horse,mammal,bird,0.9814814815,A horse is a type of,What kind of animal is a horse?,A horse is a type of,11,7.9210076,839,"[2.768136739730835, 14.97807502746582]","[-1.0477060079574585, 0.01080403570085764]",112,[4.652769565582275],[-5.058114051818848],-4.4067216,-6.7813625,correct,True,-8.813443,-6.7813625,incorrect,False,-8.665995,-6.7813625,incorrect,False
animals,18,Typical,horse,mammal,bird,0.9814814815,A horse is a type of,What kind of animal is a horse?,A horse is a type of,12,7.9203258,1170,"[2.2239627838134766, 13.542081832885742]","[3.1384618282318115, 2.6255922317504883]",883,[2.5408082008361816],[0.9751563668251038],-4.6863427,-8.723339,correct,True,-9.372685,-8.723339,incorrect,False,-9.040184,-8.723339,incorrect,False
animals,18,Typical,horse,mammal,bird,0.9814814815,A horse is a type of,What kind of animal is a horse?,A horse is a type of,13,7.848627,455,"[2.92712664604187, 13.121232986450195]","[3.801744222640991, 4.147894859313965]",668,[2.5537989139556885],[6.126821994781494],-4.269187,-8.494059,correct,True,-8.538374,-8.494059,incorrect,False,-8.12073,-8.494059,correct,True
animals,18,Typical,horse,mammal,bird,0.9814814815,A horse is a type of,What kind of animal is a horse?,A horse is a type of,14,7.629936,183,"[3.6783671379089355, 13.14029598236084]","[1.1855270862579346, 3.0941576957702637]",127,[3.977550506591797],[3.1152610778808594],-3.8660474,-7.0879145,correct,True,-7.732095,-7.0879145,incorrect,False,-7.387098,-7.0879145,incorrect,False
animals,18,Typical,horse,mammal,bird,0.9814814815,A horse is a type of,What kind of animal is a horse?,A horse is a type of,15,7.393714,212,"[3.7190983295440674, 12.887133598327637]","[6.615633010864258, 9.504598617553711]",92,[4.418311595916748],[5.8200507164001465],-3.9407756,-6.8564157,correct,True,-7.8815513,-6.8564157,incorrect,False,-7.5556293,-6.8564157,incorrect,False
animals,18,Typical,horse,mammal,bird,0.9814814815,A horse is a type of,What kind of animal is a horse?,A horse is a type of,16,2.3265147,69,"[4.9360551834106445, 13.800235748291016]","[2.993903636932373, 5.213991165161133]",46,[5.295785903930664],[1.0240743160247803],-4.185361,-7.8334675,correct,True,-8.370722,-7.8334675,incorrect,False,-8.193198,-7.8334675,incorrect,False
animals,18,Typical,horse,mammal,bird,0.9814814815,A horse is a type of,What kind of animal is a horse?,A horse is a type of,17,3.953749,78,"[5.012351989746094, 13.989802360534668]","[4.676665306091309, 2.9387781620025635]",85,[4.887640953063965],[3.434091567993164],-3.7519825,-7.4533153,correct,True,-7.503965,-7.4533153,incorrect,False,-7.328604,-7.4533153,correct,True
animals,18,Typical,horse,mammal,bird,0.9814814815,A horse is a type of,What kind of animal is a horse?,A horse is a type of,18,4.2611322,41,"[5.300686359405518, 13.545997619628906]","[3.8479156494140625, 6.206918239593506]",66,[4.917983055114746],[3.767143726348877],-3.4876778,-7.1540236,correct,True,-6.9753556,-7.1540236,correct,True,-6.7713203,-7.1540236,correct,True
animals,18,Typical,horse,mammal,bird,0.9814814815,A horse is a type of,What kind of animal is a horse?,A horse is a type of,19,5.165901,45,"[5.331856727600098, 13.205676078796387]","[0.9656218886375427, -2.3100342750549316]",72,[4.977512359619141],[-1.798021912574768],-3.2686026,-6.716584,correct,True,-6.537205,-6.716584,correct,True,-6.36224,-6.716584,correct,True
animals,18,Typical,horse,mammal,bird,0.9814814815,A horse is a type of,What kind of animal is a horse?,A horse is a type of,20,6.76765,51,"[5.2206525802612305, 13.002156257629395]","[4.6327033042907715, 11.115591049194336]",122,[4.457568645477295],[-2.5123636722564697],-3.1111088,-6.8127527,correct,True,-6.2222176,-6.8127527,correct,True,-6.0496683,-6.8127527,correct,True
animals,18,Typical,horse,mammal,bird,0.9814814815,A horse is a type of,What kind of animal is a horse?,A horse is a type of,21,7.099281,27,"[5.784916877746582, 14.888100624084473]","[3.917957305908203, 7.493892669677734]",186,[4.002841949462891],[5.761085510253906],-2.731492,-7.2189455,correct,True,-5.462984,-7.2189455,correct,True,-5.4368706,-7.2189455,correct,True
animals,18,Typical,horse,mammal,bird,0.9814814815,A horse is a type of,What kind of animal is a horse?,A horse is a type of,22,7.123203,12,"[6.481961727142334, 17.684703826904297]","[3.2144157886505127, 3.7777717113494873]",78,[4.946500778198242],[4.522341728210449],-2.4315403,-6.3949585,correct,True,-4.8630805,-6.3949585,correct,True,-4.859498,-6.3949585,correct,True
animals,18,Typical,horse,mammal,bird,0.9814814815,A horse is a type of,What kind of animal is a horse?,A horse is a type of,23,4.63632,2,"[11.850885391235352, 26.128637313842773]",,9,[10.788130760192871],,-1.4636513,-3.9895897,correct,True,-2.9273026,-3.9895897,correct,True,-2.926835,-3.9895897,correct,True
animals,19,Typical,sparrow,bird,mammal,1.0,A sparrow is a type of,What kind of animal is a sparrow?,A sparrow is a type of,0,9.25861,15343,[0.06230762228369713],[1.5536282062530518],39047,"[-2.1415793895721436, 10.477799415588379]","[0.8303088545799255, 5.4907708168029785]",-11.464365,-7.9528856,incorrect,False,-11.464365,-15.905771,correct,True,-11.464365,-13.668253,correct,True
animals,19,Typical,sparrow,bird,mammal,1.0,A sparrow is a type of,What kind of animal is a sparrow?,A sparrow is a type of,1,9.084429,11245,[0.7848612070083618],[-4.068016052246094],35462,"[-1.5656869411468506, 10.40031909942627]","[-2.3300118446350098, 1.880057692527771]",-11.153332,-7.6464853,incorrect,False,-11.153332,-15.292971,correct,True,-11.153332,-13.5038805,correct,True
animals,19,Typical,sparrow,bird,mammal,1.0,A sparrow is a type of,What kind of animal is a sparrow?,A sparrow is a type of,2,8.769789,28692,[-0.8880969882011414],[0.3561828136444092],40856,"[-2.2763938903808594, 9.799899101257324]","[0.3133191168308258, 5.179468154907227]",-13.075107,-8.373959,incorrect,False,-13.075107,-16.747917,correct,True,-13.075107,-14.463404,correct,True
animals,19,Typical,sparrow,bird,mammal,1.0,A sparrow is a type of,What kind of animal is a sparrow?,A sparrow is a type of,3,8.355382,22626,[-0.6016042828559875],[-0.3989304006099701],34324,"[-1.8045405149459839, 10.422300338745117]","[-3.0058281421661377, 9.275312423706055]",-12.778133,-7.9490604,incorrect,False,-12.778133,-15.898121,correct,True,-12.778133,-13.98107,correct,True
animals,19,Typical,sparrow,bird,mammal,1.0,A sparrow is a type of,What kind of animal is a sparrow?,A sparrow is a type of,4,8.423119,24857,[-0.6777238249778748],[-0.8805751800537109],42505,"[-2.855437755584717, 12.534940719604492]","[1.4838017225265503, 4.829968452453613]",-13.054373,-7.9411936,incorrect,False,-13.054373,-15.882387,correct,True,-13.054373,-15.232087,correct,True
animals,19,Typical,sparrow,bird,mammal,1.0,A sparrow is a type of,What kind of animal is a sparrow?,A sparrow is a type of,5,8.444015,25948,[-0.9703335165977478],[1.0051498413085938],33939,"[-1.8162192106246948, 13.160022735595703]","[1.7899593114852905, -0.4888724982738495]",-13.178047,-7.2513466,incorrect,False,-13.178047,-14.502693,correct,True,-13.178047,-14.023933,correct,True
animals,19,Typical,sparrow,bird,mammal,1.0,A sparrow is a type of,What kind of animal is a sparrow?,A sparrow is a type of,6,8.250288,18659,[-0.5034810304641724],[3.6283161640167236],22812,"[-0.9659739136695862, 12.682425498962402]","[3.3400731086730957, 4.101378440856934]",-12.610912,-6.906506,incorrect,False,-12.610912,-13.813012,correct,True,-12.610912,-13.073406,correct,True
animals,19,Typical,sparrow,bird,mammal,1.0,A sparrow is a type of,What kind of animal is a sparrow?,A sparrow is a type of,7,8.097184,7355,[1.1514892578125],[0.6478205919265747],10306,"[0.6674410104751587, 13.341896057128906]","[1.5855011940002441, 6.539505481719971]",-10.960204,-6.0456543,incorrect,False,-10.960204,-12.091309,correct,True,-10.960204,-11.444252,correct,True
animals,19,Typical,sparrow,bird,mammal,1.0,A sparrow is a type of,What kind of animal is a sparrow?,A sparrow is a type of,8,7.578083,4931,[1.4070627689361572],[3.911198616027832],5244,"[1.3314331769943237, 14.522616386413574]","[0.0999155193567276, 1.8091034889221191]",-10.618423,-5.4480786,incorrect,False,-10.618423,-10.896157,correct,True,-10.618423,-10.694053,correct,True
animals,19,Typical,sparrow,bird,mammal,1.0,A sparrow is a type of,What kind of animal is a sparrow?,A sparrow is a type of,9,7.626839,949,[2.934619426727295],[-0.5861470699310303],3491,"[1.522178292274475, 15.002969741821289]","[0.5522451400756836, 6.381809711456299]",-8.862466,-5.2116394,incorrect,False,-8.862466,-10.423279,correct,True,-8.862466,-10.274907,correct,True
animals,19,Typical,sparrow,bird,mammal,1.0,A sparrow is a type of,What kind of animal is a sparrow?,A sparrow is a type of,10,7.3653727,925,[2.6561970710754395],[5.676974296569824],2148,"[1.7247096300125122, 15.864790916442871]","[0.9453127384185791, 1.9228148460388184]",-8.911151,-4.9641085,incorrect,False,-8.911151,-9.928217,correct,True,-8.911151,-9.842639,correct,True
animals,19,Typical,sparrow,bird,mammal,1.0,A sparrow is a type of,What kind of animal is a sparrow?,A sparrow is a type of,11,8.0765,110,[4.515200614929199],[-1.2493351697921753],1554,"[1.9917118549346924, 15.028839111328125]","[-0.3410497307777405, 0.39895743131637573]",-6.793639,-4.7262774,incorrect,False,-6.793639,-9.452555,correct,True,-6.793639,-9.317128,correct,True
animals,19,Typical,sparrow,bird,mammal,1.0,A sparrow is a type of,What kind of animal is a sparrow?,A sparrow is a type of,12,7.727544,211,[3.7429585456848145],[6.8413286209106445],1521,"[1.7783215045928955, 13.715872764587402]","[1.8332043886184692, 3.4422831535339355]",-7.443368,-4.862908,incorrect,False,-7.443368,-9.725816,correct,True,-7.443368,-9.408006,correct,True
animals,19,Typical,sparrow,bird,mammal,1.0,A sparrow is a type of,What kind of animal is a sparrow?,A sparrow is a type of,13,8.071825,13,[5.543117523193359],[12.680218696594238],845,"[2.214062213897705, 13.448198318481445]","[4.202210426330566, 3.1801645755767822]",-5.3977833,-4.511879,incorrect,False,-5.3977833,-9.023758,correct,True,-5.3977833,-8.726838,correct,True
animals,19,Typical,sparrow,bird,mammal,1.0,A sparrow is a type of,What kind of animal is a sparrow?,A sparrow is a type of,14,7.525103,1,[8.575922012329102],[7.292943477630615],302,"[3.209426164627075, 13.251972198486328]","[3.099574565887451, 4.93836784362793]",-2.4736118,-4.058034,correct,True,-2.4736118,-8.116068,correct,True,-2.4736118,-7.840108,correct,True
animals,19,Typical,sparrow,bird,mammal,1.0,A sparrow is a type of,What kind of animal is a sparrow?,A sparrow is a type of,15,6.1173,2,[9.809222221374512],[23.627979278564453],168,"[3.815218925476074, 13.498941421508789]","[5.063429355621338, 9.932558059692383]",-1.8584352,-4.0221515,correct,True,-1.8584352,-8.044303,correct,True,-1.8584352,-7.8524384,correct,True
animals,19,Typical,sparrow,bird,mammal,1.0,A sparrow is a type of,What kind of animal is a sparrow?,A sparrow is a type of,16,0.63400906,1,[15.177884101867676],[-0.40811052918434143],99,"[4.770559310913086, 14.55782699584961]","[1.095786452293396, 5.938106060028076]",-0.11979792,-5.307506,correct,True,-0.11979792,-10.615012,correct,True,-0.11979792,-10.5271225,correct,True
animals,19,Typical,sparrow,bird,mammal,1.0,A sparrow is a type of,What kind of animal is a sparrow?,A sparrow is a type of,17,1.5403892,1,[13.582524299621582],[3.66754412651062],130,"[4.575149059295654, 14.954445838928223]","[0.255068302154541, 2.0728983879089355]",-0.2903123,-4.6819887,correct,True,-0.2903123,-9.363977,correct,True,-0.2903123,-9.297688,correct,True
animals,19,Typical,sparrow,bird,mammal,1.0,A sparrow is a type of,What kind of animal is a sparrow?,A sparrow is a type of,18,1.9168193,1,[13.020939826965332],[-3.2795300483703613],167,"[4.185318470001221, 14.273565292358398]","[-1.5988099575042725, 5.5211286544799805]",-0.3922731,-4.662682,correct,True,-0.3922731,-9.325364,correct,True,-0.3922731,-9.227894,correct,True
animals,19,Typical,sparrow,bird,mammal,1.0,A sparrow is a type of,What kind of animal is a sparrow?,A sparrow is a type of,19,5.1246085,1,[10.604186058044434],[-1.847368597984314],357,"[3.3060827255249023, 13.680933952331543]","[0.6997017860412598, -3.693598508834839]",-1.1590066,-4.2783194,correct,True,-1.1590066,-8.556639,correct,True,-1.1590066,-8.457109,correct,True
animals,19,Typical,sparrow,bird,mammal,1.0,A sparrow is a type of,What kind of animal is a sparrow?,A sparrow is a type of,20,5.852792,1,[9.945632934570312],[-10.610135078430176],344,"[3.3648931980133057, 13.1703462600708]","[-1.5707424879074097, 12.208395004272461]",-1.6885214,-4.2055902,correct,True,-1.6885214,-8.4111805,correct,True,-1.6885214,-8.269261,correct,True
animals,19,Typical,sparrow,bird,mammal,1.0,A sparrow is a type of,What kind of animal is a sparrow?,A sparrow is a type of,21,6.4389834,3,[7.940572738647461],[0.3018933832645416],468,"[3.069524049758911, 15.396129608154297]","[1.5459972620010376, 5.055354118347168]",-3.5371556,-4.2115693,correct,True,-3.5371556,-8.423139,correct,True,-3.5371556,-8.408205,correct,True
animals,19,Typical,sparrow,bird,mammal,1.0,A sparrow is a type of,What kind of animal is a sparrow?,A sparrow is a type of,22,5.803033,3,[8.163115501403809],[4.119349956512451],403,"[3.45206880569458, 17.789018630981445]","[3.4600071907043457, 2.1651084423065186]",-3.6540365,-4.1838584,correct,True,-3.6540365,-8.367717,correct,True,-3.6540365,-8.365084,correct,True
animals,19,Typical,sparrow,bird,mammal,1.0,A sparrow is a type of,What kind of animal is a sparrow?,A sparrow is a type of,23,2.97432,1,[15.08247184753418],,90,"[8.275406837463379, 27.640871047973633]",,-0.7023261,-3.7547355,correct,True,-0.7023261,-7.509471,correct,True,-0.7023261,-7.5093913,correct,True
