item_id,profession,profession_bias,condition,cue,prefix,correct,incorrect,model_input,layer_idx,entropy_first_token,rank_correct_first_token,logits_correct,logits_deltas_correct,rank_incorrect_first_token,logits_incorrect,logits_deltas_incorrect,mean_logprob_correct,mean_logprob_incorrect,mean_logprob_response,mean_logprob_response_isCorrect,sum_logprob_correct,sum_logprob_incorrect,sum_logprob_response,sum_logprob_response_isCorrect,first_logprob_correct,first_logprob_incorrect,first_logprob_response,first_logprob_response_isCorrect,task
0,CEO,man,consistent,The CEO is somebody's grandfather.,The CEO is somebody's grandfather. The CEO is a,man,woman,The CEO is somebody's grandfather. The CEO is a,0,9.268753,35781,[-1.772805094718933],[-2.497525930404663],13520,[0.290027916431427],[-2.007157325744629],-13.358016,-11.295183,incorrect,False,-13.358016,-11.295183,incorrect,False,-13.358016,-11.295183,incorrect,False,gender
0,CEO,man,consistent,The CEO is somebody's grandfather.,The CEO is somebody's grandfather. The CEO is a,man,woman,The CEO is somebody's grandfather. The CEO is a,1,9.069341,42815,[-2.553748369216919],[-0.8110969662666321],21729,[-0.31797948479652405],[-0.7079489231109619],-14.37339,-12.137621,incorrect,False,-14.37339,-12.137621,incorrect,False,-14.37339,-12.137621,incorrect,False,gender
0,CEO,man,consistent,The CEO is somebody's grandfather.,The CEO is somebody's grandfather. The CEO is a,man,woman,The CEO is somebody's grandfather. The CEO is a,2,8.976965,41330,[-2.468721628189087],[3.4143130779266357],22183,[-0.4726903438568115],[0.3551262617111206],-14.2308445,-12.234814,incorrect,False,-14.2308445,-12.234814,incorrect,False,-14.2308445,-12.234814,incorrect,False,gender
0,CEO,man,consistent,The CEO is somebody's grandfather.,The CEO is somebody's grandfather. The CEO is a,man,woman,The CEO is somebody's grandfather. The CEO is a,3,8.3166,30394,[-1.5190824270248413],[-1.883033037185669],18025,[-0.31645524501800537],[-2.9790196418762207],-13.440948,-12.23832,incorrect,False,-13.440948,-12.23832,incorrect,False,-13.440948,-12.23832,incorrect,False,gender
0,CEO,man,consistent,The CEO is somebody's grandfather.,The CEO is somebody's grandfather. The CEO is a,man,woman,The CEO is somebody's grandfather. The CEO is a,4,8.068038,34158,[-2.11161208152771],[2.1098546981811523],26031,[-1.2264078855514526],[1.1854277849197388],-14.133507,-13.248302,incorrect,False,-14.133507,-13.248302,incorrect,False,-14.133507,-13.248302,incorrect,False,gender
0,CEO,man,consistent,The CEO is somebody's grandfather.,The CEO is somebody's grandfather. The CEO is a,man,woman,The CEO is somebody's grandfather. The CEO is a,5,8.088527,25896,[-1.2231802940368652],[2.8204381465911865],20134,[-0.6418043375015259],[-0.3713430166244507],-13.268501,-12.687125,incorrect,False,-13.268501,-12.687125,incorrect,False,-13.268501,-12.687125,incorrect,False,gender
0,CEO,man,consistent,The CEO is somebody's grandfather.,The CEO is somebody's grandfather. The CEO is a,man,woman,The CEO is somebody's grandfather. The CEO is a,6,7.949336,15753,[-0.24787537753582],[1.6846213340759277],19893,[-0.7133032083511353],[0.36350905895233154],-12.251047,-12.7164755,correct,True,-12.251047,-12.7164755,correct,True,-12.251047,-12.7164755,correct,True,gender
0,CEO,man,consistent,The CEO is somebody's grandfather.,The CEO is somebody's grandfather. The CEO is a,man,woman,The CEO is somebody's grandfather. The CEO is a,7,8.4360695,13050,[0.29148542881011963],[1.8447149991989136],20084,[-0.47715994715690613],[2.5370168685913086],-11.653765,-12.42241,correct,True,-11.653765,-12.42241,correct,True,-11.653765,-12.42241,correct,True,gender
0,CEO,man,consistent,The CEO is somebody's grandfather.,The CEO is somebody's grandfather. The CEO is a,man,woman,The CEO is somebody's grandfather. The CEO is a,8,7.291538,7038,[0.8130704164505005],[5.506242275238037],9414,[0.4115711450576782],[2.7538678646087646],-11.202191,-11.60369,correct,True,-11.202191,-11.60369,correct,True,-11.202191,-11.60369,correct,True,gender
0,CEO,man,consistent,The CEO is somebody's grandfather.,The CEO is somebody's grandfather. The CEO is a,man,woman,The CEO is somebody's grandfather. The CEO is a,9,6.799555,1210,[2.6388394832611084],[2.3672845363616943],3634,[1.4213062524795532],[-0.3202272355556488],-9.390078,-10.607611,correct,True,-9.390078,-10.607611,correct,True,-9.390078,-10.607611,correct,True,gender
0,CEO,man,consistent,The CEO is somebody's grandfather.,The CEO is somebody's grandfather. The CEO is a,man,woman,The CEO is somebody's grandfather. The CEO is a,10,6.869238,671,[3.1519203186035156],[2.9652390480041504],3719,[1.224387288093567],[3.919931411743164],-8.727208,-10.654741,correct,True,-8.727208,-10.654741,correct,True,-8.727208,-10.654741,correct,True,gender
0,CEO,man,consistent,The CEO is somebody's grandfather.,The CEO is somebody's grandfather. The CEO is a,man,woman,The CEO is somebody's grandfather. The CEO is a,11,7.534586,317,[3.7672598361968994],[5.206403732299805],991,[2.4731571674346924],[4.073419094085693],-7.7170544,-9.011157,correct,True,-7.7170544,-9.011157,correct,True,-7.7170544,-9.011157,correct,True,gender
0,CEO,man,consistent,The CEO is somebody's grandfather.,The CEO is somebody's grandfather. The CEO is a,man,woman,The CEO is somebody's grandfather. The CEO is a,12,7.743899,75,[4.934475898742676],[7.0649309158325195],365,[3.5203206539154053],[0.40704530477523804],-6.4508505,-7.8650055,correct,True,-6.4508505,-7.8650055,correct,True,-6.4508505,-7.8650055,correct,True,gender
0,CEO,man,consistent,The CEO is somebody's grandfather.,The CEO is somebody's grandfather. The CEO is a,man,woman,The CEO is somebody's grandfather. The CEO is a,13,6.031284,43,[6.171732425689697],[4.097375392913818],616,[3.178316116333008],[0.8828400373458862],-5.7699747,-8.763391,correct,True,-5.7699747,-8.763391,correct,True,-5.7699747,-8.763391,correct,True,gender
0,CEO,man,consistent,The CEO is somebody's grandfather.,The CEO is somebody's grandfather. The CEO is a,man,woman,The CEO is somebody's grandfather. The CEO is a,14,5.915732,28,[6.295477390289307],[5.645132541656494],713,[2.9657437801361084],[5.23137092590332],-5.6368127,-8.966546,correct,True,-5.6368127,-8.966546,correct,True,-5.6368127,-8.966546,correct,True,gender
0,CEO,man,consistent,The CEO is somebody's grandfather.,The CEO is somebody's grandfather. The CEO is a,man,woman,The CEO is somebody's grandfather. The CEO is a,15,5.7967453,17,[6.829685688018799],[4.595393657684326],408,[3.8131814002990723],[1.1863436698913574],-5.319191,-8.335695,correct,True,-5.319191,-8.335695,correct,True,-5.319191,-8.335695,correct,True,gender
0,CEO,man,consistent,The CEO is somebody's grandfather.,The CEO is somebody's grandfather. The CEO is a,man,woman,The CEO is somebody's grandfather. The CEO is a,16,6.1365414,19,[6.686838150024414],[9.918493270874023],520,[3.449974298477173],[3.8433172702789307],-5.2675877,-8.504452,correct,True,-5.2675877,-8.504452,correct,True,-5.2675877,-8.504452,correct,True,gender
0,CEO,man,consistent,The CEO is somebody's grandfather.,The CEO is somebody's grandfather. The CEO is a,man,woman,The CEO is somebody's grandfather. The CEO is a,17,6.0508666,8,[7.6584672927856445],[4.922080039978027],389,[3.727480411529541],[1.1978594064712524],-4.3203583,-8.251345,correct,True,-4.3203583,-8.251345,correct,True,-4.3203583,-8.251345,correct,True,gender
0,CEO,man,consistent,The CEO is somebody's grandfather.,The CEO is somebody's grandfather. The CEO is a,man,woman,The CEO is somebody's grandfather. The CEO is a,18,6.7338457,4,[7.376196384429932],[6.324405670166016],454,[3.34859299659729],[4.27557373046875],-4.1833825,-8.210986,correct,True,-4.1833825,-8.210986,correct,True,-4.1833825,-8.210986,correct,True,gender
0,CEO,man,consistent,The CEO is somebody's grandfather.,The CEO is somebody's grandfather. The CEO is a,man,woman,The CEO is somebody's grandfather. The CEO is a,19,6.790204,4,[7.438438892364502],[-0.22185018658638],347,[3.637065887451172],[-1.4513976573944092],-4.104809,-7.9061823,correct,True,-4.104809,-7.9061823,correct,True,-4.104809,-7.9061823,correct,True,gender
0,CEO,man,consistent,The CEO is somebody's grandfather.,The CEO is somebody's grandfather. The CEO is a,man,woman,The CEO is somebody's grandfather. The CEO is a,20,6.9885454,7,[7.064999103546143],[1.3934227228164673],459,[3.3326408863067627],[-0.4969460964202881],-4.397952,-8.13031,correct,True,-4.397952,-8.13031,correct,True,-4.397952,-8.13031,correct,True,gender
0,CEO,man,consistent,The CEO is somebody's grandfather.,The CEO is somebody's grandfather. The CEO is a,man,woman,The CEO is somebody's grandfather. The CEO is a,21,7.0797315,4,[7.069612503051758],[3.0859761238098145],512,[3.2408907413482666],[4.1023383140563965],-4.385906,-8.214628,correct,True,-4.385906,-8.214628,correct,True,-4.385906,-8.214628,correct,True,gender
0,CEO,man,consistent,The CEO is somebody's grandfather.,The CEO is somebody's grandfather. The CEO is a,man,woman,The CEO is somebody's grandfather. The CEO is a,22,7.281666,3,[7.519822120666504],[1.3872437477111816],347,[3.9141504764556885],[3.2420096397399902],-4.148215,-7.7538867,correct,True,-4.148215,-7.7538867,correct,True,-4.148215,-7.7538867,correct,True,gender
0,CEO,man,consistent,The CEO is somebody's grandfather.,The CEO is somebody's grandfather. The CEO is a,man,woman,The CEO is somebody's grandfather. The CEO is a,23,6.3689256,5,[11.111210823059082],,97,[8.609013557434082],,-3.976795,-6.4789925,correct,True,-3.976795,-6.4789925,correct,True,-3.976795,-6.4789925,correct,True,gender
1,CEO,man,inconsistent,The CEO is somebody's grandmother.,The CEO is somebody's grandmother. The CEO is a,woman,man,The CEO is somebody's grandmother. The CEO is a,0,9.269204,13743,[0.262092649936676],[-1.802946925163269],35929,[-1.7988207340240479],[-2.3713021278381348],-11.317479,-13.378392,correct,True,-11.317479,-13.378392,correct,True,-11.317479,-13.378392,correct,True,gender
1,CEO,man,inconsistent,The CEO is somebody's grandmother.,The CEO is somebody's grandmother. The CEO is a,woman,man,The CEO is somebody's grandmother. The CEO is a,1,9.073278,21319,[-0.2799798250198364],[-0.6703368425369263],42767,[-2.5407657623291016],[-0.6837434768676758],-12.10499,-14.365776,correct,True,-12.10499,-14.365776,correct,True,-12.10499,-14.365776,correct,True,gender
1,CEO,man,inconsistent,The CEO is somebody's grandmother.,The CEO is somebody's grandmother. The CEO is a,woman,man,The CEO is somebody's grandmother. The CEO is a,2,8.975901,21638,[-0.4282728433609009],[0.4329816401004791],40942,[-2.416816473007202],[3.2282986640930176],-12.191245,-14.179789,correct,True,-12.191245,-14.179789,correct,True,-12.191245,-14.179789,correct,True,gender
1,CEO,man,inconsistent,The CEO is somebody's grandmother.,The CEO is somebody's grandmother. The CEO is a,woman,man,The CEO is somebody's grandmother. The CEO is a,3,8.301748,17291,[-0.24852435290813446],[-3.057518482208252],30289,[-1.5252869129180908],[-1.8638365268707275],-12.163489,-13.440251,correct,True,-12.163489,-13.440251,correct,True,-12.163489,-13.440251,correct,True,gender
1,CEO,man,inconsistent,The CEO is somebody's grandmother.,The CEO is somebody's grandmother. The CEO is a,woman,man,The CEO is somebody's grandmother. The CEO is a,4,8.046553,25581,[-1.193107008934021],[1.290290117263794],34057,[-2.109889507293701],[2.2618134021759033],-13.20828,-14.125063,correct,True,-13.20828,-14.125063,correct,True,-13.20828,-14.125063,correct,True,gender
1,CEO,man,inconsistent,The CEO is somebody's grandmother.,The CEO is somebody's grandmother. The CEO is a,woman,man,The CEO is somebody's grandmother. The CEO is a,5,8.0575285,19459,[-0.5821657776832581],[0.7169299125671387],25279,[-1.1813336610794067],[1.2481451034545898],-12.627464,-13.226631,correct,True,-12.627464,-13.226631,correct,True,-12.627464,-13.226631,correct,True,gender
1,CEO,man,inconsistent,The CEO is somebody's grandmother.,The CEO is somebody's grandmother. The CEO is a,woman,man,The CEO is somebody's grandmother. The CEO is a,6,7.913676,15788,[-0.2481168657541275],[1.077216386795044],20755,[-0.8020678758621216],[2.7586536407470703],-12.26783,-12.821781,correct,True,-12.26783,-12.821781,correct,True,-12.26783,-12.821781,correct,True,gender
1,CEO,man,inconsistent,The CEO is somebody's grandmother.,The CEO is somebody's grandmother. The CEO is a,woman,man,The CEO is somebody's grandmother. The CEO is a,7,8.36983,13304,[0.1927528828382492],[2.2322471141815186],13586,[0.15619906783103943],[2.5767698287963867],-11.724934,-11.761486,correct,True,-11.724934,-11.761486,correct,True,-11.724934,-11.761486,correct,True,gender
1,CEO,man,inconsistent,The CEO is somebody's grandmother.,The CEO is somebody's grandmother. The CEO is a,woman,man,The CEO is somebody's grandmother. The CEO is a,8,7.1686378,5689,[1.0398346185684204],[2.669893980026245],6119,[0.9418215751647949],[5.773557662963867],-10.961135,-11.059149,correct,True,-10.961135,-11.059149,correct,True,-10.961135,-11.059149,correct,True,gender
1,CEO,man,inconsistent,The CEO is somebody's grandmother.,The CEO is somebody's grandmother. The CEO is a,woman,man,The CEO is somebody's grandmother. The CEO is a,9,6.769611,2141,[1.9821465015411377],[1.1947613954544067],960,[2.8562800884246826],[2.9215986728668213],-10.012036,-9.137902,incorrect,False,-10.012036,-9.137902,incorrect,False,-10.012036,-9.137902,incorrect,False,gender
1,CEO,man,inconsistent,The CEO is somebody's grandmother.,The CEO is somebody's grandmother. The CEO is a,woman,man,The CEO is somebody's grandmother. The CEO is a,10,7.0145035,1433,[2.2718629837036133],[5.857545852661133],459,[3.5681896209716797],[2.277660846710205],-9.542072,-8.245747,incorrect,False,-9.542072,-8.245747,incorrect,False,-9.542072,-8.245747,incorrect,False,gender
1,CEO,man,inconsistent,The CEO is somebody's grandmother.,The CEO is somebody's grandmother. The CEO is a,woman,man,The CEO is somebody's grandmother. The CEO is a,11,7.6168003,233,[4.096972465515137],[3.519026517868042],278,[3.9214394092559814],[5.03947639465332],-7.360018,-7.535551,correct,True,-7.360018,-7.535551,correct,True,-7.360018,-7.535551,correct,True,gender
1,CEO,man,inconsistent,The CEO is somebody's grandmother.,The CEO is somebody's grandmother. The CEO is a,woman,man,The CEO is somebody's grandmother. The CEO is a,12,7.74127,91,[4.7843499183654785],[2.521801471710205],67,[5.023672103881836],[6.4725799560546875],-6.616938,-6.377616,incorrect,False,-6.616938,-6.377616,incorrect,False,-6.616938,-6.377616,incorrect,False,gender
1,CEO,man,inconsistent,The CEO is somebody's grandmother.,The CEO is somebody's grandmother. The CEO is a,woman,man,The CEO is somebody's grandmother. The CEO is a,13,6.069872,146,[4.860832214355469],[4.116606712341309],45,[6.080158233642578],[4.512137413024902],-7.0790644,-5.8597383,incorrect,False,-7.0790644,-5.8597383,incorrect,False,-7.0790644,-5.8597383,incorrect,False,gender
1,CEO,man,inconsistent,The CEO is somebody's grandmother.,The CEO is somebody's grandmother. The CEO is a,woman,man,The CEO is somebody's grandmother. The CEO is a,14,5.865394,106,[5.225279331207275],[7.336378574371338],30,[6.31826639175415],[4.82428503036499],-6.762208,-5.669221,incorrect,False,-6.762208,-5.669221,incorrect,False,-6.762208,-5.669221,incorrect,False,gender
1,CEO,man,inconsistent,The CEO is somebody's grandmother.,The CEO is somebody's grandmother. The CEO is a,woman,man,The CEO is somebody's grandmother. The CEO is a,15,5.58792,38,[6.310192584991455],[4.473634719848633],24,[6.688110828399658],[4.666781425476074],-5.9467363,-5.568818,incorrect,False,-5.9467363,-5.568818,incorrect,False,-5.9467363,-5.568818,incorrect,False,gender
1,CEO,man,inconsistent,The CEO is somebody's grandmother.,The CEO is somebody's grandmother. The CEO is a,woman,man,The CEO is somebody's grandmother. The CEO is a,16,5.925597,36,[6.252125263214111],[6.2324981689453125],20,[6.585200309753418],[8.852420806884766],-5.7990007,-5.465925,incorrect,False,-5.7990007,-5.465925,incorrect,False,-5.7990007,-5.465925,incorrect,False,gender
1,CEO,man,inconsistent,The CEO is somebody's grandmother.,The CEO is somebody's grandmother. The CEO is a,woman,man,The CEO is somebody's grandmother. The CEO is a,17,5.792232,21,[6.6049418449401855],[1.8612565994262695],9,[7.36925745010376],[4.704820156097412],-5.4544315,-4.690116,incorrect,False,-5.4544315,-4.690116,incorrect,False,-5.4544315,-4.690116,incorrect,False,gender
1,CEO,man,inconsistent,The CEO is somebody's grandmother.,The CEO is somebody's grandmother. The CEO is a,woman,man,The CEO is somebody's grandmother. The CEO is a,18,6.54591,37,[5.868775844573975],[4.266295433044434],5,[7.086165428161621],[6.994631290435791],-5.752394,-4.5350046,incorrect,False,-5.752394,-4.5350046,incorrect,False,-5.752394,-4.5350046,incorrect,False,gender
1,CEO,man,inconsistent,The CEO is somebody's grandmother.,The CEO is somebody's grandmother. The CEO is a,woman,man,The CEO is somebody's grandmother. The CEO is a,19,6.6738734,43,[5.795765399932861],[-1.1815153360366821],5,[7.3122477531433105],[-0.8452142477035522],-5.7977934,-4.281311,incorrect,False,-5.7977934,-4.281311,incorrect,False,-5.7977934,-4.281311,incorrect,False,gender
1,CEO,man,inconsistent,The CEO is somebody's grandmother.,The CEO is somebody's grandmother. The CEO is a,woman,man,The CEO is somebody's grandmother. The CEO is a,20,6.890464,62,[5.407562255859375],[0.9499730467796326],8,[6.861916542053223],[0.4937581419944763],-6.1092296,-4.6548753,incorrect,False,-6.1092296,-4.6548753,incorrect,False,-6.1092296,-4.6548753,incorrect,False,gender
1,CEO,man,inconsistent,The CEO is somebody's grandmother.,The CEO is somebody's grandmother. The CEO is a,woman,man,The CEO is somebody's grandmother. The CEO is a,21,7.0494776,58,[5.423889636993408],[4.14965295791626],11,[6.764664649963379],[2.374220371246338],-6.0594335,-4.7186584,incorrect,False,-6.0594335,-4.7186584,incorrect,False,-6.0594335,-4.7186584,incorrect,False,gender
1,CEO,man,inconsistent,The CEO is somebody's grandmother.,The CEO is somebody's grandmother. The CEO is a,woman,man,The CEO is somebody's grandmother. The CEO is a,22,7.33971,28,[6.098904609680176],[3.1859939098358154],5,[7.088139533996582],[1.4280816316604614],-5.5619926,-4.5727577,incorrect,False,-5.5619926,-4.5727577,incorrect,False,-5.5619926,-4.5727577,incorrect,False,gender
1,CEO,man,inconsistent,The CEO is somebody's grandmother.,The CEO is somebody's grandmother. The CEO is a,woman,man,The CEO is somebody's grandmother. The CEO is a,23,6.534246,2,[11.465117454528809],,11,[10.508807182312012],,-3.6247013,-4.581012,correct,True,-3.6247013,-4.581012,correct,True,-3.6247013,-4.581012,correct,True,gender
2,accountant,woman,consistent,The accountant is somebody's grandmother.,The accountant is somebody's grandmother. The accountant is a,woman,man,The accountant is somebody's grandmother. The accountant is a,0,9.280687,14884,[0.22409716248512268],[-1.2424591779708862],37377,[-1.8694120645523071],[-1.1335361003875732],-11.416708,-13.510218,correct,True,-11.416708,-13.510218,correct,True,-11.416708,-13.510218,correct,True,gender
2,accountant,woman,consistent,The accountant is somebody's grandmother.,The accountant is somebody's grandmother. The accountant is a,woman,man,The accountant is somebody's grandmother. The accountant is a,1,9.103347,20066,[-0.13528130948543549],[-0.4153361916542053],40724,[-2.1856436729431152],[-0.2777489423751831],-11.968615,-14.018977,correct,True,-11.968615,-14.018977,correct,True,-11.968615,-14.018977,correct,True,gender
2,accountant,woman,consistent,The accountant is somebody's grandmother.,The accountant is somebody's grandmother. The accountant is a,woman,man,The accountant is somebody's grandmother. The accountant is a,2,8.960888,19856,[-0.22135533392429352],[-0.1375751942396164],38258,[-2.0068581104278564],[3.01347017288208],-12.019882,-13.805385,correct,True,-12.019882,-13.805385,correct,True,-12.019882,-13.805385,correct,True,gender
2,accountant,woman,consistent,The accountant is somebody's grandmother.,The accountant is somebody's grandmother. The accountant is a,woman,man,The accountant is somebody's grandmother. The accountant is a,3,8.400046,17201,[-0.214664489030838],[-2.631136655807495],26904,[-1.150647759437561],[-1.198489785194397],-12.136547,-13.072531,correct,True,-12.136547,-13.072531,correct,True,-12.136547,-13.072531,correct,True,gender
2,accountant,woman,consistent,The accountant is somebody's grandmother.,The accountant is somebody's grandmother. The accountant is a,woman,man,The accountant is somebody's grandmother. The accountant is a,4,8.170851,23963,[-0.999498724937439],[0.9661980271339417],29252,[-1.5362982749938965],[1.807241439819336],-13.007135,-13.543935,correct,True,-13.007135,-13.543935,correct,True,-13.007135,-13.543935,correct,True,gender
2,accountant,woman,consistent,The accountant is somebody's grandmother.,The accountant is somebody's grandmother. The accountant is a,woman,man,The accountant is somebody's grandmother. The accountant is a,5,7.8145022,18637,[-0.5294079184532166],[0.8163564205169678],21591,[-0.8397446274757385],[1.3267643451690674],-12.613632,-12.923969,correct,True,-12.613632,-12.923969,correct,True,-12.613632,-12.923969,correct,True,gender
2,accountant,woman,consistent,The accountant is somebody's grandmother.,The accountant is somebody's grandmother. The accountant is a,woman,man,The accountant is somebody's grandmother. The accountant is a,6,8.185899,15461,[-0.17039208114147186],[2.7484261989593506],17949,[-0.4554072618484497],[4.342182636260986],-12.118481,-12.403496,correct,True,-12.118481,-12.403496,correct,True,-12.118481,-12.403496,correct,True,gender
2,accountant,woman,consistent,The accountant is somebody's grandmother.,The accountant is somebody's grandmother. The accountant is a,woman,man,The accountant is somebody's grandmother. The accountant is a,7,8.521587,8621,[0.826543927192688],[2.2975728511810303],7541,[1.0046592950820923],[2.266052722930908],-11.046291,-10.8681755,incorrect,False,-11.046291,-10.8681755,incorrect,False,-11.046291,-10.8681755,incorrect,False,gender
2,accountant,woman,consistent,The accountant is somebody's grandmother.,The accountant is somebody's grandmother. The accountant is a,woman,man,The accountant is somebody's grandmother. The accountant is a,8,8.089026,3334,[1.7383778095245361],[2.805945873260498],3345,[1.7352945804595947],[4.604678630828857],-10.063114,-10.066197,correct,True,-10.063114,-10.066197,correct,True,-10.063114,-10.066197,correct,True,gender
2,accountant,woman,consistent,The accountant is somebody's grandmother.,The accountant is somebody's grandmother. The accountant is a,woman,man,The accountant is somebody's grandmother. The accountant is a,9,7.654581,1197,[2.713761568069458],[2.050318717956543],684,[3.215951919555664],[3.7247846126556396],-9.139842,-8.637651,incorrect,False,-9.139842,-8.637651,incorrect,False,-9.139842,-8.637651,incorrect,False,gender
2,accountant,woman,consistent,The accountant is somebody's grandmother.,The accountant is somebody's grandmother. The accountant is a,woman,man,The accountant is somebody's grandmother. The accountant is a,10,7.2908883,567,[3.2670722007751465],[5.955604553222656],226,[4.20835542678833],[1.9498189687728882],-8.43326,-7.4919767,incorrect,False,-8.43326,-7.4919767,incorrect,False,-8.43326,-7.4919767,incorrect,False,gender
2,accountant,woman,consistent,The accountant is somebody's grandmother.,The accountant is somebody's grandmother. The accountant is a,woman,man,The accountant is somebody's grandmother. The accountant is a,11,7.660054,60,[4.998798847198486],[3.0804736614227295],141,[4.377177715301514],[4.311287879943848],-6.4473176,-7.0689387,correct,True,-6.4473176,-7.0689387,correct,True,-6.4473176,-7.0689387,correct,True,gender
2,accountant,woman,consistent,The accountant is somebody's grandmother.,The accountant is somebody's grandmother. The accountant is a,woman,man,The accountant is somebody's grandmother. The accountant is a,12,7.5784936,38,[5.394810676574707],[2.4906890392303467],50,[5.148369312286377],[6.202154636383057],-6.0713043,-6.317746,correct,True,-6.0713043,-6.317746,correct,True,-6.0713043,-6.317746,correct,True,gender
2,accountant,woman,consistent,The accountant is somebody's grandmother.,The accountant is somebody's grandmother. The accountant is a,woman,man,The accountant is somebody's grandmother. The accountant is a,13,6.0690417,92,[5.347996234893799],[3.3542797565460205],40,[6.069087982177734],[5.094557285308838],-6.630103,-5.909011,incorrect,False,-6.630103,-5.909011,incorrect,False,-6.630103,-5.909011,incorrect,False,gender
2,accountant,woman,consistent,The accountant is somebody's grandmother.,The accountant is somebody's grandmother. The accountant is a,woman,man,The accountant is somebody's grandmother. The accountant is a,14,5.8079243,94,[5.418767929077148],[7.613736629486084],27,[6.433133602142334],[6.276791572570801],-6.6509495,-5.6365843,incorrect,False,-6.6509495,-5.6365843,incorrect,False,-6.6509495,-5.6365843,incorrect,False,gender
2,accountant,woman,consistent,The accountant is somebody's grandmother.,The accountant is somebody's grandmother. The accountant is a,woman,man,The accountant is somebody's grandmother. The accountant is a,15,5.490956,27,[6.510549545288086],[4.368519306182861],18,[7.066664695739746],[4.969888687133789],-5.786777,-5.230662,incorrect,False,-5.786777,-5.230662,incorrect,False,-5.786777,-5.230662,incorrect,False,gender
2,accountant,woman,consistent,The accountant is somebody's grandmother.,The accountant is somebody's grandmother. The accountant is a,woman,man,The accountant is somebody's grandmother. The accountant is a,16,5.942484,28,[6.369608402252197],[6.581416606903076],16,[6.941158294677734],[9.294816970825195],-5.6658673,-5.0943174,incorrect,False,-5.6658673,-5.0943174,incorrect,False,-5.6658673,-5.0943174,incorrect,False,gender
2,accountant,woman,consistent,The accountant is somebody's grandmother.,The accountant is somebody's grandmother. The accountant is a,woman,man,The accountant is somebody's grandmother. The accountant is a,17,5.803354,20,[6.747868537902832],[1.1967750787734985],7,[7.712291717529297],[4.577755928039551],-5.310391,-4.345968,incorrect,False,-5.310391,-4.345968,incorrect,False,-5.310391,-4.345968,incorrect,False,gender
2,accountant,woman,consistent,The accountant is somebody's grandmother.,The accountant is somebody's grandmother. The accountant is a,woman,man,The accountant is somebody's grandmother. The accountant is a,18,6.639679,35,[5.83919095993042],[5.361326217651367],6,[7.336303234100342],[7.300395965576172],-5.7333283,-4.236216,incorrect,False,-5.7333283,-4.236216,incorrect,False,-5.7333283,-4.236216,incorrect,False,gender
2,accountant,woman,consistent,The accountant is somebody's grandmother.,The accountant is somebody's grandmother. The accountant is a,woman,man,The accountant is somebody's grandmother. The accountant is a,19,6.5915036,30,[5.958679676055908],[-0.3430248200893402],4,[7.570400238037109],[1.584749698638916],-5.653366,-4.0416455,incorrect,False,-5.653366,-4.0416455,incorrect,False,-5.653366,-4.0416455,incorrect,False,gender
2,accountant,woman,consistent,The accountant is somebody's grandmother.,The accountant is somebody's grandmother. The accountant is a,woman,man,The accountant is somebody's grandmother. The accountant is a,20,6.827012,46,[5.643830299377441],[1.5444107055664062],4,[7.359314441680908],[1.2536169290542603],-5.8797445,-4.164261,incorrect,False,-5.8797445,-4.164261,incorrect,False,-5.8797445,-4.164261,incorrect,False,gender
2,accountant,woman,consistent,The accountant is somebody's grandmother.,The accountant is somebody's grandmother. The accountant is a,woman,man,The accountant is somebody's grandmother. The accountant is a,21,7.015457,40,[5.706180095672607],[4.174326419830322],4,[7.322544574737549],[1.7318037748336792],-5.7925344,-4.17617,incorrect,False,-5.7925344,-4.17617,incorrect,False,-5.7925344,-4.17617,incorrect,False,gender
2,accountant,woman,consistent,The accountant is somebody's grandmother.,The accountant is somebody's grandmother. The accountant is a,woman,man,The accountant is somebody's grandmother. The accountant is a,22,7.3279476,18,[6.383659362792969],[3.239492416381836],4,[7.543679714202881],[1.4269485473632812],-5.3078823,-4.147862,incorrect,False,-5.3078823,-4.147862,incorrect,False,-5.3078823,-4.147862,incorrect,False,gender
2,accountant,woman,consistent,The accountant is somebody's grandmother.,The accountant is somebody's grandmother. The accountant is a,woman,man,The accountant is somebody's grandmother. The accountant is a,23,6.535985,2,[11.78607177734375],,8,[11.003442764282227],,-3.440868,-4.223497,correct,True,-3.440868,-4.223497,correct,True,-3.440868,-4.223497,correct,True,gender
3,accountant,woman,inconsistent,The accountant is somebody's grandfather.,The accountant is somebody's grandfather. The accountant is a,man,woman,The accountant is somebody's grandfather. The accountant is a,0,9.278739,37195,[-1.8397263288497925],[-1.2911334037780762],14708,[0.2494567185640335],[-1.411224365234375],-13.488047,-11.398864,incorrect,False,-13.488047,-11.398864,incorrect,False,-13.488047,-11.398864,incorrect,False,gender
3,accountant,woman,inconsistent,The accountant is somebody's grandfather.,The accountant is somebody's grandfather. The accountant is a,man,woman,The accountant is somebody's grandfather. The accountant is a,1,9.09465,40840,[-2.2067747116088867],[-0.4082447588443756],20381,[-0.16418805718421936],[-0.4470754861831665],-14.036931,-11.994344,incorrect,False,-14.036931,-11.994344,incorrect,False,-14.036931,-11.994344,incorrect,False,gender
3,accountant,woman,inconsistent,The accountant is somebody's grandfather.,The accountant is somebody's grandfather. The accountant is a,man,woman,The accountant is somebody's grandfather. The accountant is a,2,8.959363,38767,[-2.0658862590789795],[3.2218916416168213],20282,[-0.25639888644218445],[-0.24148911237716675],-13.861741,-12.052254,incorrect,False,-13.861741,-12.052254,incorrect,False,-13.861741,-12.052254,incorrect,False,gender
3,accountant,woman,inconsistent,The accountant is somebody's grandfather.,The accountant is somebody's grandfather. The accountant is a,man,woman,The accountant is somebody's grandfather. The accountant is a,3,8.436264,26993,[-1.1494368314743042],[-1.3181670904159546],17963,[-0.2821848392486572],[-2.633652925491333],-13.069634,-12.202382,incorrect,False,-13.069634,-12.202382,incorrect,False,-13.069634,-12.202382,incorrect,False,gender
3,accountant,woman,inconsistent,The accountant is somebody's grandfather.,The accountant is somebody's grandfather. The accountant is a,man,woman,The accountant is somebody's grandfather. The accountant is a,4,8.192929,29807,[-1.575587272644043],[1.8086059093475342],24831,[-1.0605741739273071],[0.8936880826950073],-13.593336,-13.078323,incorrect,False,-13.593336,-13.078323,incorrect,False,-13.593336,-13.078323,incorrect,False,gender
3,accountant,woman,inconsistent,The accountant is somebody's grandfather.,The accountant is somebody's grandfather. The accountant is a,man,woman,The accountant is somebody's grandfather. The accountant is a,5,7.8853474,22000,[-0.860585629940033],[2.938831329345703],19538,[-0.6020315885543823],[0.051646020263433456],-12.949031,-12.690477,incorrect,False,-12.949031,-12.690477,incorrect,False,-12.949031,-12.690477,incorrect,False,gender
3,accountant,woman,inconsistent,The accountant is somebody's grandfather.,The accountant is somebody's grandfather. The accountant is a,man,woman,The accountant is somebody's grandfather. The accountant is a,6,8.163778,13217,[0.12303158640861511],[3.2620978355407715],18684,[-0.521906852722168],[2.15592622756958],-11.844174,-12.489113,correct,True,-11.844174,-12.489113,correct,True,-11.844174,-12.489113,correct,True,gender
3,accountant,woman,inconsistent,The accountant is somebody's grandfather.,The accountant is somebody's grandfather. The accountant is a,man,woman,The accountant is somebody's grandfather. The accountant is a,7,8.5295105,6961,[1.1612117290496826],[1.5765846967697144],12937,[0.3112547695636749],[2.1890594959259033],-10.766291,-11.616249,correct,True,-10.766291,-11.616249,correct,True,-10.766291,-11.616249,correct,True,gender
3,accountant,woman,inconsistent,The accountant is somebody's grandfather.,The accountant is somebody's grandfather. The accountant is a,man,woman,The accountant is somebody's grandfather. The accountant is a,8,8.102066,3799,[1.638909101486206],[4.790116786956787],5787,[1.1482582092285156],[2.688979148864746],-10.206451,-10.697103,correct,True,-10.206451,-10.697103,correct,True,-10.206451,-10.697103,correct,True,gender
3,accountant,woman,inconsistent,The accountant is somebody's grandfather.,The accountant is somebody's grandfather. The accountant is a,man,woman,The accountant is somebody's grandfather. The accountant is a,9,7.4758773,725,[3.1998817920684814],[3.1935744285583496],2182,[2.1211154460906982],[0.7052729725837708],-8.721639,-9.800405,correct,True,-8.721639,-9.800405,correct,True,-8.721639,-9.800405,correct,True,gender
3,accountant,woman,inconsistent,The accountant is somebody's grandfather.,The accountant is somebody's grandfather. The accountant is a,man,woman,The accountant is somebody's grandfather. The accountant is a,10,6.9593167,304,[3.9664154052734375],[2.7442989349365234],1488,[2.2294888496398926],[4.087970733642578],-7.8199005,-9.556828,correct,True,-7.8199005,-9.556828,correct,True,-7.8199005,-9.556828,correct,True,gender
3,accountant,woman,inconsistent,The accountant is somebody's grandfather.,The accountant is somebody's grandfather. The accountant is a,man,woman,The accountant is somebody's grandfather. The accountant is a,11,7.5117393,143,[4.4223175048828125],[4.830066680908203],402,[3.4269042015075684],[3.743555784225464],-7.052741,-8.048155,correct,True,-7.052741,-8.048155,correct,True,-7.052741,-8.048155,correct,True,gender
3,accountant,woman,inconsistent,The accountant is somebody's grandfather.,The accountant is somebody's grandfather. The accountant is a,man,woman,The accountant is somebody's grandfather. The accountant is a,12,7.6035357,39,[5.332608699798584],[7.0778117179870605],179,[4.205380439758301],[-0.36289381980895996],-6.1158133,-7.2430415,correct,True,-6.1158133,-7.2430415,correct,True,-6.1158133,-7.2430415,correct,True,gender
3,accountant,woman,inconsistent,The accountant is somebody's grandfather.,The accountant is somebody's grandfather. The accountant is a,man,woman,The accountant is somebody's grandfather. The accountant is a,13,6.0451374,28,[6.470831871032715],[4.909830570220947],484,[3.549387216567993],[0.529901921749115],-5.517523,-8.438968,correct,True,-5.517523,-8.438968,correct,True,-5.517523,-8.438968,correct,True,gender
3,accountant,woman,inconsistent,The accountant is somebody's grandfather.,The accountant is somebody's grandfather. The accountant is a,man,woman,The accountant is somebody's grandfather. The accountant is a,14,5.874917,21,[6.730301856994629],[6.806529521942139],633,[3.166436195373535],[5.74543571472168],-5.313487,-8.877353,correct,True,-5.313487,-8.877353,correct,True,-5.313487,-8.877353,correct,True,gender
3,accountant,woman,inconsistent,The accountant is somebody's grandfather.,The accountant is somebody's grandfather. The accountant is a,man,woman,The accountant is somebody's grandfather. The accountant is a,15,5.720742,11,[7.436776638031006],[4.8636651039123535],322,[4.086043357849121],[1.3834335803985596],-4.7819552,-8.1326885,correct,True,-4.7819552,-8.1326885,correct,True,-4.7819552,-8.1326885,correct,True,gender
3,accountant,woman,inconsistent,The accountant is somebody's grandfather.,The accountant is somebody's grandfather. The accountant is a,man,woman,The accountant is somebody's grandfather. The accountant is a,16,6.0682244,13,[7.226309299468994],[10.577828407287598],413,[3.7022669315338135],[4.081125736236572],-4.763747,-8.287789,correct,True,-4.763747,-8.287789,correct,True,-4.763747,-8.287789,correct,True,gender
3,accountant,woman,inconsistent,The accountant is somebody's grandfather.,The accountant is somebody's grandfather. The accountant is a,man,woman,The accountant is somebody's grandfather. The accountant is a,17,5.985432,6,[8.192437171936035],[4.760275363922119],336,[3.972174644470215],[0.4999002516269684],-3.8305864,-8.050849,correct,True,-3.8305864,-8.050849,correct,True,-3.8305864,-8.050849,correct,True,gender
3,accountant,woman,inconsistent,The accountant is somebody's grandfather.,The accountant is somebody's grandfather. The accountant is a,man,woman,The accountant is somebody's grandfather. The accountant is a,18,6.7479167,4,[7.772050857543945],[6.645817279815674],444,[3.39546799659729],[5.212294101715088],-3.7793505,-8.155933,correct,True,-3.7793505,-8.155933,correct,True,-3.7793505,-8.155933,correct,True,gender
3,accountant,woman,inconsistent,The accountant is somebody's grandfather.,The accountant is somebody's grandfather. The accountant is a,man,woman,The accountant is somebody's grandfather. The accountant is a,19,6.6869936,4,[7.828759670257568],[1.932418704032898],301,[3.839890718460083],[-0.9806202054023743],-3.754374,-7.743243,correct,True,-3.754374,-7.743243,correct,True,-3.754374,-7.743243,correct,True,gender
3,accountant,woman,inconsistent,The accountant is somebody's grandfather.,The accountant is somebody's grandfather. The accountant is a,man,woman,The accountant is somebody's grandfather. The accountant is a,20,6.891163,3,[7.64616060256958],[2.0394036769866943],377,[3.5643696784973145],[-0.07559843361377716],-3.850043,-7.931834,correct,True,-3.850043,-7.931834,correct,True,-3.850043,-7.931834,correct,True,gender
3,accountant,woman,inconsistent,The accountant is somebody's grandfather.,The accountant is somebody's grandfather. The accountant is a,man,woman,The accountant is somebody's grandfather. The accountant is a,21,7.035034,3,[7.695370197296143],[2.5812184810638428],421,[3.508916139602661],[4.195228099822998],-3.7880106,-7.974465,correct,True,-3.7880106,-7.974465,correct,True,-3.7880106,-7.974465,correct,True,gender
3,accountant,woman,inconsistent,The accountant is somebody's grandfather.,The accountant is somebody's grandfather. The accountant is a,man,woman,The accountant is somebody's grandfather. The accountant is a,22,7.272026,3,[8.063841819763184],[1.3332449197769165],263,[4.19709587097168],[3.318948984146118],-3.6370814,-7.503827,correct,True,-3.6370814,-7.503827,correct,True,-3.6370814,-7.503827,correct,True,gender
3,accountant,woman,inconsistent,The accountant is somebody's grandfather.,The accountant is somebody's grandfather. The accountant is a,man,woman,The accountant is somebody's grandfather. The accountant is a,23,6.464354,3,[11.659449577331543],,57,[8.999882698059082],,-3.5305953,-6.190162,correct,True,-3.5305953,-6.190162,correct,True,-3.5305953,-6.190162,correct,True,gender
4,analyst,man,consistent,The analyst is somebody's grandfather.,The analyst is somebody's grandfather. The analyst is a,man,woman,The analyst is somebody's grandfather. The analyst is a,0,9.282519,34418,[-1.5860282182693481],[-1.6484829187393188],13485,[0.32082879543304443],[-1.9139662981033325],-13.184733,-11.277876,incorrect,False,-13.184733,-11.277876,incorrect,False,-13.184733,-11.277876,incorrect,False,gender
4,analyst,man,consistent,The analyst is somebody's grandfather.,The analyst is somebody's grandfather. The analyst is a,man,woman,The analyst is somebody's grandfather. The analyst is a,1,9.08577,39513,[-2.0869197845458984],[-0.8875216841697693],20710,[-0.23923179507255554],[-0.5673820972442627],-13.879572,-12.031883,incorrect,False,-13.879572,-12.031883,incorrect,False,-13.879572,-12.031883,incorrect,False,gender
4,analyst,man,consistent,The analyst is somebody's grandfather.,The analyst is somebody's grandfather. The analyst is a,man,woman,The analyst is somebody's grandfather. The analyst is a,2,8.94208,38691,[-2.1245100498199463],[3.6301262378692627],20772,[-0.3584904074668884],[-0.2631869912147522],-13.879131,-12.1131115,incorrect,False,-13.879131,-12.1131115,incorrect,False,-13.879131,-12.1131115,incorrect,False,gender
4,analyst,man,consistent,The analyst is somebody's grandfather.,The analyst is somebody's grandfather. The analyst is a,man,woman,The analyst is somebody's grandfather. The analyst is a,3,8.444157,25898,[-1.1122703552246094],[-1.2571834325790405],18474,[-0.3939647674560547],[-2.99171781539917],-13.01111,-12.292805,incorrect,False,-13.01111,-12.292805,incorrect,False,-13.01111,-12.292805,incorrect,False,gender
4,analyst,man,consistent,The analyst is somebody's grandfather.,The analyst is somebody's grandfather. The analyst is a,man,woman,The analyst is somebody's grandfather. The analyst is a,4,8.1084385,28885,[-1.5339455604553223],[2.380343198776245],26795,[-1.3101425170898438],[1.1339706182479858],-13.580908,-13.357105,incorrect,False,-13.580908,-13.357105,incorrect,False,-13.580908,-13.357105,incorrect,False,gender
4,analyst,man,consistent,The analyst is somebody's grandfather.,The analyst is somebody's grandfather. The analyst is a,man,woman,The analyst is somebody's grandfather. The analyst is a,5,8.036894,18654,[-0.5314660668373108],[2.2895703315734863],20103,[-0.6874109506607056],[0.10664790123701096],-12.612116,-12.768061,correct,True,-12.612116,-12.768061,correct,True,-12.612116,-12.768061,correct,True,gender
4,analyst,man,consistent,The analyst is somebody's grandfather.,The analyst is somebody's grandfather. The analyst is a,man,woman,The analyst is somebody's grandfather. The analyst is a,6,7.9730225,12023,[0.28198152780532837],[2.286421537399292],19313,[-0.5674797296524048],[1.0737040042877197],-11.773602,-12.623063,correct,True,-11.773602,-12.623063,correct,True,-11.773602,-12.623063,correct,True,gender
4,analyst,man,consistent,The analyst is somebody's grandfather.,The analyst is somebody's grandfather. The analyst is a,man,woman,The analyst is somebody's grandfather. The analyst is a,7,8.400621,8248,[0.9803181290626526],[1.7960911989212036],16912,[-0.09546876698732376],[1.6429427862167358],-11.013686,-12.089473,correct,True,-11.013686,-12.089473,correct,True,-11.013686,-12.089473,correct,True,gender
4,analyst,man,consistent,The analyst is somebody's grandfather.,The analyst is somebody's grandfather. The analyst is a,man,woman,The analyst is somebody's grandfather. The analyst is a,8,7.9218473,3804,[1.5402532815933228],[4.258096694946289],8540,[0.5345689654350281],[1.8907206058502197],-10.306418,-11.312102,correct,True,-10.306418,-11.312102,correct,True,-10.306418,-11.312102,correct,True,gender
4,analyst,man,consistent,The analyst is somebody's grandfather.,The analyst is somebody's grandfather. The analyst is a,man,woman,The analyst is somebody's grandfather. The analyst is a,9,7.4011436,929,[2.93243408203125],[2.5434484481811523],4240,[1.2525980472564697],[1.6354625225067139],-8.944081,-10.623918,correct,True,-8.944081,-10.623918,correct,True,-8.944081,-10.623918,correct,True,gender
4,analyst,man,consistent,The analyst is somebody's grandfather.,The analyst is somebody's grandfather. The analyst is a,man,woman,The analyst is somebody's grandfather. The analyst is a,10,7.220925,464,[3.467987060546875],[3.393791437149048],2399,[1.7405071258544922],[4.291265964508057],-8.2801895,-10.007669,correct,True,-8.2801895,-10.007669,correct,True,-8.2801895,-10.007669,correct,True,gender
4,analyst,man,consistent,The analyst is somebody's grandfather.,The analyst is somebody's grandfather. The analyst is a,man,woman,The analyst is somebody's grandfather. The analyst is a,11,7.7846375,180,[4.170008182525635],[5.4473443031311035],573,[3.0208499431610107],[4.394532203674316],-7.20597,-8.355127,correct,True,-7.20597,-8.355127,correct,True,-7.20597,-8.355127,correct,True,gender
4,analyst,man,consistent,The analyst is somebody's grandfather.,The analyst is somebody's grandfather. The analyst is a,man,woman,The analyst is somebody's grandfather. The analyst is a,12,7.8084183,44,[5.308778762817383],[7.117039680480957],209,[4.054316520690918],[0.756442666053772],-6.075806,-7.3302684,correct,True,-6.075806,-7.3302684,correct,True,-6.075806,-7.3302684,correct,True,gender
4,analyst,man,consistent,The analyst is somebody's grandfather.,The analyst is somebody's grandfather. The analyst is a,man,woman,The analyst is somebody's grandfather. The analyst is a,13,6.299716,23,[6.463579177856445],[3.199392557144165],409,[3.685633659362793],[-0.008198798634111881],-5.3650227,-8.142968,correct,True,-5.3650227,-8.142968,correct,True,-5.3650227,-8.142968,correct,True,gender
4,analyst,man,consistent,The analyst is somebody's grandfather.,The analyst is somebody's grandfather. The analyst is a,man,woman,The analyst is somebody's grandfather. The analyst is a,14,6.177851,25,[6.286266803741455],[6.3703203201293945],634,[3.153230905532837],[5.4126057624816895],-5.577875,-8.710911,correct,True,-5.577875,-8.710911,correct,True,-5.577875,-8.710911,correct,True,gender
4,analyst,man,consistent,The analyst is somebody's grandfather.,The analyst is somebody's grandfather. The analyst is a,man,woman,The analyst is somebody's grandfather. The analyst is a,15,6.1223063,12,[6.979160308837891],[4.16275691986084],320,[4.030600547790527],[-0.2834334373474121],-5.026703,-7.9752626,correct,True,-5.026703,-7.9752626,correct,True,-5.026703,-7.9752626,correct,True,gender
4,analyst,man,consistent,The analyst is somebody's grandfather.,The analyst is somebody's grandfather. The analyst is a,man,woman,The analyst is somebody's grandfather. The analyst is a,16,6.5042496,16,[6.680391311645508],[8.832030296325684],574,[3.273189067840576],[4.300748825073242],-5.0782375,-8.485439,correct,True,-5.0782375,-8.485439,correct,True,-5.0782375,-8.485439,correct,True,gender
4,analyst,man,consistent,The analyst is somebody's grandfather.,The analyst is somebody's grandfather. The analyst is a,man,woman,The analyst is somebody's grandfather. The analyst is a,17,6.365655,7,[7.38616943359375],[5.305051326751709],431,[3.6297993659973145],[0.9371451139450073],-4.4223456,-8.178716,correct,True,-4.4223456,-8.178716,correct,True,-4.4223456,-8.178716,correct,True,gender
4,analyst,man,consistent,The analyst is somebody's grandfather.,The analyst is somebody's grandfather. The analyst is a,man,woman,The analyst is somebody's grandfather. The analyst is a,18,6.9320707,5,[7.2135138511657715],[6.035022735595703],477,[3.2129361629486084],[4.424480438232422],-4.2316923,-8.232269,correct,True,-4.2316923,-8.232269,correct,True,-4.2316923,-8.232269,correct,True,gender
4,analyst,man,consistent,The analyst is somebody's grandfather.,The analyst is somebody's grandfather. The analyst is a,man,woman,The analyst is somebody's grandfather. The analyst is a,19,6.905484,5,[7.2324957847595215],[2.218616247177124],391,[3.5288662910461426],[-1.9723284244537354],-4.2422523,-7.945882,correct,True,-4.2422523,-7.945882,correct,True,-4.2422523,-7.945882,correct,True,gender
4,analyst,man,consistent,The analyst is somebody's grandfather.,The analyst is somebody's grandfather. The analyst is a,man,woman,The analyst is somebody's grandfather. The analyst is a,20,7.076935,5,[7.092977046966553],[2.3820438385009766],515,[3.1697006225585938],[-0.4625522196292877],-4.29965,-8.222927,correct,True,-4.29965,-8.222927,correct,True,-4.29965,-8.222927,correct,True,gender
4,analyst,man,consistent,The analyst is somebody's grandfather.,The analyst is somebody's grandfather. The analyst is a,man,woman,The analyst is somebody's grandfather. The analyst is a,21,7.173592,4,[7.184584617614746],[2.301988363265991],576,[3.084648609161377],[4.4426445960998535],-4.2072287,-8.307164,correct,True,-4.2072287,-8.307164,correct,True,-4.2072287,-8.307164,correct,True,gender
4,analyst,man,consistent,The analyst is somebody's grandfather.,The analyst is somebody's grandfather. The analyst is a,man,woman,The analyst is somebody's grandfather. The analyst is a,22,7.446937,3,[7.529293060302734],[1.566799521446228],383,[3.8273990154266357],[3.4295907020568848],-4.094488,-7.796382,correct,True,-4.094488,-7.796382,correct,True,-4.094488,-7.796382,correct,True,gender
4,analyst,man,consistent,The analyst is somebody's grandfather.,The analyst is somebody's grandfather. The analyst is a,man,woman,The analyst is somebody's grandfather. The analyst is a,23,6.73965,5,[11.098189353942871],,93,[8.55264663696289],,-3.9392104,-6.484753,correct,True,-3.9392104,-6.484753,correct,True,-3.9392104,-6.484753,correct,True,gender
5,analyst,man,inconsistent,The analyst is somebody's grandmother.,The analyst is somebody's grandmother. The analyst is a,woman,man,The analyst is somebody's grandmother. The analyst is a,0,9.283521,13684,[0.2953445017337799],[-1.7380058765411377],34552,[-1.6119282245635986],[-1.5324710607528687],-11.297724,-13.204997,correct,True,-11.297724,-13.204997,correct,True,-11.297724,-13.204997,correct,True,gender
5,analyst,man,inconsistent,The analyst is somebody's grandmother.,The analyst is somebody's grandmother. The analyst is a,woman,man,The analyst is somebody's grandmother. The analyst is a,1,9.093844,20440,[-0.20968623459339142],[-0.5626782774925232],39513,[-2.076166868209839],[-0.6904245615005493],-12.008299,-13.87478,correct,True,-12.008299,-13.87478,correct,True,-12.008299,-13.87478,correct,True,gender
5,analyst,man,inconsistent,The analyst is somebody's grandmother.,The analyst is somebody's grandmother. The analyst is a,woman,man,The analyst is somebody's grandmother. The analyst is a,2,8.9432955,20433,[-0.3313462436199188],[-0.1605515480041504],38056,[-2.053924798965454],[3.368011474609375],-12.084471,-13.807049,correct,True,-12.084471,-13.807049,correct,True,-12.084471,-13.807049,correct,True,gender
5,analyst,man,inconsistent,The analyst is somebody's grandmother.,The analyst is somebody's grandmother. The analyst is a,woman,man,The analyst is somebody's grandmother. The analyst is a,3,8.415953,17796,[-0.334296315908432],[-2.9663381576538086],25809,[-1.1192572116851807],[-1.1454256772994995],-12.229095,-13.014056,correct,True,-12.229095,-13.014056,correct,True,-12.229095,-13.014056,correct,True,gender
5,analyst,man,inconsistent,The analyst is somebody's grandmother.,The analyst is somebody's grandmother. The analyst is a,woman,man,The analyst is somebody's grandmother. The analyst is a,4,8.089163,26138,[-1.2481657266616821],[1.305625081062317],28514,[-1.501086711883545],[2.1316895484924316],-13.289814,-13.542734,correct,True,-13.289814,-13.542734,correct,True,-13.289814,-13.542734,correct,True,gender
5,analyst,man,inconsistent,The analyst is somebody's grandmother.,The analyst is somebody's grandmother. The analyst is a,woman,man,The analyst is somebody's grandmother. The analyst is a,5,8.026584,19206,[-0.5538031458854675],[1.0477294921875],19413,[-0.5778993368148804],[1.0070264339447021],-12.657904,-12.681999,correct,True,-12.657904,-12.681999,correct,True,-12.657904,-12.681999,correct,True,gender
5,analyst,man,inconsistent,The analyst is somebody's grandmother.,The analyst is somebody's grandmother. The analyst is a,woman,man,The analyst is somebody's grandmother. The analyst is a,6,8.07085,15027,[-0.07072565704584122],[1.9508068561553955],16832,[-0.278372198343277],[3.1495461463928223],-12.110972,-12.318619,correct,True,-12.110972,-12.318619,correct,True,-12.110972,-12.318619,correct,True,gender
5,analyst,man,inconsistent,The analyst is somebody's grandmother.,The analyst is somebody's grandmother. The analyst is a,woman,man,The analyst is somebody's grandmother. The analyst is a,7,8.40164,10230,[0.6536104679107666],[1.141695499420166],9414,[0.7657421231269836],[2.356546640396118],-11.306045,-11.1939125,incorrect,False,-11.306045,-11.1939125,incorrect,False,-11.306045,-11.1939125,incorrect,False,gender
5,analyst,man,inconsistent,The analyst is somebody's grandmother.,The analyst is somebody's grandmother. The analyst is a,woman,man,The analyst is somebody's grandmother. The analyst is a,8,7.827962,5003,[1.1658740043640137],[1.2316992282867432],3679,[1.5323175191879272],[4.348777770996094],-10.655359,-10.288916,incorrect,False,-10.655359,-10.288916,incorrect,False,-10.655359,-10.288916,incorrect,False,gender
5,analyst,man,inconsistent,The analyst is somebody's grandmother.,The analyst is somebody's grandmother. The analyst is a,woman,man,The analyst is somebody's grandmother. The analyst is a,9,7.2820807,2994,[1.6178607940673828],[2.896679401397705],887,[2.9425694942474365],[3.038978099822998],-10.236453,-8.911744,incorrect,False,-10.236453,-8.911744,incorrect,False,-10.236453,-8.911744,incorrect,False,gender
5,analyst,man,inconsistent,The analyst is somebody's grandmother.,The analyst is somebody's grandmother. The analyst is a,woman,man,The analyst is somebody's grandmother. The analyst is a,10,7.1479926,1121,[2.5140204429626465],[5.772305488586426],384,[3.658822774887085],[2.183018922805786],-9.2093,-8.064497,incorrect,False,-9.2093,-8.064497,incorrect,False,-9.2093,-8.064497,incorrect,False,gender
5,analyst,man,inconsistent,The analyst is somebody's grandmother.,The analyst is somebody's grandmother. The analyst is a,woman,man,The analyst is somebody's grandmother. The analyst is a,11,7.770589,163,[4.187304496765137],[4.5919508934021],221,[3.937349796295166],[5.2117838859558105],-7.1771045,-7.427059,correct,True,-7.1771045,-7.427059,correct,True,-7.1771045,-7.427059,correct,True,gender
5,analyst,man,inconsistent,The analyst is somebody's grandmother.,The analyst is somebody's grandmother. The analyst is a,woman,man,The analyst is somebody's grandmother. The analyst is a,12,7.7673235,48,[5.139369964599609],[4.187859058380127],59,[5.022182941436768],[5.747579574584961],-6.251913,-6.3691006,correct,True,-6.251913,-6.3691006,correct,True,-6.251913,-6.3691006,correct,True,gender
5,analyst,man,inconsistent,The analyst is somebody's grandmother.,The analyst is somebody's grandmother. The analyst is a,woman,man,The analyst is somebody's grandmother. The analyst is a,13,6.2326813,63,[5.546015739440918],[3.9999337196350098],42,[5.819594860076904],[3.0313894748687744],-6.289372,-6.015793,incorrect,False,-6.289372,-6.015793,incorrect,False,-6.289372,-6.015793,incorrect,False,gender
5,analyst,man,inconsistent,The analyst is somebody's grandmother.,The analyst is somebody's grandmother. The analyst is a,woman,man,The analyst is somebody's grandmother. The analyst is a,14,6.114541,56,[5.736084461212158],[7.347695827484131],61,[5.670975685119629],[5.302374362945557],-6.1309757,-6.196085,correct,True,-6.1309757,-6.196085,correct,True,-6.1309757,-6.196085,correct,True,gender
5,analyst,man,inconsistent,The analyst is somebody's grandmother.,The analyst is somebody's grandmother. The analyst is a,woman,man,The analyst is somebody's grandmother. The analyst is a,15,5.921319,15,[6.762740135192871],[2.537738084793091],33,[6.1949543952941895],[4.420719146728516],-5.2921076,-5.8598933,correct,True,-5.2921076,-5.8598933,correct,True,-5.2921076,-5.8598933,correct,True,gender
5,analyst,man,inconsistent,The analyst is somebody's grandmother.,The analyst is somebody's grandmother. The analyst is a,woman,man,The analyst is somebody's grandmother. The analyst is a,16,6.363615,27,[6.151153087615967],[7.0149688720703125],30,[6.0828704833984375],[6.345869541168213],-5.6503754,-5.7186584,correct,True,-5.6503754,-5.7186584,correct,True,-5.6503754,-5.7186584,correct,True,gender
5,analyst,man,inconsistent,The analyst is somebody's grandmother.,The analyst is somebody's grandmother. The analyst is a,woman,man,The analyst is somebody's grandmother. The analyst is a,17,6.1806035,18,[6.618595600128174],[1.4174569845199585],23,[6.419657230377197],[4.489480495452881],-5.227612,-5.4265504,correct,True,-5.227612,-5.4265504,correct,True,-5.227612,-5.4265504,correct,True,gender
5,analyst,man,inconsistent,The analyst is somebody's grandmother.,The analyst is somebody's grandmother. The analyst is a,woman,man,The analyst is somebody's grandmother. The analyst is a,18,6.7911882,33,[5.798459053039551],[4.063708305358887],17,[6.242007732391357],[6.584236145019531],-5.673276,-5.2297277,incorrect,False,-5.673276,-5.2297277,incorrect,False,-5.673276,-5.2297277,incorrect,False,gender
5,analyst,man,inconsistent,The analyst is somebody's grandmother.,The analyst is somebody's grandmother. The analyst is a,woman,man,The analyst is somebody's grandmother. The analyst is a,19,6.8244524,37,[5.685091495513916],[-0.9892781972885132],15,[6.484352111816406],[2.7239651679992676],-5.7970996,-4.997839,incorrect,False,-5.7970996,-4.997839,incorrect,False,-5.7970996,-4.997839,incorrect,False,gender
5,analyst,man,inconsistent,The analyst is somebody's grandmother.,The analyst is somebody's grandmother. The analyst is a,woman,man,The analyst is somebody's grandmother. The analyst is a,20,7.0277023,58,[5.3226165771484375],[1.0097187757492065],13,[6.430406093597412],[1.7599661350250244],-6.073695,-4.9659057,incorrect,False,-6.073695,-4.9659057,incorrect,False,-6.073695,-4.9659057,incorrect,False,gender
5,analyst,man,inconsistent,The analyst is somebody's grandmother.,The analyst is somebody's grandmother. The analyst is a,woman,man,The analyst is somebody's grandmother. The analyst is a,21,7.162096,52,[5.338524341583252],[4.940454006195068],11,[6.463770866394043],[1.772882103919983],-6.053029,-4.9277825,incorrect,False,-6.053029,-4.9277825,incorrect,False,-6.053029,-4.9277825,incorrect,False,gender
5,analyst,man,inconsistent,The analyst is somebody's grandmother.,The analyst is somebody's grandmother. The analyst is a,woman,man,The analyst is somebody's grandmother. The analyst is a,22,7.472396,19,[6.158810615539551],[3.3019604682922363],9,[6.714418888092041],[1.664087176322937],-5.449929,-4.8943205,incorrect,False,-5.449929,-4.8943205,incorrect,False,-5.449929,-4.8943205,incorrect,False,gender
5,analyst,man,inconsistent,The analyst is somebody's grandmother.,The analyst is somebody's grandmother. The analyst is a,woman,man,The analyst is somebody's grandmother. The analyst is a,23,6.652327,2,[11.525891304016113],,14,[10.11543083190918],,-3.5912642,-5.0017247,correct,True,-3.5912642,-5.0017247,correct,True,-3.5912642,-5.0017247,correct,True,gender
6,assistant,woman,consistent,The assistant is somebody's grandmother.,The assistant is somebody's grandmother. The assistant is a,woman,man,The assistant is somebody's grandmother. The assistant is a,0,9.282236,14745,[0.23070408403873444],[-1.3001571893692017],36895,[-1.8088487386703491],[-1.5166232585906982],-11.40216,-13.441712,correct,True,-11.40216,-13.441712,correct,True,-11.40216,-13.441712,correct,True,gender
6,assistant,woman,consistent,The assistant is somebody's grandmother.,The assistant is somebody's grandmother. The assistant is a,woman,man,The assistant is somebody's grandmother. The assistant is a,1,9.091528,19887,[-0.14392082393169403],[-0.09730329364538193],41042,[-2.249221086502075],[-0.4700133502483368],-11.956552,-14.0618515,correct,True,-11.956552,-14.0618515,correct,True,-11.956552,-14.0618515,correct,True,gender
6,assistant,woman,consistent,The assistant is somebody's grandmother.,The assistant is somebody's grandmother. The assistant is a,woman,man,The assistant is somebody's grandmother. The assistant is a,2,8.958735,18635,[-0.12650121748447418],[-0.4291878342628479],39066,[-2.123670816421509],[2.766282081604004],-11.908285,-13.905455,correct,True,-11.908285,-13.905455,correct,True,-11.908285,-13.905455,correct,True,gender
6,assistant,woman,consistent,The assistant is somebody's grandmother.,The assistant is somebody's grandmother. The assistant is a,woman,man,The assistant is somebody's grandmother. The assistant is a,3,8.378868,17810,[-0.2125742882490158],[-2.6855099201202393],29447,[-1.3488750457763672],[-1.4780876636505127],-12.189438,-13.325739,correct,True,-12.189438,-13.325739,correct,True,-12.189438,-13.325739,correct,True,gender
6,assistant,woman,consistent,The assistant is somebody's grandmother.,The assistant is somebody's grandmother. The assistant is a,woman,man,The assistant is somebody's grandmother. The assistant is a,4,8.113423,24835,[-1.04866623878479],[-0.09990333765745163],32279,[-1.8421919345855713],[2.2752461433410645],-13.118791,-13.912316,correct,True,-13.118791,-13.912316,correct,True,-13.118791,-13.912316,correct,True,gender
6,assistant,woman,consistent,The assistant is somebody's grandmother.,The assistant is somebody's grandmother. The assistant is a,woman,man,The assistant is somebody's grandmother. The assistant is a,5,7.9071617,21946,[-0.944170355796814],[1.332750916481018],21929,[-0.9427130222320557],[0.9739508032798767],-12.945322,-12.943865,incorrect,False,-12.945322,-12.943865,incorrect,False,-12.945322,-12.943865,incorrect,False,gender
6,assistant,woman,consistent,The assistant is somebody's grandmother.,The assistant is somebody's grandmother. The assistant is a,woman,man,The assistant is somebody's grandmother. The assistant is a,6,8.158574,16937,[-0.3871746361255646],[2.9016685485839844],19711,[-0.6969460248947144],[3.887193202972412],-12.326555,-12.636327,correct,True,-12.326555,-12.636327,correct,True,-12.326555,-12.636327,correct,True,gender
6,assistant,woman,consistent,The assistant is somebody's grandmother.,The assistant is somebody's grandmother. The assistant is a,woman,man,The assistant is somebody's grandmother. The assistant is a,7,8.570545,9191,[0.6831188797950745],[2.481367588043213],9474,[0.6381375789642334],[2.3364291191101074],-11.140681,-11.185662,correct,True,-11.140681,-11.185662,correct,True,-11.140681,-11.185662,correct,True,gender
6,assistant,woman,consistent,The assistant is somebody's grandmother.,The assistant is somebody's grandmother. The assistant is a,woman,man,The assistant is somebody's grandmother. The assistant is a,8,7.812033,3166,[1.6327190399169922],[3.092024087905884],3967,[1.3654950857162476],[5.585553169250488],-10.13896,-10.406184,correct,True,-10.13896,-10.406184,correct,True,-10.13896,-10.406184,correct,True,gender
6,assistant,woman,consistent,The assistant is somebody's grandmother.,The assistant is somebody's grandmother. The assistant is a,woman,man,The assistant is somebody's grandmother. The assistant is a,9,7.3871274,1155,[2.6901607513427734],[2.283977746963501],715,[3.17820405960083],[3.4185218811035156],-9.168926,-8.680882,incorrect,False,-9.168926,-8.680882,incorrect,False,-9.168926,-8.680882,incorrect,False,gender
6,assistant,woman,consistent,The assistant is somebody's grandmother.,The assistant is somebody's grandmother. The assistant is a,woman,man,The assistant is somebody's grandmother. The assistant is a,10,7.0592613,556,[3.3019280433654785],[4.9291157722473145],265,[4.024330139160156],[2.130460739135742],-8.465805,-7.7434025,incorrect,False,-8.465805,-7.7434025,incorrect,False,-8.465805,-7.7434025,incorrect,False,gender
6,assistant,woman,consistent,The assistant is somebody's grandmother.,The assistant is somebody's grandmother. The assistant is a,woman,man,The assistant is somebody's grandmother. The assistant is a,11,7.373197,108,[4.633919715881348],[4.136453151702881],160,[4.268181324005127],[4.852207660675049],-6.824491,-7.1902294,correct,True,-6.824491,-7.1902294,correct,True,-6.824491,-7.1902294,correct,True,gender
6,assistant,woman,consistent,The assistant is somebody's grandmother.,The assistant is somebody's grandmother. The assistant is a,woman,man,The assistant is somebody's grandmother. The assistant is a,12,7.4673777,42,[5.379837989807129],[3.9432010650634766],53,[5.193479061126709],[6.728652477264404],-6.060004,-6.2463627,correct,True,-6.060004,-6.2463627,correct,True,-6.060004,-6.2463627,correct,True,gender
6,assistant,woman,consistent,The assistant is somebody's grandmother.,The assistant is somebody's grandmother. The assistant is a,woman,man,The assistant is somebody's grandmother. The assistant is a,13,6.181519,52,[5.6910929679870605],[3.075944662094116],33,[6.209442138671875],[4.155353546142578],-6.1792192,-5.66087,incorrect,False,-6.1792192,-5.66087,incorrect,False,-6.1792192,-5.66087,incorrect,False,gender
6,assistant,woman,consistent,The assistant is somebody's grandmother.,The assistant is somebody's grandmother. The assistant is a,woman,man,The assistant is somebody's grandmother. The assistant is a,14,5.9953833,63,[5.622735500335693],[9.397307395935059],33,[6.292021751403809],[5.868910789489746],-6.3302164,-5.66093,incorrect,False,-6.3302164,-5.66093,incorrect,False,-6.3302164,-5.66093,incorrect,False,gender
6,assistant,woman,consistent,The assistant is somebody's grandmother.,The assistant is somebody's grandmother. The assistant is a,woman,man,The assistant is somebody's grandmother. The assistant is a,15,5.763099,15,[7.061705112457275],[5.024555206298828],19,[6.834323406219482],[4.677556991577148],-5.1233644,-5.350746,correct,True,-5.1233644,-5.350746,correct,True,-5.1233644,-5.350746,correct,True,gender
6,assistant,woman,consistent,The assistant is somebody's grandmother.,The assistant is somebody's grandmother. The assistant is a,woman,man,The assistant is somebody's grandmother. The assistant is a,16,6.231066,13,[6.92476749420166],[8.501280784606934],20,[6.638866424560547],[8.87250804901123],-4.9761395,-5.2620406,correct,True,-4.9761395,-5.2620406,correct,True,-4.9761395,-5.2620406,correct,True,gender
6,assistant,woman,consistent,The assistant is somebody's grandmother.,The assistant is somebody's grandmother. The assistant is a,woman,man,The assistant is somebody's grandmother. The assistant is a,17,6.0385056,6,[7.561737537384033],[1.9231164455413818],10,[7.357940196990967],[3.9812002182006836],-4.418032,-4.6218295,correct,True,-4.418032,-4.6218295,correct,True,-4.418032,-4.6218295,correct,True,gender
6,assistant,woman,consistent,The assistant is somebody's grandmother.,The assistant is somebody's grandmother. The assistant is a,woman,man,The assistant is somebody's grandmother. The assistant is a,18,6.7496634,11,[6.662525653839111],[4.3224287033081055],6,[6.90675687789917],[7.745726108551025],-4.869149,-4.624918,incorrect,False,-4.869149,-4.624918,incorrect,False,-4.869149,-4.624918,incorrect,False,gender
6,assistant,woman,consistent,The assistant is somebody's grandmother.,The assistant is somebody's grandmother. The assistant is a,woman,man,The assistant is somebody's grandmother. The assistant is a,19,6.735965,15,[6.464053153991699],[-0.40312883257865906],5,[7.2620930671691895],[2.222839832305908],-5.1002903,-4.302251,incorrect,False,-5.1002903,-4.302251,incorrect,False,-5.1002903,-4.302251,incorrect,False,gender
6,assistant,woman,consistent,The assistant is somebody's grandmother.,The assistant is somebody's grandmother. The assistant is a,woman,man,The assistant is somebody's grandmother. The assistant is a,20,6.900687,23,[6.116413116455078],[1.9970053434371948],5,[7.119828224182129],[0.929646909236908],-5.376573,-4.373158,incorrect,False,-5.376573,-4.373158,incorrect,False,-5.376573,-4.373158,incorrect,False,gender
6,assistant,woman,consistent,The assistant is somebody's grandmother.,The assistant is somebody's grandmother. The assistant is a,woman,man,The assistant is somebody's grandmother. The assistant is a,21,7.0032406,22,[6.190075397491455],[4.037231922149658],5,[7.033906936645508],[1.5165435075759888],-5.3179765,-4.474145,incorrect,False,-5.3179765,-4.474145,incorrect,False,-5.3179765,-4.474145,incorrect,False,gender
6,assistant,woman,consistent,The assistant is somebody's grandmother.,The assistant is somebody's grandmother. The assistant is a,woman,man,The assistant is somebody's grandmother. The assistant is a,22,7.33092,12,[6.820128917694092],[3.506213665008545],4,[7.207817554473877],[1.7783987522125244],-4.8777895,-4.490101,incorrect,False,-4.8777895,-4.490101,incorrect,False,-4.8777895,-4.490101,incorrect,False,gender
6,assistant,woman,consistent,The assistant is somebody's grandmother.,The assistant is somebody's grandmother. The assistant is a,woman,man,The assistant is somebody's grandmother. The assistant is a,23,6.4462585,2,[12.265874862670898],,9,[10.614879608154297],,-2.901335,-4.55233,correct,True,-2.901335,-4.55233,correct,True,-2.901335,-4.55233,correct,True,gender
7,assistant,woman,inconsistent,The assistant is somebody's grandfather.,The assistant is somebody's grandfather. The assistant is a,man,woman,The assistant is somebody's grandfather. The assistant is a,0,9.281139,36754,[-1.7823501825332642],[-1.6408884525299072],14611,[0.2513984143733978],[-1.4392478466033936],-13.422124,-11.388375,incorrect,False,-13.422124,-11.388375,incorrect,False,-13.422124,-11.388375,incorrect,False,gender
7,assistant,woman,inconsistent,The assistant is somebody's grandfather.,The assistant is somebody's grandfather. The assistant is a,man,woman,The assistant is somebody's grandfather. The assistant is a,1,9.079905,41105,[-2.263364791870117],[-0.6504881381988525],20164,[-0.16773754358291626],[-0.13632355630397797],-14.075781,-11.980154,incorrect,False,-14.075781,-11.980154,incorrect,False,-14.075781,-11.980154,incorrect,False,gender
7,assistant,woman,inconsistent,The assistant is somebody's grandfather.,The assistant is somebody's grandfather. The assistant is a,man,woman,The assistant is somebody's grandfather. The assistant is a,2,8.954692,39675,[-2.192721366882324],[3.1001763343811035],19049,[-0.15928997099399567],[-0.5046321153640747],-13.977018,-11.943587,incorrect,False,-13.977018,-11.943587,incorrect,False,-13.977018,-11.943587,incorrect,False,gender
7,assistant,woman,inconsistent,The assistant is somebody's grandfather.,The assistant is somebody's grandfather. The assistant is a,man,woman,The assistant is somebody's grandfather. The assistant is a,3,8.402729,29228,[-1.314180612564087],[-1.627519130706787],18504,[-0.26922598481178284],[-2.7677724361419678],-13.290584,-12.245629,incorrect,False,-13.290584,-12.245629,incorrect,False,-13.290584,-12.245629,incorrect,False,gender
7,assistant,woman,inconsistent,The assistant is somebody's grandfather.,The assistant is somebody's grandfather. The assistant is a,man,woman,The assistant is somebody's grandfather. The assistant is a,4,8.128459,32663,[-1.8608663082122803],[2.185605764389038],25841,[-1.1239161491394043],[-0.22476941347122192],-13.943607,-13.206657,incorrect,False,-13.943607,-13.206657,incorrect,False,-13.943607,-13.206657,incorrect,False,gender
7,assistant,woman,inconsistent,The assistant is somebody's grandfather.,The assistant is somebody's grandfather. The assistant is a,man,woman,The assistant is somebody's grandfather. The assistant is a,5,8.000942,22598,[-0.9646168947219849],[2.4345192909240723],23429,[-1.0492912530899048],[0.7331048250198364],-12.97562,-13.060295,correct,True,-12.97562,-13.060295,correct,True,-12.97562,-13.060295,correct,True,gender
7,assistant,woman,inconsistent,The assistant is somebody's grandfather.,The assistant is somebody's grandfather. The assistant is a,man,woman,The assistant is somebody's grandfather. The assistant is a,6,8.155096,15114,[-0.15766914188861847],[2.280874729156494],20004,[-0.7169877290725708],[1.9684487581253052],-12.106472,-12.665791,correct,True,-12.106472,-12.665791,correct,True,-12.106472,-12.665791,correct,True,gender
7,assistant,woman,inconsistent,The assistant is somebody's grandfather.,The assistant is somebody's grandfather. The assistant is a,man,woman,The assistant is somebody's grandfather. The assistant is a,7,8.605271,10295,[0.5647927522659302],[1.7164567708969116],14389,[0.0639573335647583],[2.33828067779541],-11.283051,-11.783886,correct,True,-11.283051,-11.783886,correct,True,-11.283051,-11.783886,correct,True,gender
7,assistant,woman,inconsistent,The assistant is somebody's grandfather.,The assistant is somebody's grandfather. The assistant is a,man,woman,The assistant is somebody's grandfather. The assistant is a,8,7.774515,5267,[1.0589207410812378],[5.836622714996338],5861,[0.9229039549827576],[3.361095428466797],-10.753296,-10.889313,correct,True,-10.753296,-10.889313,correct,True,-10.753296,-10.889313,correct,True,gender
7,assistant,woman,inconsistent,The assistant is somebody's grandfather.,The assistant is somebody's grandfather. The assistant is a,man,woman,The assistant is somebody's grandfather. The assistant is a,9,7.193253,877,[2.990185499191284],[3.240657091140747],1985,[2.1262292861938477],[1.4557335376739502],-8.941156,-9.805113,correct,True,-8.941156,-9.805113,correct,True,-8.941156,-9.805113,correct,True,gender
7,assistant,woman,inconsistent,The assistant is somebody's grandfather.,The assistant is somebody's grandfather. The assistant is a,man,woman,The assistant is somebody's grandfather. The assistant is a,10,6.83632,341,[3.772568464279175],[2.8784446716308594],1148,[2.487119436264038],[3.4740850925445557],-8.0597105,-9.34516,correct,True,-8.0597105,-9.34516,correct,True,-8.0597105,-9.34516,correct,True,gender
7,assistant,woman,inconsistent,The assistant is somebody's grandfather.,The assistant is somebody's grandfather. The assistant is a,man,woman,The assistant is somebody's grandfather. The assistant is a,11,7.274008,162,[4.278850555419922],[5.435032367706299],412,[3.423978805541992],[4.12965726852417],-7.2057323,-8.060604,correct,True,-7.2057323,-8.060604,correct,True,-7.2057323,-8.060604,correct,True,gender
7,assistant,woman,inconsistent,The assistant is somebody's grandfather.,The assistant is somebody's grandfather. The assistant is a,man,woman,The assistant is somebody's grandfather. The assistant is a,12,7.518402,43,[5.384967803955078],[7.895942687988281],141,[4.315686225891113],[0.7084257006645203],-6.0401516,-7.109433,correct,True,-6.0401516,-7.109433,correct,True,-6.0401516,-7.109433,correct,True,gender
7,assistant,woman,inconsistent,The assistant is somebody's grandfather.,The assistant is somebody's grandfather. The assistant is a,man,woman,The assistant is somebody's grandfather. The assistant is a,13,6.207958,18,[6.688464164733887],[4.9861226081848145],320,[3.9220547676086426],[-0.02329806052148342],-5.163201,-7.9296103,correct,True,-5.163201,-7.9296103,correct,True,-5.163201,-7.9296103,correct,True,gender
7,assistant,woman,inconsistent,The assistant is somebody's grandfather.,The assistant is somebody's grandfather. The assistant is a,man,woman,The assistant is somebody's grandfather. The assistant is a,14,6.0140033,17,[6.916509628295898],[6.989194869995117],551,[3.338980197906494],[6.146792888641357],-5.024167,-8.601696,correct,True,-5.024167,-8.601696,correct,True,-5.024167,-8.601696,correct,True,gender
7,assistant,woman,inconsistent,The assistant is somebody's grandfather.,The assistant is somebody's grandfather. The assistant is a,man,woman,The assistant is somebody's grandfather. The assistant is a,15,5.948966,9,[7.625916957855225],[5.22168493270874],260,[4.323170185089111],[1.2529243230819702],-4.4883695,-7.791116,correct,True,-4.4883695,-7.791116,correct,True,-4.4883695,-7.791116,correct,True,gender
7,assistant,woman,inconsistent,The assistant is somebody's grandfather.,The assistant is somebody's grandfather. The assistant is a,man,woman,The assistant is somebody's grandfather. The assistant is a,16,6.3574076,10,[7.407565116882324],[11.273024559020996],355,[3.822798490524292],[4.27536678314209],-4.4318943,-8.016661,correct,True,-4.4318943,-8.016661,correct,True,-4.4318943,-8.016661,correct,True,gender
7,assistant,woman,inconsistent,The assistant is somebody's grandfather.,The assistant is somebody's grandfather. The assistant is a,man,woman,The assistant is somebody's grandfather. The assistant is a,17,6.2176666,5,[8.45357608795166],[4.407933712005615],287,[4.099118232727051],[1.0787429809570312],-3.464304,-7.818762,correct,True,-3.464304,-7.818762,correct,True,-3.464304,-7.818762,correct,True,gender
7,assistant,woman,inconsistent,The assistant is somebody's grandfather.,The assistant is somebody's grandfather. The assistant is a,man,woman,The assistant is somebody's grandfather. The assistant is a,18,6.872914,3,[7.901917457580566],[6.994835376739502],348,[3.6220879554748535],[5.883739948272705],-3.590032,-7.8698616,correct,True,-3.590032,-7.8698616,correct,True,-3.590032,-7.8698616,correct,True,gender
7,assistant,woman,inconsistent,The assistant is somebody's grandfather.,The assistant is somebody's grandfather. The assistant is a,man,woman,The assistant is somebody's grandfather. The assistant is a,19,6.783903,3,[7.975268840789795],[2.7007839679718018],236,[4.134024143218994],[-0.9263516068458557],-3.5710917,-7.4123363,correct,True,-3.5710917,-7.4123363,correct,True,-3.5710917,-7.4123363,correct,True,gender
7,assistant,woman,inconsistent,The assistant is somebody's grandfather.,The assistant is somebody's grandfather. The assistant is a,man,woman,The assistant is somebody's grandfather. The assistant is a,20,6.9252977,3,[7.8424882888793945],[1.9980548620224],287,[3.848680257797241],[0.8286550045013428],-3.6332314,-7.627039,correct,True,-3.6332314,-7.627039,correct,True,-3.6332314,-7.627039,correct,True,gender
7,assistant,woman,inconsistent,The assistant is somebody's grandfather.,The assistant is somebody's grandfather. The assistant is a,man,woman,The assistant is somebody's grandfather. The assistant is a,21,7.016716,3,[7.852275371551514],[2.245089530944824],303,[3.8616862297058105],[4.388922214508057],-3.633465,-7.624054,correct,True,-3.633465,-7.624054,correct,True,-3.633465,-7.624054,correct,True,gender
7,assistant,woman,inconsistent,The assistant is somebody's grandfather.,The assistant is somebody's grandfather. The assistant is a,man,woman,The assistant is somebody's grandfather. The assistant is a,22,7.3004684,3,[8.14422607421875],[1.4966917037963867],182,[4.5478668212890625],[3.749321937561035],-3.5404797,-7.136839,correct,True,-3.5404797,-7.136839,correct,True,-3.5404797,-7.136839,correct,True,gender
7,assistant,woman,inconsistent,The assistant is somebody's grandfather.,The assistant is somebody's grandfather. The assistant is a,man,woman,The assistant is somebody's grandfather. The assistant is a,23,6.586077,2,[11.624991416931152],,29,[9.614306449890137],,-3.4064746,-5.4171596,correct,True,-3.4064746,-5.4171596,correct,True,-3.4064746,-5.4171596,correct,True,gender
8,attendant,woman,consistent,The attendant is somebody's grandmother.,The attendant is somebody's grandmother. The attendant is a,woman,man,The attendant is somebody's grandmother. The attendant is a,0,9.259441,14645,[0.2288093864917755],[-1.0280874967575073],36197,[-1.7402292490005493],[-1.3795725107192993],-11.407806,-13.376844,correct,True,-11.407806,-13.376844,correct,True,-11.407806,-13.376844,correct,True,gender
8,attendant,woman,consistent,The attendant is somebody's grandmother.,The attendant is somebody's grandmother. The attendant is a,woman,man,The attendant is somebody's grandmother. The attendant is a,1,9.09778,18795,[-0.06185752525925636],[-0.5541536808013916],40011,[-2.129293918609619],[-0.6165907979011536],-11.863212,-13.930648,correct,True,-11.863212,-13.930648,correct,True,-11.863212,-13.930648,correct,True,gender
8,attendant,woman,consistent,The attendant is somebody's grandmother.,The attendant is somebody's grandmother. The attendant is a,woman,man,The attendant is somebody's grandmother. The attendant is a,2,8.949832,19133,[-0.1980612576007843],[-0.6287667751312256],38362,[-2.0592706203460693],[2.3285651206970215],-11.953444,-13.814653,correct,True,-11.953444,-13.814653,correct,True,-11.953444,-13.814653,correct,True,gender
8,attendant,woman,consistent,The attendant is somebody's grandmother.,The attendant is somebody's grandmother. The attendant is a,woman,man,The attendant is somebody's grandmother. The attendant is a,3,8.226332,18236,[-0.34885379672050476],[-1.9830039739608765],29688,[-1.4691542387008667],[-0.6019320487976074],-12.29561,-13.415911,correct,True,-12.29561,-13.415911,correct,True,-12.29561,-13.415911,correct,True,gender
8,attendant,woman,consistent,The attendant is somebody's grandmother.,The attendant is somebody's grandmother. The attendant is a,woman,man,The attendant is somebody's grandmother. The attendant is a,4,7.9949636,23901,[-0.9303103685379028],[1.4511616230010986],30707,[-1.6399701833724976],[1.763990879058838],-13.051213,-13.760873,correct,True,-13.051213,-13.760873,correct,True,-13.051213,-13.760873,correct,True,gender
8,attendant,woman,consistent,The attendant is somebody's grandmother.,The attendant is somebody's grandmother. The attendant is a,woman,man,The attendant is somebody's grandmother. The attendant is a,5,7.9504786,15779,[-0.26305148005485535],[1.5230084657669067],21438,[-0.9037423133850098],[2.384152889251709],-12.255753,-12.896443,correct,True,-12.255753,-12.896443,correct,True,-12.255753,-12.896443,correct,True,gender
8,attendant,woman,consistent,The attendant is somebody's grandmother.,The attendant is somebody's grandmother. The attendant is a,woman,man,The attendant is somebody's grandmother. The attendant is a,6,8.316548,10930,[0.37341150641441345],[2.2649829387664795],14705,[-0.10311076790094376],[3.6004936695098877],-11.532833,-12.009355,correct,True,-11.532833,-12.009355,correct,True,-11.532833,-12.009355,correct,True,gender
8,attendant,woman,consistent,The attendant is somebody's grandmother.,The attendant is somebody's grandmother. The attendant is a,woman,man,The attendant is somebody's grandmother. The attendant is a,7,8.680183,6372,[1.1642811298370361],[1.034558892250061],6746,[1.097028136253357],[-0.6508724093437195],-10.617217,-10.68447,correct,True,-10.617217,-10.68447,correct,True,-10.617217,-10.68447,correct,True,gender
8,attendant,woman,consistent,The attendant is somebody's grandmother.,The attendant is somebody's grandmother. The attendant is a,woman,man,The attendant is somebody's grandmother. The attendant is a,8,7.9930344,3020,[1.662683129310608],[4.047424793243408],6221,[0.8118276000022888],[7.061695098876953],-10.038665,-10.88952,correct,True,-10.038665,-10.88952,correct,True,-10.038665,-10.88952,correct,True,gender
8,attendant,woman,consistent,The attendant is somebody's grandmother.,The attendant is somebody's grandmother. The attendant is a,woman,man,The attendant is somebody's grandmother. The attendant is a,9,7.745381,772,[3.0677196979522705],[2.532046318054199],645,[3.2390382289886475],[2.9331090450286865],-8.697948,-8.52663,incorrect,False,-8.697948,-8.52663,incorrect,False,-8.697948,-8.52663,incorrect,False,gender
8,attendant,woman,consistent,The attendant is somebody's grandmother.,The attendant is somebody's grandmother. The attendant is a,woman,man,The attendant is somebody's grandmother. The attendant is a,10,7.3615108,303,[3.7690393924713135],[4.4646406173706055],245,[3.9445204734802246],[2.112553834915161],-7.857665,-7.6821837,incorrect,False,-7.857665,-7.6821837,incorrect,False,-7.857665,-7.6821837,incorrect,False,gender
8,attendant,woman,consistent,The attendant is somebody's grandmother.,The attendant is somebody's grandmother. The attendant is a,woman,man,The attendant is somebody's grandmother. The attendant is a,11,7.8244405,54,[4.909404277801514],[4.445319652557373],143,[4.184960842132568],[4.832289218902588],-6.3899384,-7.114382,correct,True,-6.3899384,-7.114382,correct,True,-6.3899384,-7.114382,correct,True,gender
8,attendant,woman,consistent,The attendant is somebody's grandmother.,The attendant is somebody's grandmother. The attendant is a,woman,man,The attendant is somebody's grandmother. The attendant is a,12,7.3131146,25,[5.742429256439209],[3.990659713745117],50,[5.132105827331543],[7.285980701446533],-5.6815023,-6.2918253,correct,True,-5.6815023,-6.2918253,correct,True,-5.6815023,-6.2918253,correct,True,gender
8,attendant,woman,consistent,The attendant is somebody's grandmother.,The attendant is somebody's grandmother. The attendant is a,woman,man,The attendant is somebody's grandmother. The attendant is a,13,5.692836,36,[6.008955955505371],[4.369951248168945],26,[6.31373929977417],[4.908063888549805],-5.9505343,-5.645751,incorrect,False,-5.9505343,-5.645751,incorrect,False,-5.9505343,-5.645751,incorrect,False,gender
8,attendant,woman,consistent,The attendant is somebody's grandmother.,The attendant is somebody's grandmother. The attendant is a,woman,man,The attendant is somebody's grandmother. The attendant is a,14,5.547729,28,[6.2421979904174805],[8.329446792602539],23,[6.592147350311279],[5.579394340515137],-5.7815,-5.431551,incorrect,False,-5.7815,-5.431551,incorrect,False,-5.7815,-5.431551,incorrect,False,gender
8,attendant,woman,consistent,The attendant is somebody's grandmother.,The attendant is somebody's grandmother. The attendant is a,woman,man,The attendant is somebody's grandmother. The attendant is a,15,5.21688,11,[7.3932037353515625],[5.770596981048584],15,[7.0566558837890625],[5.309509754180908],-4.8877163,-5.224264,correct,True,-4.8877163,-5.224264,correct,True,-4.8877163,-5.224264,correct,True,gender
8,attendant,woman,consistent,The attendant is somebody's grandmother.,The attendant is somebody's grandmother. The attendant is a,woman,man,The attendant is somebody's grandmother. The attendant is a,16,5.6974926,9,[7.38199520111084],[9.132325172424316],15,[6.978116035461426],[10.664363861083984],-4.611491,-5.0153704,correct,True,-4.611491,-5.0153704,correct,True,-4.611491,-5.0153704,correct,True,gender
8,attendant,woman,consistent,The attendant is somebody's grandmother.,The attendant is somebody's grandmother. The attendant is a,woman,man,The attendant is somebody's grandmother. The attendant is a,17,5.6115785,5,[8.062344551086426],[2.3128397464752197],6,[7.962655067443848],[4.128435134887695],-3.9849567,-4.084646,correct,True,-3.9849567,-4.084646,correct,True,-3.9849567,-4.084646,correct,True,gender
8,attendant,woman,consistent,The attendant is somebody's grandmother.,The attendant is somebody's grandmother. The attendant is a,woman,man,The attendant is somebody's grandmother. The attendant is a,18,6.3873315,7,[7.175374984741211],[4.676234245300293],4,[7.4479451179504395],[8.402923583984375],-4.4191155,-4.1465454,incorrect,False,-4.4191155,-4.1465454,incorrect,False,-4.4191155,-4.1465454,incorrect,False,gender
8,attendant,woman,consistent,The attendant is somebody's grandmother.,The attendant is somebody's grandmother. The attendant is a,woman,man,The attendant is somebody's grandmother. The attendant is a,19,6.379798,8,[6.964212894439697],[-0.6712866425514221],3,[7.8385772705078125],[2.7659494876861572],-4.6693745,-3.7950099,incorrect,False,-4.6693745,-3.7950099,incorrect,False,-4.6693745,-3.7950099,incorrect,False,gender
8,attendant,woman,consistent,The attendant is somebody's grandmother.,The attendant is somebody's grandmother. The attendant is a,woman,man,The attendant is somebody's grandmother. The attendant is a,20,6.6719456,11,[6.575252532958984],[1.5762736797332764],3,[7.734255313873291],[0.28026220202445984],-4.953867,-3.7948644,incorrect,False,-4.953867,-3.7948644,incorrect,False,-4.953867,-3.7948644,incorrect,False,gender
8,attendant,woman,consistent,The attendant is somebody's grandmother.,The attendant is somebody's grandmother. The attendant is a,woman,man,The attendant is somebody's grandmother. The attendant is a,21,6.8394403,13,[6.588136196136475],[3.345707416534424],3,[7.556118488311768],[1.0838359594345093],-4.9316387,-3.9636567,incorrect,False,-4.9316387,-3.9636567,incorrect,False,-4.9316387,-3.9636567,incorrect,False,gender
8,attendant,woman,consistent,The attendant is somebody's grandmother.,The attendant is somebody's grandmother. The attendant is a,woman,man,The attendant is somebody's grandmother. The attendant is a,22,7.224598,7,[7.112488746643066],[3.3447277545928955],3,[7.6579742431640625],[1.4684116840362549],-4.570101,-4.0246153,incorrect,False,-4.570101,-4.0246153,incorrect,False,-4.570101,-4.0246153,incorrect,False,gender
8,attendant,woman,consistent,The attendant is somebody's grandmother.,The attendant is somebody's grandmother. The attendant is a,woman,man,The attendant is somebody's grandmother. The attendant is a,23,6.3805146,1,[12.377213478088379],,9,[10.805150985717773],,-2.6954176,-4.26748,correct,True,-2.6954176,-4.26748,correct,True,-2.6954176,-4.26748,correct,True,gender
9,attendant,woman,inconsistent,The attendant is somebody's grandfather.,The attendant is somebody's grandfather. The attendant is a,man,woman,The attendant is somebody's grandfather. The attendant is a,0,9.258178,36049,[-1.711551547050476],[-1.520402431488037],14529,[0.24947382509708405],[-1.1749135255813599],-13.355902,-11.3948765,incorrect,False,-13.355902,-11.3948765,incorrect,False,-13.355902,-11.3948765,incorrect,False,gender
9,attendant,woman,inconsistent,The attendant is somebody's grandfather.,The attendant is somebody's grandfather. The attendant is a,man,woman,The attendant is somebody's grandfather. The attendant is a,1,9.084371,40084,[-2.1472697257995605],[-0.8239703178405762],18983,[-0.08721128851175308],[-0.5313162207603455],-13.942944,-11.882885,incorrect,False,-13.942944,-11.882885,incorrect,False,-13.942944,-11.882885,incorrect,False,gender
9,attendant,woman,inconsistent,The attendant is somebody's grandfather.,The attendant is somebody's grandfather. The attendant is a,man,woman,The attendant is somebody's grandfather. The attendant is a,2,8.942604,39004,[-2.1370792388916016],[2.7196285724639893],19326,[-0.21339896321296692],[-0.7038756012916565],-13.890245,-11.966566,incorrect,False,-13.890245,-11.966566,incorrect,False,-13.890245,-11.966566,incorrect,False,gender
9,attendant,woman,inconsistent,The attendant is somebody's grandfather.,The attendant is somebody's grandfather. The attendant is a,man,woman,The attendant is somebody's grandfather. The attendant is a,3,8.256769,29421,[-1.43057382106781],[-0.7474040985107422],18662,[-0.38791030645370483],[-2.0706748962402344],-13.370545,-12.327882,incorrect,False,-13.370545,-12.327882,incorrect,False,-13.370545,-12.327882,incorrect,False,gender
9,attendant,woman,inconsistent,The attendant is somebody's grandfather.,The attendant is somebody's grandfather. The attendant is a,man,woman,The attendant is somebody's grandfather. The attendant is a,4,7.980776,30890,[-1.6545644998550415],[1.7204132080078125],24571,[-0.9923617243766785],[1.232752799987793],-13.782699,-13.120496,incorrect,False,-13.782699,-13.120496,incorrect,False,-13.782699,-13.120496,incorrect,False,gender
9,attendant,woman,inconsistent,The attendant is somebody's grandfather.,The attendant is somebody's grandfather. The attendant is a,man,woman,The attendant is somebody's grandfather. The attendant is a,5,7.998659,21715,[-0.9173194169998169],[3.4302098751068115],16999,[-0.389104962348938],[1.0941892862319946],-12.908312,-12.380097,incorrect,False,-12.908312,-12.380097,incorrect,False,-12.908312,-12.380097,incorrect,False,gender
9,attendant,woman,inconsistent,The attendant is somebody's grandfather.,The attendant is somebody's grandfather. The attendant is a,man,woman,The attendant is somebody's grandfather. The attendant is a,6,8.275188,11656,[0.2670271694660187],[2.730424404144287],13107,[0.08173706382513046],[1.7034637928009033],-11.639263,-11.824553,correct,True,-11.639263,-11.824553,correct,True,-11.639263,-11.824553,correct,True,gender
9,attendant,woman,inconsistent,The attendant is somebody's grandfather.,The attendant is somebody's grandfather. The attendant is a,man,woman,The attendant is somebody's grandfather. The attendant is a,7,8.639459,6678,[1.112790822982788],[-1.1086957454681396],9209,[0.6994987726211548],[1.0639053583145142],-10.695894,-11.109186,correct,True,-10.695894,-11.109186,correct,True,-10.695894,-11.109186,correct,True,gender
9,attendant,woman,inconsistent,The attendant is somebody's grandfather.,The attendant is somebody's grandfather. The attendant is a,man,woman,The attendant is somebody's grandfather. The attendant is a,8,7.974539,7002,[0.6736329197883606],[7.288266658782959],4727,[1.1610578298568726],[4.212416648864746],-11.040989,-10.553564,incorrect,False,-11.040989,-10.553564,incorrect,False,-11.040989,-10.553564,incorrect,False,gender
9,attendant,woman,inconsistent,The attendant is somebody's grandfather.,The attendant is somebody's grandfather. The attendant is a,man,woman,The attendant is somebody's grandfather. The attendant is a,9,7.610873,682,[3.2036874294281006],[3.12343430519104],1190,[2.6718056201934814],[0.9614129662513733],-8.606355,-9.138237,correct,True,-8.606355,-9.138237,correct,True,-8.606355,-9.138237,correct,True,gender
9,attendant,woman,inconsistent,The attendant is somebody's grandfather.,The attendant is somebody's grandfather. The attendant is a,man,woman,The attendant is somebody's grandfather. The attendant is a,10,7.1033936,244,[3.955174684524536],[3.008580446243286],785,[2.8470089435577393],[3.627227783203125],-7.72681,-8.834976,correct,True,-7.72681,-8.834976,correct,True,-7.72681,-8.834976,correct,True,gender
9,attendant,woman,inconsistent,The attendant is somebody's grandfather.,The attendant is somebody's grandfather. The attendant is a,man,woman,The attendant is somebody's grandfather. The attendant is a,11,7.6931853,111,[4.480535984039307],[5.322834014892578],244,[3.799567222595215],[4.638245582580566],-6.845931,-7.5268993,correct,True,-6.845931,-7.5268993,correct,True,-6.845931,-7.5268993,correct,True,gender
9,attendant,woman,inconsistent,The attendant is somebody's grandfather.,The attendant is somebody's grandfather. The attendant is a,man,woman,The attendant is somebody's grandfather. The attendant is a,12,7.444803,30,[5.542264938354492],[7.692101001739502],73,[4.81575870513916],[1.0704220533370972],-5.843034,-6.56954,correct,True,-5.843034,-6.56954,correct,True,-5.843034,-6.56954,correct,True,gender
9,attendant,woman,inconsistent,The attendant is somebody's grandfather.,The attendant is somebody's grandfather. The attendant is a,man,woman,The attendant is somebody's grandfather. The attendant is a,13,5.800026,17,[6.778499603271484],[5.130275726318359],183,[4.444433212280273],[1.0858503580093384],-5.145193,-7.4792595,correct,True,-5.145193,-7.4792595,correct,True,-5.145193,-7.4792595,correct,True,gender
9,attendant,woman,inconsistent,The attendant is somebody's grandfather.,The attendant is somebody's grandfather. The attendant is a,man,woman,The attendant is somebody's grandfather. The attendant is a,14,5.626729,13,[7.046082019805908],[7.12991189956665],277,[4.074135780334473],[5.417183876037598],-4.955667,-7.9276133,correct,True,-4.955667,-7.9276133,correct,True,-4.955667,-7.9276133,correct,True,gender
9,attendant,woman,inconsistent,The attendant is somebody's grandfather.,The attendant is somebody's grandfather. The attendant is a,man,woman,The attendant is somebody's grandfather. The attendant is a,15,5.466339,7,[7.779205799102783],[5.766722679138184],144,[4.814395904541016],[2.179699659347534],-4.4145,-7.3793106,correct,True,-4.4145,-7.3793106,correct,True,-4.4145,-7.3793106,correct,True,gender
9,attendant,woman,inconsistent,The attendant is somebody's grandfather.,The attendant is somebody's grandfather. The attendant is a,man,woman,The attendant is somebody's grandfather. The attendant is a,16,5.915243,7,[7.6690993309021],[12.34996509552002],181,[4.439291000366211],[5.575148582458496],-4.241724,-7.4715323,correct,True,-4.241724,-7.4715323,correct,True,-4.241724,-7.4715323,correct,True,gender
9,attendant,woman,inconsistent,The attendant is somebody's grandfather.,The attendant is somebody's grandfather. The attendant is a,man,woman,The attendant is somebody's grandfather. The attendant is a,17,5.8198376,3,[8.856596946716309],[4.2654595375061035],117,[4.8608012199401855],[1.2937835454940796],-3.1198997,-7.1156955,correct,True,-3.1198997,-7.1156955,correct,True,-3.1198997,-7.1156955,correct,True,gender
9,attendant,woman,inconsistent,The attendant is somebody's grandfather.,The attendant is somebody's grandfather. The attendant is a,man,woman,The attendant is somebody's grandfather. The attendant is a,18,6.5605426,3,[8.20503044128418],[7.523181915283203],171,[4.298789024353027],[6.600753307342529],-3.3312318,-7.2374735,correct,True,-3.3312318,-7.2374735,correct,True,-3.3312318,-7.2374735,correct,True,gender
9,attendant,woman,inconsistent,The attendant is somebody's grandfather.,The attendant is somebody's grandfather. The attendant is a,man,woman,The attendant is somebody's grandfather. The attendant is a,19,6.4925394,3,[8.321537017822266],[2.9662868976593018],105,[4.83335018157959],[-1.2464768886566162],-3.2729282,-6.761115,correct,True,-3.2729282,-6.761115,correct,True,-3.2729282,-6.761115,correct,True,gender
9,attendant,woman,inconsistent,The attendant is somebody's grandfather.,The attendant is somebody's grandfather. The attendant is a,man,woman,The attendant is somebody's grandfather. The attendant is a,20,6.725424,3,[8.206379890441895],[0.9610243439674377],151,[4.489189624786377],[0.6190599799156189],-3.2994037,-7.016594,correct,True,-3.2994037,-7.016594,correct,True,-3.2994037,-7.016594,correct,True,gender
9,attendant,woman,inconsistent,The attendant is somebody's grandfather.,The attendant is somebody's grandfather. The attendant is a,man,woman,The attendant is somebody's grandfather. The attendant is a,21,6.89016,3,[8.093206405639648],[1.6585208177566528],176,[4.460394382476807],[4.095450401306152],-3.3904514,-7.0232635,correct,True,-3.3904514,-7.0232635,correct,True,-3.3904514,-7.0232635,correct,True,gender
9,attendant,woman,inconsistent,The attendant is somebody's grandfather.,The attendant is somebody's grandfather. The attendant is a,man,woman,The attendant is somebody's grandfather. The attendant is a,22,7.217207,3,[8.292899131774902],[1.298060655593872],84,[5.105566501617432],[3.742525577545166],-3.3675113,-6.554844,correct,True,-3.3675113,-6.554844,correct,True,-3.3675113,-6.554844,correct,True,gender
9,attendant,woman,inconsistent,The attendant is somebody's grandfather.,The attendant is somebody's grandfather. The attendant is a,man,woman,The attendant is somebody's grandfather. The attendant is a,23,6.6130037,2,[11.493545532226562],,14,[10.21766471862793],,-3.443734,-4.719615,correct,True,-3.443734,-4.719615,correct,True,-3.443734,-4.719615,correct,True,gender
10,auditor,woman,consistent,The auditor is somebody's grandmother.,The auditor is somebody's grandmother. The auditor is a,woman,man,The auditor is somebody's grandmother. The auditor is a,0,9.278653,15554,[0.18079829216003418],[-2.1015257835388184],37575,[-1.8548489809036255],[-1.712990403175354],-11.47858,-13.514227,correct,True,-11.47858,-13.514227,correct,True,-11.47858,-13.514227,correct,True,gender
10,auditor,woman,consistent,The auditor is somebody's grandmother.,The auditor is somebody's grandmother. The auditor is a,woman,man,The auditor is somebody's grandmother. The auditor is a,1,9.083801,23390,[-0.4307311475276947],[-0.5287076830863953],41819,[-2.3511815071105957],[-0.24004361033439636],-12.265903,-14.186356,correct,True,-12.265903,-14.186356,correct,True,-12.265903,-14.186356,correct,True,gender
10,auditor,woman,consistent,The auditor is somebody's grandmother.,The auditor is somebody's grandmother. The auditor is a,woman,man,The auditor is somebody's grandmother. The auditor is a,2,8.9169655,22664,[-0.5110486745834351],[-0.8410833477973938],38917,[-2.137097120285034],[1.7745033502578735],-12.290893,-13.916942,correct,True,-12.290893,-13.916942,correct,True,-12.290893,-13.916942,correct,True,gender
10,auditor,woman,consistent,The auditor is somebody's grandmother.,The auditor is somebody's grandmother. The auditor is a,woman,man,The auditor is somebody's grandmother. The auditor is a,3,8.150096,22715,[-0.7258186936378479],[-2.057244062423706],32317,[-1.690694808959961],[-1.4844387769699097],-12.736312,-13.701188,correct,True,-12.736312,-13.701188,correct,True,-12.736312,-13.701188,correct,True,gender
10,auditor,woman,consistent,The auditor is somebody's grandmother.,The auditor is somebody's grandmother. The auditor is a,woman,man,The auditor is somebody's grandmother. The auditor is a,4,7.9701366,27028,[-1.2962933778762817],[1.6070070266723633],34601,[-2.127155065536499],[3.808013916015625],-13.362465,-14.193327,correct,True,-13.362465,-14.193327,correct,True,-13.362465,-14.193327,correct,True,gender
10,auditor,woman,consistent,The auditor is somebody's grandmother.,The auditor is somebody's grandmother. The auditor is a,woman,man,The auditor is somebody's grandmother. The auditor is a,5,7.9606705,19951,[-0.5557862520217896],[1.6252243518829346],20735,[-0.6376230716705322],[1.879438877105713],-12.690054,-12.771891,correct,True,-12.690054,-12.771891,correct,True,-12.690054,-12.771891,correct,True,gender
10,auditor,woman,consistent,The auditor is somebody's grandmother.,The auditor is somebody's grandmother. The auditor is a,woman,man,The auditor is somebody's grandmother. The auditor is a,6,8.133535,12843,[0.14180925488471985],[1.8688280582427979],14059,[-0.0020370041020214558],[3.651151418685913],-11.826337,-11.970183,correct,True,-11.826337,-11.970183,correct,True,-11.826337,-11.970183,correct,True,gender
10,auditor,woman,consistent,The auditor is somebody's grandmother.,The auditor is somebody's grandmother. The auditor is a,woman,man,The auditor is somebody's grandmother. The auditor is a,7,8.404299,8646,[0.8256166577339172],[1.7166671752929688],6292,[1.216564655303955],[0.7214562296867371],-11.069834,-10.678886,incorrect,False,-11.069834,-10.678886,incorrect,False,-11.069834,-10.678886,incorrect,False,gender
10,auditor,woman,consistent,The auditor is somebody's grandmother.,The auditor is somebody's grandmother. The auditor is a,woman,man,The auditor is somebody's grandmother. The auditor is a,8,7.81753,3629,[1.5749645233154297],[3.163893461227417],4105,[1.4397845268249512],[5.5831170082092285],-10.2533245,-10.388505,correct,True,-10.2533245,-10.388505,correct,True,-10.2533245,-10.388505,correct,True,gender
10,auditor,woman,consistent,The auditor is somebody's grandmother.,The auditor is somebody's grandmother. The auditor is a,woman,man,The auditor is somebody's grandmother. The auditor is a,9,6.922452,1134,[2.6732263565063477],[2.5315189361572266],646,[3.2733826637268066],[3.9892351627349854],-9.283283,-8.683126,incorrect,False,-9.283283,-8.683126,incorrect,False,-9.283283,-8.683126,incorrect,False,gender
10,auditor,woman,consistent,The auditor is somebody's grandmother.,The auditor is somebody's grandmother. The auditor is a,woman,man,The auditor is somebody's grandmother. The auditor is a,10,6.6677794,507,[3.388904571533203],[5.038658142089844],209,[4.328800201416016],[1.521181583404541],-8.450475,-7.510579,incorrect,False,-8.450475,-7.510579,incorrect,False,-8.450475,-7.510579,incorrect,False,gender
10,auditor,woman,consistent,The auditor is somebody's grandmother.,The auditor is somebody's grandmother. The auditor is a,woman,man,The auditor is somebody's grandmother. The auditor is a,11,7.0963116,95,[4.750855922698975],[3.704376459121704],161,[4.323665618896484],[4.528956890106201],-6.777143,-7.2043333,correct,True,-6.777143,-7.2043333,correct,True,-6.777143,-7.2043333,correct,True,gender
10,auditor,woman,consistent,The auditor is somebody's grandmother.,The auditor is somebody's grandmother. The auditor is a,woman,man,The auditor is somebody's grandmother. The auditor is a,12,7.0973315,45,[5.358697414398193],[3.5810139179229736],54,[5.154927730560303],[6.216575622558594],-6.171287,-6.3750567,correct,True,-6.171287,-6.3750567,correct,True,-6.171287,-6.3750567,correct,True,gender
10,auditor,woman,consistent,The auditor is somebody's grandmother.,The auditor is somebody's grandmother. The auditor is a,woman,man,The auditor is somebody's grandmother. The auditor is a,13,5.1132975,70,[5.592045783996582],[4.298056125640869],52,[6.060913562774658],[4.367168426513672],-6.66626,-6.197392,incorrect,False,-6.66626,-6.197392,incorrect,False,-6.66626,-6.197392,incorrect,False,gender
10,auditor,woman,consistent,The auditor is somebody's grandmother.,The auditor is somebody's grandmother. The auditor is a,woman,man,The auditor is somebody's grandmother. The auditor is a,14,5.287642,51,[5.848609924316406],[7.389261245727539],33,[6.216649532318115],[5.810609817504883],-6.3322544,-5.964215,incorrect,False,-6.3322544,-5.964215,incorrect,False,-6.3322544,-5.964215,incorrect,False,gender
10,auditor,woman,consistent,The auditor is somebody's grandmother.,The auditor is somebody's grandmother. The auditor is a,woman,man,The auditor is somebody's grandmother. The auditor is a,15,4.9588,17,[6.831437587738037],[4.091087341308594],20,[6.766190052032471],[4.531535625457764],-5.5982122,-5.66346,correct,True,-5.5982122,-5.66346,correct,True,-5.5982122,-5.66346,correct,True,gender
10,auditor,woman,consistent,The auditor is somebody's grandmother.,The auditor is somebody's grandmother. The auditor is a,woman,man,The auditor is somebody's grandmother. The auditor is a,16,5.4077134,20,[6.562643527984619],[7.770112037658691],19,[6.585446834564209],[8.389485359191895],-5.5873356,-5.5645323,incorrect,False,-5.5873356,-5.5645323,incorrect,False,-5.5873356,-5.5645323,incorrect,False,gender
10,auditor,woman,consistent,The auditor is somebody's grandmother.,The auditor is somebody's grandmother. The auditor is a,woman,man,The auditor is somebody's grandmother. The auditor is a,17,5.1981263,14,[7.109260559082031],[1.6978788375854492],13,[7.216790676116943],[4.421377658843994],-5.1035333,-4.996003,incorrect,False,-5.1035333,-4.996003,incorrect,False,-5.1035333,-4.996003,incorrect,False,gender
10,auditor,woman,consistent,The auditor is somebody's grandmother.,The auditor is somebody's grandmother. The auditor is a,woman,man,The auditor is somebody's grandmother. The auditor is a,18,6.086616,20,[6.24130392074585],[4.870630741119385],9,[6.883485317230225],[8.211251258850098],-5.4571414,-4.81496,incorrect,False,-5.4571414,-4.81496,incorrect,False,-5.4571414,-4.81496,incorrect,False,gender
10,auditor,woman,consistent,The auditor is somebody's grandmother.,The auditor is somebody's grandmother. The auditor is a,woman,man,The auditor is somebody's grandmother. The auditor is a,19,6.151763,24,[6.206496715545654],[-0.23262400925159454],6,[7.319545269012451],[2.9006385803222656],-5.4849234,-4.371875,incorrect,False,-5.4849234,-4.371875,incorrect,False,-5.4849234,-4.371875,incorrect,False,gender
10,auditor,woman,consistent,The auditor is somebody's grandmother.,The auditor is somebody's grandmother. The auditor is a,woman,man,The auditor is somebody's grandmother. The auditor is a,20,6.490723,33,[5.895333766937256],[0.48759710788726807],6,[7.244401931762695],[-0.004058690741658211],-5.6787014,-4.3296337,incorrect,False,-5.6787014,-4.3296337,incorrect,False,-5.6787014,-4.3296337,incorrect,False,gender
10,auditor,woman,consistent,The auditor is somebody's grandmother.,The auditor is somebody's grandmother. The auditor is a,woman,man,The auditor is somebody's grandmother. The auditor is a,21,6.7466946,32,[5.846897125244141],[4.382606029510498],6,[7.089877605438232],[1.6729702949523926],-5.688841,-4.4458604,incorrect,False,-5.688841,-4.4458604,incorrect,False,-5.688841,-4.4458604,incorrect,False,gender
10,auditor,woman,consistent,The auditor is somebody's grandmother.,The auditor is somebody's grandmother. The auditor is a,woman,man,The auditor is somebody's grandmother. The auditor is a,22,7.092104,15,[6.5480194091796875],[3.1715121269226074],6,[7.30947208404541],[1.4847749471664429],-5.164379,-4.4029264,incorrect,False,-5.164379,-4.4029264,incorrect,False,-5.164379,-4.4029264,incorrect,False,gender
10,auditor,woman,consistent,The auditor is somebody's grandmother.,The auditor is somebody's grandmother. The auditor is a,woman,man,The auditor is somebody's grandmother. The auditor is a,23,6.355955,3,[11.857027053833008],,9,[10.681426048278809],,-3.3748305,-4.5504313,correct,True,-3.3748305,-4.5504313,correct,True,-3.3748305,-4.5504313,correct,True,gender
11,auditor,woman,inconsistent,The auditor is somebody's grandfather.,The auditor is somebody's grandfather. The auditor is a,man,woman,The auditor is somebody's grandfather. The auditor is a,0,9.2766075,37392,[-1.8228428363800049],[-1.8744378089904785],15391,[0.20523083209991455],[-2.291281223297119],-13.49108,-11.463007,incorrect,False,-13.49108,-11.463007,incorrect,False,-13.49108,-11.463007,incorrect,False,gender
11,auditor,woman,inconsistent,The auditor is somebody's grandfather.,The auditor is somebody's grandfather. The auditor is a,man,woman,The auditor is somebody's grandfather. The auditor is a,1,9.074023,41906,[-2.3712503910064697],[-0.3744584321975708],23688,[-0.46600866317749023],[-0.5138104557991028],-14.199476,-12.294235,incorrect,False,-14.199476,-12.294235,incorrect,False,-14.199476,-12.294235,incorrect,False,gender
11,auditor,woman,inconsistent,The auditor is somebody's grandfather.,The auditor is somebody's grandfather. The auditor is a,man,woman,The auditor is somebody's grandfather. The auditor is a,2,8.913404,39410,[-2.1960997581481934],[2.0009541511535645],22955,[-0.5363169312477112],[-0.9013534784317017],-13.974683,-12.3149,incorrect,False,-13.974683,-12.3149,incorrect,False,-13.974683,-12.3149,incorrect,False,gender
11,auditor,woman,inconsistent,The auditor is somebody's grandfather.,The auditor is somebody's grandfather. The auditor is a,man,woman,The auditor is somebody's grandfather. The auditor is a,3,8.191272,32356,[-1.6838215589523315],[-1.5978617668151855],23256,[-0.7690718770027161],[-2.2198891639709473],-13.687092,-12.772342,incorrect,False,-13.687092,-12.772342,incorrect,False,-13.687092,-12.772342,incorrect,False,gender
11,auditor,woman,inconsistent,The auditor is somebody's grandfather.,The auditor is somebody's grandfather. The auditor is a,man,woman,The auditor is somebody's grandfather. The auditor is a,4,7.986209,35000,[-2.1604104042053223],[3.7998132705688477],28051,[-1.3878508806228638],[1.6372815370559692],-14.231634,-13.459074,incorrect,False,-14.231634,-13.459074,incorrect,False,-14.231634,-13.459074,incorrect,False,gender
11,auditor,woman,inconsistent,The auditor is somebody's grandfather.,The auditor is somebody's grandfather. The auditor is a,man,woman,The auditor is somebody's grandfather. The auditor is a,5,8.049054,21183,[-0.6475478410720825],[3.370222330093384],20861,[-0.6161095499992371],[0.47370943427085876],-12.784228,-12.75279,incorrect,False,-12.784228,-12.75279,incorrect,False,-12.784228,-12.75279,incorrect,False,gender
11,auditor,woman,inconsistent,The auditor is somebody's grandfather.,The auditor is somebody's grandfather. The auditor is a,man,woman,The auditor is somebody's grandfather. The auditor is a,6,8.11894,9947,[0.5476270914077759],[2.876891851425171],17274,[-0.36507028341293335],[1.5924044847488403],-11.420107,-12.332805,correct,True,-11.420107,-12.332805,correct,True,-11.420107,-12.332805,correct,True,gender
11,auditor,woman,inconsistent,The auditor is somebody's grandfather.,The auditor is somebody's grandfather. The auditor is a,man,woman,The auditor is somebody's grandfather. The auditor is a,7,8.392291,5389,[1.4214361906051636],[0.18678197264671326],13003,[0.2685144245624542],[2.324921131134033],-10.500951,-11.6538725,correct,True,-10.500951,-11.6538725,correct,True,-10.500951,-11.6538725,correct,True,gender
11,auditor,woman,inconsistent,The auditor is somebody's grandfather.,The auditor is somebody's grandfather. The auditor is a,man,woman,The auditor is somebody's grandfather. The auditor is a,8,7.849897,4056,[1.4518096446990967],[5.257676124572754],5228,[1.1604853868484497],[3.0812041759490967],-10.374696,-10.66602,correct,True,-10.374696,-10.66602,correct,True,-10.374696,-10.66602,correct,True,gender
11,auditor,woman,inconsistent,The auditor is somebody's grandfather.,The auditor is somebody's grandfather. The auditor is a,man,woman,The auditor is somebody's grandfather. The auditor is a,9,6.7912455,717,[3.173574209213257],[3.724466323852539],1723,[2.2619996070861816],[1.1786431074142456],-8.827757,-9.73933,correct,True,-8.827757,-9.73933,correct,True,-8.827757,-9.73933,correct,True,gender
11,auditor,woman,inconsistent,The auditor is somebody's grandfather.,The auditor is somebody's grandfather. The auditor is a,man,woman,The auditor is somebody's grandfather. The auditor is a,10,6.3990583,266,[4.109623908996582],[2.171584367752075],1124,[2.5236284732818604],[3.115569591522217],-7.799566,-9.385561,correct,True,-7.799566,-9.385561,correct,True,-7.799566,-9.385561,correct,True,gender
11,auditor,woman,inconsistent,The auditor is somebody's grandfather.,The auditor is somebody's grandfather. The auditor is a,man,woman,The auditor is somebody's grandfather. The auditor is a,11,7.0981865,167,[4.3287577629089355],[5.099626064300537],439,[3.32973313331604],[4.000949382781982],-7.193,-8.192024,correct,True,-7.193,-8.192024,correct,True,-7.193,-8.192024,correct,True,gender
11,auditor,woman,inconsistent,The auditor is somebody's grandfather.,The auditor is somebody's grandfather. The auditor is a,man,woman,The auditor is somebody's grandfather. The auditor is a,12,7.1887555,41,[5.341465950012207],[7.179770469665527],176,[4.206271171569824],[-0.17484694719314575],-6.148048,-7.2832427,correct,True,-6.148048,-7.2832427,correct,True,-6.148048,-7.2832427,correct,True,gender
11,auditor,woman,inconsistent,The auditor is somebody's grandfather.,The auditor is somebody's grandfather. The auditor is a,man,woman,The auditor is somebody's grandfather. The auditor is a,13,5.236546,26,[6.485739231109619],[4.7494707107543945],467,[3.5985641479492188],[1.0227113962173462],-5.7040854,-8.591261,correct,True,-5.7040854,-8.591261,correct,True,-5.7040854,-8.591261,correct,True,gender
11,auditor,woman,inconsistent,The auditor is somebody's grandfather.,The auditor is somebody's grandfather. The auditor is a,man,woman,The auditor is somebody's grandfather. The auditor is a,14,5.4201183,23,[6.6860761642456055],[6.754940509796143],538,[3.3335535526275635],[5.4529128074646],-5.424493,-8.777016,correct,True,-5.424493,-8.777016,correct,True,-5.424493,-8.777016,correct,True,gender
11,auditor,woman,inconsistent,The auditor is somebody's grandfather.,The auditor is somebody's grandfather. The auditor is a,man,woman,The auditor is somebody's grandfather. The auditor is a,15,5.308559,10,[7.382890701293945],[4.579299449920654],290,[4.164683818817139],[1.342037558555603],-4.911524,-8.12973,correct,True,-4.911524,-8.12973,correct,True,-4.911524,-8.12973,correct,True,gender
11,auditor,woman,inconsistent,The auditor is somebody's grandfather.,The auditor is somebody's grandfather. The auditor is a,man,woman,The auditor is somebody's grandfather. The auditor is a,16,5.7090664,14,[7.099024295806885],[10.466802597045898],388,[3.742046356201172],[4.856930732727051],-4.9328737,-8.289852,correct,True,-4.9328737,-8.289852,correct,True,-4.9328737,-8.289852,correct,True,gender
11,auditor,woman,inconsistent,The auditor is somebody's grandfather.,The auditor is somebody's grandfather. The auditor is a,man,woman,The auditor is somebody's grandfather. The auditor is a,17,5.6153336,6,[8.029526710510254],[4.968801975250244],278,[4.130189418792725],[1.066257357597351],-4.0494347,-7.948772,correct,True,-4.0494347,-7.948772,correct,True,-4.0494347,-7.948772,correct,True,gender
11,auditor,woman,inconsistent,The auditor is somebody's grandfather.,The auditor is somebody's grandfather. The auditor is a,man,woman,The auditor is somebody's grandfather. The auditor is a,18,6.3923435,5,[7.666071891784668],[7.623392581939697],349,[3.640784502029419],[5.786436557769775],-3.9379668,-7.9632545,correct,True,-3.9379668,-7.9632545,correct,True,-3.9379668,-7.9632545,correct,True,gender
11,auditor,woman,inconsistent,The auditor is somebody's grandfather.,The auditor is somebody's grandfather. The auditor is a,man,woman,The auditor is somebody's grandfather. The auditor is a,19,6.37854,3,[7.887279510498047],[3.417794704437256],228,[4.126358509063721],[-1.0133647918701172],-3.7301073,-7.4910283,correct,True,-3.7301073,-7.4910283,correct,True,-3.7301073,-7.4910283,correct,True,gender
11,auditor,woman,inconsistent,The auditor is somebody's grandfather.,The auditor is somebody's grandfather. The auditor is a,man,woman,The auditor is somebody's grandfather. The auditor is a,20,6.635125,3,[7.833532810211182],[0.9556981921195984],291,[3.837926149368286],[-0.9084387421607971],-3.6861892,-7.681796,correct,True,-3.6861892,-7.681796,correct,True,-3.6861892,-7.681796,correct,True,gender
11,auditor,woman,inconsistent,The auditor is somebody's grandfather.,The auditor is somebody's grandfather. The auditor is a,man,woman,The auditor is somebody's grandfather. The auditor is a,21,6.836687,3,[7.771443843841553],[2.7732927799224854],339,[3.700404644012451],[4.435492038726807],-3.7160647,-7.7871037,correct,True,-3.7160647,-7.7871037,correct,True,-3.7160647,-7.7871037,correct,True,gender
11,auditor,woman,inconsistent,The auditor is somebody's grandfather.,The auditor is somebody's grandfather. The auditor is a,man,woman,The auditor is somebody's grandfather. The auditor is a,22,7.103889,3,[8.169624328613281],[1.3848598003387451],210,[4.409530162811279],[3.3075742721557617],-3.5214047,-7.281499,correct,True,-3.5214047,-7.281499,correct,True,-3.5214047,-7.281499,correct,True,gender
11,auditor,woman,inconsistent,The auditor is somebody's grandfather.,The auditor is somebody's grandfather. The auditor is a,man,woman,The auditor is somebody's grandfather. The auditor is a,23,6.365079,3,[11.758862495422363],,47,[9.198580741882324],,-3.3932748,-5.9535565,correct,True,-3.3932748,-5.9535565,correct,True,-3.3932748,-5.9535565,correct,True,gender
12,baker,woman,consistent,The baker is somebody's grandmother.,The baker is somebody's grandmother. The baker is a,woman,man,The baker is somebody's grandmother. The baker is a,0,9.272092,13436,[0.3829342722892761],[-2.8682215213775635],36459,[-1.738818883895874],[-2.1763856410980225],-11.268942,-13.390695,correct,True,-11.268942,-13.390695,correct,True,-11.268942,-13.390695,correct,True,gender
12,baker,woman,consistent,The baker is somebody's grandmother.,The baker is somebody's grandmother. The baker is a,woman,man,The baker is somebody's grandmother. The baker is a,1,8.981934,23896,[-0.4659220576286316],[-0.5276978611946106],42562,[-2.4595508575439453],[-1.1522784233093262],-12.374386,-14.368015,correct,True,-12.374386,-14.368015,correct,True,-12.374386,-14.368015,correct,True,gender
12,baker,woman,consistent,The baker is somebody's grandmother.,The baker is somebody's grandmother. The baker is a,woman,man,The baker is somebody's grandmother. The baker is a,2,8.804021,22572,[-0.5405139923095703],[-0.9779672026634216],41348,[-2.5191571712493896],[2.2316455841064453],-12.3455715,-14.324215,correct,True,-12.3455715,-14.324215,correct,True,-12.3455715,-14.324215,correct,True,gender
12,baker,woman,consistent,The baker is somebody's grandmother.,The baker is somebody's grandmother. The baker is a,woman,man,The baker is somebody's grandmother. The baker is a,3,8.153624,21929,[-0.7906172871589661],[-2.36004376411438],32875,[-1.9071494340896606],[-1.7420306205749512],-12.706362,-13.822894,correct,True,-12.706362,-13.822894,correct,True,-12.706362,-13.822894,correct,True,gender
12,baker,woman,consistent,The baker is somebody's grandmother.,The baker is somebody's grandmother. The baker is a,woman,man,The baker is somebody's grandmother. The baker is a,4,8.103457,28660,[-1.4796457290649414],[2.2320456504821777],36844,[-2.433529853820801],[3.5458106994628906],-13.538223,-14.492107,correct,True,-13.538223,-14.492107,correct,True,-13.538223,-14.492107,correct,True,gender
12,baker,woman,consistent,The baker is somebody's grandmother.,The baker is somebody's grandmother. The baker is a,woman,man,The baker is somebody's grandmother. The baker is a,5,8.17649,17727,[-0.5156902074813843],[2.059664011001587],22501,[-1.0354230403900146],[2.6153340339660645],-12.465314,-12.985047,correct,True,-12.465314,-12.985047,correct,True,-12.465314,-12.985047,correct,True,gender
12,baker,woman,consistent,The baker is somebody's grandmother.,The baker is somebody's grandmother. The baker is a,woman,man,The baker is somebody's grandmother. The baker is a,6,8.214207,11028,[0.2803407311439514],[2.217542886734009],14954,[-0.20651140809059143],[3.4940876960754395],-11.618834,-12.105686,correct,True,-11.618834,-12.105686,correct,True,-11.618834,-12.105686,correct,True,gender
12,baker,woman,consistent,The baker is somebody's grandmother.,The baker is somebody's grandmother. The baker is a,woman,man,The baker is somebody's grandmother. The baker is a,7,8.550272,7236,[1.0722559690475464],[1.8746380805969238],7785,[0.975379467010498],[2.492438316345215],-10.811932,-10.908808,correct,True,-10.811932,-10.908808,correct,True,-10.811932,-10.908808,correct,True,gender
12,baker,woman,consistent,The baker is somebody's grandmother.,The baker is somebody's grandmother. The baker is a,woman,man,The baker is somebody's grandmother. The baker is a,8,7.972835,2777,[1.8637831211090088],[2.808635711669922],2962,[1.8001652956008911],[5.870281219482422],-9.897547,-9.961164,correct,True,-9.897547,-9.961164,correct,True,-9.897547,-9.961164,correct,True,gender
12,baker,woman,consistent,The baker is somebody's grandmother.,The baker is somebody's grandmother. The baker is a,woman,man,The baker is somebody's grandmother. The baker is a,9,7.226178,1019,[2.8472988605499268],[3.158759117126465],416,[3.7676870822906494],[3.298614263534546],-9.071173,-8.150784,incorrect,False,-9.071173,-8.150784,incorrect,False,-9.071173,-8.150784,incorrect,False,gender
12,baker,woman,consistent,The baker is somebody's grandmother.,The baker is somebody's grandmother. The baker is a,woman,man,The baker is somebody's grandmother. The baker is a,10,7.3440647,338,[3.767612934112549],[4.859239101409912],142,[4.528154373168945],[1.3722140789031982],-7.968724,-7.2081823,incorrect,False,-7.968724,-7.2081823,incorrect,False,-7.968724,-7.2081823,incorrect,False,gender
12,baker,woman,consistent,The baker is somebody's grandmother.,The baker is somebody's grandmother. The baker is a,woman,man,The baker is somebody's grandmother. The baker is a,11,7.7224226,48,[5.046246528625488],[3.1766555309295654],123,[4.445864200592041],[4.440422534942627],-6.411373,-7.0117555,correct,True,-6.411373,-7.0117555,correct,True,-6.411373,-7.0117555,correct,True,gender
12,baker,woman,consistent,The baker is somebody's grandmother.,The baker is somebody's grandmother. The baker is a,woman,man,The baker is somebody's grandmother. The baker is a,12,7.524211,36,[5.486198425292969],[2.552968740463257],48,[5.265971660614014],[6.502901554107666],-5.983066,-6.203293,correct,True,-5.983066,-6.203293,correct,True,-5.983066,-6.203293,correct,True,gender
12,baker,woman,consistent,The baker is somebody's grandmother.,The baker is somebody's grandmother. The baker is a,woman,man,The baker is somebody's grandmother. The baker is a,13,5.845684,74,[5.411970138549805],[2.3569107055664062],30,[6.268263816833496],[4.572803974151611],-6.569356,-5.7130623,incorrect,False,-6.569356,-5.7130623,incorrect,False,-6.569356,-5.7130623,incorrect,False,gender
12,baker,woman,consistent,The baker is somebody's grandmother.,The baker is somebody's grandmother. The baker is a,woman,man,The baker is somebody's grandmother. The baker is a,14,5.495268,100,[5.227180480957031],[8.131423950195312],26,[6.489436149597168],[5.681034564971924],-6.8633146,-5.601059,incorrect,False,-6.8633146,-5.601059,incorrect,False,-6.8633146,-5.601059,incorrect,False,gender
12,baker,woman,consistent,The baker is somebody's grandmother.,The baker is somebody's grandmother. The baker is a,woman,man,The baker is somebody's grandmother. The baker is a,15,4.901067,30,[6.4675703048706055],[4.623828411102295],18,[6.991419792175293],[5.522087574005127],-5.9736834,-5.449834,incorrect,False,-5.9736834,-5.449834,incorrect,False,-5.9736834,-5.449834,incorrect,False,gender
12,baker,woman,consistent,The baker is somebody's grandmother.,The baker is somebody's grandmother. The baker is a,woman,man,The baker is somebody's grandmother. The baker is a,16,5.4313984,27,[6.390429496765137],[8.238091468811035],14,[7.00360631942749],[9.587808609008789],-5.7889323,-5.1757555,incorrect,False,-5.7889323,-5.1757555,incorrect,False,-5.7889323,-5.1757555,incorrect,False,gender
12,baker,woman,consistent,The baker is somebody's grandmother.,The baker is somebody's grandmother. The baker is a,woman,man,The baker is somebody's grandmother. The baker is a,17,5.3074403,14,[7.0592265129089355],[1.2766603231430054],6,[7.812577724456787],[4.062219619750977],-5.1264105,-4.3730593,incorrect,False,-5.1264105,-4.3730593,incorrect,False,-5.1264105,-4.3730593,incorrect,False,gender
12,baker,woman,consistent,The baker is somebody's grandmother.,The baker is somebody's grandmother. The baker is a,woman,man,The baker is somebody's grandmother. The baker is a,18,6.260186,24,[6.124843120574951],[6.157278060913086],7,[7.3151702880859375],[7.982726097106934],-5.5383577,-4.3480306,incorrect,False,-5.5383577,-4.3480306,incorrect,False,-5.5383577,-4.3480306,incorrect,False,gender
12,baker,woman,consistent,The baker is somebody's grandmother.,The baker is somebody's grandmother. The baker is a,woman,man,The baker is somebody's grandmother. The baker is a,19,6.3376203,19,[6.353156089782715],[-1.5057350397109985],4,[7.6827392578125],[1.9506263732910156],-5.318825,-3.9892416,incorrect,False,-5.318825,-3.9892416,incorrect,False,-5.318825,-3.9892416,incorrect,False,gender
12,baker,woman,consistent,The baker is somebody's grandmother.,The baker is somebody's grandmother. The baker is a,woman,man,The baker is somebody's grandmother. The baker is a,20,6.545785,30,[5.906519889831543],[1.4673266410827637],5,[7.510971546173096],[-0.3449077308177948],-5.681283,-4.076832,incorrect,False,-5.681283,-4.076832,incorrect,False,-5.681283,-4.076832,incorrect,False,gender
12,baker,woman,consistent,The baker is somebody's grandmother.,The baker is somebody's grandmother. The baker is a,woman,man,The baker is somebody's grandmother. The baker is a,21,6.8300643,30,[5.960651397705078],[5.187878608703613],5,[7.319572448730469],[3.919180154800415],-5.5824895,-4.2235684,incorrect,False,-5.5824895,-4.2235684,incorrect,False,-5.5824895,-4.2235684,incorrect,False,gender
12,baker,woman,consistent,The baker is somebody's grandmother.,The baker is somebody's grandmother. The baker is a,woman,man,The baker is somebody's grandmother. The baker is a,22,7.147083,10,[6.786886215209961],[3.400132179260254],4,[7.88236141204834],[1.5308815240859985],-4.939541,-3.8440654,incorrect,False,-4.939541,-3.8440654,incorrect,False,-4.939541,-3.8440654,incorrect,False,gender
12,baker,woman,consistent,The baker is somebody's grandmother.,The baker is somebody's grandmother. The baker is a,woman,man,The baker is somebody's grandmother. The baker is a,23,6.1716166,2,[12.38335132598877],,7,[11.493606567382812],,-2.9717734,-3.8615181,correct,True,-2.9717734,-3.8615181,correct,True,-2.9717734,-3.8615181,correct,True,gender
13,baker,woman,inconsistent,The baker is somebody's grandfather.,The baker is somebody's grandfather. The baker is a,man,woman,The baker is somebody's grandfather. The baker is a,0,9.26815,36123,[-1.6884649991989136],[-2.3350138664245605],13242,[0.41267868876457214],[-3.0439460277557373],-13.351645,-11.250502,incorrect,False,-13.351645,-11.250502,incorrect,False,-13.351645,-11.250502,incorrect,False,gender
13,baker,woman,inconsistent,The baker is somebody's grandfather.,The baker is somebody's grandfather. The baker is a,man,woman,The baker is somebody's grandfather. The baker is a,1,8.974204,42531,[-2.46244740486145],[-1.3282403945922852],24082,[-0.49284228682518005],[-0.5429573655128479],-14.364289,-12.394685,incorrect,False,-14.364289,-12.394685,incorrect,False,-14.364289,-12.394685,incorrect,False,gender
13,baker,woman,inconsistent,The baker is somebody's grandfather.,The baker is somebody's grandfather. The baker is a,man,woman,The baker is somebody's grandfather. The baker is a,2,8.813684,41821,[-2.5782995223999023],[2.499936580657959],23005,[-0.5684462189674377],[-0.9861384034156799],-14.386909,-12.377055,incorrect,False,-14.386909,-12.377055,incorrect,False,-14.386909,-12.377055,incorrect,False,gender
13,baker,woman,inconsistent,The baker is somebody's grandfather.,The baker is somebody's grandfather. The baker is a,man,woman,The baker is somebody's grandfather. The baker is a,3,8.214093,32864,[-1.885799765586853],[-1.951675534248352],22436,[-0.81996750831604],[-2.4973583221435547],-13.798441,-12.732609,incorrect,False,-13.798441,-12.732609,incorrect,False,-13.798441,-12.732609,incorrect,False,gender
13,baker,woman,inconsistent,The baker is somebody's grandfather.,The baker is somebody's grandfather. The baker is a,man,woman,The baker is somebody's grandfather. The baker is a,4,8.134111,37487,[-2.4839603900909424],[3.5668256282806396],29669,[-1.5506856441497803],[1.9621487855911255],-14.556322,-13.623048,incorrect,False,-14.556322,-13.623048,incorrect,False,-14.556322,-13.623048,incorrect,False,gender
13,baker,woman,inconsistent,The baker is somebody's grandfather.,The baker is somebody's grandfather. The baker is a,man,woman,The baker is somebody's grandfather. The baker is a,5,8.196796,23099,[-1.0716633796691895],[3.787254571914673],19340,[-0.6736051440238953],[1.5059019327163696],-13.032698,-12.63464,incorrect,False,-13.032698,-12.63464,incorrect,False,-13.032698,-12.63464,incorrect,False,gender
13,baker,woman,inconsistent,The baker is somebody's grandfather.,The baker is somebody's grandfather. The baker is a,man,woman,The baker is somebody's grandfather. The baker is a,6,8.26422,12074,[0.17018014192581177],[2.5763051509857178],14003,[-0.08232569694519043],[1.5655155181884766],-11.722254,-11.97476,correct,True,-11.722254,-11.97476,correct,True,-11.722254,-11.97476,correct,True,gender
13,baker,woman,inconsistent,The baker is somebody's grandfather.,The baker is somebody's grandfather. The baker is a,man,woman,The baker is somebody's grandfather. The baker is a,7,8.552006,7847,[0.9810776114463806],[1.995373010635376],10972,[0.5116377472877502],[2.247946262359619],-10.920953,-11.390392,correct,True,-10.920953,-11.390392,correct,True,-10.920953,-11.390392,correct,True,gender
13,baker,woman,inconsistent,The baker is somebody's grandfather.,The baker is somebody's grandfather. The baker is a,man,woman,The baker is somebody's grandfather. The baker is a,8,7.967127,3576,[1.6049119234085083],[5.9505815505981445],4371,[1.3798362016677856],[3.1559197902679443],-10.173382,-10.3984585,correct,True,-10.173382,-10.3984585,correct,True,-10.173382,-10.3984585,correct,True,gender
13,baker,woman,inconsistent,The baker is somebody's grandfather.,The baker is somebody's grandfather. The baker is a,man,woman,The baker is somebody's grandfather. The baker is a,9,7.1199408,472,[3.6214873790740967],[2.925673246383667],1446,[2.526491165161133],[1.5939369201660156],-8.325117,-9.4201145,correct,True,-8.325117,-9.4201145,correct,True,-8.325117,-9.4201145,correct,True,gender
13,baker,woman,inconsistent,The baker is somebody's grandfather.,The baker is somebody's grandfather. The baker is a,man,woman,The baker is somebody's grandfather. The baker is a,10,7.2024126,197,[4.241078853607178],[2.523435592651367],823,[2.893578290939331],[3.8919591903686523],-7.531462,-8.8789625,correct,True,-7.531462,-8.8789625,correct,True,-7.531462,-8.8789625,correct,True,gender
13,baker,woman,inconsistent,The baker is somebody's grandfather.,The baker is somebody's grandfather. The baker is a,man,woman,The baker is somebody's grandfather. The baker is a,11,7.680941,111,[4.564831733703613],[4.6678242683410645],233,[3.92950177192688],[3.165940284729004],-6.900927,-7.5362573,correct,True,-6.900927,-7.5362573,correct,True,-6.900927,-7.5362573,correct,True,gender
13,baker,woman,inconsistent,The baker is somebody's grandfather.,The baker is somebody's grandfather. The baker is a,man,woman,The baker is somebody's grandfather. The baker is a,12,7.61343,35,[5.435420513153076],[7.087838649749756],111,[4.4943108558654785],[0.31833964586257935],-6.0021944,-6.943304,correct,True,-6.0021944,-6.943304,correct,True,-6.0021944,-6.943304,correct,True,gender
13,baker,woman,inconsistent,The baker is somebody's grandfather.,The baker is somebody's grandfather. The baker is a,man,woman,The baker is somebody's grandfather. The baker is a,13,5.991589,19,[6.584123611450195],[4.552993297576904],313,[3.9449968338012695],[-0.5366706252098083],-5.3283377,-7.9674644,correct,True,-5.3283377,-7.9674644,correct,True,-5.3283377,-7.9674644,correct,True,gender
13,baker,woman,inconsistent,The baker is somebody's grandfather.,The baker is somebody's grandfather. The baker is a,man,woman,The baker is somebody's grandfather. The baker is a,14,5.7078004,19,[6.767579078674316],[6.4657816886901855],561,[3.2410032749176025],[6.014764308929443],-5.2363157,-8.762892,correct,True,-5.2363157,-8.762892,correct,True,-5.2363157,-8.762892,correct,True,gender
13,baker,woman,inconsistent,The baker is somebody's grandfather.,The baker is somebody's grandfather. The baker is a,man,woman,The baker is somebody's grandfather. The baker is a,15,5.3430347,10,[7.4099884033203125],[5.6068434715271],263,[4.229046821594238],[1.6449549198150635],-4.871683,-8.052625,correct,True,-4.871683,-8.052625,correct,True,-4.871683,-8.052625,correct,True,gender
13,baker,woman,inconsistent,The baker is somebody's grandfather.,The baker is somebody's grandfather. The baker is a,man,woman,The baker is somebody's grandfather. The baker is a,16,5.806585,11,[7.363114833831787],[10.942574501037598],335,[3.864816427230835],[5.358710289001465],-4.67418,-8.172479,correct,True,-4.67418,-8.172479,correct,True,-4.67418,-8.172479,correct,True,gender
13,baker,woman,inconsistent,The baker is somebody's grandfather.,The baker is somebody's grandfather. The baker is a,man,woman,The baker is somebody's grandfather. The baker is a,17,5.759366,6,[8.377685546875],[3.97247052192688],213,[4.344105243682861],[0.3123317062854767],-3.6743414,-7.707922,correct,True,-3.6743414,-7.707922,correct,True,-3.6743414,-7.707922,correct,True,gender
13,baker,woman,inconsistent,The baker is somebody's grandfather.,The baker is somebody's grandfather. The baker is a,man,woman,The baker is somebody's grandfather. The baker is a,18,6.5986395,3,[7.758935928344727],[7.2725749015808105],321,[3.668538808822632],[5.8898539543151855],-3.8114011,-7.9017982,correct,True,-3.8114011,-7.9017982,correct,True,-3.8114011,-7.9017982,correct,True,gender
13,baker,woman,inconsistent,The baker is somebody's grandfather.,The baker is somebody's grandfather. The baker is a,man,woman,The baker is somebody's grandfather. The baker is a,19,6.590646,3,[7.934399127960205],[2.6313016414642334],210,[4.197442531585693],[-1.9189374446868896],-3.6586246,-7.3955812,correct,True,-3.6586246,-7.3955812,correct,True,-3.6586246,-7.3955812,correct,True,gender
13,baker,woman,inconsistent,The baker is somebody's grandfather.,The baker is somebody's grandfather. The baker is a,man,woman,The baker is somebody's grandfather. The baker is a,20,6.727962,4,[7.818041801452637],[0.5324910283088684],288,[3.809507131576538],[0.2712534964084625],-3.7066855,-7.71522,correct,True,-3.7066855,-7.71522,correct,True,-3.7066855,-7.71522,correct,True,gender
13,baker,woman,inconsistent,The baker is somebody's grandfather.,The baker is somebody's grandfather. The baker is a,man,woman,The baker is somebody's grandfather. The baker is a,21,6.9155393,4,[7.719796657562256],[4.261386871337891],317,[3.787785530090332],[5.255865097045898],-3.7794168,-7.7114277,correct,True,-3.7794168,-7.7114277,correct,True,-3.7794168,-7.7114277,correct,True,gender
13,baker,woman,inconsistent,The baker is somebody's grandfather.,The baker is somebody's grandfather. The baker is a,man,woman,The baker is somebody's grandfather. The baker is a,22,7.165495,3,[8.33996868133545],[1.4220118522644043],158,[4.621813774108887],[3.524197816848755],-3.3613927,-7.079548,correct,True,-3.3613927,-7.079548,correct,True,-3.3613927,-7.079548,correct,True,gender
13,baker,woman,inconsistent,The baker is somebody's grandfather.,The baker is somebody's grandfather. The baker is a,man,woman,The baker is somebody's grandfather. The baker is a,23,6.274573,2,[11.988574028015137],,40,[9.603017807006836],,-3.228381,-5.6139374,correct,True,-3.228381,-5.6139374,correct,True,-3.228381,-5.6139374,correct,True,gender
14,carpenter,man,consistent,The carpenter is somebody's grandfather.,The carpenter is somebody's grandfather. The carpenter is a,man,woman,The carpenter is somebody's grandfather. The carpenter is a,0,9.291071,35211,[-1.5462753772735596],[-1.2901442050933838],14503,[0.3124886453151703],[-2.0016887187957764],-13.2236,-11.364836,incorrect,False,-13.2236,-11.364836,incorrect,False,-13.2236,-11.364836,incorrect,False,gender
14,carpenter,man,consistent,The carpenter is somebody's grandfather.,The carpenter is somebody's grandfather. The carpenter is a,man,woman,The carpenter is somebody's grandfather. The carpenter is a,1,9.065744,38370,[-1.9424445629119873],[-1.122910976409912],20783,[-0.2629404664039612],[-0.7088907361030579],-13.722899,-12.043395,incorrect,False,-13.722899,-12.043395,incorrect,False,-13.722899,-12.043395,incorrect,False,gender
14,carpenter,man,consistent,The carpenter is somebody's grandfather.,The carpenter is somebody's grandfather. The carpenter is a,man,woman,The carpenter is somebody's grandfather. The carpenter is a,2,8.8974695,37870,[-2.067683696746826],[2.4980156421661377],21011,[-0.423969030380249],[-0.7985273599624634],-13.78712,-12.143406,incorrect,False,-13.78712,-12.143406,incorrect,False,-13.78712,-12.143406,incorrect,False,gender
14,carpenter,man,consistent,The carpenter is somebody's grandfather.,The carpenter is somebody's grandfather. The carpenter is a,man,woman,The carpenter is somebody's grandfather. The carpenter is a,3,8.296458,27944,[-1.3888825178146362],[-1.7560640573501587],20113,[-0.6272843480110168],[-2.642430305480957],-13.237027,-12.475429,incorrect,False,-13.237027,-12.475429,incorrect,False,-13.237027,-12.475429,incorrect,False,gender
14,carpenter,man,consistent,The carpenter is somebody's grandfather.,The carpenter is somebody's grandfather. The carpenter is a,man,woman,The carpenter is somebody's grandfather. The carpenter is a,4,8.106303,33112,[-1.9396991729736328],[5.191547870635986],28109,[-1.3896114826202393],[2.521970510482788],-14.008656,-13.458569,incorrect,False,-14.008656,-13.458569,incorrect,False,-14.008656,-13.458569,incorrect,False,gender
14,carpenter,man,consistent,The carpenter is somebody's grandfather.,The carpenter is somebody's grandfather. The carpenter is a,man,woman,The carpenter is somebody's grandfather. The carpenter is a,5,8.040704,12858,[-0.017542000859975815],[1.065297245979309],15448,[-0.33713018894195557],[-0.1730562299489975],-11.932581,-12.25217,correct,True,-11.932581,-12.25217,correct,True,-11.932581,-12.25217,correct,True,gender
14,carpenter,man,consistent,The carpenter is somebody's grandfather.,The carpenter is somebody's grandfather. The carpenter is a,man,woman,The carpenter is somebody's grandfather. The carpenter is a,6,8.1475315,11999,[0.2505481541156769],[2.6676583290100098],16865,[-0.3456963896751404],[2.0059313774108887],-11.736221,-12.332466,correct,True,-11.736221,-12.332466,correct,True,-11.736221,-12.332466,correct,True,gender
14,carpenter,man,consistent,The carpenter is somebody's grandfather.,The carpenter is somebody's grandfather. The carpenter is a,man,woman,The carpenter is somebody's grandfather. The carpenter is a,7,8.439339,6942,[1.1038588285446167],[2.0640363693237305],11334,[0.44959452748298645],[2.651125431060791],-10.8024025,-11.456667,correct,True,-10.8024025,-11.456667,correct,True,-10.8024025,-11.456667,correct,True,gender
14,carpenter,man,consistent,The carpenter is somebody's grandfather.,The carpenter is somebody's grandfather. The carpenter is a,man,woman,The carpenter is somebody's grandfather. The carpenter is a,8,8.059837,3487,[1.7466351985931396],[5.705616474151611],4581,[1.4429525136947632],[2.8750972747802734],-10.122904,-10.426586,correct,True,-10.122904,-10.426586,correct,True,-10.122904,-10.426586,correct,True,gender
14,carpenter,man,consistent,The carpenter is somebody's grandfather.,The carpenter is somebody's grandfather. The carpenter is a,man,woman,The carpenter is somebody's grandfather. The carpenter is a,9,7.0190578,471,[3.6592986583709717],[2.296128749847412],1507,[2.493921995162964],[0.7897274494171143],-8.318628,-9.484005,correct,True,-8.318628,-9.484005,correct,True,-8.318628,-9.484005,correct,True,gender
14,carpenter,man,consistent,The carpenter is somebody's grandfather.,The carpenter is somebody's grandfather. The carpenter is a,man,woman,The carpenter is somebody's grandfather. The carpenter is a,10,6.27833,283,[4.031582832336426],[2.9817559719085693],1166,[2.565903663635254],[4.788516044616699],-7.94423,-9.409909,correct,True,-7.94423,-9.409909,correct,True,-7.94423,-9.409909,correct,True,gender
14,carpenter,man,consistent,The carpenter is somebody's grandfather.,The carpenter is somebody's grandfather. The carpenter is a,man,woman,The carpenter is somebody's grandfather. The carpenter is a,11,7.0644455,130,[4.517397880554199],[4.376642227172852],254,[3.905484676361084],[3.163639545440674],-7.062999,-7.674912,correct,True,-7.062999,-7.674912,correct,True,-7.062999,-7.674912,correct,True,gender
14,carpenter,man,consistent,The carpenter is somebody's grandfather.,The carpenter is somebody's grandfather. The carpenter is a,man,woman,The carpenter is somebody's grandfather. The carpenter is a,12,7.069697,42,[5.270382404327393],[8.027887344360352],138,[4.444130897521973],[0.5858021378517151],-6.2919602,-7.1182117,correct,True,-6.2919602,-7.1182117,correct,True,-6.2919602,-7.1182117,correct,True,gender
14,carpenter,man,consistent,The carpenter is somebody's grandfather.,The carpenter is somebody's grandfather. The carpenter is a,man,woman,The carpenter is somebody's grandfather. The carpenter is a,13,5.4657598,19,[6.653640270233154],[5.4161601066589355],330,[3.957305669784546],[0.31502869725227356],-5.437602,-8.133936,correct,True,-5.437602,-8.133936,correct,True,-5.437602,-8.133936,correct,True,gender
14,carpenter,man,consistent,The carpenter is somebody's grandfather.,The carpenter is somebody's grandfather. The carpenter is a,man,woman,The carpenter is somebody's grandfather. The carpenter is a,14,5.562923,13,[7.0222272872924805],[6.713628768920898],477,[3.468815326690674],[6.080138683319092],-5.03342,-8.586832,correct,True,-5.03342,-8.586832,correct,True,-5.03342,-8.586832,correct,True,gender
14,carpenter,man,consistent,The carpenter is somebody's grandfather.,The carpenter is somebody's grandfather. The carpenter is a,man,woman,The carpenter is somebody's grandfather. The carpenter is a,15,5.508301,10,[7.664133071899414],[5.917803764343262],226,[4.433235168457031],[0.5882490277290344],-4.5616326,-7.7925305,correct,True,-4.5616326,-7.7925305,correct,True,-4.5616326,-7.7925305,correct,True,gender
14,carpenter,man,consistent,The carpenter is somebody's grandfather.,The carpenter is somebody's grandfather. The carpenter is a,man,woman,The carpenter is somebody's grandfather. The carpenter is a,16,5.9601493,9,[7.610143661499023],[11.428654670715332],354,[3.7578909397125244],[3.989673376083374],-4.3307247,-8.182978,correct,True,-4.3307247,-8.182978,correct,True,-4.3307247,-8.182978,correct,True,gender
14,carpenter,man,consistent,The carpenter is somebody's grandfather.,The carpenter is somebody's grandfather. The carpenter is a,man,woman,The carpenter is somebody's grandfather. The carpenter is a,17,6.003885,5,[8.624723434448242],[4.424034595489502],295,[3.9826128482818604],[0.33059588074684143],-3.3137667,-7.9558773,correct,True,-3.3137667,-7.9558773,correct,True,-3.3137667,-7.9558773,correct,True,gender
14,carpenter,man,consistent,The carpenter is somebody's grandfather.,The carpenter is somebody's grandfather. The carpenter is a,man,woman,The carpenter is somebody's grandfather. The carpenter is a,18,6.890041,3,[8.046480178833008],[7.292034149169922],418,[3.3684210777282715],[5.121850490570068],-3.3901336,-8.0681925,correct,True,-3.3901336,-8.0681925,correct,True,-3.3901336,-8.0681925,correct,True,gender
14,carpenter,man,consistent,The carpenter is somebody's grandfather.,The carpenter is somebody's grandfather. The carpenter is a,man,woman,The carpenter is somebody's grandfather. The carpenter is a,19,6.828792,3,[8.164130210876465],[2.0729920864105225],286,[3.784029483795166],[-1.8920412063598633],-3.2972398,-7.6773405,correct,True,-3.2972398,-7.6773405,correct,True,-3.2972398,-7.6773405,correct,True,gender
14,carpenter,man,consistent,The carpenter is somebody's grandfather.,The carpenter is somebody's grandfather. The carpenter is a,man,woman,The carpenter is somebody's grandfather. The carpenter is a,20,6.959852,3,[7.973758220672607],[1.687690258026123],399,[3.43054461479187],[-0.29958969354629517],-3.4253242,-7.9685373,correct,True,-3.4253242,-7.9685373,correct,True,-3.4253242,-7.9685373,correct,True,gender
14,carpenter,man,consistent,The carpenter is somebody's grandfather.,The carpenter is somebody's grandfather. The carpenter is a,man,woman,The carpenter is somebody's grandfather. The carpenter is a,21,7.002306,3,[7.978396892547607],[3.864208221435547],450,[3.3563685417175293],[4.075385570526123],-3.4476914,-8.069719,correct,True,-3.4476914,-8.069719,correct,True,-3.4476914,-8.069719,correct,True,gender
14,carpenter,man,consistent,The carpenter is somebody's grandfather.,The carpenter is somebody's grandfather. The carpenter is a,man,woman,The carpenter is somebody's grandfather. The carpenter is a,22,7.193695,2,[8.532248497009277],[1.5739119052886963],305,[3.99853253364563],[3.55145001411438],-3.1220112,-7.6557274,correct,True,-3.1220112,-7.6557274,correct,True,-3.1220112,-7.6557274,correct,True,gender
14,carpenter,man,consistent,The carpenter is somebody's grandfather.,The carpenter is somebody's grandfather. The carpenter is a,man,woman,The carpenter is somebody's grandfather. The carpenter is a,23,6.3306093,1,[12.180726051330566],,82,[8.657121658325195],,-2.9474778,-6.471082,correct,True,-2.9474778,-6.471082,correct,True,-2.9474778,-6.471082,correct,True,gender
15,carpenter,man,inconsistent,The carpenter is somebody's grandmother.,The carpenter is somebody's grandmother. The carpenter is a,woman,man,The carpenter is somebody's grandmother. The carpenter is a,0,9.294137,14648,[0.28541308641433716],[-1.858884572982788],35448,[-1.5818134546279907],[-1.1365044116973877],-11.381653,-13.248879,correct,True,-11.381653,-13.248879,correct,True,-11.381653,-13.248879,correct,True,gender
15,carpenter,man,inconsistent,The carpenter is somebody's grandmother.,The carpenter is somebody's grandmother. The carpenter is a,woman,man,The carpenter is somebody's grandmother. The carpenter is a,1,9.075739,20673,[-0.2448933869600296],[-0.6932175755500793],38323,[-1.9293005466461182],[-0.9555346369743347],-12.030281,-13.714688,correct,True,-12.030281,-13.714688,correct,True,-12.030281,-13.714688,correct,True,gender
15,carpenter,man,inconsistent,The carpenter is somebody's grandmother.,The carpenter is somebody's grandmother. The carpenter is a,woman,man,The carpenter is somebody's grandmother. The carpenter is a,2,8.8997135,20693,[-0.40278467535972595],[-0.7706813216209412],37266,[-2.0012946128845215],[2.3234665393829346],-12.119821,-13.71833,correct,True,-12.119821,-13.71833,correct,True,-12.119821,-13.71833,correct,True,gender
15,carpenter,man,inconsistent,The carpenter is somebody's grandmother.,The carpenter is somebody's grandmother. The carpenter is a,woman,man,The carpenter is somebody's grandmother. The carpenter is a,3,8.276068,19625,[-0.5991894602775574],[-2.469238042831421],27581,[-1.3763917684555054],[-1.6479250192642212],-12.442464,-13.219666,correct,True,-12.442464,-13.219666,correct,True,-12.442464,-13.219666,correct,True,gender
15,carpenter,man,inconsistent,The carpenter is somebody's grandmother.,The carpenter is somebody's grandmother. The carpenter is a,woman,man,The carpenter is somebody's grandmother. The carpenter is a,4,8.098853,27185,[-1.3109391927719116],[2.526364803314209],32489,[-1.8923741579055786],[5.1963348388671875],-13.371638,-13.9530735,correct,True,-13.371638,-13.9530735,correct,True,-13.371638,-13.9530735,correct,True,gender
15,carpenter,man,inconsistent,The carpenter is somebody's grandmother.,The carpenter is somebody's grandmother. The carpenter is a,woman,man,The carpenter is somebody's grandmother. The carpenter is a,5,7.9955873,14732,[-0.2668316066265106],[0.1567406803369522],12411,[0.022596243768930435],[0.01188312191516161],-12.179911,-11.890483,incorrect,False,-12.179911,-11.890483,incorrect,False,-12.179911,-11.890483,incorrect,False,gender
15,carpenter,man,inconsistent,The carpenter is somebody's grandmother.,The carpenter is somebody's grandmother. The carpenter is a,woman,man,The carpenter is somebody's grandmother. The carpenter is a,6,8.136775,15099,[-0.15637266635894775],[2.7766363620758057],14472,[-0.08411353081464767],[3.3021016120910645],-12.139395,-12.067135,incorrect,False,-12.139395,-12.067135,incorrect,False,-12.139395,-12.067135,incorrect,False,gender
15,carpenter,man,inconsistent,The carpenter is somebody's grandmother.,The carpenter is somebody's grandmother. The carpenter is a,woman,man,The carpenter is somebody's grandmother. The carpenter is a,7,8.423741,8000,[0.8934940695762634],[2.670867919921875],7136,[1.0379399061203003],[2.6780779361724854],-10.986159,-10.841713,incorrect,False,-10.986159,-10.841713,incorrect,False,-10.986159,-10.841713,incorrect,False,gender
15,carpenter,man,inconsistent,The carpenter is somebody's grandmother.,The carpenter is somebody's grandmother. The carpenter is a,woman,man,The carpenter is somebody's grandmother. The carpenter is a,8,8.146937,2926,[1.9269118309020996],[2.515728235244751],2995,[1.9048622846603394],[5.297736644744873],-9.911313,-9.933362,correct,True,-9.911313,-9.933362,correct,True,-9.911313,-9.933362,correct,True,gender
15,carpenter,man,inconsistent,The carpenter is somebody's grandmother.,The carpenter is somebody's grandmother. The carpenter is a,woman,man,The carpenter is somebody's grandmother. The carpenter is a,9,7.153372,1092,[2.8103485107421875],[2.0911378860473633],480,[3.6411285400390625],[2.8998007774353027],-9.140613,-8.309833,incorrect,False,-9.140613,-8.309833,incorrect,False,-9.140613,-8.309833,incorrect,False,gender
15,carpenter,man,inconsistent,The carpenter is somebody's grandmother.,The carpenter is somebody's grandmother. The carpenter is a,woman,man,The carpenter is somebody's grandmother. The carpenter is a,10,6.5036917,561,[3.327230215072632],[5.864739418029785],218,[4.24952507019043],[2.4640209674835205],-8.59433,-7.6720357,incorrect,False,-8.59433,-7.6720357,incorrect,False,-8.59433,-7.6720357,incorrect,False,gender
15,carpenter,man,inconsistent,The carpenter is somebody's grandmother.,The carpenter is somebody's grandmother. The carpenter is a,woman,man,The carpenter is somebody's grandmother. The carpenter is a,11,7.0918684,62,[4.965724945068359],[2.964017152786255],127,[4.555122375488281],[4.078316688537598],-6.624835,-7.0354376,correct,True,-6.624835,-7.0354376,correct,True,-6.624835,-7.0354376,correct,True,gender
15,carpenter,man,inconsistent,The carpenter is somebody's grandmother.,The carpenter is somebody's grandmother. The carpenter is a,woman,man,The carpenter is somebody's grandmother. The carpenter is a,12,7.0807605,45,[5.329136371612549],[2.28033185005188],48,[5.22730016708374],[7.5111494064331055],-6.245071,-6.346907,correct,True,-6.245071,-6.346907,correct,True,-6.245071,-6.346907,correct,True,gender
15,carpenter,man,inconsistent,The carpenter is somebody's grandmother.,The carpenter is somebody's grandmother. The carpenter is a,woman,man,The carpenter is somebody's grandmother. The carpenter is a,13,5.5013514,94,[5.184932231903076],[2.3223488330841064],23,[6.465421199798584],[5.691225528717041],-6.919924,-5.639435,incorrect,False,-6.919924,-5.639435,incorrect,False,-6.919924,-5.639435,incorrect,False,gender
15,carpenter,man,inconsistent,The carpenter is somebody's grandmother.,The carpenter is somebody's grandmother. The carpenter is a,woman,man,The carpenter is somebody's grandmother. The carpenter is a,14,5.5490184,122,[5.021162033081055],[7.4147562980651855],15,[6.924417495727539],[6.323652744293213],-7.0636873,-5.160432,incorrect,False,-7.0636873,-5.160432,incorrect,False,-7.0636873,-5.160432,incorrect,False,gender
15,carpenter,man,inconsistent,The carpenter is somebody's grandmother.,The carpenter is somebody's grandmother. The carpenter is a,woman,man,The carpenter is somebody's grandmother. The carpenter is a,15,5.444307,41,[6.115471839904785],[2.751934289932251],10,[7.502493858337402],[5.985208511352539],-6.1598287,-4.7728066,incorrect,False,-6.1598287,-4.7728066,incorrect,False,-6.1598287,-4.7728066,incorrect,False,gender
15,carpenter,man,inconsistent,The carpenter is somebody's grandmother.,The carpenter is somebody's grandmother. The carpenter is a,woman,man,The carpenter is somebody's grandmother. The carpenter is a,16,5.9346347,59,[5.634788513183594],[5.521149635314941],9,[7.498178958892822],[10.801704406738281],-6.3447123,-4.481322,incorrect,False,-6.3447123,-4.481322,incorrect,False,-6.3447123,-4.481322,incorrect,False,gender
15,carpenter,man,inconsistent,The carpenter is somebody's grandmother.,The carpenter is somebody's grandmother. The carpenter is a,woman,man,The carpenter is somebody's grandmother. The carpenter is a,17,5.959667,45,[5.887123107910156],[1.0649021863937378],5,[8.417637825012207],[4.970283031463623],-6.0700083,-3.5394933,incorrect,False,-6.0700083,-3.5394933,incorrect,False,-6.0700083,-3.5394933,incorrect,False,gender
15,carpenter,man,inconsistent,The carpenter is somebody's grandmother.,The carpenter is somebody's grandmother. The carpenter is a,woman,man,The carpenter is somebody's grandmother. The carpenter is a,18,6.8301764,76,[5.095705986022949],[6.025204181671143],3,[7.987905502319336],[7.707596302032471],-6.368017,-3.475818,incorrect,False,-6.368017,-3.475818,incorrect,False,-6.368017,-3.475818,incorrect,False,gender
15,carpenter,man,inconsistent,The carpenter is somebody's grandmother.,The carpenter is somebody's grandmother. The carpenter is a,woman,man,The carpenter is somebody's grandmother. The carpenter is a,19,6.7521086,54,[5.424651622772217],[-1.307041049003601],3,[8.185100555419922],[2.8937013149261475],-6.0706916,-3.3102427,incorrect,False,-6.0706916,-3.3102427,incorrect,False,-6.0706916,-3.3102427,incorrect,False,gender
15,carpenter,man,inconsistent,The carpenter is somebody's grandmother.,The carpenter is somebody's grandmother. The carpenter is a,woman,man,The carpenter is somebody's grandmother. The carpenter is a,20,6.8755717,79,[5.048319339752197],[0.8730290532112122],3,[8.072611808776855],[0.6584542393684387],-6.3907404,-3.3664482,incorrect,False,-6.3907404,-3.3664482,incorrect,False,-6.3907404,-3.3664482,incorrect,False,gender
15,carpenter,man,inconsistent,The carpenter is somebody's grandmother.,The carpenter is somebody's grandmother. The carpenter is a,woman,man,The carpenter is somebody's grandmother. The carpenter is a,21,6.9796677,83,[5.053592681884766],[4.588088512420654],3,[7.967107772827148],[3.4370274543762207],-6.401169,-3.4876537,incorrect,False,-6.401169,-3.4876537,incorrect,False,-6.401169,-3.4876537,incorrect,False,gender
15,carpenter,man,inconsistent,The carpenter is somebody's grandmother.,The carpenter is somebody's grandmother. The carpenter is a,woman,man,The carpenter is somebody's grandmother. The carpenter is a,22,7.2341437,34,[5.768026828765869],[3.610438823699951],3,[8.445014953613281],[1.6252000331878662],-5.889612,-3.2126238,incorrect,False,-5.889612,-3.2126238,incorrect,False,-5.889612,-3.2126238,incorrect,False,gender
15,carpenter,man,inconsistent,The carpenter is somebody's grandmother.,The carpenter is somebody's grandmother. The carpenter is a,woman,man,The carpenter is somebody's grandmother. The carpenter is a,23,6.404197,7,[11.111580848693848],,2,[12.189834594726562],,-4.105989,-3.0277352,incorrect,False,-4.105989,-3.0277352,incorrect,False,-4.105989,-3.0277352,incorrect,False,gender
16,cashier,woman,consistent,The cashier is somebody's grandmother.,The cashier is somebody's grandmother. The cashier is a,woman,man,The cashier is somebody's grandmother. The cashier is a,0,9.269172,13890,[0.24744632840156555],[-2.079367160797119],34743,[-1.6556226015090942],[-0.7357955574989319],-11.325118,-13.228188,correct,True,-11.325118,-13.228188,correct,True,-11.325118,-13.228188,correct,True,gender
16,cashier,woman,consistent,The cashier is somebody's grandmother.,The cashier is somebody's grandmother. The cashier is a,woman,man,The cashier is somebody's grandmother. The cashier is a,1,9.097252,21896,[-0.3677046000957489],[-0.5564231872558594],37631,[-1.860133171081543],[-0.7008568644523621],-12.139784,-13.632212,correct,True,-12.139784,-13.632212,correct,True,-12.139784,-13.632212,correct,True,gender
16,cashier,woman,consistent,The cashier is somebody's grandmother.,The cashier is somebody's grandmother. The cashier is a,woman,man,The cashier is somebody's grandmother. The cashier is a,2,8.997416,21019,[-0.4627262353897095],[-0.7018555402755737],35655,[-1.853737711906433],[2.420623302459717],-12.127727,-13.518738,correct,True,-12.127727,-13.518738,correct,True,-12.127727,-13.518738,correct,True,gender
16,cashier,woman,consistent,The cashier is somebody's grandmother.,The cashier is somebody's grandmother. The cashier is a,woman,man,The cashier is somebody's grandmother. The cashier is a,3,8.54015,22297,[-0.6376377940177917],[-2.5533244609832764],28214,[-1.2110552787780762],[-1.3097478151321411],-12.58206,-13.155477,correct,True,-12.58206,-13.155477,correct,True,-12.58206,-13.155477,correct,True,gender
16,cashier,woman,consistent,The cashier is somebody's grandmother.,The cashier is somebody's grandmother. The cashier is a,woman,man,The cashier is somebody's grandmother. The cashier is a,4,8.302086,28397,[-1.3773536682128906],[2.352055549621582],30933,[-1.6465212106704712],[2.9078965187072754],-13.435775,-13.704943,correct,True,-13.435775,-13.704943,correct,True,-13.435775,-13.704943,correct,True,gender
16,cashier,woman,consistent,The cashier is somebody's grandmother.,The cashier is somebody's grandmother. The cashier is a,woman,man,The cashier is somebody's grandmother. The cashier is a,5,8.138841,17271,[-0.38571226596832275],[-0.2659739851951599],18735,[-0.5487099289894104],[0.991973876953125],-12.393177,-12.556173,correct,True,-12.393177,-12.556173,correct,True,-12.393177,-12.556173,correct,True,gender
16,cashier,woman,consistent,The cashier is somebody's grandmother.,The cashier is somebody's grandmother. The cashier is a,woman,man,The cashier is somebody's grandmother. The cashier is a,6,8.247074,18129,[-0.4278697371482849],[3.4166316986083984],17014,[-0.29982849955558777],[4.057387828826904],-12.428553,-12.300511,incorrect,False,-12.428553,-12.300511,incorrect,False,-12.428553,-12.300511,incorrect,False,gender
16,cashier,woman,consistent,The cashier is somebody's grandmother.,The cashier is somebody's grandmother. The cashier is a,woman,man,The cashier is somebody's grandmother. The cashier is a,7,8.602499,8929,[0.8909570574760437],[2.544421672821045],7480,[1.1264859437942505],[2.2467830181121826],-11.06499,-10.829461,incorrect,False,-11.06499,-10.829461,incorrect,False,-11.06499,-10.829461,incorrect,False,gender
16,cashier,woman,consistent,The cashier is somebody's grandmother.,The cashier is somebody's grandmother. The cashier is a,woman,man,The cashier is somebody's grandmother. The cashier is a,8,7.9080935,2639,[1.9015061855316162],[4.343865394592285],2721,[1.8605331182479858],[5.291259765625],-9.864261,-9.905234,correct,True,-9.864261,-9.905234,correct,True,-9.864261,-9.905234,correct,True,gender
16,cashier,woman,consistent,The cashier is somebody's grandmother.,The cashier is somebody's grandmother. The cashier is a,woman,man,The cashier is somebody's grandmother. The cashier is a,9,7.8017864,553,[3.4092628955841064],[1.1865214109420776],462,[3.5801284313201904],[4.489753246307373],-8.388836,-8.21797,incorrect,False,-8.388836,-8.21797,incorrect,False,-8.388836,-8.21797,incorrect,False,gender
16,cashier,woman,consistent,The cashier is somebody's grandmother.,The cashier is somebody's grandmother. The cashier is a,woman,man,The cashier is somebody's grandmother. The cashier is a,10,7.667497,403,[3.5962417125701904],[5.453205108642578],107,[4.810491561889648],[1.2269631624221802],-8.052912,-6.838662,incorrect,False,-8.052912,-6.838662,incorrect,False,-8.052912,-6.838662,incorrect,False,gender
16,cashier,woman,consistent,The cashier is somebody's grandmother.,The cashier is somebody's grandmother. The cashier is a,woman,man,The cashier is somebody's grandmother. The cashier is a,11,7.9094887,42,[5.160780906677246],[3.709523916244507],88,[4.674636363983154],[4.221433162689209],-6.24639,-6.7325344,correct,True,-6.24639,-6.7325344,correct,True,-6.24639,-6.7325344,correct,True,gender
16,cashier,woman,consistent,The cashier is somebody's grandmother.,The cashier is somebody's grandmother. The cashier is a,woman,man,The cashier is somebody's grandmother. The cashier is a,12,7.8170877,24,[5.782684326171875],[4.917576789855957],40,[5.424896240234375],[6.785431861877441],-5.579419,-5.937207,correct,True,-5.579419,-5.937207,correct,True,-5.579419,-5.937207,correct,True,gender
16,cashier,woman,consistent,The cashier is somebody's grandmother.,The cashier is somebody's grandmother. The cashier is a,woman,man,The cashier is somebody's grandmother. The cashier is a,13,6.08613,28,[6.383232593536377],[4.265171527862549],25,[6.514794826507568],[4.051011562347412],-5.5285273,-5.396965,incorrect,False,-5.5285273,-5.396965,incorrect,False,-5.5285273,-5.396965,incorrect,False,gender
16,cashier,woman,consistent,The cashier is somebody's grandmother.,The cashier is somebody's grandmother. The cashier is a,woman,man,The cashier is somebody's grandmother. The cashier is a,14,5.4690056,21,[6.604089260101318],[7.947286605834961],20,[6.609827518463135],[5.5644097328186035],-5.5126057,-5.5068674,incorrect,False,-5.5126057,-5.5068674,incorrect,False,-5.5126057,-5.5068674,incorrect,False,gender
16,cashier,woman,consistent,The cashier is somebody's grandmother.,The cashier is somebody's grandmother. The cashier is a,woman,man,The cashier is somebody's grandmother. The cashier is a,15,4.846055,6,[7.665791988372803],[5.568903923034668],18,[7.089738368988037],[4.165815830230713],-4.804555,-5.3806086,correct,True,-4.804555,-5.3806086,correct,True,-4.804555,-5.3806086,correct,True,gender
16,cashier,woman,consistent,The cashier is somebody's grandmother.,The cashier is somebody's grandmother. The cashier is a,woman,man,The cashier is somebody's grandmother. The cashier is a,16,5.4403353,6,[7.616440296173096],[9.394418716430664],19,[6.793671607971191],[8.912334442138672],-4.5486746,-5.371443,correct,True,-4.5486746,-5.371443,correct,True,-4.5486746,-5.371443,correct,True,gender
16,cashier,woman,consistent,The cashier is somebody's grandmother.,The cashier is somebody's grandmother. The cashier is a,woman,man,The cashier is somebody's grandmother. The cashier is a,17,5.075056,5,[8.359417915344238],[2.2905471324920654],8,[7.531313896179199],[3.9756369590759277],-3.9091158,-4.73722,correct,True,-3.9091158,-4.73722,correct,True,-3.9091158,-4.73722,correct,True,gender
16,cashier,woman,consistent,The cashier is somebody's grandmother.,The cashier is somebody's grandmother. The cashier is a,woman,man,The cashier is somebody's grandmother. The cashier is a,18,6.05304,5,[7.381698131561279],[3.786090612411499],8,[7.045051097869873],[7.28110408782959],-4.3448787,-4.6815257,correct,True,-4.3448787,-4.6815257,correct,True,-4.3448787,-4.6815257,correct,True,gender
16,cashier,woman,consistent,The cashier is somebody's grandmother.,The cashier is somebody's grandmother. The cashier is a,woman,man,The cashier is somebody's grandmother. The cashier is a,19,6.351777,7,[7.003900051116943],[-0.8440580368041992],5,[7.336691379547119],[-0.7267346978187561],-4.666387,-4.3335958,incorrect,False,-4.666387,-4.3335958,incorrect,False,-4.666387,-4.3335958,incorrect,False,gender
16,cashier,woman,consistent,The cashier is somebody's grandmother.,The cashier is somebody's grandmother. The cashier is a,woman,man,The cashier is somebody's grandmother. The cashier is a,20,6.7525973,13,[6.584918022155762],[0.8930842280387878],8,[6.886615753173828],[-0.9685474634170532],-4.9457655,-4.644068,incorrect,False,-4.9457655,-4.644068,incorrect,False,-4.9457655,-4.644068,incorrect,False,gender
16,cashier,woman,consistent,The cashier is somebody's grandmother.,The cashier is somebody's grandmother. The cashier is a,woman,man,The cashier is somebody's grandmother. The cashier is a,21,6.9241905,12,[6.565134525299072],[2.8778600692749023],11,[6.63086462020874],[1.439196228981018],-4.9702244,-4.9044943,incorrect,False,-4.9702244,-4.9044943,incorrect,False,-4.9702244,-4.9044943,incorrect,False,gender
16,cashier,woman,consistent,The cashier is somebody's grandmother.,The cashier is somebody's grandmother. The cashier is a,woman,man,The cashier is somebody's grandmother. The cashier is a,22,7.27612,7,[7.072564125061035],[3.111025333404541],10,[6.829207420349121],[1.4715850353240967],-4.6699286,-4.9132853,correct,True,-4.6699286,-4.9132853,correct,True,-4.6699286,-4.9132853,correct,True,gender
16,cashier,woman,consistent,The cashier is somebody's grandmother.,The cashier is somebody's grandmother. The cashier is a,woman,man,The cashier is somebody's grandmother. The cashier is a,23,6.3037734,2,[12.403563499450684],,26,[9.988798141479492],,-2.8813124,-5.2960777,correct,True,-2.8813124,-5.2960777,correct,True,-2.8813124,-5.2960777,correct,True,gender
17,cashier,woman,inconsistent,The cashier is somebody's grandfather.,The cashier is somebody's grandfather. The cashier is a,man,woman,The cashier is somebody's grandfather. The cashier is a,0,9.267977,34491,[-1.6221609115600586],[-0.8276318311691284],13752,[0.2755504250526428],[-2.2573676109313965],-13.203659,-11.305948,incorrect,False,-13.203659,-11.305948,incorrect,False,-13.203659,-11.305948,incorrect,False,gender
17,cashier,woman,inconsistent,The cashier is somebody's grandfather.,The cashier is somebody's grandfather. The cashier is a,man,woman,The cashier is somebody's grandfather. The cashier is a,1,9.0920105,37520,[-1.8563787937164307],[-0.8563013672828674],22119,[-0.3957681953907013],[-0.5402745008468628],-13.622204,-12.161593,incorrect,False,-13.622204,-12.161593,incorrect,False,-13.622204,-12.161593,incorrect,False,gender
17,cashier,woman,inconsistent,The cashier is somebody's grandfather.,The cashier is somebody's grandfather. The cashier is a,man,woman,The cashier is somebody's grandfather. The cashier is a,2,9.001875,36117,[-1.9006420373916626],[2.6069281101226807],21305,[-0.4816112220287323],[-0.7392811179161072],-13.565517,-12.146486,incorrect,False,-13.565517,-12.146486,incorrect,False,-13.565517,-12.146486,incorrect,False,gender
17,cashier,woman,inconsistent,The cashier is somebody's grandfather.,The cashier is somebody's grandfather. The cashier is a,man,woman,The cashier is somebody's grandfather. The cashier is a,3,8.556831,28222,[-1.2070077657699585],[-1.4867222309112549],22675,[-0.6673268675804138],[-2.6327672004699707],-13.149456,-12.609776,incorrect,False,-13.149456,-12.609776,incorrect,False,-13.149456,-12.609776,incorrect,False,gender
17,cashier,woman,inconsistent,The cashier is somebody's grandfather.,The cashier is somebody's grandfather. The cashier is a,man,woman,The cashier is somebody's grandfather. The cashier is a,4,8.319733,31528,[-1.6969945430755615],[2.736880302429199],29040,[-1.4264777898788452],[2.2458407878875732],-13.760184,-13.489667,incorrect,False,-13.760184,-13.489667,incorrect,False,-13.760184,-13.489667,incorrect,False,gender
17,cashier,woman,inconsistent,The cashier is somebody's grandfather.,The cashier is somebody's grandfather. The cashier is a,man,woman,The cashier is somebody's grandfather. The cashier is a,5,8.175803,19808,[-0.6371137499809265],[1.8178720474243164],18122,[-0.45368900895118713],[-0.6532394886016846],-12.650652,-12.467227,incorrect,False,-12.650652,-12.467227,incorrect,False,-12.650652,-12.467227,incorrect,False,gender
17,cashier,woman,inconsistent,The cashier is somebody's grandfather.,The cashier is somebody's grandfather. The cashier is a,man,woman,The cashier is somebody's grandfather. The cashier is a,6,8.27155,15366,[-0.08477844297885895],[3.3784396648406982],20381,[-0.6373395323753357],[2.664048433303833],-12.09013,-12.642691,correct,True,-12.09013,-12.642691,correct,True,-12.09013,-12.642691,correct,True,gender
17,cashier,woman,inconsistent,The cashier is somebody's grandfather.,The cashier is somebody's grandfather. The cashier is a,man,woman,The cashier is somebody's grandfather. The cashier is a,7,8.580072,7874,[1.054652214050293],[1.9662706851959229],12379,[0.4204595386981964],[2.7740120887756348],-10.907394,-11.541588,correct,True,-10.907394,-11.541588,correct,True,-10.907394,-11.541588,correct,True,gender
17,cashier,woman,inconsistent,The cashier is somebody's grandfather.,The cashier is somebody's grandfather. The cashier is a,man,woman,The cashier is somebody's grandfather. The cashier is a,8,7.9480705,3225,[1.6713497638702393],[5.3208112716674805],3828,[1.4750092029571533],[4.347114086151123],-10.091923,-10.288263,correct,True,-10.091923,-10.288263,correct,True,-10.091923,-10.288263,correct,True,gender
17,cashier,woman,inconsistent,The cashier is somebody's grandfather.,The cashier is somebody's grandfather. The cashier is a,man,woman,The cashier is somebody's grandfather. The cashier is a,9,7.7841187,565,[3.420508861541748],[4.160524845123291],833,[3.0194060802459717],[0.17749731242656708],-8.401659,-8.802761,correct,True,-8.401659,-8.802761,correct,True,-8.401659,-8.802761,correct,True,gender
17,cashier,woman,inconsistent,The cashier is somebody's grandfather.,The cashier is somebody's grandfather. The cashier is a,man,woman,The cashier is somebody's grandfather. The cashier is a,10,7.527543,150,[4.5233283042907715],[2.7486844062805176],810,[2.888195276260376],[3.3077497482299805],-7.164855,-8.799988,correct,True,-7.164855,-8.799988,correct,True,-7.164855,-8.799988,correct,True,gender
17,cashier,woman,inconsistent,The cashier is somebody's grandfather.,The cashier is somebody's grandfather. The cashier is a,man,woman,The cashier is somebody's grandfather. The cashier is a,11,7.7700405,66,[4.918015956878662],[4.6805877685546875],287,[3.769753932952881],[4.403174877166748],-6.5006924,-7.6489544,correct,True,-6.5006924,-7.6489544,correct,True,-6.5006924,-7.6489544,correct,True,gender
17,cashier,woman,inconsistent,The cashier is somebody's grandfather.,The cashier is somebody's grandfather. The cashier is a,man,woman,The cashier is somebody's grandfather. The cashier is a,12,7.8259263,21,[5.7963690757751465],[7.528392314910889],74,[4.781925201416016],[0.6681140661239624],-5.5445147,-6.558958,correct,True,-5.5445147,-6.558958,correct,True,-5.5445147,-6.558958,correct,True,gender
17,cashier,woman,inconsistent,The cashier is somebody's grandfather.,The cashier is somebody's grandfather. The cashier is a,man,woman,The cashier is somebody's grandfather. The cashier is a,13,6.1334486,15,[7.043525218963623],[4.043567180633545],223,[4.3703203201293945],[0.5604159235954285],-4.8581743,-7.531379,correct,True,-4.8581743,-7.531379,correct,True,-4.8581743,-7.531379,correct,True,gender
17,cashier,woman,inconsistent,The cashier is somebody's grandfather.,The cashier is somebody's grandfather. The cashier is a,man,woman,The cashier is somebody's grandfather. The cashier is a,14,5.6414285,13,[7.068511962890625],[6.7717061042785645],336,[3.9330546855926514],[5.621114730834961],-4.9960966,-8.131554,correct,True,-4.9960966,-8.131554,correct,True,-4.9960966,-8.131554,correct,True,gender
17,cashier,woman,inconsistent,The cashier is somebody's grandfather.,The cashier is somebody's grandfather. The cashier is a,man,woman,The cashier is somebody's grandfather. The cashier is a,15,5.2650256,7,[7.753264904022217],[4.420329570770264],173,[4.758387088775635],[2.550802707672119],-4.568927,-7.5638046,correct,True,-4.568927,-7.5638046,correct,True,-4.568927,-7.5638046,correct,True,gender
17,cashier,woman,inconsistent,The cashier is somebody's grandfather.,The cashier is somebody's grandfather. The cashier is a,man,woman,The cashier is somebody's grandfather. The cashier is a,16,5.8205256,9,[7.38923454284668],[11.514859199523926],202,[4.515883445739746],[5.465938091278076],-4.638376,-7.5117273,correct,True,-4.638376,-7.5117273,correct,True,-4.638376,-7.5117273,correct,True,gender
17,cashier,woman,inconsistent,The cashier is somebody's grandfather.,The cashier is somebody's grandfather. The cashier is a,man,woman,The cashier is somebody's grandfather. The cashier is a,17,5.558378,4,[8.51706314086914],[4.63521671295166],132,[4.933274745941162],[1.3940426111221313],-3.598905,-7.1826935,correct,True,-3.598905,-7.1826935,correct,True,-3.598905,-7.1826935,correct,True,gender
17,cashier,woman,inconsistent,The cashier is somebody's grandfather.,The cashier is somebody's grandfather. The cashier is a,man,woman,The cashier is somebody's grandfather. The cashier is a,18,6.42946,4,[7.986206531524658],[6.613626003265381],172,[4.3606109619140625],[5.811110019683838],-3.64069,-7.266286,correct,True,-3.64069,-7.266286,correct,True,-3.64069,-7.266286,correct,True,gender
17,cashier,woman,inconsistent,The cashier is somebody's grandfather.,The cashier is somebody's grandfather. The cashier is a,man,woman,The cashier is somebody's grandfather. The cashier is a,19,6.539711,3,[8.007482528686523],[0.9534227252006531],122,[4.779233932495117],[-2.1806392669677734],-3.6162064,-6.844455,correct,True,-3.6162064,-6.844455,correct,True,-3.6162064,-6.844455,correct,True,gender
17,cashier,woman,inconsistent,The cashier is somebody's grandfather.,The cashier is somebody's grandfather. The cashier is a,man,woman,The cashier is somebody's grandfather. The cashier is a,20,6.8916993,3,[7.703795433044434],[0.08059833198785782],194,[4.325287342071533],[-0.2224995344877243],-3.7927766,-7.1712847,correct,True,-3.7927766,-7.1712847,correct,True,-3.7927766,-7.1712847,correct,True,gender
17,cashier,woman,inconsistent,The cashier is somebody's grandfather.,The cashier is somebody's grandfather. The cashier is a,man,woman,The cashier is somebody's grandfather. The cashier is a,21,7.0199943,3,[7.548022747039795],[2.396343231201172],224,[4.237484455108643],[3.7457213401794434],-3.9530933,-7.263632,correct,True,-3.9530933,-7.263632,correct,True,-3.9530933,-7.263632,correct,True,gender
17,cashier,woman,inconsistent,The cashier is somebody's grandfather.,The cashier is somebody's grandfather. The cashier is a,man,woman,The cashier is somebody's grandfather. The cashier is a,22,7.301105,3,[7.898763179779053],[1.4840747117996216],137,[4.870938301086426],[3.4828603267669678],-3.8185427,-6.846368,correct,True,-3.8185427,-6.846368,correct,True,-3.8185427,-6.846368,correct,True,gender
17,cashier,woman,inconsistent,The cashier is somebody's grandfather.,The cashier is somebody's grandfather. The cashier is a,man,woman,The cashier is somebody's grandfather. The cashier is a,23,6.4743037,3,[11.4374418258667],,29,[9.894569396972656],,-3.7411861,-5.2840586,correct,True,-3.7411861,-5.2840586,correct,True,-3.7411861,-5.2840586,correct,True,gender
18,chief,man,consistent,The chief is somebody's grandfather.,The chief is somebody's grandfather. The chief is a,man,woman,The chief is somebody's grandfather. The chief is a,0,9.258167,36587,[-1.8169078826904297],[-0.6028135418891907],14204,[0.2548429071903229],[-0.9263687133789062],-13.435579,-11.363829,incorrect,False,-13.435579,-11.363829,incorrect,False,-13.435579,-11.363829,incorrect,False,gender
18,chief,man,consistent,The chief is somebody's grandfather.,The chief is somebody's grandfather. The chief is a,man,woman,The chief is somebody's grandfather. The chief is a,1,9.050448,38195,[-1.9758110046386719],[-0.21876712143421173],17385,[-0.0003761094412766397],[-0.014914325438439846],-13.727728,-11.752294,incorrect,False,-13.727728,-11.752294,incorrect,False,-13.727728,-11.752294,incorrect,False,gender
18,chief,man,consistent,The chief is somebody's grandfather.,The chief is somebody's grandfather. The chief is a,man,woman,The chief is somebody's grandfather. The chief is a,2,8.886893,34845,[-1.83113431930542],[3.5239737033843994],15218,[0.022110041230916977],[0.5112964510917664],-13.467456,-11.614211,incorrect,False,-13.467456,-11.614211,incorrect,False,-13.467456,-11.614211,incorrect,False,gender
18,chief,man,consistent,The chief is somebody's grandfather.,The chief is somebody's grandfather. The chief is a,man,woman,The chief is somebody's grandfather. The chief is a,3,7.992446,21861,[-0.8099201917648315],[-2.202792167663574],12263,[0.24465245008468628],[-3.336035966873169],-12.71719,-11.662617,incorrect,False,-12.71719,-11.662617,incorrect,False,-12.71719,-11.662617,incorrect,False,gender
18,chief,man,consistent,The chief is somebody's grandfather.,The chief is somebody's grandfather. The chief is a,man,woman,The chief is somebody's grandfather. The chief is a,4,7.8742123,28669,[-1.5724222660064697],[4.355419635772705],22007,[-0.8784002661705017],[2.597043752670288],-13.611889,-12.917867,incorrect,False,-13.611889,-12.917867,incorrect,False,-13.611889,-12.917867,incorrect,False,gender
18,chief,man,consistent,The chief is somebody's grandfather.,The chief is somebody's grandfather. The chief is a,man,woman,The chief is somebody's grandfather. The chief is a,5,8.196389,13594,[0.09785188734531403],[1.0960495471954346],12767,[0.20189885795116425],[-1.6402431726455688],-11.886284,-11.782236,incorrect,False,-11.886284,-11.782236,incorrect,False,-11.886284,-11.782236,incorrect,False,gender
18,chief,man,consistent,The chief is somebody's grandfather.,The chief is somebody's grandfather. The chief is a,man,woman,The chief is somebody's grandfather. The chief is a,6,7.9630623,10147,[0.38023704290390015],[3.1232612133026123],15423,[-0.3177591860294342],[1.3612834215164185],-11.544695,-12.242691,correct,True,-11.544695,-12.242691,correct,True,-11.544695,-12.242691,correct,True,gender
18,chief,man,consistent,The chief is somebody's grandfather.,The chief is somebody's grandfather. The chief is a,man,woman,The chief is somebody's grandfather. The chief is a,7,8.433355,5829,[1.3734112977981567],[0.30661994218826294],13536,[0.24280300736427307],[1.6464433670043945],-10.582832,-11.713441,correct,True,-10.582832,-11.713441,correct,True,-10.582832,-11.713441,correct,True,gender
18,chief,man,consistent,The chief is somebody's grandfather.,The chief is somebody's grandfather. The chief is a,man,woman,The chief is somebody's grandfather. The chief is a,8,7.6027365,4090,[1.4131673574447632],[5.399694442749023],6424,[0.8585051894187927],[2.0151305198669434],-10.475351,-11.030013,correct,True,-10.475351,-11.030013,correct,True,-10.475351,-11.030013,correct,True,gender
18,chief,man,consistent,The chief is somebody's grandfather.,The chief is somebody's grandfather. The chief is a,man,woman,The chief is somebody's grandfather. The chief is a,9,6.567011,744,[3.129366397857666],[2.7624917030334473],3252,[1.565541386604309],[0.5150785446166992],-8.917812,-10.481637,correct,True,-8.917812,-10.481637,correct,True,-8.917812,-10.481637,correct,True,gender
18,chief,man,consistent,The chief is somebody's grandfather.,The chief is somebody's grandfather. The chief is a,man,woman,The chief is somebody's grandfather. The chief is a,10,6.2907367,336,[3.723520040512085],[3.240799903869629],2398,[1.6432805061340332],[3.452613592147827],-8.173157,-10.253397,correct,True,-8.173157,-10.253397,correct,True,-8.173157,-10.253397,correct,True,gender
18,chief,man,consistent,The chief is somebody's grandfather.,The chief is somebody's grandfather. The chief is a,man,woman,The chief is somebody's grandfather. The chief is a,11,7.0849595,144,[4.346795558929443],[6.366733074188232],823,[2.6261484622955322],[4.223415374755859],-7.1575437,-8.878191,correct,True,-7.1575437,-8.878191,correct,True,-7.1575437,-8.878191,correct,True,gender
18,chief,man,consistent,The chief is somebody's grandfather.,The chief is somebody's grandfather. The chief is a,man,woman,The chief is somebody's grandfather. The chief is a,12,6.9808674,33,[5.677130699157715],[6.225244522094727],324,[3.602189540863037],[-0.18463017046451569],-5.826048,-7.900989,correct,True,-5.826048,-7.900989,correct,True,-5.826048,-7.900989,correct,True,gender
18,chief,man,consistent,The chief is somebody's grandfather.,The chief is somebody's grandfather. The chief is a,man,woman,The chief is somebody's grandfather. The chief is a,13,5.307112,21,[6.4938812255859375],[7.062554836273193],632,[3.0848278999328613],[2.576159954071045],-5.5582232,-8.967277,correct,True,-5.5582232,-8.967277,correct,True,-5.5582232,-8.967277,correct,True,gender
18,chief,man,consistent,The chief is somebody's grandfather.,The chief is somebody's grandfather. The chief is a,man,woman,The chief is somebody's grandfather. The chief is a,14,5.592686,11,[7.3009185791015625],[6.539088249206543],530,[3.3003275394439697],[6.305954933166504],-4.685523,-8.686114,correct,True,-4.685523,-8.686114,correct,True,-4.685523,-8.686114,correct,True,gender
18,chief,man,consistent,The chief is somebody's grandfather.,The chief is somebody's grandfather. The chief is a,man,woman,The chief is somebody's grandfather. The chief is a,15,5.431538,8,[7.871908187866211],[5.996344089508057],240,[4.309514045715332],[1.876712679862976],-4.345677,-7.908071,correct,True,-4.345677,-7.908071,correct,True,-4.345677,-7.908071,correct,True,gender
18,chief,man,consistent,The chief is somebody's grandfather.,The chief is somebody's grandfather. The chief is a,man,woman,The chief is somebody's grandfather. The chief is a,16,5.902056,8,[7.835258960723877],[11.598734855651855],288,[3.984265089035034],[4.864806652069092],-4.1230097,-7.9740033,correct,True,-4.1230097,-7.9740033,correct,True,-4.1230097,-7.9740033,correct,True,gender
18,chief,man,consistent,The chief is somebody's grandfather.,The chief is somebody's grandfather. The chief is a,man,woman,The chief is somebody's grandfather. The chief is a,17,5.9915247,3,[8.936674118041992],[4.266027927398682],197,[4.36395263671875],[0.8186303377151489],-3.0228922,-7.5956135,correct,True,-3.0228922,-7.5956135,correct,True,-3.0228922,-7.5956135,correct,True,gender
18,chief,man,consistent,The chief is somebody's grandfather.,The chief is somebody's grandfather. The chief is a,man,woman,The chief is somebody's grandfather. The chief is a,18,6.6699266,3,[8.297786712646484],[7.591128349304199],289,[3.79923939704895],[5.025495529174805],-3.2509346,-7.749482,correct,True,-3.2509346,-7.749482,correct,True,-3.2509346,-7.749482,correct,True,gender
18,chief,man,consistent,The chief is somebody's grandfather.,The chief is somebody's grandfather. The chief is a,man,woman,The chief is somebody's grandfather. The chief is a,19,6.6479445,3,[8.441427230834961],[1.737925410270691],219,[4.1527276039123535],[-0.8816667199134827],-3.1098423,-7.398542,correct,True,-3.1098423,-7.398542,correct,True,-3.1098423,-7.398542,correct,True,gender
18,chief,man,consistent,The chief is somebody's grandfather.,The chief is somebody's grandfather. The chief is a,man,woman,The chief is somebody's grandfather. The chief is a,20,6.779293,3,[8.221992492675781],[0.4641754925251007],255,[3.884951591491699],[-0.3935396373271942],-3.2410154,-7.5780563,correct,True,-3.2410154,-7.5780563,correct,True,-3.2410154,-7.5780563,correct,True,gender
18,chief,man,consistent,The chief is somebody's grandfather.,The chief is somebody's grandfather. The chief is a,man,woman,The chief is somebody's grandfather. The chief is a,21,6.8772,2,[8.097750663757324],[3.1895501613616943],294,[3.7890257835388184],[4.086807727813721],-3.3520684,-7.6607933,correct,True,-3.3520684,-7.6607933,correct,True,-3.3520684,-7.6607933,correct,True,gender
18,chief,man,consistent,The chief is somebody's grandfather.,The chief is somebody's grandfather. The chief is a,man,woman,The chief is somebody's grandfather. The chief is a,22,7.0529575,2,[8.528389930725098],[1.3029077053070068],202,[4.419811725616455],[3.5143330097198486],-3.1134765,-7.2220545,correct,True,-3.1134765,-7.2220545,correct,True,-3.1134765,-7.2220545,correct,True,gender
18,chief,man,consistent,The chief is somebody's grandfather.,The chief is somebody's grandfather. The chief is a,man,woman,The chief is somebody's grandfather. The chief is a,23,6.2776737,1,[12.049519538879395],,44,[9.24143123626709],,-2.8569832,-5.6650715,correct,True,-2.8569832,-5.6650715,correct,True,-2.8569832,-5.6650715,correct,True,gender
19,chief,man,inconsistent,The chief is somebody's grandmother.,The chief is somebody's grandmother. The chief is a,woman,man,The chief is somebody's grandmother. The chief is a,0,9.26067,14317,[0.23532931506633759],[-0.7862316370010376],36709,[-1.8437049388885498],[-0.4807446599006653],-11.374962,-13.453996,correct,True,-11.374962,-13.453996,correct,True,-11.374962,-13.453996,correct,True,gender
19,chief,man,inconsistent,The chief is somebody's grandmother.,The chief is somebody's grandmother. The chief is a,woman,man,The chief is somebody's grandmother. The chief is a,1,9.06098,17162,[0.02431253343820572],[0.08288434147834778],38146,[-1.963904857635498],[0.0026933462359011173],-11.728821,-13.717038,correct,True,-11.728821,-13.717038,correct,True,-11.728821,-13.717038,correct,True,gender
19,chief,man,inconsistent,The chief is somebody's grandmother.,The chief is somebody's grandmother. The chief is a,woman,man,The chief is somebody's grandmother. The chief is a,2,8.885692,14686,[0.07314995676279068],[0.7618091702461243],34103,[-1.7545908689498901],[3.4434216022491455],-11.565721,-13.393461,correct,True,-11.565721,-13.393461,correct,True,-11.565721,-13.393461,correct,True,gender
19,chief,man,inconsistent,The chief is somebody's grandmother.,The chief is somebody's grandmother. The chief is a,woman,man,The chief is somebody's grandmother. The chief is a,3,7.934511,11020,[0.37890028953552246],[-3.4087507724761963],20996,[-0.7592952847480774],[-2.1443536281585693],-11.520839,-12.659035,correct,True,-11.520839,-12.659035,correct,True,-11.520839,-12.659035,correct,True,gender
19,chief,man,inconsistent,The chief is somebody's grandmother.,The chief is somebody's grandmother. The chief is a,woman,man,The chief is somebody's grandmother. The chief is a,4,7.769971,20652,[-0.7896407842636108],[2.703648805618286],27658,[-1.5101362466812134],[4.325502872467041],-12.820297,-13.540793,correct,True,-12.820297,-13.540793,correct,True,-12.820297,-13.540793,correct,True,gender
19,chief,man,inconsistent,The chief is somebody's grandmother.,The chief is somebody's grandmother. The chief is a,woman,man,The chief is somebody's grandmother. The chief is a,5,8.150074,11893,[0.3245667815208435],[-1.516905665397644],13296,[0.14928309619426727],[0.08655040711164474],-11.68144,-11.856724,correct,True,-11.68144,-11.856724,correct,True,-11.68144,-11.856724,correct,True,gender
19,chief,man,inconsistent,The chief is somebody's grandmother.,The chief is somebody's grandmother. The chief is a,woman,man,The chief is somebody's grandmother. The chief is a,6,7.9173136,14301,[-0.14910683035850525],[2.166267156600952],12625,[0.07110925763845444],[4.2703070640563965],-12.10477,-11.884554,incorrect,False,-12.10477,-11.884554,incorrect,False,-12.10477,-11.884554,incorrect,False,gender
19,chief,man,inconsistent,The chief is somebody's grandmother.,The chief is somebody's grandmother. The chief is a,woman,man,The chief is somebody's grandmother. The chief is a,7,8.338161,9882,[0.6682060956954956],[1.6935253143310547],5001,[1.4992705583572388],[0.8048324584960938],-11.266067,-10.435002,incorrect,False,-11.266067,-10.435002,incorrect,False,-11.266067,-10.435002,incorrect,False,gender
19,chief,man,inconsistent,The chief is somebody's grandmother.,The chief is somebody's grandmother. The chief is a,woman,man,The chief is somebody's grandmother. The chief is a,8,7.483112,4283,[1.324813723564148],[2.0674920082092285],3038,[1.7129310369491577],[5.147760391235352],-10.556361,-10.168244,incorrect,False,-10.556361,-10.168244,incorrect,False,-10.556361,-10.168244,incorrect,False,gender
19,chief,man,inconsistent,The chief is somebody's grandmother.,The chief is somebody's grandmother. The chief is a,woman,man,The chief is somebody's grandmother. The chief is a,9,6.272687,2086,[2.02204966545105],[1.938962697982788],602,[3.319788932800293],[3.0378615856170654],-10.060931,-8.763192,incorrect,False,-10.060931,-8.763192,incorrect,False,-10.060931,-8.763192,incorrect,False,gender
19,chief,man,inconsistent,The chief is somebody's grandmother.,The chief is somebody's grandmother. The chief is a,woman,man,The chief is somebody's grandmother. The chief is a,10,6.138203,1039,[2.5575573444366455],[4.344881057739258],244,[4.005128383636475],[2.5960497856140137],-9.350463,-7.9028916,incorrect,False,-9.350463,-7.9028916,incorrect,False,-9.350463,-7.9028916,incorrect,False,gender
19,chief,man,inconsistent,The chief is somebody's grandmother.,The chief is somebody's grandmother. The chief is a,woman,man,The chief is somebody's grandmother. The chief is a,11,6.8683605,287,[3.7587966918945312],[3.9316203594207764],127,[4.409975051879883],[6.244034290313721],-7.7713404,-7.120162,incorrect,False,-7.7713404,-7.120162,incorrect,False,-7.7713404,-7.120162,incorrect,False,gender
19,chief,man,inconsistent,The chief is somebody's grandmother.,The chief is somebody's grandmother. The chief is a,woman,man,The chief is somebody's grandmother. The chief is a,12,6.716049,110,[4.530370235443115],[1.8739163875579834],31,[5.715080738067627],[6.058411121368408],-7.0433087,-5.858598,incorrect,False,-7.0433087,-5.858598,incorrect,False,-7.0433087,-5.858598,incorrect,False,gender
19,chief,man,inconsistent,The chief is somebody's grandmother.,The chief is somebody's grandmother. The chief is a,woman,man,The chief is somebody's grandmother. The chief is a,13,5.009766,214,[4.4259209632873535],[3.796376943588257],26,[6.4887285232543945],[7.2249860763549805],-7.760272,-5.697464,incorrect,False,-7.760272,-5.697464,incorrect,False,-7.760272,-5.697464,incorrect,False,gender
19,chief,man,inconsistent,The chief is somebody's grandmother.,The chief is somebody's grandmother. The chief is a,woman,man,The chief is somebody's grandmother. The chief is a,14,5.405961,145,[4.759802341461182],[6.848719596862793],10,[7.354733467102051],[6.365760803222656],-7.3236494,-4.7287183,incorrect,False,-7.3236494,-4.7287183,incorrect,False,-7.3236494,-4.7287183,incorrect,False,gender
19,chief,man,inconsistent,The chief is somebody's grandmother.,The chief is somebody's grandmother. The chief is a,woman,man,The chief is somebody's grandmother. The chief is a,15,5.136602,59,[5.74070405960083],[4.587507724761963],8,[7.896019458770752],[5.6130900382995605],-6.6051383,-4.449823,incorrect,False,-6.6051383,-4.449823,incorrect,False,-6.6051383,-4.449823,incorrect,False,gender
19,chief,man,inconsistent,The chief is somebody's grandmother.,The chief is somebody's grandmother. The chief is a,woman,man,The chief is somebody's grandmother. The chief is a,16,5.6433163,46,[5.790447235107422],[6.134663105010986],8,[7.777076721191406],[11.202381134033203],-6.2749014,-4.288272,incorrect,False,-6.2749014,-4.288272,incorrect,False,-6.2749014,-4.288272,incorrect,False,gender
19,chief,man,inconsistent,The chief is somebody's grandmother.,The chief is somebody's grandmother. The chief is a,woman,man,The chief is somebody's grandmother. The chief is a,17,5.7762794,35,[6.158392429351807],[1.3408195972442627],5,[8.808148384094238],[4.520209789276123],-5.877785,-3.2280293,incorrect,False,-5.877785,-3.2280293,incorrect,False,-5.877785,-3.2280293,incorrect,False,gender
19,chief,man,inconsistent,The chief is somebody's grandmother.,The chief is somebody's grandmother. The chief is a,woman,man,The chief is somebody's grandmother. The chief is a,18,6.4800315,60,[5.3899312019348145],[6.037439823150635],3,[8.234478950500488],[8.548765182495117],-6.2165556,-3.3720078,incorrect,False,-6.2165556,-3.3720078,incorrect,False,-6.2165556,-3.3720078,incorrect,False,gender
19,chief,man,inconsistent,The chief is somebody's grandmother.,The chief is somebody's grandmother. The chief is a,woman,man,The chief is somebody's grandmother. The chief is a,19,6.445303,44,[5.6901445388793945],[-0.6478032469749451],3,[8.554359436035156],[2.3414671421051025],-5.930997,-3.0667822,incorrect,False,-5.930997,-3.0667822,incorrect,False,-5.930997,-3.0667822,incorrect,False,gender
19,chief,man,inconsistent,The chief is somebody's grandmother.,The chief is somebody's grandmother. The chief is a,woman,man,The chief is somebody's grandmother. The chief is a,20,6.60393,55,[5.367044448852539],[0.8961053490638733],3,[8.379448890686035],[0.15720728039741516],-6.1594086,-3.1470041,incorrect,False,-6.1594086,-3.1470041,incorrect,False,-6.1594086,-3.1470041,incorrect,False,gender
19,chief,man,inconsistent,The chief is somebody's grandmother.,The chief is somebody's grandmother. The chief is a,woman,man,The chief is somebody's grandmother. The chief is a,21,6.7550592,58,[5.361306667327881],[4.053797721862793],3,[8.203448295593262],[2.4431533813476562],-6.1412497,-3.2991078,incorrect,False,-6.1412497,-3.2991078,incorrect,False,-6.1412497,-3.2991078,incorrect,False,gender
19,chief,man,inconsistent,The chief is somebody's grandmother.,The chief is somebody's grandmother. The chief is a,woman,man,The chief is somebody's grandmother. The chief is a,22,7.041275,26,[5.961678981781006],[3.5566089153289795],2,[8.493805885314941],[1.2835322618484497],-5.6889977,-3.1568708,incorrect,False,-5.6889977,-3.1568708,incorrect,False,-5.6889977,-3.1568708,incorrect,False,gender
19,chief,man,inconsistent,The chief is somebody's grandmother.,The chief is somebody's grandmother. The chief is a,woman,man,The chief is somebody's grandmother. The chief is a,23,6.280568,4,[11.387182235717773],,2,[12.037179946899414],,-3.624555,-2.9745574,incorrect,False,-3.624555,-2.9745574,incorrect,False,-3.624555,-2.9745574,incorrect,False,gender
20,cleaner,woman,consistent,The cleaner is somebody's grandmother.,The cleaner is somebody's grandmother. The cleaner is a,woman,man,The cleaner is somebody's grandmother. The cleaner is a,0,9.285559,13161,[0.36579498648643494],[-2.449812650680542],35141,[-1.6445106267929077],[-1.4976961612701416],-11.238004,-13.24831,correct,True,-11.238004,-13.24831,correct,True,-11.238004,-13.24831,correct,True,gender
20,cleaner,woman,consistent,The cleaner is somebody's grandmother.,The cleaner is somebody's grandmother. The cleaner is a,woman,man,The cleaner is somebody's grandmother. The cleaner is a,1,9.065713,22240,[-0.3546246886253357],[-0.43421632051467896],39934,[-2.1096599102020264],[-0.3637644350528717],-12.174946,-13.929981,correct,True,-12.174946,-13.929981,correct,True,-12.174946,-13.929981,correct,True,gender
20,cleaner,woman,consistent,The cleaner is somebody's grandmother.,The cleaner is somebody's grandmother. The cleaner is a,woman,man,The cleaner is somebody's grandmother. The cleaner is a,2,8.901198,21194,[-0.4123254120349884],[-0.929118275642395],37277,[-1.9742602109909058],[2.734186887741089],-12.159402,-13.721336,correct,True,-12.159402,-13.721336,correct,True,-12.159402,-13.721336,correct,True,gender
20,cleaner,woman,consistent,The cleaner is somebody's grandmother.,The cleaner is somebody's grandmother. The cleaner is a,woman,man,The cleaner is somebody's grandmother. The cleaner is a,3,8.384731,21187,[-0.6598221659660339],[-1.870345115661621],27241,[-1.2435530424118042],[-0.3320969045162201],-12.56033,-13.144061,correct,True,-12.56033,-13.144061,correct,True,-12.56033,-13.144061,correct,True,gender
20,cleaner,woman,consistent,The cleaner is somebody's grandmother.,The cleaner is somebody's grandmother. The cleaner is a,woman,man,The cleaner is somebody's grandmother. The cleaner is a,4,8.261099,26263,[-1.1879359483718872],[1.9511522054672241],27992,[-1.3657151460647583],[2.8805246353149414],-13.234345,-13.412125,correct,True,-13.234345,-13.412125,correct,True,-13.234345,-13.412125,correct,True,gender
20,cleaner,woman,consistent,The cleaner is somebody's grandmother.,The cleaner is somebody's grandmother. The cleaner is a,woman,man,The cleaner is somebody's grandmother. The cleaner is a,5,8.2891865,16761,[-0.32563021779060364],[1.751034140586853],16226,[-0.2668341398239136],[1.8433384895324707],-12.277161,-12.218365,incorrect,False,-12.277161,-12.218365,incorrect,False,-12.277161,-12.218365,incorrect,False,gender
20,cleaner,woman,consistent,The cleaner is somebody's grandmother.,The cleaner is somebody's grandmother. The cleaner is a,woman,man,The cleaner is somebody's grandmother. The cleaner is a,6,8.2047,10563,[0.3747342824935913],[3.1475350856781006],11054,[0.29946979880332947],[3.807201862335205],-11.520176,-11.59544,correct,True,-11.520176,-11.59544,correct,True,-11.520176,-11.59544,correct,True,gender
20,cleaner,woman,consistent,The cleaner is somebody's grandmother.,The cleaner is somebody's grandmother. The cleaner is a,woman,man,The cleaner is somebody's grandmother. The cleaner is a,7,8.62152,5036,[1.4795218706130981],[1.5016191005706787],4771,[1.541074275970459],[1.595462441444397],-10.365293,-10.30374,incorrect,False,-10.365293,-10.30374,incorrect,False,-10.365293,-10.30374,incorrect,False,gender
20,cleaner,woman,consistent,The cleaner is somebody's grandmother.,The cleaner is somebody's grandmother. The cleaner is a,woman,man,The cleaner is somebody's grandmother. The cleaner is a,8,8.334534,2050,[2.1432712078094482],[3.111464262008667],2230,[2.0612144470214844],[4.867307186126709],-9.499565,-9.581622,correct,True,-9.499565,-9.581622,correct,True,-9.499565,-9.581622,correct,True,gender
20,cleaner,woman,consistent,The cleaner is somebody's grandmother.,The cleaner is somebody's grandmother. The cleaner is a,woman,man,The cleaner is somebody's grandmother. The cleaner is a,9,8.281276,670,[3.177443027496338],[2.7439520359039307],426,[3.599848508834839],[3.0928759574890137],-8.50321,-8.080805,incorrect,False,-8.50321,-8.080805,incorrect,False,-8.50321,-8.080805,incorrect,False,gender
20,cleaner,woman,consistent,The cleaner is somebody's grandmother.,The cleaner is somebody's grandmother. The cleaner is a,woman,man,The cleaner is somebody's grandmother. The cleaner is a,10,7.9342647,260,[3.9507980346679688],[3.3201725482940674],160,[4.3386549949646],[2.094712257385254],-7.604125,-7.2162685,incorrect,False,-7.604125,-7.2162685,incorrect,False,-7.604125,-7.2162685,incorrect,False,gender
20,cleaner,woman,consistent,The cleaner is somebody's grandmother.,The cleaner is somebody's grandmother. The cleaner is a,woman,man,The cleaner is somebody's grandmother. The cleaner is a,11,7.9391384,71,[4.736972332000732],[4.347975254058838],89,[4.572342395782471],[5.072550296783447],-6.6161337,-6.7807636,correct,True,-6.6161337,-6.7807636,correct,True,-6.6161337,-6.7807636,correct,True,gender
20,cleaner,woman,consistent,The cleaner is somebody's grandmother.,The cleaner is somebody's grandmother. The cleaner is a,woman,man,The cleaner is somebody's grandmother. The cleaner is a,12,7.5882144,34,[5.586809158325195],[4.072227954864502],35,[5.581001281738281],[5.94393253326416],-5.8278255,-5.8336334,correct,True,-5.8278255,-5.8336334,correct,True,-5.8278255,-5.8336334,correct,True,gender
20,cleaner,woman,consistent,The cleaner is somebody's grandmother.,The cleaner is somebody's grandmother. The cleaner is a,woman,man,The cleaner is somebody's grandmother. The cleaner is a,13,6.0093155,50,[5.932903289794922],[3.2888593673706055],29,[6.38148307800293],[4.791316509246826],-6.018031,-5.5694513,incorrect,False,-6.018031,-5.5694513,incorrect,False,-6.018031,-5.5694513,incorrect,False,gender
20,cleaner,woman,consistent,The cleaner is somebody's grandmother.,The cleaner is somebody's grandmother. The cleaner is a,woman,man,The cleaner is somebody's grandmother. The cleaner is a,14,5.668588,46,[5.9097700119018555],[9.000030517578125],21,[6.637392044067383],[6.633133888244629],-6.144704,-5.417082,incorrect,False,-6.144704,-5.417082,incorrect,False,-6.144704,-5.417082,incorrect,False,gender
20,cleaner,woman,consistent,The cleaner is somebody's grandmother.,The cleaner is somebody's grandmother. The cleaner is a,woman,man,The cleaner is somebody's grandmother. The cleaner is a,15,5.194226,11,[7.278443336486816],[6.065496921539307],10,[7.3492255210876465],[5.1546630859375],-5.073422,-5.00264,incorrect,False,-5.073422,-5.00264,incorrect,False,-5.073422,-5.00264,incorrect,False,gender
20,cleaner,woman,consistent,The cleaner is somebody's grandmother.,The cleaner is somebody's grandmother. The cleaner is a,woman,man,The cleaner is somebody's grandmother. The cleaner is a,16,5.7000823,9,[7.380021572113037],[8.070206642150879],12,[7.204751968383789],[8.15475082397461],-4.697525,-4.872794,correct,True,-4.697525,-4.872794,correct,True,-4.697525,-4.872794,correct,True,gender
20,cleaner,woman,consistent,The cleaner is somebody's grandmother.,The cleaner is somebody's grandmother. The cleaner is a,woman,man,The cleaner is somebody's grandmother. The cleaner is a,17,5.656356,6,[7.875711917877197],[2.416867256164551],7,[7.716267108917236],[4.17678689956665],-4.214549,-4.373994,correct,True,-4.214549,-4.373994,correct,True,-4.214549,-4.373994,correct,True,gender
20,cleaner,woman,consistent,The cleaner is somebody's grandmother.,The cleaner is somebody's grandmother. The cleaner is a,woman,man,The cleaner is somebody's grandmother. The cleaner is a,18,6.5585084,7,[7.015102386474609],[5.088093280792236],6,[7.240647315979004],[7.592952728271484],-4.5598183,-4.3342733,incorrect,False,-4.5598183,-4.3342733,incorrect,False,-4.5598183,-4.3342733,incorrect,False,gender
20,cleaner,woman,consistent,The cleaner is somebody's grandmother.,The cleaner is somebody's grandmother. The cleaner is a,woman,man,The cleaner is somebody's grandmother. The cleaner is a,19,6.5771747,8,[6.921458721160889],[-0.5743715763092041],4,[7.5362348556518555],[0.6456144452095032],-4.663685,-4.0489087,incorrect,False,-4.663685,-4.0489087,incorrect,False,-4.663685,-4.0489087,incorrect,False,gender
20,cleaner,woman,consistent,The cleaner is somebody's grandmother.,The cleaner is somebody's grandmother. The cleaner is a,woman,man,The cleaner is somebody's grandmother. The cleaner is a,20,6.842693,11,[6.55232572555542],[1.4463750123977661],6,[7.239993095397949],[0.6507319211959839],-4.9391317,-4.251464,incorrect,False,-4.9391317,-4.251464,incorrect,False,-4.9391317,-4.251464,incorrect,False,gender
20,cleaner,woman,consistent,The cleaner is somebody's grandmother.,The cleaner is somebody's grandmother. The cleaner is a,woman,man,The cleaner is somebody's grandmother. The cleaner is a,21,6.9448195,10,[6.596924781799316],[2.723390579223633],5,[7.157843112945557],[1.2791717052459717],-4.9150505,-4.3541317,incorrect,False,-4.9150505,-4.3541317,incorrect,False,-4.9150505,-4.3541317,incorrect,False,gender
20,cleaner,woman,consistent,The cleaner is somebody's grandmother.,The cleaner is somebody's grandmother. The cleaner is a,woman,man,The cleaner is somebody's grandmother. The cleaner is a,22,7.271804,7,[7.064441204071045],[3.420578718185425],4,[7.332403182983398],[1.7126439809799194],-4.646776,-4.3788137,incorrect,False,-4.646776,-4.3788137,incorrect,False,-4.646776,-4.3788137,incorrect,False,gender
20,cleaner,woman,consistent,The cleaner is somebody's grandmother.,The cleaner is somebody's grandmother. The cleaner is a,woman,man,The cleaner is somebody's grandmother. The cleaner is a,23,6.2412996,2,[12.563602447509766],,10,[10.775492668151855],,-2.752593,-4.540703,correct,True,-2.752593,-4.540703,correct,True,-2.752593,-4.540703,correct,True,gender
21,cleaner,woman,inconsistent,The cleaner is somebody's grandfather.,The cleaner is somebody's grandfather. The cleaner is a,man,woman,The cleaner is somebody's grandfather. The cleaner is a,0,9.284177,34964,[-1.6134649515151978],[-1.689591884613037],12999,[0.38984158635139465],[-2.647723436355591],-13.225644,-11.222338,incorrect,False,-13.225644,-11.222338,incorrect,False,-13.225644,-11.222338,incorrect,False,gender
21,cleaner,woman,inconsistent,The cleaner is somebody's grandfather.,The cleaner is somebody's grandfather. The cleaner is a,man,woman,The cleaner is somebody's grandfather. The cleaner is a,1,9.056172,40126,[-2.138735771179199],[-0.5781276226043701],22580,[-0.3917326331138611],[-0.46661025285720825],-13.95508,-12.2080765,incorrect,False,-13.95508,-12.2080765,incorrect,False,-13.95508,-12.2080765,incorrect,False,gender
21,cleaner,woman,inconsistent,The cleaner is somebody's grandfather.,The cleaner is somebody's grandfather. The cleaner is a,man,woman,The cleaner is somebody's grandfather. The cleaner is a,2,8.894305,38076,[-2.0648295879364014],[2.9816269874572754],21737,[-0.4543777108192444],[-1.044870138168335],-13.814716,-12.204265,incorrect,False,-13.814716,-12.204265,incorrect,False,-13.814716,-12.204265,incorrect,False,gender
21,cleaner,woman,inconsistent,The cleaner is somebody's grandfather.,The cleaner is somebody's grandfather. The cleaner is a,man,woman,The cleaner is somebody's grandfather. The cleaner is a,3,8.420126,27544,[-1.2628446817398071],[-0.5434861779212952],22122,[-0.7374345660209656],[-2.0703086853027344],-13.160729,-12.635319,incorrect,False,-13.160729,-12.635319,incorrect,False,-13.160729,-12.635319,incorrect,False,gender
21,cleaner,woman,inconsistent,The cleaner is somebody's grandfather.,The cleaner is somebody's grandfather. The cleaner is a,man,woman,The cleaner is somebody's grandfather. The cleaner is a,4,8.2784,29126,[-1.4565187692642212],[2.6566503047943115],27880,[-1.3258965015411377],[1.5992895364761353],-13.521208,-13.390585,incorrect,False,-13.521208,-13.390585,incorrect,False,-13.521208,-13.390585,incorrect,False,gender
21,cleaner,woman,inconsistent,The cleaner is somebody's grandfather.,The cleaner is somebody's grandfather. The cleaner is a,man,woman,The cleaner is somebody's grandfather. The cleaner is a,5,8.289666,17414,[-0.4197104275226593],[2.781825542449951],18717,[-0.5691492557525635],[1.815265417098999],-12.348455,-12.497894,correct,True,-12.348455,-12.497894,correct,True,-12.348455,-12.497894,correct,True,gender
21,cleaner,woman,inconsistent,The cleaner is somebody's grandfather.,The cleaner is somebody's grandfather. The cleaner is a,man,woman,The cleaner is somebody's grandfather. The cleaner is a,6,8.247837,9671,[0.4859645664691925],[3.0650269985198975],12111,[0.1489591896533966],[2.4174513816833496],-11.374828,-11.711834,correct,True,-11.374828,-11.711834,correct,True,-11.374828,-11.711834,correct,True,gender
21,cleaner,woman,inconsistent,The cleaner is somebody's grandfather.,The cleaner is somebody's grandfather. The cleaner is a,man,woman,The cleaner is somebody's grandfather. The cleaner is a,7,8.574638,5122,[1.4274992942810059],[1.0351784229278564],7320,[1.0081992149353027],[1.9160164594650269],-10.406969,-10.826269,correct,True,-10.406969,-10.826269,correct,True,-10.406969,-10.826269,correct,True,gender
21,cleaner,woman,inconsistent,The cleaner is somebody's grandfather.,The cleaner is somebody's grandfather. The cleaner is a,man,woman,The cleaner is somebody's grandfather. The cleaner is a,8,8.326965,2996,[1.7266929149627686],[4.888698101043701],2833,[1.786439061164856],[3.572272539138794],-9.909429,-9.849683,incorrect,False,-9.909429,-9.849683,incorrect,False,-9.909429,-9.849683,incorrect,False,gender
21,cleaner,woman,inconsistent,The cleaner is somebody's grandfather.,The cleaner is somebody's grandfather. The cleaner is a,man,woman,The cleaner is somebody's grandfather. The cleaner is a,9,8.267435,621,[3.299675941467285],[3.33420991897583],823,[3.019531011581421],[1.4750025272369385],-8.410005,-8.690149,correct,True,-8.410005,-8.690149,correct,True,-8.410005,-8.690149,correct,True,gender
21,cleaner,woman,inconsistent,The cleaner is somebody's grandfather.,The cleaner is somebody's grandfather. The cleaner is a,man,woman,The cleaner is somebody's grandfather. The cleaner is a,10,7.861367,207,[4.148641109466553],[3.024698495864868],485,[3.352005958557129],[2.124774694442749],-7.4084444,-8.205079,correct,True,-7.4084444,-8.205079,correct,True,-7.4084444,-8.205079,correct,True,gender
21,cleaner,woman,inconsistent,The cleaner is somebody's grandfather.,The cleaner is somebody's grandfather. The cleaner is a,man,woman,The cleaner is somebody's grandfather. The cleaner is a,11,7.863296,85,[4.691449165344238],[5.424784183502197],269,[3.777221441268921],[4.426609039306641],-6.6658535,-7.580081,correct,True,-6.6658535,-7.580081,correct,True,-6.6658535,-7.580081,correct,True,gender
21,cleaner,woman,inconsistent,The cleaner is somebody's grandfather.,The cleaner is somebody's grandfather. The cleaner is a,man,woman,The cleaner is somebody's grandfather. The cleaner is a,12,7.75338,28,[5.791965484619141],[6.806570053100586],79,[4.759528160095215],[0.9991483092308044],-5.5746365,-6.607074,correct,True,-5.5746365,-6.607074,correct,True,-5.5746365,-6.607074,correct,True,gender
21,cleaner,woman,inconsistent,The cleaner is somebody's grandfather.,The cleaner is somebody's grandfather. The cleaner is a,man,woman,The cleaner is somebody's grandfather. The cleaner is a,13,6.1987977,18,[6.792989730834961],[5.099833965301514],213,[4.384538650512695],[0.4225882291793823],-5.0882664,-7.4967175,correct,True,-5.0882664,-7.4967175,correct,True,-5.0882664,-7.4967175,correct,True,gender
21,cleaner,woman,inconsistent,The cleaner is somebody's grandfather.,The cleaner is somebody's grandfather. The cleaner is a,man,woman,The cleaner is somebody's grandfather. The cleaner is a,14,5.9159875,15,[7.061287879943848],[7.1547770500183105],358,[3.8409032821655273],[5.694421291351318],-4.913253,-8.133637,correct,True,-4.913253,-8.133637,correct,True,-4.913253,-8.133637,correct,True,gender
21,cleaner,woman,inconsistent,The cleaner is somebody's grandfather.,The cleaner is somebody's grandfather. The cleaner is a,man,woman,The cleaner is somebody's grandfather. The cleaner is a,15,5.6945853,6,[7.8232645988464355],[5.327630996704102],185,[4.690242290496826],[2.988922119140625],-4.350791,-7.4838133,correct,True,-4.350791,-7.4838133,correct,True,-4.350791,-7.4838133,correct,True,gender
21,cleaner,woman,inconsistent,The cleaner is somebody's grandfather.,The cleaner is somebody's grandfather. The cleaner is a,man,woman,The cleaner is somebody's grandfather. The cleaner is a,16,6.0995164,8,[7.615746974945068],[10.26814079284668],177,[4.53473424911499],[4.441898822784424],-4.294924,-7.3759365,correct,True,-4.294924,-7.3759365,correct,True,-4.294924,-7.3759365,correct,True,gender
21,cleaner,woman,inconsistent,The cleaner is somebody's grandfather.,The cleaner is somebody's grandfather. The cleaner is a,man,woman,The cleaner is somebody's grandfather. The cleaner is a,17,6.047806,5,[8.435707092285156],[4.605461597442627],149,[4.740333557128906],[1.456546425819397],-3.50141,-7.1967835,correct,True,-3.50141,-7.1967835,correct,True,-3.50141,-7.1967835,correct,True,gender
21,cleaner,woman,inconsistent,The cleaner is somebody's grandfather.,The cleaner is somebody's grandfather. The cleaner is a,man,woman,The cleaner is somebody's grandfather. The cleaner is a,18,6.830705,2,[7.911015510559082],[7.044273853302002],193,[4.216301918029785],[6.244163513183594],-3.5552464,-7.24996,correct,True,-3.5552464,-7.24996,correct,True,-3.5552464,-7.24996,correct,True,gender
21,cleaner,woman,inconsistent,The cleaner is somebody's grandfather.,The cleaner is somebody's grandfather. The cleaner is a,man,woman,The cleaner is somebody's grandfather. The cleaner is a,19,6.787782,3,[8.005516052246094],[1.4743573665618896],123,[4.703958511352539],[-2.0740249156951904],-3.4937344,-6.795292,correct,True,-3.4937344,-6.795292,correct,True,-3.4937344,-6.795292,correct,True,gender
21,cleaner,woman,inconsistent,The cleaner is somebody's grandfather.,The cleaner is somebody's grandfather. The cleaner is a,man,woman,The cleaner is somebody's grandfather. The cleaner is a,20,7.036246,3,[7.768316745758057],[1.486085057258606],183,[4.288050174713135],[0.7712237238883972],-3.6369178,-7.1171846,correct,True,-3.6369178,-7.1171846,correct,True,-3.6369178,-7.1171846,correct,True,gender
21,cleaner,woman,inconsistent,The cleaner is somebody's grandfather.,The cleaner is somebody's grandfather. The cleaner is a,man,woman,The cleaner is somebody's grandfather. The cleaner is a,21,7.1101913,3,[7.7647480964660645],[1.8387091159820557],198,[4.307106971740723],[3.5532994270324707],-3.6555548,-7.113196,correct,True,-3.6555548,-7.113196,correct,True,-3.6555548,-7.113196,correct,True,gender
21,cleaner,woman,inconsistent,The cleaner is somebody's grandfather.,The cleaner is somebody's grandfather. The cleaner is a,man,woman,The cleaner is somebody's grandfather. The cleaner is a,22,7.39066,2,[8.031022071838379],[1.6143094301223755],117,[4.886259078979492],[3.7828662395477295],-3.5988674,-6.7436304,correct,True,-3.5988674,-6.7436304,correct,True,-3.5988674,-6.7436304,correct,True,gender
21,cleaner,woman,inconsistent,The cleaner is somebody's grandfather.,The cleaner is somebody's grandfather. The cleaner is a,man,woman,The cleaner is somebody's grandfather. The cleaner is a,23,6.5919943,2,[11.65318489074707],,19,[10.117430686950684],,-3.4239209,-4.959675,correct,True,-3.4239209,-4.959675,correct,True,-3.4239209,-4.959675,correct,True,gender
22,clerk,woman,consistent,The clerk is somebody's grandmother.,The clerk is somebody's grandmother. The clerk is a,woman,man,The clerk is somebody's grandmother. The clerk is a,0,9.278789,16472,[0.09463751316070557],[-1.3124700784683228],39224,[-2.0631041526794434],[-1.201689600944519],-11.5647545,-13.722495,correct,True,-11.5647545,-13.722495,correct,True,-11.5647545,-13.722495,correct,True,gender
22,clerk,woman,consistent,The clerk is somebody's grandmother.,The clerk is somebody's grandmother. The clerk is a,woman,man,The clerk is somebody's grandmother. The clerk is a,1,9.029808,21383,[-0.2788477838039398],[-0.6300258040428162],42002,[-2.410305976867676],[-0.27640512585639954],-12.119127,-14.250586,correct,True,-12.119127,-14.250586,correct,True,-12.119127,-14.250586,correct,True,gender
22,clerk,woman,consistent,The clerk is somebody's grandmother.,The clerk is somebody's grandmother. The clerk is a,woman,man,The clerk is somebody's grandmother. The clerk is a,2,8.837538,21643,[-0.41791221499443054],[-0.8787580132484436],39465,[-2.205652952194214],[2.61356782913208],-12.2434225,-14.031163,correct,True,-12.2434225,-14.031163,correct,True,-12.2434225,-14.031163,correct,True,gender
22,clerk,woman,consistent,The clerk is somebody's grandmother.,The clerk is somebody's grandmother. The clerk is a,woman,man,The clerk is somebody's grandmother. The clerk is a,3,7.9559317,20774,[-0.6423488259315491],[-2.5205578804016113],29337,[-1.4846307039260864],[-1.4841707944869995],-12.620323,-13.4626045,correct,True,-12.620323,-13.4626045,correct,True,-12.620323,-13.4626045,correct,True,gender
22,clerk,woman,consistent,The clerk is somebody's grandmother.,The clerk is somebody's grandmother. The clerk is a,woman,man,The clerk is somebody's grandmother. The clerk is a,4,7.9524283,27161,[-1.3882437944412231],[1.209281086921692],32308,[-1.9532554149627686],[2.5656158924102783],-13.428844,-13.993856,correct,True,-13.428844,-13.993856,correct,True,-13.428844,-13.993856,correct,True,gender
22,clerk,woman,consistent,The clerk is somebody's grandmother.,The clerk is somebody's grandmother. The clerk is a,woman,man,The clerk is somebody's grandmother. The clerk is a,5,7.6855717,20127,[-0.763378381729126],[1.8413560390472412],21301,[-0.8945210576057434],[2.6783134937286377],-12.814493,-12.945636,correct,True,-12.814493,-12.945636,correct,True,-12.814493,-12.945636,correct,True,gender
22,clerk,woman,consistent,The clerk is somebody's grandmother.,The clerk is somebody's grandmother. The clerk is a,woman,man,The clerk is somebody's grandmother. The clerk is a,6,8.082335,13704,[0.012684373185038567],[2.2937543392181396],13526,[0.037773557007312775],[4.608163833618164],-11.967871,-11.942782,incorrect,False,-11.967871,-11.942782,incorrect,False,-11.967871,-11.942782,incorrect,False,gender
22,clerk,woman,consistent,The clerk is somebody's grandmother.,The clerk is somebody's grandmother. The clerk is a,woman,man,The clerk is somebody's grandmother. The clerk is a,7,8.595258,8745,[0.86142897605896],[1.803162932395935],4860,[1.5896912813186646],[-0.4030245244503021],-11.053353,-10.325091,incorrect,False,-11.053353,-10.325091,incorrect,False,-11.053353,-10.325091,incorrect,False,gender
22,clerk,woman,consistent,The clerk is somebody's grandmother.,The clerk is somebody's grandmother. The clerk is a,woman,man,The clerk is somebody's grandmother. The clerk is a,8,7.800707,3358,[1.6254327297210693],[3.527059316635132],3990,[1.4276916980743408],[6.20226526260376],-10.185244,-10.382986,correct,True,-10.185244,-10.382986,correct,True,-10.185244,-10.382986,correct,True,gender
22,clerk,woman,consistent,The clerk is somebody's grandmother.,The clerk is somebody's grandmother. The clerk is a,woman,man,The clerk is somebody's grandmother. The clerk is a,9,7.2566204,1009,[2.8823153972625732],[2.2599756717681885],503,[3.5468428134918213],[3.2361629009246826],-9.068691,-8.404164,incorrect,False,-9.068691,-8.404164,incorrect,False,-9.068691,-8.404164,incorrect,False,gender
22,clerk,woman,consistent,The clerk is somebody's grandmother.,The clerk is somebody's grandmother. The clerk is a,woman,man,The clerk is somebody's grandmother. The clerk is a,10,7.095024,445,[3.5119287967681885],[4.47493314743042],185,[4.354276180267334],[1.5763362646102905],-8.29738,-7.4550333,incorrect,False,-8.29738,-7.4550333,incorrect,False,-8.29738,-7.4550333,incorrect,False,gender
22,clerk,woman,consistent,The clerk is somebody's grandmother.,The clerk is somebody's grandmother. The clerk is a,woman,man,The clerk is somebody's grandmother. The clerk is a,11,7.641296,89,[4.708714008331299],[3.896564245223999],129,[4.373508930206299],[4.591236114501953],-6.7733717,-7.108577,correct,True,-6.7733717,-7.108577,correct,True,-6.7733717,-7.108577,correct,True,gender
22,clerk,woman,consistent,The clerk is somebody's grandmother.,The clerk is somebody's grandmother. The clerk is a,woman,man,The clerk is somebody's grandmother. The clerk is a,12,7.526243,41,[5.412047863006592],[3.6234776973724365],46,[5.243936538696289],[6.853153705596924],-6.053648,-6.2217593,correct,True,-6.053648,-6.2217593,correct,True,-6.053648,-6.2217593,correct,True,gender
22,clerk,woman,consistent,The clerk is somebody's grandmother.,The clerk is somebody's grandmother. The clerk is a,woman,man,The clerk is somebody's grandmother. The clerk is a,13,5.9535108,58,[5.663081169128418],[4.533679485321045],27,[6.32877779006958],[5.113379955291748],-6.285832,-5.6201353,incorrect,False,-6.285832,-5.6201353,incorrect,False,-6.285832,-5.6201353,incorrect,False,gender
22,clerk,woman,consistent,The clerk is somebody's grandmother.,The clerk is somebody's grandmother. The clerk is a,woman,man,The clerk is somebody's grandmother. The clerk is a,14,5.670461,43,[6.011343955993652],[7.859673023223877],20,[6.678427696228027],[6.171196937561035],-6.0579224,-5.3908386,incorrect,False,-6.0579224,-5.3908386,incorrect,False,-6.0579224,-5.3908386,incorrect,False,gender
22,clerk,woman,consistent,The clerk is somebody's grandmother.,The clerk is somebody's grandmother. The clerk is a,woman,man,The clerk is somebody's grandmother. The clerk is a,15,5.3321624,16,[7.094578266143799],[5.3789496421813965],11,[7.254748821258545],[4.857122421264648],-5.190667,-5.0304966,incorrect,False,-5.190667,-5.0304966,incorrect,False,-5.190667,-5.0304966,incorrect,False,gender
22,clerk,woman,consistent,The clerk is somebody's grandmother.,The clerk is somebody's grandmother. The clerk is a,woman,man,The clerk is somebody's grandmother. The clerk is a,16,5.8229127,11,[7.062996864318848],[8.41949462890625],12,[7.055509567260742],[9.080288887023926],-4.9415703,-4.9490576,correct,True,-4.9415703,-4.9490576,correct,True,-4.9415703,-4.9490576,correct,True,gender
22,clerk,woman,consistent,The clerk is somebody's grandmother.,The clerk is somebody's grandmother. The clerk is a,woman,man,The clerk is somebody's grandmother. The clerk is a,17,5.401139,7,[7.66117525100708],[1.652795672416687],6,[7.749194622039795],[4.545462131500244],-4.458174,-4.370155,incorrect,False,-4.458174,-4.370155,incorrect,False,-4.458174,-4.370155,incorrect,False,gender
22,clerk,woman,consistent,The clerk is somebody's grandmother.,The clerk is somebody's grandmother. The clerk is a,woman,man,The clerk is somebody's grandmother. The clerk is a,18,6.253704,10,[6.707094669342041],[4.945378303527832],6,[7.3603315353393555],[8.418768882751465],-4.932582,-4.2793446,incorrect,False,-4.932582,-4.2793446,incorrect,False,-4.932582,-4.2793446,incorrect,False,gender
22,clerk,woman,consistent,The clerk is somebody's grandmother.,The clerk is somebody's grandmother. The clerk is a,woman,man,The clerk is somebody's grandmother. The clerk is a,19,6.2858624,13,[6.618130683898926],[-0.33736345171928406],5,[7.775221824645996],[2.8234400749206543],-5.045696,-3.8886046,incorrect,False,-5.045696,-3.8886046,incorrect,False,-5.045696,-3.8886046,incorrect,False,gender
22,clerk,woman,consistent,The clerk is somebody's grandmother.,The clerk is somebody's grandmother. The clerk is a,woman,man,The clerk is somebody's grandmother. The clerk is a,20,6.602272,19,[6.2891035079956055],[0.6685437560081482],3,[7.69157075881958],[0.23486445844173431],-5.257709,-3.8552418,incorrect,False,-5.257709,-3.8552418,incorrect,False,-5.257709,-3.8552418,incorrect,False,gender
22,clerk,woman,consistent,The clerk is somebody's grandmother.,The clerk is somebody's grandmother. The clerk is a,woman,man,The clerk is somebody's grandmother. The clerk is a,21,6.7891493,20,[6.240276336669922],[3.612457752227783],4,[7.536027908325195],[1.2843934297561646],-5.301854,-4.0061026,incorrect,False,-5.301854,-4.0061026,incorrect,False,-5.301854,-4.0061026,incorrect,False,gender
22,clerk,woman,consistent,The clerk is somebody's grandmother.,The clerk is somebody's grandmother. The clerk is a,woman,man,The clerk is somebody's grandmother. The clerk is a,22,7.2052274,12,[6.820085048675537],[3.3933160305023193],3,[7.6839799880981445],[1.7072365283966064],-4.8900967,-4.026202,incorrect,False,-4.8900967,-4.026202,incorrect,False,-4.8900967,-4.026202,incorrect,False,gender
22,clerk,woman,consistent,The clerk is somebody's grandmother.,The clerk is somebody's grandmother. The clerk is a,woman,man,The clerk is somebody's grandmother. The clerk is a,23,6.36223,2,[11.994746208190918],,9,[11.045881271362305],,-3.2396967,-4.1885614,correct,True,-3.2396967,-4.1885614,correct,True,-3.2396967,-4.1885614,correct,True,gender
23,clerk,woman,inconsistent,The clerk is somebody's grandfather.,The clerk is somebody's grandfather. The clerk is a,man,woman,The clerk is somebody's grandfather. The clerk is a,0,9.277618,39078,[-2.033128261566162],[-1.330323576927185],16289,[0.11745411902666092],[-1.4558886289596558],-13.699976,-11.549393,incorrect,False,-13.699976,-11.549393,incorrect,False,-13.699976,-11.549393,incorrect,False,gender
23,clerk,woman,inconsistent,The clerk is somebody's grandfather.,The clerk is somebody's grandfather. The clerk is a,man,woman,The clerk is somebody's grandfather. The clerk is a,1,9.015238,42003,[-2.4231181144714355],[-0.39182785153388977],21541,[-0.302582710981369],[-0.6090251207351685],-14.256593,-12.136058,incorrect,False,-14.256593,-12.136058,incorrect,False,-14.256593,-12.136058,incorrect,False,gender
23,clerk,woman,inconsistent,The clerk is somebody's grandfather.,The clerk is somebody's grandfather. The clerk is a,man,woman,The clerk is somebody's grandfather. The clerk is a,2,8.834851,39839,[-2.252856492996216],[2.987128734588623],21818,[-0.4313971698284149],[-0.969307541847229],-14.077838,-12.256379,incorrect,False,-14.077838,-12.256379,incorrect,False,-14.077838,-12.256379,incorrect,False,gender
23,clerk,woman,inconsistent,The clerk is somebody's grandfather.,The clerk is somebody's grandfather. The clerk is a,man,woman,The clerk is somebody's grandfather. The clerk is a,3,7.946862,28657,[-1.4169673919677734],[-1.6622079610824585],21205,[-0.6826508641242981],[-2.653273344039917],-13.390754,-12.656437,incorrect,False,-13.390754,-12.656437,incorrect,False,-13.390754,-12.656437,incorrect,False,gender
23,clerk,woman,inconsistent,The clerk is somebody's grandfather.,The clerk is somebody's grandfather. The clerk is a,man,woman,The clerk is somebody's grandfather. The clerk is a,4,7.9200053,32301,[-1.9502061605453491],[2.5936737060546875],27981,[-1.4673993587493896],[1.0269538164138794],-14.001435,-13.518629,incorrect,False,-14.001435,-13.518629,incorrect,False,-14.001435,-13.518629,incorrect,False,gender
23,clerk,woman,inconsistent,The clerk is somebody's grandfather.,The clerk is somebody's grandfather. The clerk is a,man,woman,The clerk is somebody's grandfather. The clerk is a,5,7.789958,21042,[-0.8629262447357178],[3.792804718017578],21325,[-0.8913432955741882],[0.9273868203163147],-12.884361,-12.912779,correct,True,-12.884361,-12.912779,correct,True,-12.884361,-12.912779,correct,True,gender
23,clerk,woman,inconsistent,The clerk is somebody's grandfather.,The clerk is somebody's grandfather. The clerk is a,man,woman,The clerk is somebody's grandfather. The clerk is a,6,8.021168,9993,[0.4898785948753357],[3.067241668701172],17625,[-0.46730655431747437],[1.7682441473007202],-11.483822,-12.441007,correct,True,-11.483822,-12.441007,correct,True,-11.483822,-12.441007,correct,True,gender
23,clerk,woman,inconsistent,The clerk is somebody's grandfather.,The clerk is somebody's grandfather. The clerk is a,man,woman,The clerk is somebody's grandfather. The clerk is a,7,8.552938,5555,[1.4390119314193726],[-0.5993385314941406],13511,[0.2383655160665512],[1.8914859294891357],-10.4877825,-11.688429,correct,True,-10.4877825,-11.688429,correct,True,-10.4877825,-11.688429,correct,True,gender
23,clerk,woman,inconsistent,The clerk is somebody's grandfather.,The clerk is somebody's grandfather. The clerk is a,man,woman,The clerk is somebody's grandfather. The clerk is a,8,7.7109647,4847,[1.2001367807388306],[6.146349906921387],5825,[0.9725853800773621],[3.5724360942840576],-10.6345415,-10.862093,correct,True,-10.6345415,-10.862093,correct,True,-10.6345415,-10.862093,correct,True,gender
23,clerk,woman,inconsistent,The clerk is somebody's grandfather.,The clerk is somebody's grandfather. The clerk is a,man,woman,The clerk is somebody's grandfather. The clerk is a,9,7.0357533,648,[3.320335626602173],[3.246472120285034],1811,[2.2956981658935547],[1.07435142993927],-8.68371,-9.708347,correct,True,-8.68371,-9.708347,correct,True,-8.68371,-9.708347,correct,True,gender
23,clerk,woman,inconsistent,The clerk is somebody's grandfather.,The clerk is somebody's grandfather. The clerk is a,man,woman,The clerk is somebody's grandfather. The clerk is a,10,6.769492,250,[4.1308112144470215],[2.2974345684051514],1154,[2.5283756256103516],[3.763983726501465],-7.733204,-9.33564,correct,True,-7.733204,-9.33564,correct,True,-7.733204,-9.33564,correct,True,gender
23,clerk,woman,inconsistent,The clerk is somebody's grandfather.,The clerk is somebody's grandfather. The clerk is a,man,woman,The clerk is somebody's grandfather. The clerk is a,11,7.541066,133,[4.395237445831299],[5.092392444610596],330,[3.5688610076904297],[4.0484395027160645],-7.0913296,-7.9177065,correct,True,-7.0913296,-7.9177065,correct,True,-7.0913296,-7.9177065,correct,True,gender
23,clerk,woman,inconsistent,The clerk is somebody's grandfather.,The clerk is somebody's grandfather. The clerk is a,man,woman,The clerk is somebody's grandfather. The clerk is a,12,7.5320797,38,[5.420868873596191],[7.708978176116943],122,[4.452927112579346],[0.9282877445220947],-6.021163,-6.9891047,correct,True,-6.021163,-6.9891047,correct,True,-6.021163,-6.9891047,correct,True,gender
23,clerk,woman,inconsistent,The clerk is somebody's grandfather.,The clerk is somebody's grandfather. The clerk is a,man,woman,The clerk is somebody's grandfather. The clerk is a,13,6.0074177,21,[6.714694499969482],[5.366180896759033],274,[4.113832950592041],[1.2001023292541504],-5.1846733,-7.785535,correct,True,-5.1846733,-7.785535,correct,True,-5.1846733,-7.785535,correct,True,gender
23,clerk,woman,inconsistent,The clerk is somebody's grandfather.,The clerk is somebody's grandfather. The clerk is a,man,woman,The clerk is somebody's grandfather. The clerk is a,14,5.737723,14,[7.079887390136719],[7.357513427734375],367,[3.836503744125366],[5.695450305938721],-4.94696,-8.190344,correct,True,-4.94696,-8.190344,correct,True,-4.94696,-8.190344,correct,True,gender
23,clerk,woman,inconsistent,The clerk is somebody's grandfather.,The clerk is somebody's grandfather. The clerk is a,man,woman,The clerk is somebody's grandfather. The clerk is a,15,5.663236,8,[7.870553970336914],[4.97279167175293],172,[4.6816558837890625],[2.231947898864746],-4.290743,-7.479641,correct,True,-4.290743,-7.479641,correct,True,-4.290743,-7.479641,correct,True,gender
23,clerk,woman,inconsistent,The clerk is somebody's grandfather.,The clerk is somebody's grandfather. The clerk is a,man,woman,The clerk is somebody's grandfather. The clerk is a,16,6.113212,8,[7.5862531661987305],[11.476168632507324],205,[4.365089416503906],[5.158703804016113],-4.299892,-7.5210557,correct,True,-4.299892,-7.5210557,correct,True,-4.299892,-7.5210557,correct,True,gender
23,clerk,woman,inconsistent,The clerk is somebody's grandfather.,The clerk is somebody's grandfather. The clerk is a,man,woman,The clerk is somebody's grandfather. The clerk is a,17,5.8155046,5,[8.638653755187988],[4.67139196395874],141,[4.729091644287109],[0.5903641581535339],-3.3444438,-7.254006,correct,True,-3.3444438,-7.254006,correct,True,-3.3444438,-7.254006,correct,True,gender
23,clerk,woman,inconsistent,The clerk is somebody's grandfather.,The clerk is somebody's grandfather. The clerk is a,man,woman,The clerk is somebody's grandfather. The clerk is a,18,6.599542,3,[8.116552352905273],[7.832913875579834],222,[4.0472941398620605],[6.361932754516602],-3.4156444,-7.4849024,correct,True,-3.4156444,-7.4849024,correct,True,-3.4156444,-7.4849024,correct,True,gender
23,clerk,woman,inconsistent,The clerk is somebody's grandfather.,The clerk is somebody's grandfather. The clerk is a,man,woman,The clerk is somebody's grandfather. The clerk is a,19,6.5158043,3,[8.315667152404785],[3.6645314693450928],146,[4.5898566246032715],[-1.114837408065796],-3.2727711,-6.998582,correct,True,-3.2727711,-6.998582,correct,True,-3.2727711,-6.998582,correct,True,gender
23,clerk,woman,inconsistent,The clerk is somebody's grandfather.,The clerk is somebody's grandfather. The clerk is a,man,woman,The clerk is somebody's grandfather. The clerk is a,20,6.7600145,3,[8.281234741210938],[0.6602187156677246],198,[4.268970489501953],[-0.4218517243862152],-3.2150943,-7.227359,correct,True,-3.2150943,-7.227359,correct,True,-3.2150943,-7.227359,correct,True,gender
23,clerk,woman,inconsistent,The clerk is somebody's grandfather.,The clerk is somebody's grandfather. The clerk is a,man,woman,The clerk is somebody's grandfather. The clerk is a,21,6.8831105,3,[8.161969184875488],[2.3395209312438965],230,[4.156435966491699],[3.9670441150665283],-3.331818,-7.3373513,correct,True,-3.331818,-7.3373513,correct,True,-3.331818,-7.3373513,correct,True,gender
23,clerk,woman,inconsistent,The clerk is somebody's grandfather.,The clerk is somebody's grandfather. The clerk is a,man,woman,The clerk is somebody's grandfather. The clerk is a,22,7.212571,2,[8.470222473144531],[1.5558011531829834],133,[4.788823127746582],[3.6862308979034424],-3.217863,-6.8992624,correct,True,-3.217863,-6.8992624,correct,True,-3.217863,-6.8992624,correct,True,gender
23,clerk,woman,inconsistent,The clerk is somebody's grandfather.,The clerk is somebody's grandfather. The clerk is a,man,woman,The clerk is somebody's grandfather. The clerk is a,23,6.510824,2,[11.881509780883789],,30,[9.62423324584961],,-3.2168386,-5.4741154,correct,True,-3.2168386,-5.4741154,correct,True,-3.2168386,-5.4741154,correct,True,gender
24,construction worker,man,consistent,The construction worker is somebody's grandfather.,The construction worker is somebody's grandfather. The construction worker is a,man,woman,The construction worker is somebody's grandfather. The construction worker is a,0,9.269007,36055,[-1.6605889797210693],[-1.8157938718795776],12828,[0.478590726852417],[-2.2992169857025146],-13.3431225,-11.203943,incorrect,False,-13.3431225,-11.203943,incorrect,False,-13.3431225,-11.203943,incorrect,False,gender
24,construction worker,man,consistent,The construction worker is somebody's grandfather.,The construction worker is somebody's grandfather. The construction worker is a,man,woman,The construction worker is somebody's grandfather. The construction worker is a,1,9.067187,40651,[-2.217528820037842],[-0.42920902371406555],20507,[-0.22205407917499542],[-0.6953203082084656],-14.016985,-12.02151,incorrect,False,-14.016985,-12.02151,incorrect,False,-14.016985,-12.02151,incorrect,False,gender
24,construction worker,man,consistent,The construction worker is somebody's grandfather.,The construction worker is somebody's grandfather. The construction worker is a,man,woman,The construction worker is somebody's grandfather. The construction worker is a,2,8.950022,38369,[-2.0738978385925293],[2.603905200958252],21167,[-0.38456660509109497],[-0.7169957160949707],-13.828285,-12.138952,incorrect,False,-13.828285,-12.138952,incorrect,False,-13.828285,-12.138952,incorrect,False,gender
24,construction worker,man,consistent,The construction worker is somebody's grandfather.,The construction worker is somebody's grandfather. The construction worker is a,man,woman,The construction worker is somebody's grandfather. The construction worker is a,3,8.442723,29412,[-1.3621596097946167],[-0.072871632874012],21077,[-0.55774986743927],[-2.054316282272339],-13.281322,-12.476912,incorrect,False,-13.281322,-12.476912,incorrect,False,-13.281322,-12.476912,incorrect,False,gender
24,construction worker,man,consistent,The construction worker is somebody's grandfather.,The construction worker is somebody's grandfather. The construction worker is a,man,woman,The construction worker is somebody's grandfather. The construction worker is a,4,8.142702,28347,[-1.4093183279037476],[1.9546890258789062],25750,[-1.141188621520996],[0.5745368003845215],-13.449328,-13.181199,incorrect,False,-13.449328,-13.181199,incorrect,False,-13.449328,-13.181199,incorrect,False,gender
24,construction worker,man,consistent,The construction worker is somebody's grandfather.,The construction worker is somebody's grandfather. The construction worker is a,man,woman,The construction worker is somebody's grandfather. The construction worker is a,5,7.9170666,18300,[-0.6978941559791565],[1.0951366424560547],19286,[-0.8077329993247986],[0.904909610748291],-12.594091,-12.70393,correct,True,-12.594091,-12.70393,correct,True,-12.594091,-12.70393,correct,True,gender
24,construction worker,man,consistent,The construction worker is somebody's grandfather.,The construction worker is somebody's grandfather. The construction worker is a,man,woman,The construction worker is somebody's grandfather. The construction worker is a,6,8.249399,18615,[-0.3895030617713928],[2.6612870693206787],18796,[-0.4098057150840759],[3.24363112449646],-12.418083,-12.438385,correct,True,-12.418083,-12.438385,correct,True,-12.418083,-12.438385,correct,True,gender
24,construction worker,man,consistent,The construction worker is somebody's grandfather.,The construction worker is somebody's grandfather. The construction worker is a,man,woman,The construction worker is somebody's grandfather. The construction worker is a,7,8.619001,12703,[0.534182608127594],[1.6871801614761353],10291,[0.8273388743400574],[1.504136085510254],-11.515371,-11.222215,incorrect,False,-11.515371,-11.222215,incorrect,False,-11.515371,-11.222215,incorrect,False,gender
24,construction worker,man,consistent,The construction worker is somebody's grandfather.,The construction worker is somebody's grandfather. The construction worker is a,man,woman,The construction worker is somebody's grandfather. The construction worker is a,8,8.154241,6676,[1.0507149696350098],[6.798083305358887],4675,[1.4773576259613037],[4.607142925262451],-10.832592,-10.405949,incorrect,False,-10.832592,-10.405949,incorrect,False,-10.832592,-10.405949,incorrect,False,gender
24,construction worker,man,consistent,The construction worker is somebody's grandfather.,The construction worker is somebody's grandfather. The construction worker is a,man,woman,The construction worker is somebody's grandfather. The construction worker is a,9,8.019909,625,[3.4072768688201904],[2.3907740116119385],803,[3.139143466949463],[-0.292600154876709],-8.444757,-8.712891,correct,True,-8.444757,-8.712891,correct,True,-8.444757,-8.712891,correct,True,gender
24,construction worker,man,consistent,The construction worker is somebody's grandfather.,The construction worker is somebody's grandfather. The construction worker is a,man,woman,The construction worker is somebody's grandfather. The construction worker is a,10,7.436122,289,[3.9194223880767822],[2.650749921798706],887,[2.8460748195648193],[3.5919744968414307],-7.817687,-8.891034,correct,True,-7.817687,-8.891034,correct,True,-7.817687,-8.891034,correct,True,gender
24,construction worker,man,consistent,The construction worker is somebody's grandfather.,The construction worker is somebody's grandfather. The construction worker is a,man,woman,The construction worker is somebody's grandfather. The construction worker is a,11,7.403992,159,[4.318301677703857],[5.103041172027588],281,[3.786191463470459],[3.631779670715332],-7.205988,-7.738098,correct,True,-7.205988,-7.738098,correct,True,-7.205988,-7.738098,correct,True,gender
24,construction worker,man,consistent,The construction worker is somebody's grandfather.,The construction worker is somebody's grandfather. The construction worker is a,man,woman,The construction worker is somebody's grandfather. The construction worker is a,12,7.7550035,39,[5.355408191680908],[8.051389694213867],121,[4.514042377471924],[1.6678670644760132],-6.095853,-6.9372187,correct,True,-6.095853,-6.9372187,correct,True,-6.095853,-6.9372187,correct,True,gender
24,construction worker,man,consistent,The construction worker is somebody's grandfather.,The construction worker is somebody's grandfather. The construction worker is a,man,woman,The construction worker is somebody's grandfather. The construction worker is a,13,6.17581,15,[6.792440891265869],[5.446349143981934],215,[4.346973419189453],[0.7377623319625854],-5.129738,-7.575205,correct,True,-5.129738,-7.575205,correct,True,-5.129738,-7.575205,correct,True,gender
24,construction worker,man,consistent,The construction worker is somebody's grandfather.,The construction worker is somebody's grandfather. The construction worker is a,man,woman,The construction worker is somebody's grandfather. The construction worker is a,14,5.931222,12,[7.153223991394043],[6.91227912902832],318,[3.894624710083008],[6.2881622314453125],-4.8155365,-8.074136,correct,True,-4.8155365,-8.074136,correct,True,-4.8155365,-8.074136,correct,True,gender
24,construction worker,man,consistent,The construction worker is somebody's grandfather.,The construction worker is somebody's grandfather. The construction worker is a,man,woman,The construction worker is somebody's grandfather. The construction worker is a,15,5.589631,6,[7.857093811035156],[4.758893966674805],148,[4.869958877563477],[-0.04627737030386925],-4.3886414,-7.3757763,correct,True,-4.3886414,-7.3757763,correct,True,-4.3886414,-7.3757763,correct,True,gender
24,construction worker,man,consistent,The construction worker is somebody's grandfather.,The construction worker is somebody's grandfather. The construction worker is a,man,woman,The construction worker is somebody's grandfather. The construction worker is a,16,6.1782227,10,[7.544506072998047],[12.289718627929688],306,[3.988513469696045],[4.619832992553711],-4.3906355,-7.946628,correct,True,-4.3906355,-7.946628,correct,True,-4.3906355,-7.946628,correct,True,gender
24,construction worker,man,consistent,The construction worker is somebody's grandfather.,The construction worker is somebody's grandfather. The construction worker is a,man,woman,The construction worker is somebody's grandfather. The construction worker is a,17,5.774981,3,[8.755390167236328],[4.557827472686768],224,[4.308928966522217],[1.2796417474746704],-3.314444,-7.7609053,correct,True,-3.314444,-7.7609053,correct,True,-3.314444,-7.7609053,correct,True,gender
24,construction worker,man,consistent,The construction worker is somebody's grandfather.,The construction worker is somebody's grandfather. The construction worker is a,man,woman,The construction worker is somebody's grandfather. The construction worker is a,18,6.782524,2,[8.200427055358887],[6.764846324920654],282,[3.8459649085998535],[5.471337795257568],-3.3516006,-7.706063,correct,True,-3.3516006,-7.706063,correct,True,-3.3516006,-7.706063,correct,True,gender
24,construction worker,man,consistent,The construction worker is somebody's grandfather.,The construction worker is somebody's grandfather. The construction worker is a,man,woman,The construction worker is somebody's grandfather. The construction worker is a,19,6.7490673,2,[8.220369338989258],[-0.8063288331031799],189,[4.263823509216309],[-4.580574989318848],-3.354214,-7.3107595,correct,True,-3.354214,-7.3107595,correct,True,-3.354214,-7.3107595,correct,True,gender
24,construction worker,man,consistent,The construction worker is somebody's grandfather.,The construction worker is somebody's grandfather. The construction worker is a,man,woman,The construction worker is somebody's grandfather. The construction worker is a,20,7.0560412,3,[7.7434258460998535],[0.5071207880973816],352,[3.606984853744507],[-0.8273208737373352],-3.7158206,-7.8522615,correct,True,-3.7158206,-7.8522615,correct,True,-3.7158206,-7.8522615,correct,True,gender
24,construction worker,man,consistent,The construction worker is somebody's grandfather.,The construction worker is somebody's grandfather. The construction worker is a,man,woman,The construction worker is somebody's grandfather. The construction worker is a,21,7.1196046,3,[7.6363372802734375],[3.757577419281006],440,[3.474050998687744],[3.623546600341797],-3.8365843,-7.998871,correct,True,-3.8365843,-7.998871,correct,True,-3.8365843,-7.998871,correct,True,gender
24,construction worker,man,consistent,The construction worker is somebody's grandfather.,The construction worker is somebody's grandfather. The construction worker is a,man,woman,The construction worker is somebody's grandfather. The construction worker is a,22,7.289392,2,[8.220423698425293],[1.6020362377166748],313,[4.0880632400512695],[3.5114428997039795],-3.5015583,-7.633919,correct,True,-3.5015583,-7.633919,correct,True,-3.5015583,-7.633919,correct,True,gender
24,construction worker,man,consistent,The construction worker is somebody's grandfather.,The construction worker is somebody's grandfather. The construction worker is a,man,woman,The construction worker is somebody's grandfather. The construction worker is a,23,6.196163,2,[12.009716033935547],,79,[8.934155464172363],,-3.3154926,-6.391053,correct,True,-3.3154926,-6.391053,correct,True,-3.3154926,-6.391053,correct,True,gender
25,construction worker,man,inconsistent,The construction worker is somebody's grandmother.,The construction worker is somebody's grandmother. The construction worker is a,woman,man,The construction worker is somebody's grandmother. The construction worker is a,0,9.271447,12982,[0.4524739384651184],[-2.110443353652954],36290,[-1.6943953037261963],[-1.610698938369751],-11.221102,-13.36797,correct,True,-11.221102,-13.36797,correct,True,-11.221102,-13.36797,correct,True,gender
25,construction worker,man,inconsistent,The construction worker is somebody's grandmother.,The construction worker is somebody's grandmother. The construction worker is a,woman,man,The construction worker is somebody's grandmother. The construction worker is a,1,9.075285,20137,[-0.1881411075592041],[-0.6586498022079468],40409,[-2.1852517127990723],[-0.26438218355178833],-11.990284,-13.987394,correct,True,-11.990284,-13.987394,correct,True,-11.990284,-13.987394,correct,True,gender
25,construction worker,man,inconsistent,The construction worker is somebody's grandmother.,The construction worker is somebody's grandmother. The construction worker is a,woman,man,The construction worker is somebody's grandmother. The construction worker is a,2,8.945552,20608,[-0.34348562359809875],[-0.806728184223175],37607,[-1.9938926696777344],[2.276097297668457],-12.0971985,-13.747606,correct,True,-12.0971985,-13.747606,correct,True,-12.0971985,-13.747606,correct,True,gender
25,construction worker,man,inconsistent,The construction worker is somebody's grandmother.,The construction worker is somebody's grandmother. The construction worker is a,woman,man,The construction worker is somebody's grandmother. The construction worker is a,3,8.428036,21005,[-0.5445159673690796],[-2.114940881729126],29677,[-1.3836582899093628],[-0.04858303815126419],-12.476266,-13.315409,correct,True,-12.476266,-13.315409,correct,True,-12.476266,-13.315409,correct,True,gender
25,construction worker,man,inconsistent,The construction worker is somebody's grandmother.,The construction worker is somebody's grandmother. The construction worker is a,woman,man,The construction worker is somebody's grandmother. The construction worker is a,4,8.151199,25683,[-1.1434005498886108],[0.7351694703102112],28364,[-1.4166620969772339],[1.880690336227417],-13.177589,-13.450851,correct,True,-13.177589,-13.450851,correct,True,-13.177589,-13.450851,correct,True,gender
25,construction worker,man,inconsistent,The construction worker is somebody's grandmother.,The construction worker is somebody's grandmother. The construction worker is a,woman,man,The construction worker is somebody's grandmother. The construction worker is a,5,7.9062066,18827,[-0.7648021578788757],[1.9704594612121582],18657,[-0.7467476725578308],[0.2625480592250824],-12.659882,-12.641827,incorrect,False,-12.659882,-12.641827,incorrect,False,-12.659882,-12.641827,incorrect,False,gender
25,construction worker,man,inconsistent,The construction worker is somebody's grandmother.,The construction worker is somebody's grandmother. The construction worker is a,woman,man,The construction worker is somebody's grandmother. The construction worker is a,6,8.256405,14620,[0.020898541435599327],[3.627100944519043],21656,[-0.7437501549720764],[3.2017006874084473],-11.9808035,-12.745453,correct,True,-11.9808035,-12.745453,correct,True,-11.9808035,-12.745453,correct,True,gender
25,construction worker,man,inconsistent,The construction worker is somebody's grandmother.,The construction worker is somebody's grandmother. The construction worker is a,woman,man,The construction worker is somebody's grandmother. The construction worker is a,7,8.629627,6503,[1.3634165525436401],[1.4691667556762695],13021,[0.4290078580379486],[2.187464952468872],-10.625284,-11.559692,correct,True,-10.625284,-11.559692,correct,True,-10.625284,-11.559692,correct,True,gender
25,construction worker,man,inconsistent,The construction worker is somebody's grandmother.,The construction worker is somebody's grandmother. The construction worker is a,woman,man,The construction worker is somebody's grandmother. The construction worker is a,8,8.1599045,2682,[2.038883924484253],[4.357980251312256],6070,[1.133123517036438],[6.5324602127075195],-9.79916,-10.704921,correct,True,-9.79916,-10.704921,correct,True,-9.79916,-10.704921,correct,True,gender
25,construction worker,man,inconsistent,The construction worker is somebody's grandmother.,The construction worker is somebody's grandmother. The construction worker is a,woman,man,The construction worker is somebody's grandmother. The construction worker is a,9,8.158459,502,[3.547391176223755],[0.8599179983139038],606,[3.3722991943359375],[3.5092594623565674],-8.24933,-8.424421,correct,True,-8.24933,-8.424421,correct,True,-8.24933,-8.424421,correct,True,gender
25,construction worker,man,inconsistent,The construction worker is somebody's grandmother.,The construction worker is somebody's grandmother. The construction worker is a,woman,man,The construction worker is somebody's grandmother. The construction worker is a,10,7.6875134,375,[3.643017053604126],[5.117367744445801],183,[4.320715427398682],[1.5940754413604736],-8.034712,-7.3570127,incorrect,False,-8.034712,-7.3570127,incorrect,False,-8.034712,-7.3570127,incorrect,False,gender
25,construction worker,man,inconsistent,The construction worker is somebody's grandmother.,The construction worker is somebody's grandmother. The construction worker is a,woman,man,The construction worker is somebody's grandmother. The construction worker is a,11,7.718132,51,[5.021184921264648],[3.3740599155426025],140,[4.324127674102783],[4.728695869445801],-6.468927,-7.165984,correct,True,-6.468927,-7.165984,correct,True,-6.468927,-7.165984,correct,True,gender
25,construction worker,man,inconsistent,The construction worker is somebody's grandmother.,The construction worker is somebody's grandmother. The construction worker is a,woman,man,The construction worker is somebody's grandmother. The construction worker is a,12,7.676774,36,[5.541326522827148],[2.892194986343384],51,[5.263366222381592],[7.4827494621276855],-5.939373,-6.217334,correct,True,-5.939373,-6.217334,correct,True,-5.939373,-6.217334,correct,True,gender
25,construction worker,man,inconsistent,The construction worker is somebody's grandmother.,The construction worker is somebody's grandmother. The construction worker is a,woman,man,The construction worker is somebody's grandmother. The construction worker is a,13,6.085532,58,[5.568115711212158],[3.2113828659057617],20,[6.546265125274658],[5.550207138061523],-6.3701186,-5.391969,incorrect,False,-6.3701186,-5.391969,incorrect,False,-6.3701186,-5.391969,incorrect,False,gender
25,construction worker,man,inconsistent,The construction worker is somebody's grandmother.,The construction worker is somebody's grandmother. The construction worker is a,woman,man,The construction worker is somebody's grandmother. The construction worker is a,14,5.661507,66,[5.582557678222656],[8.128149032592773],13,[6.976465225219727],[6.499418258666992],-6.4592414,-5.065334,incorrect,False,-6.4592414,-5.065334,incorrect,False,-6.4592414,-5.065334,incorrect,False,gender
25,construction worker,man,inconsistent,The construction worker is somebody's grandmother.,The construction worker is somebody's grandmother. The construction worker is a,woman,man,The construction worker is somebody's grandmother. The construction worker is a,15,5.075085,23,[6.799043655395508],[2.8415517807006836],10,[7.629434585571289],[4.585598945617676],-5.630263,-4.799872,incorrect,False,-5.630263,-4.799872,incorrect,False,-5.630263,-4.799872,incorrect,False,gender
25,construction worker,man,inconsistent,The construction worker is somebody's grandmother.,The construction worker is somebody's grandmother. The construction worker is a,woman,man,The construction worker is somebody's grandmother. The construction worker is a,16,5.8407855,36,[6.24399995803833],[6.554816722869873],11,[7.315285682678223],[11.748296737670898],-5.813082,-4.7417965,incorrect,False,-5.813082,-4.7417965,incorrect,False,-5.813082,-4.7417965,incorrect,False,gender
25,construction worker,man,inconsistent,The construction worker is somebody's grandmother.,The construction worker is somebody's grandmother. The construction worker is a,woman,man,The construction worker is somebody's grandmother. The construction worker is a,17,5.4036245,27,[6.619576454162598],[2.1104772090911865],5,[8.458963394165039],[4.627427577972412],-5.5641065,-3.7247195,incorrect,False,-5.5641065,-3.7247195,incorrect,False,-5.5641065,-3.7247195,incorrect,False,gender
25,construction worker,man,inconsistent,The construction worker is somebody's grandmother.,The construction worker is somebody's grandmother. The construction worker is a,woman,man,The construction worker is somebody's grandmother. The construction worker is a,18,6.5474534,30,[5.939670085906982],[6.346981048583984],3,[7.974109649658203],[7.3566765785217285],-5.6813345,-3.646895,incorrect,False,-5.6813345,-3.646895,incorrect,False,-5.6813345,-3.646895,incorrect,False,gender
25,construction worker,man,inconsistent,The construction worker is somebody's grandmother.,The construction worker is somebody's grandmother. The construction worker is a,woman,man,The construction worker is somebody's grandmother. The construction worker is a,19,6.548691,20,[6.219324588775635],[-4.061765193939209],3,[8.12874698638916],[-0.01264560129493475],-5.4098983,-3.500476,incorrect,False,-5.4098983,-3.500476,incorrect,False,-5.4098983,-3.500476,incorrect,False,gender
25,construction worker,man,inconsistent,The construction worker is somebody's grandmother.,The construction worker is somebody's grandmother. The construction worker is a,woman,man,The construction worker is somebody's grandmother. The construction worker is a,20,6.869968,50,[5.518062114715576],[0.5340763330459595],3,[7.7345991134643555],[-0.7410587072372437],-5.9977007,-3.7811637,incorrect,False,-5.9977007,-3.7811637,incorrect,False,-5.9977007,-3.7811637,incorrect,False,gender
25,construction worker,man,inconsistent,The construction worker is somebody's grandmother.,The construction worker is somebody's grandmother. The construction worker is a,woman,man,The construction worker is somebody's grandmother. The construction worker is a,21,7.005003,57,[5.487294673919678],[4.056842803955078],4,[7.4964494705200195],[3.4347362518310547],-6.0288157,-4.019661,incorrect,False,-6.0288157,-4.019661,incorrect,False,-6.0288157,-4.019661,incorrect,False,gender
25,construction worker,man,inconsistent,The construction worker is somebody's grandmother.,The construction worker is somebody's grandmother. The construction worker is a,woman,man,The construction worker is somebody's grandmother. The construction worker is a,22,7.2174377,28,[6.168610572814941],[3.5352087020874023],3,[8.01237964630127],[1.6904361248016357],-5.580044,-3.7362747,incorrect,False,-5.580044,-3.7362747,incorrect,False,-5.580044,-3.7362747,incorrect,False,gender
25,construction worker,man,inconsistent,The construction worker is somebody's grandmother.,The construction worker is somebody's grandmother. The construction worker is a,woman,man,The construction worker is somebody's grandmother. The construction worker is a,23,6.171745,4,[11.708451271057129],,3,[11.799226760864258],,-3.6993787,-3.6086032,incorrect,False,-3.6993787,-3.6086032,incorrect,False,-3.6993787,-3.6086032,incorrect,False,gender
26,cook,man,consistent,The cook is somebody's grandfather.,The cook is somebody's grandfather. The cook is a,man,woman,The cook is somebody's grandfather. The cook is a,0,9.285557,34891,[-1.634753942489624],[-1.9621533155441284],13714,[0.29595890641212463],[-2.3231635093688965],-13.225458,-11.294745,incorrect,False,-13.225458,-11.294745,incorrect,False,-13.225458,-11.294745,incorrect,False,gender
26,cook,man,consistent,The cook is somebody's grandfather.,The cook is somebody's grandfather. The cook is a,man,woman,The cook is somebody's grandfather. The cook is a,1,9.006768,40695,[-2.25103759765625],[-1.0700265169143677],22176,[-0.38530558347702026],[-0.1210273802280426],-14.057079,-12.191347,incorrect,False,-14.057079,-12.191347,incorrect,False,-14.057079,-12.191347,incorrect,False,gender
26,cook,man,consistent,The cook is somebody's grandfather.,The cook is somebody's grandfather. The cook is a,man,woman,The cook is somebody's grandfather. The cook is a,2,8.800306,39989,[-2.3217122554779053],[3.135328531265259],20306,[-0.34071090817451477],[-0.8734236359596252],-14.089779,-12.108777,incorrect,False,-14.089779,-12.108777,incorrect,False,-14.089779,-12.108777,incorrect,False,gender
26,cook,man,consistent,The cook is somebody's grandfather.,The cook is somebody's grandfather. The cook is a,man,woman,The cook is somebody's grandfather. The cook is a,3,7.8021965,27886,[-1.4163084030151367],[-2.171212673187256],19163,[-0.5642670392990112],[-2.3840065002441406],-13.355092,-12.503051,incorrect,False,-13.355092,-12.503051,incorrect,False,-13.355092,-12.503051,incorrect,False,gender
26,cook,man,consistent,The cook is somebody's grandfather.,The cook is somebody's grandfather. The cook is a,man,woman,The cook is somebody's grandfather. The cook is a,4,7.9266305,34256,[-2.1154563426971436],[4.229866981506348],26484,[-1.2602527141571045],[1.8721309900283813],-14.191021,-13.335817,incorrect,False,-14.191021,-13.335817,incorrect,False,-14.191021,-13.335817,incorrect,False,gender
26,cook,man,consistent,The cook is somebody's grandfather.,The cook is somebody's grandfather. The cook is a,man,woman,The cook is somebody's grandfather. The cook is a,5,8.102883,16836,[-0.4023064970970154],[2.2784767150878906],16738,[-0.392564982175827],[1.1179202795028687],-12.347458,-12.337717,incorrect,False,-12.347458,-12.337717,incorrect,False,-12.347458,-12.337717,incorrect,False,gender
26,cook,man,consistent,The cook is somebody's grandfather.,The cook is somebody's grandfather. The cook is a,man,woman,The cook is somebody's grandfather. The cook is a,6,8.153158,10758,[0.3338521420955658],[2.7594199180603027],12639,[0.0813274085521698],[2.64825177192688],-11.559191,-11.811716,correct,True,-11.559191,-11.811716,correct,True,-11.559191,-11.811716,correct,True,gender
26,cook,man,consistent,The cook is somebody's grandfather.,The cook is somebody's grandfather. The cook is a,man,woman,The cook is somebody's grandfather. The cook is a,7,8.689335,7138,[1.1817998886108398],[-0.4424944818019867],8101,[1.0252573490142822],[1.436058521270752],-10.750703,-10.907246,correct,True,-10.750703,-10.907246,correct,True,-10.750703,-10.907246,correct,True,gender
26,cook,man,consistent,The cook is somebody's grandfather.,The cook is somebody's grandfather. The cook is a,man,woman,The cook is somebody's grandfather. The cook is a,8,8.280644,6347,[0.9584137201309204],[6.275232791900635],3552,[1.6402051448822021],[2.868633270263672],-10.782013,-10.100222,incorrect,False,-10.782013,-10.100222,incorrect,False,-10.782013,-10.100222,incorrect,False,gender
26,cook,man,consistent,The cook is somebody's grandfather.,The cook is somebody's grandfather. The cook is a,man,woman,The cook is somebody's grandfather. The cook is a,9,7.7767797,753,[3.1536951065063477],[3.0890729427337646],1228,[2.6868019104003906],[1.0056406259536743],-8.678425,-9.145317,correct,True,-8.678425,-9.145317,correct,True,-8.678425,-9.145317,correct,True,gender
26,cook,man,consistent,The cook is somebody's grandfather.,The cook is somebody's grandfather. The cook is a,man,woman,The cook is somebody's grandfather. The cook is a,10,7.4281855,291,[3.8797123432159424],[3.067143678665161],824,[2.8442482948303223],[2.8199989795684814],-7.811925,-8.847389,correct,True,-7.811925,-8.847389,correct,True,-7.811925,-8.847389,correct,True,gender
26,cook,man,consistent,The cook is somebody's grandfather.,The cook is somebody's grandfather. The cook is a,man,woman,The cook is somebody's grandfather. The cook is a,11,7.59668,144,[4.432873249053955],[4.73349666595459],353,[3.5276057720184326],[4.332589149475098],-7.0057793,-7.911046,correct,True,-7.0057793,-7.911046,correct,True,-7.0057793,-7.911046,correct,True,gender
26,cook,man,consistent,The cook is somebody's grandfather.,The cook is somebody's grandfather. The cook is a,man,woman,The cook is somebody's grandfather. The cook is a,12,7.7042203,41,[5.33746337890625],[7.820196628570557],110,[4.5021257400512695],[1.1275157928466797],-6.060381,-6.8957186,correct,True,-6.060381,-6.8957186,correct,True,-6.060381,-6.8957186,correct,True,gender
26,cook,man,consistent,The cook is somebody's grandfather.,The cook is somebody's grandfather. The cook is a,man,woman,The cook is somebody's grandfather. The cook is a,13,6.1450386,20,[6.68432092666626],[4.394275665283203],265,[4.215786933898926],[0.6775410771369934],-5.240507,-7.7090406,correct,True,-5.240507,-7.7090406,correct,True,-5.240507,-7.7090406,correct,True,gender
26,cook,man,consistent,The cook is somebody's grandfather.,The cook is somebody's grandfather. The cook is a,man,woman,The cook is somebody's grandfather. The cook is a,14,5.968186,20,[6.8117356300354],[6.847734451293945],386,[3.794759750366211],[5.994392395019531],-5.20083,-8.217806,correct,True,-5.20083,-8.217806,correct,True,-5.20083,-8.217806,correct,True,gender
26,cook,man,consistent,The cook is somebody's grandfather.,The cook is somebody's grandfather. The cook is a,man,woman,The cook is somebody's grandfather. The cook is a,15,5.904497,10,[7.502711296081543],[4.728902816772461],198,[4.689576625823975],[2.236917495727539],-4.6767874,-7.4899216,correct,True,-4.6767874,-7.4899216,correct,True,-4.6767874,-7.4899216,correct,True,gender
26,cook,man,consistent,The cook is somebody's grandfather.,The cook is somebody's grandfather. The cook is a,man,woman,The cook is somebody's grandfather. The cook is a,16,6.14818,12,[7.247237682342529],[10.058087348937988],228,[4.38329553604126],[5.415769577026367],-4.7136855,-7.5776277,correct,True,-4.7136855,-7.5776277,correct,True,-4.7136855,-7.5776277,correct,True,gender
26,cook,man,consistent,The cook is somebody's grandfather.,The cook is somebody's grandfather. The cook is a,man,woman,The cook is somebody's grandfather. The cook is a,17,6.2805324,6,[8.122477531433105],[5.484677791595459],149,[4.807004928588867],[1.1837753057479858],-3.7878652,-7.103338,correct,True,-3.7878652,-7.103338,correct,True,-3.7878652,-7.103338,correct,True,gender
26,cook,man,consistent,The cook is somebody's grandfather.,The cook is somebody's grandfather. The cook is a,man,woman,The cook is somebody's grandfather. The cook is a,18,6.9173546,4,[7.870996475219727],[7.106882572174072],200,[4.241123676300049],[5.953427314758301],-3.6341913,-7.264064,correct,True,-3.6341913,-7.264064,correct,True,-3.6341913,-7.264064,correct,True,gender
26,cook,man,consistent,The cook is somebody's grandfather.,The cook is somebody's grandfather. The cook is a,man,woman,The cook is somebody's grandfather. The cook is a,19,6.820353,3,[7.998941421508789],[2.650374412536621],139,[4.701815128326416],[-0.7442544102668762],-3.5500283,-6.8471546,correct,True,-3.5500283,-6.8471546,correct,True,-3.5500283,-6.8471546,correct,True,gender
26,cook,man,consistent,The cook is somebody's grandfather.,The cook is somebody's grandfather. The cook is a,man,woman,The cook is somebody's grandfather. The cook is a,20,7.00947,3,[7.901917457580566],[2.3182411193847656],163,[4.429622650146484],[1.7471907138824463],-3.5479553,-7.0202503,correct,True,-3.5479553,-7.0202503,correct,True,-3.5479553,-7.0202503,correct,True,gender
26,cook,man,consistent,The cook is somebody's grandfather.,The cook is somebody's grandfather. The cook is a,man,woman,The cook is somebody's grandfather. The cook is a,21,7.0685654,3,[7.9639763832092285],[2.4351346492767334],159,[4.5362653732299805],[3.6118247509002686],-3.5083218,-6.936033,correct,True,-3.5083218,-6.936033,correct,True,-3.5083218,-6.936033,correct,True,gender
26,cook,man,consistent,The cook is somebody's grandfather.,The cook is somebody's grandfather. The cook is a,man,woman,The cook is somebody's grandfather. The cook is a,22,7.3019032,2,[8.320211410522461],[1.55042564868927],93,[5.138437747955322],[3.602787733078003],-3.377842,-6.5596156,correct,True,-3.377842,-6.5596156,correct,True,-3.377842,-6.5596156,correct,True,gender
26,cook,man,consistent,The cook is somebody's grandfather.,The cook is somebody's grandfather. The cook is a,man,woman,The cook is somebody's grandfather. The cook is a,23,6.435387,2,[11.961684226989746],,19,[10.238398551940918],,-3.1869006,-4.9101863,correct,True,-3.1869006,-4.9101863,correct,True,-3.1869006,-4.9101863,correct,True,gender
27,cook,man,inconsistent,The cook is somebody's grandmother.,The cook is somebody's grandmother. The cook is a,woman,man,The cook is somebody's grandmother. The cook is a,0,9.285778,13873,[0.27167341113090515],[-2.1344211101531982],35058,[-1.6652134656906128],[-1.774336338043213],-11.311634,-13.24852,correct,True,-11.311634,-13.24852,correct,True,-11.311634,-13.24852,correct,True,gender
27,cook,man,inconsistent,The cook is somebody's grandmother.,The cook is somebody's grandmother. The cook is a,woman,man,The cook is somebody's grandmother. The cook is a,1,9.022654,21823,[-0.3504871129989624],[-0.02725120820105076],40513,[-2.2210302352905273],[-0.8429227471351624],-12.156506,-14.027049,correct,True,-12.156506,-14.027049,correct,True,-12.156506,-14.027049,correct,True,gender
27,cook,man,inconsistent,The cook is somebody's grandmother.,The cook is somebody's grandmother. The cook is a,woman,man,The cook is somebody's grandmother. The cook is a,2,8.809346,19612,[-0.2812599241733551],[-0.839857280254364],39207,[-2.2230324745178223],[2.6949636936187744],-12.045733,-13.987506,correct,True,-12.045733,-13.987506,correct,True,-12.045733,-13.987506,correct,True,gender
27,cook,man,inconsistent,The cook is somebody's grandmother.,The cook is somebody's grandmother. The cook is a,woman,man,The cook is somebody's grandmother. The cook is a,3,7.7396936,18407,[-0.49574458599090576],[-2.207900047302246],28161,[-1.453177571296692],[-2.016706705093384],-12.448913,-13.406345,correct,True,-12.448913,-13.406345,correct,True,-12.448913,-13.406345,correct,True,gender
27,cook,man,inconsistent,The cook is somebody's grandmother.,The cook is somebody's grandmother. The cook is a,woman,man,The cook is somebody's grandmother. The cook is a,4,7.9419856,25222,[-1.1380420923233032],[1.9418035745620728],34057,[-2.095804214477539],[4.605512619018555],-13.207956,-14.165718,correct,True,-13.207956,-14.165718,correct,True,-13.207956,-14.165718,correct,True,gender
27,cook,man,inconsistent,The cook is somebody's grandmother.,The cook is somebody's grandmother. The cook is a,woman,man,The cook is somebody's grandmother. The cook is a,5,8.099182,15662,[-0.2680245339870453],[1.6044909954071045],15654,[-0.2671704590320587],[1.3015141487121582],-12.220684,-12.21983,incorrect,False,-12.220684,-12.21983,incorrect,False,-12.220684,-12.21983,incorrect,False,gender
27,cook,man,inconsistent,The cook is somebody's grandmother.,The cook is somebody's grandmother. The cook is a,woman,man,The cook is somebody's grandmother. The cook is a,6,8.176863,10452,[0.3873335123062134],[3.121382236480713],12541,[0.10559301823377609],[3.2026805877685547],-11.521095,-11.802835,correct,True,-11.521095,-11.802835,correct,True,-11.521095,-11.802835,correct,True,gender
27,cook,man,inconsistent,The cook is somebody's grandmother.,The cook is somebody's grandmother. The cook is a,woman,man,The cook is somebody's grandmother. The cook is a,7,8.723713,5478,[1.495041012763977],[1.1471236944198608],7270,[1.1592713594436646],[0.10046904534101486],-10.424137,-10.759907,correct,True,-10.424137,-10.759907,correct,True,-10.424137,-10.759907,correct,True,gender
27,cook,man,inconsistent,The cook is somebody's grandmother.,The cook is somebody's grandmother. The cook is a,woman,man,The cook is somebody's grandmother. The cook is a,8,8.299868,2384,[2.0563275814056396],[2.0310909748077393],5428,[1.134324073791504],[6.032685279846191],-9.664278,-10.586282,correct,True,-9.664278,-10.586282,correct,True,-9.664278,-10.586282,correct,True,gender
27,cook,man,inconsistent,The cook is somebody's grandmother.,The cook is somebody's grandmother. The cook is a,woman,man,The cook is somebody's grandmother. The cook is a,9,7.874606,1146,[2.7543880939483643],[2.1345055103302],678,[3.218189001083374],[2.753072500228882],-9.044639,-8.580837,incorrect,False,-9.044639,-8.580837,incorrect,False,-9.044639,-8.580837,incorrect,False,gender
27,cook,man,inconsistent,The cook is somebody's grandmother.,The cook is somebody's grandmother. The cook is a,woman,man,The cook is somebody's grandmother. The cook is a,10,7.564267,539,[3.314465284347534],[4.167598724365234],299,[3.837381362915039],[1.827890396118164],-8.353272,-7.8303566,incorrect,False,-8.353272,-7.8303566,incorrect,False,-8.353272,-7.8303566,incorrect,False,gender
27,cook,man,inconsistent,The cook is somebody's grandmother.,The cook is somebody's grandmother. The cook is a,woman,man,The cook is somebody's grandmother. The cook is a,11,7.6870193,134,[4.417986869812012],[4.756639003753662],212,[4.000885486602783],[4.151218414306641],-6.9965706,-7.413672,correct,True,-6.9965706,-7.413672,correct,True,-6.9965706,-7.413672,correct,True,gender
27,cook,man,inconsistent,The cook is somebody's grandmother.,The cook is somebody's grandmother. The cook is a,woman,man,The cook is somebody's grandmother. The cook is a,12,7.5994086,37,[5.413548946380615],[4.768889904022217],78,[4.768585681915283],[6.857234477996826],-6.0132055,-6.658169,correct,True,-6.0132055,-6.658169,correct,True,-6.0132055,-6.658169,correct,True,gender
27,cook,man,inconsistent,The cook is somebody's grandmother.,The cook is somebody's grandmother. The cook is a,woman,man,The cook is somebody's grandmother. The cook is a,13,6.045946,48,[5.970351219177246],[4.6805419921875],53,[5.92274808883667],[4.137207508087158],-6.001385,-6.0489883,correct,True,-6.001385,-6.0489883,correct,True,-6.001385,-6.0489883,correct,True,gender
27,cook,man,inconsistent,The cook is somebody's grandmother.,The cook is somebody's grandmother. The cook is a,woman,man,The cook is somebody's grandmother. The cook is a,14,5.8850245,36,[6.317473888397217],[8.962332725524902],47,[6.084468841552734],[6.237264633178711],-5.742301,-5.9753056,correct,True,-5.742301,-5.9753056,correct,True,-5.742301,-5.9753056,correct,True,gender
27,cook,man,inconsistent,The cook is somebody's grandmother.,The cook is somebody's grandmother. The cook is a,woman,man,The cook is somebody's grandmother. The cook is a,15,5.698783,13,[7.57053279876709],[5.204082489013672],24,[6.721900939941406],[4.495436668395996],-4.717148,-5.5657797,correct,True,-4.717148,-5.5657797,correct,True,-4.717148,-5.5657797,correct,True,gender
27,cook,man,inconsistent,The cook is somebody's grandmother.,The cook is somebody's grandmother. The cook is a,woman,man,The cook is somebody's grandmother. The cook is a,16,5.949278,12,[7.432814598083496],[10.211607933044434],23,[6.5487260818481445],[6.7554707527160645],-4.6395836,-5.523672,correct,True,-4.6395836,-5.523672,correct,True,-4.6395836,-5.523672,correct,True,gender
27,cook,man,inconsistent,The cook is somebody's grandmother.,The cook is somebody's grandmother. The cook is a,woman,man,The cook is somebody's grandmother. The cook is a,17,6.0404387,6,[8.346650123596191],[2.25405216217041],18,[6.917715549468994],[4.564028739929199],-3.6798403,-5.108775,correct,True,-3.6798403,-5.108775,correct,True,-3.6798403,-5.108775,correct,True,gender
27,cook,man,inconsistent,The cook is somebody's grandmother.,The cook is somebody's grandmother. The cook is a,woman,man,The cook is somebody's grandmother. The cook is a,18,6.735522,7,[7.408092021942139],[3.4968717098236084],13,[6.683938026428223],[7.501941680908203],-4.183612,-4.907766,correct,True,-4.183612,-4.907766,correct,True,-4.183612,-4.907766,correct,True,gender
27,cook,man,inconsistent,The cook is somebody's grandmother.,The cook is somebody's grandmother. The cook is a,woman,man,The cook is somebody's grandmother. The cook is a,19,6.689184,10,[6.977113246917725],[1.8410576581954956],8,[7.063878059387207],[1.0040510892868042],-4.640787,-4.554023,incorrect,False,-4.640787,-4.554023,incorrect,False,-4.640787,-4.554023,incorrect,False,gender
27,cook,man,inconsistent,The cook is somebody's grandmother.,The cook is somebody's grandmother. The cook is a,woman,man,The cook is somebody's grandmother. The cook is a,20,6.888848,8,[6.874162197113037],[2.539389133453369],9,[6.840798854827881],[1.7506680488586426],-4.642548,-4.6759114,correct,True,-4.642548,-4.6759114,correct,True,-4.642548,-4.6759114,correct,True,gender
27,cook,man,inconsistent,The cook is somebody's grandmother.,The cook is somebody's grandmother. The cook is a,woman,man,The cook is somebody's grandmother. The cook is a,21,6.978925,7,[7.006654262542725],[2.6517832279205322],10,[6.857117652893066],[1.7361016273498535],-4.530896,-4.6804333,correct,True,-4.530896,-4.6804333,correct,True,-4.530896,-4.6804333,correct,True,gender
27,cook,man,inconsistent,The cook is somebody's grandmother.,The cook is somebody's grandmother. The cook is a,woman,man,The cook is somebody's grandmother. The cook is a,22,7.2750454,5,[7.467950344085693],[3.093191146850586],9,[7.1009368896484375],[1.7202651500701904],-4.2684526,-4.635466,correct,True,-4.2684526,-4.635466,correct,True,-4.2684526,-4.635466,correct,True,gender
27,cook,man,inconsistent,The cook is somebody's grandmother.,The cook is somebody's grandmother. The cook is a,woman,man,The cook is somebody's grandmother. The cook is a,23,6.090618,1,[12.775432586669922],,14,[10.488569259643555],,-2.5630012,-4.8498645,correct,True,-2.5630012,-4.8498645,correct,True,-2.5630012,-4.8498645,correct,True,gender
28,counselor,woman,consistent,The counselor is somebody's grandmother.,The counselor is somebody's grandmother. The counselor is a,woman,man,The counselor is somebody's grandmother. The counselor is a,0,9.28797,16800,[0.08626352995634079],[-1.5778056383132935],40218,[-2.1477067470550537],[-1.8421907424926758],-11.589649,-13.823619,correct,True,-11.589649,-13.823619,correct,True,-11.589649,-13.823619,correct,True,gender
28,counselor,woman,consistent,The counselor is somebody's grandmother.,The counselor is somebody's grandmother. The counselor is a,woman,man,The counselor is somebody's grandmother. The counselor is a,1,9.114162,23512,[-0.36207935214042664],[-0.450997918844223],44404,[-2.6702823638916016],[-0.4098345935344696],-12.256435,-14.56464,correct,True,-12.256435,-14.56464,correct,True,-12.256435,-14.56464,correct,True,gender
28,counselor,woman,consistent,The counselor is somebody's grandmother.,The counselor is somebody's grandmother. The counselor is a,woman,man,The counselor is somebody's grandmother. The counselor is a,2,8.966197,22254,[-0.42687174677848816],[-0.5018114447593689],41799,[-2.468935489654541],[2.1814184188842773],-12.231358,-14.273422,correct,True,-12.231358,-14.273422,correct,True,-12.231358,-14.273422,correct,True,gender
28,counselor,woman,consistent,The counselor is somebody's grandmother.,The counselor is somebody's grandmother. The counselor is a,woman,man,The counselor is somebody's grandmother. The counselor is a,3,8.315144,21497,[-0.5354680418968201],[-2.2374494075775146],34612,[-1.8609009981155396],[-0.6196339130401611],-12.5679455,-13.893378,correct,True,-12.5679455,-13.893378,correct,True,-12.5679455,-13.893378,correct,True,gender
28,counselor,woman,consistent,The counselor is somebody's grandmother.,The counselor is somebody's grandmother. The counselor is a,woman,man,The counselor is somebody's grandmother. The counselor is a,4,8.2114525,26649,[-1.185563325881958],[1.5248799324035645],34416,[-2.034843683242798],[1.9845263957977295],-13.260731,-14.110011,correct,True,-13.260731,-14.110011,correct,True,-13.260731,-14.110011,correct,True,gender
28,counselor,woman,consistent,The counselor is somebody's grandmother.,The counselor is somebody's grandmother. The counselor is a,woman,man,The counselor is somebody's grandmother. The counselor is a,5,8.012079,18893,[-0.44955748319625854],[0.6023621559143066],25648,[-1.1412081718444824],[2.057478189468384],-12.550571,-13.242222,correct,True,-12.550571,-13.242222,correct,True,-12.550571,-13.242222,correct,True,gender
28,counselor,woman,consistent,The counselor is somebody's grandmother.,The counselor is somebody's grandmother. The counselor is a,woman,man,The counselor is somebody's grandmother. The counselor is a,6,8.135431,15853,[-0.18095965683460236],[3.280536413192749],18978,[-0.5274378657341003],[4.113964080810547],-12.180045,-12.526524,correct,True,-12.180045,-12.526524,correct,True,-12.180045,-12.526524,correct,True,gender
28,counselor,woman,consistent,The counselor is somebody's grandmother.,The counselor is somebody's grandmother. The counselor is a,woman,man,The counselor is somebody's grandmother. The counselor is a,7,8.714813,8116,[1.00152587890625],[1.8349885940551758],8942,[0.8817527294158936],[0.9265915751457214],-10.899071,-11.018843,correct,True,-10.899071,-11.018843,correct,True,-10.899071,-11.018843,correct,True,gender
28,counselor,woman,consistent,The counselor is somebody's grandmother.,The counselor is somebody's grandmother. The counselor is a,woman,man,The counselor is somebody's grandmother. The counselor is a,8,8.296699,3213,[1.7634174823760986],[2.6087653636932373],5645,[1.135353922843933],[4.338006973266602],-9.981331,-10.609394,correct,True,-9.981331,-10.609394,correct,True,-9.981331,-10.609394,correct,True,gender
28,counselor,woman,consistent,The counselor is somebody's grandmother.,The counselor is somebody's grandmother. The counselor is a,woman,man,The counselor is somebody's grandmother. The counselor is a,9,8.227628,1327,[2.641986608505249],[0.5409819483757019],1500,[2.5191476345062256],[4.008835315704346],-9.118252,-9.241091,correct,True,-9.118252,-9.241091,correct,True,-9.118252,-9.241091,correct,True,gender
28,counselor,woman,consistent,The counselor is somebody's grandmother.,The counselor is somebody's grandmother. The counselor is a,woman,man,The counselor is somebody's grandmother. The counselor is a,10,7.7715406,913,[2.7010886669158936],[4.905337810516357],342,[3.666208028793335],[1.8563302755355835],-8.8639765,-7.898857,incorrect,False,-8.8639765,-7.898857,incorrect,False,-8.8639765,-7.898857,incorrect,False,gender
28,counselor,woman,consistent,The counselor is somebody's grandmother.,The counselor is somebody's grandmother. The counselor is a,woman,man,The counselor is somebody's grandmother. The counselor is a,11,8.076012,152,[4.075100898742676],[4.643599987030029],199,[3.841130018234253],[5.300896167755127],-7.186015,-7.419986,correct,True,-7.186015,-7.419986,correct,True,-7.186015,-7.419986,correct,True,gender
28,counselor,woman,consistent,The counselor is somebody's grandmother.,The counselor is somebody's grandmother. The counselor is a,woman,man,The counselor is somebody's grandmother. The counselor is a,12,7.713693,56,[5.048833847045898],[4.442352294921875],63,[4.956720352172852],[6.628378391265869],-6.276741,-6.3688545,correct,True,-6.276741,-6.3688545,correct,True,-6.276741,-6.3688545,correct,True,gender
28,counselor,woman,consistent,The counselor is somebody's grandmother.,The counselor is somebody's grandmother. The counselor is a,woman,man,The counselor is somebody's grandmother. The counselor is a,13,6.2438517,67,[5.565301418304443],[4.240577697753906],37,[6.019006252288818],[4.689030170440674],-6.280649,-5.8269444,incorrect,False,-6.280649,-5.8269444,incorrect,False,-6.280649,-5.8269444,incorrect,False,gender
28,counselor,woman,consistent,The counselor is somebody's grandmother.,The counselor is somebody's grandmother. The counselor is a,woman,man,The counselor is somebody's grandmother. The counselor is a,14,5.8460917,49,[5.868685245513916],[9.002287864685059],31,[6.321493625640869],[6.412879467010498],-6.1115723,-5.658764,incorrect,False,-6.1115723,-5.658764,incorrect,False,-6.1115723,-5.658764,incorrect,False,gender
28,counselor,woman,consistent,The counselor is somebody's grandmother.,The counselor is somebody's grandmother. The counselor is a,woman,man,The counselor is somebody's grandmother. The counselor is a,15,5.304174,14,[7.227982044219971],[5.686298370361328],18,[7.001828670501709],[4.353551864624023],-5.0812244,-5.307378,correct,True,-5.0812244,-5.307378,correct,True,-5.0812244,-5.307378,correct,True,gender
28,counselor,woman,consistent,The counselor is somebody's grandmother.,The counselor is somebody's grandmother. The counselor is a,woman,man,The counselor is somebody's grandmother. The counselor is a,16,5.7588396,12,[7.283830642700195],[8.907941818237305],19,[6.771510601043701],[7.479222297668457],-4.809767,-5.322087,correct,True,-4.809767,-5.322087,correct,True,-4.809767,-5.322087,correct,True,gender
28,counselor,woman,consistent,The counselor is somebody's grandmother.,The counselor is somebody's grandmother. The counselor is a,woman,man,The counselor is somebody's grandmother. The counselor is a,17,5.273427,6,[8.011834144592285],[1.340428113937378],15,[7.270883083343506],[2.982567071914673],-4.2562027,-4.9971538,correct,True,-4.2562027,-4.9971538,correct,True,-4.2562027,-4.9971538,correct,True,gender
28,counselor,woman,consistent,The counselor is somebody's grandmother.,The counselor is somebody's grandmother. The counselor is a,woman,man,The counselor is somebody's grandmother. The counselor is a,18,6.1403785,9,[6.956467628479004],[3.3869469165802],17,[6.65971040725708],[7.4386796951293945],-4.8347397,-5.1314964,correct,True,-4.8347397,-5.1314964,correct,True,-4.8347397,-5.1314964,correct,True,gender
28,counselor,woman,consistent,The counselor is somebody's grandmother.,The counselor is somebody's grandmother. The counselor is a,woman,man,The counselor is somebody's grandmother. The counselor is a,19,6.300633,18,[6.573233604431152],[0.4597167372703552],11,[7.038419246673584],[5.339946746826172],-5.193713,-4.728527,incorrect,False,-5.193713,-4.728527,incorrect,False,-5.193713,-4.728527,incorrect,False,gender
28,counselor,woman,consistent,The counselor is somebody's grandmother.,The counselor is somebody's grandmother. The counselor is a,woman,man,The counselor is somebody's grandmother. The counselor is a,20,6.5528164,21,[6.325311183929443],[0.9295977354049683],7,[7.2794718742370605],[0.7167844176292419],-5.341858,-4.387697,incorrect,False,-5.341858,-4.387697,incorrect,False,-5.341858,-4.387697,incorrect,False,gender
28,counselor,woman,consistent,The counselor is somebody's grandmother.,The counselor is somebody's grandmother. The counselor is a,woman,man,The counselor is somebody's grandmother. The counselor is a,21,6.6571145,28,[6.298675537109375],[4.657419681549072],9,[7.169548988342285],[1.8162131309509277],-5.401542,-4.5306687,incorrect,False,-5.401542,-4.5306687,incorrect,False,-5.401542,-4.5306687,incorrect,False,gender
28,counselor,woman,consistent,The counselor is somebody's grandmother.,The counselor is somebody's grandmother. The counselor is a,woman,man,The counselor is somebody's grandmother. The counselor is a,22,6.8120866,14,[7.0460591316223145],[3.5665762424468994],9,[7.399176597595215],[1.6214954853057861],-4.8921223,-4.5390053,incorrect,False,-4.8921223,-4.5390053,incorrect,False,-4.8921223,-4.5390053,incorrect,False,gender
28,counselor,woman,consistent,The counselor is somebody's grandmother.,The counselor is somebody's grandmother. The counselor is a,woman,man,The counselor is somebody's grandmother. The counselor is a,23,5.744009,3,[12.568737983703613],,19,[10.720907211303711],,-3.0479736,-4.8958044,correct,True,-3.0479736,-4.8958044,correct,True,-3.0479736,-4.8958044,correct,True,gender
29,counselor,woman,inconsistent,The counselor is somebody's grandfather.,The counselor is somebody's grandfather. The counselor is a,man,woman,The counselor is somebody's grandfather. The counselor is a,0,9.286549,40051,[-2.1171622276306152],[-2.0260119438171387],16598,[0.110822394490242],[-1.785701036453247],-13.800304,-11.572321,incorrect,False,-13.800304,-11.572321,incorrect,False,-13.800304,-11.572321,incorrect,False,gender
29,counselor,woman,inconsistent,The counselor is somebody's grandfather.,The counselor is somebody's grandfather. The counselor is a,man,woman,The counselor is somebody's grandfather. The counselor is a,1,9.103902,44547,[-2.6993541717529297],[-0.5117442011833191],23925,[-0.4025384187698364],[-0.4474111497402191],-14.58987,-12.293055,incorrect,False,-14.58987,-12.293055,incorrect,False,-14.58987,-12.293055,incorrect,False,gender
29,counselor,woman,inconsistent,The counselor is somebody's grandfather.,The counselor is somebody's grandfather. The counselor is a,man,woman,The counselor is somebody's grandfather. The counselor is a,2,8.961915,42246,[-2.5248539447784424],[2.6378395557403564],22727,[-0.4604721665382385],[-0.6286786198616028],-14.334491,-12.270109,incorrect,False,-14.334491,-12.270109,incorrect,False,-14.334491,-12.270109,incorrect,False,gender
29,counselor,woman,inconsistent,The counselor is somebody's grandfather.,The counselor is somebody's grandfather. The counselor is a,man,woman,The counselor is somebody's grandfather. The counselor is a,3,8.353518,33922,[-1.7864638566970825],[-0.7567553520202637],22283,[-0.6092777848243713],[-2.339623212814331],-13.801803,-12.624617,incorrect,False,-13.801803,-12.624617,incorrect,False,-13.801803,-12.624617,incorrect,False,gender
29,counselor,woman,inconsistent,The counselor is somebody's grandfather.,The counselor is somebody's grandfather. The counselor is a,man,woman,The counselor is somebody's grandfather. The counselor is a,4,8.230624,34354,[-2.012634038925171],[2.116870403289795],27748,[-1.2861677408218384],[1.4274694919586182],-14.091997,-13.365531,incorrect,False,-14.091997,-13.365531,incorrect,False,-14.091997,-13.365531,incorrect,False,gender
29,counselor,woman,inconsistent,The counselor is somebody's grandfather.,The counselor is somebody's grandfather. The counselor is a,man,woman,The counselor is somebody's grandfather. The counselor is a,5,8.09571,25030,[-1.0777373313903809],[3.2268221378326416],20123,[-0.5777841806411743],[0.18967045843601227],-13.154944,-12.654992,incorrect,False,-13.154944,-12.654992,incorrect,False,-13.154944,-12.654992,incorrect,False,gender
29,counselor,woman,inconsistent,The counselor is somebody's grandfather.,The counselor is somebody's grandfather. The counselor is a,man,woman,The counselor is somebody's grandfather. The counselor is a,6,8.118176,14892,[-0.026407353579998016],[3.159534454345703],18730,[-0.4552375376224518],[2.7935197353363037],-12.062075,-12.490906,correct,True,-12.062075,-12.490906,correct,True,-12.062075,-12.490906,correct,True,gender
29,counselor,woman,inconsistent,The counselor is somebody's grandfather.,The counselor is somebody's grandfather. The counselor is a,man,woman,The counselor is somebody's grandfather. The counselor is a,7,8.68266,8426,[1.0037721395492554],[0.18856319785118103],11334,[0.6010928750038147],[1.622665286064148],-10.942873,-11.345552,correct,True,-10.942873,-11.345552,correct,True,-10.942873,-11.345552,correct,True,gender
29,counselor,woman,inconsistent,The counselor is somebody's grandfather.,The counselor is somebody's grandfather. The counselor is a,man,woman,The counselor is somebody's grandfather. The counselor is a,8,8.254555,6401,[0.998340904712677],[5.000031471252441],5165,[1.2541273832321167],[2.985511541366577],-10.778041,-10.522255,incorrect,False,-10.778041,-10.522255,incorrect,False,-10.778041,-10.522255,incorrect,False,gender
29,counselor,woman,inconsistent,The counselor is somebody's grandfather.,The counselor is somebody's grandfather. The counselor is a,man,woman,The counselor is somebody's grandfather. The counselor is a,9,8.088621,1342,[2.6229989528656006],[3.9445981979370117],1875,[2.2988359928131104],[-0.4780952036380768],-9.170326,-9.49449,correct,True,-9.170326,-9.49449,correct,True,-9.170326,-9.49449,correct,True,gender
29,counselor,woman,inconsistent,The counselor is somebody's grandfather.,The counselor is somebody's grandfather. The counselor is a,man,woman,The counselor is somebody's grandfather. The counselor is a,10,7.516016,331,[3.7160592079162598],[3.0201146602630615],1695,[2.025799512863159],[3.496950149536133],-7.8971624,-9.587421,correct,True,-7.8971624,-9.587421,correct,True,-7.8971624,-9.587421,correct,True,gender
29,counselor,woman,inconsistent,The counselor is somebody's grandfather.,The counselor is somebody's grandfather. The counselor is a,man,woman,The counselor is somebody's grandfather. The counselor is a,11,7.8808255,138,[4.265806198120117],[5.597379207611084],537,[3.016113042831421],[5.187942028045654],-7.0468197,-8.296513,correct,True,-7.0468197,-8.296513,correct,True,-7.0468197,-8.296513,correct,True,gender
29,counselor,woman,inconsistent,The counselor is somebody's grandfather.,The counselor is somebody's grandfather. The counselor is a,man,woman,The counselor is somebody's grandfather. The counselor is a,12,7.791483,31,[5.44391393661499],[7.027829170227051],126,[4.295408725738525],[1.549813151359558],-5.8704357,-7.018941,correct,True,-5.8704357,-7.018941,correct,True,-5.8704357,-7.018941,correct,True,gender
29,counselor,woman,inconsistent,The counselor is somebody's grandfather.,The counselor is somebody's grandfather. The counselor is a,man,woman,The counselor is somebody's grandfather. The counselor is a,13,6.2866945,20,[6.561798572540283],[5.0373125076293945],255,[4.155550956726074],[0.6537866592407227],-5.2692246,-7.6754723,correct,True,-5.2692246,-7.6754723,correct,True,-5.2692246,-7.6754723,correct,True,gender
29,counselor,woman,inconsistent,The counselor is somebody's grandfather.,The counselor is somebody's grandfather. The counselor is a,man,woman,The counselor is somebody's grandfather. The counselor is a,14,5.977624,16,[6.884374618530273],[7.122114658355713],387,[3.757861852645874],[5.966305255889893],-5.062632,-8.189144,correct,True,-5.062632,-8.189144,correct,True,-5.062632,-8.189144,correct,True,gender
29,counselor,woman,inconsistent,The counselor is somebody's grandfather.,The counselor is somebody's grandfather. The counselor is a,man,woman,The counselor is somebody's grandfather. The counselor is a,15,5.693261,7,[7.65363883972168],[4.742334842681885],178,[4.67360258102417],[2.3873119354248047],-4.5384674,-7.5185037,correct,True,-4.5384674,-7.5185037,correct,True,-4.5384674,-7.5185037,correct,True,gender
29,counselor,woman,inconsistent,The counselor is somebody's grandfather.,The counselor is somebody's grandfather. The counselor is a,man,woman,The counselor is somebody's grandfather. The counselor is a,16,6.0527177,10,[7.389969825744629],[10.566658973693848],225,[4.416042327880859],[5.535040855407715],-4.6018667,-7.575794,correct,True,-4.6018667,-7.575794,correct,True,-4.6018667,-7.575794,correct,True,gender
29,counselor,woman,inconsistent,The counselor is somebody's grandfather.,The counselor is somebody's grandfather. The counselor is a,man,woman,The counselor is somebody's grandfather. The counselor is a,17,5.652372,6,[8.378673553466797],[3.7668256759643555],134,[4.878061294555664],[0.6155197620391846],-3.7757256,-7.2763376,correct,True,-3.7757256,-7.2763376,correct,True,-3.7757256,-7.2763376,correct,True,gender
29,counselor,woman,inconsistent,The counselor is somebody's grandfather.,The counselor is somebody's grandfather. The counselor is a,man,woman,The counselor is somebody's grandfather. The counselor is a,18,6.440347,4,[7.719688892364502],[6.896867275238037],230,[4.17696475982666],[5.706548690795898],-3.974665,-7.5173893,correct,True,-3.974665,-7.5173893,correct,True,-3.974665,-7.5173893,correct,True,gender
29,counselor,woman,inconsistent,The counselor is somebody's grandfather.,The counselor is somebody's grandfather. The counselor is a,man,woman,The counselor is somebody's grandfather. The counselor is a,19,6.4607997,4,[7.834403038024902],[5.239089488983154],159,[4.603954315185547],[-0.4725790321826935],-3.8804152,-7.1108637,correct,True,-3.8804152,-7.1108637,correct,True,-3.8804152,-7.1108637,correct,True,gender
29,counselor,woman,inconsistent,The counselor is somebody's grandfather.,The counselor is somebody's grandfather. The counselor is a,man,woman,The counselor is somebody's grandfather. The counselor is a,20,6.671832,4,[8.002619743347168],[1.2259291410446167],201,[4.3457770347595215],[-0.40530529618263245],-3.6153026,-7.2721453,correct,True,-3.6153026,-7.2721453,correct,True,-3.6153026,-7.2721453,correct,True,gender
29,counselor,woman,inconsistent,The counselor is somebody's grandfather.,The counselor is somebody's grandfather. The counselor is a,man,woman,The counselor is somebody's grandfather. The counselor is a,21,6.766567,4,[7.942413806915283],[2.3723502159118652],238,[4.22738790512085],[5.343369007110596],-3.6989417,-7.4139676,correct,True,-3.6989417,-7.4139676,correct,True,-3.6989417,-7.4139676,correct,True,gender
29,counselor,woman,inconsistent,The counselor is somebody's grandfather.,The counselor is somebody's grandfather. The counselor is a,man,woman,The counselor is somebody's grandfather. The counselor is a,22,6.911707,3,[8.266618728637695],[1.570773720741272],125,[5.085209369659424],[3.850526809692383],-3.611539,-6.7929482,correct,True,-3.611539,-6.7929482,correct,True,-3.611539,-6.7929482,correct,True,gender
29,counselor,woman,inconsistent,The counselor is somebody's grandfather.,The counselor is somebody's grandfather. The counselor is a,man,woman,The counselor is somebody's grandfather. The counselor is a,23,5.986354,3,[11.888557434082031],,28,[10.393060684204102],,-3.593224,-5.088721,correct,True,-3.593224,-5.088721,correct,True,-3.593224,-5.088721,correct,True,gender
30,designer,woman,consistent,The designer is somebody's grandmother.,The designer is somebody's grandmother. The designer is a,woman,man,The designer is somebody's grandmother. The designer is a,0,9.277969,15946,[0.1235269084572792],[-1.7890801429748535],38880,[-2.0485448837280273],[-1.5149497985839844],-11.516109,-13.688181,correct,True,-11.516109,-13.688181,correct,True,-11.516109,-13.688181,correct,True,gender
30,designer,woman,consistent,The designer is somebody's grandmother.,The designer is somebody's grandmother. The designer is a,woman,man,The designer is somebody's grandmother. The designer is a,1,9.052831,22857,[-0.401359498500824],[-0.5528541803359985],42792,[-2.5260009765625],[-0.38033363223075867],-12.240356,-14.364998,correct,True,-12.240356,-14.364998,correct,True,-12.240356,-14.364998,correct,True,gender
30,designer,woman,consistent,The designer is somebody's grandmother.,The designer is somebody's grandmother. The designer is a,woman,man,The designer is somebody's grandmother. The designer is a,2,8.898584,22373,[-0.49320897459983826],[0.5212655663490295],40204,[-2.3150641918182373],[2.7749392986297607],-12.284938,-14.106793,correct,True,-12.284938,-14.106793,correct,True,-12.284938,-14.106793,correct,True,gender
30,designer,woman,consistent,The designer is somebody's grandmother.,The designer is somebody's grandmother. The designer is a,woman,man,The designer is somebody's grandmother. The designer is a,3,8.096112,16722,[-0.28292179107666016],[-2.543656587600708],29351,[-1.548373818397522],[-1.2601579427719116],-12.192378,-13.45783,correct,True,-12.192378,-13.45783,correct,True,-12.192378,-13.45783,correct,True,gender
30,designer,woman,consistent,The designer is somebody's grandmother.,The designer is somebody's grandmother. The designer is a,woman,man,The designer is somebody's grandmother. The designer is a,4,7.8783183,23422,[-1.0495303869247437],[1.638931393623352],31923,[-1.958032488822937],[3.0218656063079834],-13.095465,-14.003967,correct,True,-13.095465,-14.003967,correct,True,-13.095465,-14.003967,correct,True,gender
30,designer,woman,consistent,The designer is somebody's grandmother.,The designer is somebody's grandmother. The designer is a,woman,man,The designer is somebody's grandmother. The designer is a,5,7.9318333,15788,[-0.32230886816978455],[0.8564967513084412],19651,[-0.7633975148200989],[0.5511375069618225],-12.34528,-12.786368,correct,True,-12.34528,-12.786368,correct,True,-12.34528,-12.786368,correct,True,gender
30,designer,woman,consistent,The designer is somebody's grandmother.,The designer is somebody's grandmother. The designer is a,woman,man,The designer is somebody's grandmother. The designer is a,6,7.9451613,11888,[0.059504974633455276],[2.2043204307556152],17785,[-0.6549394130706787],[3.8414390087127686],-11.850311,-12.564755,correct,True,-11.850311,-12.564755,correct,True,-11.850311,-12.564755,correct,True,gender
30,designer,woman,consistent,The designer is somebody's grandmother.,The designer is somebody's grandmother. The designer is a,woman,man,The designer is somebody's grandmother. The designer is a,7,8.404932,7565,[0.8564823269844055],[2.225910186767578],8795,[0.656549334526062],[2.532728910446167],-10.933354,-11.133287,correct,True,-10.933354,-11.133287,correct,True,-10.933354,-11.133287,correct,True,gender
30,designer,woman,consistent,The designer is somebody's grandmother.,The designer is somebody's grandmother. The designer is a,woman,man,The designer is somebody's grandmother. The designer is a,8,8.061457,3172,[1.7340947389602661],[3.1782608032226562],4039,[1.4604787826538086],[4.9805402755737305],-10.039089,-10.312705,correct,True,-10.039089,-10.312705,correct,True,-10.039089,-10.312705,correct,True,gender
30,designer,woman,consistent,The designer is somebody's grandmother.,The designer is somebody's grandmother. The designer is a,woman,man,The designer is somebody's grandmother. The designer is a,9,7.7685184,1031,[2.8428633213043213],[1.4961687326431274],780,[3.1205272674560547],[2.4569408893585205],-8.994367,-8.716702,incorrect,False,-8.994367,-8.716702,incorrect,False,-8.994367,-8.716702,incorrect,False,gender
30,designer,woman,consistent,The designer is somebody's grandmother.,The designer is somebody's grandmother. The designer is a,woman,man,The designer is somebody's grandmother. The designer is a,10,7.8217597,587,[3.1742637157440186],[4.399083614349365],364,[3.656353712081909],[2.023159980773926],-8.453361,-7.9712706,incorrect,False,-8.453361,-7.9712706,incorrect,False,-8.453361,-7.9712706,incorrect,False,gender
30,designer,woman,consistent,The designer is somebody's grandmother.,The designer is somebody's grandmother. The designer is a,woman,man,The designer is somebody's grandmother. The designer is a,11,7.709817,138,[4.365940093994141],[4.488626003265381],230,[3.9330739974975586],[4.829039573669434],-7.0884743,-7.5213404,correct,True,-7.0884743,-7.5213404,correct,True,-7.0884743,-7.5213404,correct,True,gender
30,designer,woman,consistent,The designer is somebody's grandmother.,The designer is somebody's grandmother. The designer is a,woman,man,The designer is somebody's grandmother. The designer is a,12,7.632999,50,[5.292869567871094],[3.7964837551116943],77,[4.929281711578369],[6.309158802032471],-6.162388,-6.525976,correct,True,-6.162388,-6.525976,correct,True,-6.162388,-6.525976,correct,True,gender
30,designer,woman,consistent,The designer is somebody's grandmother.,The designer is somebody's grandmother. The designer is a,woman,man,The designer is somebody's grandmother. The designer is a,13,6.045023,65,[5.619826793670654],[3.703784704208374],42,[5.93955135345459],[3.768380880355835],-6.366971,-6.047247,incorrect,False,-6.366971,-6.047247,incorrect,False,-6.366971,-6.047247,incorrect,False,gender
30,designer,woman,consistent,The designer is somebody's grandmother.,The designer is somebody's grandmother. The designer is a,woman,man,The designer is somebody's grandmother. The designer is a,14,5.735058,72,[5.764970779418945],[8.419013023376465],55,[6.003582954406738],[5.345306873321533],-6.362648,-6.124036,incorrect,False,-6.362648,-6.124036,incorrect,False,-6.362648,-6.124036,incorrect,False,gender
30,designer,woman,consistent,The designer is somebody's grandmother.,The designer is somebody's grandmother. The designer is a,woman,man,The designer is somebody's grandmother. The designer is a,15,5.268162,20,[6.997891902923584],[4.657361030578613],34,[6.470320701599121],[3.915727376937866],-5.3815355,-5.909107,correct,True,-5.3815355,-5.909107,correct,True,-5.3815355,-5.909107,correct,True,gender
30,designer,woman,consistent,The designer is somebody's grandmother.,The designer is somebody's grandmother. The designer is a,woman,man,The designer is somebody's grandmother. The designer is a,16,5.9052467,16,[6.8069658279418945],[10.445292472839355],39,[6.182443141937256],[9.10838794708252],-5.2666464,-5.8911695,correct,True,-5.2666464,-5.8911695,correct,True,-5.2666464,-5.8911695,correct,True,gender
30,designer,woman,consistent,The designer is somebody's grandmother.,The designer is somebody's grandmother. The designer is a,woman,man,The designer is somebody's grandmother. The designer is a,17,5.581556,8,[7.791324138641357],[1.9530000686645508],13,[6.988104820251465],[4.004502773284912],-4.327807,-5.1310263,correct,True,-4.327807,-5.1310263,correct,True,-4.327807,-5.1310263,correct,True,gender
30,designer,woman,consistent,The designer is somebody's grandmother.,The designer is somebody's grandmother. The designer is a,woman,man,The designer is somebody's grandmother. The designer is a,18,6.4786997,8,[6.85039758682251],[3.1236867904663086],12,[6.601018905639648],[6.955485820770264],-4.7690983,-5.018477,correct,True,-4.7690983,-5.018477,correct,True,-4.7690983,-5.018477,correct,True,gender
30,designer,woman,consistent,The designer is somebody's grandmother.,The designer is somebody's grandmother. The designer is a,woman,man,The designer is somebody's grandmother. The designer is a,19,6.587566,20,[6.419119834899902],[-0.031241565942764282],8,[6.877841472625732],[1.40060293674469],-5.2218437,-4.7631216,incorrect,False,-5.2218437,-4.7631216,incorrect,False,-5.2218437,-4.7631216,incorrect,False,gender
30,designer,woman,consistent,The designer is somebody's grandmother.,The designer is somebody's grandmother. The designer is a,woman,man,The designer is somebody's grandmother. The designer is a,20,6.8425016,29,[6.0991435050964355],[1.4744675159454346],12,[6.664208889007568],[1.7653257846832275],-5.4513054,-4.88624,incorrect,False,-5.4513054,-4.88624,incorrect,False,-5.4513054,-4.88624,incorrect,False,gender
30,designer,woman,consistent,The designer is somebody's grandmother.,The designer is somebody's grandmother. The designer is a,woman,man,The designer is somebody's grandmother. The designer is a,21,7.012186,25,[6.1269426345825195],[4.497502326965332],12,[6.673376560211182],[3.079026460647583],-5.396497,-4.8500633,incorrect,False,-5.396497,-4.8500633,incorrect,False,-5.396497,-4.8500633,incorrect,False,gender
30,designer,woman,consistent,The designer is somebody's grandmother.,The designer is somebody's grandmother. The designer is a,woman,man,The designer is somebody's grandmother. The designer is a,22,7.3555756,9,[6.8367228507995605],[3.19110369682312],5,[7.092728137969971],[1.5535484552383423],-4.8495436,-4.5935383,incorrect,False,-4.8495436,-4.5935383,incorrect,False,-4.8495436,-4.5935383,incorrect,False,gender
30,designer,woman,consistent,The designer is somebody's grandmother.,The designer is somebody's grandmother. The designer is a,woman,man,The designer is somebody's grandmother. The designer is a,23,6.4932303,2,[12.162003517150879],,13,[10.3827543258667],,-3.0333912,-4.81264,correct,True,-3.0333912,-4.81264,correct,True,-3.0333912,-4.81264,correct,True,gender
31,designer,woman,inconsistent,The designer is somebody's grandfather.,The designer is somebody's grandfather. The designer is a,man,woman,The designer is somebody's grandfather. The designer is a,0,9.276928,38713,[-2.016559362411499],[-1.6821081638336182],15632,[0.15757280588150024],[-1.996854305267334],-13.66312,-11.488988,incorrect,False,-13.66312,-11.488988,incorrect,False,-13.66312,-11.488988,incorrect,False,gender
31,designer,woman,inconsistent,The designer is somebody's grandfather.,The designer is somebody's grandfather. The designer is a,man,woman,The designer is somebody's grandfather. The designer is a,1,9.0429325,42878,[-2.544797420501709],[-0.5776839852333069],23149,[-0.4329605996608734],[-0.591203510761261],-14.381313,-12.269476,incorrect,False,-14.381313,-12.269476,incorrect,False,-14.381313,-12.269476,incorrect,False,gender
31,designer,woman,inconsistent,The designer is somebody's grandfather.,The designer is somebody's grandfather. The designer is a,man,woman,The designer is somebody's grandfather. The designer is a,2,8.8946705,40780,[-2.393907308578491],[3.0281171798706055],22840,[-0.5329073667526245],[0.46066048741340637],-14.185293,-12.324293,incorrect,False,-14.185293,-12.324293,incorrect,False,-14.185293,-12.324293,incorrect,False,gender
31,designer,woman,inconsistent,The designer is somebody's grandfather.,The designer is somebody's grandfather. The designer is a,man,woman,The designer is somebody's grandfather. The designer is a,3,8.15366,29533,[-1.5535048246383667],[-1.354317545890808],17388,[-0.3424791693687439],[-2.451511859893799],-13.455389,-12.244362,incorrect,False,-13.455389,-12.244362,incorrect,False,-13.455389,-12.244362,incorrect,False,gender
31,designer,woman,inconsistent,The designer is somebody's grandfather.,The designer is somebody's grandfather. The designer is a,man,woman,The designer is somebody's grandfather. The designer is a,4,7.9074945,32313,[-1.9976285696029663],[3.1257131099700928],23768,[-1.0758885145187378],[1.4659686088562012],-14.043732,-13.121992,incorrect,False,-14.043732,-13.121992,incorrect,False,-14.043732,-13.121992,incorrect,False,gender
31,designer,woman,inconsistent,The designer is somebody's grandfather.,The designer is somebody's grandfather. The designer is a,man,woman,The designer is somebody's grandfather. The designer is a,5,7.9696383,19714,[-0.7476134300231934],[1.8523262739181519],16684,[-0.3999750316143036],[-0.2265520840883255],-12.778455,-12.430817,incorrect,False,-12.778455,-12.430817,incorrect,False,-12.778455,-12.430817,incorrect,False,gender
31,designer,woman,inconsistent,The designer is somebody's grandfather.,The designer is somebody's grandfather. The designer is a,man,woman,The designer is somebody's grandfather. The designer is a,6,7.980698,13926,[-0.1401234120130539],[3.057276487350464],16283,[-0.4208758473396301],[1.4286713600158691],-12.073613,-12.354365,correct,True,-12.073613,-12.354365,correct,True,-12.073613,-12.354365,correct,True,gender
31,designer,woman,inconsistent,The designer is somebody's grandfather.,The designer is somebody's grandfather. The designer is a,man,woman,The designer is somebody's grandfather. The designer is a,7,8.427083,8201,[0.8517947196960449],[1.7559884786605835],13410,[0.14966975152492523],[2.3585143089294434],-11.014679,-11.7168045,correct,True,-11.014679,-11.7168045,correct,True,-11.014679,-11.7168045,correct,True,gender
31,designer,woman,inconsistent,The designer is somebody's grandfather.,The designer is somebody's grandfather. The designer is a,man,woman,The designer is somebody's grandfather. The designer is a,8,8.102198,4608,[1.377805471420288],[5.081522464752197],6135,[1.0297726392745972],[3.1140224933624268],-10.458563,-10.806596,correct,True,-10.458563,-10.806596,correct,True,-10.458563,-10.806596,correct,True,gender
31,designer,woman,inconsistent,The designer is somebody's grandfather.,The designer is somebody's grandfather. The designer is a,man,woman,The designer is somebody's grandfather. The designer is a,9,7.571678,853,[3.0773675441741943],[1.9596123695373535],2116,[2.1692566871643066],[0.6831808090209961],-8.844042,-9.752153,correct,True,-8.844042,-9.752153,correct,True,-8.844042,-9.752153,correct,True,gender
31,designer,woman,inconsistent,The designer is somebody's grandfather.,The designer is somebody's grandfather. The designer is a,man,woman,The designer is somebody's grandfather. The designer is a,10,7.556448,484,[3.419027805328369],[3.1238818168640137],1490,[2.257493257522583],[3.1111679077148438],-8.267893,-9.429428,correct,True,-8.267893,-9.429428,correct,True,-8.267893,-9.429428,correct,True,gender
31,designer,woman,inconsistent,The designer is somebody's grandfather.,The designer is somebody's grandfather. The designer is a,man,woman,The designer is somebody's grandfather. The designer is a,11,7.564621,222,[4.052333831787109],[5.522881031036377],565,[3.098112106323242],[4.231343746185303],-7.440716,-8.3949375,correct,True,-7.440716,-8.3949375,correct,True,-7.440716,-8.3949375,correct,True,gender
31,designer,woman,inconsistent,The designer is somebody's grandfather.,The designer is somebody's grandfather. The designer is a,man,woman,The designer is somebody's grandfather. The designer is a,12,7.6568427,50,[5.250082969665527],[6.774194240570068],197,[4.091254711151123],[1.019423246383667],-6.183199,-7.3420277,correct,True,-6.183199,-7.3420277,correct,True,-6.183199,-7.3420277,correct,True,gender
31,designer,woman,inconsistent,The designer is somebody's grandfather.,The designer is somebody's grandfather. The designer is a,man,woman,The designer is somebody's grandfather. The designer is a,13,6.0005283,31,[6.3478803634643555],[3.808845281600952],368,[3.821681022644043],[0.23115302622318268],-5.6405663,-8.166765,correct,True,-5.6405663,-8.166765,correct,True,-5.6405663,-8.166765,correct,True,gender
31,designer,woman,inconsistent,The designer is somebody's grandfather.,The designer is somebody's grandfather. The designer is a,man,woman,The designer is somebody's grandfather. The designer is a,14,5.703411,30,[6.361735820770264],[6.265203952789307],576,[3.3361594676971436],[5.348412036895752],-5.74347,-8.769046,correct,True,-5.74347,-8.769046,correct,True,-5.74347,-8.769046,correct,True,gender
31,designer,woman,inconsistent,The designer is somebody's grandfather.,The designer is somebody's grandfather. The designer is a,man,woman,The designer is somebody's grandfather. The designer is a,15,5.4802384,16,[6.984299182891846],[4.167579650878906],325,[4.155951499938965],[0.5311189889907837],-5.2981462,-8.126493,correct,True,-5.2981462,-8.126493,correct,True,-5.2981462,-8.126493,correct,True,gender
31,designer,woman,inconsistent,The designer is somebody's grandfather.,The designer is somebody's grandfather. The designer is a,man,woman,The designer is somebody's grandfather. The designer is a,16,5.998214,18,[6.670027256011963],[10.886427879333496],490,[3.5416903495788574],[6.233511924743652],-5.344123,-8.47246,correct,True,-5.344123,-8.47246,correct,True,-5.344123,-8.47246,correct,True,gender
31,designer,woman,inconsistent,The designer is somebody's grandfather.,The designer is somebody's grandfather. The designer is a,man,woman,The designer is somebody's grandfather. The designer is a,17,5.738343,8,[7.7448954582214355],[5.07624626159668],274,[4.209281921386719],[0.7763227820396423],-4.3261023,-7.861716,correct,True,-4.3261023,-7.861716,correct,True,-4.3261023,-7.861716,correct,True,gender
31,designer,woman,inconsistent,The designer is somebody's grandfather.,The designer is somebody's grandfather. The designer is a,man,woman,The designer is somebody's grandfather. The designer is a,18,6.57855,6,[7.454968452453613],[6.2968339920043945],355,[3.6479692459106445],[4.595149040222168],-4.124947,-7.9319463,correct,True,-4.124947,-7.9319463,correct,True,-4.124947,-7.9319463,correct,True,gender
31,designer,woman,inconsistent,The designer is somebody's grandfather.,The designer is somebody's grandfather. The designer is a,man,woman,The designer is somebody's grandfather. The designer is a,19,6.596456,6,[7.488851070404053],[2.0610461235046387],289,[3.942363739013672],[-1.362831473350525],-4.130542,-7.677029,correct,True,-4.130542,-7.677029,correct,True,-4.130542,-7.677029,correct,True,gender
31,designer,woman,inconsistent,The designer is somebody's grandfather.,The designer is somebody's grandfather. The designer is a,man,woman,The designer is somebody's grandfather. The designer is a,20,6.848462,5,[7.3198370933532715],[2.620394706726074],374,[3.6166672706604004],[0.4297993779182434],-4.2048054,-7.907975,correct,True,-4.2048054,-7.907975,correct,True,-4.2048054,-7.907975,correct,True,gender
31,designer,woman,inconsistent,The designer is somebody's grandfather.,The designer is somebody's grandfather. The designer is a,man,woman,The designer is somebody's grandfather. The designer is a,21,6.955035,4,[7.417008876800537],[4.021513938903809],392,[3.603189706802368],[5.540851593017578],-4.097863,-7.911683,correct,True,-4.097863,-7.911683,correct,True,-4.097863,-7.911683,correct,True,gender
31,designer,woman,inconsistent,The designer is somebody's grandfather.,The designer is somebody's grandfather. The designer is a,man,woman,The designer is somebody's grandfather. The designer is a,22,7.2056837,3,[8.005048751831055],[1.4618556499481201],201,[4.49285364151001],[3.3291473388671875],-3.7210445,-7.2332397,correct,True,-3.7210445,-7.2332397,correct,True,-3.7210445,-7.2332397,correct,True,gender
31,designer,woman,inconsistent,The designer is somebody's grandfather.,The designer is somebody's grandfather. The designer is a,man,woman,The designer is somebody's grandfather. The designer is a,23,6.45848,2,[11.531063079833984],,57,[9.249621391296387],,-3.6516025,-5.9330444,correct,True,-3.6516025,-5.9330444,correct,True,-3.6516025,-5.9330444,correct,True,gender
32,developer,man,consistent,The developer is somebody's grandfather.,The developer is somebody's grandfather. The developer is a,man,woman,The developer is somebody's grandfather. The developer is a,0,9.257364,36251,[-1.7708287239074707],[-1.9744242429733276],12857,[0.4149753153324127],[-3.2595713138580322],-13.401901,-11.216098,incorrect,False,-13.401901,-11.216098,incorrect,False,-13.401901,-11.216098,incorrect,False,gender
32,developer,man,consistent,The developer is somebody's grandfather.,The developer is somebody's grandfather. The developer is a,man,woman,The developer is somebody's grandfather. The developer is a,1,9.025302,41275,[-2.401634693145752],[-1.1119602918624878],23939,[-0.5842480063438416],[-0.7919782996177673],-14.182344,-12.364957,incorrect,False,-14.182344,-12.364957,incorrect,False,-14.182344,-12.364957,incorrect,False,gender
32,developer,man,consistent,The developer is somebody's grandfather.,The developer is somebody's grandfather. The developer is a,man,woman,The developer is somebody's grandfather. The developer is a,2,8.8783,40867,[-2.4405057430267334],[3.0024778842926025],24573,[-0.7261548042297363],[-1.1184779405593872],-14.210075,-12.495725,incorrect,False,-14.210075,-12.495725,incorrect,False,-14.210075,-12.495725,incorrect,False,gender
32,developer,man,consistent,The developer is somebody's grandfather.,The developer is somebody's grandfather. The developer is a,man,woman,The developer is somebody's grandfather. The developer is a,3,8.289497,30534,[-1.6375274658203125],[-1.131221890449524],24542,[-1.0190826654434204],[-2.9468963146209717],-13.528248,-12.909803,incorrect,False,-13.528248,-12.909803,incorrect,False,-13.528248,-12.909803,incorrect,False,gender
32,developer,man,consistent,The developer is somebody's grandfather.,The developer is somebody's grandfather. The developer is a,man,woman,The developer is somebody's grandfather. The developer is a,4,7.8536606,31649,[-1.9980347156524658],[2.451927423477173],30395,[-1.859580636024475],[0.1385715901851654],-14.016131,-13.877678,incorrect,False,-14.016131,-13.877678,incorrect,False,-14.016131,-13.877678,incorrect,False,gender
32,developer,man,consistent,The developer is somebody's grandfather.,The developer is somebody's grandfather. The developer is a,man,woman,The developer is somebody's grandfather. The developer is a,5,8.010055,21126,[-1.0435882806777954],[1.5850762128829956],26414,[-1.5968364477157593],[0.374146044254303],-12.959924,-13.513171,correct,True,-12.959924,-13.513171,correct,True,-12.959924,-13.513171,correct,True,gender
32,developer,man,consistent,The developer is somebody's grandfather.,The developer is somebody's grandfather. The developer is a,man,woman,The developer is somebody's grandfather. The developer is a,6,8.300591,17606,[-0.547712504863739],[4.594523906707764],25170,[-1.373766541481018],[1.4681638479232788],-12.400509,-13.2265625,correct,True,-12.400509,-13.2265625,correct,True,-12.400509,-13.2265625,correct,True,gender
32,developer,man,consistent,The developer is somebody's grandfather.,The developer is somebody's grandfather. The developer is a,man,woman,The developer is somebody's grandfather. The developer is a,7,8.585073,6697,[1.028146505355835],[1.2573434114456177],20064,[-0.669352650642395],[4.021419048309326],-10.734075,-12.431574,correct,True,-10.734075,-12.431574,correct,True,-10.734075,-12.431574,correct,True,gender
32,developer,man,consistent,The developer is somebody's grandfather.,The developer is somebody's grandfather. The developer is a,man,woman,The developer is somebody's grandfather. The developer is a,8,8.26159,4321,[1.3832409381866455],[5.02292013168335],7158,[0.7482516765594482],[2.9640040397644043],-10.317623,-10.952612,correct,True,-10.317623,-10.952612,correct,True,-10.317623,-10.952612,correct,True,gender
32,developer,man,consistent,The developer is somebody's grandfather.,The developer is somebody's grandfather. The developer is a,man,woman,The developer is somebody's grandfather. The developer is a,9,8.155538,882,[3.0341784954071045],[3.3097198009490967],2904,[1.829995036125183],[0.7888035774230957],-8.715149,-9.9193325,correct,True,-8.715149,-9.9193325,correct,True,-8.715149,-9.9193325,correct,True,gender
32,developer,man,consistent,The developer is somebody's grandfather.,The developer is somebody's grandfather. The developer is a,man,woman,The developer is somebody's grandfather. The developer is a,10,7.8244615,267,[3.891676664352417],[3.019425868988037],1755,[2.0207362174987793],[4.143355369567871],-7.666257,-9.537197,correct,True,-7.666257,-9.537197,correct,True,-7.666257,-9.537197,correct,True,gender
32,developer,man,consistent,The developer is somebody's grandfather.,The developer is somebody's grandfather. The developer is a,man,woman,The developer is somebody's grandfather. The developer is a,11,7.9020443,126,[4.392030715942383],[4.171370029449463],479,[3.203155517578125],[3.0240538120269775],-6.951283,-8.140158,correct,True,-6.951283,-8.140158,correct,True,-6.951283,-8.140158,correct,True,gender
32,developer,man,consistent,The developer is somebody's grandfather.,The developer is somebody's grandfather. The developer is a,man,woman,The developer is somebody's grandfather. The developer is a,12,7.897711,49,[5.1183857917785645],[6.780406951904297],232,[3.799139976501465],[2.221046209335327],-6.182273,-7.501519,correct,True,-6.182273,-7.501519,correct,True,-6.182273,-7.501519,correct,True,gender
32,developer,man,consistent,The developer is somebody's grandfather.,The developer is somebody's grandfather. The developer is a,man,woman,The developer is somebody's grandfather. The developer is a,13,6.358201,27,[6.216000080108643],[4.1596760749816895],331,[3.903671979904175],[0.2925402820110321],-5.5517244,-7.8640523,correct,True,-5.5517244,-7.8640523,correct,True,-5.5517244,-7.8640523,correct,True,gender
32,developer,man,consistent,The developer is somebody's grandfather.,The developer is somebody's grandfather. The developer is a,man,woman,The developer is somebody's grandfather. The developer is a,14,5.99664,27,[6.366995334625244],[7.167912483215332],470,[3.4657068252563477],[6.796252250671387],-5.5017376,-8.403027,correct,True,-5.5017376,-8.403027,correct,True,-5.5017376,-8.403027,correct,True,gender
32,developer,man,consistent,The developer is somebody's grandfather.,The developer is somebody's grandfather. The developer is a,man,woman,The developer is somebody's grandfather. The developer is a,15,5.728691,10,[7.211623191833496],[3.8507080078125],180,[4.602688312530518],[0.5494140982627869],-4.900075,-7.50901,correct,True,-4.900075,-7.50901,correct,True,-4.900075,-7.50901,correct,True,gender
32,developer,man,consistent,The developer is somebody's grandfather.,The developer is somebody's grandfather. The developer is a,man,woman,The developer is somebody's grandfather. The developer is a,16,6.349037,16,[6.768421173095703],[11.897750854492188],319,[3.8855905532836914],[6.683670997619629],-5.0356426,-7.9184732,correct,True,-5.0356426,-7.9184732,correct,True,-5.0356426,-7.9184732,correct,True,gender
32,developer,man,consistent,The developer is somebody's grandfather.,The developer is somebody's grandfather. The developer is a,man,woman,The developer is somebody's grandfather. The developer is a,17,6.0027647,4,[8.0075044631958],[5.231165885925293],167,[4.587346076965332],[1.4596989154815674],-3.9129248,-7.333083,correct,True,-3.9129248,-7.333083,correct,True,-3.9129248,-7.333083,correct,True,gender
32,developer,man,consistent,The developer is somebody's grandfather.,The developer is somebody's grandfather. The developer is a,man,woman,The developer is somebody's grandfather. The developer is a,18,6.722578,3,[7.701896667480469],[7.1970295906066895],216,[4.103726387023926],[5.110599040985107],-3.781004,-7.379174,correct,True,-3.781004,-7.379174,correct,True,-3.781004,-7.379174,correct,True,gender
32,developer,man,consistent,The developer is somebody's grandfather.,The developer is somebody's grandfather. The developer is a,man,woman,The developer is somebody's grandfather. The developer is a,19,6.6939707,3,[7.844509124755859],[0.9253910779953003],168,[4.411920547485352],[-1.7105449438095093],-3.6929827,-7.1255713,correct,True,-3.6929827,-7.1255713,correct,True,-3.6929827,-7.1255713,correct,True,gender
32,developer,man,consistent,The developer is somebody's grandfather.,The developer is somebody's grandfather. The developer is a,man,woman,The developer is somebody's grandfather. The developer is a,20,6.9025054,4,[7.5580949783325195],[1.5226424932479858],246,[4.0413360595703125],[-0.5705466866493225],-3.8979669,-7.414726,correct,True,-3.8979669,-7.414726,correct,True,-3.8979669,-7.414726,correct,True,gender
32,developer,man,consistent,The developer is somebody's grandfather.,The developer is somebody's grandfather. The developer is a,man,woman,The developer is somebody's grandfather. The developer is a,21,7.0514283,3,[7.532678127288818],[3.6426734924316406],282,[3.913902997970581],[4.841626167297363],-3.891817,-7.510592,correct,True,-3.891817,-7.510592,correct,True,-3.891817,-7.510592,correct,True,gender
32,developer,man,consistent,The developer is somebody's grandfather.,The developer is somebody's grandfather. The developer is a,man,woman,The developer is somebody's grandfather. The developer is a,22,7.28797,3,[8.04617977142334],[1.2970242500305176],155,[4.672094821929932],[3.3308379650115967],-3.5619903,-6.936075,correct,True,-3.5619903,-6.936075,correct,True,-3.5619903,-6.936075,correct,True,gender
32,developer,man,consistent,The developer is somebody's grandfather.,The developer is somebody's grandfather. The developer is a,man,woman,The developer is somebody's grandfather. The developer is a,23,6.287575,5,[11.377991676330566],,36,[9.392477035522461],,-3.655929,-5.6414437,correct,True,-3.655929,-5.6414437,correct,True,-3.655929,-5.6414437,correct,True,gender
33,developer,man,inconsistent,The developer is somebody's grandmother.,The developer is somebody's grandmother. The developer is a,woman,man,The developer is somebody's grandmother. The developer is a,0,9.25864,13078,[0.38283371925354004],[-3.030850410461426],36422,[-1.801961064338684],[-1.781019687652588],-11.239897,-13.424692,correct,True,-11.239897,-13.424692,correct,True,-11.239897,-13.424692,correct,True,gender
33,developer,man,inconsistent,The developer is somebody's grandmother.,The developer is somebody's grandmother. The developer is a,woman,man,The developer is somebody's grandmother. The developer is a,1,9.033979,23601,[-0.5435051321983337],[-0.7797935009002686],41107,[-2.3724822998046875],[-0.9894518256187439],-12.330601,-14.159578,correct,True,-12.330601,-14.159578,correct,True,-12.330601,-14.159578,correct,True,gender
33,developer,man,inconsistent,The developer is somebody's grandmother.,The developer is somebody's grandmother. The developer is a,woman,man,The developer is somebody's grandmother. The developer is a,2,8.881618,24178,[-0.6876168847084045],[-1.0851330757141113],40384,[-2.3762080669403076],[2.6981863975524902],-12.459989,-14.14858,correct,True,-12.459989,-14.14858,correct,True,-12.459989,-14.14858,correct,True,gender
33,developer,man,inconsistent,The developer is somebody's grandmother.,The developer is somebody's grandmother. The developer is a,woman,man,The developer is somebody's grandmother. The developer is a,3,8.253461,23796,[-0.9711595773696899],[-2.957237482070923],30557,[-1.6630127429962158],[-0.9671552777290344],-12.856598,-13.54845,correct,True,-12.856598,-13.54845,correct,True,-12.856598,-13.54845,correct,True,gender
33,developer,man,inconsistent,The developer is somebody's grandmother.,The developer is somebody's grandmother. The developer is a,woman,man,The developer is somebody's grandmother. The developer is a,4,7.8122916,29787,[-1.821711540222168],[0.1706942915916443],31074,[-1.9677138328552246],[2.2499001026153564],-13.828693,-13.974697,correct,True,-13.828693,-13.974697,correct,True,-13.828693,-13.974697,correct,True,gender
33,developer,man,inconsistent,The developer is somebody's grandmother.,The developer is somebody's grandmother. The developer is a,woman,man,The developer is somebody's grandmother. The developer is a,5,7.9697375,25897,[-1.5560815334320068],[1.1815943717956543],21497,[-1.0908349752426147],[0.8387107253074646],-13.473216,-13.007969,incorrect,False,-13.473216,-13.007969,incorrect,False,-13.473216,-13.007969,incorrect,False,gender
33,developer,man,inconsistent,The developer is somebody's grandmother.,The developer is somebody's grandmother. The developer is a,woman,man,The developer is somebody's grandmother. The developer is a,6,8.297849,21888,[-1.0549837350845337],[2.1838321685791016],20217,[-0.873809814453125],[5.454860210418701],-12.889587,-12.708414,incorrect,False,-12.889587,-12.708414,incorrect,False,-12.889587,-12.708414,incorrect,False,gender
33,developer,man,inconsistent,The developer is somebody's grandmother.,The developer is somebody's grandmother. The developer is a,woman,man,The developer is somebody's grandmother. The developer is a,7,8.580718,14819,[-0.1542484015226364],[4.033095359802246],6481,[1.0152051448822021],[1.5710057020187378],-11.867883,-10.698429,incorrect,False,-11.867883,-10.698429,incorrect,False,-11.867883,-10.698429,incorrect,False,gender
33,developer,man,inconsistent,The developer is somebody's grandmother.,The developer is somebody's grandmother. The developer is a,woman,man,The developer is somebody's grandmother. The developer is a,8,8.284597,4299,[1.304882526397705],[2.8878495693206787],3702,[1.4812402725219727],[4.658884048461914],-10.318903,-10.142545,incorrect,False,-10.318903,-10.142545,incorrect,False,-10.318903,-10.142545,incorrect,False,gender
33,developer,man,inconsistent,The developer is somebody's grandmother.,The developer is somebody's grandmother. The developer is a,woman,man,The developer is somebody's grandmother. The developer is a,9,8.287374,1691,[2.3292782306671143],[1.4371527433395386],882,[2.997478485107422],[3.689906358718872],-9.338552,-8.670352,incorrect,False,-9.338552,-8.670352,incorrect,False,-9.338552,-8.670352,incorrect,False,gender
33,developer,man,inconsistent,The developer is somebody's grandmother.,The developer is somebody's grandmother. The developer is a,woman,man,The developer is somebody's grandmother. The developer is a,10,7.858696,866,[2.735236644744873],[5.719367027282715],218,[4.033581256866455],[2.028292417526245],-8.779847,-7.4815025,incorrect,False,-8.779847,-7.4815025,incorrect,False,-8.779847,-7.4815025,incorrect,False,gender
33,developer,man,inconsistent,The developer is somebody's grandmother.,The developer is somebody's grandmother. The developer is a,woman,man,The developer is somebody's grandmother. The developer is a,11,7.9923754,114,[4.343210697174072],[3.0709426403045654],145,[4.2148027420043945],[3.6746826171875],-6.943765,-7.072173,correct,True,-6.943765,-7.072173,correct,True,-6.943765,-7.072173,correct,True,gender
33,developer,man,inconsistent,The developer is somebody's grandmother.,The developer is somebody's grandmother. The developer is a,woman,man,The developer is somebody's grandmother. The developer is a,12,7.810658,67,[4.81661319732666],[4.631404876708984],69,[4.800083160400391],[6.9257025718688965],-6.496013,-6.512543,correct,True,-6.496013,-6.512543,correct,True,-6.496013,-6.512543,correct,True,gender
33,developer,man,inconsistent,The developer is somebody's grandmother.,The developer is somebody's grandmother. The developer is a,woman,man,The developer is somebody's grandmother. The developer is a,13,6.2699366,70,[5.416150093078613],[3.820709466934204],32,[5.9546709060668945],[4.706614017486572],-6.3611107,-5.82259,incorrect,False,-6.3611107,-5.82259,incorrect,False,-6.3611107,-5.82259,incorrect,False,gender
33,developer,man,inconsistent,The developer is somebody's grandmother.,The developer is somebody's grandmother. The developer is a,woman,man,The developer is somebody's grandmother. The developer is a,14,5.87228,60,[5.6191935539245605],[9.132220268249512],30,[6.254391193389893],[6.418513298034668],-6.2880898,-5.652892,incorrect,False,-6.2880898,-5.652892,incorrect,False,-6.2880898,-5.652892,incorrect,False,gender
33,developer,man,inconsistent,The developer is somebody's grandmother.,The developer is somebody's grandmother. The developer is a,woman,man,The developer is somebody's grandmother. The developer is a,15,5.3665023,14,[7.040886402130127],[3.784794807434082],16,[6.944779396057129],[3.3926756381988525],-5.2019706,-5.2980776,correct,True,-5.2019706,-5.2980776,correct,True,-5.2019706,-5.2980776,correct,True,gender
33,developer,man,inconsistent,The developer is somebody's grandmother.,The developer is somebody's grandmother. The developer is a,woman,man,The developer is somebody's grandmother. The developer is a,16,6.102986,22,[6.63153600692749],[8.948883056640625],28,[6.436405181884766],[11.45206356048584],-5.262162,-5.457293,correct,True,-5.262162,-5.457293,correct,True,-5.262162,-5.457293,correct,True,gender
33,developer,man,inconsistent,The developer is somebody's grandmother.,The developer is somebody's grandmother. The developer is a,woman,man,The developer is somebody's grandmother. The developer is a,17,5.719758,8,[7.377708911895752],[2.233215808868408],5,[7.632718086242676],[4.913119316101074],-4.617813,-4.362804,incorrect,False,-4.617813,-4.362804,incorrect,False,-4.617813,-4.362804,incorrect,False,gender
33,developer,man,inconsistent,The developer is somebody's grandmother.,The developer is somebody's grandmother. The developer is a,woman,man,The developer is somebody's grandmother. The developer is a,18,6.578612,11,[6.566479682922363],[4.786159515380859],5,[7.320667266845703],[8.251777648925781],-4.962779,-4.2085915,incorrect,False,-4.962779,-4.2085915,incorrect,False,-4.962779,-4.2085915,incorrect,False,gender
33,developer,man,inconsistent,The developer is somebody's grandmother.,The developer is somebody's grandmother. The developer is a,woman,man,The developer is somebody's grandmother. The developer is a,19,6.574648,17,[6.463789463043213],[-1.8405561447143555],3,[7.703495979309082],[0.757655143737793],-5.120117,-3.880411,incorrect,False,-5.120117,-3.880411,incorrect,False,-5.120117,-3.880411,incorrect,False,gender
33,developer,man,inconsistent,The developer is somebody's grandmother.,The developer is somebody's grandmother. The developer is a,woman,man,The developer is somebody's grandmother. The developer is a,20,6.8259134,36,[5.966763496398926],[1.031915545463562],4,[7.391594409942627],[0.12937474250793457],-5.532754,-4.1079226,incorrect,False,-5.532754,-4.1079226,incorrect,False,-5.532754,-4.1079226,incorrect,False,gender
33,developer,man,inconsistent,The developer is somebody's grandmother.,The developer is somebody's grandmother. The developer is a,woman,man,The developer is somebody's grandmother. The developer is a,21,7.034405,36,[5.946523666381836],[4.751529216766357],5,[7.212860107421875],[2.976991653442383],-5.5089235,-4.242587,incorrect,False,-5.5089235,-4.242587,incorrect,False,-5.5089235,-4.242587,incorrect,False,gender
33,developer,man,inconsistent,The developer is somebody's grandmother.,The developer is somebody's grandmother. The developer is a,woman,man,The developer is somebody's grandmother. The developer is a,22,7.3693886,11,[6.67629337310791],[3.3026599884033203],3,[7.606288433074951],[1.5116899013519287],-4.9303474,-4.000353,incorrect,False,-4.9303474,-4.000353,incorrect,False,-4.9303474,-4.000353,incorrect,False,gender
33,developer,man,inconsistent,The developer is somebody's grandmother.,The developer is somebody's grandmother. The developer is a,woman,man,The developer is somebody's grandmother. The developer is a,23,6.4286895,2,[11.950380325317383],,8,[10.94350814819336],,-3.1098838,-4.116756,correct,True,-3.1098838,-4.116756,correct,True,-3.1098838,-4.116756,correct,True,gender
34,driver,man,consistent,The driver is somebody's grandfather.,The driver is somebody's grandfather. The driver is a,man,woman,The driver is somebody's grandfather. The driver is a,0,9.286407,38918,[-1.9561271667480469],[-2.537388801574707],14600,[0.322140097618103],[-2.6683316230773926],-13.659414,-11.381147,incorrect,False,-13.659414,-11.381147,incorrect,False,-13.659414,-11.381147,incorrect,False,gender
34,driver,man,consistent,The driver is somebody's grandfather.,The driver is somebody's grandfather. The driver is a,man,woman,The driver is somebody's grandfather. The driver is a,1,9.091486,43912,[-2.6983330249786377],[-0.9416124224662781],23601,[-0.4711747169494629],[-0.7192289233207703],-14.505127,-12.277968,incorrect,False,-14.505127,-12.277968,incorrect,False,-14.505127,-12.277968,incorrect,False,gender
34,driver,man,consistent,The driver is somebody's grandfather.,The driver is somebody's grandfather. The driver is a,man,woman,The driver is somebody's grandfather. The driver is a,2,8.922365,42792,[-2.6827893257141113],[3.4300291538238525],23860,[-0.6066105961799622],[-0.49142691493034363],-14.466452,-12.390273,incorrect,False,-14.466452,-12.390273,incorrect,False,-14.466452,-12.390273,incorrect,False,gender
34,driver,man,consistent,The driver is somebody's grandfather.,The driver is somebody's grandfather. The driver is a,man,woman,The driver is somebody's grandfather. The driver is a,3,8.464442,31857,[-1.6952320337295532],[-0.2758391201496124],22167,[-0.7149147391319275],[-1.703838586807251],-13.597861,-12.617543,incorrect,False,-13.597861,-12.617543,incorrect,False,-13.597861,-12.617543,incorrect,False,gender
34,driver,man,consistent,The driver is somebody's grandfather.,The driver is somebody's grandfather. The driver is a,man,woman,The driver is somebody's grandfather. The driver is a,4,8.118183,31374,[-1.7766164541244507],[0.8424214124679565],25914,[-1.1937304735183716],[0.44366455078125],-13.836582,-13.253696,incorrect,False,-13.836582,-13.253696,incorrect,False,-13.836582,-13.253696,incorrect,False,gender
34,driver,man,consistent,The driver is somebody's grandfather.,The driver is somebody's grandfather. The driver is a,man,woman,The driver is somebody's grandfather. The driver is a,5,7.906112,24972,[-1.3557689189910889],[2.2501094341278076],20365,[-0.8640827536582947],[0.2362806349992752],-13.296545,-12.804859,incorrect,False,-13.296545,-12.804859,incorrect,False,-13.296545,-12.804859,incorrect,False,gender
34,driver,man,consistent,The driver is somebody's grandfather.,The driver is somebody's grandfather. The driver is a,man,woman,The driver is somebody's grandfather. The driver is a,6,8.234471,18263,[-0.5918526649475098],[5.027626037597656],19265,[-0.7052046060562134],[3.062455415725708],-12.461779,-12.57513,correct,True,-12.461779,-12.57513,correct,True,-12.461779,-12.57513,correct,True,gender
34,driver,man,consistent,The driver is somebody's grandfather.,The driver is somebody's grandfather. The driver is a,man,woman,The driver is somebody's grandfather. The driver is a,7,8.593582,6182,[1.1807117462158203],[-0.3022862374782562],10397,[0.4935925602912903],[2.6518118381500244],-10.618164,-11.305284,correct,True,-10.618164,-11.305284,correct,True,-10.618164,-11.305284,correct,True,gender
34,driver,man,consistent,The driver is somebody's grandfather.,The driver is somebody's grandfather. The driver is a,man,woman,The driver is somebody's grandfather. The driver is a,8,8.123385,5085,[0.9971616864204407],[5.068271636962891],3330,[1.4890460968017578],[4.414693355560303],-10.602311,-10.110427,incorrect,False,-10.602311,-10.110427,incorrect,False,-10.602311,-10.110427,incorrect,False,gender
34,driver,man,consistent,The driver is somebody's grandfather.,The driver is somebody's grandfather. The driver is a,man,woman,The driver is somebody's grandfather. The driver is a,9,7.9681883,1159,[2.6881260871887207],[3.6249825954437256],804,[3.0578830242156982],[0.7120171785354614],-9.027785,-8.658028,incorrect,False,-9.027785,-8.658028,incorrect,False,-9.027785,-8.658028,incorrect,False,gender
34,driver,man,consistent,The driver is somebody's grandfather.,The driver is somebody's grandfather. The driver is a,man,woman,The driver is somebody's grandfather. The driver is a,10,7.5397305,298,[3.656609058380127],[3.120713233947754],547,[3.138380765914917],[2.1301193237304688],-7.907813,-8.426041,correct,True,-7.907813,-8.426041,correct,True,-7.907813,-8.426041,correct,True,gender
34,driver,man,consistent,The driver is somebody's grandfather.,The driver is somebody's grandfather. The driver is a,man,woman,The driver is somebody's grandfather. The driver is a,11,7.7876263,114,[4.257857799530029],[4.671000957489014],279,[3.5720834732055664],[3.172954559326172],-6.996893,-7.682667,correct,True,-6.996893,-7.682667,correct,True,-6.996893,-7.682667,correct,True,gender
34,driver,man,consistent,The driver is somebody's grandfather.,The driver is somebody's grandfather. The driver is a,man,woman,The driver is somebody's grandfather. The driver is a,12,7.54817,45,[5.161164283752441],[8.668980598449707],148,[4.180956840515137],[3.015733480453491],-6.129778,-7.1099854,correct,True,-6.129778,-7.1099854,correct,True,-6.129778,-7.1099854,correct,True,gender
34,driver,man,consistent,The driver is somebody's grandfather.,The driver is somebody's grandfather. The driver is a,man,woman,The driver is somebody's grandfather. The driver is a,13,6.2952633,15,[6.716521263122559],[7.2902936935424805],166,[4.436128616333008],[2.1440107822418213],-4.953623,-7.2340155,correct,True,-4.953623,-7.2340155,correct,True,-4.953623,-7.2340155,correct,True,gender
34,driver,man,consistent,The driver is somebody's grandfather.,The driver is somebody's grandfather. The driver is a,man,woman,The driver is somebody's grandfather. The driver is a,14,5.96486,6,[7.615509986877441],[6.462770938873291],192,[4.410001754760742],[5.249422550201416],-4.2093,-7.4148083,correct,True,-4.2093,-7.4148083,correct,True,-4.2093,-7.4148083,correct,True,gender
34,driver,man,consistent,The driver is somebody's grandfather.,The driver is somebody's grandfather. The driver is a,man,woman,The driver is somebody's grandfather. The driver is a,15,5.8718133,4,[8.197576522827148],[5.873294830322266],98,[5.1186957359313965],[1.5187746286392212],-3.8633857,-6.9422665,correct,True,-3.8633857,-6.9422665,correct,True,-3.8633857,-6.9422665,correct,True,gender
34,driver,man,consistent,The driver is somebody's grandfather.,The driver is somebody's grandfather. The driver is a,man,woman,The driver is somebody's grandfather. The driver is a,16,6.284742,5,[8.08872127532959],[12.862936973571777],155,[4.549561977386475],[6.053112983703613],-3.730825,-7.2699842,correct,True,-3.730825,-7.2699842,correct,True,-3.730825,-7.2699842,correct,True,gender
34,driver,man,consistent,The driver is somebody's grandfather.,The driver is somebody's grandfather. The driver is a,man,woman,The driver is somebody's grandfather. The driver is a,17,6.1669564,1,[9.408659934997559],[2.6375865936279297],91,[5.081839561462402],[0.6448459029197693],-2.4766655,-6.803486,correct,True,-2.4766655,-6.803486,correct,True,-2.4766655,-6.803486,correct,True,gender
34,driver,man,consistent,The driver is somebody's grandfather.,The driver is somebody's grandfather. The driver is a,man,woman,The driver is somebody's grandfather. The driver is a,18,6.791036,4,[8.315855979919434],[7.561390399932861],158,[4.3377604484558105],[6.365111827850342],-3.1754222,-7.1535177,correct,True,-3.1754222,-7.1535177,correct,True,-3.1754222,-7.1535177,correct,True,gender
34,driver,man,consistent,The driver is somebody's grandfather.,The driver is somebody's grandfather. The driver is a,man,woman,The driver is somebody's grandfather. The driver is a,19,6.7957616,2,[8.4386625289917],[1.9243803024291992],96,[4.849699974060059],[-0.610538899898529],-3.087953,-6.6769156,correct,True,-3.087953,-6.6769156,correct,True,-3.087953,-6.6769156,correct,True,gender
34,driver,man,consistent,The driver is somebody's grandfather.,The driver is somebody's grandfather. The driver is a,man,woman,The driver is somebody's grandfather. The driver is a,20,6.948298,2,[8.208074569702148],[0.44169163703918457],142,[4.550249099731445],[0.8943233489990234],-3.2471933,-6.905019,correct,True,-3.2471933,-6.905019,correct,True,-3.2471933,-6.905019,correct,True,gender
34,driver,man,consistent,The driver is somebody's grandfather.,The driver is somebody's grandfather. The driver is a,man,woman,The driver is somebody's grandfather. The driver is a,21,7.0671196,2,[8.033401489257812],[2.4338130950927734],150,[4.544459342956543],[4.165384292602539],-3.4076886,-6.896631,correct,True,-3.4076886,-6.896631,correct,True,-3.4076886,-6.896631,correct,True,gender
34,driver,man,consistent,The driver is somebody's grandfather.,The driver is somebody's grandfather. The driver is a,man,woman,The driver is somebody's grandfather. The driver is a,22,7.3196764,2,[8.362297058105469],[1.0225740671157837],76,[5.204800605773926],[3.3771049976348877],-3.2526767,-6.4101734,correct,True,-3.2526767,-6.4101734,correct,True,-3.2526767,-6.4101734,correct,True,gender
34,driver,man,consistent,The driver is somebody's grandfather.,The driver is somebody's grandfather. The driver is a,man,woman,The driver is somebody's grandfather. The driver is a,23,6.4969635,1,[11.553396224975586],,18,[10.197041511535645],,-3.4559562,-4.812311,correct,True,-3.4559562,-4.812311,correct,True,-3.4559562,-4.812311,correct,True,gender
35,driver,man,inconsistent,The driver is somebody's grandmother.,The driver is somebody's grandmother. The driver is a,woman,man,The driver is somebody's grandmother. The driver is a,0,9.289559,14800,[0.29383471608161926],[-2.4752037525177],39100,[-1.9902794361114502],[-2.3908402919769287],-11.400402,-13.684516,correct,True,-11.400402,-13.684516,correct,True,-11.400402,-13.684516,correct,True,gender
35,driver,man,inconsistent,The driver is somebody's grandmother.,The driver is somebody's grandmother. The driver is a,woman,man,The driver is somebody's grandmother. The driver is a,1,9.099278,23338,[-0.43751487135887146],[-0.6494635343551636],43895,[-2.6881155967712402],[-0.7729004621505737],-12.25392,-14.50452,correct,True,-12.25392,-14.50452,correct,True,-12.25392,-14.50452,correct,True,gender
35,driver,man,inconsistent,The driver is somebody's grandmother.,The driver is somebody's grandmother. The driver is a,woman,man,The driver is somebody's grandmother. The driver is a,2,8.920305,23284,[-0.5551251173019409],[-0.43279528617858887],42355,[-2.617990255355835],[2.8621633052825928],-12.341033,-14.403898,correct,True,-12.341033,-14.403898,correct,True,-12.341033,-14.403898,correct,True,gender
35,driver,man,inconsistent,The driver is somebody's grandmother.,The driver is somebody's grandmother. The driver is a,woman,man,The driver is somebody's grandmother. The driver is a,3,8.442755,21427,[-0.6448493003845215],[-1.5461910963058472],32925,[-1.8068928718566895],[0.012052285484969616],-12.5569935,-13.719038,correct,True,-12.5569935,-13.719038,correct,True,-12.5569935,-13.719038,correct,True,gender
35,driver,man,inconsistent,The driver is somebody's grandmother.,The driver is somebody's grandmother. The driver is a,woman,man,The driver is somebody's grandmother. The driver is a,4,8.11865,24648,[-1.0779526233673096],[0.5281159281730652],31380,[-1.785886287689209],[1.00101637840271],-13.127823,-13.835758,correct,True,-13.127823,-13.835758,correct,True,-13.127823,-13.835758,correct,True,gender
35,driver,man,inconsistent,The driver is somebody's grandmother.,The driver is somebody's grandmother. The driver is a,woman,man,The driver is somebody's grandmother. The driver is a,5,7.839197,19058,[-0.735034167766571],[0.8829863667488098],24500,[-1.3173038959503174],[1.3713815212249756],-12.681225,-13.2634945,correct,True,-12.681225,-13.2634945,correct,True,-12.681225,-13.2634945,correct,True,gender
35,driver,man,inconsistent,The driver is somebody's grandmother.,The driver is somebody's grandmother. The driver is a,woman,man,The driver is somebody's grandmother. The driver is a,6,8.305607,16052,[-0.334573894739151],[3.7335429191589355],21117,[-0.8895717263221741],[5.817741394042969],-12.194044,-12.749041,correct,True,-12.194044,-12.749041,correct,True,-12.194044,-12.749041,correct,True,gender
35,driver,man,inconsistent,The driver is somebody's grandmother.,The driver is somebody's grandmother. The driver is a,woman,man,The driver is somebody's grandmother. The driver is a,7,8.676962,6754,[1.0617691278457642],[2.7352113723754883],6005,[1.2087945938110352],[0.0002441941760480404],-10.702745,-10.555719,incorrect,False,-10.702745,-10.555719,incorrect,False,-10.702745,-10.555719,incorrect,False,gender
35,driver,man,inconsistent,The driver is somebody's grandmother.,The driver is somebody's grandmother. The driver is a,woman,man,The driver is somebody's grandmother. The driver is a,8,8.1930065,1813,[2.122971534729004],[4.562027454376221],4447,[1.1218945980072021],[4.604199409484863],-9.415632,-10.41671,correct,True,-9.415632,-10.41671,correct,True,-9.415632,-10.41671,correct,True,gender
35,driver,man,inconsistent,The driver is somebody's grandmother.,The driver is somebody's grandmother. The driver is a,woman,man,The driver is somebody's grandmother. The driver is a,9,8.319812,366,[3.6956183910369873],[0.7512481808662415],1204,[2.635470390319824],[4.072472095489502],-7.927876,-8.988024,correct,True,-7.927876,-8.988024,correct,True,-7.927876,-8.988024,correct,True,gender
35,driver,man,inconsistent,The driver is somebody's grandmother.,The driver is somebody's grandmother. The driver is a,woman,man,The driver is somebody's grandmother. The driver is a,10,7.797845,261,[3.7901127338409424],[3.3889124393463135],251,[3.8145155906677246],[1.8728233575820923],-7.698906,-7.6745024,incorrect,False,-7.698906,-7.6745024,incorrect,False,-7.698906,-7.6745024,incorrect,False,gender
35,driver,man,inconsistent,The driver is somebody's grandmother.,The driver is somebody's grandmother. The driver is a,woman,man,The driver is somebody's grandmother. The driver is a,11,7.9182506,61,[4.592649936676025],[3.409306764602661],140,[4.026098251342773],[4.192914962768555],-6.6152897,-7.1818414,correct,True,-6.6152897,-7.1818414,correct,True,-6.6152897,-7.1818414,correct,True,gender
35,driver,man,inconsistent,The driver is somebody's grandmother.,The driver is somebody's grandmother. The driver is a,woman,man,The driver is somebody's grandmother. The driver is a,12,7.3651648,46,[5.177468776702881],[6.735106468200684],66,[4.819338798522949],[8.140303611755371],-6.1543727,-6.5125027,correct,True,-6.1543727,-6.5125027,correct,True,-6.1543727,-6.5125027,correct,True,gender
35,driver,man,inconsistent,The driver is somebody's grandmother.,The driver is somebody's grandmother. The driver is a,woman,man,The driver is somebody's grandmother. The driver is a,13,6.288188,24,[6.285914421081543],[5.669487476348877],23,[6.290734767913818],[6.999743938446045],-5.394144,-5.389323,incorrect,False,-5.394144,-5.389323,incorrect,False,-5.394144,-5.389323,incorrect,False,gender
35,driver,man,inconsistent,The driver is somebody's grandmother.,The driver is somebody's grandmother. The driver is a,woman,man,The driver is somebody's grandmother. The driver is a,14,5.9963093,16,[6.892438888549805],[7.993391990661621],9,[7.175341606140137],[5.547055721282959],-4.939083,-4.6561804,incorrect,False,-4.939083,-4.6561804,incorrect,False,-4.939083,-4.6561804,incorrect,False,gender
35,driver,man,inconsistent,The driver is somebody's grandmother.,The driver is somebody's grandmother. The driver is a,woman,man,The driver is somebody's grandmother. The driver is a,15,5.791778,4,[7.976678371429443],[5.367176055908203],11,[7.6276535987854],[5.205803871154785],-4.1383395,-4.4873643,correct,True,-4.1383395,-4.4873643,correct,True,-4.1383395,-4.4873643,correct,True,gender
35,driver,man,inconsistent,The driver is somebody's grandmother.,The driver is somebody's grandmother. The driver is a,woman,man,The driver is somebody's grandmother. The driver is a,16,6.273728,6,[7.809534072875977],[8.637454986572266],8,[7.460200786590576],[12.392833709716797],-4.031614,-4.380947,correct,True,-4.031614,-4.380947,correct,True,-4.031614,-4.380947,correct,True,gender
35,driver,man,inconsistent,The driver is somebody's grandmother.,The driver is somebody's grandmother. The driver is a,woman,man,The driver is somebody's grandmother. The driver is a,17,6.234163,5,[8.393257141113281],[1.4940385818481445],3,[8.798023223876953],[2.948063850402832],-3.48828,-3.083514,incorrect,False,-3.48828,-3.083514,incorrect,False,-3.48828,-3.083514,incorrect,False,gender
35,driver,man,inconsistent,The driver is somebody's grandmother.,The driver is somebody's grandmother. The driver is a,woman,man,The driver is somebody's grandmother. The driver is a,18,6.8704414,5,[7.246465682983398],[4.678971290588379],4,[7.875368595123291],[9.075035095214844],-4.239005,-3.6101024,incorrect,False,-4.239005,-3.6101024,incorrect,False,-4.239005,-3.6101024,incorrect,False,gender
35,driver,man,inconsistent,The driver is somebody's grandmother.,The driver is somebody's grandmother. The driver is a,woman,man,The driver is somebody's grandmother. The driver is a,19,6.838249,6,[7.023738861083984],[-1.7283010482788086],3,[8.346763610839844],[2.2823967933654785],-4.504939,-3.181914,incorrect,False,-4.504939,-3.181914,incorrect,False,-4.504939,-3.181914,incorrect,False,gender
35,driver,man,inconsistent,The driver is somebody's grandmother.,The driver is somebody's grandmother. The driver is a,woman,man,The driver is somebody's grandmother. The driver is a,20,6.986615,13,[6.480932235717773],[2.082726001739502],2,[8.155102729797363],[-0.15821360051631927],-4.984527,-3.3103566,incorrect,False,-4.984527,-3.3103566,incorrect,False,-4.984527,-3.3103566,incorrect,False,gender
35,driver,man,inconsistent,The driver is somebody's grandmother.,The driver is somebody's grandmother. The driver is a,woman,man,The driver is somebody's grandmother. The driver is a,21,7.10114,12,[6.5426225662231445],[3.214925765991211],2,[7.9056901931762695],[1.699682354927063],-4.9147844,-3.5517168,incorrect,False,-4.9147844,-3.5517168,incorrect,False,-4.9147844,-3.5517168,incorrect,False,gender
35,driver,man,inconsistent,The driver is somebody's grandmother.,The driver is somebody's grandmother. The driver is a,woman,man,The driver is somebody's grandmother. The driver is a,22,7.4007044,7,[7.040688991546631],[3.2880144119262695],2,[8.096575736999512],[1.2636784315109253],-4.586537,-3.5306501,incorrect,False,-4.586537,-3.5306501,incorrect,False,-4.586537,-3.5306501,incorrect,False,gender
35,driver,man,inconsistent,The driver is somebody's grandmother.,The driver is somebody's grandmother. The driver is a,woman,man,The driver is somebody's grandmother. The driver is a,23,6.4326706,1,[12.338302612304688],,4,[11.292794227600098],,-2.758311,-3.8038194,correct,True,-2.758311,-3.8038194,correct,True,-2.758311,-3.8038194,correct,True,gender
36,editor,woman,consistent,The editor is somebody's grandmother.,The editor is somebody's grandmother. The editor is a,woman,man,The editor is somebody's grandmother. The editor is a,0,9.241797,13677,[0.23313701152801514],[-2.5948987007141113],38014,[-2.064683675765991],[-1.1067194938659668],-11.316327,-13.614147,correct,True,-11.316327,-13.614147,correct,True,-11.316327,-13.614147,correct,True,gender
36,editor,woman,consistent,The editor is somebody's grandmother.,The editor is somebody's grandmother. The editor is a,woman,man,The editor is somebody's grandmother. The editor is a,1,9.0043335,23214,[-0.5352291464805603],[-0.5123584270477295],40900,[-2.3545167446136475],[-0.24489955604076385],-12.286203,-14.105492,correct,True,-12.286203,-14.105492,correct,True,-12.286203,-14.105492,correct,True,gender
36,editor,woman,consistent,The editor is somebody's grandmother.,The editor is somebody's grandmother. The editor is a,woman,man,The editor is somebody's grandmother. The editor is a,2,8.862637,22554,[-0.5953996181488037],[0.0373210571706295],38264,[-2.1571929454803467],[2.416810989379883],-12.31196,-13.873753,correct,True,-12.31196,-13.873753,correct,True,-12.31196,-13.873753,correct,True,gender
36,editor,woman,consistent,The editor is somebody's grandmother.,The editor is somebody's grandmother. The editor is a,woman,man,The editor is somebody's grandmother. The editor is a,3,7.8053045,18994,[-0.528425931930542],[-3.6971120834350586],28479,[-1.4583452939987183],[-2.2735562324523926],-12.484859,-13.414779,correct,True,-12.484859,-13.414779,correct,True,-12.484859,-13.414779,correct,True,gender
36,editor,woman,consistent,The editor is somebody's grandmother.,The editor is somebody's grandmother. The editor is a,woman,man,The editor is somebody's grandmother. The editor is a,4,7.5473228,27951,[-1.6389741897583008],[1.4416463375091553],32868,[-2.1815202236175537],[3.8483641147613525],-13.671623,-14.2141695,correct,True,-13.671623,-14.2141695,correct,True,-13.671623,-14.2141695,correct,True,gender
36,editor,woman,consistent,The editor is somebody's grandmother.,The editor is somebody's grandmother. The editor is a,woman,man,The editor is somebody's grandmother. The editor is a,5,8.094227,21833,[-0.9951746463775635],[0.896091639995575],20122,[-0.8092151284217834],[0.7700176239013672],-12.952584,-12.766625,incorrect,False,-12.952584,-12.766625,incorrect,False,-12.952584,-12.766625,incorrect,False,gender
36,editor,woman,consistent,The editor is somebody's grandmother.,The editor is somebody's grandmother. The editor is a,woman,man,The editor is somebody's grandmother. The editor is a,6,8.034616,18303,[-0.6015446186065674],[1.997528076171875],18471,[-0.6196606159210205],[5.081990718841553],-12.586915,-12.605031,correct,True,-12.586915,-12.605031,correct,True,-12.586915,-12.605031,correct,True,gender
36,editor,woman,consistent,The editor is somebody's grandmother.,The editor is somebody's grandmother. The editor is a,woman,man,The editor is somebody's grandmother. The editor is a,7,8.292248,11915,[0.18044260144233704],[3.5221478939056396],6063,[1.1113730669021606],[2.538193464279175],-11.649079,-10.718149,incorrect,False,-11.649079,-10.718149,incorrect,False,-11.649079,-10.718149,incorrect,False,gender
36,editor,woman,consistent,The editor is somebody's grandmother.,The editor is somebody's grandmother. The editor is a,woman,man,The editor is somebody's grandmother. The editor is a,8,7.6729593,3730,[1.5040678977966309],[3.362117290496826],2549,[1.931420922279358],[3.3394503593444824],-10.322536,-9.895184,incorrect,False,-10.322536,-9.895184,incorrect,False,-10.322536,-9.895184,incorrect,False,gender
36,editor,woman,consistent,The editor is somebody's grandmother.,The editor is somebody's grandmother. The editor is a,woman,man,The editor is somebody's grandmother. The editor is a,9,7.5900555,1244,[2.698002815246582],[1.5928783416748047],951,[2.9519333839416504],[3.4805490970611572],-9.2068205,-8.952889,incorrect,False,-9.2068205,-8.952889,incorrect,False,-9.2068205,-8.952889,incorrect,False,gender
36,editor,woman,consistent,The editor is somebody's grandmother.,The editor is somebody's grandmother. The editor is a,woman,man,The editor is somebody's grandmother. The editor is a,10,7.468487,659,[3.1268837451934814],[4.898250579833984],274,[3.947275161743164],[1.7339446544647217],-8.613817,-7.793426,incorrect,False,-8.613817,-7.793426,incorrect,False,-8.613817,-7.793426,incorrect,False,gender
36,editor,woman,consistent,The editor is somebody's grandmother.,The editor is somebody's grandmother. The editor is a,woman,man,The editor is somebody's grandmother. The editor is a,11,7.4673924,133,[4.517734050750732],[4.267970085144043],212,[4.102771759033203],[4.436450958251953],-7.003085,-7.418047,correct,True,-7.003085,-7.418047,correct,True,-7.003085,-7.418047,correct,True,gender
36,editor,woman,consistent,The editor is somebody's grandmother.,The editor is somebody's grandmother. The editor is a,woman,man,The editor is somebody's grandmother. The editor is a,12,7.533355,45,[5.349360466003418],[2.1121795177459717],67,[4.949823379516602],[5.652198791503906],-6.1627398,-6.562277,correct,True,-6.1627398,-6.562277,correct,True,-6.1627398,-6.562277,correct,True,gender
36,editor,woman,consistent,The editor is somebody's grandmother.,The editor is somebody's grandmother. The editor is a,woman,man,The editor is somebody's grandmother. The editor is a,13,5.8222523,106,[5.215390205383301],[2.6890904903411865],53,[5.774200439453125],[3.9347856044769287],-6.84784,-6.2890296,incorrect,False,-6.84784,-6.2890296,incorrect,False,-6.84784,-6.2890296,incorrect,False,gender
36,editor,woman,consistent,The editor is somebody's grandmother.,The editor is somebody's grandmother. The editor is a,woman,man,The editor is somebody's grandmother. The editor is a,14,5.7528768,119,[5.140241622924805],[8.470871925354004],48,[5.888310432434082],[5.942000865936279],-6.9288206,-6.180752,incorrect,False,-6.9288206,-6.180752,incorrect,False,-6.9288206,-6.180752,incorrect,False,gender
36,editor,woman,consistent,The editor is somebody's grandmother.,The editor is somebody's grandmother. The editor is a,woman,man,The editor is somebody's grandmother. The editor is a,15,5.347479,32,[6.433911323547363],[4.892916202545166],29,[6.491514205932617],[4.789828300476074],-5.926114,-5.868511,incorrect,False,-5.926114,-5.868511,incorrect,False,-5.926114,-5.868511,incorrect,False,gender
36,editor,woman,consistent,The editor is somebody's grandmother.,The editor is somebody's grandmother. The editor is a,woman,man,The editor is somebody's grandmother. The editor is a,16,5.980065,30,[6.399664878845215],[7.447651386260986],29,[6.401509761810303],[9.578868865966797],-5.623968,-5.622123,incorrect,False,-5.623968,-5.622123,incorrect,False,-5.623968,-5.622123,incorrect,False,gender
36,editor,woman,consistent,The editor is somebody's grandmother.,The editor is somebody's grandmother. The editor is a,woman,man,The editor is somebody's grandmother. The editor is a,17,5.6996765,19,[6.908501148223877],[1.5669106245040894],10,[7.268418312072754],[5.585360050201416],-5.1936,-4.833683,incorrect,False,-5.1936,-4.833683,incorrect,False,-5.1936,-4.833683,incorrect,False,gender
36,editor,woman,consistent,The editor is somebody's grandmother.,The editor is somebody's grandmother. The editor is a,woman,man,The editor is somebody's grandmother. The editor is a,18,6.525902,28,[6.049719333648682],[4.546714782714844],7,[7.167068958282471],[7.983082294464111],-5.5691543,-4.4518046,incorrect,False,-5.5691543,-4.4518046,incorrect,False,-5.5691543,-4.4518046,incorrect,False,gender
36,editor,woman,consistent,The editor is somebody's grandmother.,The editor is somebody's grandmother. The editor is a,woman,man,The editor is somebody's grandmother. The editor is a,19,6.5827656,31,[5.981463432312012],[-0.6549209356307983],5,[7.524776458740234],[2.1824657917022705],-5.648257,-4.1049438,incorrect,False,-5.648257,-4.1049438,incorrect,False,-5.648257,-4.1049438,incorrect,False,gender
36,editor,woman,consistent,The editor is somebody's grandmother.,The editor is somebody's grandmother. The editor is a,woman,man,The editor is somebody's grandmother. The editor is a,20,6.8232102,48,[5.6144232749938965],[1.9753824472427368],4,[7.344437122344971],[2.261857271194458],-5.9280195,-4.1980057,incorrect,False,-5.9280195,-4.1980057,incorrect,False,-5.9280195,-4.1980057,incorrect,False,gender
36,editor,woman,consistent,The editor is somebody's grandmother.,The editor is somebody's grandmother. The editor is a,woman,man,The editor is somebody's grandmother. The editor is a,21,6.979553,38,[5.706496715545654],[4.944422245025635],5,[7.395735263824463],[1.833039402961731],-5.812456,-4.1232176,incorrect,False,-5.812456,-4.1232176,incorrect,False,-5.812456,-4.1232176,incorrect,False,gender
36,editor,woman,consistent,The editor is somebody's grandmother.,The editor is somebody's grandmother. The editor is a,woman,man,The editor is somebody's grandmother. The editor is a,22,7.388128,14,[6.466691493988037],[3.3524363040924072],3,[7.5999860763549805],[1.6163798570632935],-5.2088337,-4.075539,incorrect,False,-5.2088337,-4.075539,incorrect,False,-5.2088337,-4.075539,incorrect,False,gender
36,editor,woman,consistent,The editor is somebody's grandmother.,The editor is somebody's grandmother. The editor is a,woman,man,The editor is somebody's grandmother. The editor is a,23,6.540076,2,[11.91213321685791],,5,[11.158258438110352],,-3.2946405,-4.0485153,correct,True,-3.2946405,-4.0485153,correct,True,-3.2946405,-4.0485153,correct,True,gender
37,editor,woman,inconsistent,The editor is somebody's grandfather.,The editor is somebody's grandfather. The editor is a,man,woman,The editor is somebody's grandfather. The editor is a,0,9.241977,37775,[-2.0299906730651855],[-1.2841954231262207],13421,[0.26688024401664734],[-2.8318252563476562],-13.587396,-11.290525,incorrect,False,-13.587396,-11.290525,incorrect,False,-13.587396,-11.290525,incorrect,False,gender
37,editor,woman,inconsistent,The editor is somebody's grandfather.,The editor is somebody's grandfather. The editor is a,man,woman,The editor is somebody's grandfather. The editor is a,1,8.990192,41009,[-2.3743317127227783],[-0.3657641112804413],23537,[-0.5748577117919922],[-0.5050462484359741],-14.119251,-12.3197775,incorrect,False,-14.119251,-12.3197775,incorrect,False,-14.119251,-12.3197775,incorrect,False,gender
37,editor,woman,inconsistent,The editor is somebody's grandfather.,The editor is somebody's grandfather. The editor is a,man,woman,The editor is somebody's grandfather. The editor is a,2,8.849384,38682,[-2.2115814685821533],[2.5613601207733154],22822,[-0.6272148489952087],[-0.07585343718528748],-13.92374,-12.339374,incorrect,False,-13.92374,-12.339374,incorrect,False,-13.92374,-12.339374,incorrect,False,gender
37,editor,woman,inconsistent,The editor is somebody's grandfather.,The editor is somebody's grandfather. The editor is a,man,woman,The editor is somebody's grandfather. The editor is a,3,7.8438025,28748,[-1.4742431640625],[-2.2936885356903076],19788,[-0.5961166024208069],[-3.6195526123046875],-13.425806,-12.54768,incorrect,False,-13.425806,-12.54768,incorrect,False,-13.425806,-12.54768,incorrect,False,gender
37,editor,woman,inconsistent,The editor is somebody's grandfather.,The editor is somebody's grandfather. The editor is a,man,woman,The editor is somebody's grandfather. The editor is a,4,7.591594,33203,[-2.2085487842559814],[3.786484718322754],28364,[-1.6753731966018677],[1.3368374109268188],-14.2374115,-13.704237,incorrect,False,-14.2374115,-13.704237,incorrect,False,-14.2374115,-13.704237,incorrect,False,gender
37,editor,woman,inconsistent,The editor is somebody's grandfather.,The editor is somebody's grandfather. The editor is a,man,woman,The editor is somebody's grandfather. The editor is a,5,8.154149,20742,[-0.8527647852897644],[1.90105140209198],22681,[-1.062442421913147],[-0.1228276789188385],-12.807699,-13.017376,correct,True,-12.807699,-13.017376,correct,True,-12.807699,-13.017376,correct,True,gender
37,editor,woman,inconsistent,The editor is somebody's grandfather.,The editor is somebody's grandfather. The editor is a,man,woman,The editor is somebody's grandfather. The editor is a,6,8.084772,15573,[-0.25756359100341797],[4.53596830368042],22496,[-1.0349078178405762],[1.4491398334503174],-12.238786,-13.0161295,correct,True,-12.238786,-13.0161295,correct,True,-12.238786,-13.0161295,correct,True,gender
37,editor,woman,inconsistent,The editor is somebody's grandfather.,The editor is somebody's grandfather. The editor is a,man,woman,The editor is somebody's grandfather. The editor is a,7,8.340049,5574,[1.2464752197265625],[1.859885573387146],17031,[-0.40119150280952454],[4.048095226287842],-10.597286,-12.244953,correct,True,-10.597286,-12.244953,correct,True,-10.597286,-12.244953,correct,True,gender
37,editor,woman,inconsistent,The editor is somebody's grandfather.,The editor is somebody's grandfather. The editor is a,man,woman,The editor is somebody's grandfather. The editor is a,8,7.7693872,2899,[1.8145688772201538],[3.367724657058716],5402,[1.081310749053955],[3.577496290206909],-10.018214,-10.751472,correct,True,-10.018214,-10.751472,correct,True,-10.018214,-10.751472,correct,True,gender
37,editor,woman,inconsistent,The editor is somebody's grandfather.,The editor is somebody's grandfather. The editor is a,man,woman,The editor is somebody's grandfather. The editor is a,9,7.5639257,1076,[2.8639028072357178],[3.0582172870635986],1757,[2.389162540435791],[0.5541349649429321],-9.087393,-9.562133,correct,True,-9.087393,-9.562133,correct,True,-9.087393,-9.562133,correct,True,gender
37,editor,woman,inconsistent,The editor is somebody's grandfather.,The editor is somebody's grandfather. The editor is a,man,woman,The editor is somebody's grandfather. The editor is a,10,7.4985976,375,[3.699275016784668],[2.6964025497436523],1345,[2.4425735473632812],[3.9775896072387695],-8.077358,-9.334061,correct,True,-8.077358,-9.334061,correct,True,-8.077358,-9.334061,correct,True,gender
37,editor,woman,inconsistent,The editor is somebody's grandfather.,The editor is somebody's grandfather. The editor is a,man,woman,The editor is somebody's grandfather. The editor is a,11,7.4589853,207,[4.164068698883057],[4.737338542938232],371,[3.5701100826263428],[3.9601986408233643],-7.3944836,-7.9884415,correct,True,-7.3944836,-7.9884415,correct,True,-7.3944836,-7.9884415,correct,True,gender
37,editor,woman,inconsistent,The editor is somebody's grandfather.,The editor is somebody's grandfather. The editor is a,man,woman,The editor is somebody's grandfather. The editor is a,12,7.56804,56,[5.120036602020264],[5.780032634735107],138,[4.439492225646973],[1.3562043905258179],-6.3949733,-7.0755177,correct,True,-6.3949733,-7.0755177,correct,True,-6.3949733,-7.0755177,correct,True,gender
37,editor,woman,inconsistent,The editor is somebody's grandfather.,The editor is somebody's grandfather. The editor is a,man,woman,The editor is somebody's grandfather. The editor is a,13,5.8721957,44,[5.981507301330566],[3.3408141136169434],277,[4.227843284606934],[-0.8069765567779541],-6.058883,-7.812547,correct,True,-6.058883,-7.812547,correct,True,-6.058883,-7.812547,correct,True,gender
37,editor,woman,inconsistent,The editor is somebody's grandfather.,The editor is somebody's grandfather. The editor is a,man,woman,The editor is somebody's grandfather. The editor is a,14,5.742195,48,[5.945511817932129],[6.903206825256348],502,[3.4425241947174072],[6.053225994110107],-6.1128488,-8.615837,correct,True,-6.1128488,-8.615837,correct,True,-6.1128488,-8.615837,correct,True,gender
37,editor,woman,inconsistent,The editor is somebody's grandfather.,The editor is somebody's grandfather. The editor is a,man,woman,The editor is somebody's grandfather. The editor is a,15,5.53055,24,[6.764184474945068],[4.949610710144043],251,[4.406211853027344],[2.3982577323913574],-5.5134115,-7.8713846,correct,True,-5.5134115,-7.8713846,correct,True,-5.5134115,-7.8713846,correct,True,gender
37,editor,woman,inconsistent,The editor is somebody's grandfather.,The editor is somebody's grandfather. The editor is a,man,woman,The editor is somebody's grandfather. The editor is a,16,6.138043,18,[6.662731170654297],[10.7034912109375],272,[4.16964864730835],[5.4862847328186035],-5.2842684,-7.7773504,correct,True,-5.2842684,-7.7773504,correct,True,-5.2842684,-7.7773504,correct,True,gender
37,editor,woman,inconsistent,The editor is somebody's grandfather.,The editor is somebody's grandfather. The editor is a,man,woman,The editor is somebody's grandfather. The editor is a,17,5.8934827,7,[7.695922374725342],[5.93195915222168],185,[4.618056774139404],[0.9097168445587158],-4.335213,-7.413079,correct,True,-4.335213,-7.413079,correct,True,-4.335213,-7.413079,correct,True,gender
37,editor,woman,inconsistent,The editor is somebody's grandfather.,The editor is somebody's grandfather. The editor is a,man,woman,The editor is somebody's grandfather. The editor is a,18,6.6720314,4,[7.5983757972717285],[7.4483723640441895],239,[4.019618034362793],[5.424859523773193],-3.9554784,-7.534236,correct,True,-3.9554784,-7.534236,correct,True,-3.9554784,-7.534236,correct,True,gender
37,editor,woman,inconsistent,The editor is somebody's grandfather.,The editor is somebody's grandfather. The editor is a,man,woman,The editor is somebody's grandfather. The editor is a,19,6.689505,3,[7.796006202697754],[2.289703130722046],178,[4.3902130126953125],[-1.605268120765686],-3.7759223,-7.1817155,correct,True,-3.7759223,-7.1817155,correct,True,-3.7759223,-7.1817155,correct,True,gender
37,editor,woman,inconsistent,The editor is somebody's grandfather.,The editor is somebody's grandfather. The editor is a,man,woman,The editor is somebody's grandfather. The editor is a,20,6.8938923,3,[7.6210551261901855],[2.5400969982147217],237,[4.020588397979736],[0.4096404016017914],-3.8705935,-7.4710603,correct,True,-3.8705935,-7.4710603,correct,True,-3.8705935,-7.4710603,correct,True,gender
37,editor,woman,inconsistent,The editor is somebody's grandfather.,The editor is somebody's grandfather. The editor is a,man,woman,The editor is somebody's grandfather. The editor is a,21,7.0004797,3,[7.7093729972839355],[2.369403839111328],256,[4.003045558929443],[4.856777191162109],-3.773012,-7.4793396,correct,True,-3.773012,-7.4793396,correct,True,-3.773012,-7.4793396,correct,True,gender
37,editor,woman,inconsistent,The editor is somebody's grandfather.,The editor is somebody's grandfather. The editor is a,man,woman,The editor is somebody's grandfather. The editor is a,22,7.3323126,3,[8.015379905700684],[1.4939494132995605],135,[4.763288974761963],[3.5001964569091797],-3.6522284,-6.9043193,correct,True,-3.6522284,-6.9043193,correct,True,-3.6522284,-6.9043193,correct,True,gender
37,editor,woman,inconsistent,The editor is somebody's grandfather.,The editor is somebody's grandfather. The editor is a,man,woman,The editor is somebody's grandfather. The editor is a,23,6.469074,2,[11.658287048339844],,29,[9.842735290527344],,-3.515056,-5.3306074,correct,True,-3.515056,-5.3306074,correct,True,-3.515056,-5.3306074,correct,True,gender
38,farmer,man,consistent,The farmer is somebody's grandfather.,The farmer is somebody's grandfather. The farmer is a,man,woman,The farmer is somebody's grandfather. The farmer is a,0,9.261553,36957,[-1.809565544128418],[-0.7014429569244385],15404,[0.17920862138271332],[-2.1822617053985596],-13.461267,-11.472492,incorrect,False,-13.461267,-11.472492,incorrect,False,-13.461267,-11.472492,incorrect,False,gender
38,farmer,man,consistent,The farmer is somebody's grandfather.,The farmer is somebody's grandfather. The farmer is a,man,woman,The farmer is somebody's grandfather. The farmer is a,1,8.99978,39142,[-2.0575051307678223],[-0.4953739643096924],23197,[-0.48088109493255615],[-0.5148211121559143],-13.878179,-12.301554,incorrect,False,-13.878179,-12.301554,incorrect,False,-13.878179,-12.301554,incorrect,False,gender
38,farmer,man,consistent,The farmer is somebody's grandfather.,The farmer is somebody's grandfather. The farmer is a,man,woman,The farmer is somebody's grandfather. The farmer is a,2,8.820673,37153,[-1.967235803604126],[4.833408832550049],22806,[-0.5507187247276306],[-0.5648497343063354],-13.758566,-12.342049,incorrect,False,-13.758566,-12.342049,incorrect,False,-13.758566,-12.342049,incorrect,False,gender
38,farmer,man,consistent,The farmer is somebody's grandfather.,The farmer is somebody's grandfather. The farmer is a,man,woman,The farmer is somebody's grandfather. The farmer is a,3,7.954862,17308,[-0.478538453578949],[-2.4569661617279053],19235,[-0.6724653840065002],[-2.1331684589385986],-12.319813,-12.513739,correct,True,-12.319813,-12.513739,correct,True,-12.319813,-12.513739,correct,True,gender
38,farmer,man,consistent,The farmer is somebody's grandfather.,The farmer is somebody's grandfather. The farmer is a,man,woman,The farmer is somebody's grandfather. The farmer is a,4,7.9385395,27114,[-1.3575061559677124],[2.8830032348632812],26626,[-1.3068662881851196],[0.16734656691551208],-13.435459,-13.384819,incorrect,False,-13.435459,-13.384819,incorrect,False,-13.435459,-13.384819,incorrect,False,gender
38,farmer,man,consistent,The farmer is somebody's grandfather.,The farmer is somebody's grandfather. The farmer is a,man,woman,The farmer is somebody's grandfather. The farmer is a,5,8.002723,15433,[-0.24746981263160706],[2.1292500495910645],22939,[-1.0727732181549072],[1.7753227949142456],-12.250126,-13.07543,correct,True,-12.250126,-13.07543,correct,True,-12.250126,-13.07543,correct,True,gender
38,farmer,man,consistent,The farmer is somebody's grandfather.,The farmer is somebody's grandfather. The farmer is a,man,woman,The farmer is somebody's grandfather. The farmer is a,6,8.077875,10340,[0.4114816188812256],[2.4372856616973877],16578,[-0.3832174241542816],[1.0436869859695435],-11.53323,-12.327929,correct,True,-11.53323,-12.327929,correct,True,-11.53323,-12.327929,correct,True,gender
38,farmer,man,consistent,The farmer is somebody's grandfather.,The farmer is somebody's grandfather. The farmer is a,man,woman,The farmer is somebody's grandfather. The farmer is a,7,8.510433,6837,[1.1515579223632812],[0.42518091201782227],14793,[0.0650804340839386],[2.040168523788452],-10.770323,-11.8568,correct,True,-10.770323,-11.8568,correct,True,-10.770323,-11.8568,correct,True,gender
38,farmer,man,consistent,The farmer is somebody's grandfather.,The farmer is somebody's grandfather. The farmer is a,man,woman,The farmer is somebody's grandfather. The farmer is a,8,8.096329,5141,[1.245914340019226],[6.731485366821289],7041,[0.8472604751586914],[2.3838489055633545],-10.568303,-10.966957,correct,True,-10.568303,-10.966957,correct,True,-10.568303,-10.966957,correct,True,gender
38,farmer,man,consistent,The farmer is somebody's grandfather.,The farmer is somebody's grandfather. The farmer is a,man,woman,The farmer is somebody's grandfather. The farmer is a,9,7.6593695,538,[3.5295310020446777],[1.0311497449874878],3013,[1.7231698036193848],[0.31907761096954346],-8.300364,-10.106725,correct,True,-8.300364,-10.106725,correct,True,-8.300364,-10.106725,correct,True,gender
38,farmer,man,consistent,The farmer is somebody's grandfather.,The farmer is somebody's grandfather. The farmer is a,man,woman,The farmer is somebody's grandfather. The farmer is a,10,7.2767153,468,[3.5030720233917236],[4.091009616851807],2375,[1.7244634628295898],[4.582727432250977],-8.24628,-10.024888,correct,True,-8.24628,-10.024888,correct,True,-8.24628,-10.024888,correct,True,gender
38,farmer,man,consistent,The farmer is somebody's grandfather.,The farmer is somebody's grandfather. The farmer is a,man,woman,The farmer is somebody's grandfather. The farmer is a,11,7.099929,148,[4.463090419769287],[4.781473636627197],525,[3.1458516120910645],[3.0843119621276855],-7.10182,-8.419059,correct,True,-7.10182,-8.419059,correct,True,-7.10182,-8.419059,correct,True,gender
38,farmer,man,consistent,The farmer is somebody's grandfather.,The farmer is somebody's grandfather. The farmer is a,man,woman,The farmer is somebody's grandfather. The farmer is a,12,7.6122475,40,[5.3717827796936035],[7.561189651489258],290,[3.7694883346557617],[1.43417489528656],-6.071364,-7.6736584,correct,True,-6.071364,-7.6736584,correct,True,-6.071364,-7.6736584,correct,True,gender
38,farmer,man,consistent,The farmer is somebody's grandfather.,The farmer is somebody's grandfather. The farmer is a,man,woman,The farmer is somebody's grandfather. The farmer is a,13,6.186778,21,[6.710110664367676],[5.367559432983398],437,[3.6759910583496094],[-0.21861642599105835],-5.2452846,-8.279404,correct,True,-5.2452846,-8.279404,correct,True,-5.2452846,-8.279404,correct,True,gender
38,farmer,man,consistent,The farmer is somebody's grandfather.,The farmer is somebody's grandfather. The farmer is a,man,woman,The farmer is somebody's grandfather. The farmer is a,14,6.1192775,14,[7.107059478759766],[6.562763214111328],652,[3.1092751026153564],[6.017666339874268],-4.829439,-8.827224,correct,True,-4.829439,-8.827224,correct,True,-4.829439,-8.827224,correct,True,gender
38,farmer,man,consistent,The farmer is somebody's grandfather.,The farmer is somebody's grandfather. The farmer is a,man,woman,The farmer is somebody's grandfather. The farmer is a,15,5.932466,9,[7.734158515930176],[5.448634624481201],310,[4.099314212799072],[0.7604477405548096],-4.399333,-8.034178,correct,True,-4.399333,-8.034178,correct,True,-4.399333,-8.034178,correct,True,gender
38,farmer,man,consistent,The farmer is somebody's grandfather.,The farmer is somebody's grandfather. The farmer is a,man,woman,The farmer is somebody's grandfather. The farmer is a,16,6.2426643,8,[7.598275661468506],[10.579438209533691],434,[3.5606818199157715],[4.527890205383301],-4.300222,-8.337816,correct,True,-4.300222,-8.337816,correct,True,-4.300222,-8.337816,correct,True,gender
38,farmer,man,consistent,The farmer is somebody's grandfather.,The farmer is somebody's grandfather. The farmer is a,man,woman,The farmer is somebody's grandfather. The farmer is a,17,6.193405,5,[8.507942199707031],[4.665865421295166],332,[3.9241816997528076],[0.6370689868927002],-3.406188,-7.9899483,correct,True,-3.406188,-7.9899483,correct,True,-3.406188,-7.9899483,correct,True,gender
38,farmer,man,consistent,The farmer is somebody's grandfather.,The farmer is somebody's grandfather. The farmer is a,man,woman,The farmer is somebody's grandfather. The farmer is a,18,6.929087,2,[7.995378494262695],[7.1772050857543945],421,[3.3778083324432373],[5.240167617797852],-3.4753892,-8.092959,correct,True,-3.4753892,-8.092959,correct,True,-3.4753892,-8.092959,correct,True,gender
38,farmer,man,consistent,The farmer is somebody's grandfather.,The farmer is somebody's grandfather. The farmer is a,man,woman,The farmer is somebody's grandfather. The farmer is a,19,6.883819,3,[8.106473922729492],[1.3042523860931396],292,[3.8247194290161133],[-2.5912115573883057],-3.387558,-7.6693125,correct,True,-3.387558,-7.6693125,correct,True,-3.387558,-7.6693125,correct,True,gender
38,farmer,man,consistent,The farmer is somebody's grandfather.,The farmer is somebody's grandfather. The farmer is a,man,woman,The farmer is somebody's grandfather. The farmer is a,20,7.064209,3,[7.840324878692627],[-1.0940558910369873],430,[3.3920412063598633],[-1.8456536531448364],-3.5889454,-8.03723,correct,True,-3.5889454,-8.03723,correct,True,-3.5889454,-8.03723,correct,True,gender
38,farmer,man,consistent,The farmer is somebody's grandfather.,The farmer is somebody's grandfather. The farmer is a,man,woman,The farmer is somebody's grandfather. The farmer is a,21,7.129015,4,[7.592400074005127],[3.7050869464874268],512,[3.1767663955688477],[4.9330925941467285],-3.8492756,-8.26491,correct,True,-3.8492756,-8.26491,correct,True,-3.8492756,-8.26491,correct,True,gender
38,farmer,man,consistent,The farmer is somebody's grandfather.,The farmer is somebody's grandfather. The farmer is a,man,woman,The farmer is somebody's grandfather. The farmer is a,22,7.343339,2,[8.15636920928955],[1.9326398372650146],320,[3.987459421157837],[3.8288590908050537],-3.5341475,-7.7030573,correct,True,-3.5341475,-7.7030573,correct,True,-3.5341475,-7.7030573,correct,True,gender
38,farmer,man,consistent,The farmer is somebody's grandfather.,The farmer is somebody's grandfather. The farmer is a,man,woman,The farmer is somebody's grandfather. The farmer is a,23,6.371284,2,[12.15245532989502],,74,[8.99174690246582],,-3.1291769,-6.2898855,correct,True,-3.1291769,-6.2898855,correct,True,-3.1291769,-6.2898855,correct,True,gender
39,farmer,man,inconsistent,The farmer is somebody's grandmother.,The farmer is somebody's grandmother. The farmer is a,woman,man,The farmer is somebody's grandmother. The farmer is a,0,9.263628,15610,[0.15458476543426514],[-2.0141618251800537],37148,[-1.8378561735153198],[-0.5440804958343506],-11.489753,-13.482193,correct,True,-11.489753,-13.482193,correct,True,-11.489753,-13.482193,correct,True,gender
39,farmer,man,inconsistent,The farmer is somebody's grandmother.,The farmer is somebody's grandmother. The farmer is a,woman,man,The farmer is somebody's grandmother. The farmer is a,1,9.0121765,22840,[-0.44932886958122253],[-0.46301692724227905],38988,[-2.033637046813965],[-0.3425925076007843],-12.268902,-13.85321,correct,True,-12.268902,-13.85321,correct,True,-12.268902,-13.85321,correct,True,gender
39,farmer,man,inconsistent,The farmer is somebody's grandmother.,The farmer is somebody's grandmother. The farmer is a,woman,man,The farmer is somebody's grandmother. The farmer is a,2,8.813492,22222,[-0.5066574811935425],[-0.5150800943374634],36502,[-1.8974847793579102],[4.594404220581055],-12.294672,-13.685499,correct,True,-12.294672,-13.685499,correct,True,-12.294672,-13.685499,correct,True,gender
39,farmer,man,inconsistent,The farmer is somebody's grandmother.,The farmer is somebody's grandmother. The farmer is a,woman,man,The farmer is somebody's grandmother. The farmer is a,3,7.9174485,18383,[-0.6138665080070496],[-2.3268446922302246],17214,[-0.48892343044281006],[-2.586451292037964],-12.452152,-12.3272085,incorrect,False,-12.452152,-12.3272085,incorrect,False,-12.452152,-12.3272085,incorrect,False,gender
39,farmer,man,inconsistent,The farmer is somebody's grandmother.,The farmer is somebody's grandmother. The farmer is a,woman,man,The farmer is somebody's grandmother. The farmer is a,4,7.921896,26556,[-1.317812442779541],[0.4636487066745758],27446,[-1.4101145267486572],[2.9273946285247803],-13.390216,-13.482518,correct,True,-13.390216,-13.482518,correct,True,-13.390216,-13.482518,correct,True,gender
39,farmer,man,inconsistent,The farmer is somebody's grandmother.,The farmer is somebody's grandmother. The farmer is a,woman,man,The farmer is somebody's grandmother. The farmer is a,5,8.005313,22217,[-0.974491536617279],[2.4432566165924072],15835,[-0.2757580578327179],[2.054135799407959],-12.991472,-12.292739,incorrect,False,-12.991472,-12.292739,incorrect,False,-12.991472,-12.292739,incorrect,False,gender
39,farmer,man,inconsistent,The farmer is somebody's grandmother.,The farmer is somebody's grandmother. The farmer is a,woman,man,The farmer is somebody's grandmother. The farmer is a,6,8.152617,13951,[-0.03783398121595383],[1.4789423942565918],10842,[0.35880735516548157],[2.9237136840820312],-11.985136,-11.588493,incorrect,False,-11.985136,-11.588493,incorrect,False,-11.985136,-11.588493,incorrect,False,gender
39,farmer,man,inconsistent,The farmer is somebody's grandmother.,The farmer is somebody's grandmother. The farmer is a,woman,man,The farmer is somebody's grandmother. The farmer is a,7,8.555047,11172,[0.525530219078064],[1.8882405757904053],6258,[1.279131531715393],[0.75578373670578],-11.398167,-10.644566,incorrect,False,-11.398167,-10.644566,incorrect,False,-11.398167,-10.644566,incorrect,False,gender
39,farmer,man,inconsistent,The farmer is somebody's grandmother.,The farmer is somebody's grandmother. The farmer is a,woman,man,The farmer is somebody's grandmother. The farmer is a,8,8.164006,4954,[1.2922590970993042],[1.7605558633804321],4168,[1.5006130933761597],[6.358832836151123],-10.51047,-10.302116,incorrect,False,-10.51047,-10.302116,incorrect,False,-10.51047,-10.302116,incorrect,False,gender
39,farmer,man,inconsistent,The farmer is somebody's grandmother.,The farmer is somebody's grandmother. The farmer is a,woman,man,The farmer is somebody's grandmother. The farmer is a,9,7.6983066,2534,[1.9157296419143677],[1.729392647743225],479,[3.618752956390381],[1.3100037574768066],-9.8985195,-8.195496,incorrect,False,-9.8985195,-8.195496,incorrect,False,-9.8985195,-8.195496,incorrect,False,gender
39,farmer,man,inconsistent,The farmer is somebody's grandmother.,The farmer is somebody's grandmother. The farmer is a,woman,man,The farmer is somebody's grandmother. The farmer is a,10,7.298947,1287,[2.405775785446167],[6.421772003173828],390,[3.6936910152435303],[3.064570426940918],-9.343554,-8.055639,incorrect,False,-9.343554,-8.055639,incorrect,False,-9.343554,-8.055639,incorrect,False,gender
39,farmer,man,inconsistent,The farmer is somebody's grandmother.,The farmer is somebody's grandmother. The farmer is a,woman,man,The farmer is somebody's grandmother. The farmer is a,11,7.0961676,163,[4.382240295410156],[2.8445823192596436],178,[4.28611421585083],[4.6567606925964355],-7.1914783,-7.2876043,correct,True,-7.1914783,-7.2876043,correct,True,-7.1914783,-7.2876043,correct,True,gender
39,farmer,man,inconsistent,The farmer is somebody's grandmother.,The farmer is somebody's grandmother. The farmer is a,woman,man,The farmer is somebody's grandmother. The farmer is a,12,7.57201,82,[4.797140598297119],[2.660353899002075],52,[5.184909343719482],[7.272911548614502],-6.664136,-6.276367,incorrect,False,-6.664136,-6.276367,incorrect,False,-6.664136,-6.276367,incorrect,False,gender
39,farmer,man,inconsistent,The farmer is somebody's grandmother.,The farmer is somebody's grandmother. The farmer is a,woman,man,The farmer is somebody's grandmother. The farmer is a,13,6.0787582,153,[4.894510269165039],[1.6928249597549438],31,[6.440598487854004],[5.9354047775268555],-7.09083,-5.5447416,incorrect,False,-7.09083,-5.5447416,incorrect,False,-7.09083,-5.5447416,incorrect,False,gender
39,farmer,man,inconsistent,The farmer is somebody's grandmother.,The farmer is somebody's grandmother. The farmer is a,woman,man,The farmer is somebody's grandmother. The farmer is a,14,6.0025,175,[4.623816967010498],[6.884223937988281],14,[6.997566223144531],[6.43520450592041],-7.3434763,-4.9697266,incorrect,False,-7.3434763,-4.9697266,incorrect,False,-7.3434763,-4.9697266,incorrect,False,gender
39,farmer,man,inconsistent,The farmer is somebody's grandmother.,The farmer is somebody's grandmother. The farmer is a,woman,man,The farmer is somebody's grandmother. The farmer is a,15,5.719079,75,[5.637014389038086],[3.19333815574646],10,[7.603600025177002],[5.83967399597168],-6.57508,-4.608494,incorrect,False,-6.57508,-4.608494,incorrect,False,-6.57508,-4.608494,incorrect,False,gender
39,farmer,man,inconsistent,The farmer is somebody's grandmother.,The farmer is somebody's grandmother. The farmer is a,woman,man,The farmer is somebody's grandmother. The farmer is a,16,6.0777802,86,[5.3714213371276855],[5.8179216384887695],8,[7.568660736083984],[10.050788879394531],-6.6001005,-4.4028616,incorrect,False,-6.6001005,-4.4028616,incorrect,False,-6.6001005,-4.4028616,incorrect,False,gender
39,farmer,man,inconsistent,The farmer is somebody's grandmother.,The farmer is somebody's grandmother. The farmer is a,woman,man,The farmer is somebody's grandmother. The farmer is a,17,5.947401,60,[5.7251715660095215],[1.4314384460449219],5,[8.372411727905273],[4.9053635597229],-6.274687,-3.627447,incorrect,False,-6.274687,-3.627447,incorrect,False,-6.274687,-3.627447,incorrect,False,gender
39,farmer,man,inconsistent,The farmer is somebody's grandmother.,The farmer is somebody's grandmother. The farmer is a,woman,man,The farmer is somebody's grandmother. The farmer is a,18,6.74149,84,[5.033634662628174],[6.304976463317871],3,[7.935237884521484],[7.91684627532959],-6.4986978,-3.5970945,incorrect,False,-6.4986978,-3.5970945,incorrect,False,-6.4986978,-3.5970945,incorrect,False,gender
39,farmer,man,inconsistent,The farmer is somebody's grandmother.,The farmer is somebody's grandmother. The farmer is a,woman,man,The farmer is somebody's grandmother. The farmer is a,19,6.691058,55,[5.430569171905518],[-2.3404910564422607],3,[8.186025619506836],[1.504171371459961],-6.1260796,-3.3706234,incorrect,False,-6.1260796,-3.3706234,incorrect,False,-6.1260796,-3.3706234,incorrect,False,gender
39,farmer,man,inconsistent,The farmer is somebody's grandmother.,The farmer is somebody's grandmother. The farmer is a,woman,man,The farmer is somebody's grandmother. The farmer is a,20,6.908313,93,[4.954442501068115],[-0.7390095591545105],3,[7.942127227783203],[-1.765350580215454],-6.531059,-3.543374,incorrect,False,-6.531059,-3.543374,incorrect,False,-6.531059,-3.543374,incorrect,False,gender
39,farmer,man,inconsistent,The farmer is somebody's grandmother.,The farmer is somebody's grandmother. The farmer is a,woman,man,The farmer is somebody's grandmother. The farmer is a,21,7.029909,123,[4.820176601409912],[5.23461389541626],4,[7.6288533210754395],[3.1993188858032227],-6.6702576,-3.8615806,incorrect,False,-6.6702576,-3.8615806,incorrect,False,-6.6702576,-3.8615806,incorrect,False,gender
39,farmer,man,inconsistent,The farmer is somebody's grandmother.,The farmer is somebody's grandmother. The farmer is a,woman,man,The farmer is somebody's grandmother. The farmer is a,22,7.2761283,51,[5.67726469039917],[3.782254457473755],3,[8.109957695007324],[1.9653071165084839],-6.0402203,-3.6075275,incorrect,False,-6.0402203,-3.6075275,incorrect,False,-6.0402203,-3.6075275,incorrect,False,gender
39,farmer,man,inconsistent,The farmer is somebody's grandmother.,The farmer is somebody's grandmother. The farmer is a,woman,man,The farmer is somebody's grandmother. The farmer is a,23,6.274289,7,[11.239853858947754],,2,[12.180779457092285],,-4.1424685,-3.2015429,incorrect,False,-4.1424685,-3.2015429,incorrect,False,-4.1424685,-3.2015429,incorrect,False,gender
40,guard,man,consistent,The guard is somebody's grandfather.,The guard is somebody's grandfather. The guard is a,man,woman,The guard is somebody's grandfather. The guard is a,0,9.282721,37025,[-1.7704511880874634],[-2.0454037189483643],15373,[0.21172887086868286],[-1.8557955026626587],-13.445433,-11.463252,incorrect,False,-13.445433,-11.463252,incorrect,False,-13.445433,-11.463252,incorrect,False,gender
40,guard,man,consistent,The guard is somebody's grandfather.,The guard is somebody's grandfather. The guard is a,man,woman,The guard is somebody's grandfather. The guard is a,1,9.084434,42139,[-2.389108180999756],[-1.2848291397094727],22341,[-0.3328399360179901],[-0.5660637021064758],-14.236047,-12.179779,incorrect,False,-14.236047,-12.179779,incorrect,False,-14.236047,-12.179779,incorrect,False,gender
40,guard,man,consistent,The guard is somebody's grandfather.,The guard is somebody's grandfather. The guard is a,man,woman,The guard is somebody's grandfather. The guard is a,2,8.925363,41614,[-2.4967989921569824],[2.8385303020477295],21953,[-0.4398135244846344],[-1.377913475036621],-14.284879,-12.227893,incorrect,False,-14.284879,-12.227893,incorrect,False,-14.284879,-12.227893,incorrect,False,gender
40,guard,man,consistent,The guard is somebody's grandfather.,The guard is somebody's grandfather. The guard is a,man,woman,The guard is somebody's grandfather. The guard is a,3,8.399286,32203,[-1.6926045417785645],[-1.2213138341903687],23701,[-0.8327988386154175],[-2.569584608078003],-13.632183,-12.772377,incorrect,False,-13.632183,-12.772377,incorrect,False,-13.632183,-12.772377,incorrect,False,gender
40,guard,man,consistent,The guard is somebody's grandfather.,The guard is somebody's grandfather. The guard is a,man,woman,The guard is somebody's grandfather. The guard is a,4,8.210836,34227,[-2.06435489654541],[3.670440673828125],29959,[-1.5744045972824097],[1.248459815979004],-14.119546,-13.629596,incorrect,False,-14.119546,-13.629596,incorrect,False,-14.119546,-13.629596,incorrect,False,gender
40,guard,man,consistent,The guard is somebody's grandfather.,The guard is somebody's grandfather. The guard is a,man,woman,The guard is somebody's grandfather. The guard is a,5,8.222875,19802,[-0.6509026885032654],[1.945236325263977],22574,[-0.9428601861000061],[0.39816537499427795],-12.610894,-12.902852,correct,True,-12.610894,-12.902852,correct,True,-12.610894,-12.902852,correct,True,gender
40,guard,man,consistent,The guard is somebody's grandfather.,The guard is somebody's grandfather. The guard is a,man,woman,The guard is somebody's grandfather. The guard is a,6,8.248996,13796,[-0.05864332988858223],[2.8772032260894775],19846,[-0.7449997663497925],[2.9068007469177246],-11.935556,-12.621914,correct,True,-11.935556,-12.621914,correct,True,-11.935556,-12.621914,correct,True,gender
40,guard,man,consistent,The guard is somebody's grandfather.,The guard is somebody's grandfather. The guard is a,man,woman,The guard is somebody's grandfather. The guard is a,7,8.536156,8312,[0.854941725730896],[2.1318764686584473],11843,[0.3555312752723694],[2.8832740783691406],-11.0129,-11.512311,correct,True,-11.0129,-11.512311,correct,True,-11.0129,-11.512311,correct,True,gender
40,guard,man,consistent,The guard is somebody's grandfather.,The guard is somebody's grandfather. The guard is a,man,woman,The guard is somebody's grandfather. The guard is a,8,7.796964,3571,[1.4861763715744019],[5.556517601013184],3848,[1.3881653547286987],[3.485725164413452],-10.270361,-10.368372,correct,True,-10.270361,-10.368372,correct,True,-10.270361,-10.368372,correct,True,gender
40,guard,man,consistent,The guard is somebody's grandfather.,The guard is somebody's grandfather. The guard is a,man,woman,The guard is somebody's grandfather. The guard is a,9,7.4981737,616,[3.293591022491455],[3.8161585330963135],1264,[2.593083143234253],[1.2249377965927124],-8.528065,-9.228573,correct,True,-8.528065,-9.228573,correct,True,-8.528065,-9.228573,correct,True,gender
40,guard,man,consistent,The guard is somebody's grandfather.,The guard is somebody's grandfather. The guard is a,man,woman,The guard is somebody's grandfather. The guard is a,10,6.832682,192,[4.279933452606201],[3.3961493968963623],800,[2.864769697189331],[3.1862049102783203],-7.5357876,-8.950951,correct,True,-7.5357876,-8.950951,correct,True,-7.5357876,-8.950951,correct,True,gender
40,guard,man,consistent,The guard is somebody's grandfather.,The guard is somebody's grandfather. The guard is a,man,woman,The guard is somebody's grandfather. The guard is a,11,7.4248743,69,[4.914563179016113],[4.7156524658203125],310,[3.6806838512420654],[3.0233817100524902],-6.5328627,-7.7667418,correct,True,-6.5328627,-7.7667418,correct,True,-6.5328627,-7.7667418,correct,True,gender
40,guard,man,consistent,The guard is somebody's grandfather.,The guard is somebody's grandfather. The guard is a,man,woman,The guard is somebody's grandfather. The guard is a,12,7.512261,27,[5.753530502319336],[9.067573547363281],158,[4.228153705596924],[1.8893358707427979],-5.6477056,-7.1730824,correct,True,-5.6477056,-7.1730824,correct,True,-5.6477056,-7.1730824,correct,True,gender
40,guard,man,consistent,The guard is somebody's grandfather.,The guard is somebody's grandfather. The guard is a,man,woman,The guard is somebody's grandfather. The guard is a,13,6.189191,13,[7.342482089996338],[5.899947166442871],266,[4.169358730316162],[0.309429407119751],-4.5267506,-7.699874,correct,True,-4.5267506,-7.699874,correct,True,-4.5267506,-7.699874,correct,True,gender
40,guard,man,consistent,The guard is somebody's grandfather.,The guard is somebody's grandfather. The guard is a,man,woman,The guard is somebody's grandfather. The guard is a,14,6.0552626,8,[7.73101806640625],[6.683101177215576],421,[3.66473388671875],[5.755919933319092],-4.223836,-8.29012,correct,True,-4.223836,-8.29012,correct,True,-4.223836,-8.29012,correct,True,gender
40,guard,man,consistent,The guard is somebody's grandfather.,The guard is somebody's grandfather. The guard is a,man,woman,The guard is somebody's grandfather. The guard is a,15,5.9513984,6,[8.262502670288086],[6.186846733093262],217,[4.521698474884033],[1.490878939628601],-3.8510919,-7.591896,correct,True,-3.8510919,-7.591896,correct,True,-3.8510919,-7.591896,correct,True,gender
40,guard,man,consistent,The guard is somebody's grandfather.,The guard is somebody's grandfather. The guard is a,man,woman,The guard is somebody's grandfather. The guard is a,16,6.277207,6,[8.174323081970215],[12.153922080993652],303,[4.05102014541626],[4.060454845428467],-3.70841,-7.8317127,correct,True,-3.70841,-7.8317127,correct,True,-3.70841,-7.8317127,correct,True,gender
40,guard,man,consistent,The guard is somebody's grandfather.,The guard is somebody's grandfather. The guard is a,man,woman,The guard is somebody's grandfather. The guard is a,17,6.0770516,2,[9.282093048095703],[4.054538249969482],249,[4.257655620574951],[1.0036485195159912],-2.6841142,-7.7085514,correct,True,-2.6841142,-7.7085514,correct,True,-2.6841142,-7.7085514,correct,True,gender
40,guard,man,consistent,The guard is somebody's grandfather.,The guard is somebody's grandfather. The guard is a,man,woman,The guard is somebody's grandfather. The guard is a,18,6.827551,2,[8.510618209838867],[6.774507522583008],332,[3.735327959060669],[5.170185565948486],-3.0117912,-7.7870817,correct,True,-3.0117912,-7.7870817,correct,True,-3.0117912,-7.7870817,correct,True,gender
40,guard,man,consistent,The guard is somebody's grandfather.,The guard is somebody's grandfather. The guard is a,man,woman,The guard is somebody's grandfather. The guard is a,19,6.8210726,3,[8.46068000793457],[2.1828415393829346],248,[4.109074592590332],[-1.0537874698638916],-3.0937066,-7.445312,correct,True,-3.0937066,-7.445312,correct,True,-3.0937066,-7.445312,correct,True,gender
40,guard,man,consistent,The guard is somebody's grandfather.,The guard is somebody's grandfather. The guard is a,man,woman,The guard is somebody's grandfather. The guard is a,20,6.9856005,2,[8.262516021728516],[0.2817080020904541],293,[3.817742347717285],[-0.7380226850509644],-3.1995122,-7.644286,correct,True,-3.1995122,-7.644286,correct,True,-3.1995122,-7.644286,correct,True,gender
40,guard,man,consistent,The guard is somebody's grandfather.,The guard is somebody's grandfather. The guard is a,man,woman,The guard is somebody's grandfather. The guard is a,21,7.0904527,2,[8.101698875427246],[1.4832940101623535],356,[3.6807374954223633],[3.7436044216156006],-3.365954,-7.7869153,correct,True,-3.365954,-7.7869153,correct,True,-3.365954,-7.7869153,correct,True,gender
40,guard,man,consistent,The guard is somebody's grandfather.,The guard is somebody's grandfather. The guard is a,man,woman,The guard is somebody's grandfather. The guard is a,22,7.3790693,2,[8.281213760375977],[1.5181143283843994],241,[4.26900053024292],[3.754948377609253],-3.3582413,-7.370455,correct,True,-3.3582413,-7.370455,correct,True,-3.3582413,-7.370455,correct,True,gender
40,guard,man,consistent,The guard is somebody's grandfather.,The guard is somebody's grandfather. The guard is a,man,woman,The guard is somebody's grandfather. The guard is a,23,6.4938273,1,[11.76066780090332],,51,[9.18665599822998],,-3.2802508,-5.8542624,correct,True,-3.2802508,-5.8542624,correct,True,-3.2802508,-5.8542624,correct,True,gender
41,guard,man,inconsistent,The guard is somebody's grandmother.,The guard is somebody's grandmother. The guard is a,woman,man,The guard is somebody's grandmother. The guard is a,0,9.285357,15492,[0.1899459958076477],[-1.6473630666732788],37188,[-1.801487922668457],[-1.8599916696548462],-11.475091,-13.466525,correct,True,-11.475091,-13.466525,correct,True,-11.475091,-13.466525,correct,True,gender
41,guard,man,inconsistent,The guard is somebody's grandmother.,The guard is somebody's grandmother. The guard is a,woman,man,The guard is somebody's grandmother. The guard is a,1,9.095582,21875,[-0.2886696457862854],[-0.5352973937988281],41961,[-2.3587141036987305],[-1.1175206899642944],-12.139613,-14.209658,correct,True,-12.139613,-14.209658,correct,True,-12.139613,-14.209658,correct,True,gender
41,guard,man,inconsistent,The guard is somebody's grandmother.,The guard is somebody's grandmother. The guard is a,woman,man,The guard is somebody's grandmother. The guard is a,2,8.928857,21359,[-0.39183640480041504],[-1.272144079208374],41009,[-2.4162542819976807],[2.561803102493286],-12.17807,-14.202488,correct,True,-12.17807,-14.202488,correct,True,-12.17807,-14.202488,correct,True,gender
41,guard,man,inconsistent,The guard is somebody's grandmother.,The guard is somebody's grandmother. The guard is a,woman,man,The guard is somebody's grandmother. The guard is a,3,8.378048,22739,[-0.7522781491279602],[-2.4783623218536377],32097,[-1.6972531080245972],[-1.0192161798477173],-12.688471,-13.633446,correct,True,-12.688471,-13.633446,correct,True,-12.688471,-13.633446,correct,True,gender
41,guard,man,inconsistent,The guard is somebody's grandmother.,The guard is somebody's grandmother. The guard is a,woman,man,The guard is somebody's grandmother. The guard is a,4,8.192511,28827,[-1.4747674465179443],[1.27407968044281],33607,[-2.0039222240448],[3.364023208618164],-13.520188,-14.049343,correct,True,-13.520188,-14.049343,correct,True,-13.520188,-14.049343,correct,True,gender
41,guard,man,inconsistent,The guard is somebody's grandmother.,The guard is somebody's grandmother. The guard is a,woman,man,The guard is somebody's grandmother. The guard is a,5,8.181062,21582,[-0.8492918014526367],[0.49342021346092224],20299,[-0.713322639465332],[1.1545182466506958],-12.803866,-12.667897,incorrect,False,-12.803866,-12.667897,incorrect,False,-12.803866,-12.667897,incorrect,False,gender
41,guard,man,inconsistent,The guard is somebody's grandmother.,The guard is somebody's grandmother. The guard is a,woman,man,The guard is somebody's grandmother. The guard is a,6,8.268996,18508,[-0.6220285892486572],[3.94051456451416],16625,[-0.41320642828941345],[3.6861042976379395],-12.480347,-12.271524,incorrect,False,-12.480347,-12.271524,incorrect,False,-12.480347,-12.271524,incorrect,False,gender
41,guard,man,inconsistent,The guard is somebody's grandmother.,The guard is somebody's grandmother. The guard is a,woman,man,The guard is somebody's grandmother. The guard is a,7,8.594373,8428,[0.8392618894577026],[3.0719411373138428],8468,[0.8320382237434387],[2.3998899459838867],-11.012254,-11.019477,correct,True,-11.012254,-11.019477,correct,True,-11.012254,-11.019477,correct,True,gender
41,guard,man,inconsistent,The guard is somebody's grandmother.,The guard is somebody's grandmother. The guard is a,woman,man,The guard is somebody's grandmother. The guard is a,8,7.9370804,2248,[1.996334433555603],[3.3521907329559326],3225,[1.5846902132034302],[5.184788703918457],-9.710731,-10.1223755,correct,True,-9.710731,-10.1223755,correct,True,-9.710731,-10.1223755,correct,True,gender
41,guard,man,inconsistent,The guard is somebody's grandmother.,The guard is somebody's grandmother. The guard is a,woman,man,The guard is somebody's grandmother. The guard is a,9,7.923448,766,[3.0880205631256104],[1.9483894109725952],639,[3.238009214401245],[4.3459978103637695],-8.64088,-8.4908905,incorrect,False,-8.64088,-8.4908905,incorrect,False,-8.64088,-8.4908905,incorrect,False,gender
41,guard,man,inconsistent,The guard is somebody's grandmother.,The guard is somebody's grandmother. The guard is a,woman,man,The guard is somebody's grandmother. The guard is a,10,7.240497,375,[3.617865800857544],[5.177221298217773],162,[4.477708339691162],[2.4643971920013428],-8.115419,-7.2555766,incorrect,False,-8.115419,-7.2555766,incorrect,False,-8.115419,-7.2555766,incorrect,False,gender
41,guard,man,inconsistent,The guard is somebody's grandmother.,The guard is somebody's grandmother. The guard is a,woman,man,The guard is somebody's grandmother. The guard is a,11,7.6569705,46,[5.042564868927002],[2.8058581352233887],68,[4.797044277191162],[4.221441268920898],-6.3624797,-6.6080003,correct,True,-6.3624797,-6.6080003,correct,True,-6.3624797,-6.6080003,correct,True,gender
41,guard,man,inconsistent,The guard is somebody's grandmother.,The guard is somebody's grandmother. The guard is a,woman,man,The guard is somebody's grandmother. The guard is a,12,7.5090494,40,[5.392704963684082],[5.685271739959717],36,[5.514780521392822],[7.825132846832275],-6.013934,-5.8918586,incorrect,False,-6.013934,-5.8918586,incorrect,False,-6.013934,-5.8918586,incorrect,False,gender
41,guard,man,inconsistent,The guard is somebody's grandmother.,The guard is somebody's grandmother. The guard is a,woman,man,The guard is somebody's grandmother. The guard is a,13,6.1883736,36,[6.186197757720947],[3.7025465965270996],20,[6.802001476287842],[5.303727149963379],-5.698592,-5.0827885,incorrect,False,-5.698592,-5.0827885,incorrect,False,-5.698592,-5.0827885,incorrect,False,gender
41,guard,man,inconsistent,The guard is somebody's grandmother.,The guard is somebody's grandmother. The guard is a,woman,man,The guard is somebody's grandmother. The guard is a,14,6.003901,34,[6.236911296844482],[7.928978443145752],14,[7.1179046630859375],[6.11985445022583],-5.7386003,-4.857607,incorrect,False,-5.7386003,-4.857607,incorrect,False,-5.7386003,-4.857607,incorrect,False,gender
41,guard,man,inconsistent,The guard is somebody's grandmother.,The guard is somebody's grandmother. The guard is a,woman,man,The guard is somebody's grandmother. The guard is a,15,5.749878,14,[7.2787065505981445],[5.431358337402344],7,[7.603237152099609],[5.8858771324157715],-4.902785,-4.578254,incorrect,False,-4.902785,-4.578254,incorrect,False,-4.902785,-4.578254,incorrect,False,gender
41,guard,man,inconsistent,The guard is somebody's grandmother.,The guard is somebody's grandmother. The guard is a,woman,man,The guard is somebody's grandmother. The guard is a,16,6.152019,11,[7.214975357055664],[7.411427021026611],6,[7.563699722290039],[10.584467887878418],-4.7184067,-4.3696823,incorrect,False,-4.7184067,-4.3696823,incorrect,False,-4.7184067,-4.3696823,incorrect,False,gender
41,guard,man,inconsistent,The guard is somebody's grandmother.,The guard is somebody's grandmother. The guard is a,woman,man,The guard is somebody's grandmother. The guard is a,17,5.9896955,7,[7.605594635009766],[2.1772594451904297],5,[8.459386825561523],[4.488653182983398],-4.3773685,-3.5235763,incorrect,False,-4.3773685,-3.5235763,incorrect,False,-4.3773685,-3.5235763,incorrect,False,gender
41,guard,man,inconsistent,The guard is somebody's grandmother.,The guard is somebody's grandmother. The guard is a,woman,man,The guard is somebody's grandmother. The guard is a,18,6.7648373,9,[6.741619110107422],[5.207173824310303],3,[7.9160542488098145],[7.740062236785889],-4.794182,-3.6197464,incorrect,False,-4.794182,-3.6197464,incorrect,False,-4.794182,-3.6197464,incorrect,False,gender
41,guard,man,inconsistent,The guard is somebody's grandmother.,The guard is somebody's grandmother. The guard is a,woman,man,The guard is somebody's grandmother. The guard is a,19,6.7691417,13,[6.6848883628845215],[-1.0806597471237183],3,[8.11955738067627],[1.87745201587677],-4.8815446,-3.4468756,incorrect,False,-4.8815446,-3.4468756,incorrect,False,-4.8815446,-3.4468756,incorrect,False,gender
41,guard,man,inconsistent,The guard is somebody's grandmother.,The guard is somebody's grandmother. The guard is a,woman,man,The guard is somebody's grandmother. The guard is a,20,6.9758945,16,[6.267790794372559],[0.36380475759506226],3,[7.908858299255371],[-0.757182240486145],-5.195934,-3.5548663,incorrect,False,-5.195934,-3.5548663,incorrect,False,-5.195934,-3.5548663,incorrect,False,gender
41,guard,man,inconsistent,The guard is somebody's grandmother.,The guard is somebody's grandmother. The guard is a,woman,man,The guard is somebody's grandmother. The guard is a,21,7.1280093,19,[6.180283069610596],[3.5644474029541016],3,[7.639735221862793],[0.6832138299942017],-5.27811,-3.8186579,incorrect,False,-5.27811,-3.8186579,incorrect,False,-5.27811,-3.8186579,incorrect,False,gender
41,guard,man,inconsistent,The guard is somebody's grandmother.,The guard is somebody's grandmother. The guard is a,woman,man,The guard is somebody's grandmother. The guard is a,22,7.478696,10,[6.7374114990234375],[3.5978009700775146],3,[7.6913676261901855],[1.7320877313613892],-4.8734655,-3.9195092,incorrect,False,-4.8734655,-3.9195092,incorrect,False,-4.8734655,-3.9195092,incorrect,False,gender
41,guard,man,inconsistent,The guard is somebody's grandmother.,The guard is somebody's grandmother. The guard is a,woman,man,The guard is somebody's grandmother. The guard is a,23,6.4193344,1,[12.260796546936035],,5,[11.216940879821777],,-2.8601506,-3.9040062,correct,True,-2.8601506,-3.9040062,correct,True,-2.8601506,-3.9040062,correct,True,gender
42,hairdresser,woman,consistent,The hairdresser is somebody's grandmother.,The hairdresser is somebody's grandmother. The hairdresser is a,woman,man,The hairdresser is somebody's grandmother. The hairdresser is a,0,9.267231,12977,[0.330436110496521],[-0.5650124549865723],33244,[-1.5080480575561523],[-0.41502949595451355],-11.217215,-13.055698,correct,True,-11.217215,-13.055698,correct,True,-11.217215,-13.055698,correct,True,gender
42,hairdresser,woman,consistent,The hairdresser is somebody's grandmother.,The hairdresser is somebody's grandmother. The hairdresser is a,woman,man,The hairdresser is somebody's grandmother. The hairdresser is a,1,9.052546,15901,[0.1846192181110382],[-0.4915439784526825],35844,[-1.6557667255401611],[-1.0969210863113403],-11.606362,-13.446749,correct,True,-11.606362,-13.446749,correct,True,-11.606362,-13.446749,correct,True,gender
42,hairdresser,woman,consistent,The hairdresser is somebody's grandmother.,The hairdresser is somebody's grandmother. The hairdresser is a,woman,man,The hairdresser is somebody's grandmother. The hairdresser is a,2,8.834852,15748,[0.024533314630389214],[-0.21543627977371216],35085,[-1.8094356060028076],[1.6994868516921997],-11.673264,-13.507233,correct,True,-11.673264,-13.507233,correct,True,-11.673264,-13.507233,correct,True,gender
42,hairdresser,woman,consistent,The hairdresser is somebody's grandmother.,The hairdresser is somebody's grandmother. The hairdresser is a,woman,man,The hairdresser is somebody's grandmother. The hairdresser is a,3,8.076849,14184,[0.007064241915941238],[-2.37544846534729],27919,[-1.3734163045883179],[-2.610417604446411],-11.884553,-13.265033,correct,True,-11.884553,-13.265033,correct,True,-11.884553,-13.265033,correct,True,gender
42,hairdresser,woman,consistent,The hairdresser is somebody's grandmother.,The hairdresser is somebody's grandmother. The hairdresser is a,woman,man,The hairdresser is somebody's grandmother. The hairdresser is a,4,8.02308,22460,[-0.7227017879486084],[2.349478006362915],36341,[-2.2280685901641846],[3.9872541427612305],-12.8592415,-14.364608,correct,True,-12.8592415,-14.364608,correct,True,-12.8592415,-14.364608,correct,True,gender
42,hairdresser,woman,consistent,The hairdresser is somebody's grandmother.,The hairdresser is somebody's grandmother. The hairdresser is a,woman,man,The hairdresser is somebody's grandmother. The hairdresser is a,5,8.252834,12833,[0.2336534708738327],[1.2735003232955933],20469,[-0.6396477222442627],[2.417754650115967],-11.813573,-12.686873,correct,True,-11.813573,-12.686873,correct,True,-11.813573,-12.686873,correct,True,gender
42,hairdresser,woman,consistent,The hairdresser is somebody's grandmother.,The hairdresser is somebody's grandmother. The hairdresser is a,woman,man,The hairdresser is somebody's grandmother. The hairdresser is a,6,8.252893,8726,[0.7774773836135864],[2.765960931777954],13132,[0.1456669121980667],[2.8006463050842285],-11.216591,-11.848401,correct,True,-11.216591,-11.848401,correct,True,-11.216591,-11.848401,correct,True,gender
42,hairdresser,woman,consistent,The hairdresser is somebody's grandmother.,The hairdresser is somebody's grandmother. The hairdresser is a,woman,man,The hairdresser is somebody's grandmother. The hairdresser is a,7,8.629315,4443,[1.7339880466461182],[0.7904971241950989],7812,[1.0615302324295044],[2.68935227394104],-10.205811,-10.878268,correct,True,-10.205811,-10.878268,correct,True,-10.205811,-10.878268,correct,True,gender
42,hairdresser,woman,consistent,The hairdresser is somebody's grandmother.,The hairdresser is somebody's grandmother. The hairdresser is a,woman,man,The hairdresser is somebody's grandmother. The hairdresser is a,8,7.998122,2248,[2.187479019165039],[2.9275519847869873],2713,[1.9802939891815186],[5.678314685821533],-9.669298,-9.876483,correct,True,-9.669298,-9.876483,correct,True,-9.669298,-9.876483,correct,True,gender
42,hairdresser,woman,consistent,The hairdresser is somebody's grandmother.,The hairdresser is somebody's grandmother. The hairdresser is a,woman,man,The hairdresser is somebody's grandmother. The hairdresser is a,9,7.4106345,781,[3.2072715759277344],[2.2761051654815674],370,[3.904578685760498],[4.0205559730529785],-8.754796,-8.057489,incorrect,False,-8.754796,-8.057489,incorrect,False,-8.754796,-8.057489,incorrect,False,gender
42,hairdresser,woman,consistent,The hairdresser is somebody's grandmother.,The hairdresser is somebody's grandmother. The hairdresser is a,woman,man,The hairdresser is somebody's grandmother. The hairdresser is a,10,7.190609,366,[3.7602150440216064],[4.177433490753174],96,[4.909731864929199],[0.850386917591095],-8.079592,-6.9300747,incorrect,False,-8.079592,-6.9300747,incorrect,False,-8.079592,-6.9300747,incorrect,False,gender
42,hairdresser,woman,consistent,The hairdresser is somebody's grandmother.,The hairdresser is somebody's grandmother. The hairdresser is a,woman,man,The hairdresser is somebody's grandmother. The hairdresser is a,11,7.257038,84,[4.864299774169922],[4.0991010665893555],107,[4.650786876678467],[3.728013038635254],-6.7404203,-6.953933,correct,True,-6.7404203,-6.953933,correct,True,-6.7404203,-6.953933,correct,True,gender
42,hairdresser,woman,consistent,The hairdresser is somebody's grandmother.,The hairdresser is somebody's grandmother. The hairdresser is a,woman,man,The hairdresser is somebody's grandmother. The hairdresser is a,12,7.3144865,33,[5.5771050453186035],[4.061657428741455],51,[5.186038017272949],[6.465466022491455],-5.975782,-6.366849,correct,True,-5.975782,-6.366849,correct,True,-5.975782,-6.366849,correct,True,gender
42,hairdresser,woman,consistent,The hairdresser is somebody's grandmother.,The hairdresser is somebody's grandmother. The hairdresser is a,woman,man,The hairdresser is somebody's grandmother. The hairdresser is a,13,5.5908823,43,[5.932577610015869],[2.7019193172454834],35,[6.202375411987305],[4.032613754272461],-6.208511,-5.938713,incorrect,False,-6.208511,-5.938713,incorrect,False,-6.208511,-5.938713,incorrect,False,gender
42,hairdresser,woman,consistent,The hairdresser is somebody's grandmother.,The hairdresser is somebody's grandmother. The hairdresser is a,woman,man,The hairdresser is somebody's grandmother. The hairdresser is a,14,5.4052444,62,[5.762269973754883],[9.55151653289795],33,[6.293675422668457],[6.354024410247803],-6.4259534,-5.894548,incorrect,False,-6.4259534,-5.894548,incorrect,False,-6.4259534,-5.894548,incorrect,False,gender
42,hairdresser,woman,consistent,The hairdresser is somebody's grandmother.,The hairdresser is somebody's grandmother. The hairdresser is a,woman,man,The hairdresser is somebody's grandmother. The hairdresser is a,15,5.1343584,12,[7.384301662445068],[6.638085842132568],18,[7.022676467895508],[5.734598159790039],-5.0726857,-5.434311,correct,True,-5.0726857,-5.434311,correct,True,-5.0726857,-5.434311,correct,True,gender
42,hairdresser,woman,consistent,The hairdresser is somebody's grandmother.,The hairdresser is somebody's grandmother. The hairdresser is a,woman,man,The hairdresser is somebody's grandmother. The hairdresser is a,16,5.4786997,9,[7.5840888023376465],[9.684786796569824],15,[7.062161445617676],[7.392175197601318],-4.6657863,-5.1877136,correct,True,-4.6657863,-5.1877136,correct,True,-4.6657863,-5.1877136,correct,True,gender
42,hairdresser,woman,consistent,The hairdresser is somebody's grandmother.,The hairdresser is somebody's grandmother. The hairdresser is a,woman,man,The hairdresser is somebody's grandmother. The hairdresser is a,17,5.462825,6,[8.368855476379395],[1.4520446062088013],11,[7.4797492027282715],[3.737720251083374],-3.8774638,-4.76657,correct,True,-3.8774638,-4.76657,correct,True,-3.8774638,-4.76657,correct,True,gender
42,hairdresser,woman,consistent,The hairdresser is somebody's grandmother.,The hairdresser is somebody's grandmother. The hairdresser is a,woman,man,The hairdresser is somebody's grandmother. The hairdresser is a,18,6.304084,9,[7.241950035095215],[3.2111518383026123],11,[6.966142177581787],[7.0770792961120605],-4.4952703,-4.771078,correct,True,-4.4952703,-4.771078,correct,True,-4.4952703,-4.771078,correct,True,gender
42,hairdresser,woman,consistent,The hairdresser is somebody's grandmother.,The hairdresser is somebody's grandmother. The hairdresser is a,woman,man,The hairdresser is somebody's grandmother. The hairdresser is a,19,6.4023304,12,[6.777159690856934],[1.1854510307312012],8,[7.217310428619385],[2.6553924083709717],-4.9316063,-4.491455,incorrect,False,-4.9316063,-4.491455,incorrect,False,-4.9316063,-4.491455,incorrect,False,gender
42,hairdresser,woman,consistent,The hairdresser is somebody's grandmother.,The hairdresser is somebody's grandmother. The hairdresser is a,woman,man,The hairdresser is somebody's grandmother. The hairdresser is a,20,6.6749654,12,[6.583168983459473],[2.506054401397705],9,[7.131817817687988],[1.6569535732269287],-5.0232735,-4.4746246,incorrect,False,-5.0232735,-4.4746246,incorrect,False,-5.0232735,-4.4746246,incorrect,False,gender
42,hairdresser,woman,consistent,The hairdresser is somebody's grandmother.,The hairdresser is somebody's grandmother. The hairdresser is a,woman,man,The hairdresser is somebody's grandmother. The hairdresser is a,21,6.794278,13,[6.7166008949279785],[4.12563943862915],9,[7.133406639099121],[3.0210273265838623],-4.90984,-4.4930344,incorrect,False,-4.90984,-4.4930344,incorrect,False,-4.90984,-4.4930344,incorrect,False,gender
42,hairdresser,woman,consistent,The hairdresser is somebody's grandmother.,The hairdresser is somebody's grandmother. The hairdresser is a,woman,man,The hairdresser is somebody's grandmother. The hairdresser is a,22,7.0345726,7,[7.418303489685059],[3.0474460124969482],4,[7.589314937591553],[1.6409814357757568],-4.4419146,-4.2709026,incorrect,False,-4.4419146,-4.2709026,incorrect,False,-4.4419146,-4.2709026,incorrect,False,gender
42,hairdresser,woman,consistent,The hairdresser is somebody's grandmother.,The hairdresser is somebody's grandmother. The hairdresser is a,woman,man,The hairdresser is somebody's grandmother. The hairdresser is a,23,6.1714277,2,[12.683487892150879],,10,[11.029412269592285],,-2.7502892,-4.4043646,correct,True,-2.7502892,-4.4043646,correct,True,-2.7502892,-4.4043646,correct,True,gender
43,hairdresser,woman,inconsistent,The hairdresser is somebody's grandfather.,The hairdresser is somebody's grandfather. The hairdresser is a,man,woman,The hairdresser is somebody's grandfather. The hairdresser is a,0,9.264451,32987,[-1.4711989164352417],[-0.5005207657814026],12754,[0.36001577973365784],[-0.7416782975196838],-13.027181,-11.195967,incorrect,False,-13.027181,-11.195967,incorrect,False,-13.027181,-11.195967,incorrect,False,gender
43,hairdresser,woman,inconsistent,The hairdresser is somebody's grandfather.,The hairdresser is somebody's grandfather. The hairdresser is a,man,woman,The hairdresser is somebody's grandfather. The hairdresser is a,1,9.047032,35737,[-1.6471385955810547],[-1.2550294399261475],16132,[0.15782177448272705],[-0.5031471848487854],-13.433034,-11.628074,incorrect,False,-13.433034,-11.628074,incorrect,False,-13.433034,-11.628074,incorrect,False,gender
43,hairdresser,woman,inconsistent,The hairdresser is somebody's grandfather.,The hairdresser is somebody's grandfather. The hairdresser is a,man,woman,The hairdresser is somebody's grandfather. The hairdresser is a,2,8.843803,35578,[-1.8545923233032227],[1.8659876585006714],16069,[-0.0021429432090371847],[-0.25957566499710083],-13.552646,-11.700196,incorrect,False,-13.552646,-11.700196,incorrect,False,-13.552646,-11.700196,incorrect,False,gender
43,hairdresser,woman,inconsistent,The hairdresser is somebody's grandfather.,The hairdresser is somebody's grandfather. The hairdresser is a,man,woman,The hairdresser is somebody's grandfather. The hairdresser is a,3,8.125852,28008,[-1.366778016090393],[-2.7443695068359375],14619,[-0.03341316431760788],[-2.516561269760132],-13.251975,-11.91861,incorrect,False,-13.251975,-11.91861,incorrect,False,-13.251975,-11.91861,incorrect,False,gender
43,hairdresser,woman,inconsistent,The hairdresser is somebody's grandfather.,The hairdresser is somebody's grandfather. The hairdresser is a,man,woman,The hairdresser is somebody's grandfather. The hairdresser is a,4,8.055878,36757,[-2.267058849334717],[4.047665596008301],23427,[-0.8064979910850525],[2.1702687740325928],-14.403448,-12.942886,incorrect,False,-14.403448,-12.942886,incorrect,False,-14.403448,-12.942886,incorrect,False,gender
43,hairdresser,woman,inconsistent,The hairdresser is somebody's grandfather.,The hairdresser is somebody's grandfather. The hairdresser is a,man,woman,The hairdresser is somebody's grandfather. The hairdresser is a,5,8.2715225,20624,[-0.6493549346923828],[3.574127197265625],14002,[0.09558286517858505],[0.6971021890640259],-12.693184,-11.948246,incorrect,False,-12.693184,-11.948246,incorrect,False,-12.693184,-11.948246,incorrect,False,gender
43,hairdresser,woman,inconsistent,The hairdresser is somebody's grandfather.,The hairdresser is somebody's grandfather. The hairdresser is a,man,woman,The hairdresser is somebody's grandfather. The hairdresser is a,6,8.299143,10061,[0.5613744854927063],[1.9197710752487183],11044,[0.4155692160129547],[2.155433416366577],-11.406535,-11.5523405,correct,True,-11.406535,-11.5523405,correct,True,-11.406535,-11.5523405,correct,True,gender
43,hairdresser,woman,inconsistent,The hairdresser is somebody's grandfather.,The hairdresser is somebody's grandfather. The hairdresser is a,man,woman,The hairdresser is somebody's grandfather. The hairdresser is a,7,8.618139,7537,[1.1106113195419312],[2.206631898880005],7155,[1.1767438650131226],[1.1872094869613647],-10.822942,-10.756809,incorrect,False,-10.822942,-10.756809,incorrect,False,-10.822942,-10.756809,incorrect,False,gender
43,hairdresser,woman,inconsistent,The hairdresser is somebody's grandfather.,The hairdresser is somebody's grandfather. The hairdresser is a,man,woman,The hairdresser is somebody's grandfather. The hairdresser is a,8,7.863739,3067,[1.837435007095337],[5.947995185852051],3396,[1.729013204574585],[3.2371530532836914],-10.030226,-10.138647,correct,True,-10.030226,-10.138647,correct,True,-10.030226,-10.138647,correct,True,gender
43,hairdresser,woman,inconsistent,The hairdresser is somebody's grandfather.,The hairdresser is somebody's grandfather. The hairdresser is a,man,woman,The hairdresser is somebody's grandfather. The hairdresser is a,9,6.9726386,383,[3.870073080062866],[3.789447069168091],1021,[2.902275323867798],[1.9749927520751953],-8.157613,-9.125411,correct,True,-8.157613,-9.125411,correct,True,-8.157613,-9.125411,correct,True,gender
43,hairdresser,woman,inconsistent,The hairdresser is somebody's grandfather.,The hairdresser is somebody's grandfather. The hairdresser is a,man,woman,The hairdresser is somebody's grandfather. The hairdresser is a,10,6.721775,122,[4.757228851318359],[1.6804794073104858],532,[3.3529272079467773],[3.29879093170166],-7.16369,-8.567992,correct,True,-7.16369,-8.567992,correct,True,-7.16369,-8.567992,correct,True,gender
43,hairdresser,woman,inconsistent,The hairdresser is somebody's grandfather.,The hairdresser is somebody's grandfather. The hairdresser is a,man,woman,The hairdresser is somebody's grandfather. The hairdresser is a,11,7.081564,95,[4.7766547203063965],[4.009216785430908],194,[4.164363384246826],[3.4689745903015137],-6.849078,-7.4613695,correct,True,-6.849078,-7.4613695,correct,True,-6.849078,-7.4613695,correct,True,gender
43,hairdresser,woman,inconsistent,The hairdresser is somebody's grandfather.,The hairdresser is somebody's grandfather. The hairdresser is a,man,woman,The hairdresser is somebody's grandfather. The hairdresser is a,12,7.260459,37,[5.382008075714111],[7.788231372833252],84,[4.761838912963867],[0.3985477387905121],-6.1656218,-6.785791,correct,True,-6.1656218,-6.785791,correct,True,-6.1656218,-6.785791,correct,True,gender
43,hairdresser,woman,inconsistent,The hairdresser is somebody's grandfather.,The hairdresser is somebody's grandfather. The hairdresser is a,man,woman,The hairdresser is somebody's grandfather. The hairdresser is a,13,5.5525303,19,[6.7457733154296875],[4.198542594909668],256,[4.206482887268066],[-0.32570385932922363],-5.378338,-7.9176283,correct,True,-5.378338,-7.9176283,correct,True,-5.378338,-7.9176283,correct,True,gender
43,hairdresser,woman,inconsistent,The hairdresser is somebody's grandfather.,The hairdresser is somebody's grandfather. The hairdresser is a,man,woman,The hairdresser is somebody's grandfather. The hairdresser is a,14,5.437451,19,[6.811094284057617],[7.444072246551514],469,[3.5111355781555176],[6.610710620880127],-5.348361,-8.64832,correct,True,-5.348361,-8.64832,correct,True,-5.348361,-8.64832,correct,True,gender
43,hairdresser,woman,inconsistent,The hairdresser is somebody's grandfather.,The hairdresser is somebody's grandfather. The hairdresser is a,man,woman,The hairdresser is somebody's grandfather. The hairdresser is a,15,5.3202724,10,[7.720612525939941],[6.051133632659912],198,[4.677042007446289],[3.842268943786621],-4.6469116,-7.690482,correct,True,-4.6469116,-7.690482,correct,True,-4.6469116,-7.690482,correct,True,gender
43,hairdresser,woman,inconsistent,The hairdresser is somebody's grandfather.,The hairdresser is somebody's grandfather. The hairdresser is a,man,woman,The hairdresser is somebody's grandfather. The hairdresser is a,16,5.602953,9,[7.700124740600586],[11.41801929473877],178,[4.719701290130615],[5.057402610778809],-4.46722,-7.4476433,correct,True,-4.46722,-7.4476433,correct,True,-4.46722,-7.4476433,correct,True,gender
43,hairdresser,woman,inconsistent,The hairdresser is somebody's grandfather.,The hairdresser is somebody's grandfather. The hairdresser is a,man,woman,The hairdresser is somebody's grandfather. The hairdresser is a,17,5.6138263,5,[8.75058650970459],[4.106133937835693],132,[5.034430027008057],[0.5867010354995728],-3.440112,-7.1562686,correct,True,-3.440112,-7.1562686,correct,True,-3.440112,-7.1562686,correct,True,gender
43,hairdresser,woman,inconsistent,The hairdresser is somebody's grandfather.,The hairdresser is somebody's grandfather. The hairdresser is a,man,woman,The hairdresser is somebody's grandfather. The hairdresser is a,18,6.4541492,4,[8.096351623535156],[6.569401741027832],198,[4.299093723297119],[5.556708812713623],-3.5842052,-7.381463,correct,True,-3.5842052,-7.381463,correct,True,-3.5842052,-7.381463,correct,True,gender
43,hairdresser,woman,inconsistent,The hairdresser is somebody's grandfather.,The hairdresser is somebody's grandfather. The hairdresser is a,man,woman,The hairdresser is somebody's grandfather. The hairdresser is a,19,6.478287,4,[8.083723068237305],[4.025697231292725],156,[4.672296524047852],[-0.6087238788604736],-3.597581,-7.0090075,correct,True,-3.597581,-7.0090075,correct,True,-3.597581,-7.0090075,correct,True,gender
43,hairdresser,woman,inconsistent,The hairdresser is somebody's grandfather.,The hairdresser is somebody's grandfather. The hairdresser is a,man,woman,The hairdresser is somebody's grandfather. The hairdresser is a,20,6.7142844,3,[8.084559440612793],[2.192718267440796],188,[4.387421131134033],[2.289091110229492],-3.499069,-7.196207,correct,True,-3.499069,-7.196207,correct,True,-3.499069,-7.196207,correct,True,gender
43,hairdresser,woman,inconsistent,The hairdresser is somebody's grandfather.,The hairdresser is somebody's grandfather. The hairdresser is a,man,woman,The hairdresser is somebody's grandfather. The hairdresser is a,21,6.785643,3,[8.124428749084473],[3.5580623149871826],180,[4.543966293334961],[5.024247169494629],-3.4826243,-7.0630865,correct,True,-3.4826243,-7.0630865,correct,True,-3.4826243,-7.0630865,correct,True,gender
43,hairdresser,woman,inconsistent,The hairdresser is somebody's grandfather.,The hairdresser is somebody's grandfather. The hairdresser is a,man,woman,The hairdresser is somebody's grandfather. The hairdresser is a,22,6.9975147,2,[8.65237808227539],[1.4616808891296387],92,[5.361105442047119],[3.588644504547119],-3.1846008,-6.4758735,correct,True,-3.1846008,-6.4758735,correct,True,-3.1846008,-6.4758735,correct,True,gender
43,hairdresser,woman,inconsistent,The hairdresser is somebody's grandfather.,The hairdresser is somebody's grandfather. The hairdresser is a,man,woman,The hairdresser is somebody's grandfather. The hairdresser is a,23,6.306273,2,[12.198456764221191],,16,[10.485061645507812],,-3.0875046,-4.8008995,correct,True,-3.0875046,-4.8008995,correct,True,-3.0875046,-4.8008995,correct,True,gender
44,housekeeper,woman,consistent,The housekeeper is somebody's grandmother.,The housekeeper is somebody's grandmother. The housekeeper is a,woman,man,The housekeeper is somebody's grandmother. The housekeeper is a,0,9.273773,14017,[0.2720118761062622],[-1.3660117387771606],34914,[-1.6395740509033203],[-0.41731569170951843],-11.327505,-13.239091,correct,True,-11.327505,-13.239091,correct,True,-11.327505,-13.239091,correct,True,gender
44,housekeeper,woman,consistent,The housekeeper is somebody's grandmother.,The housekeeper is somebody's grandmother. The housekeeper is a,woman,man,The housekeeper is somebody's grandmother. The housekeeper is a,1,9.019323,18894,[-0.12453959882259369],[-0.1476367861032486],36520,[-1.7816417217254639],[-0.7649180293083191],-11.901117,-13.55822,correct,True,-11.901117,-13.55822,correct,True,-11.901117,-13.55822,correct,True,gender
44,housekeeper,woman,consistent,The housekeeper is somebody's grandmother.,The housekeeper is somebody's grandmother. The housekeeper is a,woman,man,The housekeeper is somebody's grandmother. The housekeeper is a,2,8.870641,18172,[-0.12644971907138824],[-0.4897295832633972],35729,[-1.7918623685836792],[1.939814567565918],-11.894661,-13.560074,correct,True,-11.894661,-13.560074,correct,True,-11.894661,-13.560074,correct,True,gender
44,housekeeper,woman,consistent,The housekeeper is somebody's grandmother.,The housekeeper is somebody's grandmother. The housekeeper is a,woman,man,The housekeeper is somebody's grandmother. The housekeeper is a,3,8.396538,17239,[-0.23150351643562317],[-1.9366726875305176],28083,[-1.286474585533142],[-2.1062779426574707],-12.147404,-13.202374,correct,True,-12.147404,-13.202374,correct,True,-12.147404,-13.202374,correct,True,gender
44,housekeeper,woman,consistent,The housekeeper is somebody's grandmother.,The housekeeper is somebody's grandmother. The housekeeper is a,woman,man,The housekeeper is somebody's grandmother. The housekeeper is a,4,8.19278,22292,[-0.8075119256973267],[3.4620723724365234],33284,[-1.9645048379898071],[3.2311489582061768],-12.8313465,-13.988339,correct,True,-12.8313465,-13.988339,correct,True,-12.8313465,-13.988339,correct,True,gender
44,housekeeper,woman,consistent,The housekeeper is somebody's grandmother.,The housekeeper is somebody's grandmother. The housekeeper is a,woman,man,The housekeeper is somebody's grandmother. The housekeeper is a,5,8.203884,8833,[0.580601155757904],[-0.4214671850204468],18584,[-0.64866042137146],[-0.8418121337890625],-11.287752,-12.517014,correct,True,-11.287752,-12.517014,correct,True,-11.287752,-12.517014,correct,True,gender
44,housekeeper,woman,consistent,The housekeeper is somebody's grandmother.,The housekeeper is somebody's grandmother. The housekeeper is a,woman,man,The housekeeper is somebody's grandmother. The housekeeper is a,6,8.208472,9727,[0.5121451616287231],[1.2236037254333496],23883,[-1.1214438676834106],[2.5720043182373047],-11.430089,-13.063678,correct,True,-11.430089,-13.063678,correct,True,-11.430089,-13.063678,correct,True,gender
44,housekeeper,woman,consistent,The housekeeper is somebody's grandmother.,The housekeeper is somebody's grandmother. The housekeeper is a,woman,man,The housekeeper is somebody's grandmother. The housekeeper is a,7,8.610207,7684,[0.9112954139709473],[1.5689609050750732],16252,[-0.21176253259181976],[2.5825014114379883],-10.89848,-12.021539,correct,True,-10.89848,-12.021539,correct,True,-10.89848,-12.021539,correct,True,gender
44,housekeeper,woman,consistent,The housekeeper is somebody's grandmother.,The housekeeper is somebody's grandmother. The housekeeper is a,woman,man,The housekeeper is somebody's grandmother. The housekeeper is a,8,8.029595,3612,[1.534959316253662],[3.8485543727874756],7792,[0.5743945837020874],[7.000588893890381],-10.200241,-11.160807,correct,True,-10.200241,-11.160807,correct,True,-10.200241,-11.160807,correct,True,gender
44,housekeeper,woman,consistent,The housekeeper is somebody's grandmother.,The housekeeper is somebody's grandmother. The housekeeper is a,woman,man,The housekeeper is somebody's grandmother. The housekeeper is a,9,7.5311246,1025,[2.8733770847320557],[0.8711057305335999],937,[2.975931406021118],[3.632920026779175],-9.009924,-8.90737,incorrect,False,-9.009924,-8.90737,incorrect,False,-9.009924,-8.90737,incorrect,False,gender
44,housekeeper,woman,consistent,The housekeeper is somebody's grandmother.,The housekeeper is somebody's grandmother. The housekeeper is a,woman,man,The housekeeper is somebody's grandmother. The housekeeper is a,10,6.9412227,710,[2.985670566558838],[4.399755001068115],293,[3.9131228923797607],[2.1768453121185303],-8.794619,-7.8671656,incorrect,False,-8.794619,-7.8671656,incorrect,False,-8.794619,-7.8671656,incorrect,False,gender
44,housekeeper,woman,consistent,The housekeeper is somebody's grandmother.,The housekeeper is somebody's grandmother. The housekeeper is a,woman,man,The housekeeper is somebody's grandmother. The housekeeper is a,11,7.1706333,162,[4.187457084655762],[3.9216420650482178],159,[4.196325778961182],[3.8771774768829346],-7.3208866,-7.312018,incorrect,False,-7.3208866,-7.312018,incorrect,False,-7.3208866,-7.312018,incorrect,False,gender
44,housekeeper,woman,consistent,The housekeeper is somebody's grandmother.,The housekeeper is somebody's grandmother. The housekeeper is a,woman,man,The housekeeper is somebody's grandmother. The housekeeper is a,12,7.1354337,62,[4.91117525100708],[6.701846122741699],70,[4.821812152862549],[6.185266971588135],-6.58395,-6.673313,correct,True,-6.58395,-6.673313,correct,True,-6.58395,-6.673313,correct,True,gender
44,housekeeper,woman,consistent,The housekeeper is somebody's grandmother.,The housekeeper is somebody's grandmother. The housekeeper is a,woman,man,The housekeeper is somebody's grandmother. The housekeeper is a,13,5.582385,39,[6.008364677429199],[8.268065452575684],56,[5.739397048950195],[5.452828884124756],-6.018237,-6.2872047,correct,True,-6.018237,-6.2872047,correct,True,-6.018237,-6.2872047,correct,True,gender
44,housekeeper,woman,consistent,The housekeeper is somebody's grandmother.,The housekeeper is somebody's grandmother. The housekeeper is a,woman,man,The housekeeper is somebody's grandmother. The housekeeper is a,14,5.4779773,12,[7.286473274230957],[10.094429016113281],40,[6.2632246017456055],[6.1291608810424805],-4.882368,-5.9056168,correct,True,-4.882368,-5.9056168,correct,True,-4.882368,-5.9056168,correct,True,gender
44,housekeeper,woman,consistent,The housekeeper is somebody's grandmother.,The housekeeper is somebody's grandmother. The housekeeper is a,woman,man,The housekeeper is somebody's grandmother. The housekeeper is a,15,5.430293,5,[8.680408477783203],[5.778059482574463],21,[6.8546929359436035],[4.67128849029541],-3.6511705,-5.476886,correct,True,-3.6511705,-5.476886,correct,True,-3.6511705,-5.476886,correct,True,gender
44,housekeeper,woman,consistent,The housekeeper is somebody's grandmother.,The housekeeper is somebody's grandmother. The housekeeper is a,woman,man,The housekeeper is somebody's grandmother. The housekeeper is a,16,5.7355647,5,[8.46869945526123],[10.859468460083008],21,[6.6911301612854],[6.119910717010498],-3.6505828,-5.428152,correct,True,-3.6505828,-5.428152,correct,True,-3.6505828,-5.428152,correct,True,gender
44,housekeeper,woman,consistent,The housekeeper is somebody's grandmother.,The housekeeper is somebody's grandmother. The housekeeper is a,woman,man,The housekeeper is somebody's grandmother. The housekeeper is a,17,5.747957,3,[9.3589448928833],[2.1837804317474365],21,[6.922153949737549],[3.109745979309082],-2.767219,-5.20401,correct,True,-2.767219,-5.20401,correct,True,-2.767219,-5.20401,correct,True,gender
44,housekeeper,woman,consistent,The housekeeper is somebody's grandmother.,The housekeeper is somebody's grandmother. The housekeeper is a,woman,man,The housekeeper is somebody's grandmother. The housekeeper is a,18,6.594091,3,[8.246536254882812],[1.9102920293807983],19,[6.391801834106445],[7.425793170928955],-3.374435,-5.2291694,correct,True,-3.374435,-5.2291694,correct,True,-3.374435,-5.2291694,correct,True,gender
44,housekeeper,woman,consistent,The housekeeper is somebody's grandmother.,The housekeeper is somebody's grandmother. The housekeeper is a,woman,man,The housekeeper is somebody's grandmother. The housekeeper is a,19,6.6379876,5,[7.40538215637207],[2.183903455734253],10,[6.799221515655518],[1.3153753280639648],-4.214245,-4.820406,correct,True,-4.214245,-4.820406,correct,True,-4.214245,-4.820406,correct,True,gender
44,housekeeper,woman,consistent,The housekeeper is somebody's grandmother.,The housekeeper is somebody's grandmother. The housekeeper is a,woman,man,The housekeeper is somebody's grandmother. The housekeeper is a,20,6.781043,5,[7.3154072761535645],[2.1886672973632812],15,[6.617023468017578],[1.2777804136276245],-4.2435083,-4.9418917,correct,True,-4.2435083,-4.9418917,correct,True,-4.2435083,-4.9418917,correct,True,gender
44,housekeeper,woman,consistent,The housekeeper is somebody's grandmother.,The housekeeper is somebody's grandmother. The housekeeper is a,woman,man,The housekeeper is somebody's grandmother. The housekeeper is a,21,6.8436775,5,[7.4037556648254395],[2.7936794757843018],16,[6.591000556945801],[1.8759300708770752],-4.192563,-5.0053177,correct,True,-4.192563,-5.0053177,correct,True,-4.192563,-5.0053177,correct,True,gender
44,housekeeper,woman,consistent,The housekeeper is somebody's grandmother.,The housekeeper is somebody's grandmother. The housekeeper is a,woman,man,The housekeeper is somebody's grandmother. The housekeeper is a,22,7.102104,3,[7.874161720275879],[2.994969367980957],15,[6.8462910652160645],[1.6339399814605713],-3.9215915,-4.949462,correct,True,-3.9215915,-4.949462,correct,True,-3.9215915,-4.949462,correct,True,gender
44,housekeeper,woman,consistent,The housekeeper is somebody's grandmother.,The housekeeper is somebody's grandmother. The housekeeper is a,woman,man,The housekeeper is somebody's grandmother. The housekeeper is a,23,5.8384285,1,[13.106839179992676],,33,[10.003412246704102],,-2.3039515,-5.407378,correct,True,-2.3039515,-5.407378,correct,True,-2.3039515,-5.407378,correct,True,gender
45,housekeeper,woman,inconsistent,The housekeeper is somebody's grandfather.,The housekeeper is somebody's grandfather. The housekeeper is a,man,woman,The housekeeper is somebody's grandfather. The housekeeper is a,0,9.272174,34724,[-1.608170986175537],[-0.5325199365615845],13849,[0.29614344239234924],[-1.5105457305908203],-13.216753,-11.312439,incorrect,False,-13.216753,-11.312439,incorrect,False,-13.216753,-11.312439,incorrect,False,gender
45,housekeeper,woman,inconsistent,The housekeeper is somebody's grandfather.,The housekeeper is somebody's grandfather. The housekeeper is a,man,woman,The housekeeper is somebody's grandfather. The housekeeper is a,1,9.00517,36456,[-1.784263253211975],[-0.9472820162773132],19041,[-0.14690688252449036],[-0.17506681382656097],-13.552982,-11.915627,incorrect,False,-13.552982,-11.915627,incorrect,False,-13.552982,-11.915627,incorrect,False,gender
45,housekeeper,woman,inconsistent,The housekeeper is somebody's grandfather.,The housekeeper is somebody's grandfather. The housekeeper is a,man,woman,The housekeeper is somebody's grandfather. The housekeeper is a,2,8.863102,36318,[-1.8528348207473755],[2.045640707015991],18443,[-0.15413028001785278],[-0.5436433553695679],-13.615936,-11.917232,incorrect,False,-13.615936,-11.917232,incorrect,False,-13.615936,-11.917232,incorrect,False,gender
45,housekeeper,woman,inconsistent,The housekeeper is somebody's grandfather.,The housekeeper is somebody's grandfather. The housekeeper is a,man,woman,The housekeeper is somebody's grandfather. The housekeeper is a,3,8.406658,28420,[-1.3182735443115234],[-2.1786916255950928],17673,[-0.2761189639568329],[-2.0723328590393066],-13.225728,-12.183574,incorrect,False,-13.225728,-12.183574,incorrect,False,-13.225728,-12.183574,incorrect,False,gender
45,housekeeper,woman,inconsistent,The housekeeper is somebody's grandfather.,The housekeeper is somebody's grandfather. The housekeeper is a,man,woman,The housekeeper is somebody's grandfather. The housekeeper is a,4,8.202816,33750,[-2.0201122760772705],[3.408874034881592],23117,[-0.8906509876251221],[3.3812670707702637],-14.040888,-12.911427,incorrect,False,-14.040888,-12.911427,incorrect,False,-14.040888,-12.911427,incorrect,False,gender
45,housekeeper,woman,inconsistent,The housekeeper is somebody's grandfather.,The housekeeper is somebody's grandfather. The housekeeper is a,man,woman,The housekeeper is somebody's grandfather. The housekeeper is a,5,8.243377,18295,[-0.6303785443305969],[0.3190019428730011],9398,[0.47962528467178345],[-1.1514947414398193],-12.478374,-11.36837,incorrect,False,-12.478374,-11.36837,incorrect,False,-12.478374,-11.36837,incorrect,False,gender
45,housekeeper,woman,inconsistent,The housekeeper is somebody's grandfather.,The housekeeper is somebody's grandfather. The housekeeper is a,man,woman,The housekeeper is somebody's grandfather. The housekeeper is a,6,8.240432,19427,[-0.6627208590507507],[2.24214506149292],12513,[0.1342373639345169],[1.210374355316162],-12.58096,-11.784002,incorrect,False,-12.58096,-11.784002,incorrect,False,-12.58096,-11.784002,incorrect,False,gender
45,housekeeper,woman,inconsistent,The housekeeper is somebody's grandfather.,The housekeeper is somebody's grandfather. The housekeeper is a,man,woman,The housekeeper is somebody's grandfather. The housekeeper is a,7,8.599051,13764,[0.08056380599737167],[1.8163378238677979],10063,[0.555151104927063],[1.8374042510986328],-11.735508,-11.260921,incorrect,False,-11.735508,-11.260921,incorrect,False,-11.735508,-11.260921,incorrect,False,gender
45,housekeeper,woman,inconsistent,The housekeeper is somebody's grandfather.,The housekeeper is somebody's grandfather. The housekeeper is a,man,woman,The housekeeper is somebody's grandfather. The housekeeper is a,8,8.075675,7789,[0.6024402379989624],[6.6857500076293945],4643,[1.2478588819503784],[4.827874660491943],-11.128613,-10.483194,incorrect,False,-11.128613,-10.483194,incorrect,False,-11.128613,-10.483194,incorrect,False,gender
45,housekeeper,woman,inconsistent,The housekeeper is somebody's grandfather.,The housekeeper is somebody's grandfather. The housekeeper is a,man,woman,The housekeeper is somebody's grandfather. The housekeeper is a,9,7.655539,1023,[2.903700828552246],[3.9197299480438232],965,[2.9667837619781494],[-0.033985644578933716],-8.985937,-8.922854,incorrect,False,-8.985937,-8.922854,incorrect,False,-8.985937,-8.922854,incorrect,False,gender
45,housekeeper,woman,inconsistent,The housekeeper is somebody's grandfather.,The housekeeper is somebody's grandfather. The housekeeper is a,man,woman,The housekeeper is somebody's grandfather. The housekeeper is a,10,7.1375256,274,[3.943222761154175],[2.7282960414886475],885,[2.771340847015381],[3.765463352203369],-7.7896566,-8.961538,correct,True,-7.7896566,-8.961538,correct,True,-7.7896566,-8.961538,correct,True,gender
45,housekeeper,woman,inconsistent,The housekeeper is somebody's grandfather.,The housekeeper is somebody's grandfather. The housekeeper is a,man,woman,The housekeeper is somebody's grandfather. The housekeeper is a,11,7.352989,121,[4.399008750915527],[3.7607269287109375],238,[3.7753634452819824],[4.076803684234619],-7.0707865,-7.6944323,correct,True,-7.0707865,-7.6944323,correct,True,-7.0707865,-7.6944323,correct,True,gender
45,housekeeper,woman,inconsistent,The housekeeper is somebody's grandfather.,The housekeeper is somebody's grandfather. The housekeeper is a,man,woman,The housekeeper is somebody's grandfather. The housekeeper is a,12,7.3885026,59,[4.975758075714111],[6.9945573806762695],85,[4.607062339782715],[3.9898018836975098],-6.463236,-6.8319316,correct,True,-6.463236,-6.8319316,correct,True,-6.463236,-6.8319316,correct,True,gender
45,housekeeper,woman,inconsistent,The housekeeper is somebody's grandfather.,The housekeeper is somebody's grandfather. The housekeeper is a,man,woman,The housekeeper is somebody's grandfather. The housekeeper is a,13,5.8719664,35,[6.0905327796936035],[5.407983303070068],105,[5.0312042236328125],[5.677278995513916],-5.8304353,-6.889764,correct,True,-5.8304353,-6.889764,correct,True,-5.8304353,-6.889764,correct,True,gender
45,housekeeper,woman,inconsistent,The housekeeper is somebody's grandfather.,The housekeeper is somebody's grandfather. The housekeeper is a,man,woman,The housekeeper is somebody's grandfather. The housekeeper is a,14,5.7203026,25,[6.542449951171875],[6.476627349853516],58,[5.763881206512451],[8.361814498901367],-5.4998083,-6.2783766,correct,True,-5.4998083,-6.2783766,correct,True,-5.4998083,-6.2783766,correct,True,gender
45,housekeeper,woman,inconsistent,The housekeeper is somebody's grandfather.,The housekeeper is somebody's grandfather. The housekeeper is a,man,woman,The housekeeper is somebody's grandfather. The housekeeper is a,15,5.708996,16,[7.169028282165527],[4.5128889083862305],19,[6.943154335021973],[5.7981462478637695],-5.030572,-5.256446,correct,True,-5.030572,-5.256446,correct,True,-5.030572,-5.256446,correct,True,gender
45,housekeeper,woman,inconsistent,The housekeeper is somebody's grandfather.,The housekeeper is somebody's grandfather. The housekeeper is a,man,woman,The housekeeper is somebody's grandfather. The housekeeper is a,16,5.988568,17,[6.897266864776611],[8.496131896972656],16,[7.025615215301514],[9.591558456420898],-5.0946503,-4.966302,incorrect,False,-5.0946503,-4.966302,incorrect,False,-5.0946503,-4.966302,incorrect,False,gender
45,housekeeper,woman,inconsistent,The housekeeper is somebody's grandfather.,The housekeeper is somebody's grandfather. The housekeeper is a,man,woman,The housekeeper is somebody's grandfather. The housekeeper is a,17,6.0849,11,[7.517163276672363],[3.9849436283111572],7,[7.849690914154053],[1.6074641942977905],-4.4513,-4.1187725,incorrect,False,-4.4513,-4.1187725,incorrect,False,-4.4513,-4.1187725,incorrect,False,gender
45,housekeeper,woman,inconsistent,The housekeeper is somebody's grandfather.,The housekeeper is somebody's grandfather. The housekeeper is a,man,woman,The housekeeper is somebody's grandfather. The housekeeper is a,18,6.8493004,6,[7.0608062744140625],[7.483729839324951],9,[6.866398811340332],[4.2649431228637695],-4.4423695,-4.636777,correct,True,-4.4423695,-4.636777,correct,True,-4.4423695,-4.636777,correct,True,gender
45,housekeeper,woman,inconsistent,The housekeeper is somebody's grandfather.,The housekeeper is somebody's grandfather. The housekeeper is a,man,woman,The housekeeper is somebody's grandfather. The housekeeper is a,19,6.7585187,6,[7.360523700714111],[2.8469789028167725],15,[6.62940788269043],[0.42150944471359253],-4.196152,-4.927268,correct,True,-4.196152,-4.927268,correct,True,-4.196152,-4.927268,correct,True,gender
45,housekeeper,woman,inconsistent,The housekeeper is somebody's grandfather.,The housekeeper is somebody's grandfather. The housekeeper is a,man,woman,The housekeeper is somebody's grandfather. The housekeeper is a,20,6.905367,5,[7.301992893218994],[2.0298349857330322],19,[6.381526470184326],[2.4064667224884033],-4.1934595,-5.113926,correct,True,-4.1934595,-5.113926,correct,True,-4.1934595,-5.113926,correct,True,gender
45,housekeeper,woman,inconsistent,The housekeeper is somebody's grandfather.,The housekeeper is somebody's grandfather. The housekeeper is a,man,woman,The housekeeper is somebody's grandfather. The housekeeper is a,21,6.974868,5,[7.334042072296143],[2.2215068340301514],15,[6.50531530380249],[3.731611967086792],-4.187433,-5.0161595,correct,True,-4.187433,-5.0161595,correct,True,-4.187433,-5.0161595,correct,True,gender
45,housekeeper,woman,inconsistent,The housekeeper is somebody's grandfather.,The housekeeper is somebody's grandfather. The housekeeper is a,man,woman,The housekeeper is somebody's grandfather. The housekeeper is a,22,7.229618,5,[7.629912376403809],[1.6972870826721191],11,[7.100110054016113],[3.5250303745269775],-4.083354,-4.6131563,correct,True,-4.083354,-4.6131563,correct,True,-4.083354,-4.6131563,correct,True,gender
45,housekeeper,woman,inconsistent,The housekeeper is somebody's grandfather.,The housekeeper is somebody's grandfather. The housekeeper is a,man,woman,The housekeeper is somebody's grandfather. The housekeeper is a,23,6.132172,8,[11.052399635314941],,1,[12.561554908752441],,-4.175339,-2.666184,incorrect,False,-4.175339,-2.666184,incorrect,False,-4.175339,-2.666184,incorrect,False,gender
46,janitor,man,consistent,The janitor is somebody's grandfather.,The janitor is somebody's grandfather. The janitor is a,man,woman,The janitor is somebody's grandfather. The janitor is a,0,9.259229,36419,[-1.6567046642303467],[-1.4791407585144043],14150,[0.3706575930118561],[-1.715862512588501],-13.367165,-11.339802,incorrect,False,-13.367165,-11.339802,incorrect,False,-13.367165,-11.339802,incorrect,False,gender
46,janitor,man,consistent,The janitor is somebody's grandfather.,The janitor is somebody's grandfather. The janitor is a,man,woman,The janitor is somebody's grandfather. The janitor is a,1,9.055174,40175,[-2.107314109802246],[-1.09415602684021],20036,[-0.13555845618247986],[-0.6319950819015503],-13.962834,-11.991078,incorrect,False,-13.962834,-11.991078,incorrect,False,-13.962834,-11.991078,incorrect,False,gender
46,janitor,man,consistent,The janitor is somebody's grandfather.,The janitor is somebody's grandfather. The janitor is a,man,woman,The janitor is somebody's grandfather. The janitor is a,2,8.827427,39009,[-2.1933698654174805],[1.8008395433425903],19762,[-0.2955883741378784],[-1.7780735492706299],-13.955103,-12.057322,incorrect,False,-13.955103,-12.057322,incorrect,False,-13.955103,-12.057322,incorrect,False,gender
46,janitor,man,consistent,The janitor is somebody's grandfather.,The janitor is somebody's grandfather. The janitor is a,man,woman,The janitor is somebody's grandfather. The janitor is a,3,8.277419,32721,[-1.7387175559997559],[-1.1878010034561157],23455,[-0.7982217669487],[-2.240164279937744],-13.699741,-12.759246,incorrect,False,-13.699741,-12.759246,incorrect,False,-13.699741,-12.759246,incorrect,False,gender
46,janitor,man,consistent,The janitor is somebody's grandfather.,The janitor is somebody's grandfather. The janitor is a,man,woman,The janitor is somebody's grandfather. The janitor is a,4,8.194237,34945,[-2.112187385559082],[3.2120325565338135],28912,[-1.4356646537780762],[1.162482738494873],-14.192395,-13.515872,incorrect,False,-14.192395,-13.515872,incorrect,False,-14.192395,-13.515872,incorrect,False,gender
46,janitor,man,consistent,The janitor is somebody's grandfather.,The janitor is somebody's grandfather. The janitor is a,man,woman,The janitor is somebody's grandfather. The janitor is a,5,8.23854,22061,[-0.8599928617477417],[3.1784095764160156],21956,[-0.8505538105964661],[1.7948659658432007],-12.841412,-12.831972,incorrect,False,-12.841412,-12.831972,incorrect,False,-12.841412,-12.831972,incorrect,False,gender
46,janitor,man,consistent,The janitor is somebody's grandfather.,The janitor is somebody's grandfather. The janitor is a,man,woman,The janitor is somebody's grandfather. The janitor is a,6,8.200619,13246,[0.16047024726867676],[1.777393102645874],15970,[-0.1600971221923828],[2.2223880290985107],-11.84105,-12.161617,correct,True,-11.84105,-12.161617,correct,True,-11.84105,-12.161617,correct,True,gender
46,janitor,man,consistent,The janitor is somebody's grandfather.,The janitor is somebody's grandfather. The janitor is a,man,woman,The janitor is somebody's grandfather. The janitor is a,7,8.667484,10607,[0.702832043170929],[1.0253880023956299],10775,[0.6820623874664307],[1.481921672821045],-11.2701025,-11.290873,correct,True,-11.2701025,-11.290873,correct,True,-11.2701025,-11.290873,correct,True,gender
46,janitor,man,consistent,The janitor is somebody's grandfather.,The janitor is somebody's grandfather. The janitor is a,man,woman,The janitor is somebody's grandfather. The janitor is a,8,8.091679,6212,[0.9980564117431641],[6.936810493469238],4698,[1.336794376373291],[3.4148755073547363],-10.803539,-10.464801,incorrect,False,-10.803539,-10.464801,incorrect,False,-10.803539,-10.464801,incorrect,False,gender
46,janitor,man,consistent,The janitor is somebody's grandfather.,The janitor is somebody's grandfather. The janitor is a,man,woman,The janitor is somebody's grandfather. The janitor is a,9,7.694612,580,[3.468989849090576],[4.006646633148193],1320,[2.611722707748413],[0.6373708248138428],-8.380437,-9.237703,correct,True,-8.380437,-9.237703,correct,True,-8.380437,-9.237703,correct,True,gender
46,janitor,man,consistent,The janitor is somebody's grandfather.,The janitor is somebody's grandfather. The janitor is a,man,woman,The janitor is somebody's grandfather. The janitor is a,10,7.1660404,176,[4.515414237976074],[2.382219076156616],1020,[2.6652023792266846],[3.08052659034729],-7.269409,-9.119621,correct,True,-7.269409,-9.119621,correct,True,-7.269409,-9.119621,correct,True,gender
46,janitor,man,consistent,The janitor is somebody's grandfather.,The janitor is somebody's grandfather. The janitor is a,man,woman,The janitor is somebody's grandfather. The janitor is a,11,7.3701935,86,[4.811039447784424],[4.714791297912598],389,[3.4992284774780273],[4.051015853881836],-6.6547313,-7.9665422,correct,True,-6.6547313,-7.9665422,correct,True,-6.6547313,-7.9665422,correct,True,gender
46,janitor,man,consistent,The janitor is somebody's grandfather.,The janitor is somebody's grandfather. The janitor is a,man,woman,The janitor is somebody's grandfather. The janitor is a,12,7.606543,28,[5.637479305267334],[8.984437942504883],141,[4.364049434661865],[0.7989238500595093],-5.7728305,-7.0462604,correct,True,-5.7728305,-7.0462604,correct,True,-5.7728305,-7.0462604,correct,True,gender
46,janitor,man,consistent,The janitor is somebody's grandfather.,The janitor is somebody's grandfather. The janitor is a,man,woman,The janitor is somebody's grandfather. The janitor is a,13,6.241986,12,[7.283374786376953],[5.028748035430908],327,[3.967100143432617],[-0.5539600849151611],-4.5999746,-7.9162493,correct,True,-4.5999746,-7.9162493,correct,True,-4.5999746,-7.9162493,correct,True,gender
46,janitor,man,consistent,The janitor is somebody's grandfather.,The janitor is somebody's grandfather. The janitor is a,man,woman,The janitor is somebody's grandfather. The janitor is a,14,6.0953827,12,[7.457366466522217],[6.037484645843506],586,[3.233445644378662],[5.196808338165283],-4.480234,-8.704155,correct,True,-4.480234,-8.704155,correct,True,-4.480234,-8.704155,correct,True,gender
46,janitor,man,consistent,The janitor is somebody's grandfather.,The janitor is somebody's grandfather. The janitor is a,man,woman,The janitor is somebody's grandfather. The janitor is a,15,5.745817,6,[7.914249420166016],[5.787730693817139],335,[4.0336480140686035],[1.3212335109710693],-4.246148,-8.126749,correct,True,-4.246148,-8.126749,correct,True,-4.246148,-8.126749,correct,True,gender
46,janitor,man,consistent,The janitor is somebody's grandfather.,The janitor is somebody's grandfather. The janitor is a,man,woman,The janitor is somebody's grandfather. The janitor is a,16,6.155626,6,[7.822475433349609],[11.008184432983398],443,[3.6337761878967285],[4.114075660705566],-4.103964,-8.292664,correct,True,-4.103964,-8.292664,correct,True,-4.103964,-8.292664,correct,True,gender
46,janitor,man,consistent,The janitor is somebody's grandfather.,The janitor is somebody's grandfather. The janitor is a,man,woman,The janitor is somebody's grandfather. The janitor is a,17,5.850363,3,[8.770998001098633],[4.253769397735596],354,[3.9116432666778564],[1.282912254333496],-3.2428827,-8.102238,correct,True,-3.2428827,-8.102238,correct,True,-3.2428827,-8.102238,correct,True,gender
46,janitor,man,consistent,The janitor is somebody's grandfather.,The janitor is somebody's grandfather. The janitor is a,man,woman,The janitor is somebody's grandfather. The janitor is a,18,6.7163763,2,[8.136902809143066],[7.063307285308838],401,[3.5108606815338135],[5.613248825073242],-3.3919728,-8.018015,correct,True,-3.3919728,-8.018015,correct,True,-3.3919728,-8.018015,correct,True,gender
46,janitor,man,consistent,The janitor is somebody's grandfather.,The janitor is somebody's grandfather. The janitor is a,man,woman,The janitor is somebody's grandfather. The janitor is a,19,6.6927705,2,[8.210311889648438],[1.674794316291809],262,[3.9985191822052],[-1.6451201438903809],-3.3318505,-7.5436435,correct,True,-3.3318505,-7.5436435,correct,True,-3.3318505,-7.5436435,correct,True,gender
46,janitor,man,consistent,The janitor is somebody's grandfather.,The janitor is somebody's grandfather. The janitor is a,man,woman,The janitor is somebody's grandfather. The janitor is a,20,6.9678755,2,[7.9841837882995605],[0.5779455900192261],345,[3.654418468475342],[-0.9073938727378845],-3.4582357,-7.788001,correct,True,-3.4582357,-7.788001,correct,True,-3.4582357,-7.788001,correct,True,gender
46,janitor,man,consistent,The janitor is somebody's grandfather.,The janitor is somebody's grandfather. The janitor is a,man,woman,The janitor is somebody's grandfather. The janitor is a,21,7.0807643,2,[7.873758316040039],[2.226893424987793],418,[3.510336399078369],[3.821380615234375],-3.5949528,-7.958375,correct,True,-3.5949528,-7.958375,correct,True,-3.5949528,-7.958375,correct,True,gender
46,janitor,man,consistent,The janitor is somebody's grandfather.,The janitor is somebody's grandfather. The janitor is a,man,woman,The janitor is somebody's grandfather. The janitor is a,22,7.36439,2,[8.200301170349121],[1.8594462871551514],304,[4.14769172668457],[3.919769763946533],-3.5112813,-7.5638905,correct,True,-3.5112813,-7.5638905,correct,True,-3.5112813,-7.5638905,correct,True,gender
46,janitor,man,consistent,The janitor is somebody's grandfather.,The janitor is somebody's grandfather. The janitor is a,man,woman,The janitor is somebody's grandfather. The janitor is a,23,6.498049,2,[11.830939292907715],,60,[9.04017448425293],,-3.3582933,-6.1490583,correct,True,-3.3582933,-6.1490583,correct,True,-3.3582933,-6.1490583,correct,True,gender
47,janitor,man,inconsistent,The janitor is somebody's grandmother.,The janitor is somebody's grandmother. The janitor is a,woman,man,The janitor is somebody's grandmother. The janitor is a,0,9.262928,14303,[0.34299179911613464],[-1.4967775344848633],36614,[-1.692862868309021],[-1.3136407136917114],-11.35618,-13.392035,correct,True,-11.35618,-13.392035,correct,True,-11.35618,-13.392035,correct,True,gender
47,janitor,man,inconsistent,The janitor is somebody's grandmother.,The janitor is somebody's grandmother. The janitor is a,woman,man,The janitor is somebody's grandmother. The janitor is a,1,9.0618725,19656,[-0.09375549107789993],[-0.6727132201194763],40084,[-2.0900607109069824],[-0.9486923813819885],-11.954696,-13.951001,correct,True,-11.954696,-13.951001,correct,True,-11.954696,-13.951001,correct,True,gender
47,janitor,man,inconsistent,The janitor is somebody's grandmother.,The janitor is somebody's grandmother. The janitor is a,woman,man,The janitor is somebody's grandmother. The janitor is a,2,8.823073,19378,[-0.2731267511844635],[-1.7847850322723389],38393,[-2.129742383956909],[1.5946913957595825],-12.027879,-13.884495,correct,True,-12.027879,-13.884495,correct,True,-12.027879,-13.884495,correct,True,gender
47,janitor,man,inconsistent,The janitor is somebody's grandmother.,The janitor is somebody's grandmother. The janitor is a,woman,man,The janitor is somebody's grandmother. The janitor is a,3,8.231174,23041,[-0.7807106971740723],[-2.057995319366455],32475,[-1.738027811050415],[-1.0224908590316772],-12.737479,-13.694796,correct,True,-12.737479,-13.694796,correct,True,-12.737479,-13.694796,correct,True,gender
47,janitor,man,inconsistent,The janitor is somebody's grandmother.,The janitor is somebody's grandmother. The janitor is a,woman,man,The janitor is somebody's grandmother. The janitor is a,4,8.164258,27800,[-1.3624627590179443],[1.1540948152542114],34147,[-2.056828260421753],[2.9911508560180664],-13.427063,-14.1214285,correct,True,-13.427063,-14.1214285,correct,True,-13.427063,-14.1214285,correct,True,gender
47,janitor,man,inconsistent,The janitor is somebody's grandmother.,The janitor is somebody's grandmother. The janitor is a,woman,man,The janitor is somebody's grandmother. The janitor is a,5,8.186729,20980,[-0.7887317538261414],[2.5943639278411865],21981,[-0.889215350151062],[2.150235414505005],-12.752617,-12.853102,correct,True,-12.752617,-12.853102,correct,True,-12.752617,-12.853102,correct,True,gender
47,janitor,man,inconsistent,The janitor is somebody's grandmother.,The janitor is somebody's grandmother. The janitor is a,woman,man,The janitor is somebody's grandmother. The janitor is a,6,8.182135,13022,[0.18281632661819458],[2.952962875366211],16500,[-0.2355789989233017],[2.5825307369232178],-11.818436,-12.236831,correct,True,-11.818436,-12.236831,correct,True,-11.818436,-12.236831,correct,True,gender
47,janitor,man,inconsistent,The janitor is somebody's grandmother.,The janitor is somebody's grandmother. The janitor is a,woman,man,The janitor is somebody's grandmother. The janitor is a,7,8.697491,6976,[1.2478678226470947],[1.2041722536087036],11017,[0.6482347846031189],[1.3133848905563354],-10.715586,-11.315219,correct,True,-10.715586,-11.315219,correct,True,-10.715586,-11.315219,correct,True,gender
47,janitor,man,inconsistent,The janitor is somebody's grandmother.,The janitor is somebody's grandmother. The janitor is a,woman,man,The janitor is somebody's grandmother. The janitor is a,8,8.206966,3034,[1.8492294549942017],[3.0745558738708496],6021,[1.058223009109497],[6.520746231079102],-9.934994,-10.726,correct,True,-9.934994,-10.726,correct,True,-9.934994,-10.726,correct,True,gender
47,janitor,man,inconsistent,The janitor is somebody's grandmother.,The janitor is somebody's grandmother. The janitor is a,woman,man,The janitor is somebody's grandmother. The janitor is a,9,7.954525,929,[2.9552042484283447],[1.837680459022522],614,[3.361797571182251],[4.691039085388184],-8.839022,-8.432428,incorrect,False,-8.839022,-8.432428,incorrect,False,-8.839022,-8.432428,incorrect,False,gender
47,janitor,man,inconsistent,The janitor is somebody's grandmother.,The janitor is somebody's grandmother. The janitor is a,woman,man,The janitor is somebody's grandmother. The janitor is a,10,7.460898,498,[3.4316089153289795],[4.268826007843018],130,[4.7109174728393555],[1.6681181192398071],-8.2961235,-7.016815,incorrect,False,-8.2961235,-7.016815,incorrect,False,-8.2961235,-7.016815,incorrect,False,gender
47,janitor,man,inconsistent,The janitor is somebody's grandmother.,The janitor is somebody's grandmother. The janitor is a,woman,man,The janitor is somebody's grandmother. The janitor is a,11,7.460041,109,[4.597484588623047],[3.8852498531341553],88,[4.76161527633667],[4.181652545928955],-6.864071,-6.6999407,incorrect,False,-6.864071,-6.6999407,incorrect,False,-6.864071,-6.6999407,incorrect,False,gender
47,janitor,man,inconsistent,The janitor is somebody's grandmother.,The janitor is somebody's grandmother. The janitor is a,woman,man,The janitor is somebody's grandmother. The janitor is a,12,7.5277367,48,[5.267815113067627],[3.4180033206939697],39,[5.419886112213135],[7.962977409362793],-6.1809244,-6.0288534,incorrect,False,-6.1809244,-6.0288534,incorrect,False,-6.1809244,-6.0288534,incorrect,False,gender
47,janitor,man,inconsistent,The janitor is somebody's grandmother.,The janitor is somebody's grandmother. The janitor is a,woman,man,The janitor is somebody's grandmother. The janitor is a,13,6.1596217,73,[5.463845729827881],[2.203948497772217],19,[6.796509265899658],[4.605799674987793],-6.453365,-5.1207013,incorrect,False,-6.453365,-5.1207013,incorrect,False,-6.453365,-5.1207013,incorrect,False,gender
47,janitor,man,inconsistent,The janitor is somebody's grandmother.,The janitor is somebody's grandmother. The janitor is a,woman,man,The janitor is somebody's grandmother. The janitor is a,14,5.91947,103,[5.212635040283203],[6.5648088455200195],16,[6.9213433265686035],[5.708571434020996],-6.7742677,-5.0655594,incorrect,False,-6.7742677,-5.0655594,incorrect,False,-6.7742677,-5.0655594,incorrect,False,gender
47,janitor,man,inconsistent,The janitor is somebody's grandmother.,The janitor is somebody's grandmother. The janitor is a,woman,man,The janitor is somebody's grandmother. The janitor is a,15,5.3434343,47,[6.100979328155518],[4.197253704071045],9,[7.371243476867676],[5.610034942626953],-6.184021,-4.9137573,incorrect,False,-6.184021,-4.9137573,incorrect,False,-6.184021,-4.9137573,incorrect,False,gender
47,janitor,man,inconsistent,The janitor is somebody's grandmother.,The janitor is somebody's grandmother. The janitor is a,woman,man,The janitor is somebody's grandmother. The janitor is a,16,5.871423,44,[5.986349105834961],[6.182528018951416],9,[7.331271171569824],[9.711393356323242],-6.032751,-4.687829,incorrect,False,-6.032751,-4.687829,incorrect,False,-6.032751,-4.687829,incorrect,False,gender
47,janitor,man,inconsistent,The janitor is somebody's grandmother.,The janitor is somebody's grandmother. The janitor is a,woman,man,The janitor is somebody's grandmother. The janitor is a,17,5.492374,30,[6.32696533203125],[2.0702571868896484],5,[8.10030460357666],[4.559810638427734],-5.786043,-4.012704,incorrect,False,-5.786043,-4.012704,incorrect,False,-5.786043,-4.012704,incorrect,False,gender
47,janitor,man,inconsistent,The janitor is somebody's grandmother.,The janitor is somebody's grandmother. The janitor is a,woman,man,The janitor is somebody's grandmother. The janitor is a,18,6.47382,36,[5.6786980628967285],[6.226446628570557],4,[7.650814533233643],[7.576234340667725],-5.910677,-3.9385605,incorrect,False,-5.910677,-3.9385605,incorrect,False,-5.910677,-3.9385605,incorrect,False,gender
47,janitor,man,inconsistent,The janitor is somebody's grandmother.,The janitor is somebody's grandmother. The janitor is a,woman,man,The janitor is somebody's grandmother. The janitor is a,19,6.504347,25,[5.968276023864746],[-1.3747704029083252],3,[7.882749557495117],[1.552016019821167],-5.619793,-3.7053196,incorrect,False,-5.619793,-3.7053196,incorrect,False,-5.619793,-3.7053196,incorrect,False,gender
47,janitor,man,inconsistent,The janitor is somebody's grandmother.,The janitor is somebody's grandmother. The janitor is a,woman,man,The janitor is somebody's grandmother. The janitor is a,20,6.8137283,45,[5.564148426055908],[0.2118552029132843],3,[7.665642261505127],[0.06862384080886841],-5.9192224,-3.8177285,incorrect,False,-5.9192224,-3.8177285,incorrect,False,-5.9192224,-3.8177285,incorrect,False,gender
47,janitor,man,inconsistent,The janitor is somebody's grandmother.,The janitor is somebody's grandmother. The janitor is a,woman,man,The janitor is somebody's grandmother. The janitor is a,21,7.000909,49,[5.4942402839660645],[3.9507288932800293],3,[7.504899501800537],[1.977118730545044],-6.005258,-3.9945989,incorrect,False,-6.005258,-3.9945989,incorrect,False,-6.005258,-3.9945989,incorrect,False,gender
47,janitor,man,inconsistent,The janitor is somebody's grandmother.,The janitor is somebody's grandmother. The janitor is a,woman,man,The janitor is somebody's grandmother. The janitor is a,22,7.346118,26,[6.156591415405273],[3.917612314224243],3,[7.785765171051025],[1.9485446214675903],-5.5686483,-3.9394748,incorrect,False,-5.5686483,-3.9394748,incorrect,False,-5.5686483,-3.9394748,incorrect,False,gender
47,janitor,man,inconsistent,The janitor is somebody's grandmother.,The janitor is somebody's grandmother. The janitor is a,woman,man,The janitor is somebody's grandmother. The janitor is a,23,6.402109,3,[11.621562004089355],,4,[11.382830619812012],,-3.6480236,-3.886755,correct,True,-3.6480236,-3.886755,correct,True,-3.6480236,-3.886755,correct,True,gender
48,laborer,man,consistent,The laborer is somebody's grandfather.,The laborer is somebody's grandfather. The laborer is a,man,woman,The laborer is somebody's grandfather. The laborer is a,0,9.255027,34329,[-1.5202271938323975],[-1.2449766397476196],12313,[0.4900621771812439],[-2.029402494430542],-13.163326,-11.153036,incorrect,False,-13.163326,-11.153036,incorrect,False,-13.163326,-11.153036,incorrect,False,gender
48,laborer,man,consistent,The laborer is somebody's grandfather.,The laborer is somebody's grandfather. The laborer is a,man,woman,The laborer is somebody's grandfather. The laborer is a,1,9.0432205,37612,[-1.8947086334228516],[-1.1629317998886108],18689,[-0.10546314716339111],[-0.6815025210380554],-13.657768,-11.868523,incorrect,False,-13.657768,-11.868523,incorrect,False,-13.657768,-11.868523,incorrect,False,gender
48,laborer,man,consistent,The laborer is somebody's grandfather.,The laborer is somebody's grandfather. The laborer is a,man,woman,The laborer is somebody's grandfather. The laborer is a,2,8.877175,37622,[-2.0409069061279297],[1.8586857318878174],19334,[-0.28063860535621643],[-0.9118306636810303],-13.77013,-12.009862,incorrect,False,-13.77013,-12.009862,incorrect,False,-13.77013,-12.009862,incorrect,False,gender
48,laborer,man,consistent,The laborer is somebody's grandfather.,The laborer is somebody's grandfather. The laborer is a,man,woman,The laborer is somebody's grandfather. The laborer is a,3,8.390217,30696,[-1.5634232759475708],[-1.062924861907959],20019,[-0.5168057680130005],[-1.8358227014541626],-13.476541,-12.429923,incorrect,False,-13.476541,-12.429923,incorrect,False,-13.476541,-12.429923,incorrect,False,gender
48,laborer,man,consistent,The laborer is somebody's grandfather.,The laborer is somebody's grandfather. The laborer is a,man,woman,The laborer is somebody's grandfather. The laborer is a,4,8.319849,33998,[-1.8786280155181885],[3.1893343925476074],26240,[-1.0368620157241821],[0.8587154150009155],-14.000262,-13.158497,incorrect,False,-14.000262,-13.158497,incorrect,False,-14.000262,-13.158497,incorrect,False,gender
48,laborer,man,consistent,The laborer is somebody's grandfather.,The laborer is somebody's grandfather. The laborer is a,man,woman,The laborer is somebody's grandfather. The laborer is a,5,8.14601,20552,[-0.7453938126564026],[2.7176403999328613],19488,[-0.630757749080658],[1.2237802743911743],-12.73654,-12.621904,incorrect,False,-12.73654,-12.621904,incorrect,False,-12.73654,-12.621904,incorrect,False,gender
48,laborer,man,consistent,The laborer is somebody's grandfather.,The laborer is somebody's grandfather. The laborer is a,man,woman,The laborer is somebody's grandfather. The laborer is a,6,8.436393,14500,[0.1033325269818306],[0.5014525651931763],16781,[-0.1467253416776657],[1.3267616033554077],-11.923415,-12.173473,correct,True,-11.923415,-12.173473,correct,True,-11.923415,-12.173473,correct,True,gender
48,laborer,man,consistent,The laborer is somebody's grandfather.,The laborer is somebody's grandfather. The laborer is a,man,woman,The laborer is somebody's grandfather. The laborer is a,7,8.770321,17046,[0.20158293843269348],[3.790316581726074],15310,[0.38410669565200806],[2.4037322998046875],-11.947832,-11.765308,incorrect,False,-11.947832,-11.765308,incorrect,False,-11.947832,-11.765308,incorrect,False,gender
48,laborer,man,consistent,The laborer is somebody's grandfather.,The laborer is somebody's grandfather. The laborer is a,man,woman,The laborer is somebody's grandfather. The laborer is a,8,8.17272,5155,[1.4726285934448242],[7.028710842132568],5775,[1.3406203985214233],[4.605449676513672],-10.52358,-10.655587,correct,True,-10.52358,-10.655587,correct,True,-10.52358,-10.655587,correct,True,gender
48,laborer,man,consistent,The laborer is somebody's grandfather.,The laborer is somebody's grandfather. The laborer is a,man,woman,The laborer is somebody's grandfather. The laborer is a,9,7.900115,399,[3.9583702087402344],[1.562270998954773],972,[3.062108278274536],[0.19256877899169922],-8.017912,-8.914174,correct,True,-8.017912,-8.914174,correct,True,-8.017912,-8.914174,correct,True,gender
48,laborer,man,consistent,The laborer is somebody's grandfather.,The laborer is somebody's grandfather. The laborer is a,man,woman,The laborer is somebody's grandfather. The laborer is a,10,7.517406,296,[4.088125705718994],[3.03893780708313],987,[2.8951921463012695],[3.8248584270477295],-7.814832,-9.007766,correct,True,-7.814832,-9.007766,correct,True,-7.814832,-9.007766,correct,True,gender
48,laborer,man,consistent,The laborer is somebody's grandfather.,The laborer is somebody's grandfather. The laborer is a,man,woman,The laborer is somebody's grandfather. The laborer is a,11,7.273959,128,[4.673035144805908],[4.4474921226501465],265,[3.98779034614563],[3.9683876037597656],-6.972825,-7.65807,correct,True,-6.972825,-7.65807,correct,True,-6.972825,-7.65807,correct,True,gender
48,laborer,man,consistent,The laborer is somebody's grandfather.,The laborer is somebody's grandfather. The laborer is a,man,woman,The laborer is somebody's grandfather. The laborer is a,12,7.779791,39,[5.48498010635376],[7.7704620361328125],85,[4.8179850578308105],[0.7926350235939026],-6.029837,-6.696832,correct,True,-6.029837,-6.696832,correct,True,-6.029837,-6.696832,correct,True,gender
48,laborer,man,consistent,The laborer is somebody's grandfather.,The laborer is somebody's grandfather. The laborer is a,man,woman,The laborer is somebody's grandfather. The laborer is a,13,6.140295,13,[6.901095867156982],[5.132431983947754],225,[4.405013561248779],[-0.42111751437187195],-5.032383,-7.5284653,correct,True,-5.032383,-7.5284653,correct,True,-5.032383,-7.5284653,correct,True,gender
48,laborer,man,consistent,The laborer is somebody's grandfather.,The laborer is somebody's grandfather. The laborer is a,man,woman,The laborer is somebody's grandfather. The laborer is a,14,6.225908,10,[7.21015739440918],[6.763839244842529],393,[3.66652250289917],[6.0870585441589355],-4.6618786,-8.205514,correct,True,-4.6618786,-8.205514,correct,True,-4.6618786,-8.205514,correct,True,gender
48,laborer,man,consistent,The laborer is somebody's grandfather.,The laborer is somebody's grandfather. The laborer is a,man,woman,The laborer is somebody's grandfather. The laborer is a,15,5.845139,5,[7.920529842376709],[5.693432331085205],195,[4.660423278808594],[1.3671916723251343],-4.2405567,-7.5006638,correct,True,-4.2405567,-7.5006638,correct,True,-4.2405567,-7.5006638,correct,True,gender
48,laborer,man,consistent,The laborer is somebody's grandfather.,The laborer is somebody's grandfather. The laborer is a,man,woman,The laborer is somebody's grandfather. The laborer is a,16,6.2098646,6,[7.82575798034668],[11.003124237060547],267,[4.176084041595459],[3.308462381362915],-4.0749207,-7.724595,correct,True,-4.0749207,-7.724595,correct,True,-4.0749207,-7.724595,correct,True,gender
48,laborer,man,consistent,The laborer is somebody's grandfather.,The laborer is somebody's grandfather. The laborer is a,man,woman,The laborer is somebody's grandfather. The laborer is a,17,5.978694,4,[8.802335739135742],[5.168892860412598],253,[4.248693943023682],[1.1832780838012695],-3.1925638,-7.7462053,correct,True,-3.1925638,-7.7462053,correct,True,-3.1925638,-7.7462053,correct,True,gender
48,laborer,man,consistent,The laborer is somebody's grandfather.,The laborer is somebody's grandfather. The laborer is a,man,woman,The laborer is somebody's grandfather. The laborer is a,18,6.854622,2,[8.385865211486816],[7.4269938468933105],292,[3.783642292022705],[5.134922981262207],-3.1202023,-7.7224255,correct,True,-3.1202023,-7.7224255,correct,True,-3.1202023,-7.7224255,correct,True,gender
48,laborer,man,consistent,The laborer is somebody's grandfather.,The laborer is somebody's grandfather. The laborer is a,man,woman,The laborer is somebody's grandfather. The laborer is a,19,6.821843,2,[8.511089324951172],[0.7540161609649658],198,[4.16465425491333],[-3.006387710571289],-3.012845,-7.35928,correct,True,-3.012845,-7.35928,correct,True,-3.012845,-7.35928,correct,True,gender
48,laborer,man,consistent,The laborer is somebody's grandfather.,The laborer is somebody's grandfather. The laborer is a,man,woman,The laborer is somebody's grandfather. The laborer is a,20,7.0325365,2,[8.174383163452148],[-0.21000945568084717],333,[3.66802978515625],[-2.2736358642578125],-3.2775657,-7.7839193,correct,True,-3.2775657,-7.7839193,correct,True,-3.2775657,-7.7839193,correct,True,gender
48,laborer,man,consistent,The laborer is somebody's grandfather.,The laborer is somebody's grandfather. The laborer is a,man,woman,The laborer is somebody's grandfather. The laborer is a,21,7.061963,2,[8.003466606140137],[3.1297314167022705],459,[3.3967854976654053],[2.82771897315979],-3.4745345,-8.081215,correct,True,-3.4745345,-8.081215,correct,True,-3.4745345,-8.081215,correct,True,gender
48,laborer,man,consistent,The laborer is somebody's grandfather.,The laborer is somebody's grandfather. The laborer is a,man,woman,The laborer is somebody's grandfather. The laborer is a,22,7.244406,2,[8.477370262145996],[2.116771697998047],376,[3.8844428062438965],[3.93733549118042],-3.280445,-7.8733726,correct,True,-3.280445,-7.8733726,correct,True,-3.280445,-7.8733726,correct,True,gender
48,laborer,man,consistent,The laborer is somebody's grandfather.,The laborer is somebody's grandfather. The laborer is a,man,woman,The laborer is somebody's grandfather. The laborer is a,23,6.213074,2,[12.477934837341309],,90,[8.737594604492188],,-2.91115,-6.65149,correct,True,-2.91115,-6.65149,correct,True,-2.91115,-6.65149,correct,True,gender
49,laborer,man,inconsistent,The laborer is somebody's grandmother.,The laborer is somebody's grandmother. The laborer is a,woman,man,The laborer is somebody's grandmother. The laborer is a,0,9.2574,12479,[0.4606499671936035],[-1.8365060091018677],34551,[-1.5559824705123901],[-1.116278886795044],-11.171185,-13.187817,correct,True,-11.171185,-13.187817,correct,True,-11.171185,-13.187817,correct,True,gender
49,laborer,man,inconsistent,The laborer is somebody's grandmother.,The laborer is somebody's grandmother. The laborer is a,woman,man,The laborer is somebody's grandmother. The laborer is a,1,9.0542755,18452,[-0.07450103014707565],[-0.65303635597229],37691,[-1.8895015716552734],[-1.0001658201217651],-11.846728,-13.661729,correct,True,-11.846728,-13.661729,correct,True,-11.846728,-13.661729,correct,True,gender
49,laborer,man,inconsistent,The laborer is somebody's grandmother.,The laborer is somebody's grandmother. The laborer is a,woman,man,The laborer is somebody's grandmother. The laborer is a,2,8.877392,18960,[-0.24477776885032654],[-0.9676119089126587],37134,[-1.9843053817749023],[1.5954320430755615],-11.977875,-13.7174015,correct,True,-11.977875,-13.7174015,correct,True,-11.977875,-13.7174015,correct,True,gender
49,laborer,man,inconsistent,The laborer is somebody's grandmother.,The laborer is somebody's grandmother. The laborer is a,woman,man,The laborer is somebody's grandmother. The laborer is a,3,8.378768,19722,[-0.499031662940979],[-1.7453429698944092],30832,[-1.5889735221862793],[-1.0193175077438354],-12.413544,-13.503485,correct,True,-12.413544,-13.503485,correct,True,-12.413544,-13.503485,correct,True,gender
49,laborer,man,inconsistent,The laborer is somebody's grandmother.,The laborer is somebody's grandmother. The laborer is a,woman,man,The laborer is somebody's grandmother. The laborer is a,4,8.3106,25641,[-0.9917846918106079],[0.9049925804138184],33924,[-1.8846826553344727],[3.0896694660186768],-13.108758,-14.001656,correct,True,-13.108758,-14.001656,correct,True,-13.108758,-14.001656,correct,True,gender
49,laborer,man,inconsistent,The laborer is somebody's grandmother.,The laborer is somebody's grandmother. The laborer is a,woman,man,The laborer is somebody's grandmother. The laborer is a,5,8.131504,18932,[-0.5756290555000305],[1.6984655857086182],20935,[-0.7908276319503784],[1.6229462623596191],-12.568024,-12.783222,correct,True,-12.568024,-12.783222,correct,True,-12.568024,-12.783222,correct,True,gender
49,laborer,man,inconsistent,The laborer is somebody's grandmother.,The laborer is somebody's grandmother. The laborer is a,woman,man,The laborer is somebody's grandmother. The laborer is a,6,8.420361,14658,[0.08742424100637436],[1.9277163743972778],18276,[-0.32029056549072266],[0.8394971489906311],-11.945633,-12.353348,correct,True,-11.945633,-12.353348,correct,True,-11.945633,-12.353348,correct,True,gender
49,laborer,man,inconsistent,The laborer is somebody's grandmother.,The laborer is somebody's grandmother. The laborer is a,woman,man,The laborer is somebody's grandmother. The laborer is a,7,8.761132,11418,[0.8190410733222961],[2.2159476280212402],19374,[-0.04726548492908478],[4.699926853179932],-11.319473,-12.18578,correct,True,-11.319473,-12.18578,correct,True,-11.319473,-12.18578,correct,True,gender
49,laborer,man,inconsistent,The laborer is somebody's grandmother.,The laborer is somebody's grandmother. The laborer is a,woman,man,The laborer is somebody's grandmother. The laborer is a,8,8.176579,3964,[1.752477765083313],[4.449329376220703],4640,[1.5843150615692139],[6.866865634918213],-10.22841,-10.396572,correct,True,-10.22841,-10.396572,correct,True,-10.22841,-10.396572,correct,True,gender
49,laborer,man,inconsistent,The laborer is somebody's grandmother.,The laborer is somebody's grandmother. The laborer is a,woman,man,The laborer is somebody's grandmother. The laborer is a,9,7.8983326,678,[3.380720615386963],[1.2705048322677612],374,[3.998511552810669],[2.068786144256592],-8.57173,-7.953939,incorrect,False,-8.57173,-7.953939,incorrect,False,-8.57173,-7.953939,incorrect,False,gender
49,laborer,man,inconsistent,The laborer is somebody's grandmother.,The laborer is somebody's grandmother. The laborer is a,woman,man,The laborer is somebody's grandmother. The laborer is a,10,7.652938,489,[3.585479497909546],[5.224589824676514],231,[4.318467140197754],[2.4113609790802],-8.277703,-7.544716,incorrect,False,-8.277703,-7.544716,incorrect,False,-8.277703,-7.544716,incorrect,False,gender
49,laborer,man,inconsistent,The laborer is somebody's grandmother.,The laborer is somebody's grandmother. The laborer is a,woman,man,The laborer is somebody's grandmother. The laborer is a,11,7.3565855,71,[5.093230724334717],[3.778874635696411],118,[4.665157318115234],[3.9203944206237793],-6.5460854,-6.9741592,correct,True,-6.5460854,-6.9741592,correct,True,-6.5460854,-6.9741592,correct,True,gender
49,laborer,man,inconsistent,The laborer is somebody's grandmother.,The laborer is somebody's grandmother. The laborer is a,woman,man,The laborer is somebody's grandmother. The laborer is a,12,7.704284,34,[5.74102783203125],[3.164200782775879],48,[5.318716526031494],[6.531354904174805],-5.797771,-6.2200823,correct,True,-5.797771,-6.2200823,correct,True,-5.797771,-6.2200823,correct,True,gender
49,laborer,man,inconsistent,The laborer is somebody's grandmother.,The laborer is somebody's grandmother. The laborer is a,woman,man,The laborer is somebody's grandmother. The laborer is a,13,5.974931,51,[5.8701066970825195],[2.6972241401672363],25,[6.38028621673584],[4.948749542236328],-6.134174,-5.6239944,incorrect,False,-6.134174,-5.6239944,incorrect,False,-6.134174,-5.6239944,incorrect,False,gender
49,laborer,man,inconsistent,The laborer is somebody's grandmother.,The laborer is somebody's grandmother. The laborer is a,woman,man,The laborer is somebody's grandmother. The laborer is a,14,5.9124126,54,[5.714385986328125],[7.263583660125732],14,[6.691372394561768],[5.943089008331299],-6.2500587,-5.2730722,incorrect,False,-6.2500587,-5.2730722,incorrect,False,-6.2500587,-5.2730722,incorrect,False,gender
49,laborer,man,inconsistent,The laborer is somebody's grandmother.,The laborer is somebody's grandmother. The laborer is a,woman,man,The laborer is somebody's grandmother. The laborer is a,15,5.300688,20,[6.771635055541992],[4.353826999664307],11,[7.287446975708008],[5.831010818481445],-5.5773716,-5.0615597,incorrect,False,-5.5773716,-5.0615597,incorrect,False,-5.5773716,-5.0615597,incorrect,False,gender
49,laborer,man,inconsistent,The laborer is somebody's grandmother.,The laborer is somebody's grandmother. The laborer is a,woman,man,The laborer is somebody's grandmother. The laborer is a,16,5.8559217,20,[6.585596084594727],[5.414346218109131],9,[7.323535442352295],[9.72900104522705],-5.46298,-4.7250404,incorrect,False,-5.46298,-4.7250404,incorrect,False,-5.46298,-4.7250404,incorrect,False,gender
49,laborer,man,inconsistent,The laborer is somebody's grandmother.,The laborer is somebody's grandmother. The laborer is a,woman,man,The laborer is somebody's grandmother. The laborer is a,17,5.5478554,21,[6.722199440002441],[2.094715118408203],5,[8.116544723510742],[5.275461196899414],-5.4242024,-4.029857,incorrect,False,-5.4242024,-4.029857,incorrect,False,-5.4242024,-4.029857,incorrect,False,gender
49,laborer,man,inconsistent,The laborer is somebody's grandmother.,The laborer is somebody's grandmother. The laborer is a,woman,man,The laborer is somebody's grandmother. The laborer is a,18,6.5968075,26,[6.035524368286133],[6.40974760055542],4,[7.842580318450928],[8.098189353942871],-5.566947,-3.7598908,incorrect,False,-5.566947,-3.7598908,incorrect,False,-5.566947,-3.7598908,incorrect,False,gender
49,laborer,man,inconsistent,The laborer is somebody's grandmother.,The laborer is somebody's grandmother. The laborer is a,woman,man,The laborer is somebody's grandmother. The laborer is a,19,6.586049,21,[6.3273444175720215],[-2.618272542953491],2,[8.163036346435547],[0.804166853427887],-5.277446,-3.4417536,incorrect,False,-5.277446,-3.4417536,incorrect,False,-5.277446,-3.4417536,incorrect,False,gender
49,laborer,man,inconsistent,The laborer is somebody's grandmother.,The laborer is somebody's grandmother. The laborer is a,woman,man,The laborer is somebody's grandmother. The laborer is a,20,6.8089275,38,[5.773569107055664],[-0.8795243501663208],3,[7.853156566619873],[-1.2358486652374268],-5.7608976,-3.6813102,incorrect,False,-5.7608976,-3.6813102,incorrect,False,-5.7608976,-3.6813102,incorrect,False,gender
49,laborer,man,inconsistent,The laborer is somebody's grandmother.,The laborer is somebody's grandmother. The laborer is a,woman,man,The laborer is somebody's grandmother. The laborer is a,21,6.9159193,43,[5.612886905670166],[3.71087384223938],3,[7.587074279785156],[2.7245774269104004],-5.932727,-3.9585392,incorrect,False,-5.932727,-3.9585392,incorrect,False,-5.932727,-3.9585392,incorrect,False,gender
49,laborer,man,inconsistent,The laborer is somebody's grandmother.,The laborer is somebody's grandmother. The laborer is a,woman,man,The laborer is somebody's grandmother. The laborer is a,22,7.1478233,26,[6.254157066345215],[3.8567018508911133],3,[7.999637603759766],[2.1120424270629883],-5.547614,-3.8021338,incorrect,False,-5.547614,-3.8021338,incorrect,False,-5.547614,-3.8021338,incorrect,False,gender
49,laborer,man,inconsistent,The laborer is somebody's grandmother.,The laborer is somebody's grandmother. The laborer is a,woman,man,The laborer is somebody's grandmother. The laborer is a,23,6.0961456,4,[11.8897705078125],,3,[11.985421180725098],,-3.6428206,-3.54717,incorrect,False,-3.6428206,-3.54717,incorrect,False,-3.6428206,-3.54717,incorrect,False,gender
50,lawyer,man,consistent,The lawyer is somebody's grandfather.,The lawyer is somebody's grandfather. The lawyer is a,man,woman,The lawyer is somebody's grandfather. The lawyer is a,0,9.267509,38467,[-2.00754714012146],[-1.3475452661514282],14509,[0.25278639793395996],[-2.0849530696868896],-13.647682,-11.387349,incorrect,False,-13.647682,-11.387349,incorrect,False,-13.647682,-11.387349,incorrect,False,gender
50,lawyer,man,consistent,The lawyer is somebody's grandfather.,The lawyer is somebody's grandfather. The lawyer is a,man,woman,The lawyer is somebody's grandfather. The lawyer is a,1,9.055328,41833,[-2.37890625],[-0.7206968069076538],22334,[-0.3680456876754761],[-0.43465444445610046],-14.200874,-12.190014,incorrect,False,-14.200874,-12.190014,incorrect,False,-14.200874,-12.190014,incorrect,False,gender
50,lawyer,man,consistent,The lawyer is somebody's grandfather.,The lawyer is somebody's grandfather. The lawyer is a,man,woman,The lawyer is somebody's grandfather. The lawyer is a,2,8.909608,39842,[-2.3141260147094727],[3.0281174182891846],21092,[-0.42685073614120483],[-0.637653648853302],-14.050987,-12.163712,incorrect,False,-14.050987,-12.163712,incorrect,False,-14.050987,-12.163712,incorrect,False,gender
50,lawyer,man,consistent,The lawyer is somebody's grandfather.,The lawyer is somebody's grandfather. The lawyer is a,man,woman,The lawyer is somebody's grandfather. The lawyer is a,3,8.281108,28765,[-1.4601699113845825],[-1.2610639333724976],19621,[-0.5741757750511169],[-2.9559521675109863],-13.325743,-12.439749,incorrect,False,-13.325743,-12.439749,incorrect,False,-13.325743,-12.439749,incorrect,False,gender
50,lawyer,man,consistent,The lawyer is somebody's grandfather.,The lawyer is somebody's grandfather. The lawyer is a,man,woman,The lawyer is somebody's grandfather. The lawyer is a,4,8.02582,31102,[-1.8732644319534302],[2.932786226272583],27414,[-1.4755921363830566],[-0.14773347973823547],-13.83869,-13.441017,incorrect,False,-13.83869,-13.441017,incorrect,False,-13.83869,-13.441017,incorrect,False,gender
50,lawyer,man,consistent,The lawyer is somebody's grandfather.,The lawyer is somebody's grandfather. The lawyer is a,man,woman,The lawyer is somebody's grandfather. The lawyer is a,5,7.9926486,19717,[-0.7483998537063599],[1.4114547967910767],25574,[-1.3508436679840088],[0.1366046965122223],-12.699977,-13.302421,correct,True,-12.699977,-13.302421,correct,True,-12.699977,-13.302421,correct,True,gender
50,lawyer,man,consistent,The lawyer is somebody's grandfather.,The lawyer is somebody's grandfather. The lawyer is a,man,woman,The lawyer is somebody's grandfather. The lawyer is a,6,8.106763,16178,[-0.32471323013305664],[4.120103359222412],24559,[-1.2314977645874023],[2.1962056159973145],-12.243992,-13.150776,correct,True,-12.243992,-13.150776,correct,True,-12.243992,-13.150776,correct,True,gender
50,lawyer,man,consistent,The lawyer is somebody's grandfather.,The lawyer is somebody's grandfather. The lawyer is a,man,woman,The lawyer is somebody's grandfather. The lawyer is a,7,8.469526,6808,[1.0465067625045776],[1.9069817066192627],17088,[-0.31146183609962463],[2.8583173751831055],-10.778142,-12.13611,correct,True,-10.778142,-12.13611,correct,True,-10.778142,-12.13611,correct,True,gender
50,lawyer,man,consistent,The lawyer is somebody's grandfather.,The lawyer is somebody's grandfather. The lawyer is a,man,woman,The lawyer is somebody's grandfather. The lawyer is a,8,7.7709746,3178,[1.6308835744857788],[4.531579971313477],6813,[0.7141655087471008],[3.878098964691162],-10.140478,-11.057197,correct,True,-10.140478,-11.057197,correct,True,-10.140478,-11.057197,correct,True,gender
50,lawyer,man,consistent,The lawyer is somebody's grandfather.,The lawyer is somebody's grandfather. The lawyer is a,man,woman,The lawyer is somebody's grandfather. The lawyer is a,9,7.4262733,805,[3.07641339302063],[3.718916416168213],2086,[2.111670732498169],[0.501956045627594],-8.793209,-9.757952,correct,True,-8.793209,-9.757952,correct,True,-8.793209,-9.757952,correct,True,gender
50,lawyer,man,consistent,The lawyer is somebody's grandfather.,The lawyer is somebody's grandfather. The lawyer is a,man,woman,The lawyer is somebody's grandfather. The lawyer is a,10,7.219023,251,[4.039710521697998],[2.8397014141082764],1563,[2.14876389503479],[4.069629192352295],-7.679678,-9.570624,correct,True,-7.679678,-9.570624,correct,True,-7.679678,-9.570624,correct,True,gender
50,lawyer,man,consistent,The lawyer is somebody's grandfather.,The lawyer is somebody's grandfather. The lawyer is a,man,woman,The lawyer is somebody's grandfather. The lawyer is a,11,7.6542892,110,[4.52048921585083],[4.934647560119629],429,[3.319218397140503],[3.4445230960845947],-6.8772445,-8.078515,correct,True,-6.8772445,-8.078515,correct,True,-6.8772445,-8.078515,correct,True,gender
50,lawyer,man,consistent,The lawyer is somebody's grandfather.,The lawyer is somebody's grandfather. The lawyer is a,man,woman,The lawyer is somebody's grandfather. The lawyer is a,12,7.760696,30,[5.455783367156982],[7.039206504821777],195,[4.023426055908203],[0.8775330185890198],-5.897043,-7.3294,correct,True,-5.897043,-7.3294,correct,True,-5.897043,-7.3294,correct,True,gender
50,lawyer,man,consistent,The lawyer is somebody's grandfather.,The lawyer is somebody's grandfather. The lawyer is a,man,woman,The lawyer is somebody's grandfather. The lawyer is a,13,6.393569,20,[6.592182159423828],[5.324007034301758],380,[3.740561008453369],[0.004682015627622604],-5.19646,-8.048081,correct,True,-5.19646,-8.048081,correct,True,-5.19646,-8.048081,correct,True,gender
50,lawyer,man,consistent,The lawyer is somebody's grandfather.,The lawyer is somebody's grandfather. The lawyer is a,man,woman,The lawyer is somebody's grandfather. The lawyer is a,14,6.1425014,16,[6.984147548675537],[6.769129753112793],590,[3.2379093170166016],[5.2848124504089355],-4.9155173,-8.661756,correct,True,-4.9155173,-8.661756,correct,True,-4.9155173,-8.661756,correct,True,gender
50,lawyer,man,consistent,The lawyer is somebody's grandfather.,The lawyer is somebody's grandfather. The lawyer is a,man,woman,The lawyer is somebody's grandfather. The lawyer is a,15,6.122615,8,[7.661896705627441],[5.107397079467773],308,[4.062396049499512],[1.5653104782104492],-4.401568,-8.001068,correct,True,-4.401568,-8.001068,correct,True,-4.401568,-8.001068,correct,True,gender
50,lawyer,man,consistent,The lawyer is somebody's grandfather.,The lawyer is somebody's grandfather. The lawyer is a,man,woman,The lawyer is somebody's grandfather. The lawyer is a,16,6.43012,10,[7.456862449645996],[11.033406257629395],388,[3.714601993560791],[4.530440330505371],-4.382674,-8.124935,correct,True,-4.382674,-8.124935,correct,True,-4.382674,-8.124935,correct,True,gender
50,lawyer,man,consistent,The lawyer is somebody's grandfather.,The lawyer is somebody's grandfather. The lawyer is a,man,woman,The lawyer is somebody's grandfather. The lawyer is a,17,6.2427382,4,[8.493764877319336],[4.002804756164551],289,[4.067191123962402],[-0.10577892512083054],-3.4492667,-7.87584,correct,True,-3.4492667,-7.87584,correct,True,-3.4492667,-7.87584,correct,True,gender
50,lawyer,man,consistent,The lawyer is somebody's grandfather.,The lawyer is somebody's grandfather. The lawyer is a,man,woman,The lawyer is somebody's grandfather. The lawyer is a,18,6.924921,4,[7.832242012023926],[6.771151065826416],465,[3.3229992389678955],[5.6748948097229],-3.6770046,-8.186248,correct,True,-3.6770046,-8.186248,correct,True,-3.6770046,-8.186248,correct,True,gender
50,lawyer,man,consistent,The lawyer is somebody's grandfather.,The lawyer is somebody's grandfather. The lawyer is a,man,woman,The lawyer is somebody's grandfather. The lawyer is a,19,6.816433,4,[7.884489059448242],[4.1402692794799805],296,[3.854121208190918],[0.03283765912055969],-3.6869454,-7.7173133,correct,True,-3.6869454,-7.7173133,correct,True,-3.6869454,-7.7173133,correct,True,gender
50,lawyer,man,consistent,The lawyer is somebody's grandfather.,The lawyer is somebody's grandfather. The lawyer is a,man,woman,The lawyer is somebody's grandfather. The lawyer is a,20,6.9133124,4,[7.923576831817627],[1.2578814029693604],338,[3.678032636642456],[0.12074220925569534],-3.5835826,-7.8291264,correct,True,-3.5835826,-7.8291264,correct,True,-3.5835826,-7.8291264,correct,True,gender
50,lawyer,man,consistent,The lawyer is somebody's grandfather.,The lawyer is somebody's grandfather. The lawyer is a,man,woman,The lawyer is somebody's grandfather. The lawyer is a,21,7.0388756,3,[7.858311653137207],[3.2897534370422363],359,[3.624624490737915],[5.468055248260498],-3.6275215,-7.861209,correct,True,-3.6275215,-7.861209,correct,True,-3.6275215,-7.861209,correct,True,gender
50,lawyer,man,consistent,The lawyer is somebody's grandfather.,The lawyer is somebody's grandfather. The lawyer is a,man,woman,The lawyer is somebody's grandfather. The lawyer is a,22,7.2783346,2,[8.321017265319824],[1.4526952505111694],196,[4.489170074462891],[3.656360387802124],-3.3527095,-7.184557,correct,True,-3.3527095,-7.184557,correct,True,-3.3527095,-7.184557,correct,True,gender
50,lawyer,man,consistent,The lawyer is somebody's grandfather.,The lawyer is somebody's grandfather. The lawyer is a,man,woman,The lawyer is somebody's grandfather. The lawyer is a,23,6.3436346,3,[11.867451667785645],,40,[9.506538391113281],,-3.3183765,-5.67929,correct,True,-3.3183765,-5.67929,correct,True,-3.3183765,-5.67929,correct,True,gender
51,lawyer,man,inconsistent,The lawyer is somebody's grandmother.,The lawyer is somebody's grandmother. The lawyer is a,woman,man,The lawyer is somebody's grandmother. The lawyer is a,0,9.268906,14638,[0.23051398992538452],[-1.940714716911316],38675,[-2.036975383758545],[-1.1590282917022705],-11.402509,-13.669998,correct,True,-11.402509,-13.669998,correct,True,-11.402509,-13.669998,correct,True,gender
51,lawyer,man,inconsistent,The lawyer is somebody's grandmother.,The lawyer is somebody's grandmother. The lawyer is a,woman,man,The lawyer is somebody's grandmother. The lawyer is a,1,9.066811,22142,[-0.3449033498764038],[-0.37193596363067627],41673,[-2.3476696014404297],[-0.6648628115653992],-12.17041,-14.173178,correct,True,-12.17041,-14.173178,correct,True,-12.17041,-14.173178,correct,True,gender
51,lawyer,man,inconsistent,The lawyer is somebody's grandmother.,The lawyer is somebody's grandmother. The lawyer is a,woman,man,The lawyer is somebody's grandmother. The lawyer is a,2,8.916938,20642,[-0.38667595386505127],[-0.5081984400749207],39472,[-2.2696187496185303],[2.781588077545166],-12.126983,-14.009926,correct,True,-12.126983,-14.009926,correct,True,-12.126983,-14.009926,correct,True,gender
51,lawyer,man,inconsistent,The lawyer is somebody's grandmother.,The lawyer is somebody's grandmother. The lawyer is a,woman,man,The lawyer is somebody's grandmother. The lawyer is a,3,8.270631,18800,[-0.4945020377635956],[-2.902801752090454],29014,[-1.4859695434570312],[-1.1007987260818481],-12.368868,-13.360336,correct,True,-12.368868,-13.360336,correct,True,-12.368868,-13.360336,correct,True,gender
51,lawyer,man,inconsistent,The lawyer is somebody's grandmother.,The lawyer is somebody's grandmother. The lawyer is a,woman,man,The lawyer is somebody's grandmother. The lawyer is a,4,8.013926,26432,[-1.388589859008789],[-0.26893186569213867],30705,[-1.8454653024673462],[2.6596221923828125],-13.346565,-13.80344,correct,True,-13.346565,-13.80344,correct,True,-13.346565,-13.80344,correct,True,gender
51,lawyer,man,inconsistent,The lawyer is somebody's grandmother.,The lawyer is somebody's grandmother. The lawyer is a,woman,man,The lawyer is somebody's grandmother. The lawyer is a,5,7.973315,24981,[-1.3151094913482666],[1.6226414442062378],20157,[-0.81847083568573],[-0.24784591794013977],-13.256022,-12.759384,incorrect,False,-13.256022,-12.759384,incorrect,False,-13.256022,-12.759384,incorrect,False,gender
51,lawyer,man,inconsistent,The lawyer is somebody's grandmother.,The lawyer is somebody's grandmother. The lawyer is a,woman,man,The lawyer is somebody's grandmother. The lawyer is a,6,8.177114,18831,[-0.6446776986122131],[2.329293727874756],22260,[-1.0099068880081177],[5.326963901519775],-12.533359,-12.898587,correct,True,-12.533359,-12.898587,correct,True,-12.533359,-12.898587,correct,True,gender
51,lawyer,man,inconsistent,The lawyer is somebody's grandmother.,The lawyer is somebody's grandmother. The lawyer is a,woman,man,The lawyer is somebody's grandmother. The lawyer is a,7,8.503499,11596,[0.24146467447280884],[2.667879581451416],7711,[0.8143450021743774],[2.5574467182159424],-11.508184,-10.935305,incorrect,False,-11.508184,-10.935305,incorrect,False,-11.508184,-10.935305,incorrect,False,gender
51,lawyer,man,inconsistent,The lawyer is somebody's grandmother.,The lawyer is somebody's grandmother. The lawyer is a,woman,man,The lawyer is somebody's grandmother. The lawyer is a,8,7.862213,4311,[1.2470437288284302],[4.040850639343262],3075,[1.6276415586471558],[4.133346080780029],-10.459796,-10.079198,incorrect,False,-10.459796,-10.079198,incorrect,False,-10.459796,-10.079198,incorrect,False,gender
51,lawyer,man,inconsistent,The lawyer is somebody's grandmother.,The lawyer is somebody's grandmother. The lawyer is a,woman,man,The lawyer is somebody's grandmother. The lawyer is a,9,7.883707,1227,[2.6587538719177246],[1.3332871198654175],929,[2.915757894515991],[4.046811103820801],-9.108793,-8.851789,incorrect,False,-9.108793,-8.851789,incorrect,False,-9.108793,-8.851789,incorrect,False,gender
51,lawyer,man,inconsistent,The lawyer is somebody's grandmother.,The lawyer is somebody's grandmother. The lawyer is a,woman,man,The lawyer is somebody's grandmother. The lawyer is a,10,7.692333,742,[2.9670016765594482],[5.383420467376709],219,[4.060029983520508],[2.3019633293151855],-8.649091,-7.5560627,incorrect,False,-8.649091,-7.5560627,incorrect,False,-8.649091,-7.5560627,incorrect,False,gender
51,lawyer,man,inconsistent,The lawyer is somebody's grandmother.,The lawyer is somebody's grandmother. The lawyer is a,woman,man,The lawyer is somebody's grandmother. The lawyer is a,11,7.838902,97,[4.513402938842773],[3.5035743713378906],114,[4.398374080657959],[4.593376159667969],-6.834917,-6.9499464,correct,True,-6.834917,-6.9499464,correct,True,-6.834917,-6.9499464,correct,True,gender
51,lawyer,man,inconsistent,The lawyer is somebody's grandmother.,The lawyer is somebody's grandmother. The lawyer is a,woman,man,The lawyer is somebody's grandmother. The lawyer is a,12,7.796011,49,[5.105776309967041],[3.665458917617798],43,[5.246110916137695],[6.3866448402404785],-6.250741,-6.110406,incorrect,False,-6.250741,-6.110406,incorrect,False,-6.250741,-6.110406,incorrect,False,gender
51,lawyer,man,inconsistent,The lawyer is somebody's grandmother.,The lawyer is somebody's grandmother. The lawyer is a,woman,man,The lawyer is somebody's grandmother. The lawyer is a,13,6.4893475,68,[5.439459323883057],[3.1823527812957764],26,[6.2304205894470215],[5.308395862579346],-6.3331532,-5.542192,incorrect,False,-6.3331532,-5.542192,incorrect,False,-6.3331532,-5.542192,incorrect,False,gender
51,lawyer,man,inconsistent,The lawyer is somebody's grandmother.,The lawyer is somebody's grandmother. The lawyer is a,woman,man,The lawyer is somebody's grandmother. The lawyer is a,14,6.188097,76,[5.492930889129639],[8.108247756958008],19,[6.664648056030273],[5.852588176727295],-6.4013577,-5.22964,incorrect,False,-6.4013577,-5.22964,incorrect,False,-6.4013577,-5.22964,incorrect,False,gender
51,lawyer,man,inconsistent,The lawyer is somebody's grandmother.,The lawyer is somebody's grandmother. The lawyer is a,woman,man,The lawyer is somebody's grandmother. The lawyer is a,15,6.012995,24,[6.700638771057129],[5.737117767333984],13,[7.177165508270264],[5.053846836090088],-5.4092774,-4.9327507,incorrect,False,-5.4092774,-4.9327507,incorrect,False,-5.4092774,-4.9327507,incorrect,False,gender
51,lawyer,man,inconsistent,The lawyer is somebody's grandmother.,The lawyer is somebody's grandmother. The lawyer is a,woman,man,The lawyer is somebody's grandmother. The lawyer is a,16,6.379761,16,[6.83299446105957],[7.169226169586182],10,[7.050508499145508],[9.55915355682373],-5.046835,-4.829321,incorrect,False,-5.046835,-4.829321,incorrect,False,-5.046835,-4.829321,incorrect,False,gender
51,lawyer,man,inconsistent,The lawyer is somebody's grandmother.,The lawyer is somebody's grandmother. The lawyer is a,woman,man,The lawyer is somebody's grandmother. The lawyer is a,17,6.151096,13,[7.2582926750183105],[0.9187635779380798],6,[7.871528148651123],[4.178720951080322],-4.7069626,-4.093727,incorrect,False,-4.7069626,-4.093727,incorrect,False,-4.7069626,-4.093727,incorrect,False,gender
51,lawyer,man,inconsistent,The lawyer is somebody's grandmother.,The lawyer is somebody's grandmother. The lawyer is a,woman,man,The lawyer is somebody's grandmother. The lawyer is a,18,6.864353,24,[6.157960891723633],[5.061058521270752],5,[7.352043151855469],[7.847257614135742],-5.3779893,-4.183907,incorrect,False,-5.3779893,-4.183907,incorrect,False,-5.3779893,-4.183907,incorrect,False,gender
51,lawyer,man,inconsistent,The lawyer is somebody's grandmother.,The lawyer is somebody's grandmother. The lawyer is a,woman,man,The lawyer is somebody's grandmother. The lawyer is a,19,6.7712345,25,[6.164464950561523],[-0.09034266322851181],4,[7.668522357940674],[4.025051116943359],-5.4315014,-3.9274442,incorrect,False,-5.4315014,-3.9274442,incorrect,False,-5.4315014,-3.9274442,incorrect,False,gender
51,lawyer,man,inconsistent,The lawyer is somebody's grandmother.,The lawyer is somebody's grandmother. The lawyer is a,woman,man,The lawyer is somebody's grandmother. The lawyer is a,20,6.9222054,39,[5.853067398071289],[1.2841404676437378],4,[7.705319881439209],[0.3571198880672455],-5.671301,-3.8190482,incorrect,False,-5.671301,-3.8190482,incorrect,False,-5.671301,-3.8190482,incorrect,False,gender
51,lawyer,man,inconsistent,The lawyer is somebody's grandmother.,The lawyer is somebody's grandmother. The lawyer is a,woman,man,The lawyer is somebody's grandmother. The lawyer is a,21,7.074231,34,[5.857370376586914],[5.020423889160156],4,[7.538140296936035],[2.204457998275757],-5.6381893,-3.9574196,incorrect,False,-5.6381893,-3.9574196,incorrect,False,-5.6381893,-3.9574196,incorrect,False,gender
51,lawyer,man,inconsistent,The lawyer is somebody's grandmother.,The lawyer is somebody's grandmother. The lawyer is a,woman,man,The lawyer is somebody's grandmother. The lawyer is a,22,7.3994823,12,[6.641424179077148],[3.4628233909606934],4,[7.8165388107299805],[1.6600098609924316],-5.0204115,-3.845297,incorrect,False,-5.0204115,-3.845297,incorrect,False,-5.0204115,-3.845297,incorrect,False,gender
51,lawyer,man,inconsistent,The lawyer is somebody's grandmother.,The lawyer is somebody's grandmother. The lawyer is a,woman,man,The lawyer is somebody's grandmother. The lawyer is a,23,6.376793,3,[12.075724601745605],,6,[11.35328483581543],,-3.1912978,-3.9137375,correct,True,-3.1912978,-3.9137375,correct,True,-3.1912978,-3.9137375,correct,True,gender
52,librarian,woman,consistent,The librarian is somebody's grandmother.,The librarian is somebody's grandmother. The librarian is a,woman,man,The librarian is somebody's grandmother. The librarian is a,0,9.272791,14171,[0.2493327260017395],[-1.516875982284546],35321,[-1.685567855834961],[-1.1647506952285767],-11.348547,-13.283447,correct,True,-11.348547,-13.283447,correct,True,-11.348547,-13.283447,correct,True,gender
52,librarian,woman,consistent,The librarian is somebody's grandmother.,The librarian is somebody's grandmother. The librarian is a,woman,man,The librarian is somebody's grandmother. The librarian is a,1,9.06761,20264,[-0.19183143973350525],[-0.5021540522575378],39505,[-2.0588343143463135],[-1.048519492149353],-12.010686,-13.877689,correct,True,-12.010686,-13.877689,correct,True,-12.010686,-13.877689,correct,True,gender
52,librarian,woman,consistent,The librarian is somebody's grandmother.,The librarian is somebody's grandmother. The librarian is a,woman,man,The librarian is somebody's grandmother. The librarian is a,2,8.921869,19766,[-0.2989065945148468],[-0.792533278465271],38464,[-2.131704568862915],[2.827857255935669],-12.032595,-13.865393,correct,True,-12.032595,-13.865393,correct,True,-12.032595,-13.865393,correct,True,gender
52,librarian,woman,consistent,The librarian is somebody's grandmother.,The librarian is somebody's grandmother. The librarian is a,woman,man,The librarian is somebody's grandmother. The librarian is a,3,8.075968,19314,[-0.49531441926956177],[-3.468127965927124],28017,[-1.3420265913009644],[-2.3830692768096924],-12.440013,-13.286725,correct,True,-12.440013,-13.286725,correct,True,-12.440013,-13.286725,correct,True,gender
52,librarian,woman,consistent,The librarian is somebody's grandmother.,The librarian is somebody's grandmother. The librarian is a,woman,man,The librarian is somebody's grandmother. The librarian is a,4,8.017998,28968,[-1.5612040758132935],[1.8357831239700317],34156,[-2.13877534866333],[2.3767621517181396],-13.596742,-14.174314,correct,True,-13.596742,-14.174314,correct,True,-13.596742,-14.174314,correct,True,gender
52,librarian,woman,consistent,The librarian is somebody's grandmother.,The librarian is somebody's grandmother. The librarian is a,woman,man,The librarian is somebody's grandmother. The librarian is a,5,8.118237,19601,[-0.7172834277153015],[1.8575080633163452],23715,[-1.1584028005599976],[2.168832302093506],-12.668369,-13.1094885,correct,True,-12.668369,-13.1094885,correct,True,-12.668369,-13.1094885,correct,True,gender
52,librarian,woman,consistent,The librarian is somebody's grandmother.,The librarian is somebody's grandmother. The librarian is a,woman,man,The librarian is somebody's grandmother. The librarian is a,6,8.13059,12926,[0.013897898606956005],[1.5898576974868774],17088,[-0.4801535904407501],[3.7272331714630127],-11.895575,-12.3896265,correct,True,-11.895575,-12.3896265,correct,True,-11.895575,-12.3896265,correct,True,gender
52,librarian,woman,consistent,The librarian is somebody's grandmother.,The librarian is somebody's grandmother. The librarian is a,woman,man,The librarian is somebody's grandmother. The librarian is a,7,8.45824,9041,[0.5937768220901489],[2.6685779094696045],7914,[0.776398777961731],[1.0433670282363892],-11.179914,-10.9972925,incorrect,False,-11.179914,-10.9972925,incorrect,False,-11.179914,-10.9972925,incorrect,False,gender
52,librarian,woman,consistent,The librarian is somebody's grandmother.,The librarian is somebody's grandmother. The librarian is a,woman,man,The librarian is somebody's grandmother. The librarian is a,8,7.9369783,3268,[1.6517480611801147],[4.20689582824707],5301,[1.072967529296875],[5.984508514404297],-10.1096735,-10.688455,correct,True,-10.1096735,-10.688455,correct,True,-10.1096735,-10.688455,correct,True,gender
52,librarian,woman,consistent,The librarian is somebody's grandmother.,The librarian is somebody's grandmother. The librarian is a,woman,man,The librarian is somebody's grandmother. The librarian is a,9,7.6856875,761,[3.1861140727996826],[1.1964561939239502],785,[3.155543804168701],[4.533278942108154],-8.707977,-8.738548,correct,True,-8.707977,-8.738548,correct,True,-8.707977,-8.738548,correct,True,gender
52,librarian,woman,consistent,The librarian is somebody's grandmother.,The librarian is somebody's grandmother. The librarian is a,woman,man,The librarian is somebody's grandmother. The librarian is a,10,7.2467456,541,[3.3528177738189697],[4.6799492835998535],170,[4.414964199066162],[1.2581403255462646],-8.437623,-7.3754764,incorrect,False,-8.437623,-7.3754764,incorrect,False,-8.437623,-7.3754764,incorrect,False,gender
52,librarian,woman,consistent,The librarian is somebody's grandmother.,The librarian is somebody's grandmother. The librarian is a,woman,man,The librarian is somebody's grandmother. The librarian is a,11,7.4345603,99,[4.636523723602295],[3.885477066040039],158,[4.327470779418945],[3.3223981857299805],-6.843393,-7.152446,correct,True,-6.843393,-7.152446,correct,True,-6.843393,-7.152446,correct,True,gender
52,librarian,woman,consistent,The librarian is somebody's grandmother.,The librarian is somebody's grandmother. The librarian is a,woman,man,The librarian is somebody's grandmother. The librarian is a,12,7.6130323,46,[5.307180881500244],[3.864250659942627],81,[4.776706218719482],[6.127478122711182],-6.151288,-6.6817627,correct,True,-6.151288,-6.6817627,correct,True,-6.151288,-6.6817627,correct,True,gender
52,librarian,woman,consistent,The librarian is somebody's grandmother.,The librarian is somebody's grandmother. The librarian is a,woman,man,The librarian is somebody's grandmother. The librarian is a,13,6.0832825,69,[5.6426496505737305],[4.699481964111328],57,[5.7388410568237305],[4.1470232009887695],-6.338993,-6.2428017,incorrect,False,-6.338993,-6.2428017,incorrect,False,-6.338993,-6.2428017,incorrect,False,gender
52,librarian,woman,consistent,The librarian is somebody's grandmother.,The librarian is somebody's grandmother. The librarian is a,woman,man,The librarian is somebody's grandmother. The librarian is a,14,5.823282,47,[6.026278495788574],[7.511950969696045],55,[5.915466785430908],[5.686220169067383],-6.063979,-6.1747904,correct,True,-6.063979,-6.1747904,correct,True,-6.063979,-6.1747904,correct,True,gender
52,librarian,woman,consistent,The librarian is somebody's grandmother.,The librarian is somebody's grandmother. The librarian is a,woman,man,The librarian is somebody's grandmother. The librarian is a,15,5.3796406,16,[6.983051300048828],[5.2909836769104],31,[6.43294620513916],[4.214062690734863],-5.3495474,-5.8996525,correct,True,-5.3495474,-5.8996525,correct,True,-5.3495474,-5.8996525,correct,True,gender
52,librarian,woman,consistent,The librarian is somebody's grandmother.,The librarian is somebody's grandmother. The librarian is a,woman,man,The librarian is somebody's grandmother. The librarian is a,16,5.8573065,14,[6.965545654296875],[10.45604419708252],33,[6.24332857131958],[6.928619861602783],-5.1245317,-5.8467484,correct,True,-5.1245317,-5.8467484,correct,True,-5.1245317,-5.8467484,correct,True,gender
52,librarian,woman,consistent,The librarian is somebody's grandmother.,The librarian is somebody's grandmother. The librarian is a,woman,man,The librarian is somebody's grandmother. The librarian is a,17,5.5851164,6,[7.967886924743652],[1.3530172109603882],22,[6.677822589874268],[4.164588928222656],-4.1942935,-5.484358,correct,True,-4.1942935,-5.484358,correct,True,-4.1942935,-5.484358,correct,True,gender
52,librarian,woman,consistent,The librarian is somebody's grandmother.,The librarian is somebody's grandmother. The librarian is a,woman,man,The librarian is somebody's grandmother. The librarian is a,18,6.5502276,9,[6.876139163970947],[4.031133651733398],21,[6.390718460083008],[7.272751331329346],-4.7557783,-5.2411985,correct,True,-4.7557783,-5.2411985,correct,True,-4.7557783,-5.2411985,correct,True,gender
52,librarian,woman,consistent,The librarian is somebody's grandmother.,The librarian is somebody's grandmother. The librarian is a,woman,man,The librarian is somebody's grandmother. The librarian is a,19,6.5695844,17,[6.613284587860107],[0.8114243149757385],11,[6.752819538116455],[2.573960065841675],-5.0272374,-4.8877025,incorrect,False,-5.0272374,-4.8877025,incorrect,False,-5.0272374,-4.8877025,incorrect,False,gender
52,librarian,woman,consistent,The librarian is somebody's grandmother.,The librarian is somebody's grandmother. The librarian is a,woman,man,The librarian is somebody's grandmother. The librarian is a,20,6.8006697,21,[6.391173362731934],[1.257680058479309],12,[6.686339855194092],[0.8773773908615112],-5.160946,-4.8657794,incorrect,False,-5.160946,-4.8657794,incorrect,False,-5.160946,-4.8657794,incorrect,False,gender
52,librarian,woman,consistent,The librarian is somebody's grandmother.,The librarian is somebody's grandmother. The librarian is a,woman,man,The librarian is somebody's grandmother. The librarian is a,21,6.8921537,20,[6.408072471618652],[4.375181198120117],15,[6.625272274017334],[0.9798259139060974],-5.174321,-4.957121,incorrect,False,-5.174321,-4.957121,incorrect,False,-5.174321,-4.957121,incorrect,False,gender
52,librarian,woman,consistent,The librarian is somebody's grandmother.,The librarian is somebody's grandmother. The librarian is a,woman,man,The librarian is somebody's grandmother. The librarian is a,22,7.1737127,9,[7.140031814575195],[3.3573436737060547],15,[6.738564491271973],[1.8424816131591797],-4.669261,-5.0707283,correct,True,-4.669261,-5.0707283,correct,True,-4.669261,-5.0707283,correct,True,gender
52,librarian,woman,consistent,The librarian is somebody's grandmother.,The librarian is somebody's grandmother. The librarian is a,woman,man,The librarian is somebody's grandmother. The librarian is a,23,6.1215634,3,[12.389312744140625],,24,[9.961726188659668],,-2.9434364,-5.371023,correct,True,-2.9434364,-5.371023,correct,True,-2.9434364,-5.371023,correct,True,gender
53,librarian,woman,inconsistent,The librarian is somebody's grandfather.,The librarian is somebody's grandfather. The librarian is a,man,woman,The librarian is somebody's grandfather. The librarian is a,0,9.271311,35167,[-1.6520146131515503],[-1.3254584074020386],13967,[0.2816073000431061],[-1.73868989944458],-13.260474,-11.326853,incorrect,False,-13.260474,-11.326853,incorrect,False,-13.260474,-11.326853,incorrect,False,gender
53,librarian,woman,inconsistent,The librarian is somebody's grandfather.,The librarian is somebody's grandfather. The librarian is a,man,woman,The librarian is somebody's grandfather. The librarian is a,1,9.058821,39610,[-2.0761208534240723],[-1.2065966129302979],20695,[-0.2304869145154953],[-0.471108078956604],-13.892324,-12.04669,incorrect,False,-13.892324,-12.04669,incorrect,False,-13.892324,-12.04669,incorrect,False,gender
53,librarian,woman,inconsistent,The librarian is somebody's grandfather.,The librarian is somebody's grandfather. The librarian is a,man,woman,The librarian is somebody's grandfather. The librarian is a,2,8.929097,39122,[-2.1977596282958984],[3.027477741241455],20123,[-0.3217257559299469],[-0.761729896068573],-13.93566,-12.059627,incorrect,False,-13.93566,-12.059627,incorrect,False,-13.93566,-12.059627,incorrect,False,gender
53,librarian,woman,inconsistent,The librarian is somebody's grandfather.,The librarian is somebody's grandfather. The librarian is a,man,woman,The librarian is somebody's grandfather. The librarian is a,3,8.125833,28220,[-1.3519295454025269],[-2.428403377532959],19546,[-0.5084177851676941],[-3.5862696170806885],-13.290349,-12.446837,incorrect,False,-13.290349,-12.446837,incorrect,False,-13.290349,-12.446837,incorrect,False,gender
53,librarian,woman,inconsistent,The librarian is somebody's grandfather.,The librarian is somebody's grandfather. The librarian is a,man,woman,The librarian is somebody's grandfather. The librarian is a,4,8.038354,34490,[-2.1639010906219482],[2.4892005920410156],29580,[-1.6084645986557007],[1.8073973655700684],-14.203415,-13.647978,incorrect,False,-14.203415,-13.647978,incorrect,False,-14.203415,-13.647978,incorrect,False,gender
53,librarian,woman,inconsistent,The librarian is somebody's grandfather.,The librarian is somebody's grandfather. The librarian is a,man,woman,The librarian is somebody's grandfather. The librarian is a,5,8.138884,23592,[-1.1425174474716187],[3.3177242279052734],20120,[-0.7707597613334656],[0.9068679213523865],-13.088861,-12.717104,incorrect,False,-13.088861,-12.717104,incorrect,False,-13.088861,-12.717104,incorrect,False,gender
53,librarian,woman,inconsistent,The librarian is somebody's grandfather.,The librarian is somebody's grandfather. The librarian is a,man,woman,The librarian is somebody's grandfather. The librarian is a,6,8.1338,13569,[-0.057946231216192245],[2.8318428993225098],16299,[-0.3890393376350403],[1.0196789503097534],-11.958506,-12.289598,correct,True,-11.958506,-12.289598,correct,True,-11.958506,-12.289598,correct,True,gender
53,librarian,woman,inconsistent,The librarian is somebody's grandfather.,The librarian is somebody's grandfather. The librarian is a,man,woman,The librarian is somebody's grandfather. The librarian is a,7,8.47671,7665,[0.8441717028617859],[0.5883036255836487],13432,[0.03693539649248123],[2.989593267440796],-10.9487915,-11.756027,correct,True,-10.9487915,-11.756027,correct,True,-10.9487915,-11.756027,correct,True,gender
53,librarian,woman,inconsistent,The librarian is somebody's grandfather.,The librarian is somebody's grandfather. The librarian is a,man,woman,The librarian is somebody's grandfather. The librarian is a,8,7.8883348,5761,[0.9766865968704224],[6.1184539794921875],5075,[1.1512947082519531],[4.162276268005371],-10.8152685,-10.64066,incorrect,False,-10.8152685,-10.64066,incorrect,False,-10.8152685,-10.64066,incorrect,False,gender
53,librarian,woman,inconsistent,The librarian is somebody's grandfather.,The librarian is somebody's grandfather. The librarian is a,man,woman,The librarian is somebody's grandfather. The librarian is a,9,7.454214,865,[3.09391450881958],[4.416261672973633],1262,[2.6875107288360596],[0.5108934640884399],-8.85893,-9.265333,correct,True,-8.85893,-9.265333,correct,True,-8.85893,-9.265333,correct,True,gender
53,librarian,woman,inconsistent,The librarian is somebody's grandfather.,The librarian is somebody's grandfather. The librarian is a,man,woman,The librarian is somebody's grandfather. The librarian is a,10,6.944835,215,[4.270226955413818],[2.3108084201812744],1074,[2.646075963973999],[3.4199037551879883],-7.5863094,-9.210461,correct,True,-7.5863094,-9.210461,correct,True,-7.5863094,-9.210461,correct,True,gender
53,librarian,woman,inconsistent,The librarian is somebody's grandfather.,The librarian is somebody's grandfather. The librarian is a,man,woman,The librarian is somebody's grandfather. The librarian is a,11,7.4204,121,[4.527731895446777],[3.837130308151245],346,[3.554617404937744],[4.086805820465088],-6.9517407,-7.924855,correct,True,-6.9517407,-7.924855,correct,True,-6.9517407,-7.924855,correct,True,gender
53,librarian,woman,inconsistent,The librarian is somebody's grandfather.,The librarian is somebody's grandfather. The librarian is a,man,woman,The librarian is somebody's grandfather. The librarian is a,12,7.6340523,58,[5.115584373474121],[7.794311046600342],122,[4.4169745445251465],[1.038825273513794],-6.3329344,-7.0315447,correct,True,-6.3329344,-7.0315447,correct,True,-6.3329344,-7.0315447,correct,True,gender
53,librarian,woman,inconsistent,The librarian is somebody's grandfather.,The librarian is somebody's grandfather. The librarian is a,man,woman,The librarian is somebody's grandfather. The librarian is a,13,6.0560355,24,[6.479455947875977],[4.717743873596191],301,[4.105775833129883],[1.5078163146972656],-5.498751,-7.8724313,correct,True,-5.498751,-7.8724313,correct,True,-5.498751,-7.8724313,correct,True,gender
53,librarian,woman,inconsistent,The librarian is somebody's grandfather.,The librarian is somebody's grandfather. The librarian is a,man,woman,The librarian is somebody's grandfather. The librarian is a,14,5.802349,21,[6.685632705688477],[6.471925258636475],372,[3.8909549713134766],[4.96355676651001],-5.3901086,-8.184786,correct,True,-5.3901086,-8.184786,correct,True,-5.3901086,-8.184786,correct,True,gender
53,librarian,woman,inconsistent,The librarian is somebody's grandfather.,The librarian is somebody's grandfather. The librarian is a,man,woman,The librarian is somebody's grandfather. The librarian is a,15,5.524822,11,[7.283175945281982],[4.6770339012146],221,[4.53731107711792],[3.393625497817993],-4.9793644,-7.7252293,correct,True,-4.9793644,-7.7252293,correct,True,-4.9793644,-7.7252293,correct,True,gender
53,librarian,woman,inconsistent,The librarian is somebody's grandfather.,The librarian is somebody's grandfather. The librarian is a,man,woman,The librarian is somebody's grandfather. The librarian is a,16,5.9854174,12,[7.037246227264404],[11.022021293640137],217,[4.509922981262207],[6.51889705657959],-4.975663,-7.5029864,correct,True,-4.975663,-7.5029864,correct,True,-4.975663,-7.5029864,correct,True,gender
53,librarian,woman,inconsistent,The librarian is somebody's grandfather.,The librarian is somebody's grandfather. The librarian is a,man,woman,The librarian is somebody's grandfather. The librarian is a,17,5.7252345,6,[8.095879554748535],[5.153939723968506],115,[5.10833215713501],[0.8000224232673645],-4.0032644,-6.990812,correct,True,-4.0032644,-6.990812,correct,True,-4.0032644,-6.990812,correct,True,gender
53,librarian,woman,inconsistent,The librarian is somebody's grandfather.,The librarian is somebody's grandfather. The librarian is a,man,woman,The librarian is somebody's grandfather. The librarian is a,18,6.6081405,5,[7.763339519500732],[7.281617641448975],177,[4.388950824737549],[6.32440710067749],-3.8308132,-7.205202,correct,True,-3.8308132,-7.205202,correct,True,-3.8308132,-7.205202,correct,True,gender
53,librarian,woman,inconsistent,The librarian is somebody's grandfather.,The librarian is somebody's grandfather. The librarian is a,man,woman,The librarian is somebody's grandfather. The librarian is a,19,6.5769587,4,[7.922028064727783],[4.519686698913574],117,[4.875553607940674],[-0.7655121088027954],-3.696753,-6.7432275,correct,True,-3.696753,-6.7432275,correct,True,-3.696753,-6.7432275,correct,True,gender
53,librarian,woman,inconsistent,The librarian is somebody's grandfather.,The librarian is somebody's grandfather. The librarian is a,man,woman,The librarian is somebody's grandfather. The librarian is a,20,6.797247,4,[7.987834930419922],[1.293031930923462],158,[4.5711822509765625],[0.5115934014320374],-3.547224,-6.9638767,correct,True,-3.547224,-6.9638767,correct,True,-3.547224,-6.9638767,correct,True,gender
53,librarian,woman,inconsistent,The librarian is somebody's grandfather.,The librarian is somebody's grandfather. The librarian is a,man,woman,The librarian is somebody's grandfather. The librarian is a,21,6.8922677,4,[7.9502034187316895],[1.8067785501480103],172,[4.55330753326416],[5.058523654937744],-3.602746,-6.999642,correct,True,-3.602746,-6.999642,correct,True,-3.602746,-6.999642,correct,True,gender
53,librarian,woman,inconsistent,The librarian is somebody's grandfather.,The librarian is somebody's grandfather. The librarian is a,man,woman,The librarian is somebody's grandfather. The librarian is a,22,7.147245,3,[8.190784454345703],[1.7118396759033203],74,[5.379905700683594],[3.8371238708496094],-3.5932097,-6.4040885,correct,True,-3.5932097,-6.4040885,correct,True,-3.5932097,-6.4040885,correct,True,gender
53,librarian,woman,inconsistent,The librarian is somebody's grandfather.,The librarian is somebody's grandfather. The librarian is a,man,woman,The librarian is somebody's grandfather. The librarian is a,23,6.3684807,3,[11.687817573547363],,14,[10.558332443237305],,-3.5060961,-4.635581,correct,True,-3.5060961,-4.635581,correct,True,-3.5060961,-4.635581,correct,True,gender
54,manager,man,consistent,The manager is somebody's grandfather.,The manager is somebody's grandfather. The manager is a,man,woman,The manager is somebody's grandfather. The manager is a,0,9.28915,38978,[-2.016106367111206],[-1.7217543125152588],15090,[0.22626064717769623],[-1.7754470109939575],-13.674879,-11.432512,incorrect,False,-13.674879,-11.432512,incorrect,False,-13.674879,-11.432512,incorrect,False,gender
54,manager,man,consistent,The manager is somebody's grandfather.,The manager is somebody's grandfather. The manager is a,man,woman,The manager is somebody's grandfather. The manager is a,1,9.1000185,43232,[-2.512477397918701],[0.23048827052116394],22323,[-0.29260680079460144],[-0.02601245418190956],-14.3775015,-12.15763,incorrect,False,-14.3775015,-12.15763,incorrect,False,-14.3775015,-12.15763,incorrect,False,gender
54,manager,man,consistent,The manager is somebody's grandfather.,The manager is somebody's grandfather. The manager is a,man,woman,The manager is somebody's grandfather. The manager is a,2,8.966448,39412,[-2.1331772804260254],[4.095707893371582],20146,[-0.23077240586280823],[0.2668854892253876],-13.940273,-12.037868,incorrect,False,-13.940273,-12.037868,incorrect,False,-13.940273,-12.037868,incorrect,False,gender
54,manager,man,consistent,The manager is somebody's grandfather.,The manager is somebody's grandfather. The manager is a,man,woman,The manager is somebody's grandfather. The manager is a,3,8.310954,23888,[-0.9114913940429688],[-1.5955394506454468],15602,[-0.09435372799634933],[-2.900148868560791],-12.804925,-11.987787,incorrect,False,-12.804925,-11.987787,incorrect,False,-12.804925,-11.987787,incorrect,False,gender
54,manager,man,consistent,The manager is somebody's grandfather.,The manager is somebody's grandfather. The manager is a,man,woman,The manager is somebody's grandfather. The manager is a,4,8.094029,27691,[-1.4591683149337769],[1.8219382762908936],23267,[-1.0062178373336792],[0.5455791354179382],-13.444811,-12.99186,incorrect,False,-13.444811,-12.99186,incorrect,False,-13.444811,-12.99186,incorrect,False,gender
54,manager,man,consistent,The manager is somebody's grandfather.,The manager is somebody's grandfather. The manager is a,man,woman,The manager is somebody's grandfather. The manager is a,5,7.981233,20046,[-0.7425122261047363],[3.0808005332946777],19411,[-0.6726307272911072],[0.11083400994539261],-12.741545,-12.671662,incorrect,False,-12.741545,-12.671662,incorrect,False,-12.741545,-12.671662,incorrect,False,gender
54,manager,man,consistent,The manager is somebody's grandfather.,The manager is somebody's grandfather. The manager is a,man,woman,The manager is somebody's grandfather. The manager is a,6,8.214518,10894,[0.3601665794849396],[3.270841360092163],18424,[-0.5566674470901489],[2.3467531204223633],-11.575866,-12.4927,correct,True,-11.575866,-12.4927,correct,True,-11.575866,-12.4927,correct,True,gender
54,manager,man,consistent,The manager is somebody's grandfather.,The manager is somebody's grandfather. The manager is a,man,woman,The manager is somebody's grandfather. The manager is a,7,8.692408,5958,[1.3737574815750122],[0.006365358363837004],12851,[0.3476064205169678],[2.4434611797332764],-10.523576,-11.5497265,correct,True,-10.523576,-11.5497265,correct,True,-10.523576,-11.5497265,correct,True,gender
54,manager,man,consistent,The manager is somebody's grandfather.,The manager is somebody's grandfather. The manager is a,man,woman,The manager is somebody's grandfather. The manager is a,8,8.075144,4202,[1.3248023986816406],[4.910953044891357],4390,[1.2677830457687378],[3.6608071327209473],-10.3745575,-10.431577,correct,True,-10.3745575,-10.431577,correct,True,-10.3745575,-10.431577,correct,True,gender
54,manager,man,consistent,The manager is somebody's grandfather.,The manager is somebody's grandfather. The manager is a,man,woman,The manager is somebody's grandfather. The manager is a,9,7.6439147,898,[2.9524364471435547],[2.6488568782806396],1312,[2.5860610008239746],[0.7297380566596985],-8.8572445,-9.22362,correct,True,-8.8572445,-9.22362,correct,True,-8.8572445,-9.22362,correct,True,gender
54,manager,man,consistent,The manager is somebody's grandfather.,The manager is somebody's grandfather. The manager is a,man,woman,The manager is somebody's grandfather. The manager is a,10,7.41147,368,[3.583233594894409],[3.4142465591430664],915,[2.6851248741149902],[4.056839942932129],-8.085731,-8.98384,correct,True,-8.085731,-8.98384,correct,True,-8.085731,-8.98384,correct,True,gender
54,manager,man,consistent,The manager is somebody's grandfather.,The manager is somebody's grandfather. The manager is a,man,woman,The manager is somebody's grandfather. The manager is a,11,7.7686124,150,[4.2714948654174805],[5.481781482696533],256,[3.7937018871307373],[3.986691474914551],-7.130729,-7.608522,correct,True,-7.130729,-7.608522,correct,True,-7.130729,-7.608522,correct,True,gender
54,manager,man,consistent,The manager is somebody's grandfather.,The manager is somebody's grandfather. The manager is a,man,woman,The manager is somebody's grandfather. The manager is a,12,7.66882,33,[5.444817066192627],[7.1033101081848145],82,[4.646325588226318],[0.9220607876777649],-5.949489,-6.7479806,correct,True,-5.949489,-6.7479806,correct,True,-5.949489,-6.7479806,correct,True,gender
54,manager,man,consistent,The manager is somebody's grandfather.,The manager is somebody's grandfather. The manager is a,man,woman,The manager is somebody's grandfather. The manager is a,13,6.2057457,20,[6.588438034057617],[6.1966233253479],213,[4.316129684448242],[0.7124100923538208],-5.2316923,-7.5040007,correct,True,-5.2316923,-7.5040007,correct,True,-5.2316923,-7.5040007,correct,True,gender
54,manager,man,consistent,The manager is somebody's grandfather.,The manager is somebody's grandfather. The manager is a,man,woman,The manager is somebody's grandfather. The manager is a,14,5.873754,11,[7.223628997802734],[6.309080600738525],306,[3.9544527530670166],[5.783254623413086],-4.73166,-8.000836,correct,True,-4.73166,-8.000836,correct,True,-4.73166,-8.000836,correct,True,gender
54,manager,man,consistent,The manager is somebody's grandfather.,The manager is somebody's grandfather. The manager is a,man,woman,The manager is somebody's grandfather. The manager is a,15,5.7396502,9,[7.771724700927734],[6.250767707824707],159,[4.798923492431641],[1.7632142305374146],-4.4118166,-7.384618,correct,True,-4.4118166,-7.384618,correct,True,-4.4118166,-7.384618,correct,True,gender
54,manager,man,consistent,The manager is somebody's grandfather.,The manager is somebody's grandfather. The manager is a,man,woman,The manager is somebody's grandfather. The manager is a,16,6.1208377,8,[7.810478687286377],[11.764533996582031],220,[4.355764389038086],[5.242799758911133],-4.1316156,-7.58633,correct,True,-4.1316156,-7.58633,correct,True,-4.1316156,-7.58633,correct,True,gender
54,manager,man,consistent,The manager is somebody's grandfather.,The manager is somebody's grandfather. The manager is a,man,woman,The manager is somebody's grandfather. The manager is a,17,6.0237007,3,[8.948200225830078],[4.030391693115234],144,[4.758805751800537],[0.5340578556060791],-3.0531921,-7.2425866,correct,True,-3.0531921,-7.2425866,correct,True,-3.0531921,-7.2425866,correct,True,gender
54,manager,man,consistent,The manager is somebody's grandfather.,The manager is somebody's grandfather. The manager is a,man,woman,The manager is somebody's grandfather. The manager is a,18,6.7313952,3,[8.24863052368164],[7.5008955001831055],233,[4.0643415451049805],[5.892436504364014],-3.3006964,-7.4849854,correct,True,-3.3006964,-7.4849854,correct,True,-3.3006964,-7.4849854,correct,True,gender
54,manager,man,consistent,The manager is somebody's grandfather.,The manager is somebody's grandfather. The manager is a,man,woman,The manager is somebody's grandfather. The manager is a,19,6.642187,3,[8.368255615234375],[1.6321895122528076],161,[4.52543830871582],[-0.02045234479010105],-3.237909,-7.0807266,correct,True,-3.237909,-7.0807266,correct,True,-3.237909,-7.0807266,correct,True,gender
54,manager,man,consistent,The manager is somebody's grandfather.,The manager is somebody's grandfather. The manager is a,man,woman,The manager is somebody's grandfather. The manager is a,20,6.811795,3,[8.11763858795166],[1.362118124961853],195,[4.314085483551025],[1.3519479036331177],-3.411476,-7.215029,correct,True,-3.411476,-7.215029,correct,True,-3.411476,-7.215029,correct,True,gender
54,manager,man,consistent,The manager is somebody's grandfather.,The manager is somebody's grandfather. The manager is a,man,woman,The manager is somebody's grandfather. The manager is a,21,6.9514403,3,[8.06296157836914],[3.0590016841888428],181,[4.37280797958374],[4.547765254974365],-3.4454846,-7.135638,correct,True,-3.4454846,-7.135638,correct,True,-3.4454846,-7.135638,correct,True,gender
54,manager,man,consistent,The manager is somebody's grandfather.,The manager is somebody's grandfather. The manager is a,man,woman,The manager is somebody's grandfather. The manager is a,22,7.1580715,2,[8.47025203704834],[1.1932255029678345],97,[5.0825371742248535],[3.561767578125],-3.2414856,-6.6292005,correct,True,-3.2414856,-6.6292005,correct,True,-3.2414856,-6.6292005,correct,True,gender
54,manager,man,consistent,The manager is somebody's grandfather.,The manager is somebody's grandfather. The manager is a,man,woman,The manager is somebody's grandfather. The manager is a,23,6.318362,3,[11.804272651672363],,20,[10.153241157531738],,-3.372437,-5.0234685,correct,True,-3.372437,-5.0234685,correct,True,-3.372437,-5.0234685,correct,True,gender
55,manager,man,inconsistent,The manager is somebody's grandmother.,The manager is somebody's grandmother. The manager is a,woman,man,The manager is somebody's grandmother. The manager is a,0,9.290657,15288,[0.2006876915693283],[-1.5933666229248047],39125,[-2.0479516983032227],[-1.5458269119262695],-11.450304,-13.698944,correct,True,-11.450304,-13.698944,correct,True,-11.450304,-13.698944,correct,True,gender
55,manager,man,inconsistent,The manager is somebody's grandmother.,The manager is somebody's grandmother. The manager is a,woman,man,The manager is somebody's grandmother. The manager is a,1,9.110267,22106,[-0.2608262300491333],[0.013131936080753803],43169,[-2.488861083984375],[0.3682499825954437],-12.136557,-14.364592,correct,True,-12.136557,-14.364592,correct,True,-12.136557,-14.364592,correct,True,gender
55,manager,man,inconsistent,The manager is somebody's grandmother.,The manager is somebody's grandmother. The manager is a,woman,man,The manager is somebody's grandmother. The manager is a,2,8.9689045,19709,[-0.19107158482074738],[0.27553999423980713],38932,[-2.070661783218384],[3.623164415359497],-12.004053,-13.883643,correct,True,-12.004053,-13.883643,correct,True,-12.004053,-13.883643,correct,True,gender
55,manager,man,inconsistent,The manager is somebody's grandmother.,The manager is somebody's grandmother. The manager is a,woman,man,The manager is somebody's grandmother. The manager is a,3,8.290509,15318,[-0.051047950983047485],[-2.816652297973633],24749,[-0.9943625926971436],[-1.3277814388275146],-11.95892,-12.902234,correct,True,-11.95892,-12.902234,correct,True,-11.95892,-12.902234,correct,True,gender
55,manager,man,inconsistent,The manager is somebody's grandmother.,The manager is somebody's grandmother. The manager is a,woman,man,The manager is somebody's grandmother. The manager is a,4,8.103612,22605,[-0.9482284188270569],[0.5907503366470337],27559,[-1.4487305879592896],[1.8684413433074951],-12.928838,-13.429339,correct,True,-12.928838,-13.429339,correct,True,-12.928838,-13.429339,correct,True,gender
55,manager,man,inconsistent,The manager is somebody's grandmother.,The manager is somebody's grandmother. The manager is a,woman,man,The manager is somebody's grandmother. The manager is a,5,7.897468,18768,[-0.6110004186630249],[0.9139143228530884],19841,[-0.7321414351463318],[1.359055757522583],-12.61728,-12.738421,correct,True,-12.61728,-12.738421,correct,True,-12.61728,-12.738421,correct,True,gender
55,manager,man,inconsistent,The manager is somebody's grandmother.,The manager is somebody's grandmother. The manager is a,woman,man,The manager is somebody's grandmother. The manager is a,6,8.247998,15205,[-0.18450666964054108],[2.8147764205932617],16152,[-0.29519668221473694],[4.685491561889648],-12.121217,-12.231907,correct,True,-12.121217,-12.231907,correct,True,-12.121217,-12.231907,correct,True,gender
55,manager,man,inconsistent,The manager is somebody's grandmother.,The manager is somebody's grandmother. The manager is a,woman,man,The manager is somebody's grandmother. The manager is a,7,8.727909,8988,[0.844943106174469],[2.5866641998291016],6312,[1.2856314182281494],[0.6259489059448242],-11.030843,-10.590155,incorrect,False,-11.030843,-10.590155,incorrect,False,-11.030843,-10.590155,incorrect,False,gender
55,manager,man,inconsistent,The manager is somebody's grandmother.,The manager is somebody's grandmother. The manager is a,woman,man,The manager is somebody's grandmother. The manager is a,8,8.145447,2534,[1.8666985034942627],[3.617338180541992],3689,[1.4494850635528564],[4.8437652587890625],-9.786778,-10.203992,correct,True,-9.786778,-10.203992,correct,True,-9.786778,-10.203992,correct,True,gender
55,manager,man,inconsistent,The manager is somebody's grandmother.,The manager is somebody's grandmother. The manager is a,woman,man,The manager is somebody's grandmother. The manager is a,9,7.990467,727,[3.11596417427063],[2.250580072402954],778,[3.0375382900238037],[2.9282989501953125],-8.581859,-8.660284,correct,True,-8.581859,-8.660284,correct,True,-8.581859,-8.660284,correct,True,gender
55,manager,man,inconsistent,The manager is somebody's grandmother.,The manager is somebody's grandmother. The manager is a,woman,man,The manager is somebody's grandmother. The manager is a,10,7.718032,302,[3.7528457641601562],[4.760093688964844],284,[3.7993698120117188],[2.3397376537323],-7.835539,-7.789015,incorrect,False,-7.835539,-7.789015,incorrect,False,-7.835539,-7.789015,incorrect,False,gender
55,manager,man,inconsistent,The manager is somebody's grandmother.,The manager is somebody's grandmother. The manager is a,woman,man,The manager is somebody's grandmother. The manager is a,11,7.917918,43,[4.992325305938721],[3.598875045776367],146,[4.124618053436279],[5.154124736785889],-6.3439007,-7.211608,correct,True,-6.3439007,-7.211608,correct,True,-6.3439007,-7.211608,correct,True,gender
55,manager,man,inconsistent,The manager is somebody's grandmother.,The manager is somebody's grandmother. The manager is a,woman,man,The manager is somebody's grandmother. The manager is a,12,7.5819006,30,[5.5842485427856445],[3.0764498710632324],45,[5.197381496429443],[6.8335466384887695],-5.8218026,-6.2086697,correct,True,-5.8218026,-6.2086697,correct,True,-5.8218026,-6.2086697,correct,True,gender
55,manager,man,inconsistent,The manager is somebody's grandmother.,The manager is somebody's grandmother. The manager is a,woman,man,The manager is somebody's grandmother. The manager is a,13,6.172728,51,[5.690029621124268],[3.380387544631958],24,[6.287311553955078],[6.80069637298584],-6.137348,-5.5400662,incorrect,False,-6.137348,-5.5400662,incorrect,False,-6.137348,-5.5400662,incorrect,False,gender
55,manager,man,inconsistent,The manager is somebody's grandmother.,The manager is somebody's grandmother. The manager is a,woman,man,The manager is somebody's grandmother. The manager is a,14,5.8886538,48,[5.788498401641846],[7.799673080444336],15,[7.100707054138184],[5.453336238861084],-6.1735044,-4.8612957,incorrect,False,-6.1735044,-4.8612957,incorrect,False,-6.1735044,-4.8612957,incorrect,False,gender
55,manager,man,inconsistent,The manager is somebody's grandmother.,The manager is somebody's grandmother. The manager is a,woman,man,The manager is somebody's grandmother. The manager is a,15,5.6579213,19,[6.876211643218994],[5.020165920257568],11,[7.476067066192627],[5.783820629119873],-5.3421273,-4.742272,incorrect,False,-5.3421273,-4.742272,incorrect,False,-5.3421273,-4.742272,incorrect,False,gender
55,manager,man,inconsistent,The manager is somebody's grandmother.,The manager is somebody's grandmother. The manager is a,woman,man,The manager is somebody's grandmother. The manager is a,16,6.0867224,17,[6.810267925262451],[6.967663764953613],8,[7.456045150756836],[11.15878677368164],-5.1437173,-4.49794,incorrect,False,-5.1437173,-4.49794,incorrect,False,-5.1437173,-4.49794,incorrect,False,gender
55,manager,man,inconsistent,The manager is somebody's grandmother.,The manager is somebody's grandmother. The manager is a,woman,man,The manager is somebody's grandmother. The manager is a,17,6.0467477,11,[7.202397346496582],[1.1899824142456055],5,[8.52567195892334],[4.150474548339844],-4.774218,-3.4509435,incorrect,False,-4.774218,-3.4509435,incorrect,False,-4.774218,-3.4509435,incorrect,False,gender
55,manager,man,inconsistent,The manager is somebody's grandmother.,The manager is somebody's grandmother. The manager is a,woman,man,The manager is somebody's grandmother. The manager is a,18,6.7520227,19,[6.223868370056152],[5.031804084777832],3,[7.919633865356445],[8.151861190795898],-5.311534,-3.6157687,incorrect,False,-5.311534,-3.6157687,incorrect,False,-5.311534,-3.6157687,incorrect,False,gender
55,manager,man,inconsistent,The manager is somebody's grandmother.,The manager is somebody's grandmother. The manager is a,woman,man,The manager is somebody's grandmother. The manager is a,19,6.6607094,22,[6.212179183959961],[-0.1102633848786354],3,[8.203622817993164],[1.751272439956665],-5.386627,-3.3951838,incorrect,False,-5.386627,-3.3951838,incorrect,False,-5.386627,-3.3951838,incorrect,False,gender
55,manager,man,inconsistent,The manager is somebody's grandmother.,The manager is somebody's grandmother. The manager is a,woman,man,The manager is somebody's grandmother. The manager is a,20,6.8661275,32,[5.901620864868164],[2.3548853397369385],3,[7.9655280113220215],[0.8678334951400757],-5.612603,-3.548696,incorrect,False,-5.612603,-3.548696,incorrect,False,-5.612603,-3.548696,incorrect,False,gender
55,manager,man,inconsistent,The manager is somebody's grandmother.,The manager is somebody's grandmother. The manager is a,woman,man,The manager is somebody's grandmother. The manager is a,21,7.019679,29,[6.015500545501709],[3.9459333419799805],4,[7.8452677726745605],[2.2129318714141846],-5.4802055,-3.6504385,incorrect,False,-5.4802055,-3.6504385,incorrect,False,-5.4802055,-3.6504385,incorrect,False,gender
55,manager,man,inconsistent,The manager is somebody's grandmother.,The manager is somebody's grandmother. The manager is a,woman,man,The manager is somebody's grandmother. The manager is a,22,7.3297987,13,[6.62003231048584],[3.550255298614502],3,[8.108500480651855],[1.4188387393951416],-5.0478377,-3.5593696,incorrect,False,-5.0478377,-3.5593696,incorrect,False,-5.0478377,-3.5593696,incorrect,False,gender
55,manager,man,inconsistent,The manager is somebody's grandmother.,The manager is somebody's grandmother. The manager is a,woman,man,The manager is somebody's grandmother. The manager is a,23,6.460005,2,[12.079998016357422],,5,[11.474889755249023],,-3.096871,-3.7019792,correct,True,-3.096871,-3.7019792,correct,True,-3.096871,-3.7019792,correct,True,gender
56,mechanic,man,consistent,The mechanic is somebody's grandfather.,The mechanic is somebody's grandfather. The mechanic is a,man,woman,The mechanic is somebody's grandfather. The mechanic is a,0,9.278772,33882,[-1.5103118419647217],[-2.03302264213562],12613,[0.43893900513648987],[-1.8577016592025757],-13.1289835,-11.179733,incorrect,False,-13.1289835,-11.179733,incorrect,False,-13.1289835,-11.179733,incorrect,False,gender
56,mechanic,man,consistent,The mechanic is somebody's grandfather.,The mechanic is somebody's grandfather. The mechanic is a,man,woman,The mechanic is somebody's grandfather. The mechanic is a,1,9.047566,40193,[-2.134371519088745],[-0.6664559245109558],19644,[-0.1186666339635849],[-0.5805180072784424],-13.9593935,-11.943688,incorrect,False,-13.9593935,-11.943688,incorrect,False,-13.9593935,-11.943688,incorrect,False,gender
56,mechanic,man,consistent,The mechanic is somebody's grandfather.,The mechanic is somebody's grandfather. The mechanic is a,man,woman,The mechanic is somebody's grandfather. The mechanic is a,2,8.900476,38776,[-2.0944466590881348],[2.740537643432617],20014,[-0.26024240255355835],[-1.2471868991851807],-13.882337,-12.048132,incorrect,False,-13.882337,-12.048132,incorrect,False,-13.882337,-12.048132,incorrect,False,gender
56,mechanic,man,consistent,The mechanic is somebody's grandfather.,The mechanic is somebody's grandfather. The mechanic is a,man,woman,The mechanic is somebody's grandfather. The mechanic is a,3,8.305775,28227,[-1.3426035642623901],[-1.0771863460540771],20426,[-0.5909321308135986],[-2.0072765350341797],-13.247243,-12.495571,incorrect,False,-13.247243,-12.495571,incorrect,False,-13.247243,-12.495571,incorrect,False,gender
56,mechanic,man,consistent,The mechanic is somebody's grandfather.,The mechanic is somebody's grandfather. The mechanic is a,man,woman,The mechanic is somebody's grandfather. The mechanic is a,4,8.044204,30565,[-1.6896802186965942],[2.966460943222046],25380,[-1.1420830488204956],[1.3254318237304688],-13.735621,-13.1880245,incorrect,False,-13.735621,-13.1880245,incorrect,False,-13.735621,-13.1880245,incorrect,False,gender
56,mechanic,man,consistent,The mechanic is somebody's grandfather.,The mechanic is somebody's grandfather. The mechanic is a,man,woman,The mechanic is somebody's grandfather. The mechanic is a,5,8.008914,18482,[-0.5624432563781738],[3.2925198078155518],18158,[-0.5277791023254395],[0.6770597696304321],-12.543737,-12.509073,incorrect,False,-12.543737,-12.509073,incorrect,False,-12.543737,-12.509073,incorrect,False,gender
56,mechanic,man,consistent,The mechanic is somebody's grandfather.,The mechanic is somebody's grandfather. The mechanic is a,man,woman,The mechanic is somebody's grandfather. The mechanic is a,6,8.200602,10271,[0.49461013078689575],[3.061070680618286],15974,[-0.2346450686454773],[2.481656789779663],-11.459084,-12.188339,correct,True,-11.459084,-12.188339,correct,True,-11.459084,-12.188339,correct,True,gender
56,mechanic,man,consistent,The mechanic is somebody's grandfather.,The mechanic is somebody's grandfather. The mechanic is a,man,woman,The mechanic is somebody's grandfather. The mechanic is a,7,8.676832,5634,[1.4174829721450806],[0.6672663688659668],10188,[0.6753025054931641],[2.3271052837371826],-10.475926,-11.218107,correct,True,-10.475926,-11.218107,correct,True,-10.475926,-11.218107,correct,True,gender
56,mechanic,man,consistent,The mechanic is somebody's grandfather.,The mechanic is somebody's grandfather. The mechanic is a,man,woman,The mechanic is somebody's grandfather. The mechanic is a,8,8.472466,4077,[1.5806910991668701],[5.840213298797607],4137,[1.563129186630249],[2.4095661640167236],-10.183139,-10.200701,correct,True,-10.183139,-10.200701,correct,True,-10.183139,-10.200701,correct,True,gender
56,mechanic,man,consistent,The mechanic is somebody's grandfather.,The mechanic is somebody's grandfather. The mechanic is a,man,woman,The mechanic is somebody's grandfather. The mechanic is a,9,8.065398,458,[3.573441743850708],[3.248309850692749],1627,[2.4279403686523438],[0.8806517124176025],-8.209001,-9.354502,correct,True,-8.209001,-9.354502,correct,True,-8.209001,-9.354502,correct,True,gender
56,mechanic,man,consistent,The mechanic is somebody's grandfather.,The mechanic is somebody's grandfather. The mechanic is a,man,woman,The mechanic is somebody's grandfather. The mechanic is a,10,7.830234,148,[4.347501754760742],[2.7037763595581055],1000,[2.590853691101074],[3.884873628616333],-7.2201414,-8.976789,correct,True,-7.2201414,-8.976789,correct,True,-7.2201414,-8.976789,correct,True,gender
56,mechanic,man,consistent,The mechanic is somebody's grandfather.,The mechanic is somebody's grandfather. The mechanic is a,man,woman,The mechanic is somebody's grandfather. The mechanic is a,11,7.81532,88,[4.726921081542969],[5.343308925628662],282,[3.661332845687866],[3.031423330307007],-6.633828,-7.699416,correct,True,-6.633828,-7.699416,correct,True,-6.633828,-7.699416,correct,True,gender
56,mechanic,man,consistent,The mechanic is somebody's grandfather.,The mechanic is somebody's grandfather. The mechanic is a,man,woman,The mechanic is somebody's grandfather. The mechanic is a,12,7.775752,24,[5.75507116317749],[7.3889007568359375],155,[4.189123153686523],[1.2986363172531128],-5.607857,-7.173805,correct,True,-5.607857,-7.173805,correct,True,-5.607857,-7.173805,correct,True,gender
56,mechanic,man,consistent,The mechanic is somebody's grandfather.,The mechanic is somebody's grandfather. The mechanic is a,man,woman,The mechanic is somebody's grandfather. The mechanic is a,13,6.1407833,18,[6.928793907165527],[4.980330944061279],313,[3.9746508598327637],[0.3704732358455658],-4.9725857,-7.9267287,correct,True,-4.9725857,-7.9267287,correct,True,-4.9725857,-7.9267287,correct,True,gender
56,mechanic,man,consistent,The mechanic is somebody's grandfather.,The mechanic is somebody's grandfather. The mechanic is a,man,woman,The mechanic is somebody's grandfather. The mechanic is a,14,6.0077214,11,[7.1511125564575195],[7.148482799530029],447,[3.5065362453460693],[5.895056247711182],-4.7708507,-8.415426,correct,True,-4.7708507,-8.415426,correct,True,-4.7708507,-8.415426,correct,True,gender
56,mechanic,man,consistent,The mechanic is somebody's grandfather.,The mechanic is somebody's grandfather. The mechanic is a,man,woman,The mechanic is somebody's grandfather. The mechanic is a,15,5.844446,9,[7.875108242034912],[5.814635753631592],232,[4.419116020202637],[1.3977895975112915],-4.282709,-7.738701,correct,True,-4.282709,-7.738701,correct,True,-4.282709,-7.738701,correct,True,gender
56,mechanic,man,consistent,The mechanic is somebody's grandfather.,The mechanic is somebody's grandfather. The mechanic is a,man,woman,The mechanic is somebody's grandfather. The mechanic is a,16,6.2838755,7,[7.7904052734375],[11.934808731079102],317,[3.9565329551696777],[5.089221477508545],-4.0862246,-7.9200964,correct,True,-4.0862246,-7.9200964,correct,True,-4.0862246,-7.9200964,correct,True,gender
56,mechanic,man,consistent,The mechanic is somebody's grandfather.,The mechanic is somebody's grandfather. The mechanic is a,man,woman,The mechanic is somebody's grandfather. The mechanic is a,17,6.070922,3,[8.907153129577637],[4.660131931304932],219,[4.361658096313477],[0.893312394618988],-3.0519907,-7.5974855,correct,True,-3.0519907,-7.5974855,correct,True,-3.0519907,-7.5974855,correct,True,gender
56,mechanic,man,consistent,The mechanic is somebody's grandfather.,The mechanic is somebody's grandfather. The mechanic is a,man,woman,The mechanic is somebody's grandfather. The mechanic is a,18,6.741746,2,[8.327131271362305],[7.09476900100708],296,[3.797943353652954],[5.060309886932373],-3.1881118,-7.7173,correct,True,-3.1881118,-7.7173,correct,True,-3.1881118,-7.7173,correct,True,gender
56,mechanic,man,consistent,The mechanic is somebody's grandfather.,The mechanic is somebody's grandfather. The mechanic is a,man,woman,The mechanic is somebody's grandfather. The mechanic is a,19,6.693941,2,[8.377537727355957],[1.8428529500961304],224,[4.148197650909424],[-0.7561757564544678],-3.1771154,-7.4064555,correct,True,-3.1771154,-7.4064555,correct,True,-3.1771154,-7.4064555,correct,True,gender
56,mechanic,man,consistent,The mechanic is somebody's grandfather.,The mechanic is somebody's grandfather. The mechanic is a,man,woman,The mechanic is somebody's grandfather. The mechanic is a,20,6.878192,3,[8.152268409729004],[1.4759446382522583],277,[3.8835737705230713],[-0.5096354484558105],-3.3277237,-7.5964184,correct,True,-3.3277237,-7.5964184,correct,True,-3.3277237,-7.5964184,correct,True,gender
56,mechanic,man,consistent,The mechanic is somebody's grandfather.,The mechanic is somebody's grandfather. The mechanic is a,man,woman,The mechanic is somebody's grandfather. The mechanic is a,21,6.9986258,2,[8.12680435180664],[3.373537540435791],308,[3.776137113571167],[4.250277996063232],-3.3378005,-7.6884675,correct,True,-3.3378005,-7.6884675,correct,True,-3.3378005,-7.6884675,correct,True,gender
56,mechanic,man,consistent,The mechanic is somebody's grandfather.,The mechanic is somebody's grandfather. The mechanic is a,man,woman,The mechanic is somebody's grandfather. The mechanic is a,22,7.192274,1,[8.624932289123535],[1.1203964948654175],194,[4.462717533111572],[3.24900221824646],-3.05179,-7.2140045,correct,True,-3.05179,-7.2140045,correct,True,-3.05179,-7.2140045,correct,True,gender
56,mechanic,man,consistent,The mechanic is somebody's grandfather.,The mechanic is somebody's grandfather. The mechanic is a,man,woman,The mechanic is somebody's grandfather. The mechanic is a,23,6.244507,3,[12.055272102355957],,47,[9.117103576660156],,-3.0822964,-6.020465,correct,True,-3.0822964,-6.020465,correct,True,-3.0822964,-6.020465,correct,True,gender
57,mechanic,man,inconsistent,The mechanic is somebody's grandmother.,The mechanic is somebody's grandmother. The mechanic is a,woman,man,The mechanic is somebody's grandmother. The mechanic is a,0,9.279834,12759,[0.416143000125885],[-1.6783418655395508],34085,[-1.5387970209121704],[-1.8519974946975708],-11.194891,-13.149832,correct,True,-11.194891,-13.149832,correct,True,-11.194891,-13.149832,correct,True,gender
57,mechanic,man,inconsistent,The mechanic is somebody's grandmother.,The mechanic is somebody's grandmother. The mechanic is a,woman,man,The mechanic is somebody's grandmother. The mechanic is a,1,9.061056,19272,[-0.08450383692979813],[-0.5500108599662781],39999,[-2.1031718254089355],[-0.5327489972114563],-11.911407,-13.930075,correct,True,-11.911407,-13.930075,correct,True,-11.911407,-13.930075,correct,True,gender
57,mechanic,man,inconsistent,The mechanic is somebody's grandmother.,The mechanic is somebody's grandmother. The mechanic is a,woman,man,The mechanic is somebody's grandmother. The mechanic is a,2,8.904978,19510,[-0.22058026492595673],[-1.2386386394500732],38171,[-2.025747776031494],[2.449097156524658],-12.006349,-13.811516,correct,True,-12.006349,-13.811516,correct,True,-12.006349,-13.811516,correct,True,gender
57,mechanic,man,inconsistent,The mechanic is somebody's grandmother.,The mechanic is somebody's grandmother. The mechanic is a,woman,man,The mechanic is somebody's grandmother. The mechanic is a,3,8.271977,19909,[-0.5493683218955994],[-1.9652155637741089],28331,[-1.3630356788635254],[-0.8943546414375305],-12.455997,-13.269666,correct,True,-12.455997,-13.269666,correct,True,-12.455997,-13.269666,correct,True,gender
57,mechanic,man,inconsistent,The mechanic is somebody's grandmother.,The mechanic is somebody's grandmother. The mechanic is a,woman,man,The mechanic is somebody's grandmother. The mechanic is a,4,8.043825,24728,[-1.0905284881591797],[1.5337575674057007],30118,[-1.6496930122375488],[3.3046395778656006],-13.125006,-13.68417,correct,True,-13.125006,-13.68417,correct,True,-13.125006,-13.68417,correct,True,gender
57,mechanic,man,inconsistent,The mechanic is somebody's grandmother.,The mechanic is somebody's grandmother. The mechanic is a,woman,man,The mechanic is somebody's grandmother. The mechanic is a,5,7.9605527,17072,[-0.41792693734169006],[1.194559931755066],17147,[-0.4268255829811096],[2.3511571884155273],-12.403667,-12.412566,correct,True,-12.403667,-12.412566,correct,True,-12.403667,-12.412566,correct,True,gender
57,mechanic,man,inconsistent,The mechanic is somebody's grandmother.,The mechanic is somebody's grandmother. The mechanic is a,woman,man,The mechanic is somebody's grandmother. The mechanic is a,6,8.227569,13718,[0.05886862054467201],[3.1940131187438965],11834,[0.29573774337768555],[4.08799409866333],-11.906542,-11.669673,incorrect,False,-11.906542,-11.669673,incorrect,False,-11.906542,-11.669673,incorrect,False,gender
57,mechanic,man,inconsistent,The mechanic is somebody's grandmother.,The mechanic is somebody's grandmother. The mechanic is a,woman,man,The mechanic is somebody's grandmother. The mechanic is a,7,8.691323,6696,[1.183298110961914],[2.5688669681549072],4714,[1.5965903997421265],[0.9358018040657043],-10.676076,-10.262783,incorrect,False,-10.676076,-10.262783,incorrect,False,-10.676076,-10.262783,incorrect,False,gender
57,mechanic,man,inconsistent,The mechanic is somebody's grandmother.,The mechanic is somebody's grandmother. The mechanic is a,woman,man,The mechanic is somebody's grandmother. The mechanic is a,8,8.464367,2175,[2.1873385906219482],[2.3726019859313965],2986,[1.862945318222046],[5.6269659996032715],-9.533706,-9.858099,correct,True,-9.533706,-9.858099,correct,True,-9.533706,-9.858099,correct,True,gender
57,mechanic,man,inconsistent,The mechanic is somebody's grandmother.,The mechanic is somebody's grandmother. The mechanic is a,woman,man,The mechanic is somebody's grandmother. The mechanic is a,9,8.099542,854,[2.9901034832000732],[3.141461133956909],376,[3.7522976398468018],[3.7307868003845215],-8.760724,-7.9985304,incorrect,False,-8.760724,-7.9985304,incorrect,False,-8.760724,-7.9985304,incorrect,False,gender
57,mechanic,man,inconsistent,The mechanic is somebody's grandmother.,The mechanic is somebody's grandmother. The mechanic is a,woman,man,The mechanic is somebody's grandmother. The mechanic is a,10,7.9446964,250,[3.9250054359436035],[4.924511432647705],95,[4.713129043579102],[1.5165283679962158],-7.616989,-6.828865,incorrect,False,-7.616989,-6.828865,incorrect,False,-7.616989,-6.828865,incorrect,False,gender
57,mechanic,man,inconsistent,The mechanic is somebody's grandmother.,The mechanic is somebody's grandmother. The mechanic is a,woman,man,The mechanic is somebody's grandmother. The mechanic is a,11,7.926386,37,[5.215182781219482],[2.4004604816436768],76,[4.686315536499023],[4.941828727722168],-6.12403,-6.652898,correct,True,-6.12403,-6.652898,correct,True,-6.12403,-6.652898,correct,True,gender
57,mechanic,man,inconsistent,The mechanic is somebody's grandmother.,The mechanic is somebody's grandmother. The mechanic is a,woman,man,The mechanic is somebody's grandmother. The mechanic is a,12,7.6650057,41,[5.365644931793213],[4.812311172485352],30,[5.6090474128723145],[6.587533950805664],-6.0347834,-5.791381,incorrect,False,-6.0347834,-5.791381,incorrect,False,-6.0347834,-5.791381,incorrect,False,gender
57,mechanic,man,inconsistent,The mechanic is somebody's grandmother.,The mechanic is somebody's grandmother. The mechanic is a,woman,man,The mechanic is somebody's grandmother. The mechanic is a,13,5.994899,41,[5.935327529907227],[3.3507115840911865],25,[6.567845821380615],[5.511218070983887],-6.0116987,-5.379181,incorrect,False,-6.0116987,-5.379181,incorrect,False,-6.0116987,-5.379181,incorrect,False,gender
57,mechanic,man,inconsistent,The mechanic is somebody's grandmother.,The mechanic is somebody's grandmother. The mechanic is a,woman,man,The mechanic is somebody's grandmother. The mechanic is a,14,5.8089767,42,[5.918830871582031],[7.538337707519531],13,[6.960349082946777],[6.61639928817749],-6.0709,-5.0293818,incorrect,False,-6.0709,-5.0293818,incorrect,False,-6.0709,-5.0293818,incorrect,False,gender
57,mechanic,man,inconsistent,The mechanic is somebody's grandmother.,The mechanic is somebody's grandmother. The mechanic is a,woman,man,The mechanic is somebody's grandmother. The mechanic is a,15,5.5182977,23,[6.9199748039245605],[4.7529296875],9,[7.587436199188232],[5.814908027648926],-5.355012,-4.6875505,incorrect,False,-5.355012,-4.6875505,incorrect,False,-5.355012,-4.6875505,incorrect,False,gender
57,mechanic,man,inconsistent,The mechanic is somebody's grandmother.,The mechanic is somebody's grandmother. The mechanic is a,woman,man,The mechanic is somebody's grandmother. The mechanic is a,16,6.077824,19,[6.7782487869262695],[7.798879146575928],8,[7.5492939949035645],[11.051739692687988],-5.173916,-4.402871,incorrect,False,-5.173916,-4.402871,incorrect,False,-5.173916,-4.402871,incorrect,False,gender
57,mechanic,man,inconsistent,The mechanic is somebody's grandmother.,The mechanic is somebody's grandmother. The mechanic is a,woman,man,The mechanic is somebody's grandmother. The mechanic is a,17,5.82445,9,[7.296380043029785],[1.8682434558868408],4,[8.533987045288086],[4.833895206451416],-4.7262683,-3.4886613,incorrect,False,-4.7262683,-3.4886613,incorrect,False,-4.7262683,-3.4886613,incorrect,False,gender
57,mechanic,man,inconsistent,The mechanic is somebody's grandmother.,The mechanic is somebody's grandmother. The mechanic is a,woman,man,The mechanic is somebody's grandmother. The mechanic is a,18,6.583005,14,[6.425910472869873],[5.5904669761657715],3,[8.05188274383545],[8.0753755569458],-5.127289,-3.5013168,incorrect,False,-5.127289,-3.5013168,incorrect,False,-5.127289,-3.5013168,incorrect,False,gender
57,mechanic,man,inconsistent,The mechanic is somebody's grandmother.,The mechanic is somebody's grandmother. The mechanic is a,woman,man,The mechanic is somebody's grandmother. The mechanic is a,19,6.527287,18,[6.492104530334473],[-0.48804762959480286],3,[8.30571460723877],[1.5332084894180298],-5.1111712,-3.2975612,incorrect,False,-5.1111712,-3.2975612,incorrect,False,-5.1111712,-3.2975612,incorrect,False,gender
57,mechanic,man,inconsistent,The mechanic is somebody's grandmother.,The mechanic is somebody's grandmother. The mechanic is a,woman,man,The mechanic is somebody's grandmother. The mechanic is a,20,6.762427,25,[6.13815450668335],[0.9061509370803833],3,[8.04687213897705],[0.38452404737472534],-5.3856215,-3.476904,incorrect,False,-5.3856215,-3.476904,incorrect,False,-5.3856215,-3.476904,incorrect,False,gender
57,mechanic,man,inconsistent,The mechanic is somebody's grandmother.,The mechanic is somebody's grandmother. The mechanic is a,woman,man,The mechanic is somebody's grandmother. The mechanic is a,21,6.950903,20,[6.116753101348877],[3.8458642959594727],3,[7.90118932723999],[2.287965774536133],-5.3763914,-3.5919552,incorrect,False,-5.3763914,-3.5919552,incorrect,False,-5.3763914,-3.5919552,incorrect,False,gender
57,mechanic,man,inconsistent,The mechanic is somebody's grandmother.,The mechanic is somebody's grandmother. The mechanic is a,woman,man,The mechanic is somebody's grandmother. The mechanic is a,22,7.26321,12,[6.733582019805908],[3.21258282661438],3,[8.21447467803955],[1.3671056032180786],-4.929967,-3.4490743,incorrect,False,-4.929967,-3.4490743,incorrect,False,-4.929967,-3.4490743,incorrect,False,gender
57,mechanic,man,inconsistent,The mechanic is somebody's grandmother.,The mechanic is somebody's grandmother. The mechanic is a,woman,man,The mechanic is somebody's grandmother. The mechanic is a,23,6.314342,2,[12.086967468261719],,4,[11.738911628723145],,-3.1009784,-3.4490342,correct,True,-3.1009784,-3.4490342,correct,True,-3.1009784,-3.4490342,correct,True,gender
58,mover,man,consistent,The mover is somebody's grandfather.,The mover is somebody's grandfather. The mover is a,man,woman,The mover is somebody's grandfather. The mover is a,0,9.270622,36268,[-1.709664225578308],[-1.8371933698654175],13262,[0.40864598751068115],[-2.761916160583496],-13.3685,-11.250191,incorrect,False,-13.3685,-11.250191,incorrect,False,-13.3685,-11.250191,incorrect,False,gender
58,mover,man,consistent,The mover is somebody's grandfather.,The mover is somebody's grandfather. The mover is a,man,woman,The mover is somebody's grandfather. The mover is a,1,9.024236,41222,[-2.258221387863159],[-1.1509032249450684],23341,[-0.4251754879951477],[-0.4079146087169647],-14.120756,-12.28771,incorrect,False,-14.120756,-12.28771,incorrect,False,-14.120756,-12.28771,incorrect,False,gender
58,mover,man,consistent,The mover is somebody's grandfather.,The mover is somebody's grandfather. The mover is a,man,woman,The mover is somebody's grandfather. The mover is a,2,8.809599,40099,[-2.336954116821289],[3.281122922897339],21652,[-0.4657464623451233],[-1.2594521045684814],-14.105214,-12.234007,incorrect,False,-14.105214,-12.234007,incorrect,False,-14.105214,-12.234007,incorrect,False,gender
58,mover,man,consistent,The mover is somebody's grandfather.,The mover is somebody's grandfather. The mover is a,man,woman,The mover is somebody's grandfather. The mover is a,3,8.159514,29298,[-1.4672352075576782],[-0.47961950302124023],22511,[-0.803530752658844],[-2.685701608657837],-13.398121,-12.734416,incorrect,False,-13.398121,-12.734416,incorrect,False,-13.398121,-12.734416,incorrect,False,gender
58,mover,man,consistent,The mover is somebody's grandfather.,The mover is somebody's grandfather. The mover is a,man,woman,The mover is somebody's grandfather. The mover is a,4,8.080556,30759,[-1.6260405778884888],[4.055431365966797],30237,[-1.5690603256225586],[2.538642644882202],-13.731915,-13.674935,incorrect,False,-13.731915,-13.674935,incorrect,False,-13.731915,-13.674935,incorrect,False,gender
58,mover,man,consistent,The mover is somebody's grandfather.,The mover is somebody's grandfather. The mover is a,man,woman,The mover is somebody's grandfather. The mover is a,5,8.168962,15478,[-0.18708129227161407],[1.2166861295700073],18533,[-0.534893274307251],[0.7696033120155334],-12.174122,-12.521934,correct,True,-12.174122,-12.521934,correct,True,-12.174122,-12.521934,correct,True,gender
58,mover,man,consistent,The mover is somebody's grandfather.,The mover is somebody's grandfather. The mover is a,man,woman,The mover is somebody's grandfather. The mover is a,6,8.42532,12655,[0.15533480048179626],[3.000765085220337],15455,[-0.19232679903507233],[1.0863542556762695],-11.747586,-12.095248,correct,True,-11.747586,-12.095248,correct,True,-11.747586,-12.095248,correct,True,gender
58,mover,man,consistent,The mover is somebody's grandfather.,The mover is somebody's grandfather. The mover is a,man,woman,The mover is somebody's grandfather. The mover is a,7,8.803792,7591,[1.1428707838058472],[1.5487265586853027],14258,[0.25766274333000183],[2.914215564727783],-10.780094,-11.665302,correct,True,-10.780094,-11.665302,correct,True,-10.780094,-11.665302,correct,True,gender
58,mover,man,consistent,The mover is somebody's grandfather.,The mover is somebody's grandfather. The mover is a,man,woman,The mover is somebody's grandfather. The mover is a,8,8.427839,3482,[1.641348958015442],[4.303925514221191],4327,[1.4174165725708008],[2.560654640197754],-10.048063,-10.271996,correct,True,-10.048063,-10.271996,correct,True,-10.048063,-10.271996,correct,True,gender
58,mover,man,consistent,The mover is somebody's grandfather.,The mover is somebody's grandfather. The mover is a,man,woman,The mover is somebody's grandfather. The mover is a,9,8.290518,780,[3.080761432647705],[4.292262077331543],1684,[2.359619140625],[2.213045597076416],-8.618694,-9.339836,correct,True,-8.618694,-9.339836,correct,True,-8.618694,-9.339836,correct,True,gender
58,mover,man,consistent,The mover is somebody's grandfather.,The mover is somebody's grandfather. The mover is a,man,woman,The mover is somebody's grandfather. The mover is a,10,8.098271,166,[4.312652111053467],[2.7229065895080566],673,[3.021242618560791],[2.5721724033355713],-7.199814,-8.491223,correct,True,-7.199814,-8.491223,correct,True,-7.199814,-8.491223,correct,True,gender
58,mover,man,consistent,The mover is somebody's grandfather.,The mover is somebody's grandfather. The mover is a,man,woman,The mover is somebody's grandfather. The mover is a,11,8.048874,67,[4.764474868774414],[4.092886924743652],298,[3.6469078063964844],[2.9146475791931152],-6.5186048,-7.636172,correct,True,-6.5186048,-7.636172,correct,True,-6.5186048,-7.636172,correct,True,gender
58,mover,man,consistent,The mover is somebody's grandfather.,The mover is somebody's grandfather. The mover is a,man,woman,The mover is somebody's grandfather. The mover is a,12,7.7872458,32,[5.411256313323975],[4.828312397003174],167,[4.14850378036499],[0.43794766068458557],-5.9041896,-7.166942,correct,True,-5.9041896,-7.166942,correct,True,-5.9041896,-7.166942,correct,True,gender
58,mover,man,consistent,The mover is somebody's grandfather.,The mover is somebody's grandfather. The mover is a,man,woman,The mover is somebody's grandfather. The mover is a,13,6.329706,35,[5.901576042175293],[3.9604544639587402],389,[3.669896125793457],[-0.25762230157852173],-5.8571424,-8.088822,correct,True,-5.8571424,-8.088822,correct,True,-5.8571424,-8.088822,correct,True,gender
58,mover,man,consistent,The mover is somebody's grandfather.,The mover is somebody's grandfather. The mover is a,man,woman,The mover is somebody's grandfather. The mover is a,14,6.2964697,25,[5.9741973876953125],[6.21467399597168],593,[3.040116310119629],[4.99582052230835],-5.7377167,-8.671798,correct,True,-5.7377167,-8.671798,correct,True,-5.7377167,-8.671798,correct,True,gender
58,mover,man,consistent,The mover is somebody's grandfather.,The mover is somebody's grandfather. The mover is a,man,woman,The mover is somebody's grandfather. The mover is a,15,6.2967944,20,[6.609934329986572],[5.392342567443848],364,[3.7990975379943848],[1.9519648551940918],-5.2782373,-8.089074,correct,True,-5.2782373,-8.089074,correct,True,-5.2782373,-8.089074,correct,True,gender
58,mover,man,consistent,The mover is somebody's grandfather.,The mover is somebody's grandfather. The mover is a,man,woman,The mover is somebody's grandfather. The mover is a,16,6.83248,14,[6.591799259185791],[11.07615852355957],407,[3.527456283569336],[6.2001872062683105],-4.977471,-8.041814,correct,True,-4.977471,-8.041814,correct,True,-4.977471,-8.041814,correct,True,gender
58,mover,man,consistent,The mover is somebody's grandfather.,The mover is somebody's grandfather. The mover is a,man,woman,The mover is somebody's grandfather. The mover is a,17,6.570248,5,[7.615723609924316],[4.783204078674316],226,[4.13478422164917],[0.9175582528114319],-4.040745,-7.521684,correct,True,-4.040745,-7.521684,correct,True,-4.040745,-7.521684,correct,True,gender
58,mover,man,consistent,The mover is somebody's grandfather.,The mover is somebody's grandfather. The mover is a,man,woman,The mover is somebody's grandfather. The mover is a,18,7.1341467,4,[7.263239860534668],[7.744200706481934],297,[3.6045751571655273],[6.059070110321045],-4.009351,-7.6680155,correct,True,-4.009351,-7.6680155,correct,True,-4.009351,-7.6680155,correct,True,gender
58,mover,man,consistent,The mover is somebody's grandfather.,The mover is somebody's grandfather. The mover is a,man,woman,The mover is somebody's grandfather. The mover is a,19,7.0314407,4,[7.525731563568115],[1.7611632347106934],180,[4.111912250518799],[-1.84939444065094],-3.7938373,-7.207657,correct,True,-3.7938373,-7.207657,correct,True,-3.7938373,-7.207657,correct,True,gender
58,mover,man,consistent,The mover is somebody's grandfather.,The mover is somebody's grandfather. The mover is a,man,woman,The mover is somebody's grandfather. The mover is a,20,7.0953803,4,[7.3322858810424805],[1.2644938230514526],250,[3.7674224376678467],[0.0355292372405529],-3.9537725,-7.5186357,correct,True,-3.9537725,-7.5186357,correct,True,-3.9537725,-7.5186357,correct,True,gender
58,mover,man,consistent,The mover is somebody's grandfather.,The mover is somebody's grandfather. The mover is a,man,woman,The mover is somebody's grandfather. The mover is a,21,7.2199087,4,[7.3183979988098145],[2.747507095336914],281,[3.7293365001678467],[5.314425468444824],-3.9511802,-7.5402412,correct,True,-3.9511802,-7.5402412,correct,True,-3.9511802,-7.5402412,correct,True,gender
58,mover,man,consistent,The mover is somebody's grandfather.,The mover is somebody's grandfather. The mover is a,man,woman,The mover is somebody's grandfather. The mover is a,22,7.5365233,3,[7.718577861785889],[1.8769866228103638],140,[4.541518211364746],[3.8055238723754883],-3.7361062,-6.913166,correct,True,-3.7361062,-6.913166,correct,True,-3.7361062,-6.913166,correct,True,gender
58,mover,man,consistent,The mover is somebody's grandfather.,The mover is somebody's grandfather. The mover is a,man,woman,The mover is somebody's grandfather. The mover is a,23,6.612192,2,[11.503575325012207],,22,[9.688496589660645],,-3.367509,-5.1825876,correct,True,-3.367509,-5.1825876,correct,True,-3.367509,-5.1825876,correct,True,gender
59,mover,man,inconsistent,The mover is somebody's grandmother.,The mover is somebody's grandmother. The mover is a,woman,man,The mover is somebody's grandmother. The mover is a,0,9.2743,13413,[0.37956398725509644],[-2.5718142986297607],36490,[-1.7478349208831787],[-1.7197750806808472],-11.266688,-13.394087,correct,True,-11.266688,-13.394087,correct,True,-11.266688,-13.394087,correct,True,gender
59,mover,man,inconsistent,The mover is somebody's grandmother.,The mover is somebody's grandmother. The mover is a,woman,man,The mover is somebody's grandmother. The mover is a,1,9.036025,23099,[-0.39314645528793335],[-0.39489609003067017],41281,[-2.2560226917266846],[-1.003618597984314],-12.262911,-14.125786,correct,True,-12.262911,-14.125786,correct,True,-12.262911,-14.125786,correct,True,gender
59,mover,man,inconsistent,The mover is somebody's grandmother.,The mover is somebody's grandmother. The mover is a,woman,man,The mover is somebody's grandmother. The mover is a,2,8.806974,21230,[-0.4343547821044922],[-1.2341755628585815],39667,[-2.2875006198883057],[3.0687575340270996],-12.200535,-14.05368,correct,True,-12.200535,-14.05368,correct,True,-12.200535,-14.05368,correct,True,gender
59,mover,man,inconsistent,The mover is somebody's grandmother.,The mover is somebody's grandmother. The mover is a,woman,man,The mover is somebody's grandmother. The mover is a,3,8.111421,21898,[-0.7659074664115906],[-2.523733615875244],29144,[-1.4801417589187622],[-0.22368285059928894],-12.69403,-13.408264,correct,True,-12.69403,-13.408264,correct,True,-12.69403,-13.408264,correct,True,gender
59,mover,man,inconsistent,The mover is somebody's grandmother.,The mover is somebody's grandmother. The mover is a,woman,man,The mover is somebody's grandmother. The mover is a,4,8.069008,29208,[-1.4835412502288818],[2.681102991104126],29856,[-1.5544553995132446],[4.175286769866943],-13.575321,-13.646236,correct,True,-13.575321,-13.646236,correct,True,-13.575321,-13.646236,correct,True,gender
59,mover,man,inconsistent,The mover is somebody's grandmother.,The mover is somebody's grandmother. The mover is a,woman,man,The mover is somebody's grandmother. The mover is a,5,8.134753,17180,[-0.41562530398368835],[0.9455761909484863],14444,[-0.09096420556306839],[0.7330718040466309],-12.396554,-12.071893,incorrect,False,-12.396554,-12.071893,incorrect,False,-12.396554,-12.071893,incorrect,False,gender
59,mover,man,inconsistent,The mover is somebody's grandmother.,The mover is somebody's grandmother. The mover is a,woman,man,The mover is somebody's grandmother. The mover is a,6,8.386637,13641,[-0.011220311746001244],[1.4672423601150513],13001,[0.0722506120800972],[3.1892359256744385],-11.902559,-11.819088,incorrect,False,-11.902559,-11.819088,incorrect,False,-11.902559,-11.819088,incorrect,False,gender
59,mover,man,inconsistent,The mover is somebody's grandmother.,The mover is somebody's grandmother. The mover is a,woman,man,The mover is somebody's grandmother. The mover is a,7,8.812099,11611,[0.554997980594635],[2.6506593227386475],7447,[1.1443265676498413],[1.9376908540725708],-11.342383,-10.753055,incorrect,False,-11.342383,-10.753055,incorrect,False,-11.342383,-10.753055,incorrect,False,gender
59,mover,man,inconsistent,The mover is somebody's grandmother.,The mover is somebody's grandmother. The mover is a,woman,man,The mover is somebody's grandmother. The mover is a,8,8.432398,3454,[1.6456961631774902],[2.0672547817230225],2984,[1.8012813329696655],[4.137020587921143],-10.028096,-9.872511,incorrect,False,-10.028096,-9.872511,incorrect,False,-10.028096,-9.872511,incorrect,False,gender
59,mover,man,inconsistent,The mover is somebody's grandmother.,The mover is somebody's grandmother. The mover is a,woman,man,The mover is somebody's grandmother. The mover is a,9,8.276844,1565,[2.381608247756958],[4.288767337799072],686,[3.157466173171997],[4.118575572967529],-9.273853,-8.497995,incorrect,False,-9.273853,-8.497995,incorrect,False,-9.273853,-8.497995,incorrect,False,gender
59,mover,man,inconsistent,The mover is somebody's grandmother.,The mover is somebody's grandmother. The mover is a,woman,man,The mover is somebody's grandmother. The mover is a,10,8.152298,288,[3.8135111331939697],[2.868695020675659],155,[4.3334550857543945],[1.9530633687973022],-7.670718,-7.150774,incorrect,False,-7.670718,-7.150774,incorrect,False,-7.670718,-7.150774,incorrect,False,gender
59,mover,man,inconsistent,The mover is somebody's grandmother.,The mover is somebody's grandmother. The mover is a,woman,man,The mover is somebody's grandmother. The mover is a,11,8.116225,90,[4.494340419769287],[2.6886146068573],81,[4.558710098266602],[3.8986802101135254],-6.765381,-6.701011,incorrect,False,-6.765381,-6.701011,incorrect,False,-6.765381,-6.701011,incorrect,False,gender
59,mover,man,inconsistent,The mover is somebody's grandmother.,The mover is somebody's grandmother. The mover is a,woman,man,The mover is somebody's grandmother. The mover is a,12,7.674372,69,[4.833420276641846],[2.255063056945801],44,[5.1759867668151855],[4.312741756439209],-6.5079536,-6.165387,incorrect,False,-6.5079536,-6.165387,incorrect,False,-6.5079536,-6.165387,incorrect,False,gender
59,mover,man,inconsistent,The mover is somebody's grandmother.,The mover is somebody's grandmother. The mover is a,woman,man,The mover is somebody's grandmother. The mover is a,13,6.1310725,142,[4.755720615386963],[1.9007424116134644],58,[5.560908794403076],[4.3299384117126465],-7.063278,-6.25809,incorrect,False,-7.063278,-6.25809,incorrect,False,-7.063278,-6.25809,incorrect,False,gender
59,mover,man,inconsistent,The mover is somebody's grandmother.,The mover is somebody's grandmother. The mover is a,woman,man,The mover is somebody's grandmother. The mover is a,14,6.1144,167,[4.496999263763428],[7.083767414093018],39,[5.769148349761963],[5.467701435089111],-7.251318,-5.979169,incorrect,False,-7.251318,-5.979169,incorrect,False,-7.251318,-5.979169,incorrect,False,gender
59,mover,man,inconsistent,The mover is somebody's grandmother.,The mover is somebody's grandmother. The mover is a,woman,man,The mover is somebody's grandmother. The mover is a,15,5.8732333,57,[5.554488182067871],[4.927613735198975],26,[6.269504547119141],[5.239436626434326],-6.439472,-5.724456,incorrect,False,-6.439472,-5.724456,incorrect,False,-6.439472,-5.724456,incorrect,False,gender
59,mover,man,inconsistent,The mover is somebody's grandmother.,The mover is somebody's grandmother. The mover is a,woman,man,The mover is somebody's grandmother. The mover is a,16,6.586321,37,[5.651913166046143],[7.966645240783691],18,[6.281850337982178],[10.201872825622559],-5.9886017,-5.3586645,incorrect,False,-5.9886017,-5.3586645,incorrect,False,-5.9886017,-5.3586645,incorrect,False,gender
59,mover,man,inconsistent,The mover is somebody's grandmother.,The mover is somebody's grandmother. The mover is a,woman,man,The mover is somebody's grandmother. The mover is a,17,6.2230673,19,[6.288105487823486],[1.8112138509750366],5,[7.19520902633667],[4.498632431030273],-5.4493833,-4.5422797,incorrect,False,-5.4493833,-4.5422797,incorrect,False,-5.4493833,-4.5422797,incorrect,False,gender
59,mover,man,inconsistent,The mover is somebody's grandmother.,The mover is somebody's grandmother. The mover is a,woman,man,The mover is somebody's grandmother. The mover is a,18,6.907411,32,[5.566768169403076],[5.746293544769287],5,[6.858429908752441],[8.67852783203125],-5.7603827,-4.4687204,incorrect,False,-5.7603827,-4.4687204,incorrect,False,-5.7603827,-4.4687204,incorrect,False,gender
59,mover,man,inconsistent,The mover is somebody's grandmother.,The mover is somebody's grandmother. The mover is a,woman,man,The mover is somebody's grandmother. The mover is a,19,6.8471246,27,[5.74747896194458],[-1.4099116325378418],4,[7.336431980133057],[2.157094955444336],-5.61896,-4.030007,incorrect,False,-5.61896,-4.030007,incorrect,False,-5.61896,-4.030007,incorrect,False,gender
59,mover,man,inconsistent,The mover is somebody's grandmother.,The mover is somebody's grandmother. The mover is a,woman,man,The mover is somebody's grandmother. The mover is a,20,6.997708,42,[5.357815265655518],[1.1637884378433228],4,[7.180465221405029],[0.2825281322002411],-5.9638844,-4.1412344,incorrect,False,-5.9638844,-4.1412344,incorrect,False,-5.9638844,-4.1412344,incorrect,False,gender
59,mover,man,inconsistent,The mover is somebody's grandmother.,The mover is somebody's grandmother. The mover is a,woman,man,The mover is somebody's grandmother. The mover is a,21,7.1725435,40,[5.389383316040039],[5.354599952697754],4,[7.074718952178955],[2.303593158721924],-5.9070997,-4.221764,incorrect,False,-5.9070997,-4.221764,incorrect,False,-5.9070997,-4.221764,incorrect,False,gender
59,mover,man,inconsistent,The mover is somebody's grandmother.,The mover is somebody's grandmother. The mover is a,woman,man,The mover is somebody's grandmother. The mover is a,22,7.532162,12,[6.208921432495117],[3.7205402851104736],4,[7.398532867431641],[1.9146702289581299],-5.256834,-4.0672226,incorrect,False,-5.256834,-4.0672226,incorrect,False,-5.256834,-4.0672226,incorrect,False,gender
59,mover,man,inconsistent,The mover is somebody's grandmother.,The mover is somebody's grandmother. The mover is a,woman,man,The mover is somebody's grandmother. The mover is a,23,6.483153,2,[11.81110954284668],,3,[11.125086784362793],,-3.1589015,-3.8449242,correct,True,-3.1589015,-3.8449242,correct,True,-3.1589015,-3.8449242,correct,True,gender
60,nurse,woman,consistent,The nurse is somebody's grandmother.,The nurse is somebody's grandmother. The nurse is a,woman,man,The nurse is somebody's grandmother. The nurse is a,0,9.2920685,14312,[0.24283041059970856],[-1.5859463214874268],37369,[-1.8796582221984863],[-2.2349648475646973],-11.352749,-13.475238,correct,True,-11.352749,-13.475238,correct,True,-11.352749,-13.475238,correct,True,gender
60,nurse,woman,consistent,The nurse is somebody's grandmother.,The nurse is somebody's grandmother. The nurse is a,woman,man,The nurse is somebody's grandmother. The nurse is a,1,9.080473,20701,[-0.21272803843021393],[-0.17161571979522705],43126,[-2.5818605422973633],[-0.6708617806434631],-12.030362,-14.399494,correct,True,-12.030362,-14.399494,correct,True,-12.030362,-14.399494,correct,True,gender
60,nurse,woman,consistent,The nurse is somebody's grandmother.,The nurse is somebody's grandmother. The nurse is a,woman,man,The nurse is somebody's grandmother. The nurse is a,2,8.963529,19331,[-0.2085622251033783],[-0.3513568043708801],41327,[-2.4491236209869385],[2.7468457221984863],-11.972334,-14.212894,correct,True,-11.972334,-14.212894,correct,True,-11.972334,-14.212894,correct,True,gender
60,nurse,woman,consistent,The nurse is somebody's grandmother.,The nurse is somebody's grandmother. The nurse is a,woman,man,The nurse is somebody's grandmother. The nurse is a,3,8.25286,17791,[-0.26834744215011597],[-2.4989888668060303],32191,[-1.6896098852157593],[-0.67612624168396],-12.21183,-13.633092,correct,True,-12.21183,-13.633092,correct,True,-12.21183,-13.633092,correct,True,gender
60,nurse,woman,consistent,The nurse is somebody's grandmother.,The nurse is somebody's grandmother. The nurse is a,woman,man,The nurse is somebody's grandmother. The nurse is a,4,7.9385085,24223,[-1.0191293954849243],[1.0647063255310059],32633,[-1.9026470184326172],[2.5500447750091553],-13.099322,-13.98284,correct,True,-13.099322,-13.98284,correct,True,-13.099322,-13.98284,correct,True,gender
60,nurse,woman,consistent,The nurse is somebody's grandmother.,The nurse is somebody's grandmother. The nurse is a,woman,man,The nurse is somebody's grandmother. The nurse is a,5,7.819687,17235,[-0.4838325083255768],[1.1962710618972778],20657,[-0.8495796918869019],[1.8972190618515015],-12.46539,-12.831138,correct,True,-12.46539,-12.831138,correct,True,-12.46539,-12.831138,correct,True,gender
60,nurse,woman,consistent,The nurse is somebody's grandmother.,The nurse is somebody's grandmother. The nurse is a,woman,man,The nurse is somebody's grandmother. The nurse is a,6,8.093311,13404,[0.01297633908689022],[2.2193336486816406],15686,[-0.25959739089012146],[4.7089128494262695],-11.941689,-12.214263,correct,True,-11.941689,-12.214263,correct,True,-11.941689,-12.214263,correct,True,gender
60,nurse,woman,consistent,The nurse is somebody's grandmother.,The nurse is somebody's grandmother. The nurse is a,woman,man,The nurse is somebody's grandmother. The nurse is a,7,8.530937,8079,[0.8277294635772705],[1.688238263130188],5231,[1.3570271730422974],[-0.22253982722759247],-10.974965,-10.445667,incorrect,False,-10.974965,-10.445667,incorrect,False,-10.974965,-10.445667,incorrect,False,gender
60,nurse,woman,consistent,The nurse is somebody's grandmother.,The nurse is somebody's grandmother. The nurse is a,woman,man,The nurse is somebody's grandmother. The nurse is a,8,7.757287,3359,[1.531754732131958],[4.223672389984131],4307,[1.2376683950424194],[5.732072830200195],-10.20971,-10.503797,correct,True,-10.20971,-10.503797,correct,True,-10.20971,-10.503797,correct,True,gender
60,nurse,woman,consistent,The nurse is somebody's grandmother.,The nurse is somebody's grandmother. The nurse is a,woman,man,The nurse is somebody's grandmother. The nurse is a,9,7.5738187,822,[3.0190868377685547],[1.0023720264434814],719,[3.1524605751037598],[2.78503680229187],-8.797463,-8.66409,incorrect,False,-8.797463,-8.66409,incorrect,False,-8.797463,-8.66409,incorrect,False,gender
60,nurse,woman,consistent,The nurse is somebody's grandmother.,The nurse is somebody's grandmother. The nurse is a,woman,man,The nurse is somebody's grandmother. The nurse is a,10,7.139796,575,[3.2038068771362305],[4.403797149658203],305,[3.827730417251587],[1.6452771425247192],-8.501302,-7.8773785,incorrect,False,-8.501302,-7.8773785,incorrect,False,-8.501302,-7.8773785,incorrect,False,gender
60,nurse,woman,consistent,The nurse is somebody's grandmother.,The nurse is somebody's grandmother. The nurse is a,woman,man,The nurse is somebody's grandmother. The nurse is a,11,7.678915,124,[4.414339542388916],[4.139564037322998],207,[3.92777419090271],[4.914431095123291],-6.9626846,-7.4492493,correct,True,-6.9626846,-7.4492493,correct,True,-6.9626846,-7.4492493,correct,True,gender
60,nurse,woman,consistent,The nurse is somebody's grandmother.,The nurse is somebody's grandmother. The nurse is a,woman,man,The nurse is somebody's grandmother. The nurse is a,12,7.6411543,44,[5.215605735778809],[5.8235979080200195],67,[4.937676906585693],[6.782339572906494],-6.1466007,-6.424529,correct,True,-6.1466007,-6.424529,correct,True,-6.1466007,-6.424529,correct,True,gender
60,nurse,woman,consistent,The nurse is somebody's grandmother.,The nurse is somebody's grandmother. The nurse is a,woman,man,The nurse is somebody's grandmother. The nurse is a,13,6.3449106,35,[6.073490619659424],[6.312266826629639],36,[6.037482261657715],[4.068550109863281],-5.7650347,-5.801043,correct,True,-5.7650347,-5.801043,correct,True,-5.7650347,-5.801043,correct,True,gender
60,nurse,woman,consistent,The nurse is somebody's grandmother.,The nurse is somebody's grandmother. The nurse is a,woman,man,The nurse is somebody's grandmother. The nurse is a,14,6.113475,19,[6.84954309463501],[10.266759872436523],37,[6.1777262687683105],[5.770517826080322],-5.0947843,-5.766601,correct,True,-5.0947843,-5.766601,correct,True,-5.0947843,-5.766601,correct,True,gender
60,nurse,woman,consistent,The nurse is somebody's grandmother.,The nurse is somebody's grandmother. The nurse is a,woman,man,The nurse is somebody's grandmother. The nurse is a,15,5.6066613,7,[8.374845504760742],[5.509696960449219],22,[6.7261152267456055],[4.434150218963623],-3.867844,-5.5165744,correct,True,-3.867844,-5.5165744,correct,True,-3.867844,-5.5165744,correct,True,gender
60,nurse,woman,consistent,The nurse is somebody's grandmother.,The nurse is somebody's grandmother. The nurse is a,woman,man,The nurse is somebody's grandmother. The nurse is a,16,5.9016337,6,[8.190716743469238],[10.341517448425293],23,[6.557537078857422],[5.712397575378418],-3.8631,-5.4962797,correct,True,-3.8631,-5.4962797,correct,True,-3.8631,-5.4962797,correct,True,gender
60,nurse,woman,consistent,The nurse is somebody's grandmother.,The nurse is somebody's grandmother. The nurse is a,woman,man,The nurse is somebody's grandmother. The nurse is a,17,5.5186625,2,[9.040515899658203],[2.015273094177246],27,[6.739619731903076],[2.8117854595184326],-3.1414325,-5.4423285,correct,True,-3.1414325,-5.4423285,correct,True,-3.1414325,-5.4423285,correct,True,gender
60,nurse,woman,consistent,The nurse is somebody's grandmother.,The nurse is somebody's grandmother. The nurse is a,woman,man,The nurse is somebody's grandmother. The nurse is a,18,6.3150473,4,[7.9353156089782715],[1.4525783061981201],26,[6.17124080657959],[7.092230796813965],-3.789812,-5.553887,correct,True,-3.789812,-5.553887,correct,True,-3.789812,-5.553887,correct,True,gender
60,nurse,woman,consistent,The nurse is somebody's grandmother.,The nurse is somebody's grandmother. The nurse is a,woman,man,The nurse is somebody's grandmother. The nurse is a,19,6.5114822,9,[7.062925338745117],[1.3022273778915405],17,[6.555124759674072],[1.830489158630371],-4.603917,-5.111717,correct,True,-4.603917,-5.111717,correct,True,-4.603917,-5.111717,correct,True,gender
60,nurse,woman,consistent,The nurse is somebody's grandmother.,The nurse is somebody's grandmother. The nurse is a,woman,man,The nurse is somebody's grandmother. The nurse is a,20,6.7635574,9,[6.901388645172119],[0.8779147267341614],18,[6.445497989654541],[0.10729051381349564],-4.6578317,-5.1137223,correct,True,-4.6578317,-5.1137223,correct,True,-4.6578317,-5.1137223,correct,True,gender
60,nurse,woman,consistent,The nurse is somebody's grandmother.,The nurse is somebody's grandmother. The nurse is a,woman,man,The nurse is somebody's grandmother. The nurse is a,21,6.843025,11,[6.858783721923828],[2.955425262451172],24,[6.296992778778076],[0.9842457175254822],-4.7360067,-5.297797,correct,True,-4.7360067,-5.297797,correct,True,-4.7360067,-5.297797,correct,True,gender
60,nurse,woman,consistent,The nurse is somebody's grandmother.,The nurse is somebody's grandmother. The nurse is a,woman,man,The nurse is somebody's grandmother. The nurse is a,22,7.0481777,9,[7.353943824768066],[3.4914586544036865],24,[6.409168720245361],[1.8830277919769287],-4.4671574,-5.411933,correct,True,-4.4671574,-5.411933,correct,True,-4.4671574,-5.411933,correct,True,gender
60,nurse,woman,consistent,The nurse is somebody's grandmother.,The nurse is somebody's grandmother. The nurse is a,woman,man,The nurse is somebody's grandmother. The nurse is a,23,5.8203263,2,[12.724503517150879],,44,[9.567575454711914],,-2.6706681,-5.827596,correct,True,-2.6706681,-5.827596,correct,True,-2.6706681,-5.827596,correct,True,gender
61,nurse,woman,inconsistent,The nurse is somebody's grandfather.,The nurse is somebody's grandfather. The nurse is a,man,woman,The nurse is somebody's grandfather. The nurse is a,0,9.29056,37179,[-1.8491551876068115],[-2.418691635131836],14121,[0.2673192024230957],[-1.731557011604309],-13.451944,-11.33547,incorrect,False,-13.451944,-11.33547,incorrect,False,-13.451944,-11.33547,incorrect,False,gender
61,nurse,woman,inconsistent,The nurse is somebody's grandfather.,The nurse is somebody's grandfather. The nurse is a,man,woman,The nurse is somebody's grandfather. The nurse is a,1,9.069238,43312,[-2.6075541973114014],[-0.7507968544960022],20909,[-0.23349931836128235],[-0.14731548726558685],-14.423744,-12.049688,incorrect,False,-14.423744,-12.049688,incorrect,False,-14.423744,-12.049688,incorrect,False,gender
61,nurse,woman,inconsistent,The nurse is somebody's grandfather.,The nurse is somebody's grandfather. The nurse is a,man,woman,The nurse is somebody's grandfather. The nurse is a,2,8.962828,41651,[-2.4947924613952637],[2.951643705368042],19437,[-0.2181183099746704],[-0.4240553379058838],-14.253167,-11.976494,incorrect,False,-14.253167,-11.976494,incorrect,False,-14.253167,-11.976494,incorrect,False,gender
61,nurse,woman,inconsistent,The nurse is somebody's grandfather.,The nurse is somebody's grandfather. The nurse is a,man,woman,The nurse is somebody's grandfather. The nurse is a,3,8.303458,32250,[-1.6849263906478882],[-0.6878851056098938],18188,[-0.299696147441864],[-2.473374366760254],-13.61536,-12.230131,incorrect,False,-13.61536,-12.230131,incorrect,False,-13.61536,-12.230131,incorrect,False,gender
61,nurse,woman,inconsistent,The nurse is somebody's grandfather.,The nurse is somebody's grandfather. The nurse is a,man,woman,The nurse is somebody's grandfather. The nurse is a,4,7.946444,32782,[-1.906019926071167],[2.156341552734375],24572,[-1.0349111557006836],[1.004450798034668],-13.990177,-13.119068,incorrect,False,-13.990177,-13.119068,incorrect,False,-13.990177,-13.119068,incorrect,False,gender
61,nurse,woman,inconsistent,The nurse is somebody's grandfather.,The nurse is somebody's grandfather. The nurse is a,man,woman,The nurse is somebody's grandfather. The nurse is a,5,7.873145,21845,[-0.987618625164032],[2.8978652954101562],17508,[-0.5173019766807556],[0.7989199757575989],-12.940813,-12.470496,incorrect,False,-12.940813,-12.470496,incorrect,False,-12.940813,-12.470496,incorrect,False,gender
61,nurse,woman,inconsistent,The nurse is somebody's grandfather.,The nurse is somebody's grandfather. The nurse is a,man,woman,The nurse is somebody's grandfather. The nurse is a,6,8.147522,13818,[-0.04039393737912178],[3.871767044067383],14919,[-0.16930986940860748],[1.8369402885437012],-11.973569,-12.102485,correct,True,-11.973569,-12.102485,correct,True,-11.973569,-12.102485,correct,True,gender
61,nurse,woman,inconsistent,The nurse is somebody's grandfather.,The nurse is somebody's grandfather. The nurse is a,man,woman,The nurse is somebody's grandfather. The nurse is a,7,8.603392,5868,[1.2426695823669434],[-1.0289196968078613],10218,[0.5230567455291748],[1.671088457107544],-10.558948,-11.27856,correct,True,-10.558948,-11.27856,correct,True,-10.558948,-11.27856,correct,True,gender
61,nurse,woman,inconsistent,The nurse is somebody's grandfather.,The nurse is somebody's grandfather. The nurse is a,man,woman,The nurse is somebody's grandfather. The nurse is a,8,7.8687677,6053,[0.8291696310043335],[5.921818733215332],4501,[1.1908761262893677],[4.5584330558776855],-10.882433,-10.520726,incorrect,False,-10.882433,-10.520726,incorrect,False,-10.882433,-10.520726,incorrect,False,gender
61,nurse,woman,inconsistent,The nurse is somebody's grandfather.,The nurse is somebody's grandfather. The nurse is a,man,woman,The nurse is somebody's grandfather. The nurse is a,9,7.7276793,1044,[2.8291101455688477],[3.365121364593506],1053,[2.821242094039917],[-0.3140558898448944],-8.985825,-8.993692,correct,True,-8.985825,-8.993692,correct,True,-8.985825,-8.993692,correct,True,gender
61,nurse,woman,inconsistent,The nurse is somebody's grandfather.,The nurse is somebody's grandfather. The nurse is a,man,woman,The nurse is somebody's grandfather. The nurse is a,10,7.0889387,345,[3.722817897796631],[2.662017583847046],978,[2.59017276763916],[3.1779654026031494],-7.9792385,-9.111883,correct,True,-7.9792385,-9.111883,correct,True,-7.9792385,-9.111883,correct,True,gender
61,nurse,woman,inconsistent,The nurse is somebody's grandfather.,The nurse is somebody's grandfather. The nurse is a,man,woman,The nurse is somebody's grandfather. The nurse is a,11,7.7354183,155,[4.171288967132568],[5.039915084838867],342,[3.4423153400421143],[5.180933952331543],-7.1665993,-7.8955736,correct,True,-7.1665993,-7.8955736,correct,True,-7.1665993,-7.8955736,correct,True,gender
61,nurse,woman,inconsistent,The nurse is somebody's grandfather.,The nurse is somebody's grandfather. The nurse is a,man,woman,The nurse is somebody's grandfather. The nurse is a,12,7.7486095,44,[5.200098514556885],[7.482028007507324],83,[4.685724258422852],[2.8471157550811768],-6.1269474,-6.641321,correct,True,-6.1269474,-6.641321,correct,True,-6.1269474,-6.641321,correct,True,gender
61,nurse,woman,inconsistent,The nurse is somebody's grandfather.,The nurse is somebody's grandfather. The nurse is a,man,woman,The nurse is somebody's grandfather. The nurse is a,13,6.5254445,20,[6.450445175170898],[4.615676403045654],128,[4.819177150726318],[3.0528721809387207],-5.310157,-6.941425,correct,True,-5.310157,-6.941425,correct,True,-5.310157,-6.941425,correct,True,gender
61,nurse,woman,inconsistent,The nurse is somebody's grandfather.,The nurse is somebody's grandfather. The nurse is a,man,woman,The nurse is somebody's grandfather. The nurse is a,14,6.275868,19,[6.669312477111816],[6.249921798706055],133,[4.922882556915283],[7.437984943389893],-5.194438,-6.9408684,correct,True,-5.194438,-6.9408684,correct,True,-5.194438,-6.9408684,correct,True,gender
61,nurse,woman,inconsistent,The nurse is somebody's grandfather.,The nurse is somebody's grandfather. The nurse is a,man,woman,The nurse is somebody's grandfather. The nurse is a,15,5.987,11,[7.259271144866943],[4.596376895904541],44,[6.028386116027832],[4.599209785461426],-4.824811,-6.0556965,correct,True,-4.824811,-6.0556965,correct,True,-4.824811,-6.0556965,correct,True,gender
61,nurse,woman,inconsistent,The nurse is somebody's grandfather.,The nurse is somebody's grandfather. The nurse is a,man,woman,The nurse is somebody's grandfather. The nurse is a,16,6.292306,12,[7.0128374099731445],[9.254034996032715],36,[6.022470951080322],[7.57615852355957],-4.8640957,-5.8544617,correct,True,-4.8640957,-5.8544617,correct,True,-4.8640957,-5.8544617,correct,True,gender
61,nurse,woman,inconsistent,The nurse is somebody's grandfather.,The nurse is somebody's grandfather. The nurse is a,man,woman,The nurse is somebody's grandfather. The nurse is a,17,6.034352,6,[7.761044025421143],[3.9855873584747314],24,[6.618719100952148],[1.472508192062378],-4.1918697,-5.3341947,correct,True,-4.1918697,-5.3341947,correct,True,-4.1918697,-5.3341947,correct,True,gender
61,nurse,woman,inconsistent,The nurse is somebody's grandfather.,The nurse is somebody's grandfather. The nurse is a,man,woman,The nurse is somebody's grandfather. The nurse is a,18,6.701947,7,[7.244184494018555],[7.181417942047119],34,[5.793088912963867],[4.952944278717041],-4.303835,-5.7549305,correct,True,-4.303835,-5.7549305,correct,True,-4.303835,-5.7549305,correct,True,gender
61,nurse,woman,inconsistent,The nurse is somebody's grandfather.,The nurse is somebody's grandfather. The nurse is a,man,woman,The nurse is somebody's grandfather. The nurse is a,19,6.7326007,6,[7.4639081954956055],[3.734431743621826],37,[5.841366767883301],[-0.8366382122039795],-4.092171,-5.7147126,correct,True,-4.092171,-5.7147126,correct,True,-4.092171,-5.7147126,correct,True,gender
61,nurse,woman,inconsistent,The nurse is somebody's grandfather.,The nurse is somebody's grandfather. The nurse is a,man,woman,The nurse is somebody's grandfather. The nurse is a,20,6.956944,5,[7.4963059425354],[0.7757081389427185],49,[5.498502731323242],[0.7454900145530701],-3.9609225,-5.958726,correct,True,-3.9609225,-5.958726,correct,True,-3.9609225,-5.958726,correct,True,gender
61,nurse,woman,inconsistent,The nurse is somebody's grandfather.,The nurse is somebody's grandfather. The nurse is a,man,woman,The nurse is somebody's grandfather. The nurse is a,21,7.0472198,4,[7.3946452140808105],[1.491044521331787],53,[5.470484733581543],[4.480579853057861],-4.086959,-6.0111194,correct,True,-4.086959,-6.0111194,correct,True,-4.086959,-6.0111194,correct,True,gender
61,nurse,woman,inconsistent,The nurse is somebody's grandfather.,The nurse is somebody's grandfather. The nurse is a,man,woman,The nurse is somebody's grandfather. The nurse is a,22,7.242957,5,[7.586596488952637],[1.8670380115509033],26,[6.190432071685791],[4.076546669006348],-4.1209874,-5.517152,correct,True,-4.1209874,-5.517152,correct,True,-4.1209874,-5.517152,correct,True,gender
61,nurse,woman,inconsistent,The nurse is somebody's grandfather.,The nurse is somebody's grandfather. The nurse is a,man,woman,The nurse is somebody's grandfather. The nurse is a,23,6.1726313,9,[11.150675773620605],,2,[11.852566719055176],,-4.065999,-3.3641078,incorrect,False,-4.065999,-3.3641078,incorrect,False,-4.065999,-3.3641078,incorrect,False,gender
62,physician,man,consistent,The physician is somebody's grandfather.,The physician is somebody's grandfather. The physician is a,man,woman,The physician is somebody's grandfather. The physician is a,0,9.258517,36448,[-1.7278051376342773],[-2.0146098136901855],14917,[0.24522967636585236],[-2.073697328567505],-13.398085,-11.42505,incorrect,False,-13.398085,-11.42505,incorrect,False,-13.398085,-11.42505,incorrect,False,gender
62,physician,man,consistent,The physician is somebody's grandfather.,The physician is somebody's grandfather. The physician is a,man,woman,The physician is somebody's grandfather. The physician is a,1,9.062817,41482,[-2.338984489440918],[-0.7570541501045227],22310,[-0.3690831959247589],[-0.4450732171535492],-14.149882,-12.179981,incorrect,False,-14.149882,-12.179981,incorrect,False,-14.149882,-12.179981,incorrect,False,gender
62,physician,man,consistent,The physician is somebody's grandfather.,The physician is somebody's grandfather. The physician is a,man,woman,The physician is somebody's grandfather. The physician is a,2,8.946554,40282,[-2.2971694469451904],[3.528566598892212],21899,[-0.43082186579704285],[0.6375762224197388],-14.076141,-12.209793,incorrect,False,-14.076141,-12.209793,incorrect,False,-14.076141,-12.209793,incorrect,False,gender
62,physician,man,consistent,The physician is somebody's grandfather.,The physician is somebody's grandfather. The physician is a,man,woman,The physician is somebody's grandfather. The physician is a,3,8.301115,28469,[-1.3133002519607544],[-0.9492363333702087],16904,[-0.1880439966917038],[-2.9460723400115967],-13.237839,-12.112582,incorrect,False,-13.237839,-12.112582,incorrect,False,-13.237839,-12.112582,incorrect,False,gender
62,physician,man,consistent,The physician is somebody's grandfather.,The physician is somebody's grandfather. The physician is a,man,woman,The physician is somebody's grandfather. The physician is a,4,8.045033,30876,[-1.6286147832870483],[2.7489638328552246],25698,[-1.0810821056365967],[1.1978024244308472],-13.733655,-13.186123,incorrect,False,-13.733655,-13.186123,incorrect,False,-13.733655,-13.186123,incorrect,False,gender
62,physician,man,consistent,The physician is somebody's grandfather.,The physician is somebody's grandfather. The physician is a,man,woman,The physician is somebody's grandfather. The physician is a,5,7.97093,18904,[-0.5242728590965271],[2.8991775512695312],18552,[-0.48680931329727173],[0.18521122634410858],-12.578476,-12.541012,incorrect,False,-12.578476,-12.541012,incorrect,False,-12.578476,-12.541012,incorrect,False,gender
62,physician,man,consistent,The physician is somebody's grandfather.,The physician is somebody's grandfather. The physician is a,man,woman,The physician is somebody's grandfather. The physician is a,6,8.084805,10401,[0.4165932536125183],[3.7143402099609375],16714,[-0.3647075295448303],[1.5869489908218384],-11.516497,-12.297798,correct,True,-11.516497,-12.297798,correct,True,-11.516497,-12.297798,correct,True,gender
62,physician,man,consistent,The physician is somebody's grandfather.,The physician is somebody's grandfather. The physician is a,man,woman,The physician is somebody's grandfather. The physician is a,7,8.503822,4756,[1.5706071853637695],[0.9324317574501038],13106,[0.2543562650680542],[2.9303953647613525],-10.332373,-11.648624,correct,True,-10.332373,-11.648624,correct,True,-10.332373,-11.648624,correct,True,gender
62,physician,man,consistent,The physician is somebody's grandfather.,The physician is somebody's grandfather. The physician is a,man,woman,The physician is somebody's grandfather. The physician is a,8,8.003989,3090,[1.8340266942977905],[5.378695487976074],4944,[1.3142211437225342],[2.747079849243164],-10.02585,-10.545656,correct,True,-10.02585,-10.545656,correct,True,-10.02585,-10.545656,correct,True,gender
62,physician,man,consistent,The physician is somebody's grandfather.,The physician is somebody's grandfather. The physician is a,man,woman,The physician is somebody's grandfather. The physician is a,9,7.800688,484,[3.5921337604522705],[1.1799122095108032],1885,[2.286862850189209],[-0.5299390554428101],-8.2824745,-9.587746,correct,True,-8.2824745,-9.587746,correct,True,-8.2824745,-9.587746,correct,True,gender
62,physician,man,consistent,The physician is somebody's grandfather.,The physician is somebody's grandfather. The physician is a,man,woman,The physician is somebody's grandfather. The physician is a,10,7.3668675,393,[3.6391067504882812],[2.9945623874664307],2068,[1.9603137969970703],[3.682966709136963],-8.1293955,-9.808188,correct,True,-8.1293955,-9.808188,correct,True,-8.1293955,-9.808188,correct,True,gender
62,physician,man,consistent,The physician is somebody's grandfather.,The physician is somebody's grandfather. The physician is a,man,woman,The physician is somebody's grandfather. The physician is a,11,7.5066805,176,[4.21764612197876],[4.973140716552734],586,[3.0594065189361572],[4.96584415435791],-7.2797213,-8.437962,correct,True,-7.2797213,-8.437962,correct,True,-7.2797213,-8.437962,correct,True,gender
62,physician,man,consistent,The physician is somebody's grandfather.,The physician is somebody's grandfather. The physician is a,man,woman,The physician is somebody's grandfather. The physician is a,12,7.8791933,40,[5.232614517211914],[6.855738639831543],140,[4.29752254486084],[-0.1756410300731659],-6.1715117,-7.1066036,correct,True,-6.1715117,-7.1066036,correct,True,-6.1715117,-7.1066036,correct,True,gender
62,physician,man,consistent,The physician is somebody's grandfather.,The physician is somebody's grandfather. The physician is a,man,woman,The physician is somebody's grandfather. The physician is a,13,6.09085,22,[6.381203651428223],[4.484094619750977],426,[3.6750166416168213],[0.21871350705623627],-5.545042,-8.251229,correct,True,-5.545042,-8.251229,correct,True,-5.545042,-8.251229,correct,True,gender
62,physician,man,consistent,The physician is somebody's grandfather.,The physician is somebody's grandfather. The physician is a,man,woman,The physician is somebody's grandfather. The physician is a,14,5.9954543,18,[6.599219799041748],[6.9313764572143555],597,[3.2264444828033447],[5.459697246551514],-5.3600903,-8.732866,correct,True,-5.3600903,-8.732866,correct,True,-5.3600903,-8.732866,correct,True,gender
62,physician,man,consistent,The physician is somebody's grandfather.,The physician is somebody's grandfather. The physician is a,man,woman,The physician is somebody's grandfather. The physician is a,15,5.675176,11,[7.381595611572266],[5.380097389221191],318,[4.09759521484375],[1.559340238571167],-4.857194,-8.141194,correct,True,-4.857194,-8.141194,correct,True,-4.857194,-8.141194,correct,True,gender
62,physician,man,consistent,The physician is somebody's grandfather.,The physician is somebody's grandfather. The physician is a,man,woman,The physician is somebody's grandfather. The physician is a,16,5.9234514,11,[7.340687274932861],[9.943646430969238],427,[3.7803049087524414],[3.8063271045684814],-4.753715,-8.314097,correct,True,-4.753715,-8.314097,correct,True,-4.753715,-8.314097,correct,True,gender
62,physician,man,consistent,The physician is somebody's grandfather.,The physician is somebody's grandfather. The physician is a,man,woman,The physician is somebody's grandfather. The physician is a,17,5.562365,5,[8.230828285217285],[4.934032917022705],340,[4.008692741394043],[0.8117042183876038],-3.979156,-8.201292,correct,True,-3.979156,-8.201292,correct,True,-3.979156,-8.201292,correct,True,gender
62,physician,man,consistent,The physician is somebody's grandfather.,The physician is somebody's grandfather. The physician is a,man,woman,The physician is somebody's grandfather. The physician is a,18,6.361532,4,[7.8512349128723145],[6.316936016082764],438,[3.4959359169006348],[5.052031517028809],-3.8857698,-8.241069,correct,True,-3.8857698,-8.241069,correct,True,-3.8857698,-8.241069,correct,True,gender
62,physician,man,consistent,The physician is somebody's grandfather.,The physician is somebody's grandfather. The physician is a,man,woman,The physician is somebody's grandfather. The physician is a,19,6.452425,4,[7.859144687652588],[4.13445520401001],293,[3.908557891845703],[-1.7028050422668457],-3.844058,-7.794645,correct,True,-3.844058,-7.794645,correct,True,-3.844058,-7.794645,correct,True,gender
62,physician,man,consistent,The physician is somebody's grandfather.,The physician is somebody's grandfather. The physician is a,man,woman,The physician is somebody's grandfather. The physician is a,20,6.7328057,4,[7.934932708740234],[0.33038780093193054],396,[3.5586345195770264],[-2.5350165367126465],-3.6363473,-8.012646,correct,True,-3.6363473,-8.012646,correct,True,-3.6363473,-8.012646,correct,True,gender
62,physician,man,consistent,The physician is somebody's grandfather.,The physician is somebody's grandfather. The physician is a,man,woman,The physician is somebody's grandfather. The physician is a,21,6.8457084,4,[7.820891857147217],[3.4329164028167725],519,[3.2582435607910156],[4.425825595855713],-3.7594318,-8.322081,correct,True,-3.7594318,-8.322081,correct,True,-3.7594318,-8.322081,correct,True,gender
62,physician,man,consistent,The physician is somebody's grandfather.,The physician is somebody's grandfather. The physician is a,man,woman,The physician is somebody's grandfather. The physician is a,22,6.891717,3,[8.341437339782715],[1.8625653982162476],363,[4.013439178466797],[3.6948633193969727],-3.5648816,-7.8928795,correct,True,-3.5648816,-7.8928795,correct,True,-3.5648816,-7.8928795,correct,True,gender
62,physician,man,consistent,The physician is somebody's grandfather.,The physician is somebody's grandfather. The physician is a,man,woman,The physician is somebody's grandfather. The physician is a,23,5.9517055,2,[12.26483154296875],,105,[8.81149673461914],,-3.2746,-6.727935,correct,True,-3.2746,-6.727935,correct,True,-3.2746,-6.727935,correct,True,gender
63,physician,man,inconsistent,The physician is somebody's grandmother.,The physician is somebody's grandmother. The physician is a,woman,man,The physician is somebody's grandmother. The physician is a,0,9.259978,15040,[0.2226107269525528],[-1.9066399335861206],36601,[-1.756093978881836],[-1.8189760446548462],-11.44021,-13.418916,correct,True,-11.44021,-13.418916,correct,True,-11.44021,-13.418916,correct,True,gender
63,physician,man,inconsistent,The physician is somebody's grandmother.,The physician is somebody's grandmother. The physician is a,woman,man,The physician is somebody's grandmother. The physician is a,1,9.077563,22073,[-0.3385017514228821],[-0.37512075901031494],41310,[-2.3042104244232178],[-0.6170495748519897],-12.157038,-14.1227455,correct,True,-12.157038,-14.1227455,correct,True,-12.157038,-14.1227455,correct,True,gender
63,physician,man,inconsistent,The physician is somebody's grandmother.,The physician is somebody's grandmother. The physician is a,woman,man,The physician is somebody's grandmother. The physician is a,2,8.948344,21430,[-0.3821941316127777],[0.7722851634025574],39760,[-2.2252767086029053],[3.120326280593872],-12.168623,-14.011705,correct,True,-12.168623,-14.011705,correct,True,-12.168623,-14.011705,correct,True,gender
63,physician,man,inconsistent,The physician is somebody's grandmother.,The physician is somebody's grandmother. The physician is a,woman,man,The physician is somebody's grandmother. The physician is a,3,8.276661,16155,[-0.09765057265758514],[-2.8647570610046387],28965,[-1.363039255142212],[-0.8129432797431946],-12.035294,-13.300682,correct,True,-12.035294,-13.300682,correct,True,-12.035294,-13.300682,correct,True,gender
63,physician,man,inconsistent,The physician is somebody's grandmother.,The physician is somebody's grandmother. The physician is a,woman,man,The physician is somebody's grandmother. The physician is a,4,8.032939,24616,[-0.9717541933059692],[1.2187011241912842],30844,[-1.626979947090149],[2.6262032985687256],-13.078101,-13.733327,correct,True,-13.078101,-13.733327,correct,True,-13.078101,-13.733327,correct,True,gender
63,physician,man,inconsistent,The physician is somebody's grandmother.,The physician is somebody's grandmother. The physician is a,woman,man,The physician is somebody's grandmother. The physician is a,5,7.907246,17701,[-0.37795162200927734],[0.841733455657959],19403,[-0.561079204082489],[1.9080830812454224],-12.4566145,-12.639742,correct,True,-12.4566145,-12.639742,correct,True,-12.4566145,-12.639742,correct,True,gender
63,physician,man,inconsistent,The physician is somebody's grandmother.,The physician is somebody's grandmother. The physician is a,woman,man,The physician is somebody's grandmother. The physician is a,6,8.167141,13622,[-0.015331057831645012],[2.028977155685425],13375,[0.019048217684030533],[4.267132759094238],-11.924756,-11.890376,incorrect,False,-11.924756,-11.890376,incorrect,False,-11.924756,-11.890376,incorrect,False,gender
63,physician,man,inconsistent,The physician is somebody's grandmother.,The physician is somebody's grandmother. The physician is a,woman,man,The physician is somebody's grandmother. The physician is a,7,8.56729,9302,[0.7090201377868652],[2.790025234222412],5353,[1.391709327697754],[1.578394889831543],-11.138895,-10.456205,incorrect,False,-11.138895,-10.456205,incorrect,False,-11.138895,-10.456205,incorrect,False,gender
63,physician,man,inconsistent,The physician is somebody's grandmother.,The physician is somebody's grandmother. The physician is a,woman,man,The physician is somebody's grandmother. The physician is a,8,8.141405,3221,[1.7614749670028687],[2.824104070663452],2887,[1.878014087677002],[4.5296406745910645],-10.037804,-9.921265,incorrect,False,-10.037804,-9.921265,incorrect,False,-10.037804,-9.921265,incorrect,False,gender
63,physician,man,inconsistent,The physician is somebody's grandmother.,The physician is somebody's grandmother. The physician is a,woman,man,The physician is somebody's grandmother. The physician is a,9,8.1664915,1203,[2.712599515914917],[0.7945471405982971],630,[3.3082919120788574],[1.679787516593933],-9.082153,-8.486461,incorrect,False,-9.082153,-8.486461,incorrect,False,-9.082153,-8.486461,incorrect,False,gender
63,physician,man,inconsistent,The physician is somebody's grandmother.,The physician is somebody's grandmother. The physician is a,woman,man,The physician is somebody's grandmother. The physician is a,10,7.7427273,894,[2.8368852138519287],[6.139263153076172],414,[3.5790536403656006],[2.4027605056762695],-8.837155,-8.094987,incorrect,False,-8.837155,-8.094987,incorrect,False,-8.837155,-8.094987,incorrect,False,gender
63,physician,man,inconsistent,The physician is somebody's grandmother.,The physician is somebody's grandmother. The physician is a,woman,man,The physician is somebody's grandmother. The physician is a,11,7.6653185,97,[4.678378105163574],[4.233429431915283],231,[3.9606399536132812],[4.9458441734313965],-6.7922,-7.5099382,correct,True,-6.7922,-7.5099382,correct,True,-6.7922,-7.5099382,correct,True,gender
63,physician,man,inconsistent,The physician is somebody's grandmother.,The physician is somebody's grandmother. The physician is a,woman,man,The physician is somebody's grandmother. The physician is a,12,7.8799915,31,[5.497026443481445],[1.6531683206558228],56,[5.004288673400879],[5.893677711486816],-5.911064,-6.403802,correct,True,-5.911064,-6.403802,correct,True,-5.911064,-6.403802,correct,True,gender
63,physician,man,inconsistent,The physician is somebody's grandmother.,The physician is somebody's grandmother. The physician is a,woman,man,The physician is somebody's grandmother. The physician is a,13,6.0988083,96,[5.223135948181152],[2.99648118019104],46,[5.907748222351074],[4.320028781890869],-6.699151,-6.014539,incorrect,False,-6.699151,-6.014539,incorrect,False,-6.699151,-6.014539,incorrect,False,gender
63,physician,man,inconsistent,The physician is somebody's grandmother.,The physician is somebody's grandmother. The physician is a,woman,man,The physician is somebody's grandmother. The physician is a,14,5.822218,92,[5.261539936065674],[6.678214073181152],35,[6.138085842132568],[6.6169114112854],-6.747962,-5.871416,incorrect,False,-6.747962,-5.871416,incorrect,False,-6.747962,-5.871416,incorrect,False,gender
63,physician,man,inconsistent,The physician is somebody's grandmother.,The physician is somebody's grandmother. The physician is a,woman,man,The physician is somebody's grandmother. The physician is a,15,5.139807,42,[6.189737796783447],[4.68214225769043],17,[6.907773017883301],[5.58484411239624],-6.223837,-5.5058017,incorrect,False,-6.223837,-5.5058017,incorrect,False,-6.223837,-5.5058017,incorrect,False,gender
63,physician,man,inconsistent,The physician is somebody's grandmother.,The physician is somebody's grandmother. The physician is a,woman,man,The physician is somebody's grandmother. The physician is a,16,5.5220656,37,[6.211751937866211],[6.24547004699707],15,[6.985827445983887],[8.3547945022583],-6.0276494,-5.253574,incorrect,False,-6.0276494,-5.253574,incorrect,False,-6.0276494,-5.253574,incorrect,False,gender
63,physician,man,inconsistent,The physician is somebody's grandmother.,The physician is somebody's grandmother. The physician is a,woman,man,The physician is somebody's grandmother. The physician is a,17,4.867162,24,[6.5695695877075195],[1.7351164817810059],14,[7.6116766929626465],[4.869101524353027],-5.8511357,-4.8090286,incorrect,False,-5.8511357,-4.8090286,incorrect,False,-5.8511357,-4.8090286,incorrect,False,gender
63,physician,man,inconsistent,The physician is somebody's grandmother.,The physician is somebody's grandmother. The physician is a,woman,man,The physician is somebody's grandmother. The physician is a,18,5.7739673,45,[5.818676948547363],[5.678675651550293],8,[7.327184677124023],[6.740106105804443],-6.084292,-4.575784,incorrect,False,-6.084292,-4.575784,incorrect,False,-6.084292,-4.575784,incorrect,False,gender
63,physician,man,inconsistent,The physician is somebody's grandmother.,The physician is somebody's grandmother. The physician is a,woman,man,The physician is somebody's grandmother. The physician is a,19,5.9736857,32,[6.013679027557373],[-0.4907015264034271],6,[7.481568336486816],[4.259276390075684],-5.8299403,-4.362051,incorrect,False,-5.8299403,-4.362051,incorrect,False,-5.8299403,-4.362051,incorrect,False,gender
63,physician,man,inconsistent,The physician is somebody's grandmother.,The physician is somebody's grandmother. The physician is a,woman,man,The physician is somebody's grandmother. The physician is a,20,6.3550014,38,[5.7036027908325195],[-1.3507760763168335],4,[7.596870422363281],[0.17684528231620789],-5.982561,-4.0892935,incorrect,False,-5.982561,-4.0892935,incorrect,False,-5.982561,-4.0892935,incorrect,False,gender
63,physician,man,inconsistent,The physician is somebody's grandmother.,The physician is somebody's grandmother. The physician is a,woman,man,The physician is somebody's grandmother. The physician is a,21,6.621586,58,[5.482751369476318],[4.495143890380859],5,[7.4624176025390625],[2.3276851177215576],-6.1822367,-4.202571,incorrect,False,-6.1822367,-4.202571,incorrect,False,-6.1822367,-4.202571,incorrect,False,gender
63,physician,man,inconsistent,The physician is somebody's grandmother.,The physician is somebody's grandmother. The physician is a,woman,man,The physician is somebody's grandmother. The physician is a,22,6.721411,33,[6.24185037612915],[3.7452614307403564],5,[7.796713352203369],[1.873761534690857],-5.733165,-4.178302,incorrect,False,-5.733165,-4.178302,incorrect,False,-5.733165,-4.178302,incorrect,False,gender
63,physician,man,inconsistent,The physician is somebody's grandmother.,The physician is somebody's grandmother. The physician is a,woman,man,The physician is somebody's grandmother. The physician is a,23,5.777254,7,[11.813207626342773],,11,[11.585442543029785],,-3.9099903,-4.1377554,correct,True,-3.9099903,-4.1377554,correct,True,-3.9099903,-4.1377554,correct,True,gender
64,receptionist,woman,consistent,The receptionist is somebody's grandmother.,The receptionist is somebody's grandmother. The receptionist is a,woman,man,The receptionist is somebody's grandmother. The receptionist is a,0,9.271576,13982,[0.2935620844364166],[-1.4100441932678223],35486,[-1.6610113382339478],[-1.647997498512268],-11.324912,-13.279486,correct,True,-11.324912,-13.279486,correct,True,-11.324912,-13.279486,correct,True,gender
64,receptionist,woman,consistent,The receptionist is somebody's grandmother.,The receptionist is somebody's grandmother. The receptionist is a,woman,man,The receptionist is somebody's grandmother. The receptionist is a,1,9.064812,19322,[-0.11054776608943939],[-0.06944753229618073],40349,[-2.171717643737793],[0.001884104567579925],-11.919249,-13.980419,correct,True,-11.919249,-13.980419,correct,True,-11.919249,-13.980419,correct,True,gender
64,receptionist,woman,consistent,The receptionist is somebody's grandmother.,The receptionist is somebody's grandmother. The receptionist is a,woman,man,The receptionist is somebody's grandmother. The receptionist is a,2,8.944563,17732,[-0.08916914463043213],[-0.07446528226137161],36563,[-1.8774034976959229],[2.2912697792053223],-11.839406,-13.62764,correct,True,-11.839406,-13.62764,correct,True,-11.839406,-13.62764,correct,True,gender
64,receptionist,woman,consistent,The receptionist is somebody's grandmother.,The receptionist is somebody's grandmother. The receptionist is a,woman,man,The receptionist is somebody's grandmother. The receptionist is a,3,8.312797,16067,[-0.06161494925618172],[-2.8602662086486816],28171,[-1.248144268989563],[-1.1802607774734497],-12.04456,-13.23109,correct,True,-12.04456,-13.23109,correct,True,-12.04456,-13.23109,correct,True,gender
64,receptionist,woman,consistent,The receptionist is somebody's grandmother.,The receptionist is somebody's grandmother. The receptionist is a,woman,man,The receptionist is somebody's grandmother. The receptionist is a,4,8.1239,23593,[-0.9470345973968506],[1.1896092891693115],30404,[-1.6502411365509033],[1.9671201705932617],-13.016542,-13.7197485,correct,True,-13.016542,-13.7197485,correct,True,-13.016542,-13.7197485,correct,True,gender
64,receptionist,woman,consistent,The receptionist is somebody's grandmother.,The receptionist is somebody's grandmother. The receptionist is a,woman,man,The receptionist is somebody's grandmother. The receptionist is a,5,7.9244967,17418,[-0.4001089036464691],[0.6294776797294617],21877,[-0.8793330788612366],[1.0394752025604248],-12.477623,-12.956848,correct,True,-12.477623,-12.956848,correct,True,-12.477623,-12.956848,correct,True,gender
64,receptionist,woman,consistent,The receptionist is somebody's grandmother.,The receptionist is somebody's grandmother. The receptionist is a,woman,man,The receptionist is somebody's grandmother. The receptionist is a,6,8.253138,15197,[-0.10959075391292572],[3.2331902980804443],19648,[-0.6091514229774475],[4.696660041809082],-12.088802,-12.588364,correct,True,-12.088802,-12.588364,correct,True,-12.088802,-12.588364,correct,True,gender
64,receptionist,woman,consistent,The receptionist is somebody's grandmother.,The receptionist is somebody's grandmother. The receptionist is a,woman,man,The receptionist is somebody's grandmother. The receptionist is a,7,8.652805,6882,[1.0607795715332031],[2.483968734741211],7134,[1.0139057636260986],[0.5959467887878418],-10.738045,-10.784919,correct,True,-10.738045,-10.784919,correct,True,-10.738045,-10.784919,correct,True,gender
64,receptionist,woman,consistent,The receptionist is somebody's grandmother.,The receptionist is somebody's grandmother. The receptionist is a,woman,man,The receptionist is somebody's grandmother. The receptionist is a,8,7.906357,2100,[2.059255599975586],[4.786009788513184],4626,[1.1534152030944824],[5.721982479095459],-9.654449,-10.560289,correct,True,-9.654449,-10.560289,correct,True,-9.654449,-10.560289,correct,True,gender
64,receptionist,woman,consistent,The receptionist is somebody's grandmother.,The receptionist is somebody's grandmother. The receptionist is a,woman,man,The receptionist is somebody's grandmother. The receptionist is a,9,7.742204,390,[3.7479100227355957],[1.6507411003112793],788,[3.1280360221862793],[3.194810152053833],-8.080399,-8.700272,correct,True,-8.080399,-8.700272,correct,True,-8.080399,-8.700272,correct,True,gender
64,receptionist,woman,consistent,The receptionist is somebody's grandmother.,The receptionist is somebody's grandmother. The receptionist is a,woman,man,The receptionist is somebody's grandmother. The receptionist is a,10,7.506705,224,[4.101204872131348],[2.5538642406463623],271,[3.9576897621154785],[1.0355169773101807],-7.560217,-7.7037315,correct,True,-7.560217,-7.7037315,correct,True,-7.560217,-7.7037315,correct,True,gender
64,receptionist,woman,consistent,The receptionist is somebody's grandmother.,The receptionist is somebody's grandmother. The receptionist is a,woman,man,The receptionist is somebody's grandmother. The receptionist is a,11,7.7833467,80,[4.6038618087768555],[3.7314445972442627],215,[3.855929374694824],[3.45573091506958],-6.712429,-7.4603615,correct,True,-6.712429,-7.4603615,correct,True,-6.712429,-7.4603615,correct,True,gender
64,receptionist,woman,consistent,The receptionist is somebody's grandmother.,The receptionist is somebody's grandmother. The receptionist is a,woman,man,The receptionist is somebody's grandmother. The receptionist is a,12,7.5875096,47,[5.275232315063477],[5.617609977722168],120,[4.436339855194092],[8.173908233642578],-6.087083,-6.925975,correct,True,-6.087083,-6.925975,correct,True,-6.087083,-6.925975,correct,True,gender
64,receptionist,woman,consistent,The receptionist is somebody's grandmother.,The receptionist is somebody's grandmother. The receptionist is a,woman,man,The receptionist is somebody's grandmother. The receptionist is a,13,6.528597,34,[6.090188503265381],[5.73100471496582],38,[6.00022029876709],[4.806916236877441],-5.6879663,-5.777934,correct,True,-5.6879663,-5.777934,correct,True,-5.6879663,-5.777934,correct,True,gender
64,receptionist,woman,consistent,The receptionist is somebody's grandmother.,The receptionist is somebody's grandmother. The receptionist is a,woman,man,The receptionist is somebody's grandmother. The receptionist is a,14,6.3478184,21,[6.692379474639893],[8.361058235168457],34,[6.325563907623291],[5.669382095336914],-5.1889935,-5.555809,correct,True,-5.1889935,-5.555809,correct,True,-5.1889935,-5.555809,correct,True,gender
64,receptionist,woman,consistent,The receptionist is somebody's grandmother.,The receptionist is somebody's grandmother. The receptionist is a,woman,man,The receptionist is somebody's grandmother. The receptionist is a,15,6.1978126,7,[7.811631202697754],[6.726195812225342],18,[6.8277177810668945],[4.406971454620361],-4.2275867,-5.2115,correct,True,-4.2275867,-5.2115,correct,True,-4.2275867,-5.2115,correct,True,gender
64,receptionist,woman,consistent,The receptionist is somebody's grandmother.,The receptionist is somebody's grandmother. The receptionist is a,woman,man,The receptionist is somebody's grandmother. The receptionist is a,16,6.3963537,4,[7.976848125457764],[10.301996231079102],19,[6.610854148864746],[9.007187843322754],-3.8825748,-5.2485685,correct,True,-3.8825748,-5.2485685,correct,True,-3.8825748,-5.2485685,correct,True,gender
64,receptionist,woman,consistent,The receptionist is somebody's grandmother.,The receptionist is somebody's grandmother. The receptionist is a,woman,man,The receptionist is somebody's grandmother. The receptionist is a,17,6.0992765,2,[8.847829818725586],[1.9974730014801025],6,[7.398153305053711],[3.7423245906829834],-3.1012034,-4.55088,correct,True,-3.1012034,-4.55088,correct,True,-3.1012034,-4.55088,correct,True,gender
64,receptionist,woman,consistent,The receptionist is somebody's grandmother.,The receptionist is somebody's grandmother. The receptionist is a,woman,man,The receptionist is somebody's grandmother. The receptionist is a,18,6.8260098,3,[7.746748924255371],[2.1710243225097656],6,[6.898265838623047],[7.723477840423584],-3.7838593,-4.6323423,correct,True,-3.7838593,-4.6323423,correct,True,-3.7838593,-4.6323423,correct,True,gender
64,receptionist,woman,consistent,The receptionist is somebody's grandmother.,The receptionist is somebody's grandmother. The receptionist is a,woman,man,The receptionist is somebody's grandmother. The receptionist is a,19,6.8554764,6,[7.002195358276367],[0.4156686067581177],4,[7.283581733703613],[1.8796930313110352],-4.571849,-4.2904625,incorrect,False,-4.571849,-4.2904625,incorrect,False,-4.571849,-4.2904625,incorrect,False,gender
64,receptionist,woman,consistent,The receptionist is somebody's grandmother.,The receptionist is somebody's grandmother. The receptionist is a,woman,man,The receptionist is somebody's grandmother. The receptionist is a,20,7.1087017,6,[6.692765235900879],[1.9196879863739014],3,[7.099266052246094],[1.4887373447418213],-4.7720394,-4.3655386,incorrect,False,-4.7720394,-4.3655386,incorrect,False,-4.7720394,-4.3655386,incorrect,False,gender
64,receptionist,woman,consistent,The receptionist is somebody's grandmother.,The receptionist is somebody's grandmother. The receptionist is a,woman,man,The receptionist is somebody's grandmother. The receptionist is a,21,7.229462,8,[6.726034164428711],[2.2212061882019043],4,[7.039021015167236],[0.9466142058372498],-4.740239,-4.4272523,incorrect,False,-4.740239,-4.4272523,incorrect,False,-4.740239,-4.4272523,incorrect,False,gender
64,receptionist,woman,consistent,The receptionist is somebody's grandmother.,The receptionist is somebody's grandmother. The receptionist is a,woman,man,The receptionist is somebody's grandmother. The receptionist is a,22,7.577693,5,[7.066685199737549],[3.2466213703155518],4,[7.102330207824707],[1.7273250818252563],-4.583912,-4.5482664,incorrect,False,-4.583912,-4.5482664,incorrect,False,-4.583912,-4.5482664,incorrect,False,gender
64,receptionist,woman,consistent,The receptionist is somebody's grandmother.,The receptionist is somebody's grandmother. The receptionist is a,woman,man,The receptionist is somebody's grandmother. The receptionist is a,23,6.764531,1,[12.076582908630371],,11,[10.217599868774414],,-2.8664153,-4.725398,correct,True,-2.8664153,-4.725398,correct,True,-2.8664153,-4.725398,correct,True,gender
65,receptionist,woman,inconsistent,The receptionist is somebody's grandfather.,The receptionist is somebody's grandfather. The receptionist is a,man,woman,The receptionist is somebody's grandfather. The receptionist is a,0,9.268686,35289,[-1.626498818397522],[-1.764726161956787],13812,[0.3225771486759186],[-1.5806008577346802],-13.256362,-11.307286,incorrect,False,-13.256362,-11.307286,incorrect,False,-13.256362,-11.307286,incorrect,False,gender
65,receptionist,woman,inconsistent,The receptionist is somebody's grandfather.,The receptionist is somebody's grandfather. The receptionist is a,man,woman,The receptionist is somebody's grandfather. The receptionist is a,1,9.057276,40310,[-2.1726431846618652],[-0.15815819799900055],19569,[-0.13602185249328613],[-0.07420605421066284],-13.976269,-11.939648,incorrect,False,-13.976269,-11.939648,incorrect,False,-13.976269,-11.939648,incorrect,False,gender
65,receptionist,woman,inconsistent,The receptionist is somebody's grandfather.,The receptionist is somebody's grandfather. The receptionist is a,man,woman,The receptionist is somebody's grandfather. The receptionist is a,2,8.946954,37106,[-1.9315764904022217],[2.4441545009613037],18051,[-0.11215730756521225],[-0.004620973486453295],-13.68294,-11.86352,incorrect,False,-13.68294,-11.86352,incorrect,False,-13.68294,-11.86352,incorrect,False,gender
65,receptionist,woman,inconsistent,The receptionist is somebody's grandfather.,The receptionist is somebody's grandfather. The receptionist is a,man,woman,The receptionist is somebody's grandfather. The receptionist is a,3,8.325071,28474,[-1.25961434841156],[-1.3120554685592651],16234,[-0.062449388206005096],[-2.9977447986602783],-13.248308,-12.051144,incorrect,False,-13.248308,-12.051144,incorrect,False,-13.248308,-12.051144,incorrect,False,gender
65,receptionist,woman,inconsistent,The receptionist is somebody's grandfather.,The receptionist is somebody's grandfather. The receptionist is a,man,woman,The receptionist is somebody's grandfather. The receptionist is a,4,8.136357,31180,[-1.7056971788406372],[1.9054032564163208],24308,[-0.9913322925567627],[1.0678577423095703],-13.785513,-13.071148,incorrect,False,-13.785513,-13.071148,incorrect,False,-13.785513,-13.071148,incorrect,False,gender
65,receptionist,woman,inconsistent,The receptionist is somebody's grandfather.,The receptionist is somebody's grandfather. The receptionist is a,man,woman,The receptionist is somebody's grandfather. The receptionist is a,5,7.978864,22696,[-0.9499670267105103],[1.8653409481048584],18328,[-0.4821864664554596],[0.09791267663240433],-13.024389,-12.556608,incorrect,False,-13.024389,-12.556608,incorrect,False,-13.024389,-12.556608,incorrect,False,gender
65,receptionist,woman,inconsistent,The receptionist is somebody's grandfather.,The receptionist is somebody's grandfather. The receptionist is a,man,woman,The receptionist is somebody's grandfather. The receptionist is a,6,8.265376,17530,[-0.3755395710468292],[3.884519577026367],17648,[-0.38902735710144043],[2.8202567100524902],-12.343758,-12.357245,correct,True,-12.343758,-12.357245,correct,True,-12.343758,-12.357245,correct,True,gender
65,receptionist,woman,inconsistent,The receptionist is somebody's grandfather.,The receptionist is somebody's grandfather. The receptionist is a,man,woman,The receptionist is somebody's grandfather. The receptionist is a,7,8.64283,7799,[0.9165067672729492],[0.22315724194049835],9582,[0.6464059352874756],[2.2915091514587402],-10.904109,-11.17421,correct,True,-10.904109,-11.17421,correct,True,-10.904109,-11.17421,correct,True,gender
65,receptionist,woman,inconsistent,The receptionist is somebody's grandfather.,The receptionist is somebody's grandfather. The receptionist is a,man,woman,The receptionist is somebody's grandfather. The receptionist is a,8,7.891503,5630,[0.9166490435600281],[6.05291223526001],3393,[1.5393579006195068],[5.120936393737793],-10.81876,-10.196051,incorrect,False,-10.81876,-10.196051,incorrect,False,-10.81876,-10.196051,incorrect,False,gender
65,receptionist,woman,inconsistent,The receptionist is somebody's grandfather.,The receptionist is somebody's grandfather. The receptionist is a,man,woman,The receptionist is somebody's grandfather. The receptionist is a,9,7.5714045,891,[3.0040245056152344],[3.5755856037139893],618,[3.3733603954315186],[0.8341238498687744],-8.887427,-8.518091,incorrect,False,-8.887427,-8.518091,incorrect,False,-8.887427,-8.518091,incorrect,False,gender
65,receptionist,woman,inconsistent,The receptionist is somebody's grandfather.,The receptionist is somebody's grandfather. The receptionist is a,man,woman,The receptionist is somebody's grandfather. The receptionist is a,10,7.3330164,280,[3.949822425842285],[1.9858664274215698],465,[3.4588446617126465],[2.5339982509613037],-7.7604384,-8.251416,correct,True,-7.7604384,-8.251416,correct,True,-7.7604384,-8.251416,correct,True,gender
65,receptionist,woman,inconsistent,The receptionist is somebody's grandfather.,The receptionist is somebody's grandfather. The receptionist is a,man,woman,The receptionist is somebody's grandfather. The receptionist is a,11,7.715277,166,[4.142458915710449],[3.5984067916870117],202,[3.9930078983306885],[3.7484142780303955],-7.2029405,-7.3523917,correct,True,-7.2029405,-7.3523917,correct,True,-7.2029405,-7.3523917,correct,True,gender
65,receptionist,woman,inconsistent,The receptionist is somebody's grandfather.,The receptionist is somebody's grandfather. The receptionist is a,man,woman,The receptionist is somebody's grandfather. The receptionist is a,12,7.727322,80,[4.7419962882995605],[8.5574312210083],79,[4.744584083557129],[2.680222511291504],-6.603812,-6.601224,incorrect,False,-6.603812,-6.601224,incorrect,False,-6.603812,-6.601224,incorrect,False,gender
65,receptionist,woman,inconsistent,The receptionist is somebody's grandfather.,The receptionist is somebody's grandfather. The receptionist is a,man,woman,The receptionist is somebody's grandfather. The receptionist is a,13,6.5589137,28,[6.3686909675598145],[4.7764811515808105],139,[4.836129188537598],[2.7957170009613037],-5.4068336,-6.939395,correct,True,-5.4068336,-6.939395,correct,True,-5.4068336,-6.939395,correct,True,gender
65,receptionist,woman,inconsistent,The receptionist is somebody's grandfather.,The receptionist is somebody's grandfather. The receptionist is a,man,woman,The receptionist is somebody's grandfather. The receptionist is a,14,6.341937,23,[6.6265153884887695],[6.41744327545166],145,[4.859131813049316],[5.635082721710205],-5.245347,-7.0127306,correct,True,-5.245347,-7.0127306,correct,True,-5.245347,-7.0127306,correct,True,gender
65,receptionist,woman,inconsistent,The receptionist is somebody's grandfather.,The receptionist is somebody's grandfather. The receptionist is a,man,woman,The receptionist is somebody's grandfather. The receptionist is a,15,6.341866,12,[7.250632286071777],[4.775321006774902],70,[5.5654072761535645],[4.227083683013916],-4.724261,-6.409486,correct,True,-4.724261,-6.409486,correct,True,-4.724261,-6.409486,correct,True,gender
65,receptionist,woman,inconsistent,The receptionist is somebody's grandfather.,The receptionist is somebody's grandfather. The receptionist is a,man,woman,The receptionist is somebody's grandfather. The receptionist is a,16,6.563388,10,[7.03287935256958],[11.532504081726074],59,[5.545534610748291],[6.962833881378174],-4.748027,-6.2353716,correct,True,-4.748027,-6.2353716,correct,True,-4.748027,-6.2353716,correct,True,gender
65,receptionist,woman,inconsistent,The receptionist is somebody's grandfather.,The receptionist is somebody's grandfather. The receptionist is a,man,woman,The receptionist is somebody's grandfather. The receptionist is a,17,6.3235855,4,[8.20319938659668],[4.450414180755615],43,[6.095233917236328],[1.3253992795944214],-3.6469405,-5.7549057,correct,True,-3.6469405,-5.7549057,correct,True,-3.6469405,-5.7549057,correct,True,gender
65,receptionist,woman,inconsistent,The receptionist is somebody's grandfather.,The receptionist is somebody's grandfather. The receptionist is a,man,woman,The receptionist is somebody's grandfather. The receptionist is a,18,6.9605565,3,[7.703199863433838],[7.018345832824707],63,[5.32070779800415],[5.702266216278076],-3.7537932,-6.1362853,correct,True,-3.7537932,-6.1362853,correct,True,-3.7537932,-6.1362853,correct,True,gender
65,receptionist,woman,inconsistent,The receptionist is somebody's grandfather.,The receptionist is somebody's grandfather. The receptionist is a,man,woman,The receptionist is somebody's grandfather. The receptionist is a,19,6.913395,3,[7.820381164550781],[2.8749234676361084],55,[5.56709098815918],[-0.5124494433403015],-3.7072458,-5.960536,correct,True,-3.7072458,-5.960536,correct,True,-3.7072458,-5.960536,correct,True,gender
65,receptionist,woman,inconsistent,The receptionist is somebody's grandfather.,The receptionist is somebody's grandfather. The receptionist is a,man,woman,The receptionist is somebody's grandfather. The receptionist is a,20,7.1303873,3,[7.715425491333008],[1.7139701843261719],75,[5.238136291503906],[2.1724355220794678],-3.715475,-6.1927643,correct,True,-3.715475,-6.1927643,correct,True,-3.715475,-6.1927643,correct,True,gender
65,receptionist,woman,inconsistent,The receptionist is somebody's grandfather.,The receptionist is somebody's grandfather. The receptionist is a,man,woman,The receptionist is somebody's grandfather. The receptionist is a,21,7.262096,3,[7.672342777252197],[1.0977319478988647],69,[5.34171724319458],[3.6224286556243896],-3.7555323,-6.086158,correct,True,-3.7555323,-6.086158,correct,True,-3.7555323,-6.086158,correct,True,gender
65,receptionist,woman,inconsistent,The receptionist is somebody's grandfather.,The receptionist is somebody's grandfather. The receptionist is a,man,woman,The receptionist is somebody's grandfather. The receptionist is a,22,7.5882325,2,[7.767796516418457],[1.5519821643829346],33,[5.9124932289123535],[3.6665456295013428],-3.846277,-5.70158,correct,True,-3.846277,-5.70158,correct,True,-3.846277,-5.70158,correct,True,gender
65,receptionist,woman,inconsistent,The receptionist is somebody's grandfather.,The receptionist is somebody's grandfather. The receptionist is a,man,woman,The receptionist is somebody's grandfather. The receptionist is a,23,6.883363,3,[11.050580024719238],,2,[11.168659210205078],,-3.8399663,-3.721887,incorrect,False,-3.8399663,-3.721887,incorrect,False,-3.8399663,-3.721887,incorrect,False,gender
66,salesperson,man,consistent,The salesperson is somebody's grandfather.,The salesperson is somebody's grandfather. The salesperson is a,man,woman,The salesperson is somebody's grandfather. The salesperson is a,0,9.27771,37103,[-1.8213673830032349],[-1.7218308448791504],14452,[0.2753891050815582],[-1.7490298748016357],-13.465776,-11.36902,incorrect,False,-13.465776,-11.36902,incorrect,False,-13.465776,-11.36902,incorrect,False,gender
66,salesperson,man,consistent,The salesperson is somebody's grandfather.,The salesperson is somebody's grandfather. The salesperson is a,man,woman,The salesperson is somebody's grandfather. The salesperson is a,1,9.071804,41838,[-2.333939552307129],[-0.7985379695892334],21314,[-0.23976396024227142],[-0.8681543469429016],-14.179827,-12.085651,incorrect,False,-14.179827,-12.085651,incorrect,False,-14.179827,-12.085651,incorrect,False,gender
66,salesperson,man,consistent,The salesperson is somebody's grandfather.,The salesperson is somebody's grandfather. The salesperson is a,man,woman,The salesperson is somebody's grandfather. The salesperson is a,2,8.979212,40282,[-2.298039436340332],[2.950526237487793],22120,[-0.4525359570980072],[-0.6110584735870361],-14.062382,-12.216879,incorrect,False,-14.062382,-12.216879,incorrect,False,-14.062382,-12.216879,incorrect,False,gender
66,salesperson,man,consistent,The salesperson is somebody's grandfather.,The salesperson is somebody's grandfather. The salesperson is a,man,woman,The salesperson is somebody's grandfather. The salesperson is a,3,8.336608,30109,[-1.4591460227966309],[-0.5682547092437744],21220,[-0.5951284766197205],[-2.047267198562622],-13.411165,-12.547148,incorrect,False,-13.411165,-12.547148,incorrect,False,-13.411165,-12.547148,incorrect,False,gender
66,salesperson,man,consistent,The salesperson is somebody's grandfather.,The salesperson is somebody's grandfather. The salesperson is a,man,woman,The salesperson is somebody's grandfather. The salesperson is a,4,8.254706,31444,[-1.6235061883926392],[2.8464808464050293],27257,[-1.1764253377914429],[0.8495020866394043],-13.728261,-13.281179,incorrect,False,-13.728261,-13.281179,incorrect,False,-13.728261,-13.281179,incorrect,False,gender
66,salesperson,man,consistent,The salesperson is somebody's grandfather.,The salesperson is somebody's grandfather. The salesperson is a,man,woman,The salesperson is somebody's grandfather. The salesperson is a,5,7.8299217,19490,[-0.6155082583427429],[1.2182172536849976],20823,[-0.7588856220245361],[-0.7038023471832275],-12.705486,-12.848864,correct,True,-12.705486,-12.848864,correct,True,-12.705486,-12.848864,correct,True,gender
66,salesperson,man,consistent,The salesperson is somebody's grandfather.,The salesperson is somebody's grandfather. The salesperson is a,man,woman,The salesperson is somebody's grandfather. The salesperson is a,6,8.094938,16487,[-0.26713502407073975],[3.3945913314819336],22863,[-0.9582261443138123],[1.7530310153961182],-12.259129,-12.95022,correct,True,-12.259129,-12.95022,correct,True,-12.259129,-12.95022,correct,True,gender
66,salesperson,man,consistent,The salesperson is somebody's grandfather.,The salesperson is somebody's grandfather. The salesperson is a,man,woman,The salesperson is somebody's grandfather. The salesperson is a,7,8.5506115,8735,[0.8604925870895386],[1.198521375656128],17503,[-0.2155906856060028],[3.589451551437378],-11.063084,-12.139166,correct,True,-11.063084,-12.139166,correct,True,-11.063084,-12.139166,correct,True,gender
66,salesperson,man,consistent,The salesperson is somebody's grandfather.,The salesperson is somebody's grandfather. The salesperson is a,man,woman,The salesperson is somebody's grandfather. The salesperson is a,8,8.055925,5265,[1.1921250820159912],[4.995429515838623],5715,[1.0875738859176636],[3.651855230331421],-10.619705,-10.7242565,correct,True,-10.619705,-10.7242565,correct,True,-10.619705,-10.7242565,correct,True,gender
66,salesperson,man,consistent,The salesperson is somebody's grandfather.,The salesperson is somebody's grandfather. The salesperson is a,man,woman,The salesperson is somebody's grandfather. The salesperson is a,9,8.077772,1033,[2.8334944248199463],[3.0678083896636963],1703,[2.38090181350708],[0.136818066239357],-8.954404,-9.406997,correct,True,-8.954404,-9.406997,correct,True,-8.954404,-9.406997,correct,True,gender
66,salesperson,man,consistent,The salesperson is somebody's grandfather.,The salesperson is somebody's grandfather. The salesperson is a,man,woman,The salesperson is somebody's grandfather. The salesperson is a,10,7.883459,367,[3.609729051589966],[3.90142822265625],1482,[2.2804157733917236],[3.3834362030029297],-8.017008,-9.346321,correct,True,-8.017008,-9.346321,correct,True,-8.017008,-9.346321,correct,True,gender
66,salesperson,man,consistent,The salesperson is somebody's grandfather.,The salesperson is somebody's grandfather. The salesperson is a,man,woman,The salesperson is somebody's grandfather. The salesperson is a,11,7.8868833,97,[4.505317687988281],[4.844711780548096],419,[3.2474870681762695],[4.386246681213379],-6.8818913,-8.139722,correct,True,-6.8818913,-8.139722,correct,True,-6.8818913,-8.139722,correct,True,gender
66,salesperson,man,consistent,The salesperson is somebody's grandfather.,The salesperson is somebody's grandfather. The salesperson is a,man,woman,The salesperson is somebody's grandfather. The salesperson is a,12,7.9682245,27,[5.515319347381592],[5.92558479309082],124,[4.344587802886963],[0.10627524554729462],-5.824519,-6.9952507,correct,True,-5.824519,-6.9952507,correct,True,-5.824519,-6.9952507,correct,True,gender
66,salesperson,man,consistent,The salesperson is somebody's grandfather.,The salesperson is somebody's grandfather. The salesperson is a,man,woman,The salesperson is somebody's grandfather. The salesperson is a,13,6.2899227,22,[6.368582248687744],[2.987525224685669],338,[3.8280322551727295],[-0.40058213472366333],-5.4467115,-7.987262,correct,True,-5.4467115,-7.987262,correct,True,-5.4467115,-7.987262,correct,True,gender
66,salesperson,man,consistent,The salesperson is somebody's grandfather.,The salesperson is somebody's grandfather. The salesperson is a,man,woman,The salesperson is somebody's grandfather. The salesperson is a,14,5.8495126,27,[6.207152843475342],[6.453812122344971],575,[3.218985080718994],[5.391181468963623],-5.7465577,-8.734726,correct,True,-5.7465577,-8.734726,correct,True,-5.7465577,-8.734726,correct,True,gender
66,salesperson,man,consistent,The salesperson is somebody's grandfather.,The salesperson is somebody's grandfather. The salesperson is a,man,woman,The salesperson is somebody's grandfather. The salesperson is a,15,5.6057367,12,[6.907958984375],[4.447390556335449],318,[4.0670247077941895],[1.8108023405075073],-5.259425,-8.10036,correct,True,-5.259425,-8.10036,correct,True,-5.259425,-8.10036,correct,True,gender
66,salesperson,man,consistent,The salesperson is somebody's grandfather.,The salesperson is somebody's grandfather. The salesperson is a,man,woman,The salesperson is somebody's grandfather. The salesperson is a,16,6.1523824,13,[6.699337482452393],[9.727723121643066],377,[3.777944564819336],[4.282399654388428],-5.227704,-8.1490965,correct,True,-5.227704,-8.1490965,correct,True,-5.227704,-8.1490965,correct,True,gender
66,salesperson,man,consistent,The salesperson is somebody's grandfather.,The salesperson is somebody's grandfather. The salesperson is a,man,woman,The salesperson is somebody's grandfather. The salesperson is a,17,5.8439875,8,[7.576937675476074],[4.988663673400879],291,[4.071960926055908],[1.2253104448318481],-4.4316826,-7.9366593,correct,True,-4.4316826,-7.9366593,correct,True,-4.4316826,-7.9366593,correct,True,gender
66,salesperson,man,consistent,The salesperson is somebody's grandfather.,The salesperson is somebody's grandfather. The salesperson is a,man,woman,The salesperson is somebody's grandfather. The salesperson is a,18,6.556325,5,[7.304397106170654],[5.96629524230957],363,[3.6309268474578857],[4.651707649230957],-4.2932405,-7.96671,correct,True,-4.2932405,-7.96671,correct,True,-4.2932405,-7.96671,correct,True,gender
66,salesperson,man,consistent,The salesperson is somebody's grandfather.,The salesperson is somebody's grandfather. The salesperson is a,man,woman,The salesperson is somebody's grandfather. The salesperson is a,19,6.622497,6,[7.315431118011475],[1.1654056310653687],278,[3.944964647293091],[-2.2805325984954834],-4.301111,-7.671578,correct,True,-4.301111,-7.671578,correct,True,-4.301111,-7.671578,correct,True,gender
66,salesperson,man,consistent,The salesperson is somebody's grandfather.,The salesperson is somebody's grandfather. The salesperson is a,man,woman,The salesperson is somebody's grandfather. The salesperson is a,20,6.962293,6,[7.07934045791626],[1.4585812091827393],400,[3.529947519302368],[-0.7292726635932922],-4.403595,-7.9529886,correct,True,-4.403595,-7.9529886,correct,True,-4.403595,-7.9529886,correct,True,gender
66,salesperson,man,consistent,The salesperson is somebody's grandfather.,The salesperson is somebody's grandfather. The salesperson is a,man,woman,The salesperson is somebody's grandfather. The salesperson is a,21,7.0413465,8,[7.083548069000244],[1.783125877380371],473,[3.4091570377349854],[3.760347604751587],-4.4173527,-8.091744,correct,True,-4.4173527,-8.091744,correct,True,-4.4173527,-8.091744,correct,True,gender
66,salesperson,man,consistent,The salesperson is somebody's grandfather.,The salesperson is somebody's grandfather. The salesperson is a,man,woman,The salesperson is somebody's grandfather. The salesperson is a,22,7.3133774,4,[7.341878890991211],[1.4456098079681396],338,[4.045960426330566],[3.4067976474761963],-4.377499,-7.6734176,correct,True,-4.377499,-7.6734176,correct,True,-4.377499,-7.6734176,correct,True,gender
66,salesperson,man,consistent,The salesperson is somebody's grandfather.,The salesperson is somebody's grandfather. The salesperson is a,man,woman,The salesperson is somebody's grandfather. The salesperson is a,23,6.495865,10,[10.914989471435547],,83,[8.94510555267334],,-4.36619,-6.336074,correct,True,-4.36619,-6.336074,correct,True,-4.36619,-6.336074,correct,True,gender
67,salesperson,man,inconsistent,The salesperson is somebody's grandmother.,The salesperson is somebody's grandmother. The salesperson is a,woman,man,The salesperson is somebody's grandmother. The salesperson is a,0,9.279228,14630,[0.24755972623825073],[-1.4923523664474487],37263,[-1.8506085872650146],[-1.4805916547775269],-11.388395,-13.486565,correct,True,-11.388395,-13.486565,correct,True,-11.388395,-13.486565,correct,True,gender
67,salesperson,man,inconsistent,The salesperson is somebody's grandmother.,The salesperson is somebody's grandmother. The salesperson is a,woman,man,The salesperson is somebody's grandmother. The salesperson is a,1,9.081192,20830,[-0.18754805624485016],[-0.9407458901405334],41561,[-2.28765869140625],[-0.7261068820953369],-12.041925,-14.142035,correct,True,-12.041925,-14.142035,correct,True,-12.041925,-14.142035,correct,True,gender
67,salesperson,man,inconsistent,The salesperson is somebody's grandmother.,The salesperson is somebody's grandmother. The salesperson is a,woman,man,The salesperson is somebody's grandmother. The salesperson is a,2,8.977184,21906,[-0.43021711707115173],[-0.6380046010017395],39798,[-2.2354860305786133],[2.7665886878967285],-12.197946,-14.003215,correct,True,-12.197946,-14.003215,correct,True,-12.197946,-14.003215,correct,True,gender
67,salesperson,man,inconsistent,The salesperson is somebody's grandmother.,The salesperson is somebody's grandmother. The salesperson is a,woman,man,The salesperson is somebody's grandmother. The salesperson is a,3,8.314976,21059,[-0.5827262997627258],[-2.106569528579712],30003,[-1.4525281190872192],[-0.5245205760002136],-12.541109,-13.410911,correct,True,-12.541109,-13.410911,correct,True,-12.541109,-13.410911,correct,True,gender
67,salesperson,man,inconsistent,The salesperson is somebody's grandmother.,The salesperson is somebody's grandmother. The salesperson is a,woman,man,The salesperson is somebody's grandmother. The salesperson is a,4,8.247944,27263,[-1.1867320537567139],[0.9340687990188599],31144,[-1.598541259765625],[2.8453736305236816],-13.28855,-13.700359,correct,True,-13.28855,-13.700359,correct,True,-13.28855,-13.700359,correct,True,gender
67,salesperson,man,inconsistent,The salesperson is somebody's grandmother.,The salesperson is somebody's grandmother. The salesperson is a,woman,man,The salesperson is somebody's grandmother. The salesperson is a,5,7.774497,20455,[-0.7460646629333496],[0.4288480579853058],19159,[-0.6050110459327698],[-0.3673555552959442],-12.830268,-12.689215,incorrect,False,-12.830268,-12.689215,incorrect,False,-12.830268,-12.689215,incorrect,False,gender
67,salesperson,man,inconsistent,The salesperson is somebody's grandmother.,The salesperson is somebody's grandmother. The salesperson is a,woman,man,The salesperson is somebody's grandmother. The salesperson is a,6,8.10418,18497,[-0.5260416269302368],[2.511906623840332],21464,[-0.8486936688423157],[4.393102645874023],-12.493393,-12.816046,correct,True,-12.493393,-12.816046,correct,True,-12.493393,-12.816046,correct,True,gender
67,salesperson,man,inconsistent,The salesperson is somebody's grandmother.,The salesperson is somebody's grandmother. The salesperson is a,woman,man,The salesperson is somebody's grandmother. The salesperson is a,7,8.562161,11378,[0.438932329416275],[3.360318899154663],9518,[0.6916159391403198],[1.9361838102340698],-11.443162,-11.190478,incorrect,False,-11.443162,-11.190478,incorrect,False,-11.443162,-11.190478,incorrect,False,gender
67,salesperson,man,inconsistent,The salesperson is somebody's grandmother.,The salesperson is somebody's grandmother. The salesperson is a,woman,man,The salesperson is somebody's grandmother. The salesperson is a,8,8.068795,3241,[1.706718921661377],[3.6165173053741455],4597,[1.2884687185287476],[4.927976608276367],-10.051767,-10.470017,correct,True,-10.051767,-10.470017,correct,True,-10.051767,-10.470017,correct,True,gender
67,salesperson,man,inconsistent,The salesperson is somebody's grandmother.,The salesperson is somebody's grandmother. The salesperson is a,woman,man,The salesperson is somebody's grandmother. The salesperson is a,9,8.171066,905,[2.9267327785491943],[2.0610532760620117],943,[2.888658046722412],[3.193481683731079],-8.790214,-8.828288,correct,True,-8.790214,-8.828288,correct,True,-8.790214,-8.828288,correct,True,gender
67,salesperson,man,inconsistent,The salesperson is somebody's grandmother.,The salesperson is somebody's grandmother. The salesperson is a,woman,man,The salesperson is somebody's grandmother. The salesperson is a,10,8.107666,417,[3.468827962875366],[4.67073392868042],313,[3.724795341491699],[2.2342255115509033],-8.108145,-7.852177,incorrect,False,-8.108145,-7.852177,incorrect,False,-8.108145,-7.852177,incorrect,False,gender
67,salesperson,man,inconsistent,The salesperson is somebody's grandmother.,The salesperson is somebody's grandmother. The salesperson is a,woman,man,The salesperson is somebody's grandmother. The salesperson is a,11,8.170305,58,[4.731047630310059],[3.363762140274048],168,[4.028132915496826],[4.47504997253418],-6.6148643,-7.3177786,correct,True,-6.6148643,-7.3177786,correct,True,-6.6148643,-7.3177786,correct,True,gender
67,salesperson,man,inconsistent,The salesperson is somebody's grandmother.,The salesperson is somebody's grandmother. The salesperson is a,woman,man,The salesperson is somebody's grandmother. The salesperson is a,12,7.9798336,39,[5.322449207305908],[2.381894826889038],59,[4.963755130767822],[5.344658851623535],-6.027032,-6.385726,correct,True,-6.027032,-6.385726,correct,True,-6.027032,-6.385726,correct,True,gender
67,salesperson,man,inconsistent,The salesperson is somebody's grandmother.,The salesperson is somebody's grandmother. The salesperson is a,woman,man,The salesperson is somebody's grandmother. The salesperson is a,13,6.2737393,71,[5.2859578132629395],[2.497704267501831],42,[5.714661121368408],[3.168198585510254],-6.4987564,-6.070053,incorrect,False,-6.4987564,-6.070053,incorrect,False,-6.4987564,-6.070053,incorrect,False,gender
67,salesperson,man,inconsistent,The salesperson is somebody's grandmother.,The salesperson is somebody's grandmother. The salesperson is a,woman,man,The salesperson is somebody's grandmother. The salesperson is a,14,5.7425804,98,[5.192162036895752],[7.57705545425415],53,[5.679075717926025],[5.770230770111084],-6.763272,-6.276358,incorrect,False,-6.763272,-6.276358,incorrect,False,-6.763272,-6.276358,incorrect,False,gender
67,salesperson,man,inconsistent,The salesperson is somebody's grandmother.,The salesperson is somebody's grandmother. The salesperson is a,woman,man,The salesperson is somebody's grandmother. The salesperson is a,15,5.1830792,35,[6.309693336486816],[5.031972408294678],36,[6.293340682983398],[4.559689521789551],-5.9786167,-5.9949694,correct,True,-5.9786167,-5.9949694,correct,True,-5.9786167,-5.9949694,correct,True,gender
67,salesperson,man,inconsistent,The salesperson is somebody's grandmother.,The salesperson is somebody's grandmother. The salesperson is a,woman,man,The salesperson is somebody's grandmother. The salesperson is a,16,5.875042,27,[6.354456901550293],[6.576204776763916],35,[6.207604885101318],[8.154114723205566],-5.6570406,-5.803892,correct,True,-5.6570406,-5.803892,correct,True,-5.6570406,-5.803892,correct,True,gender
67,salesperson,man,inconsistent,The salesperson is somebody's grandmother.,The salesperson is somebody's grandmother. The salesperson is a,woman,man,The salesperson is somebody's grandmother. The salesperson is a,17,5.444258,17,[6.725162982940674],[2.0470833778381348],15,[6.859058380126953],[4.633880615234375],-5.3805823,-5.246687,incorrect,False,-5.3805823,-5.246687,incorrect,False,-5.3805823,-5.246687,incorrect,False,gender
67,salesperson,man,inconsistent,The salesperson is somebody's grandmother.,The salesperson is somebody's grandmother. The salesperson is a,woman,man,The salesperson is somebody's grandmother. The salesperson is a,18,6.2114067,26,[6.004258632659912],[4.376183986663818],11,[6.638763427734375],[6.505706310272217],-5.6658154,-5.0313106,incorrect,False,-5.6658154,-5.0313106,incorrect,False,-5.6658154,-5.0313106,incorrect,False,gender
67,salesperson,man,inconsistent,The salesperson is somebody's grandmother.,The salesperson is somebody's grandmother. The salesperson is a,woman,man,The salesperson is somebody's grandmother. The salesperson is a,19,6.427576,31,[5.932233810424805],[-1.1451646089553833],12,[6.8394293785095215],[0.741087019443512],-5.715851,-4.8086553,incorrect,False,-5.715851,-4.8086553,incorrect,False,-5.715851,-4.8086553,incorrect,False,gender
67,salesperson,man,inconsistent,The salesperson is somebody's grandmother.,The salesperson is somebody's grandmother. The salesperson is a,woman,man,The salesperson is somebody's grandmother. The salesperson is a,20,6.829675,47,[5.539121627807617],[0.5843307375907898],13,[6.578783988952637],[1.0626471042633057],-5.961603,-4.921941,incorrect,False,-5.961603,-4.921941,incorrect,False,-5.961603,-4.921941,incorrect,False,gender
67,salesperson,man,inconsistent,The salesperson is somebody's grandmother.,The salesperson is somebody's grandmother. The salesperson is a,woman,man,The salesperson is somebody's grandmother. The salesperson is a,21,6.9834003,52,[5.5121660232543945],[3.4020681381225586],14,[6.544051647186279],[1.031187891960144],-5.9909678,-4.9590816,incorrect,False,-5.9909678,-4.9590816,incorrect,False,-5.9909678,-4.9590816,incorrect,False,gender
67,salesperson,man,inconsistent,The salesperson is somebody's grandmother.,The salesperson is somebody's grandmother. The salesperson is a,woman,man,The salesperson is somebody's grandmother. The salesperson is a,22,7.33092,29,[6.096160888671875],[3.283437490463257],11,[6.678225994110107],[1.4377069473266602],-5.6028543,-5.020789,incorrect,False,-5.6028543,-5.020789,incorrect,False,-5.6028543,-5.020789,incorrect,False,gender
67,salesperson,man,inconsistent,The salesperson is somebody's grandmother.,The salesperson is somebody's grandmother. The salesperson is a,woman,man,The salesperson is somebody's grandmother. The salesperson is a,23,6.464355,5,[11.55132007598877],,26,[9.97176742553711],,-3.758745,-5.338298,correct,True,-3.758745,-5.338298,correct,True,-3.758745,-5.338298,correct,True,gender
68,secretary,woman,consistent,The secretary is somebody's grandmother.,The secretary is somebody's grandmother. The secretary is a,woman,man,The secretary is somebody's grandmother. The secretary is a,0,9.276412,15275,[0.17120766639709473],[-1.2431515455245972],38978,[-2.069244384765625],[-0.6630275249481201],-11.460073,-13.700525,correct,True,-11.460073,-13.700525,correct,True,-11.460073,-13.700525,correct,True,gender
68,secretary,woman,consistent,The secretary is somebody's grandmother.,The secretary is somebody's grandmother. The secretary is a,woman,man,The secretary is somebody's grandmother. The secretary is a,1,9.092407,20122,[-0.18014277517795563],[-0.7018141150474548],40783,[-2.2312304973602295],[0.1319512277841568],-11.983947,-14.035034,correct,True,-11.983947,-14.035034,correct,True,-11.983947,-14.035034,correct,True,gender
68,secretary,woman,consistent,The secretary is somebody's grandmother.,The secretary is somebody's grandmother. The secretary is a,woman,man,The secretary is somebody's grandmother. The secretary is a,2,8.983849,20916,[-0.35063424706459045],[0.36565691232681274],37182,[-1.9175630807876587],[3.2729811668395996],-12.114598,-13.681527,correct,True,-12.114598,-13.681527,correct,True,-12.114598,-13.681527,correct,True,gender
68,secretary,woman,consistent,The secretary is somebody's grandmother.,The secretary is somebody's grandmother. The secretary is a,woman,man,The secretary is somebody's grandmother. The secretary is a,3,8.176876,16634,[-0.1821286678314209],[-2.776615619659424],24613,[-0.9706035256385803],[-1.022823452949524],-12.134148,-12.922623,correct,True,-12.134148,-12.922623,correct,True,-12.134148,-12.922623,correct,True,gender
68,secretary,woman,consistent,The secretary is somebody's grandmother.,The secretary is somebody's grandmother. The secretary is a,woman,man,The secretary is somebody's grandmother. The secretary is a,4,8.119694,24849,[-1.0705152750015259],[1.3096442222595215],27305,[-1.323952555656433],[1.8802348375320435],-13.113115,-13.366552,correct,True,-13.113115,-13.366552,correct,True,-13.113115,-13.366552,correct,True,gender
68,secretary,woman,consistent,The secretary is somebody's grandmother.,The secretary is somebody's grandmother. The secretary is a,woman,man,The secretary is somebody's grandmother. The secretary is a,5,8.085505,18619,[-0.4391425549983978],[0.6318231225013733],20038,[-0.5804726481437683],[1.496791124343872],-12.519477,-12.660808,correct,True,-12.519477,-12.660808,correct,True,-12.519477,-12.660808,correct,True,gender
68,secretary,woman,consistent,The secretary is somebody's grandmother.,The secretary is somebody's grandmother. The secretary is a,woman,man,The secretary is somebody's grandmother. The secretary is a,6,8.103971,14505,[-0.13537897169589996],[1.8187317848205566],14330,[-0.1152530312538147],[2.785508871078491],-12.088741,-12.068616,incorrect,False,-12.088741,-12.068616,incorrect,False,-12.088741,-12.068616,incorrect,False,gender
68,secretary,woman,consistent,The secretary is somebody's grandmother.,The secretary is somebody's grandmother. The secretary is a,woman,man,The secretary is somebody's grandmother. The secretary is a,7,8.432253,10857,[0.5677609443664551],[1.6591590642929077],9065,[0.817808985710144],[0.7638716697692871],-11.379029,-11.128981,incorrect,False,-11.379029,-11.128981,incorrect,False,-11.379029,-11.128981,incorrect,False,gender
68,secretary,woman,consistent,The secretary is somebody's grandmother.,The secretary is somebody's grandmother. The secretary is a,woman,man,The secretary is somebody's grandmother. The secretary is a,8,7.6088495,4815,[1.2400604486465454],[3.1767566204071045],5837,[1.0055330991744995],[5.526218414306641],-10.619763,-10.854291,correct,True,-10.619763,-10.854291,correct,True,-10.619763,-10.854291,correct,True,gender
68,secretary,woman,consistent,The secretary is somebody's grandmother.,The secretary is somebody's grandmother. The secretary is a,woman,man,The secretary is somebody's grandmother. The secretary is a,9,7.090922,1531,[2.366664409637451],[2.048142910003662],981,[2.814857006072998],[3.3565430641174316],-9.508191,-9.0599985,incorrect,False,-9.508191,-9.0599985,incorrect,False,-9.508191,-9.0599985,incorrect,False,gender
68,secretary,woman,consistent,The secretary is somebody's grandmother.,The secretary is somebody's grandmother. The secretary is a,woman,man,The secretary is somebody's grandmother. The secretary is a,10,7.2459664,749,[2.9301655292510986],[5.220890998840332],357,[3.6886210441589355],[1.8379552364349365],-8.785763,-8.027307,incorrect,False,-8.785763,-8.027307,incorrect,False,-8.785763,-8.027307,incorrect,False,gender
68,secretary,woman,consistent,The secretary is somebody's grandmother.,The secretary is somebody's grandmother. The secretary is a,woman,man,The secretary is somebody's grandmother. The secretary is a,11,7.65764,121,[4.410794258117676],[4.526236534118652],239,[3.871521472930908],[4.9554123878479],-7.025592,-7.564865,correct,True,-7.025592,-7.564865,correct,True,-7.025592,-7.564865,correct,True,gender
68,secretary,woman,consistent,The secretary is somebody's grandmother.,The secretary is somebody's grandmother. The secretary is a,woman,man,The secretary is somebody's grandmother. The secretary is a,12,7.2902884,44,[5.342358112335205],[3.3716742992401123],71,[4.909592151641846],[5.886665344238281],-6.1666317,-6.5993977,correct,True,-6.1666317,-6.5993977,correct,True,-6.1666317,-6.5993977,correct,True,gender
68,secretary,woman,consistent,The secretary is somebody's grandmother.,The secretary is somebody's grandmother. The secretary is a,woman,man,The secretary is somebody's grandmother. The secretary is a,13,5.892488,62,[5.5146026611328125],[4.940026760101318],47,[5.759742259979248],[5.234151840209961],-6.420679,-6.17554,incorrect,False,-6.420679,-6.17554,incorrect,False,-6.420679,-6.17554,incorrect,False,gender
68,secretary,woman,consistent,The secretary is somebody's grandmother.,The secretary is somebody's grandmother. The secretary is a,woman,man,The secretary is somebody's grandmother. The secretary is a,14,5.5492506,47,[5.99770975112915],[10.479743957519531],34,[6.232749938964844],[5.653973579406738],-6.1101284,-5.875088,incorrect,False,-6.1101284,-5.875088,incorrect,False,-6.1101284,-5.875088,incorrect,False,gender
68,secretary,woman,consistent,The secretary is somebody's grandmother.,The secretary is somebody's grandmother. The secretary is a,woman,man,The secretary is somebody's grandmother. The secretary is a,15,5.3607917,10,[7.670915603637695],[5.710232734680176],24,[6.762873649597168],[4.416114807128906],-4.6684494,-5.5764914,correct,True,-4.6684494,-5.5764914,correct,True,-4.6684494,-5.5764914,correct,True,gender
68,secretary,woman,consistent,The secretary is somebody's grandmother.,The secretary is somebody's grandmother. The secretary is a,woman,man,The secretary is somebody's grandmother. The secretary is a,16,5.7823935,8,[7.610693454742432],[9.884472846984863],24,[6.546342849731445],[8.429192543029785],-4.457213,-5.5215635,correct,True,-4.457213,-5.5215635,correct,True,-4.457213,-5.5215635,correct,True,gender
68,secretary,woman,consistent,The secretary is somebody's grandmother.,The secretary is somebody's grandmother. The secretary is a,woman,man,The secretary is somebody's grandmother. The secretary is a,17,5.765053,5,[8.433756828308105],[1.6223849058151245],15,[7.218700885772705],[3.651630401611328],-3.6647131,-4.8797693,correct,True,-3.6647131,-4.8797693,correct,True,-3.6647131,-4.8797693,correct,True,gender
68,secretary,woman,consistent,The secretary is somebody's grandmother.,The secretary is somebody's grandmother. The secretary is a,woman,man,The secretary is somebody's grandmother. The secretary is a,18,6.5176234,5,[7.312126159667969],[3.2189810276031494],12,[6.7223734855651855],[8.649858474731445],-4.3062487,-4.896002,correct,True,-4.3062487,-4.896002,correct,True,-4.3062487,-4.896002,correct,True,gender
68,secretary,woman,consistent,The secretary is somebody's grandmother.,The secretary is somebody's grandmother. The secretary is a,woman,man,The secretary is somebody's grandmother. The secretary is a,19,6.551909,11,[6.8187150955200195],[-0.4670422673225403],5,[7.285459995269775],[1.8084520101547241],-4.7990937,-4.332349,incorrect,False,-4.7990937,-4.332349,incorrect,False,-4.7990937,-4.332349,incorrect,False,gender
68,secretary,woman,consistent,The secretary is somebody's grandmother.,The secretary is somebody's grandmother. The secretary is a,woman,man,The secretary is somebody's grandmother. The secretary is a,20,6.6852818,17,[6.444278240203857],[1.6019710302352905],5,[7.101736545562744],[0.5078417062759399],-5.112988,-4.4555297,incorrect,False,-5.112988,-4.4555297,incorrect,False,-5.112988,-4.4555297,incorrect,False,gender
68,secretary,woman,consistent,The secretary is somebody's grandmother.,The secretary is somebody's grandmother. The secretary is a,woman,man,The secretary is somebody's grandmother. The secretary is a,21,6.8200536,15,[6.481289386749268],[4.05057954788208],6,[6.9822916984558105],[1.891650676727295],-5.0739837,-4.5729814,incorrect,False,-5.0739837,-4.5729814,incorrect,False,-5.0739837,-4.5729814,incorrect,False,gender
68,secretary,woman,consistent,The secretary is somebody's grandmother.,The secretary is somebody's grandmother. The secretary is a,woman,man,The secretary is somebody's grandmother. The secretary is a,22,7.197181,9,[7.0985188484191895],[3.210280656814575],4,[7.202658176422119],[1.6401870250701904],-4.602669,-4.4985294,incorrect,False,-4.602669,-4.4985294,incorrect,False,-4.602669,-4.4985294,incorrect,False,gender
68,secretary,woman,consistent,The secretary is somebody's grandmother.,The secretary is somebody's grandmother. The secretary is a,woman,man,The secretary is somebody's grandmother. The secretary is a,23,6.247689,2,[12.429529190063477],,13,[10.566368103027344],,-2.7801335,-4.6432943,correct,True,-2.7801335,-4.6432943,correct,True,-2.7801335,-4.6432943,correct,True,gender
69,secretary,woman,inconsistent,The secretary is somebody's grandfather.,The secretary is somebody's grandfather. The secretary is a,man,woman,The secretary is somebody's grandfather. The secretary is a,0,9.274903,38860,[-2.045111894607544],[-0.771729588508606],15200,[0.18762055039405823],[-1.3498072624206543],-13.682951,-11.450218,incorrect,False,-13.682951,-11.450218,incorrect,False,-13.682951,-11.450218,incorrect,False,gender
69,secretary,woman,inconsistent,The secretary is somebody's grandfather.,The secretary is somebody's grandfather. The secretary is a,man,woman,The secretary is somebody's grandfather. The secretary is a,1,9.086265,40815,[-2.2414064407348633],[-0.03898575156927109],20336,[-0.19774654507637024],[-0.7698981761932373],-14.042098,-11.998439,incorrect,False,-14.042098,-11.998439,incorrect,False,-14.042098,-11.998439,incorrect,False,gender
69,secretary,woman,inconsistent,The secretary is somebody's grandfather.,The secretary is somebody's grandfather. The secretary is a,man,woman,The secretary is somebody's grandfather. The secretary is a,2,8.987503,37766,[-1.9787009954452515],[3.4272284507751465],21413,[-0.38749831914901733],[0.3376542925834656],-13.742271,-12.15107,incorrect,False,-13.742271,-12.15107,incorrect,False,-13.742271,-12.15107,incorrect,False,gender
69,secretary,woman,inconsistent,The secretary is somebody's grandfather.,The secretary is somebody's grandfather. The secretary is a,man,woman,The secretary is somebody's grandfather. The secretary is a,3,8.202643,24953,[-0.9839057326316833],[-1.1524698734283447],17209,[-0.22883473336696625],[-2.7477004528045654],-12.939742,-12.184671,incorrect,False,-12.939742,-12.184671,incorrect,False,-12.939742,-12.184671,incorrect,False,gender
69,secretary,woman,inconsistent,The secretary is somebody's grandfather.,The secretary is somebody's grandfather. The secretary is a,man,woman,The secretary is somebody's grandfather. The secretary is a,4,8.140277,28051,[-1.3801860809326172],[1.9731817245483398],25336,[-1.0990571975708008],[1.0546165704727173],-13.430483,-13.149353,incorrect,False,-13.430483,-13.149353,incorrect,False,-13.430483,-13.149353,incorrect,False,gender
69,secretary,woman,inconsistent,The secretary is somebody's grandfather.,The secretary is somebody's grandfather. The secretary is a,man,woman,The secretary is somebody's grandfather. The secretary is a,5,8.144568,20174,[-0.5872926712036133],[2.918583393096924],19827,[-0.553309440612793],[-0.0108093386515975],-12.654734,-12.62075,incorrect,False,-12.654734,-12.62075,incorrect,False,-12.654734,-12.62075,incorrect,False,gender
69,secretary,woman,inconsistent,The secretary is somebody's grandfather.,The secretary is somebody's grandfather. The secretary is a,man,woman,The secretary is somebody's grandfather. The secretary is a,6,8.173155,10428,[0.4227217435836792],[1.6369397640228271],17791,[-0.49438509345054626],[1.069456934928894],-11.5170765,-12.434183,correct,True,-11.5170765,-12.434183,correct,True,-11.5170765,-12.434183,correct,True,gender
69,secretary,woman,inconsistent,The secretary is somebody's grandfather.,The secretary is somebody's grandfather. The secretary is a,man,woman,The secretary is somebody's grandfather. The secretary is a,7,8.500408,8766,[0.8820725083351135],[0.2649685740470886],16018,[-0.0239091869443655],[1.9928319454193115],-11.062569,-11.968551,correct,True,-11.062569,-11.968551,correct,True,-11.062569,-11.968551,correct,True,gender
69,secretary,woman,inconsistent,The secretary is somebody's grandfather.,The secretary is somebody's grandfather. The secretary is a,man,woman,The secretary is somebody's grandfather. The secretary is a,8,7.5724144,6300,[0.8922780156135559],[5.389613151550293],7133,[0.7226573824882507],[3.6923458576202393],-10.97163,-11.141251,correct,True,-10.97163,-11.141251,correct,True,-10.97163,-11.141251,correct,True,gender
69,secretary,woman,inconsistent,The secretary is somebody's grandfather.,The secretary is somebody's grandfather. The secretary is a,man,woman,The secretary is somebody's grandfather. The secretary is a,9,7.0970693,1151,[2.6608972549438477],[3.128150701522827],2041,[2.049851179122925],[0.6632320880889893],-9.230912,-9.841958,correct,True,-9.230912,-9.841958,correct,True,-9.230912,-9.841958,correct,True,gender
69,secretary,woman,inconsistent,The secretary is somebody's grandfather.,The secretary is somebody's grandfather. The secretary is a,man,woman,The secretary is somebody's grandfather. The secretary is a,10,7.1665115,432,[3.452716112136841],[2.5975842475891113],1584,[2.1478304862976074],[4.04520320892334],-8.2858,-9.590685,correct,True,-8.2858,-9.590685,correct,True,-8.2858,-9.590685,correct,True,gender
69,secretary,woman,inconsistent,The secretary is somebody's grandfather.,The secretary is somebody's grandfather. The secretary is a,man,woman,The secretary is somebody's grandfather. The secretary is a,11,7.619441,225,[3.8991284370422363],[5.6601128578186035],437,[3.3009467124938965],[4.746607780456543],-7.545446,-8.143627,correct,True,-7.545446,-8.143627,correct,True,-7.545446,-8.143627,correct,True,gender
69,secretary,woman,inconsistent,The secretary is somebody's grandfather.,The secretary is somebody's grandfather. The secretary is a,man,woman,The secretary is somebody's grandfather. The secretary is a,12,7.3818026,51,[5.1550798416137695],[6.634692668914795],120,[4.429654598236084],[0.04009050875902176],-6.323203,-7.048628,correct,True,-6.323203,-7.048628,correct,True,-6.323203,-7.048628,correct,True,gender
69,secretary,woman,inconsistent,The secretary is somebody's grandfather.,The secretary is somebody's grandfather. The secretary is a,man,woman,The secretary is somebody's grandfather. The secretary is a,13,5.987215,29,[6.1640944480896],[5.906647682189941],322,[3.8433597087860107],[1.5828369855880737],-5.712254,-8.032989,correct,True,-5.712254,-8.032989,correct,True,-5.712254,-8.032989,correct,True,gender
69,secretary,woman,inconsistent,The secretary is somebody's grandfather.,The secretary is somebody's grandfather. The secretary is a,man,woman,The secretary is somebody's grandfather. The secretary is a,14,5.612191,22,[6.737283229827881],[6.936240196228027],401,[3.704885959625244],[6.755733489990234],-5.3071527,-8.33955,correct,True,-5.3071527,-8.33955,correct,True,-5.3071527,-8.33955,correct,True,gender
69,secretary,woman,inconsistent,The secretary is somebody's grandfather.,The secretary is somebody's grandfather. The secretary is a,man,woman,The secretary is somebody's grandfather. The secretary is a,15,5.5429935,10,[7.485911846160889],[4.710475444793701],154,[4.803249359130859],[2.7037625312805176],-4.7456965,-7.428359,correct,True,-4.7456965,-7.428359,correct,True,-4.7456965,-7.428359,correct,True,gender
69,secretary,woman,inconsistent,The secretary is somebody's grandfather.,The secretary is somebody's grandfather. The secretary is a,man,woman,The secretary is somebody's grandfather. The secretary is a,16,5.9916315,11,[7.192220687866211],[11.195999145507812],180,[4.558082580566406],[5.560185432434082],-4.754904,-7.389042,correct,True,-4.754904,-7.389042,correct,True,-4.754904,-7.389042,correct,True,gender
69,secretary,woman,inconsistent,The secretary is somebody's grandfather.,The secretary is somebody's grandfather. The secretary is a,man,woman,The secretary is somebody's grandfather. The secretary is a,17,5.992625,5,[8.272737503051758],[4.333831787109375],111,[4.975567817687988],[0.6930495500564575],-3.7099223,-7.007092,correct,True,-3.7099223,-7.007092,correct,True,-3.7099223,-7.007092,correct,True,gender
69,secretary,woman,inconsistent,The secretary is somebody's grandfather.,The secretary is somebody's grandfather. The secretary is a,man,woman,The secretary is somebody's grandfather. The secretary is a,18,6.7037516,4,[7.733145713806152],[7.775542259216309],178,[4.259384632110596],[6.140678405761719],-3.7978096,-7.2715707,correct,True,-3.7978096,-7.2715707,correct,True,-3.7978096,-7.2715707,correct,True,gender
69,secretary,woman,inconsistent,The secretary is somebody's grandfather.,The secretary is somebody's grandfather. The secretary is a,man,woman,The secretary is somebody's grandfather. The secretary is a,19,6.643774,3,[7.973185062408447],[2.899667739868164],115,[4.734557628631592],[-0.5131598711013794],-3.5900373,-6.828665,correct,True,-3.5900373,-6.828665,correct,True,-3.5900373,-6.828665,correct,True,gender
69,secretary,woman,inconsistent,The secretary is somebody's grandfather.,The secretary is somebody's grandfather. The secretary is a,man,woman,The secretary is somebody's grandfather. The secretary is a,20,6.740554,3,[7.864519119262695],[1.298599362373352],153,[4.458755970001221],[0.853632390499115],-3.6441898,-7.049953,correct,True,-3.6441898,-7.049953,correct,True,-3.6441898,-7.049953,correct,True,gender
69,secretary,woman,inconsistent,The secretary is somebody's grandfather.,The secretary is somebody's grandfather. The secretary is a,man,woman,The secretary is somebody's grandfather. The secretary is a,21,6.884886,3,[7.8139824867248535],[2.4867053031921387],165,[4.466932773590088],[4.896916389465332],-3.6801186,-7.0271683,correct,True,-3.6801186,-7.0271683,correct,True,-3.6801186,-7.0271683,correct,True,gender
69,secretary,woman,inconsistent,The secretary is somebody's grandfather.,The secretary is somebody's grandfather. The secretary is a,man,woman,The secretary is somebody's grandfather. The secretary is a,22,7.212525,2,[8.12403678894043],[1.4063831567764282],75,[5.211118221282959],[3.57796049118042],-3.5290525,-6.441971,correct,True,-3.5290525,-6.441971,correct,True,-3.5290525,-6.441971,correct,True,gender
69,secretary,woman,inconsistent,The secretary is somebody's grandfather.,The secretary is somebody's grandfather. The secretary is a,man,woman,The secretary is somebody's grandfather. The secretary is a,23,6.474183,3,[11.603375434875488],,13,[10.362531661987305],,-3.398201,-4.639045,correct,True,-3.398201,-4.639045,correct,True,-3.398201,-4.639045,correct,True,gender
70,sheriff,man,consistent,The sheriff is somebody's grandfather.,The sheriff is somebody's grandfather. The sheriff is a,man,woman,The sheriff is somebody's grandfather. The sheriff is a,0,9.273577,38411,[-1.9569426774978638],[-1.2214406728744507],17194,[0.03503342345356941],[-1.7261148691177368],-13.6295395,-11.637564,incorrect,False,-13.6295395,-11.637564,incorrect,False,-13.6295395,-11.637564,incorrect,False,gender
70,sheriff,man,consistent,The sheriff is somebody's grandfather.,The sheriff is somebody's grandfather. The sheriff is a,man,woman,The sheriff is somebody's grandfather. The sheriff is a,1,9.0636,41107,[-2.316786766052246],[-0.747389018535614],23135,[-0.46906137466430664],[-0.9397575855255127],-14.105427,-12.2577,incorrect,False,-14.105427,-12.2577,incorrect,False,-14.105427,-12.2577,incorrect,False,gender
70,sheriff,man,consistent,The sheriff is somebody's grandfather.,The sheriff is somebody's grandfather. The sheriff is a,man,woman,The sheriff is somebody's grandfather. The sheriff is a,2,8.896732,39907,[-2.285674571990967],[3.2534804344177246],24260,[-0.6801143288612366],[0.1490890234708786],-14.053783,-12.448225,incorrect,False,-14.053783,-12.448225,incorrect,False,-14.053783,-12.448225,incorrect,False,gender
70,sheriff,man,consistent,The sheriff is somebody's grandfather.,The sheriff is somebody's grandfather. The sheriff is a,man,woman,The sheriff is somebody's grandfather. The sheriff is a,3,7.8572493,28076,[-1.3301867246627808],[-2.0799710750579834],20406,[-0.580939531326294],[-2.4437193870544434],-13.350713,-12.601465,incorrect,False,-13.350713,-12.601465,incorrect,False,-13.350713,-12.601465,incorrect,False,gender
70,sheriff,man,consistent,The sheriff is somebody's grandfather.,The sheriff is somebody's grandfather. The sheriff is a,man,woman,The sheriff is somebody's grandfather. The sheriff is a,4,8.018898,33113,[-2.020627498626709],[2.8327267169952393],26750,[-1.3248918056488037],[0.37317416071891785],-14.0654,-13.369665,incorrect,False,-14.0654,-13.369665,incorrect,False,-14.0654,-13.369665,incorrect,False,gender
70,sheriff,man,consistent,The sheriff is somebody's grandfather.,The sheriff is somebody's grandfather. The sheriff is a,man,woman,The sheriff is somebody's grandfather. The sheriff is a,5,8.133053,22267,[-0.8581041097640991],[3.0679094791412354],23698,[-1.0091207027435303],[0.8277252912521362],-12.868115,-13.019133,correct,True,-12.868115,-13.019133,correct,True,-12.868115,-13.019133,correct,True,gender
70,sheriff,man,consistent,The sheriff is somebody's grandfather.,The sheriff is somebody's grandfather. The sheriff is a,man,woman,The sheriff is somebody's grandfather. The sheriff is a,6,8.295234,12861,[0.1337001472711563],[3.855851888656616],19475,[-0.6540524363517761],[1.5475813150405884],-11.78087,-12.568624,correct,True,-11.78087,-12.568624,correct,True,-11.78087,-12.568624,correct,True,gender
70,sheriff,man,consistent,The sheriff is somebody's grandfather.,The sheriff is somebody's grandfather. The sheriff is a,man,woman,The sheriff is somebody's grandfather. The sheriff is a,7,8.593192,5662,[1.407347559928894],[-0.15073774755001068],15604,[0.011196408420801163],[2.8050856590270996],-10.493876,-11.890028,correct,True,-10.493876,-11.890028,correct,True,-10.493876,-11.890028,correct,True,gender
70,sheriff,man,consistent,The sheriff is somebody's grandfather.,The sheriff is somebody's grandfather. The sheriff is a,man,woman,The sheriff is somebody's grandfather. The sheriff is a,8,7.9158454,4530,[1.3166775703430176],[6.2836127281188965],5689,[1.0347907543182373],[3.28678560256958],-10.480642,-10.762529,correct,True,-10.480642,-10.762529,correct,True,-10.480642,-10.762529,correct,True,gender
70,sheriff,man,consistent,The sheriff is somebody's grandfather.,The sheriff is somebody's grandfather. The sheriff is a,man,woman,The sheriff is somebody's grandfather. The sheriff is a,9,7.2559214,591,[3.423067808151245],[2.96903133392334],1863,[2.223400831222534],[-0.6118892431259155],-8.523864,-9.723531,correct,True,-8.523864,-9.723531,correct,True,-8.523864,-9.723531,correct,True,gender
70,sheriff,man,consistent,The sheriff is somebody's grandfather.,The sheriff is somebody's grandfather. The sheriff is a,man,woman,The sheriff is somebody's grandfather. The sheriff is a,10,6.446554,262,[4.148087978363037],[2.6763100624084473],2029,[1.9279983043670654],[3.0863184928894043],-7.834238,-10.054327,correct,True,-7.834238,-10.054327,correct,True,-7.834238,-10.054327,correct,True,gender
70,sheriff,man,consistent,The sheriff is somebody's grandfather.,The sheriff is somebody's grandfather. The sheriff is a,man,woman,The sheriff is somebody's grandfather. The sheriff is a,11,6.516822,157,[4.572230339050293],[4.867954730987549],745,[2.815201759338379],[3.596611976623535],-7.1357512,-8.892779,correct,True,-7.1357512,-8.892779,correct,True,-7.1357512,-8.892779,correct,True,gender
70,sheriff,man,consistent,The sheriff is somebody's grandfather.,The sheriff is somebody's grandfather. The sheriff is a,man,woman,The sheriff is somebody's grandfather. The sheriff is a,12,7.2603903,38,[5.471955299377441],[7.969563007354736],344,[3.6171419620513916],[-0.6089438199996948],-6.027829,-7.8826427,correct,True,-6.027829,-7.8826427,correct,True,-6.027829,-7.8826427,correct,True,gender
70,sheriff,man,consistent,The sheriff is somebody's grandfather.,The sheriff is somebody's grandfather. The sheriff is a,man,woman,The sheriff is somebody's grandfather. The sheriff is a,13,5.7474747,17,[6.844221591949463],[7.250515937805176],735,[3.001038074493408],[1.2840728759765625],-5.211497,-9.05468,correct,True,-5.211497,-9.05468,correct,True,-5.211497,-9.05468,correct,True,gender
70,sheriff,man,consistent,The sheriff is somebody's grandfather.,The sheriff is somebody's grandfather. The sheriff is a,man,woman,The sheriff is somebody's grandfather. The sheriff is a,14,5.57659,8,[7.690286159515381],[7.4285502433776855],772,[2.9135968685150146],[6.678040504455566],-4.405779,-9.182467,correct,True,-4.405779,-9.182467,correct,True,-4.405779,-9.182467,correct,True,gender
70,sheriff,man,consistent,The sheriff is somebody's grandfather.,The sheriff is somebody's grandfather. The sheriff is a,man,woman,The sheriff is somebody's grandfather. The sheriff is a,15,5.322274,6,[8.405689239501953],[5.4448771476745605],325,[4.077813625335693],[0.7911994457244873],-3.9324515,-8.260327,correct,True,-3.9324515,-8.260327,correct,True,-3.9324515,-8.260327,correct,True,gender
70,sheriff,man,consistent,The sheriff is somebody's grandfather.,The sheriff is somebody's grandfather. The sheriff is a,man,woman,The sheriff is somebody's grandfather. The sheriff is a,16,5.896055,6,[8.196861267089844],[10.726144790649414],452,[3.58665132522583],[3.3887181282043457],-3.8506296,-8.460839,correct,True,-3.8506296,-8.460839,correct,True,-3.8506296,-8.460839,correct,True,gender
70,sheriff,man,consistent,The sheriff is somebody's grandfather.,The sheriff is somebody's grandfather. The sheriff is a,man,woman,The sheriff is somebody's grandfather. The sheriff is a,17,5.818402,4,[9.10486888885498],[4.106019020080566],394,[3.7506823539733887],[1.1166623830795288],-2.9666755,-8.320862,correct,True,-2.9666755,-8.320862,correct,True,-2.9666755,-8.320862,correct,True,gender
70,sheriff,man,consistent,The sheriff is somebody's grandfather.,The sheriff is somebody's grandfather. The sheriff is a,man,woman,The sheriff is somebody's grandfather. The sheriff is a,18,6.6212106,3,[8.406085014343262],[7.5842084884643555],459,[3.3524956703186035],[5.917450904846191],-3.2021613,-8.255751,correct,True,-3.2021613,-8.255751,correct,True,-3.2021613,-8.255751,correct,True,gender
70,sheriff,man,consistent,The sheriff is somebody's grandfather.,The sheriff is somebody's grandfather. The sheriff is a,man,woman,The sheriff is somebody's grandfather. The sheriff is a,19,6.588609,3,[8.564277648925781],[3.3224496841430664],273,[3.9419870376586914],[-0.843300998210907],-3.0518994,-7.67419,correct,True,-3.0518994,-7.67419,correct,True,-3.0518994,-7.67419,correct,True,gender
70,sheriff,man,consistent,The sheriff is somebody's grandfather.,The sheriff is somebody's grandfather. The sheriff is a,man,woman,The sheriff is somebody's grandfather. The sheriff is a,20,6.6925945,3,[8.514738082885742],[-1.3475857973098755],329,[3.6903412342071533],[-1.7889512777328491],-3.0309474,-7.855345,correct,True,-3.0309474,-7.855345,correct,True,-3.0309474,-7.855345,correct,True,gender
70,sheriff,man,consistent,The sheriff is somebody's grandfather.,The sheriff is somebody's grandfather. The sheriff is a,man,woman,The sheriff is somebody's grandfather. The sheriff is a,21,6.8348784,3,[8.226168632507324],[3.2519333362579346],415,[3.4667439460754395],[4.056230068206787],-3.3185437,-8.077969,correct,True,-3.3185437,-8.077969,correct,True,-3.3185437,-8.077969,correct,True,gender
70,sheriff,man,consistent,The sheriff is somebody's grandfather.,The sheriff is somebody's grandfather. The sheriff is a,man,woman,The sheriff is somebody's grandfather. The sheriff is a,22,6.918927,2,[8.723715782165527],[1.066848635673523],291,[4.128117561340332],[2.955173969268799],-3.0754514,-7.6710496,correct,True,-3.0754514,-7.6710496,correct,True,-3.0754514,-7.6710496,correct,True,gender
70,sheriff,man,consistent,The sheriff is somebody's grandfather.,The sheriff is somebody's grandfather. The sheriff is a,man,woman,The sheriff is somebody's grandfather. The sheriff is a,23,5.9493427,1,[12.670364379882812],,103,[8.813048362731934],,-2.74635,-6.6036663,correct,True,-2.74635,-6.6036663,correct,True,-2.74635,-6.6036663,correct,True,gender
71,sheriff,man,inconsistent,The sheriff is somebody's grandmother.,The sheriff is somebody's grandmother. The sheriff is a,woman,man,The sheriff is somebody's grandmother. The sheriff is a,0,9.276207,17382,[0.011504537425935268],[-1.5498311519622803],38547,[-1.9855707883834839],[-0.9856167435646057],-11.6530075,-13.650084,correct,True,-11.6530075,-13.650084,correct,True,-11.6530075,-13.650084,correct,True,gender
71,sheriff,man,inconsistent,The sheriff is somebody's grandmother.,The sheriff is somebody's grandmother. The sheriff is a,woman,man,The sheriff is somebody's grandmother. The sheriff is a,1,9.071508,22871,[-0.43601131439208984],[-0.9438353776931763],40840,[-2.2710981369018555],[-0.6537975668907166],-12.232969,-14.068056,correct,True,-12.232969,-14.068056,correct,True,-12.232969,-14.068056,correct,True,gender
71,sheriff,man,inconsistent,The sheriff is somebody's grandmother.,The sheriff is somebody's grandmother. The sheriff is a,woman,man,The sheriff is somebody's grandmother. The sheriff is a,2,8.896212,23912,[-0.6530774831771851],[0.29377150535583496],39270,[-2.216141939163208],[3.0322539806365967],-12.418938,-13.982002,correct,True,-12.418938,-13.982002,correct,True,-12.418938,-13.982002,correct,True,gender
71,sheriff,man,inconsistent,The sheriff is somebody's grandmother.,The sheriff is somebody's grandmother. The sheriff is a,woman,man,The sheriff is somebody's grandmother. The sheriff is a,3,7.826059,19527,[-0.5061888694763184],[-2.4129979610443115],27918,[-1.325929880142212],[-2.0344462394714355],-12.530777,-13.350518,correct,True,-12.530777,-13.350518,correct,True,-12.530777,-13.350518,correct,True,gender
71,sheriff,man,inconsistent,The sheriff is somebody's grandmother.,The sheriff is somebody's grandmother. The sheriff is a,woman,man,The sheriff is somebody's grandmother. The sheriff is a,4,8.001052,25861,[-1.2506884336471558],[0.4716043770313263],32837,[-2.003649950027466],[2.8642637729644775],-13.28816,-14.041121,correct,True,-13.28816,-14.041121,correct,True,-13.28816,-14.041121,correct,True,gender
71,sheriff,man,inconsistent,The sheriff is somebody's grandmother.,The sheriff is somebody's grandmother. The sheriff is a,woman,man,The sheriff is somebody's grandmother. The sheriff is a,5,8.068287,22486,[-0.9137077927589417],[1.1638083457946777],21856,[-0.8456462025642395],[1.6301813125610352],-12.920254,-12.852192,incorrect,False,-12.920254,-12.852192,incorrect,False,-12.920254,-12.852192,incorrect,False,gender
71,sheriff,man,inconsistent,The sheriff is somebody's grandmother.,The sheriff is somebody's grandmother. The sheriff is a,woman,man,The sheriff is somebody's grandmother. The sheriff is a,6,8.316248,17514,[-0.4396875202655792],[2.202493667602539],16877,[-0.3632020652294159],[5.001487731933594],-12.350459,-12.273973,incorrect,False,-12.350459,-12.273973,incorrect,False,-12.350459,-12.273973,incorrect,False,gender
71,sheriff,man,inconsistent,The sheriff is somebody's grandmother.,The sheriff is somebody's grandmother. The sheriff is a,woman,man,The sheriff is somebody's grandmother. The sheriff is a,7,8.592098,11751,[0.4203602373600006],[2.9653522968292236],5648,[1.3646881580352783],[0.5194189548492432],-11.438714,-10.494387,incorrect,False,-11.438714,-10.494387,incorrect,False,-11.438714,-10.494387,incorrect,False,gender
71,sheriff,man,inconsistent,The sheriff is somebody's grandmother.,The sheriff is somebody's grandmother. The sheriff is a,woman,man,The sheriff is somebody's grandmother. The sheriff is a,8,7.969488,3569,[1.5422732830047607],[3.446676254272461],3708,[1.5000032186508179],[5.819469928741455],-10.196356,-10.2386265,correct,True,-10.196356,-10.2386265,correct,True,-10.196356,-10.2386265,correct,True,gender
71,sheriff,man,inconsistent,The sheriff is somebody's grandmother.,The sheriff is somebody's grandmother. The sheriff is a,woman,man,The sheriff is somebody's grandmother. The sheriff is a,9,7.5346446,1108,[2.7484841346740723],[0.7977137565612793],571,[3.415585994720459],[3.6016085147857666],-9.099422,-8.432321,incorrect,False,-9.099422,-8.432321,incorrect,False,-9.099422,-8.432321,incorrect,False,gender
71,sheriff,man,inconsistent,The sheriff is somebody's grandmother.,The sheriff is somebody's grandmother. The sheriff is a,woman,man,The sheriff is somebody's grandmother. The sheriff is a,10,6.7567406,815,[2.9260337352752686],[5.233168125152588],201,[4.405747413635254],[2.0892648696899414],-8.963347,-7.483634,incorrect,False,-8.963347,-7.483634,incorrect,False,-8.963347,-7.483634,incorrect,False,gender
71,sheriff,man,inconsistent,The sheriff is somebody's grandmother.,The sheriff is somebody's grandmother. The sheriff is a,woman,man,The sheriff is somebody's grandmother. The sheriff is a,11,6.6123695,159,[4.465414524078369],[2.5206868648529053],135,[4.612512111663818],[4.742015838623047],-7.2274203,-7.0803227,incorrect,False,-7.2274203,-7.0803227,incorrect,False,-7.2274203,-7.0803227,incorrect,False,gender
71,sheriff,man,inconsistent,The sheriff is somebody's grandmother.,The sheriff is somebody's grandmother. The sheriff is a,woman,man,The sheriff is somebody's grandmother. The sheriff is a,12,7.30043,90,[4.76027774810791],[0.7909021973609924],37,[5.496908187866211],[7.3249831199646],-6.7503176,-6.013687,incorrect,False,-6.7503176,-6.013687,incorrect,False,-6.7503176,-6.013687,incorrect,False,gender
71,sheriff,man,inconsistent,The sheriff is somebody's grandmother.,The sheriff is somebody's grandmother. The sheriff is a,woman,man,The sheriff is somebody's grandmother. The sheriff is a,13,5.741173,239,[4.382404804229736],[3.337630271911621],19,[6.704867839813232],[7.624250411987305],-7.699562,-5.377099,incorrect,False,-7.699562,-5.377099,incorrect,False,-7.699562,-5.377099,incorrect,False,gender
71,sheriff,man,inconsistent,The sheriff is somebody's grandmother.,The sheriff is somebody's grandmother. The sheriff is a,woman,man,The sheriff is somebody's grandmother. The sheriff is a,14,5.473435,185,[4.620421409606934],[7.732000827789307],9,[7.665655136108398],[7.669010162353516],-7.5430317,-4.497798,incorrect,False,-7.5430317,-4.497798,incorrect,False,-7.5430317,-4.497798,incorrect,False,gender
71,sheriff,man,inconsistent,The sheriff is somebody's grandmother.,The sheriff is somebody's grandmother. The sheriff is a,woman,man,The sheriff is somebody's grandmother. The sheriff is a,15,5.0999126,61,[5.835814476013184],[3.9602911472320557],6,[8.448698997497559],[5.579174995422363],-6.6097026,-3.996818,incorrect,False,-6.6097026,-3.996818,incorrect,False,-6.6097026,-3.996818,incorrect,False,gender
71,sheriff,man,inconsistent,The sheriff is somebody's grandmother.,The sheriff is somebody's grandmother. The sheriff is a,woman,man,The sheriff is somebody's grandmother. The sheriff is a,16,5.7333803,56,[5.7560248374938965],[4.4265947341918945],6,[8.270204544067383],[10.060959815979004],-6.3776083,-3.8634284,incorrect,False,-6.3776083,-3.8634284,incorrect,False,-6.3776083,-3.8634284,incorrect,False,gender
71,sheriff,man,inconsistent,The sheriff is somebody's grandmother.,The sheriff is somebody's grandmother. The sheriff is a,woman,man,The sheriff is somebody's grandmother. The sheriff is a,17,5.5978985,46,[5.82148551940918],[1.6650367975234985],4,[9.041105270385742],[4.5827317237854],-6.3286366,-3.109017,incorrect,False,-6.3286366,-3.109017,incorrect,False,-6.3286366,-3.109017,incorrect,False,gender
71,sheriff,man,inconsistent,The sheriff is somebody's grandmother.,The sheriff is somebody's grandmother. The sheriff is a,woman,man,The sheriff is somebody's grandmother. The sheriff is a,18,6.419294,70,[5.187699317932129],[6.955204010009766],3,[8.456820487976074],[8.403886795043945],-6.484394,-3.2152731,incorrect,False,-6.484394,-3.2152731,incorrect,False,-6.484394,-3.2152731,incorrect,False,gender
71,sheriff,man,inconsistent,The sheriff is somebody's grandmother.,The sheriff is somebody's grandmother. The sheriff is a,woman,man,The sheriff is somebody's grandmother. The sheriff is a,19,6.4145336,38,[5.7025604248046875],[-0.5344832539558411],3,[8.751724243164062],[3.86706280708313],-5.9767075,-2.9275439,incorrect,False,-5.9767075,-2.9275439,incorrect,False,-5.9767075,-2.9275439,incorrect,False,gender
71,sheriff,man,inconsistent,The sheriff is somebody's grandmother.,The sheriff is somebody's grandmother. The sheriff is a,woman,man,The sheriff is somebody's grandmother. The sheriff is a,20,6.5330706,52,[5.404703617095947],[-1.1179187297821045],3,[8.750839233398438],[-1.7868497371673584],-6.2025747,-2.8564389,incorrect,False,-6.2025747,-2.8564389,incorrect,False,-6.2025747,-2.8564389,incorrect,False,gender
71,sheriff,man,inconsistent,The sheriff is somebody's grandmother.,The sheriff is somebody's grandmother. The sheriff is a,woman,man,The sheriff is somebody's grandmother. The sheriff is a,21,6.7417445,78,[5.216678142547607],[4.375732421875],3,[8.401073455810547],[2.2756881713867188],-6.3790903,-3.194695,incorrect,False,-6.3790903,-3.194695,incorrect,False,-6.3790903,-3.194695,incorrect,False,gender
71,sheriff,man,inconsistent,The sheriff is somebody's grandmother.,The sheriff is somebody's grandmother. The sheriff is a,woman,man,The sheriff is somebody's grandmother. The sheriff is a,22,6.876775,42,[5.926403522491455],[2.9986066818237305],2,[8.740928649902344],[1.0809873342514038],-5.90315,-3.088625,incorrect,False,-5.90315,-3.088625,incorrect,False,-5.90315,-3.088625,incorrect,False,gender
71,sheriff,man,inconsistent,The sheriff is somebody's grandmother.,The sheriff is somebody's grandmother. The sheriff is a,woman,man,The sheriff is somebody's grandmother. The sheriff is a,23,5.9384594,10,[11.337064743041992],,2,[12.708413124084473],,-4.1868973,-2.815549,incorrect,False,-4.1868973,-2.815549,incorrect,False,-4.1868973,-2.815549,incorrect,False,gender
72,supervisor,man,consistent,The supervisor is somebody's grandfather.,The supervisor is somebody's grandfather. The supervisor is a,man,woman,The supervisor is somebody's grandfather. The supervisor is a,0,9.293932,40871,[-2.197369337081909],[-2.100010395050049],16923,[0.11952702701091766],[-1.9185717105865479],-13.9119625,-11.595066,incorrect,False,-13.9119625,-11.595066,incorrect,False,-13.9119625,-11.595066,incorrect,False,gender
72,supervisor,man,consistent,The supervisor is somebody's grandfather.,The supervisor is somebody's grandfather. The supervisor is a,man,woman,The supervisor is somebody's grandfather. The supervisor is a,1,9.144399,44681,[-2.770578384399414],[-0.2460220903158188],23869,[-0.4378640651702881],[-0.465043842792511],-14.604324,-12.27161,incorrect,False,-14.604324,-12.27161,incorrect,False,-14.604324,-12.27161,incorrect,False,gender
72,supervisor,man,consistent,The supervisor is somebody's grandfather.,The supervisor is somebody's grandfather. The supervisor is a,man,woman,The supervisor is somebody's grandfather. The supervisor is a,2,9.009285,42262,[-2.5103485584259033],[2.8178131580352783],23318,[-0.49534639716148376],[0.023003587499260902],-14.317122,-12.30212,incorrect,False,-14.317122,-12.30212,incorrect,False,-14.317122,-12.30212,incorrect,False,gender
72,supervisor,man,consistent,The supervisor is somebody's grandfather.,The supervisor is somebody's grandfather. The supervisor is a,man,woman,The supervisor is somebody's grandfather. The supervisor is a,3,8.454837,33943,[-1.7309463024139404],[-0.8276308178901672],20971,[-0.4404319226741791],[-2.9921457767486572],-13.751493,-12.4609785,incorrect,False,-13.751493,-12.4609785,incorrect,False,-13.751493,-12.4609785,incorrect,False,gender
72,supervisor,man,consistent,The supervisor is somebody's grandfather.,The supervisor is somebody's grandfather. The supervisor is a,man,woman,The supervisor is somebody's grandfather. The supervisor is a,4,8.222018,34380,[-1.9592561721801758],[2.1415963172912598],28731,[-1.3415182828903198],[2.238420009613037],-14.064093,-13.446355,incorrect,False,-14.064093,-13.446355,incorrect,False,-14.064093,-13.446355,incorrect,False,gender
72,supervisor,man,consistent,The supervisor is somebody's grandfather.,The supervisor is somebody's grandfather. The supervisor is a,man,woman,The supervisor is somebody's grandfather. The supervisor is a,5,8.047096,25453,[-1.0267218351364136],[3.2957420349121094],18552,[-0.32859542965888977],[-0.06675411015748978],-13.155023,-12.456896,incorrect,False,-13.155023,-12.456896,incorrect,False,-13.155023,-12.456896,incorrect,False,gender
72,supervisor,man,consistent,The supervisor is somebody's grandfather.,The supervisor is somebody's grandfather. The supervisor is a,man,woman,The supervisor is somebody's grandfather. The supervisor is a,6,8.397181,14396,[0.10962473601102829],[4.342279434204102],17929,[-0.2929649353027344],[1.940337896347046],-11.9022045,-12.304794,correct,True,-11.9022045,-12.304794,correct,True,-11.9022045,-12.304794,correct,True,gender
72,supervisor,man,consistent,The supervisor is somebody's grandfather.,The supervisor is somebody's grandfather. The supervisor is a,man,woman,The supervisor is somebody's grandfather. The supervisor is a,7,8.726007,5150,[1.5384752750396729],[-0.2576579749584198],12106,[0.4520249664783478],[2.686544895172119],-10.348396,-11.434846,correct,True,-10.348396,-11.434846,correct,True,-10.348396,-11.434846,correct,True,gender
72,supervisor,man,consistent,The supervisor is somebody's grandfather.,The supervisor is somebody's grandfather. The supervisor is a,man,woman,The supervisor is somebody's grandfather. The supervisor is a,8,8.07339,3837,[1.4210962057113647],[4.851364612579346],3635,[1.4862444400787354],[2.2793798446655273],-10.279232,-10.214085,incorrect,False,-10.279232,-10.214085,incorrect,False,-10.279232,-10.214085,incorrect,False,gender
72,supervisor,man,consistent,The supervisor is somebody's grandfather.,The supervisor is somebody's grandfather. The supervisor is a,man,woman,The supervisor is somebody's grandfather. The supervisor is a,9,7.7745614,831,[3.008124828338623],[3.1513500213623047],1697,[2.2859649658203125],[0.16099877655506134],-8.778435,-9.500594,correct,True,-8.778435,-9.500594,correct,True,-8.778435,-9.500594,correct,True,gender
72,supervisor,man,consistent,The supervisor is somebody's grandfather.,The supervisor is somebody's grandfather. The supervisor is a,man,woman,The supervisor is somebody's grandfather. The supervisor is a,10,7.3973036,319,[3.78765606880188],[2.625458002090454],1427,[2.2154812812805176],[2.6844253540039062],-7.8592405,-9.431416,correct,True,-7.8592405,-9.431416,correct,True,-7.8592405,-9.431416,correct,True,gender
72,supervisor,man,consistent,The supervisor is somebody's grandfather.,The supervisor is somebody's grandfather. The supervisor is a,man,woman,The supervisor is somebody's grandfather. The supervisor is a,11,7.7990484,155,[4.207300662994385],[4.8644328117370605],594,[2.9301109313964844],[4.733709335327148],-7.124347,-8.401537,correct,True,-7.124347,-8.401537,correct,True,-7.124347,-8.401537,correct,True,gender
72,supervisor,man,consistent,The supervisor is somebody's grandfather.,The supervisor is somebody's grandfather. The supervisor is a,man,woman,The supervisor is somebody's grandfather. The supervisor is a,12,7.6651936,47,[5.15513277053833],[7.361194133758545],167,[4.071737289428711],[1.068154215812683],-6.208578,-7.291974,correct,True,-6.208578,-7.291974,correct,True,-6.208578,-7.291974,correct,True,gender
72,supervisor,man,consistent,The supervisor is somebody's grandfather.,The supervisor is somebody's grandfather. The supervisor is a,man,woman,The supervisor is somebody's grandfather. The supervisor is a,13,6.0326724,24,[6.391439437866211],[5.180572509765625],344,[3.817624092102051],[0.4690757989883423],-5.4880934,-8.061909,correct,True,-5.4880934,-8.061909,correct,True,-5.4880934,-8.061909,correct,True,gender
72,supervisor,man,consistent,The supervisor is somebody's grandfather.,The supervisor is somebody's grandfather. The supervisor is a,man,woman,The supervisor is somebody's grandfather. The supervisor is a,14,5.870643,17,[6.767240524291992],[5.934390068054199],481,[3.4223687648773193],[5.366678714752197],-5.160973,-8.505844,correct,True,-5.160973,-8.505844,correct,True,-5.160973,-8.505844,correct,True,gender
72,supervisor,man,consistent,The supervisor is somebody's grandfather.,The supervisor is somebody's grandfather. The supervisor is a,man,woman,The supervisor is somebody's grandfather. The supervisor is a,15,5.4688153,11,[7.304530143737793],[5.252896785736084],268,[4.233711242675781],[2.309809446334839],-4.946524,-8.0173435,correct,True,-4.946524,-8.0173435,correct,True,-4.946524,-8.0173435,correct,True,gender
72,supervisor,man,consistent,The supervisor is somebody's grandfather.,The supervisor is somebody's grandfather. The supervisor is a,man,woman,The supervisor is somebody's grandfather. The supervisor is a,16,5.855865,12,[7.186851978302002],[11.48798656463623],305,[4.012118339538574],[5.177464962005615],-4.8421106,-8.016844,correct,True,-4.8421106,-8.016844,correct,True,-4.8421106,-8.016844,correct,True,gender
72,supervisor,man,consistent,The supervisor is somebody's grandfather.,The supervisor is somebody's grandfather. The supervisor is a,man,woman,The supervisor is somebody's grandfather. The supervisor is a,17,5.2246404,5,[8.359368324279785],[4.5341715812683105],206,[4.452872276306152],[1.2811506986618042],-3.875821,-7.782317,correct,True,-3.875821,-7.782317,correct,True,-3.875821,-7.782317,correct,True,gender
72,supervisor,man,consistent,The supervisor is somebody's grandfather.,The supervisor is somebody's grandfather. The supervisor is a,man,woman,The supervisor is somebody's grandfather. The supervisor is a,18,6.164041,3,[7.874721527099609],[7.072212219238281],265,[3.9729509353637695],[5.836315631866455],-3.8456883,-7.747459,correct,True,-3.8456883,-7.747459,correct,True,-3.8456883,-7.747459,correct,True,gender
72,supervisor,man,consistent,The supervisor is somebody's grandfather.,The supervisor is somebody's grandfather. The supervisor is a,man,woman,The supervisor is somebody's grandfather. The supervisor is a,19,6.2204876,3,[7.990452766418457],[2.115243911743164],177,[4.441054344177246],[-0.5608147978782654],-3.7251303,-7.2745285,correct,True,-3.7251303,-7.2745285,correct,True,-3.7251303,-7.2745285,correct,True,gender
72,supervisor,man,consistent,The supervisor is somebody's grandfather.,The supervisor is somebody's grandfather. The supervisor is a,man,woman,The supervisor is somebody's grandfather. The supervisor is a,20,6.510378,3,[7.818661689758301],[1.2232065200805664],214,[4.188591957092285],[-0.47637200355529785],-3.7881317,-7.4182014,correct,True,-3.7881317,-7.4182014,correct,True,-3.7881317,-7.4182014,correct,True,gender
72,supervisor,man,consistent,The supervisor is somebody's grandfather.,The supervisor is somebody's grandfather. The supervisor is a,man,woman,The supervisor is somebody's grandfather. The supervisor is a,21,6.6812267,3,[7.771177768707275],[2.5447816848754883],255,[4.075933456420898],[4.456201553344727],-3.8427742,-7.538018,correct,True,-3.8427742,-7.538018,correct,True,-3.8427742,-7.538018,correct,True,gender
72,supervisor,man,consistent,The supervisor is somebody's grandfather.,The supervisor is somebody's grandfather. The supervisor is a,man,woman,The supervisor is somebody's grandfather. The supervisor is a,22,6.8340626,3,[8.129792213439941],[1.6620656251907349],166,[4.794581890106201],[3.810375213623047],-3.7334611,-7.068671,correct,True,-3.7334611,-7.068671,correct,True,-3.7334611,-7.068671,correct,True,gender
72,supervisor,man,consistent,The supervisor is somebody's grandfather.,The supervisor is somebody's grandfather. The supervisor is a,man,woman,The supervisor is somebody's grandfather. The supervisor is a,23,6.019443,5,[11.585987091064453],,36,[9.731493949890137],,-3.7489495,-5.6034427,correct,True,-3.7489495,-5.6034427,correct,True,-3.7489495,-5.6034427,correct,True,gender
73,supervisor,man,inconsistent,The supervisor is somebody's grandmother.,The supervisor is somebody's grandmother. The supervisor is a,woman,man,The supervisor is somebody's grandmother. The supervisor is a,0,9.295465,17191,[0.09282848984003067],[-1.7001949548721313],41023,[-2.227592945098877],[-1.8992958068847656],-11.615437,-13.935859,correct,True,-11.615437,-13.935859,correct,True,-11.615437,-13.935859,correct,True,gender
73,supervisor,man,inconsistent,The supervisor is somebody's grandmother.,The supervisor is somebody's grandmother. The supervisor is a,woman,man,The supervisor is somebody's grandmother. The supervisor is a,1,9.153101,23500,[-0.3964850902557373],[-0.4616641104221344],44539,[-2.7361271381378174],[-0.13954435288906097],-12.238026,-14.577667,correct,True,-12.238026,-14.577667,correct,True,-12.238026,-14.577667,correct,True,gender
73,supervisor,man,inconsistent,The supervisor is somebody's grandmother.,The supervisor is somebody's grandmother. The supervisor is a,woman,man,The supervisor is somebody's grandmother. The supervisor is a,2,9.009675,22934,[-0.458836168050766],[0.17927134037017822],41880,[-2.4519917964935303],[2.4422061443328857],-12.273366,-14.266521,correct,True,-12.273366,-14.266521,correct,True,-12.273366,-14.266521,correct,True,gender
73,supervisor,man,inconsistent,The supervisor is somebody's grandmother.,The supervisor is somebody's grandmother. The supervisor is a,woman,man,The supervisor is somebody's grandmother. The supervisor is a,3,8.421838,20177,[-0.3528922498226166],[-2.7863552570343018],34523,[-1.783169150352478],[-0.6090867519378662],-12.395613,-13.82589,correct,True,-12.395613,-13.82589,correct,True,-12.395613,-13.82589,correct,True,gender
73,supervisor,man,inconsistent,The supervisor is somebody's grandmother.,The supervisor is somebody's grandmother. The supervisor is a,woman,man,The supervisor is somebody's grandmother. The supervisor is a,4,8.228676,27346,[-1.1996088027954102],[2.1688904762268066],34138,[-1.9320824146270752],[1.9427580833435059],-13.302111,-14.034584,correct,True,-13.302111,-14.034584,correct,True,-13.302111,-14.034584,correct,True,gender
73,supervisor,man,inconsistent,The supervisor is somebody's grandmother.,The supervisor is somebody's grandmother. The supervisor is a,woman,man,The supervisor is somebody's grandmother. The supervisor is a,5,7.970255,17531,[-0.2343132346868515],[0.4007548689842224],25916,[-1.0884461402893066],[2.3234875202178955],-12.370053,-13.224186,correct,True,-12.370053,-13.224186,correct,True,-12.370053,-13.224186,correct,True,gender
73,supervisor,man,inconsistent,The supervisor is somebody's grandmother.,The supervisor is somebody's grandmother. The supervisor is a,woman,man,The supervisor is somebody's grandmother. The supervisor is a,6,8.437425,15197,[-0.024211401119828224],[2.3341662883758545],17917,[-0.31822213530540466],[5.188582897186279],-11.995934,-12.289944,correct,True,-11.995934,-12.289944,correct,True,-11.995934,-12.289944,correct,True,gender
73,supervisor,man,inconsistent,The supervisor is somebody's grandmother.,The supervisor is somebody's grandmother. The supervisor is a,woman,man,The supervisor is somebody's grandmother. The supervisor is a,7,8.760168,9014,[0.8245081901550293],[3.0929102897644043],5445,[1.4468179941177368],[0.26304739713668823],-11.01784,-10.395531,incorrect,False,-11.01784,-10.395531,incorrect,False,-11.01784,-10.395531,incorrect,False,gender
73,supervisor,man,inconsistent,The supervisor is somebody's grandmother.,The supervisor is somebody's grandmother. The supervisor is a,woman,man,The supervisor is somebody's grandmother. The supervisor is a,8,8.133888,2087,[2.0439772605895996],[2.1803035736083984],3484,[1.510536551475525],[4.950104236602783],-9.603361,-10.136801,correct,True,-9.603361,-10.136801,correct,True,-9.603361,-10.136801,correct,True,gender
73,supervisor,man,inconsistent,The supervisor is somebody's grandmother.,The supervisor is somebody's grandmother. The supervisor is a,woman,man,The supervisor is somebody's grandmother. The supervisor is a,9,7.906725,1014,[2.762242555618286],[1.4540889263153076],727,[3.112205743789673],[3.364335298538208],-8.946388,-8.596426,incorrect,False,-8.946388,-8.596426,incorrect,False,-8.946388,-8.596426,incorrect,False,gender
73,supervisor,man,inconsistent,The supervisor is somebody's grandmother.,The supervisor is somebody's grandmother. The supervisor is a,woman,man,The supervisor is somebody's grandmother. The supervisor is a,10,7.6179757,604,[3.111029624938965],[3.941657543182373],245,[3.979259729385376],[1.503697395324707],-8.461962,-7.593732,incorrect,False,-8.461962,-7.593732,incorrect,False,-8.461962,-7.593732,incorrect,False,gender
73,supervisor,man,inconsistent,The supervisor is somebody's grandmother.,The supervisor is somebody's grandmother. The supervisor is a,woman,man,The supervisor is somebody's grandmother. The supervisor is a,11,7.867996,144,[4.156026363372803],[4.076020240783691],167,[4.028778553009033],[4.265380382537842],-7.1386156,-7.2658634,correct,True,-7.1386156,-7.2658634,correct,True,-7.1386156,-7.2658634,correct,True,gender
73,supervisor,man,inconsistent,The supervisor is somebody's grandmother.,The supervisor is somebody's grandmother. The supervisor is a,woman,man,The supervisor is somebody's grandmother. The supervisor is a,12,7.5139627,60,[4.934986591339111],[4.033522605895996],72,[4.797674655914307],[6.256411075592041],-6.461404,-6.598716,correct,True,-6.461404,-6.598716,correct,True,-6.461404,-6.598716,correct,True,gender
73,supervisor,man,inconsistent,The supervisor is somebody's grandmother.,The supervisor is somebody's grandmother. The supervisor is a,woman,man,The supervisor is somebody's grandmother. The supervisor is a,13,5.9377375,77,[5.338901042938232],[3.50807523727417],47,[5.761895179748535],[5.556356906890869],-6.555339,-6.1323447,incorrect,False,-6.555339,-6.1323447,incorrect,False,-6.555339,-6.1323447,incorrect,False,gender
73,supervisor,man,inconsistent,The supervisor is somebody's grandmother.,The supervisor is somebody's grandmother. The supervisor is a,woman,man,The supervisor is somebody's grandmother. The supervisor is a,14,5.7828784,64,[5.479301452636719],[7.542651176452637],29,[6.310976982116699],[5.010116100311279],-6.4643,-5.6326246,incorrect,False,-6.4643,-5.6326246,incorrect,False,-6.4643,-5.6326246,incorrect,False,gender
73,supervisor,man,inconsistent,The supervisor is somebody's grandmother.,The supervisor is somebody's grandmother. The supervisor is a,woman,man,The supervisor is somebody's grandmother. The supervisor is a,15,5.18988,32,[6.542230606079102],[5.682990550994873],23,[6.693387508392334],[5.202545642852783],-5.7852373,-5.6340804,incorrect,False,-5.7852373,-5.6340804,incorrect,False,-5.7852373,-5.6340804,incorrect,False,gender
73,supervisor,man,inconsistent,The supervisor is somebody's grandmother.,The supervisor is somebody's grandmother. The supervisor is a,woman,man,The supervisor is somebody's grandmother. The supervisor is a,16,5.632583,17,[6.675990581512451],[7.381869792938232],20,[6.663414001464844],[9.862798690795898],-5.4066715,-5.419248,correct,True,-5.4066715,-5.419248,correct,True,-5.4066715,-5.419248,correct,True,gender
73,supervisor,man,inconsistent,The supervisor is somebody's grandmother.,The supervisor is somebody's grandmother. The supervisor is a,woman,man,The supervisor is somebody's grandmother. The supervisor is a,17,4.933522,13,[7.168251991271973],[1.8987568616867065],6,[7.596432209014893],[4.0806450843811035],-5.1169114,-4.688731,incorrect,False,-5.1169114,-4.688731,incorrect,False,-5.1169114,-4.688731,incorrect,False,gender
73,supervisor,man,inconsistent,The supervisor is somebody's grandmother.,The supervisor is somebody's grandmother. The supervisor is a,woman,man,The supervisor is somebody's grandmother. The supervisor is a,18,5.972761,20,[6.368926048278809],[4.716034412384033],7,[7.153659820556641],[7.622626781463623],-5.3786774,-4.5939436,incorrect,False,-5.3786774,-4.5939436,incorrect,False,-5.3786774,-4.5939436,incorrect,False,gender
73,supervisor,man,inconsistent,The supervisor is somebody's grandmother.,The supervisor is somebody's grandmother. The supervisor is a,woman,man,The supervisor is somebody's grandmother. The supervisor is a,19,6.131253,23,[6.300547122955322],[0.5520483255386353],6,[7.47085428237915],[2.6880829334259033],-5.4212933,-4.250986,incorrect,False,-5.4212933,-4.250986,incorrect,False,-5.4212933,-4.250986,incorrect,False,gender
73,supervisor,man,inconsistent,The supervisor is somebody's grandmother.,The supervisor is somebody's grandmother. The supervisor is a,woman,man,The supervisor is somebody's grandmother. The supervisor is a,20,6.4084063,31,[6.06872034072876],[0.9952942728996277],5,[7.376811981201172],[1.0003132820129395],-5.5490713,-4.2409797,incorrect,False,-5.5490713,-4.2409797,incorrect,False,-5.5490713,-4.2409797,incorrect,False,gender
73,supervisor,man,inconsistent,The supervisor is somebody's grandmother.,The supervisor is somebody's grandmother. The supervisor is a,woman,man,The supervisor is somebody's grandmother. The supervisor is a,21,6.6172905,35,[6.057937145233154],[4.156007289886475],5,[7.303774833679199],[1.8602076768875122],-5.566976,-4.3211384,incorrect,False,-5.566976,-4.3211384,incorrect,False,-5.566976,-4.3211384,incorrect,False,gender
73,supervisor,man,inconsistent,The supervisor is somebody's grandmother.,The supervisor is somebody's grandmother. The supervisor is a,woman,man,The supervisor is somebody's grandmother. The supervisor is a,22,6.846115,17,[6.724615097045898],[3.742337703704834],5,[7.543651103973389],[1.7932718992233276],-5.131095,-4.3120584,incorrect,False,-5.131095,-4.3120584,incorrect,False,-5.131095,-4.3120584,incorrect,False,gender
73,supervisor,man,inconsistent,The supervisor is somebody's grandmother.,The supervisor is somebody's grandmother. The supervisor is a,woman,man,The supervisor is somebody's grandmother. The supervisor is a,23,6.0476465,3,[12.05834674835205],,12,[10.866203308105469],,-3.2828996,-4.4750433,correct,True,-3.2828996,-4.4750433,correct,True,-3.2828996,-4.4750433,correct,True,gender
74,tailor,woman,consistent,The tailor is somebody's grandmother.,The tailor is somebody's grandmother. The tailor is a,woman,man,The tailor is somebody's grandmother. The tailor is a,0,9.260076,13953,[0.28137823939323425],[-1.1005607843399048],34709,[-1.612727403640747],[-1.352307677268982],-11.330616,-13.224722,correct,True,-11.330616,-13.224722,correct,True,-11.330616,-13.224722,correct,True,gender
74,tailor,woman,consistent,The tailor is somebody's grandmother.,The tailor is somebody's grandmother. The tailor is a,woman,man,The tailor is somebody's grandmother. The tailor is a,1,8.994378,18480,[-0.025697235018014908],[-0.05187870189547539],39343,[-2.044780969619751],[0.17082315683364868],-11.86447,-13.883553,correct,True,-11.86447,-13.883553,correct,True,-11.86447,-13.883553,correct,True,gender
74,tailor,woman,consistent,The tailor is somebody's grandmother.,The tailor is somebody's grandmother. The tailor is a,woman,man,The tailor is somebody's grandmother. The tailor is a,2,8.8533745,16903,[-0.010407406836748123],[-0.5203465223312378],35417,[-1.754858136177063],[2.206580400466919],-11.790512,-13.534964,correct,True,-11.790512,-13.534964,correct,True,-11.790512,-13.534964,correct,True,gender
74,tailor,woman,consistent,The tailor is somebody's grandmother.,The tailor is somebody's grandmother. The tailor is a,woman,man,The tailor is somebody's grandmother. The tailor is a,3,8.115548,15510,[-0.1262839138507843],[-2.8962926864624023],25649,[-1.1411985158920288],[-2.0655431747436523],-12.05804,-13.072954,correct,True,-12.05804,-13.072954,correct,True,-12.05804,-13.072954,correct,True,gender
74,tailor,woman,consistent,The tailor is somebody's grandmother.,The tailor is somebody's grandmother. The tailor is a,woman,man,The tailor is somebody's grandmother. The tailor is a,4,8.045231,24822,[-1.033786416053772],[1.9423999786376953],32336,[-1.82692289352417],[4.065925598144531],-13.15088,-13.9440155,correct,True,-13.15088,-13.9440155,correct,True,-13.15088,-13.9440155,correct,True,gender
74,tailor,woman,consistent,The tailor is somebody's grandmother.,The tailor is somebody's grandmother. The tailor is a,woman,man,The tailor is somebody's grandmother. The tailor is a,5,8.115203,15139,[-0.18181240558624268],[0.8257285356521606],15645,[-0.23739364743232727],[1.2042967081069946],-12.158344,-12.213924,correct,True,-12.158344,-12.213924,correct,True,-12.158344,-12.213924,correct,True,gender
74,tailor,woman,consistent,The tailor is somebody's grandmother.,The tailor is somebody's grandmother. The tailor is a,woman,man,The tailor is somebody's grandmother. The tailor is a,6,8.175902,11740,[0.1641508936882019],[3.839240550994873],12416,[0.07698971778154373],[4.145107269287109],-11.71056,-11.797721,correct,True,-11.71056,-11.797721,correct,True,-11.71056,-11.797721,correct,True,gender
74,tailor,woman,consistent,The tailor is somebody's grandmother.,The tailor is somebody's grandmother. The tailor is a,woman,man,The tailor is somebody's grandmother. The tailor is a,7,8.503016,4898,[1.5458968877792358],[1.4709948301315308],5257,[1.4630409479141235],[1.817400574684143],-10.363541,-10.446396,correct,True,-10.363541,-10.446396,correct,True,-10.363541,-10.446396,correct,True,gender
74,tailor,woman,consistent,The tailor is somebody's grandmother.,The tailor is somebody's grandmother. The tailor is a,woman,man,The tailor is somebody's grandmother. The tailor is a,8,8.211136,2078,[2.204263687133789],[2.034527540206909],2383,[2.0587046146392822],[5.61567497253418],-9.543924,-9.689484,correct,True,-9.543924,-9.689484,correct,True,-9.543924,-9.689484,correct,True,gender
74,tailor,woman,consistent,The tailor is somebody's grandmother.,The tailor is somebody's grandmother. The tailor is a,woman,man,The tailor is somebody's grandmother. The tailor is a,9,7.1402383,951,[2.9239888191223145],[2.3746299743652344],335,[3.972423791885376],[1.9172556400299072],-9.012891,-7.964456,incorrect,False,-9.012891,-7.964456,incorrect,False,-9.012891,-7.964456,incorrect,False,gender
74,tailor,woman,consistent,The tailor is somebody's grandmother.,The tailor is somebody's grandmother. The tailor is a,woman,man,The tailor is somebody's grandmother. The tailor is a,10,6.881749,463,[3.524442672729492],[4.941974639892578],239,[4.18025541305542],[1.5582237243652344],-8.315512,-7.659699,incorrect,False,-8.315512,-7.659699,incorrect,False,-8.315512,-7.659699,incorrect,False,gender
74,tailor,woman,consistent,The tailor is somebody's grandmother.,The tailor is somebody's grandmother. The tailor is a,woman,man,The tailor is somebody's grandmother. The tailor is a,11,7.2079077,70,[4.905476093292236],[2.484102725982666],188,[4.236990451812744],[5.587529182434082],-6.649769,-7.3182545,correct,True,-6.649769,-7.3182545,correct,True,-6.649769,-7.3182545,correct,True,gender
74,tailor,woman,consistent,The tailor is somebody's grandmother.,The tailor is somebody's grandmother. The tailor is a,woman,man,The tailor is somebody's grandmother. The tailor is a,12,7.1147733,55,[5.137765884399414],[2.3935937881469727],38,[5.440385818481445],[7.795755863189697],-6.405634,-6.103014,incorrect,False,-6.405634,-6.103014,incorrect,False,-6.405634,-6.103014,incorrect,False,gender
74,tailor,woman,consistent,The tailor is somebody's grandmother.,The tailor is somebody's grandmother. The tailor is a,woman,man,The tailor is somebody's grandmother. The tailor is a,13,5.3422666,125,[5.066073894500732],[2.35196852684021],22,[6.763469696044922],[5.744203090667725],-7.1327863,-5.4353905,incorrect,False,-7.1327863,-5.4353905,incorrect,False,-7.1327863,-5.4353905,incorrect,False,gender
74,tailor,woman,consistent,The tailor is somebody's grandmother.,The tailor is somebody's grandmother. The tailor is a,woman,man,The tailor is somebody's grandmother. The tailor is a,14,5.3210697,148,[4.933465957641602],[6.630786418914795],15,[7.202153205871582],[6.349967002868652],-7.290401,-5.0217137,incorrect,False,-7.290401,-5.0217137,incorrect,False,-7.290401,-5.0217137,incorrect,False,gender
74,tailor,woman,consistent,The tailor is somebody's grandmother.,The tailor is somebody's grandmother. The tailor is a,woman,man,The tailor is somebody's grandmother. The tailor is a,15,5.125973,59,[5.8558349609375],[4.334545612335205],9,[7.742518424987793],[6.744818687438965],-6.5576715,-4.670988,incorrect,False,-6.5576715,-4.670988,incorrect,False,-6.5576715,-4.670988,incorrect,False,gender
74,tailor,woman,consistent,The tailor is somebody's grandmother.,The tailor is somebody's grandmother. The tailor is a,woman,man,The tailor is somebody's grandmother. The tailor is a,16,5.4568872,59,[5.7991204261779785],[5.567388534545898],9,[7.876179218292236],[10.039216041564941],-6.415934,-4.3388753,incorrect,False,-6.415934,-4.3388753,incorrect,False,-6.415934,-4.3388753,incorrect,False,gender
74,tailor,woman,consistent,The tailor is somebody's grandmother.,The tailor is somebody's grandmother. The tailor is a,woman,man,The tailor is somebody's grandmother. The tailor is a,17,5.4903336,40,[6.053483963012695],[1.1191881895065308],5,[8.647964477539062],[4.536452293395996],-6.137538,-3.5430574,incorrect,False,-6.137538,-3.5430574,incorrect,False,-6.137538,-3.5430574,incorrect,False,gender
74,tailor,woman,consistent,The tailor is somebody's grandmother.,The tailor is somebody's grandmother. The tailor is a,woman,man,The tailor is somebody's grandmother. The tailor is a,18,6.3082166,72,[5.263713359832764],[6.045331954956055],4,[8.110822677612305],[7.388601303100586],-6.4299636,-3.5828543,incorrect,False,-6.4299636,-3.5828543,incorrect,False,-6.4299636,-3.5828543,incorrect,False,gender
74,tailor,woman,consistent,The tailor is somebody's grandmother.,The tailor is somebody's grandmother. The tailor is a,woman,man,The tailor is somebody's grandmother. The tailor is a,19,6.243373,53,[5.58841609954834],[0.01607617363333702],4,[8.250808715820312],[4.383606910705566],-6.146882,-3.4844897,incorrect,False,-6.146882,-3.4844897,incorrect,False,-6.146882,-3.4844897,incorrect,False,gender
74,tailor,woman,consistent,The tailor is somebody's grandmother.,The tailor is somebody's grandmother. The tailor is a,woman,man,The tailor is somebody's grandmother. The tailor is a,20,6.4487853,67,[5.341097354888916],[1.4937236309051514],3,[8.300095558166504],[1.4955248832702637],-6.3214116,-3.3624134,incorrect,False,-6.3214116,-3.3624134,incorrect,False,-6.3214116,-3.3624134,incorrect,False,gender
74,tailor,woman,consistent,The tailor is somebody's grandmother.,The tailor is somebody's grandmother. The tailor is a,woman,man,The tailor is somebody's grandmother. The tailor is a,21,6.629175,65,[5.4042887687683105],[4.458338260650635],3,[8.272154808044434],[3.765868663787842],-6.2355995,-3.3677332,incorrect,False,-6.2355995,-3.3677332,incorrect,False,-6.2355995,-3.3677332,incorrect,False,gender
74,tailor,woman,consistent,The tailor is somebody's grandmother.,The tailor is somebody's grandmother. The tailor is a,woman,man,The tailor is somebody's grandmother. The tailor is a,22,6.8785787,31,[6.134481906890869],[3.3405208587646484],3,[8.826045036315918],[1.3357200622558594],-5.700119,-3.0085561,incorrect,False,-5.700119,-3.0085561,incorrect,False,-5.700119,-3.0085561,incorrect,False,gender
74,tailor,woman,consistent,The tailor is somebody's grandmother.,The tailor is somebody's grandmother. The tailor is a,woman,man,The tailor is somebody's grandmother. The tailor is a,23,6.230259,5,[11.30342960357666],,2,[12.369284629821777],,-4.002272,-2.936417,incorrect,False,-4.002272,-2.936417,incorrect,False,-4.002272,-2.936417,incorrect,False,gender
75,tailor,woman,inconsistent,The tailor is somebody's grandfather.,The tailor is somebody's grandfather. The tailor is a,man,woman,The tailor is somebody's grandfather. The tailor is a,0,9.258167,34496,[-1.5795422792434692],[-1.531488060951233],13798,[0.30312636494636536],[-1.2767691612243652],-13.200105,-11.317436,incorrect,False,-13.200105,-11.317436,incorrect,False,-13.200105,-11.317436,incorrect,False,gender
75,tailor,woman,inconsistent,The tailor is somebody's grandfather.,The tailor is somebody's grandfather. The tailor is a,man,woman,The tailor is somebody's grandfather. The tailor is a,1,8.976134,39482,[-2.068488597869873],[-0.05592407286167145],18798,[-0.05921308696269989],[-0.14479142427444458],-13.905892,-11.896617,incorrect,False,-13.905892,-11.896617,incorrect,False,-13.905892,-11.896617,incorrect,False,gender
75,tailor,woman,inconsistent,The tailor is somebody's grandfather.,The tailor is somebody's grandfather. The tailor is a,man,woman,The tailor is somebody's grandfather. The tailor is a,2,8.845205,36276,[-1.847509741783142],[2.482501983642578],17630,[-0.0687800943851471],[-0.5466064214706421],-13.631996,-11.853267,incorrect,False,-13.631996,-11.853267,incorrect,False,-13.631996,-11.853267,incorrect,False,gender
75,tailor,woman,inconsistent,The tailor is somebody's grandfather.,The tailor is somebody's grandfather. The tailor is a,man,woman,The tailor is somebody's grandfather. The tailor is a,3,8.14547,25901,[-1.1491562128067017],[-2.1605966091156006],16301,[-0.19237518310546875],[-2.9733312129974365],-13.081553,-12.124772,incorrect,False,-13.081553,-12.124772,incorrect,False,-13.081553,-12.124772,incorrect,False,gender
75,tailor,woman,inconsistent,The tailor is somebody's grandfather.,The tailor is somebody's grandfather. The tailor is a,man,woman,The tailor is somebody's grandfather. The tailor is a,4,8.047264,32829,[-1.8685864210128784],[3.9288132190704346],25865,[-1.1166534423828125],[1.6861971616744995],-13.999733,-13.2478,incorrect,False,-13.999733,-13.2478,incorrect,False,-13.999733,-13.2478,incorrect,False,gender
75,tailor,woman,inconsistent,The tailor is somebody's grandfather.,The tailor is somebody's grandfather. The tailor is a,man,woman,The tailor is somebody's grandfather. The tailor is a,5,8.150287,16440,[-0.29988816380500793],[1.7711073160171509],16773,[-0.33670055866241455],[0.5547557473182678],-12.280611,-12.317423,correct,True,-12.280611,-12.317423,correct,True,-12.280611,-12.317423,correct,True,gender
75,tailor,woman,inconsistent,The tailor is somebody's grandfather.,The tailor is somebody's grandfather. The tailor is a,man,woman,The tailor is somebody's grandfather. The tailor is a,6,8.140493,11289,[0.21454599499702454],[3.592252492904663],13580,[-0.08781265467405319],[3.1675891876220703],-11.655585,-11.957944,correct,True,-11.655585,-11.957944,correct,True,-11.655585,-11.957944,correct,True,gender
75,tailor,woman,inconsistent,The tailor is somebody's grandfather.,The tailor is somebody's grandfather. The tailor is a,man,woman,The tailor is somebody's grandfather. The tailor is a,7,8.492841,5695,[1.3774722814559937],[1.1774868965148926],7312,[1.0691413879394531],[1.3068379163742065],-10.542578,-10.850909,correct,True,-10.542578,-10.850909,correct,True,-10.542578,-10.850909,correct,True,gender
75,tailor,woman,inconsistent,The tailor is somebody's grandfather.,The tailor is somebody's grandfather. The tailor is a,man,woman,The tailor is somebody's grandfather. The tailor is a,8,8.154101,3166,[1.7397509813308716],[5.92958402633667],3487,[1.6393163204193115],[2.3434646129608154],-10.030155,-10.1305895,correct,True,-10.030155,-10.1305895,correct,True,-10.030155,-10.1305895,correct,True,gender
75,tailor,woman,inconsistent,The tailor is somebody's grandfather.,The tailor is somebody's grandfather. The tailor is a,man,woman,The tailor is somebody's grandfather. The tailor is a,9,7.102404,410,[3.7923569679260254],[1.7353075742721558],1446,[2.506317377090454],[1.344383955001831],-8.156201,-9.442242,correct,True,-8.156201,-9.442242,correct,True,-8.156201,-9.442242,correct,True,gender
75,tailor,woman,inconsistent,The tailor is somebody's grandfather.,The tailor is somebody's grandfather. The tailor is a,man,woman,The tailor is somebody's grandfather. The tailor is a,10,6.816624,315,[3.9419100284576416],[2.648819923400879],966,[2.7646408081054688],[3.3678736686706543],-7.9265976,-9.103867,correct,True,-7.9265976,-9.103867,correct,True,-7.9265976,-9.103867,correct,True,gender
75,tailor,woman,inconsistent,The tailor is somebody's grandfather.,The tailor is somebody's grandfather. The tailor is a,man,woman,The tailor is somebody's grandfather. The tailor is a,11,7.2258606,177,[4.378036022186279],[5.770817756652832],335,[3.6707370281219482],[2.954455852508545],-7.1836886,-7.8909874,correct,True,-7.1836886,-7.8909874,correct,True,-7.1836886,-7.8909874,correct,True,gender
75,tailor,woman,inconsistent,The tailor is somebody's grandfather.,The tailor is somebody's grandfather. The tailor is a,man,woman,The tailor is somebody's grandfather. The tailor is a,12,7.239444,31,[5.610748291015625],[8.460379600524902],168,[4.193943977355957],[-0.11921238154172897],-5.9017987,-7.318603,correct,True,-5.9017987,-7.318603,correct,True,-5.9017987,-7.318603,correct,True,gender
75,tailor,woman,inconsistent,The tailor is somebody's grandfather.,The tailor is somebody's grandfather. The tailor is a,man,woman,The tailor is somebody's grandfather. The tailor is a,13,5.4875298,17,[7.111839771270752],[5.232468605041504],472,[3.5632619857788086],[-0.12582744657993317],-5.038207,-8.586784,correct,True,-5.038207,-8.586784,correct,True,-5.038207,-8.586784,correct,True,gender
75,tailor,woman,inconsistent,The tailor is somebody's grandfather.,The tailor is somebody's grandfather. The tailor is a,man,woman,The tailor is somebody's grandfather. The tailor is a,14,5.484797,12,[7.390727519989014],[6.332766532897949],668,[3.026890277862549],[5.777390480041504],-4.784655,-9.148493,correct,True,-4.784655,-9.148493,correct,True,-4.784655,-9.148493,correct,True,gender
75,tailor,woman,inconsistent,The tailor is somebody's grandfather.,The tailor is somebody's grandfather. The tailor is a,man,woman,The tailor is somebody's grandfather. The tailor is a,15,5.32382,10,[7.903063774108887],[6.357068061828613],353,[3.9803411960601807],[1.6966677904129028],-4.451736,-8.374458,correct,True,-4.451736,-8.374458,correct,True,-4.451736,-8.374458,correct,True,gender
75,tailor,woman,inconsistent,The tailor is somebody's grandfather.,The tailor is somebody's grandfather. The tailor is a,man,woman,The tailor is somebody's grandfather. The tailor is a,16,5.632082,9,[7.9242167472839355],[10.628599166870117],436,[3.6625142097473145],[3.644169807434082],-4.2405043,-8.502207,correct,True,-4.2405043,-8.502207,correct,True,-4.2405043,-8.502207,correct,True,gender
75,tailor,woman,inconsistent,The tailor is somebody's grandfather.,The tailor is somebody's grandfather. The tailor is a,man,woman,The tailor is somebody's grandfather. The tailor is a,17,5.616806,5,[8.812255859375],[4.068254470825195],379,[3.8545289039611816],[0.27161064743995667],-3.3699808,-8.327707,correct,True,-3.3699808,-8.327707,correct,True,-3.3699808,-8.327707,correct,True,gender
75,tailor,woman,inconsistent,The tailor is somebody's grandfather.,The tailor is somebody's grandfather. The tailor is a,man,woman,The tailor is somebody's grandfather. The tailor is a,18,6.449585,4,[8.153935432434082],[6.927282810211182],503,[3.2617969512939453],[5.199904918670654],-3.5247965,-8.416935,correct,True,-3.5247965,-8.416935,correct,True,-3.5247965,-8.416935,correct,True,gender
75,tailor,woman,inconsistent,The tailor is somebody's grandfather.,The tailor is somebody's grandfather. The tailor is a,man,woman,The tailor is somebody's grandfather. The tailor is a,19,6.394629,4,[8.215778350830078],[3.589963912963867],351,[3.727933168411255],[-0.744757354259491],-3.4893305,-7.9771757,correct,True,-3.4893305,-7.9771757,correct,True,-3.4893305,-7.9771757,correct,True,gender
75,tailor,woman,inconsistent,The tailor is somebody's grandfather.,The tailor is somebody's grandfather. The tailor is a,man,woman,The tailor is somebody's grandfather. The tailor is a,20,6.60326,4,[8.192143440246582],[1.8479676246643066],432,[3.491706371307373],[0.24524708092212677],-3.4304314,-8.130869,correct,True,-3.4304314,-8.130869,correct,True,-3.4304314,-8.130869,correct,True,gender
75,tailor,woman,inconsistent,The tailor is somebody's grandfather.,The tailor is somebody's grandfather. The tailor is a,man,woman,The tailor is somebody's grandfather. The tailor is a,21,6.691335,3,[8.219289779663086],[4.031076908111572],444,[3.4722914695739746],[3.895740032196045],-3.402152,-8.149151,correct,True,-3.402152,-8.149151,correct,True,-3.402152,-8.149151,correct,True,gender
75,tailor,woman,inconsistent,The tailor is somebody's grandfather.,The tailor is somebody's grandfather. The tailor is a,man,woman,The tailor is somebody's grandfather. The tailor is a,22,6.8754606,3,[8.830071449279785],[1.3042534589767456],303,[4.122081279754639],[3.2775492668151855],-3.019326,-7.727316,correct,True,-3.019326,-7.727316,correct,True,-3.019326,-7.727316,correct,True,gender
75,tailor,woman,inconsistent,The tailor is somebody's grandfather.,The tailor is somebody's grandfather. The tailor is a,man,woman,The tailor is somebody's grandfather. The tailor is a,23,6.2163596,2,[12.319272994995117],,104,[8.579179763793945],,-2.9313235,-6.6714168,correct,True,-2.9313235,-6.6714168,correct,True,-2.9313235,-6.6714168,correct,True,gender
76,teacher,woman,consistent,The teacher is somebody's grandmother.,The teacher is somebody's grandmother. The teacher is a,woman,man,The teacher is somebody's grandmother. The teacher is a,0,9.29218,15543,[0.1672876626253128],[-1.1180919408798218],37797,[-1.895052194595337],[-1.4144936800003052],-11.474723,-13.537064,correct,True,-11.474723,-13.537064,correct,True,-11.474723,-13.537064,correct,True,gender
76,teacher,woman,consistent,The teacher is somebody's grandmother.,The teacher is somebody's grandmother. The teacher is a,woman,man,The teacher is somebody's grandmother. The teacher is a,1,9.087797,20745,[-0.14745289087295532],[-0.19488511979579926],41990,[-2.3273162841796875],[-0.07033411413431168],-12.036247,-14.21611,correct,True,-12.036247,-14.21611,correct,True,-12.036247,-14.21611,correct,True,gender
76,teacher,woman,consistent,The teacher is somebody's grandmother.,The teacher is somebody's grandmother. The teacher is a,woman,man,The teacher is somebody's grandmother. The teacher is a,2,8.902696,19026,[-0.16096548736095428],[-0.29535141587257385],38439,[-2.0581939220428467],[2.146566390991211],-11.968982,-13.86621,correct,True,-11.968982,-13.86621,correct,True,-11.968982,-13.86621,correct,True,gender
76,teacher,woman,consistent,The teacher is somebody's grandmother.,The teacher is somebody's grandmother. The teacher is a,woman,man,The teacher is somebody's grandmother. The teacher is a,3,8.128243,17624,[-0.2040058672428131],[-2.5488810539245605],30327,[-1.461362361907959],[-1.474711298942566],-12.212178,-13.469535,correct,True,-12.212178,-13.469535,correct,True,-12.212178,-13.469535,correct,True,gender
76,teacher,woman,consistent,The teacher is somebody's grandmother.,The teacher is somebody's grandmother. The teacher is a,woman,man,The teacher is somebody's grandmother. The teacher is a,4,8.1161375,24812,[-0.9863389134407043],[1.125553846359253],33637,[-1.9309687614440918],[2.327590227127075],-13.095566,-14.040196,correct,True,-13.095566,-14.040196,correct,True,-13.095566,-14.040196,correct,True,gender
76,teacher,woman,consistent,The teacher is somebody's grandmother.,The teacher is somebody's grandmother. The teacher is a,woman,man,The teacher is somebody's grandmother. The teacher is a,5,7.9499187,17713,[-0.4471481442451477],[1.844277262687683],22757,[-0.9853885769844055],[2.2109758853912354],-12.4571,-12.99534,correct,True,-12.4571,-12.99534,correct,True,-12.4571,-12.99534,correct,True,gender
76,teacher,woman,consistent,The teacher is somebody's grandmother.,The teacher is somebody's grandmother. The teacher is a,woman,man,The teacher is somebody's grandmother. The teacher is a,6,8.278838,11466,[0.28753143548965454],[2.1114182472229004],16220,[-0.28990811109542847],[4.102533340454102],-11.627848,-12.205288,correct,True,-11.627848,-12.205288,correct,True,-11.627848,-12.205288,correct,True,gender
76,teacher,woman,consistent,The teacher is somebody's grandmother.,The teacher is somebody's grandmother. The teacher is a,woman,man,The teacher is somebody's grandmother. The teacher is a,7,8.779674,7682,[1.013498306274414],[2.4722113609313965],7206,[1.0984184741973877],[0.8847863078117371],-10.809841,-10.72492,incorrect,False,-10.809841,-10.72492,incorrect,False,-10.809841,-10.72492,incorrect,False,gender
76,teacher,woman,consistent,The teacher is somebody's grandmother.,The teacher is somebody's grandmother. The teacher is a,woman,man,The teacher is somebody's grandmother. The teacher is a,8,8.2674885,2376,[2.0113234519958496],[3.4080212116241455],4329,[1.3473057746887207],[4.037031173706055],-9.669019,-10.333036,correct,True,-9.669019,-10.333036,correct,True,-9.669019,-10.333036,correct,True,gender
76,teacher,woman,consistent,The teacher is somebody's grandmother.,The teacher is somebody's grandmother. The teacher is a,woman,man,The teacher is somebody's grandmother. The teacher is a,9,8.4013,750,[3.180265426635742],[-0.31280070543289185],1307,[2.6564369201660156],[3.4065287113189697],-8.572481,-9.09631,correct,True,-8.572481,-9.09631,correct,True,-8.572481,-9.09631,correct,True,gender
76,teacher,woman,consistent,The teacher is somebody's grandmother.,The teacher is somebody's grandmother. The teacher is a,woman,man,The teacher is somebody's grandmother. The teacher is a,10,7.9896874,764,[2.9087252616882324],[5.526188850402832],353,[3.5979762077331543],[2.1385657787323],-8.672295,-7.983044,incorrect,False,-8.672295,-7.983044,incorrect,False,-8.672295,-7.983044,incorrect,False,gender
76,teacher,woman,consistent,The teacher is somebody's grandmother.,The teacher is somebody's grandmother. The teacher is a,woman,man,The teacher is somebody's grandmother. The teacher is a,11,8.074686,88,[4.50789213180542],[4.634125232696533],212,[3.9041874408721924],[4.527074813842773],-6.840207,-7.4439116,correct,True,-6.840207,-7.4439116,correct,True,-6.840207,-7.4439116,correct,True,gender
76,teacher,woman,consistent,The teacher is somebody's grandmother.,The teacher is somebody's grandmother. The teacher is a,woman,man,The teacher is somebody's grandmother. The teacher is a,12,8.063753,30,[5.439857006072998],[3.6909823417663574],65,[4.788301944732666],[5.94507360458374],-5.869877,-6.521432,correct,True,-5.869877,-6.521432,correct,True,-5.869877,-6.521432,correct,True,gender
76,teacher,woman,consistent,The teacher is somebody's grandmother.,The teacher is somebody's grandmother. The teacher is a,woman,man,The teacher is somebody's grandmother. The teacher is a,13,6.580618,47,[5.742378234863281],[3.541137456893921],48,[5.736067295074463],[4.891944408416748],-5.9826164,-5.988927,correct,True,-5.9826164,-5.988927,correct,True,-5.9826164,-5.988927,correct,True,gender
76,teacher,woman,consistent,The teacher is somebody's grandmother.,The teacher is somebody's grandmother. The teacher is a,woman,man,The teacher is somebody's grandmother. The teacher is a,14,6.1440573,49,[5.845617294311523],[8.732190132141113],35,[6.131552219390869],[5.783465385437012],-6.0521,-5.7661657,incorrect,False,-6.0521,-5.7661657,incorrect,False,-6.0521,-5.7661657,incorrect,False,gender
76,teacher,woman,consistent,The teacher is somebody's grandmother.,The teacher is somebody's grandmother. The teacher is a,woman,man,The teacher is somebody's grandmother. The teacher is a,15,5.6544595,17,[7.101569652557373],[5.10656213760376],22,[6.663028240203857],[4.973123550415039],-5.098217,-5.5367584,correct,True,-5.098217,-5.5367584,correct,True,-5.098217,-5.5367584,correct,True,gender
76,teacher,woman,consistent,The teacher is somebody's grandmother.,The teacher is somebody's grandmother. The teacher is a,woman,man,The teacher is somebody's grandmother. The teacher is a,16,6.1489005,12,[7.008652687072754],[9.215408325195312],23,[6.5956549644470215],[8.668569564819336],-4.976088,-5.389086,correct,True,-4.976088,-5.389086,correct,True,-4.976088,-5.389086,correct,True,gender
76,teacher,woman,consistent,The teacher is somebody's grandmother.,The teacher is somebody's grandmother. The teacher is a,woman,man,The teacher is somebody's grandmother. The teacher is a,17,5.6321163,7,[7.7974138259887695],[1.5088220834732056],14,[7.314109802246094],[3.927091360092163],-4.3720136,-4.8553176,correct,True,-4.3720136,-4.8553176,correct,True,-4.3720136,-4.8553176,correct,True,gender
76,teacher,woman,consistent,The teacher is somebody's grandmother.,The teacher is somebody's grandmother. The teacher is a,woman,man,The teacher is somebody's grandmother. The teacher is a,18,6.480297,15,[6.775280952453613],[3.8857312202453613],11,[6.863935470581055],[7.8826212882995605],-4.9078617,-4.819207,incorrect,False,-4.9078617,-4.819207,incorrect,False,-4.9078617,-4.819207,incorrect,False,gender
76,teacher,woman,consistent,The teacher is somebody's grandmother.,The teacher is somebody's grandmother. The teacher is a,woman,man,The teacher is somebody's grandmother. The teacher is a,19,6.5458426,20,[6.487310409545898],[0.6650118231773376],6,[7.261734485626221],[4.160785675048828],-5.1923456,-4.4179215,incorrect,False,-5.1923456,-4.4179215,incorrect,False,-5.1923456,-4.4179215,incorrect,False,gender
76,teacher,woman,consistent,The teacher is somebody's grandmother.,The teacher is somebody's grandmother. The teacher is a,woman,man,The teacher is somebody's grandmother. The teacher is a,20,6.783466,23,[6.2599592208862305],[1.1627265214920044],6,[7.340104579925537],[0.8546561598777771],-5.311305,-4.23116,incorrect,False,-5.311305,-4.23116,incorrect,False,-5.311305,-4.23116,incorrect,False,gender
76,teacher,woman,consistent,The teacher is somebody's grandmother.,The teacher is somebody's grandmother. The teacher is a,woman,man,The teacher is somebody's grandmother. The teacher is a,21,6.895401,24,[6.2535176277160645],[4.359302043914795],6,[7.244607448577881],[1.4630885124206543],-5.340329,-4.3492393,incorrect,False,-5.340329,-4.3492393,incorrect,False,-5.340329,-4.3492393,incorrect,False,gender
76,teacher,woman,consistent,The teacher is somebody's grandmother.,The teacher is somebody's grandmother. The teacher is a,woman,man,The teacher is somebody's grandmother. The teacher is a,22,7.1789594,13,[6.944690227508545],[3.866098642349243],6,[7.413640975952148],[2.0110132694244385],-4.8468513,-4.377901,incorrect,False,-4.8468513,-4.377901,incorrect,False,-4.8468513,-4.377901,incorrect,False,gender
76,teacher,woman,consistent,The teacher is somebody's grandmother.,The teacher is somebody's grandmother. The teacher is a,woman,man,The teacher is somebody's grandmother. The teacher is a,23,5.9399247,2,[12.527791976928711],,11,[10.970006942749023],,-2.9322653,-4.4900503,correct,True,-2.9322653,-4.4900503,correct,True,-2.9322653,-4.4900503,correct,True,gender
77,teacher,woman,inconsistent,The teacher is somebody's grandfather.,The teacher is somebody's grandfather. The teacher is a,man,woman,The teacher is somebody's grandfather. The teacher is a,0,9.29096,37644,[-1.8663052320480347],[-1.599973201751709],15363,[0.19001199305057526],[-1.2923200130462646],-13.514704,-11.458386,incorrect,False,-13.514704,-11.458386,incorrect,False,-13.514704,-11.458386,incorrect,False,gender
77,teacher,woman,inconsistent,The teacher is somebody's grandfather.,The teacher is somebody's grandfather. The teacher is a,man,woman,The teacher is somebody's grandfather. The teacher is a,1,9.076875,42201,[-2.3564300537109375],[-0.22595395147800446],21103,[-0.18030297756195068],[-0.25408342480659485],-14.245205,-12.069078,incorrect,False,-14.245205,-12.069078,incorrect,False,-14.245205,-12.069078,incorrect,False,gender
77,teacher,woman,inconsistent,The teacher is somebody's grandfather.,The teacher is somebody's grandfather. The teacher is a,man,woman,The teacher is somebody's grandfather. The teacher is a,2,8.895435,39076,[-2.1326186656951904],[2.614607334136963],19562,[-0.20834384858608246],[-0.29899439215660095],-13.942492,-12.018216,incorrect,False,-13.942492,-12.018216,incorrect,False,-13.942492,-12.018216,incorrect,False,gender
77,teacher,woman,inconsistent,The teacher is somebody's grandfather.,The teacher is somebody's grandfather. The teacher is a,man,woman,The teacher is somebody's grandfather. The teacher is a,3,8.16398,29675,[-1.3976356983184814],[-1.5266106128692627],18017,[-0.2520381212234497],[-2.6746838092803955],-13.391978,-12.246381,incorrect,False,-13.391978,-12.246381,incorrect,False,-13.391978,-12.246381,incorrect,False,gender
77,teacher,woman,inconsistent,The teacher is somebody's grandfather.,The teacher is somebody's grandfather. The teacher is a,man,woman,The teacher is somebody's grandfather. The teacher is a,4,8.117659,33302,[-1.89370858669281],[2.33872389793396],25626,[-1.0681803226470947],[1.2738364934921265],-14.002483,-13.176956,incorrect,False,-14.002483,-13.176956,incorrect,False,-14.002483,-13.176956,incorrect,False,gender
77,teacher,woman,inconsistent,The teacher is somebody's grandfather.,The teacher is somebody's grandfather. The teacher is a,man,woman,The teacher is somebody's grandfather. The teacher is a,5,8.092604,22230,[-0.9536626935005188],[2.9468812942504883],17796,[-0.47306403517723083],[1.0226328372955322],-12.910495,-12.429896,incorrect,False,-12.910495,-12.429896,incorrect,False,-12.910495,-12.429896,incorrect,False,gender
77,teacher,woman,inconsistent,The teacher is somebody's grandfather.,The teacher is somebody's grandfather. The teacher is a,man,woman,The teacher is somebody's grandfather. The teacher is a,6,8.270582,13746,[0.007105256896466017],[2.860978603363037],14168,[-0.04384639859199524],[1.4367060661315918],-11.912249,-11.9632,correct,True,-11.912249,-11.9632,correct,True,-11.912249,-11.9632,correct,True,gender
77,teacher,woman,inconsistent,The teacher is somebody's grandfather.,The teacher is somebody's grandfather. The teacher is a,man,woman,The teacher is somebody's grandfather. The teacher is a,7,8.76437,8226,[0.9397814869880676],[0.6017247438430786],11454,[0.49540820717811584],[2.5666351318359375],-10.907465,-11.351839,correct,True,-10.907465,-11.351839,correct,True,-10.907465,-11.351839,correct,True,gender
77,teacher,woman,inconsistent,The teacher is somebody's grandfather.,The teacher is somebody's grandfather. The teacher is a,man,woman,The teacher is somebody's grandfather. The teacher is a,8,8.210407,5542,[1.075214147567749],[4.742114067077637],3895,[1.4782629013061523],[3.8819265365600586],-10.631743,-10.228695,incorrect,False,-10.631743,-10.228695,incorrect,False,-10.631743,-10.228695,incorrect,False,gender
77,teacher,woman,inconsistent,The teacher is somebody's grandfather.,The teacher is somebody's grandfather. The teacher is a,man,woman,The teacher is somebody's grandfather. The teacher is a,9,8.285701,1339,[2.6568362712860107],[3.4401614665985107],1078,[2.8580737113952637],[-1.0683865547180176],-9.126902,-8.925664,incorrect,False,-9.126902,-8.925664,incorrect,False,-9.126902,-8.925664,incorrect,False,gender
77,teacher,woman,inconsistent,The teacher is somebody's grandfather.,The teacher is somebody's grandfather. The teacher is a,man,woman,The teacher is somebody's grandfather. The teacher is a,10,7.8261566,362,[3.589850902557373],[3.0428144931793213],1346,[2.3404147624969482],[3.9484853744506836],-8.001888,-9.251325,correct,True,-8.001888,-9.251325,correct,True,-8.001888,-9.251325,correct,True,gender
77,teacher,woman,inconsistent,The teacher is somebody's grandfather.,The teacher is somebody's grandfather. The teacher is a,man,woman,The teacher is somebody's grandfather. The teacher is a,11,7.925632,150,[4.1864333152771],[4.907643795013428],338,[3.4664559364318848],[4.824228286743164],-7.186872,-7.9068494,correct,True,-7.186872,-7.9068494,correct,True,-7.186872,-7.9068494,correct,True,gender
77,teacher,woman,inconsistent,The teacher is somebody's grandfather.,The teacher is somebody's grandfather. The teacher is a,man,woman,The teacher is somebody's grandfather. The teacher is a,12,8.0932865,41,[5.154167652130127],[6.994865894317627],83,[4.579009056091309],[1.561076045036316],-6.147025,-6.722183,correct,True,-6.147025,-6.722183,correct,True,-6.147025,-6.722183,correct,True,gender
77,teacher,woman,inconsistent,The teacher is somebody's grandfather.,The teacher is somebody's grandfather. The teacher is a,man,woman,The teacher is somebody's grandfather. The teacher is a,13,6.6233788,22,[6.322723388671875],[5.1788105964660645],183,[4.411689281463623],[0.5601863861083984],-5.3770723,-7.288107,correct,True,-5.3770723,-7.288107,correct,True,-5.3770723,-7.288107,correct,True,gender
77,teacher,woman,inconsistent,The teacher is somebody's grandfather.,The teacher is somebody's grandfather. The teacher is a,man,woman,The teacher is somebody's grandfather. The teacher is a,14,6.2089443,18,[6.706514835357666],[6.478074073791504],313,[3.9576847553253174],[5.662469863891602],-5.163248,-7.912078,correct,True,-5.163248,-7.912078,correct,True,-5.163248,-7.912078,correct,True,gender
77,teacher,woman,inconsistent,The teacher is somebody's grandfather.,The teacher is somebody's grandfather. The teacher is a,man,woman,The teacher is somebody's grandfather. The teacher is a,15,5.9700956,8,[7.321728229522705],[5.2994232177734375],170,[4.756252288818359],[2.250448226928711],-4.7665906,-7.3320665,correct,True,-4.7665906,-7.3320665,correct,True,-4.7665906,-7.3320665,correct,True,gender
77,teacher,woman,inconsistent,The teacher is somebody's grandfather.,The teacher is somebody's grandfather. The teacher is a,man,woman,The teacher is somebody's grandfather. The teacher is a,16,6.3784995,9,[7.202030181884766],[10.917227745056152],217,[4.421443939208984],[6.049773693084717],-4.680488,-7.4610744,correct,True,-4.680488,-7.4610744,correct,True,-4.680488,-7.4610744,correct,True,gender
77,teacher,woman,inconsistent,The teacher is somebody's grandfather.,The teacher is somebody's grandfather. The teacher is a,man,woman,The teacher is somebody's grandfather. The teacher is a,17,5.9448457,6,[8.242560386657715],[4.635298728942871],135,[4.956612586975098],[0.7373200058937073],-3.8076472,-7.093595,correct,True,-3.8076472,-7.093595,correct,True,-3.8076472,-7.093595,correct,True,gender
77,teacher,woman,inconsistent,The teacher is somebody's grandfather.,The teacher is somebody's grandfather. The teacher is a,man,woman,The teacher is somebody's grandfather. The teacher is a,18,6.69136,3,[7.772373676300049],[7.2583770751953125],210,[4.257259845733643],[6.016690254211426],-3.824184,-7.339298,correct,True,-3.824184,-7.339298,correct,True,-3.824184,-7.339298,correct,True,gender
77,teacher,woman,inconsistent,The teacher is somebody's grandfather.,The teacher is somebody's grandfather. The teacher is a,man,woman,The teacher is somebody's grandfather. The teacher is a,19,6.6661563,4,[7.917019844055176],[4.8113627433776855],142,[4.706633567810059],[-0.6416076421737671],-3.7069097,-6.917296,correct,True,-3.7069097,-6.917296,correct,True,-3.7069097,-6.917296,correct,True,gender
77,teacher,woman,inconsistent,The teacher is somebody's grandfather.,The teacher is somebody's grandfather. The teacher is a,man,woman,The teacher is somebody's grandfather. The teacher is a,20,6.857354,3,[8.01485824584961],[1.4255962371826172],182,[4.426076412200928],[0.38535529375076294],-3.5137072,-7.102489,correct,True,-3.5137072,-7.102489,correct,True,-3.5137072,-7.102489,correct,True,gender
77,teacher,woman,inconsistent,The teacher is somebody's grandfather.,The teacher is somebody's grandfather. The teacher is a,man,woman,The teacher is somebody's grandfather. The teacher is a,21,6.9520574,3,[7.971190452575684],[2.3651301860809326],207,[4.3874688148498535],[5.309120178222656],-3.5788608,-7.1625824,correct,True,-3.5788608,-7.1625824,correct,True,-3.5788608,-7.1625824,correct,True,gender
77,teacher,woman,inconsistent,The teacher is somebody's grandfather.,The teacher is somebody's grandfather. The teacher is a,man,woman,The teacher is somebody's grandfather. The teacher is a,22,7.186809,3,[8.287149429321289],[1.8022816181182861],94,[5.229087829589844],[4.107472896575928],-3.4773762,-6.5354376,correct,True,-3.4773762,-6.5354376,correct,True,-3.4773762,-6.5354376,correct,True,gender
77,teacher,woman,inconsistent,The teacher is somebody's grandfather.,The teacher is somebody's grandfather. The teacher is a,man,woman,The teacher is somebody's grandfather. The teacher is a,23,6.1215,5,[11.945633888244629],,18,[10.593846321105957],,-3.4105043,-4.762292,correct,True,-3.4105043,-4.762292,correct,True,-3.4105043,-4.762292,correct,True,gender
78,writer,woman,consistent,The writer is somebody's grandmother.,The writer is somebody's grandmother. The writer is a,woman,man,The writer is somebody's grandmother. The writer is a,0,9.24105,13252,[0.27204373478889465],[-2.0873401165008545],36153,[-1.878426432609558],[-1.3281644582748413],-11.275822,-13.426291,correct,True,-11.275822,-13.426291,correct,True,-11.275822,-13.426291,correct,True,gender
78,writer,woman,consistent,The writer is somebody's grandmother.,The writer is somebody's grandmother. The writer is a,woman,man,The writer is somebody's grandmother. The writer is a,1,8.994638,21711,[-0.3541342616081238],[-0.09898541867733002],40679,[-2.2539546489715576],[-0.2657785713672638],-12.150279,-14.050099,correct,True,-12.150279,-14.050099,correct,True,-12.150279,-14.050099,correct,True,gender
78,writer,woman,consistent,The writer is somebody's grandmother.,The writer is somebody's grandmother. The writer is a,woman,man,The writer is somebody's grandmother. The writer is a,2,8.76931,19637,[-0.3090086877346039],[0.5559069514274597],37873,[-2.0911123752593994],[3.5743536949157715],-12.070621,-13.852724,correct,True,-12.070621,-13.852724,correct,True,-12.070621,-13.852724,correct,True,gender
78,writer,woman,consistent,The writer is somebody's grandmother.,The writer is somebody's grandmother. The writer is a,woman,man,The writer is somebody's grandmother. The writer is a,3,7.4619894,14476,[-0.07343677431344986],[-3.3546009063720703],23350,[-0.9975205063819885],[-2.0263445377349854],-12.079655,-13.003738,correct,True,-12.079655,-13.003738,correct,True,-12.079655,-13.003738,correct,True,gender
78,writer,woman,consistent,The writer is somebody's grandmother.,The writer is somebody's grandmother. The writer is a,woman,man,The writer is somebody's grandmother. The writer is a,4,7.6481466,24863,[-1.2015795707702637],[0.0675525814294815],29845,[-1.7224944829940796],[2.0257816314697266],-13.299263,-13.820177,correct,True,-13.299263,-13.820177,correct,True,-13.299263,-13.820177,correct,True,gender
78,writer,woman,consistent,The writer is somebody's grandmother.,The writer is somebody's grandmother. The writer is a,woman,man,The writer is somebody's grandmother. The writer is a,5,8.157757,22524,[-1.020987868309021],[1.0123904943466187],21476,[-0.907479465007782],[0.1734537035226822],-12.977897,-12.864388,incorrect,False,-12.977897,-12.864388,incorrect,False,-12.977897,-12.864388,incorrect,False,gender
78,writer,woman,consistent,The writer is somebody's grandmother.,The writer is somebody's grandmother. The writer is a,woman,man,The writer is somebody's grandmother. The writer is a,6,7.9507565,18308,[-0.593061089515686],[3.504502058029175],21777,[-0.9738659858703613],[6.498602867126465],-12.579097,-12.959902,correct,True,-12.579097,-12.959902,correct,True,-12.579097,-12.959902,correct,True,gender
78,writer,woman,consistent,The writer is somebody's grandmother.,The writer is somebody's grandmother. The writer is a,woman,man,The writer is somebody's grandmother. The writer is a,7,8.284141,9039,[0.703831672668457],[3.6731138229370117],5709,[1.2787607908248901],[3.5262763500213623],-11.161493,-10.586565,incorrect,False,-11.161493,-10.586565,incorrect,False,-11.161493,-10.586565,incorrect,False,gender
78,writer,woman,consistent,The writer is somebody's grandmother.,The writer is somebody's grandmother. The writer is a,woman,man,The writer is somebody's grandmother. The writer is a,8,7.9378023,2308,[2.124464273452759],[4.481441974639893],1630,[2.488826036453247],[3.3825135231018066],-9.682564,-9.318202,incorrect,False,-9.682564,-9.318202,incorrect,False,-9.682564,-9.318202,incorrect,False,gender
78,writer,woman,consistent,The writer is somebody's grandmother.,The writer is somebody's grandmother. The writer is a,woman,man,The writer is somebody's grandmother. The writer is a,9,7.9322157,459,[3.739352226257324],[1.6070201396942139],567,[3.528050661087036],[2.8866207599639893],-8.183748,-8.39505,correct,True,-8.183748,-8.39505,correct,True,-8.183748,-8.39505,correct,True,gender
78,writer,woman,consistent,The writer is somebody's grandmother.,The writer is somebody's grandmother. The writer is a,woman,man,The writer is somebody's grandmother. The writer is a,10,8.071188,222,[4.017612934112549],[2.6614952087402344],185,[4.17806339263916],[1.6283684968948364],-7.5873237,-7.426873,incorrect,False,-7.5873237,-7.426873,incorrect,False,-7.5873237,-7.426873,incorrect,False,gender
78,writer,woman,consistent,The writer is somebody's grandmother.,The writer is somebody's grandmother. The writer is a,woman,man,The writer is somebody's grandmother. The writer is a,11,7.778182,93,[4.611346244812012],[4.442980766296387],142,[4.324615955352783],[4.6287007331848145],-6.7732663,-7.0599966,correct,True,-6.7732663,-7.0599966,correct,True,-6.7732663,-7.0599966,correct,True,gender
78,writer,woman,consistent,The writer is somebody's grandmother.,The writer is somebody's grandmother. The writer is a,woman,man,The writer is somebody's grandmother. The writer is a,12,7.6095295,30,[5.48504638671875],[2.8664767742156982],51,[5.203070640563965],[4.919093132019043],-5.9304037,-6.2123795,correct,True,-5.9304037,-6.2123795,correct,True,-5.9304037,-6.2123795,correct,True,gender
78,writer,woman,consistent,The writer is somebody's grandmother.,The writer is somebody's grandmother. The writer is a,woman,man,The writer is somebody's grandmother. The writer is a,13,6.40072,83,[5.500287055969238],[4.298072338104248],51,[5.774413585662842],[4.4680705070495605],-6.347412,-6.0732856,incorrect,False,-6.347412,-6.0732856,incorrect,False,-6.347412,-6.0732856,incorrect,False,gender
78,writer,woman,consistent,The writer is somebody's grandmother.,The writer is somebody's grandmother. The writer is a,woman,man,The writer is somebody's grandmother. The writer is a,14,5.9900527,59,[5.795716285705566],[9.763638496398926],49,[6.0221476554870605],[5.8567070960998535],-6.213213,-5.9867816,incorrect,False,-6.213213,-5.9867816,incorrect,False,-6.213213,-5.9867816,incorrect,False,gender
78,writer,woman,consistent,The writer is somebody's grandmother.,The writer is somebody's grandmother. The writer is a,woman,man,The writer is somebody's grandmother. The writer is a,15,5.6194515,11,[7.316347122192383],[4.676572799682617],27,[6.584942817687988],[4.25768518447876],-4.9006143,-5.6320186,correct,True,-4.9006143,-5.6320186,correct,True,-4.9006143,-5.6320186,correct,True,gender
78,writer,woman,consistent,The writer is somebody's grandmother.,The writer is somebody's grandmother. The writer is a,woman,man,The writer is somebody's grandmother. The writer is a,16,6.3808556,8,[7.079874038696289],[10.003323554992676],24,[6.361584663391113],[9.688750267028809],-4.7524576,-5.470747,correct,True,-4.7524576,-5.470747,correct,True,-4.7524576,-5.470747,correct,True,gender
78,writer,woman,consistent,The writer is somebody's grandmother.,The writer is somebody's grandmother. The writer is a,woman,man,The writer is somebody's grandmother. The writer is a,17,6.0778174,5,[7.961697101593018],[1.3649276494979858],11,[7.255599021911621],[4.119667053222656],-4.0033655,-4.7094636,correct,True,-4.0033655,-4.7094636,correct,True,-4.0033655,-4.7094636,correct,True,gender
78,writer,woman,consistent,The writer is somebody's grandmother.,The writer is somebody's grandmother. The writer is a,woman,man,The writer is somebody's grandmother. The writer is a,18,6.866836,8,[6.887740135192871],[4.135653495788574],10,[6.858720779418945],[7.868894577026367],-4.651826,-4.6808453,correct,True,-4.651826,-4.6808453,correct,True,-4.651826,-4.6808453,correct,True,gender
78,writer,woman,consistent,The writer is somebody's grandmother.,The writer is somebody's grandmother. The writer is a,woman,man,The writer is somebody's grandmother. The writer is a,19,6.8628607,14,[6.624330997467041],[-0.9936227798461914],5,[7.253416538238525],[4.736072540283203],-4.9534073,-4.3243217,incorrect,False,-4.9534073,-4.3243217,incorrect,False,-4.9534073,-4.3243217,incorrect,False,gender
78,writer,woman,consistent,The writer is somebody's grandmother.,The writer is somebody's grandmother. The writer is a,woman,man,The writer is somebody's grandmother. The writer is a,20,6.960045,25,[6.165590286254883],[3.151472806930542],5,[7.354302883148193],[3.458549737930298],-5.3696203,-4.1809072,incorrect,False,-5.3696203,-4.1809072,incorrect,False,-5.3696203,-4.1809072,incorrect,False,gender
78,writer,woman,consistent,The writer is somebody's grandmother.,The writer is somebody's grandmother. The writer is a,woman,man,The writer is somebody's grandmother. The writer is a,21,7.0988874,18,[6.335785388946533],[5.394503593444824],3,[7.49017333984375],[2.79911470413208],-5.1706305,-4.0162425,incorrect,False,-5.1706305,-4.0162425,incorrect,False,-5.1706305,-4.0162425,incorrect,False,gender
78,writer,woman,consistent,The writer is somebody's grandmother.,The writer is somebody's grandmother. The writer is a,woman,man,The writer is somebody's grandmother. The writer is a,22,7.442313,5,[7.172592639923096],[3.868482828140259],3,[7.835216999053955],[2.0538339614868164],-4.527403,-3.8647783,incorrect,False,-4.527403,-3.8647783,incorrect,False,-4.527403,-3.8647783,incorrect,False,gender
78,writer,woman,consistent,The writer is somebody's grandmother.,The writer is somebody's grandmother. The writer is a,woman,man,The writer is somebody's grandmother. The writer is a,23,6.319102,1,[12.501845359802246],,6,[11.192492485046387],,-2.6822026,-3.9915555,correct,True,-2.6822026,-3.9915555,correct,True,-2.6822026,-3.9915555,correct,True,gender
79,writer,woman,inconsistent,The writer is somebody's grandfather.,The writer is somebody's grandfather. The writer is a,man,woman,The writer is somebody's grandfather. The writer is a,0,9.241543,35969,[-1.847008228302002],[-1.4953752756118774],13084,[0.2994571328163147],[-2.241777181625366],-13.402264,-11.255799,incorrect,False,-13.402264,-11.255799,incorrect,False,-13.402264,-11.255799,incorrect,False,gender
79,writer,woman,inconsistent,The writer is somebody's grandfather.,The writer is somebody's grandfather. The writer is a,man,woman,The writer is somebody's grandfather. The writer is a,1,8.981306,40774,[-2.274991512298584],[-0.406023770570755],21884,[-0.37585023045539856],[-0.13820868730545044],-14.065404,-12.166263,incorrect,False,-14.065404,-12.166263,incorrect,False,-14.065404,-12.166263,incorrect,False,gender
79,writer,woman,inconsistent,The writer is somebody's grandfather.,The writer is somebody's grandfather. The writer is a,man,woman,The writer is somebody's grandfather. The writer is a,2,8.757269,38411,[-2.1536638736724854],[3.79974627494812],20014,[-0.34027814865112305],[0.4617743194103241],-13.9147625,-12.1013775,incorrect,False,-13.9147625,-12.1013775,incorrect,False,-13.9147625,-12.1013775,incorrect,False,gender
79,writer,woman,inconsistent,The writer is somebody's grandfather.,The writer is somebody's grandfather. The writer is a,man,woman,The writer is somebody's grandfather. The writer is a,3,7.5696144,23507,[-1.0018274784088135],[-2.0075199604034424],15106,[-0.1382039189338684],[-3.3933510780334473],-12.985626,-12.122003,incorrect,False,-12.985626,-12.122003,incorrect,False,-12.985626,-12.122003,incorrect,False,gender
79,writer,woman,inconsistent,The writer is somebody's grandfather.,The writer is somebody's grandfather. The writer is a,man,woman,The writer is somebody's grandfather. The writer is a,4,7.6950703,29782,[-1.7180912494659424],[2.1665751934051514],25533,[-1.2653261423110962],[-0.17394953966140747],-13.808875,-13.356111,incorrect,False,-13.808875,-13.356111,incorrect,False,-13.808875,-13.356111,incorrect,False,gender
79,writer,woman,inconsistent,The writer is somebody's grandfather.,The writer is somebody's grandfather. The writer is a,man,woman,The writer is somebody's grandfather. The writer is a,5,8.197068,20983,[-0.8456294536590576],[1.0575003623962402],23872,[-1.1630324125289917],[0.3677360415458679],-12.79363,-13.1110325,correct,True,-12.79363,-13.1110325,correct,True,-12.79363,-13.1110325,correct,True,gender
79,writer,woman,inconsistent,The writer is somebody's grandfather.,The writer is somebody's grandfather. The writer is a,man,woman,The writer is somebody's grandfather. The writer is a,6,7.982257,18308,[-0.5677686929702759],[5.835694789886475],22093,[-0.9744200706481934],[3.038503885269165],-12.555279,-12.96193,correct,True,-12.555279,-12.96193,correct,True,-12.555279,-12.96193,correct,True,gender
79,writer,woman,inconsistent,The writer is somebody's grandfather.,The writer is somebody's grandfather. The writer is a,man,woman,The writer is somebody's grandfather. The writer is a,7,8.312732,5298,[1.4100053310394287],[2.7673487663269043],13023,[0.19948679208755493],[3.854686975479126],-10.485842,-11.696362,correct,True,-10.485842,-11.696362,correct,True,-10.485842,-11.696362,correct,True,gender
79,writer,woman,inconsistent,The writer is somebody's grandfather.,The writer is somebody's grandfather. The writer is a,man,woman,The writer is somebody's grandfather. The writer is a,8,7.9204936,1955,[2.3370161056518555],[3.6444809436798096],3660,[1.6449284553527832],[4.5919718742370605],-9.4962845,-10.188373,correct,True,-9.4962845,-10.188373,correct,True,-9.4962845,-10.188373,correct,True,gender
79,writer,woman,inconsistent,The writer is somebody's grandfather.,The writer is somebody's grandfather. The writer is a,man,woman,The writer is somebody's grandfather. The writer is a,9,7.8503923,611,[3.4895663261413574],[2.608029365539551],729,[3.3271877765655518],[1.4679301977157593],-8.459792,-8.62217,correct,True,-8.459792,-8.62217,correct,True,-8.459792,-8.62217,correct,True,gender
79,writer,woman,inconsistent,The writer is somebody's grandfather.,The writer is somebody's grandfather. The writer is a,man,woman,The writer is somebody's grandfather. The writer is a,10,7.9701366,216,[4.014695167541504],[2.0868895053863525],372,[3.568192958831787],[2.502460241317749],-7.6082573,-8.05476,correct,True,-7.6082573,-8.05476,correct,True,-7.6082573,-8.05476,correct,True,gender
79,writer,woman,inconsistent,The writer is somebody's grandfather.,The writer is somebody's grandfather. The writer is a,man,woman,The writer is somebody's grandfather. The writer is a,11,7.7575006,144,[4.2955322265625],[4.720043182373047],182,[4.119659900665283],[3.7199931144714355],-7.110403,-7.2862754,correct,True,-7.110403,-7.2862754,correct,True,-7.110403,-7.2862754,correct,True,gender
79,writer,woman,inconsistent,The writer is somebody's grandfather.,The writer is somebody's grandfather. The writer is a,man,woman,The writer is somebody's grandfather. The writer is a,12,7.6509495,47,[5.196059703826904],[5.4289655685424805],82,[4.817601680755615],[1.3158440589904785],-6.2079096,-6.5863676,correct,True,-6.2079096,-6.5863676,correct,True,-6.2079096,-6.5863676,correct,True,gender
79,writer,woman,inconsistent,The writer is somebody's grandfather.,The writer is somebody's grandfather. The writer is a,man,woman,The writer is somebody's grandfather. The writer is a,13,6.3546634,42,[5.893208026885986],[4.926199913024902],206,[4.496160507202148],[1.4194458723068237],-5.9410005,-7.338048,correct,True,-5.9410005,-7.338048,correct,True,-5.9410005,-7.338048,correct,True,gender
79,writer,woman,inconsistent,The writer is somebody's grandfather.,The writer is somebody's grandfather. The writer is a,man,woman,The writer is somebody's grandfather. The writer is a,14,5.936812,41,[6.245565891265869],[7.308915615081787],293,[4.179214954376221],[6.324894905090332],-5.7457256,-7.8120766,correct,True,-5.7457256,-7.8120766,correct,True,-5.7457256,-7.8120766,correct,True,gender
79,writer,woman,inconsistent,The writer is somebody's grandfather.,The writer is somebody's grandfather. The writer is a,man,woman,The writer is somebody's grandfather. The writer is a,15,5.723978,15,[7.104949474334717],[4.600879669189453],122,[5.113644599914551],[1.4135175943374634],-5.046506,-7.0378113,correct,True,-5.046506,-7.0378113,correct,True,-5.046506,-7.0378113,correct,True,gender
79,writer,woman,inconsistent,The writer is somebody's grandfather.,The writer is somebody's grandfather. The writer is a,man,woman,The writer is somebody's grandfather. The writer is a,16,6.4758167,10,[6.85625696182251],[11.58881950378418],184,[4.514885902404785],[7.432788372039795],-4.9075947,-7.2489657,correct,True,-4.9075947,-7.2489657,correct,True,-4.9075947,-7.2489657,correct,True,gender
79,writer,woman,inconsistent,The writer is somebody's grandfather.,The writer is somebody's grandfather. The writer is a,man,woman,The writer is somebody's grandfather. The writer is a,17,6.1369123,5,[8.008082389831543],[4.50804328918457],81,[5.255903244018555],[0.7367483377456665],-3.9069726,-6.659152,correct,True,-3.9069726,-6.659152,correct,True,-3.9069726,-6.659152,correct,True,gender
79,writer,woman,inconsistent,The writer is somebody's grandfather.,The writer is somebody's grandfather. The writer is a,man,woman,The writer is somebody's grandfather. The writer is a,18,6.927791,3,[7.559712886810303],[7.226023197174072],147,[4.512506008148193],[6.143362998962402],-3.9201758,-6.9673824,correct,True,-3.9201758,-6.9673824,correct,True,-3.9201758,-6.9673824,correct,True,gender
79,writer,woman,inconsistent,The writer is somebody's grandfather.,The writer is somebody's grandfather. The writer is a,man,woman,The writer is somebody's grandfather. The writer is a,19,6.87323,4,[7.72659158706665],[4.6853346824646],102,[4.94569730758667],[-0.5913560390472412],-3.8130026,-6.593897,correct,True,-3.8130026,-6.593897,correct,True,-3.8130026,-6.593897,correct,True,gender
79,writer,woman,inconsistent,The writer is somebody's grandfather.,The writer is somebody's grandfather. The writer is a,man,woman,The writer is somebody's grandfather. The writer is a,20,6.9467063,4,[7.7887396812438965],[3.8567497730255127],144,[4.629295825958252],[1.7486028671264648],-3.7113166,-6.8707604,correct,True,-3.7113166,-6.8707604,correct,True,-3.7113166,-6.8707604,correct,True,gender
79,writer,woman,inconsistent,The writer is somebody's grandfather.,The writer is somebody's grandfather. The writer is a,man,woman,The writer is somebody's grandfather. The writer is a,21,7.0717583,2,[7.965914249420166],[3.2292914390563965],135,[4.705324649810791],[5.972622871398926],-3.506751,-6.7673407,correct,True,-3.506751,-6.7673407,correct,True,-3.506751,-6.7673407,correct,True,gender
79,writer,woman,inconsistent,The writer is somebody's grandfather.,The writer is somebody's grandfather. The writer is a,man,woman,The writer is somebody's grandfather. The writer is a,22,7.380223,1,[8.388835906982422],[1.8984379768371582],44,[5.6424241065979],[4.173830032348633],-3.2857182,-6.0321302,correct,True,-3.2857182,-6.0321302,correct,True,-3.2857182,-6.0321302,correct,True,gender
79,writer,woman,inconsistent,The writer is somebody's grandfather.,The writer is somebody's grandfather. The writer is a,man,woman,The writer is somebody's grandfather. The writer is a,23,6.5305777,2,[11.794452667236328],,5,[10.930657386779785],,-3.2412372,-4.1050324,correct,True,-3.2412372,-4.1050324,correct,True,-3.2412372,-4.1050324,correct,True,gender
