response_correct,syllogism_condition,rt,syllogism_name,subject,is_valid,answer_with_valid,is_realistic,is_consistent,is_nonsense,unique_id,output_entropy,midpoint_entropy,output_rank_correct,midpoint_rank_correct,output_logprob_correct,midpoint_logprob_correct,output_logprobdiff,midpoint_logprobdiff,auc_entropy,layer_biggest_change_entropy,twostage_magnitude,twostage_magnitude_latter34,twostage_layer,auc_rank_correct,layer_biggest_change_rank_correct,auc_logprob_correct,layer_biggest_change_logprob_correct,auc_logprobdiff_pos,auc_logprobdiff_neg,layer_biggest_change_logprobdiff,auc_boosting_pos,auc_boosting_neg,layer_argmax_boosting
True,nonsense,35.699013,nonsense_sland_spluff_gusp,Human,True,True,False,False,True,nonsense_sland_spluff_gusp^nonsense^valid,0.872637,3.3090408,1.0,0.0003598174698210298,-0.31491312,-11.999437499999999,1.1875199799999998,1.918761,64.24297702999999,13.0,2.9182584999999994,2.9182584999999994,0.8333333333333334,4.246622205868289,13.0,155.2853097325,11.0,22.3717830175,8.248085249999999,13.0,41.29246470950169,22.990290458151264,13.0
False,violate,197.794977,flowers_animals_reptiles,Human,True,False,True,False,False,flowers_animals_reptiles^violate^valid,0.80292182,3.3558238,1.0,0.0005520707528027036,-0.30880313,-11.2413055,1.16198732,2.1635845,64.63901615,13.0,2.5027437500000005,2.5027437500000005,0.7777777777777778,4.440536215773072,13.0,146.821652865,11.0,20.915695235,7.22292175,13.0,37.687441679677896,22.361093211718455,13.0
False,nonsense,53.098138,nonsense_nept_bript_jeft,Human,False,True,False,False,True,nonsense_nept_bript_jeft^nonsense^invalid,0.8772813500000001,3.0747101,0.5,0.0001299578541359125,-1.4329657500000001,-14.034797999999999,-1.0986861650000002,-1.9411234999999998,63.65789524,13.0,3.0451669999999997,3.0451669999999997,1.0,1.93149606970471,12.0,169.96481565,8.0,7.523720849999999,21.967738136,8.0,22.370068804577333,39.67799952122178,8.0
False,consistent,30.560626,gems_diamonds_transparent,Human,True,False,True,True,False,gems_diamonds_transparent^consistent^valid,0.753591025,3.76627945,1.0,0.0005359658175781865,-0.24370881,-11.0509045,1.47992999,2.2589680000000003,65.980115145,13.0,2.4355995000000004,2.2995012500000005,0.7222222222222222,4.526561973641876,13.0,147.7340095945,11.0,24.1941684555,7.789098000000001,13.0,40.36924289771004,21.711706265613056,13.0
True,nonsense,47.365121,nonsense_sland_spluff_gusp,Human,True,True,False,False,True,nonsense_sland_spluff_gusp^nonsense^valid,0.872637,3.3090408,1.0,0.0003598174698210298,-0.31491312,-11.999437499999999,1.1875199799999998,1.918761,64.24297702999999,13.0,2.9182584999999994,2.9182584999999994,0.8333333333333334,4.246622205868289,13.0,155.2853097325,11.0,22.3717830175,8.248085249999999,13.0,41.29246470950169,22.990290458151264,13.0
True,consistent,14.132236,gems_diamonds_transparent,Human,False,False,True,True,False,gems_diamonds_transparent^consistent^invalid,0.716960015,3.7114264,0.5,0.00015480785475218908,-1.81780245,-13.30370075,-1.596589995,-2.2649177499999995,65.87122969,13.0,3.1812115,3.1812115,1.0,1.891773828978951,12.0,164.2627568,8.0,7.96865575,24.874875655000004,8.0,21.551882908322263,40.956602366374625,8.0
False,nonsense,19.298922,nonsense_nept_bript_jeft,Human,False,True,False,False,True,nonsense_nept_bript_jeft^nonsense^invalid,0.8772813500000001,3.0747101,0.5,0.0001299578541359125,-1.4329657500000001,-14.034797999999999,-1.0986861650000002,-1.9411234999999998,63.65789524,13.0,3.0451669999999997,3.0451669999999997,1.0,1.93149606970471,12.0,169.96481565,8.0,7.523720849999999,21.967738136,8.0,22.370068804577333,39.67799952122178,8.0
True,nonsense,13.966516,nonsense_gick_criff_riff,Human,False,False,False,False,True,nonsense_gick_criff_riff^nonsense^invalid,0.8612199,3.39642235,0.5,0.0001332815010463566,-1.4914692,-13.8843395,-1.1763248099999999,-1.839945000000001,64.23723944,13.0,2.8424378999999997,2.8424378999999997,1.0,2.183215925526847,12.0,168.68162,8.0,8.0984081,21.566258694999995,8.0,22.128120142400363,40.12134325330565,8.0
True,violate,35.59383,flowers_animals_reptiles,Human,True,True,True,False,False,flowers_animals_reptiles^violate^valid,0.80292182,3.3558238,1.0,0.0005520707528027036,-0.30880313,-11.2413055,1.16198732,2.1635845,64.63901615,13.0,2.5027437500000005,2.5027437500000005,0.7777777777777778,4.440536215773072,13.0,146.821652865,11.0,20.915695235,7.22292175,13.0,37.687441679677896,22.361093211718455,13.0
True,nonsense,71.632158,nonsense_paft_usp_cesk,Human,True,True,False,False,True,nonsense_paft_usp_cesk^nonsense^valid,0.90446385,3.0925508500000003,1.0,0.00036385357600297646,-0.36020477,-12.0545185,1.0078305800000003,1.8748474999999996,63.70888371,13.0,2.9272709999999993,2.9272709999999993,0.8333333333333334,4.22117993167058,13.0,155.55404756,11.0,21.895442390000003,7.775151399999999,13.0,39.79514013282285,22.991801159252574,13.0
True,nonsense,48.230127,nonsense_glap_phropt_soff,Human,False,False,False,False,True,nonsense_glap_phropt_soff^nonsense^invalid,0.87850963,3.08565485,0.5,0.00014406698132474584,-1.39613405,-13.866895,-1.0513582649999997,-1.8580179999999995,63.10592593,13.0,2.9202051950000003,2.9202051950000003,1.0,2.0167774365909428,12.0,167.91992770000002,8.0,8.681804750000001,21.503753349,8.0,23.520581336935347,39.85138008668568,8.0
True,consistent,12.956185,guns_weapons_dangerous,Human,False,False,True,True,False,guns_weapons_dangerous^consistent^invalid,0.8124103650000001,3.52681745,0.5,0.00016155519136725022,-1.6824146,-13.37473275,-1.419377345,-2.088389750000001,65.246341985,13.0,3.092880115,3.092880115,1.0,1.851250707083089,12.0,162.11726545,8.0,7.87713325,22.8607597425,8.0,22.78206423757442,41.226552475374106,8.0
True,violate,60.43602,politicians_dishonest_lie,Human,True,True,True,False,False,politicians_dishonest_lie^violate^valid,0.85692418,2.5728094500000003,1.0,0.0005229136727992001,-0.304098085,-11.7277335,1.2323226649999999,1.9506049999999995,63.630831195,13.0,2.6572120000000004,2.6572120000000004,0.7222222222222222,4.356190776423571,13.0,150.35712137399997,11.0,21.547333025999997,7.783636500000001,13.0,40.94241499827892,21.960442003393133,13.0
True,violate,15.949493,politicians_dishonest_lie,Human,True,True,True,False,False,politicians_dishonest_lie^violate^valid,0.85692418,2.5728094500000003,1.0,0.0005229136727992001,-0.304098085,-11.7277335,1.2323226649999999,1.9506049999999995,63.630831195,13.0,2.6572120000000004,2.6572120000000004,0.7222222222222222,4.356190776423571,13.0,150.35712137399997,11.0,21.547333025999997,7.783636500000001,13.0,40.94241499827892,21.960442003393133,13.0
False,violate,40.929522,politicians_dishonest_lie,Human,True,False,True,False,False,politicians_dishonest_lie^violate^valid,0.85692418,2.5728094500000003,1.0,0.0005229136727992001,-0.304098085,-11.7277335,1.2323226649999999,1.9506049999999995,63.630831195,13.0,2.6572120000000004,2.6572120000000004,0.7222222222222222,4.356190776423571,13.0,150.35712137399997,11.0,21.547333025999997,7.783636500000001,13.0,40.94241499827892,21.960442003393133,13.0
True,consistent,33.965117,computers_electronics_expensive,Human,True,True,True,True,False,computers_electronics_expensive^consistent^valid,0.7507234700000001,3.2355408,1.0,0.0006631955912445868,-0.22902603,-11.000043,1.57955832,2.6117175,64.49264469,13.0,2.4652874999999996,1.8984774999999994,0.7222222222222222,4.52602573952168,13.0,147.8227524935,11.0,25.5709247065,7.427772749999999,13.0,41.430165470500334,21.755364268303886,13.0
False,violate,39.765076,flowers_animals_reptiles,Human,True,False,True,False,False,flowers_animals_reptiles^violate^valid,0.80292182,3.3558238,1.0,0.0005520707528027036,-0.30880313,-11.2413055,1.16198732,2.1635845,64.63901615,13.0,2.5027437500000005,2.5027437500000005,0.7777777777777778,4.440536215773072,13.0,146.821652865,11.0,20.915695235,7.22292175,13.0,37.687441679677896,22.361093211718455,13.0
True,consistent,22.3793,gems_diamonds_transparent,Human,False,False,True,True,False,gems_diamonds_transparent^consistent^invalid,0.716960015,3.7114264,0.5,0.00015480785475218908,-1.81780245,-13.30370075,-1.596589995,-2.2649177499999995,65.87122969,13.0,3.1812115,3.1812115,1.0,1.891773828978951,12.0,164.2627568,8.0,7.96865575,24.874875655000004,8.0,21.551882908322263,40.956602366374625,8.0
False,violate,17.164793,librarians_happy_healthy,Human,False,True,True,False,False,librarians_happy_healthy^violate^invalid,0.82843153,2.9045293,0.5,0.00014523853227303333,-1.5777782,-13.932103999999999,-1.2889213700000002,-2.225238,63.484037335,13.0,2.98101987,2.98101987,1.0,1.8901315714134497,12.0,164.68412365,8.0,7.22950555,22.0323222455,8.0,22.28237701789436,39.792787090075564,8.0
True,nonsense,172.546467,nonsense_zeff_zaff_zom,Human,True,True,False,False,True,nonsense_zeff_zaff_zom^nonsense^valid,0.826190125,3.3383641500000003,1.0,0.0003752730410606441,-0.2988921,-11.89146675,1.2291002,1.9690327500000002,64.578556365,13.0,2.867421,2.867421,0.7777777777777778,4.438700719392093,13.0,154.29274210299997,11.0,23.070633847000003,7.497410749999999,13.0,40.623939754034595,22.04034454670912,13.0
False,violate,30.931158,gems_diamonds_transparent,Human,True,False,True,False,False,gems_diamonds_transparent^violate^valid,0.76021125,3.5893800999999996,1.0,0.00048815408004441356,-0.2503325,-11.2991575,1.4433470000000002,2.1570367500000005,64.81318300500001,13.0,2.4854147500000003,2.4854147500000003,0.7222222222222222,4.529485454724581,13.0,147.57797794700002,11.0,23.721060653000002,8.06224375,13.0,40.608537525421085,22.147881092719754,13.0
False,nonsense,35.065263,nonsense_sland_spluff_gusp,Human,True,False,False,False,True,nonsense_sland_spluff_gusp^nonsense^valid,0.872637,3.3090408,1.0,0.0003598174698210298,-0.31491312,-11.999437499999999,1.1875199799999998,1.918761,64.24297702999999,13.0,2.9182584999999994,2.9182584999999994,0.8333333333333334,4.246622205868289,13.0,155.2853097325,11.0,22.3717830175,8.248085249999999,13.0,41.29246470950169,22.990290458151264,13.0
True,violate,18.764769,flowers_animals_reptiles,Human,True,True,True,False,False,flowers_animals_reptiles^violate^valid,0.80292182,3.3558238,1.0,0.0005520707528027036,-0.30880313,-11.2413055,1.16198732,2.1635845,64.63901615,13.0,2.5027437500000005,2.5027437500000005,0.7777777777777778,4.440536215773072,13.0,146.821652865,11.0,20.915695235,7.22292175,13.0,37.687441679677896,22.361093211718455,13.0
False,consistent,14.642097,plants_trees_tall,Human,False,True,True,True,False,plants_trees_tall^consistent^invalid,0.730118475,3.7122442500000004,0.5,0.00013679078016672123,-1.8400121999999999,-13.5924275,-1.619521165,-2.27426025,65.977934065,13.0,3.325046315,3.325046315,1.0,1.8492293367578583,12.0,165.50406805,8.0,7.5980795,24.9447712535,8.0,21.048222600063486,39.84554360065279,8.0
True,violate,37.101799,dragons_mythical_exist,Human,False,False,True,False,False,dragons_mythical_exist^violate^invalid,0.7496491999999999,2.7785035000000002,0.5,0.00015468943720704716,-1.7071033500000001,-13.6957835,-1.461802445,-2.080981499999999,63.269095475,13.0,2.9363595899999995,2.9363595899999995,1.0,2.019378182385685,12.0,165.12476145,8.0,8.051998000000001,21.815614513499995,8.0,21.918670240760562,40.2427733064133,8.0
False,violate,54.673975,librarians_happy_healthy,Human,False,True,True,False,False,librarians_happy_healthy^violate^invalid,0.82843153,2.9045293,0.5,0.00014523853227303333,-1.5777782,-13.932103999999999,-1.2889213700000002,-2.225238,63.484037335,13.0,2.98101987,2.98101987,1.0,1.8901315714134497,12.0,164.68412365,8.0,7.22950555,22.0323222455,8.0,22.28237701789436,39.792787090075564,8.0
True,nonsense,26.465072,nonsense_zeff_zaff_zom,Human,True,True,False,False,True,nonsense_zeff_zaff_zom^nonsense^valid,0.826190125,3.3383641500000003,1.0,0.0003752730410606441,-0.2988921,-11.89146675,1.2291002,1.9690327500000002,64.578556365,13.0,2.867421,2.867421,0.7777777777777778,4.438700719392093,13.0,154.29274210299997,11.0,23.070633847000003,7.497410749999999,13.0,40.623939754034595,22.04034454670912,13.0
True,consistent,12.559504,food_vegetables_healthy,Human,True,True,True,True,False,food_vegetables_healthy^consistent^valid,0.7606136,3.3383755500000003,1.0,0.0005669087190239791,-0.24247479500000002,-11.1414715,1.497656805,2.418847500000001,65.30056738000002,13.0,2.4084665000000003,1.993214,0.7222222222222222,4.528359460105362,13.0,146.699753749,11.0,23.619699101000002,7.8409485,13.0,39.50832733759715,22.534533309605877,13.0
True,consistent,18.198757,whales_mammals_big,Human,True,True,True,True,False,whales_mammals_big^consistent^valid,0.7600514199999999,3.2517326,1.0,0.0005659421817598978,-0.244833055,-11.2161765,1.4792661950000001,2.2964579999999994,64.402853575,13.0,2.48740425,2.2691805,0.7222222222222222,4.526662934854758,13.0,148.5456935495,11.0,23.279946400500002,7.609150999999999,13.0,40.13314079630912,22.142916272990515,13.0
True,consistent,4.658928,dragons_mythical_exist,Human,False,False,True,True,False,dragons_mythical_exist^consistent^invalid,0.8439043150000001,2.9684752,0.5,0.00015748787793340695,-1.4308790999999998,-13.560780000000001,-1.1025934099999999,-1.9984345000000001,65.02149115,13.0,2.6834890499999995,2.6834890499999995,1.0,2.105324124709144,12.0,161.41969404999998,8.0,8.81267335,17.8095341215,8.0,23.154700330327426,36.973125524637055,8.0
False,violate,11.593391,dragons_mythical_exist,Human,False,True,True,False,False,dragons_mythical_exist^violate^invalid,0.7496491999999999,2.7785035000000002,0.5,0.00015468943720704716,-1.7071033500000001,-13.6957835,-1.461802445,-2.080981499999999,63.269095475,13.0,2.9363595899999995,2.9363595899999995,1.0,2.019378182385685,12.0,165.12476145,8.0,8.051998000000001,21.815614513499995,8.0,21.918670240760562,40.2427733064133,8.0
True,nonsense,21.898993,nonsense_sneb_jing_omp,Human,True,True,False,False,True,nonsense_sneb_jing_omp^nonsense^valid,0.87637675,2.9196453499999997,1.0,0.0003549313610474889,-0.378000965,-12.2291775,0.918018335,1.8000554999999991,62.32289851,13.0,3.1921244999999994,3.1921244999999994,0.8333333333333334,4.243235111391919,13.0,156.55068115299997,11.0,20.553673847,8.745690800000002,13.0,38.25296620955978,23.06310768422737,13.0
False,consistent,17.359894,food_vegetables_healthy,Human,False,True,True,True,False,food_vegetables_healthy^consistent^invalid,0.80010553,3.44269365,0.5,0.00014042260272500496,-1.7151735499999998,-13.588034,-1.4599838099999998,-2.4291935000000002,65.68340365999998,13.0,3.181011405,3.181011405,1.0,1.8247961292316957,12.0,162.38700754999996,8.0,8.003593499999997,23.2718609715,8.0,22.59369901339862,39.5109209343055,8.0
True,nonsense,19.826118,nonsense_shiff_yot_plusk,Human,True,True,False,False,True,nonsense_shiff_yot_plusk^nonsense^valid,0.85954905,3.3951676,1.0,0.00030728071375896084,-0.349083845,-12.270569,1.0218831050000001,1.6701089999999992,63.39859931499999,13.0,3.2967174999999997,3.2967174999999997,0.8333333333333334,4.2866594849637885,13.0,157.85406354599996,11.0,20.601034104,9.09310645,13.0,40.16672640586064,23.439003582831603,13.0
False,nonsense,25.790255,nonsense_nept_bript_jeft,Human,False,True,False,False,True,nonsense_nept_bript_jeft^nonsense^invalid,0.8772813500000001,3.0747101,0.5,0.0001299578541359125,-1.4329657500000001,-14.034797999999999,-1.0986861650000002,-1.9411234999999998,63.65789524,13.0,3.0451669999999997,3.0451669999999997,1.0,1.93149606970471,12.0,169.96481565,8.0,7.523720849999999,21.967738136,8.0,22.370068804577333,39.67799952122178,8.0
False,violate,54.031189,politicians_dishonest_lie,Human,True,False,True,False,False,politicians_dishonest_lie^violate^valid,0.85692418,2.5728094500000003,1.0,0.0005229136727992001,-0.304098085,-11.7277335,1.2323226649999999,1.9506049999999995,63.630831195,13.0,2.6572120000000004,2.6572120000000004,0.7222222222222222,4.356190776423571,13.0,150.35712137399997,11.0,21.547333025999997,7.783636500000001,13.0,40.94241499827892,21.960442003393133,13.0
True,consistent,22.631492,famous_wealthy_old,Human,True,True,True,True,False,famous_wealthy_old^consistent^valid,0.846912205,2.5031982,1.0,0.0004996552466172478,-0.31150541,-11.814615,1.18588639,2.0049155,63.99374635,13.0,2.634410000000001,2.634410000000001,0.7222222222222222,4.270966980637006,13.0,151.897600068,11.0,20.442675282000003,7.925144250000001,13.0,39.76283450495063,22.26409818257627,13.0
False,nonsense,20.799038,nonsense_gick_criff_riff,Human,False,True,False,False,True,nonsense_gick_criff_riff^nonsense^invalid,0.8612199,3.39642235,0.5,0.0001332815010463566,-1.4914692,-13.8843395,-1.1763248099999999,-1.839945000000001,64.23723944,13.0,2.8424378999999997,2.8424378999999997,1.0,2.183215925526847,12.0,168.68162,8.0,8.0984081,21.566258694999995,8.0,22.128120142400363,40.12134325330565,8.0
False,violate,14.764631,food_vegetables_healthy,Human,True,False,True,False,False,food_vegetables_healthy^violate^valid,0.75775912,3.3562648,1.0,0.0005377323044018613,-0.238601935,-11.2282355,1.519996665,2.310215499999999,65.00056803500001,13.0,2.382694,2.1047494999999996,0.7222222222222222,4.530185999346359,13.0,146.082557565,11.0,23.565857535,7.447397499999999,13.0,40.36793884787534,22.174123722577942,13.0
False,consistent,31.799148,politicians_dishonest_lie,Human,True,False,True,True,False,politicians_dishonest_lie^consistent^valid,0.828406695,2.4133433,1.0,0.0005875726571122693,-0.290245015,-11.5877655,1.2799110850000002,2.1282489999999994,64.270376835,13.0,2.564828000000001,2.564828000000001,0.7222222222222222,4.3578564468325025,13.0,150.69450604499997,11.0,22.023117855,7.810317500000001,13.0,40.575119426214044,22.10061312816027,13.0
True,violate,25.764495,plants_trees_tall,Human,True,True,True,False,False,plants_trees_tall^violate^valid,0.717500975,3.70768095,1.0,0.00046048168249660784,-0.21909362,-11.383641,1.61033538,2.1576474999999995,65.30035196,13.0,2.4152125,2.2526029999999997,0.7222222222222222,4.529433268546775,13.0,147.506923767,11.0,24.989632233000002,7.416682999999999,13.0,40.59510008805473,21.21236129941633,13.0
True,violate,15.454924,dragons_mythical_exist,Human,True,True,True,False,False,dragons_mythical_exist^violate^valid,0.75148356,2.8738599999999996,1.0,0.0005189435956516459,-0.26330629,-11.520957,1.3558540099999998,2.0962345000000004,63.32477595,13.0,2.811694,2.811694,0.7777777777777778,4.4430572518545866,13.0,150.356716115,11.0,21.197658335,8.195210249999999,13.0,39.904746323537225,22.381037669416266,13.0
True,consistent,32.060598,computers_electronics_expensive,Human,True,True,True,True,False,computers_electronics_expensive^consistent^valid,0.7507234700000001,3.2355408,1.0,0.0006631955912445868,-0.22902603,-11.000043,1.57955832,2.6117175,64.49264469,13.0,2.4652874999999996,1.8984774999999994,0.7222222222222222,4.52602573952168,13.0,147.8227524935,11.0,25.5709247065,7.427772749999999,13.0,41.430165470500334,21.755364268303886,13.0
True,violate,32.55698,computers_electronics_expensive,Human,True,True,True,False,False,computers_electronics_expensive^violate^valid,0.79920667,3.33830025,1.0,0.0006120097741781315,-0.25700347,-11.110559,1.44521998,2.4137257499999993,64.37129449,13.0,2.43376725,2.1651685,0.7222222222222222,4.444678280930261,13.0,147.234048478,11.0,23.751550372,7.696478250000001,13.0,40.90439012077201,22.294409900997366,13.0
False,nonsense,35.189506,nonsense_yuft_yab_sunt,Human,False,True,False,False,True,nonsense_yuft_yab_sunt^nonsense^invalid,0.88295135,3.0120839999999998,0.5,0.00014295678652680258,-1.3270173,-13.859286,-0.95926375,-1.7411775,63.11874042,13.0,2.7494775,2.7494775,1.0,2.2266491194044296,12.0,165.02993414999997,8.0,8.55459565,19.5054553475,8.0,23.809751960386652,39.47962059569814,8.0
False,violate,24.830279,flowers_animals_reptiles,Human,False,True,True,False,False,flowers_animals_reptiles^violate^invalid,0.78983112,3.4566548,0.5,0.00015675988408831546,-1.4911014,-13.439756,-1.1895694900000002,-2.1522049999999995,64.77486127,13.0,2.9109193099999997,2.9109193099999997,1.0,2.061807445037059,12.0,161.2473255,8.0,7.121911899999999,21.092282462500002,8.0,22.00951853136907,37.41110084930707,8.0
True,nonsense,28.630857,nonsense_blep_jict_zamp,Human,False,False,False,False,True,nonsense_blep_jict_zamp^nonsense^invalid,0.903665115,3.6107066999999997,0.5,0.00012940662591061247,-1.38791745,-13.86944,-1.03476904,-1.825532,65.00869826499999,13.0,3.032294425,3.032294425,1.0,2.0982665889638668,12.0,169.33324845,8.0,7.733370150000001,21.43827195,8.0,22.29918682480759,38.57487117335801,8.0
True,violate,17.325679,whales_mammals_big,Human,False,False,True,False,False,whales_mammals_big^violate^invalid,0.7786314750000001,3.2630722,0.5,0.00015824187381215305,-1.70431305,-13.46902125,-1.45250511,-2.18151125,63.941754695,13.0,3.1958313349999994,3.1958313349999994,1.0,1.8514338107282522,12.0,163.38329629999998,8.0,7.490909500000002,22.949328717999997,8.0,21.857484059197056,40.3649179619716,8.0
False,nonsense,54.663777,nonsense_blep_jict_zamp,Human,False,True,False,False,True,nonsense_blep_jict_zamp^nonsense^invalid,0.903665115,3.6107066999999997,0.5,0.00012940662591061247,-1.38791745,-13.86944,-1.03476904,-1.825532,65.00869826499999,13.0,3.032294425,3.032294425,1.0,2.0982665889638668,12.0,169.33324845,8.0,7.733370150000001,21.43827195,8.0,22.29918682480759,38.57487117335801,8.0
True,nonsense,23.297724,nonsense_wib_mact_boct,Human,False,False,False,False,True,nonsense_wib_mact_boct^nonsense^invalid,0.88412388,3.530372,0.5,0.00013247941834787204,-1.3985113500000002,-13.850477,-1.0530148000000001,-1.8226565,64.800115625,13.0,3.1028118499999993,3.1028118499999993,1.0,2.097824246707875,12.0,169.0984972,8.0,8.0221131,21.553394924000003,8.0,23.030346643851914,39.62693199719561,8.0
True,violate,13.7652,plants_trees_tall,Human,False,False,True,False,False,plants_trees_tall^violate^invalid,0.793895095,3.51040315,0.5,0.00014996657004577623,-1.5793748,-13.490645,-1.299109455,-2.270526500000001,65.45802229499999,13.0,3.171338925,3.171338925,1.0,1.8511591116003463,12.0,162.3544972,8.0,7.527773,22.5921845265,8.0,22.149570838901894,38.92637442665298,8.0
True,nonsense,11.232076,nonsense_sland_spluff_gusp,Human,True,True,False,False,True,nonsense_sland_spluff_gusp^nonsense^valid,0.872637,3.3090408,1.0,0.0003598174698210298,-0.31491312,-11.999437499999999,1.1875199799999998,1.918761,64.24297702999999,13.0,2.9182584999999994,2.9182584999999994,0.8333333333333334,4.246622205868289,13.0,155.2853097325,11.0,22.3717830175,8.248085249999999,13.0,41.29246470950169,22.990290458151264,13.0
True,consistent,15.66558,politicians_dishonest_lie,Human,True,True,True,True,False,politicians_dishonest_lie^consistent^valid,0.828406695,2.4133433,1.0,0.0005875726571122693,-0.290245015,-11.5877655,1.2799110850000002,2.1282489999999994,64.270376835,13.0,2.564828000000001,2.564828000000001,0.7222222222222222,4.3578564468325025,13.0,150.69450604499997,11.0,22.023117855,7.810317500000001,13.0,40.575119426214044,22.10061312816027,13.0
True,violate,19.759619,guns_weapons_dangerous,Human,True,True,True,False,False,guns_weapons_dangerous^violate^valid,0.826701645,3.36539805,1.0,0.0005274274808077318,-0.26854919499999996,-11.3086395,1.401476855,2.1200455,65.18252442,13.0,2.448941500000001,2.3531097500000007,0.7777777777777778,4.404540909006847,13.0,146.937006332,11.0,22.731537168000003,8.093166250000001,13.0,41.74582239054614,23.37301443070549,13.0
False,nonsense,17.663681,nonsense_gick_criff_riff,Human,False,True,False,False,True,nonsense_gick_criff_riff^nonsense^invalid,0.8612199,3.39642235,0.5,0.0001332815010463566,-1.4914692,-13.8843395,-1.1763248099999999,-1.839945000000001,64.23723944,13.0,2.8424378999999997,2.8424378999999997,1.0,2.183215925526847,12.0,168.68162,8.0,8.0984081,21.566258694999995,8.0,22.128120142400363,40.12134325330565,8.0
False,violate,26.765934,politicians_dishonest_lie,Human,True,False,True,False,False,politicians_dishonest_lie^violate^valid,0.85692418,2.5728094500000003,1.0,0.0005229136727992001,-0.304098085,-11.7277335,1.2323226649999999,1.9506049999999995,63.630831195,13.0,2.6572120000000004,2.6572120000000004,0.7222222222222222,4.356190776423571,13.0,150.35712137399997,11.0,21.547333025999997,7.783636500000001,13.0,40.94241499827892,21.960442003393133,13.0
True,violate,27.625032,dragons_mythical_exist,Human,False,False,True,False,False,dragons_mythical_exist^violate^invalid,0.7496491999999999,2.7785035000000002,0.5,0.00015468943720704716,-1.7071033500000001,-13.6957835,-1.461802445,-2.080981499999999,63.269095475,13.0,2.9363595899999995,2.9363595899999995,1.0,2.019378182385685,12.0,165.12476145,8.0,8.051998000000001,21.815614513499995,8.0,21.918670240760562,40.2427733064133,8.0
False,consistent,24.665549,librarians_happy_healthy,Human,False,True,True,True,False,librarians_happy_healthy^consistent^invalid,0.81077882,2.86364565,0.5,0.00014633701367139737,-1.58672145,-13.884556499999999,-1.30359647,-2.1702139999999996,64.17962105,13.0,3.1747808749999997,3.1747808749999997,1.0,1.7959304817817918,12.0,165.98963685,8.0,7.54508725,22.443929461999996,8.0,22.678905569012304,40.484153084258494,8.0
True,nonsense,18.298093,nonsense_sneb_jing_omp,Human,True,True,False,False,True,nonsense_sneb_jing_omp^nonsense^valid,0.87637675,2.9196453499999997,1.0,0.0003549313610474889,-0.378000965,-12.2291775,0.918018335,1.8000554999999991,62.32289851,13.0,3.1921244999999994,3.1921244999999994,0.8333333333333334,4.243235111391919,13.0,156.55068115299997,11.0,20.553673847,8.745690800000002,13.0,38.25296620955978,23.06310768422737,13.0
False,consistent,19.664425,vehicles_mobile_buildings,Human,False,True,True,True,False,vehicles_mobile_buildings^consistent^invalid,0.82807165,3.10497555,0.5,0.00014688091992820756,-1.4844856,-13.7572515,-1.1739701949999999,-2.164491,64.318786655,13.0,2.8903951050000005,2.8903951050000005,1.0,2.0207245787134083,12.0,163.02613715,8.0,8.4129259,20.242011470999998,8.0,22.346142670880425,38.23088806238775,8.0
True,violate,33.298548,famous_wealthy_old,Human,True,True,True,False,False,famous_wealthy_old^violate^valid,0.842092925,2.70853255,1.0,0.0004890306659845316,-0.294347495,-11.781068000000001,1.269793505,1.8836114999999989,63.002077740000004,13.0,2.7637085,2.7637085,0.7222222222222222,4.314656211531842,13.0,150.848518432,11.0,21.104605768,8.048890750000002,13.0,41.20358788514747,22.217639795756412,13.0
True,nonsense,34.724606,nonsense_snid_ust_bem,Human,True,True,False,False,True,nonsense_snid_ust_bem^nonsense^valid,0.89630637,3.0153843,1.0,0.0003303327877795963,-0.32724493499999996,-12.2195655,1.147779465,2.0203819999999997,63.501960845000006,13.0,2.896642000000001,2.896642000000001,0.8333333333333334,4.220851869703862,13.0,156.36384721000002,11.0,21.952703539999995,8.2747913,13.0,41.45703203176717,23.994582749846323,13.0
True,violate,17.724662,plants_trees_tall,Human,True,True,True,False,False,plants_trees_tall^violate^valid,0.717500975,3.70768095,1.0,0.00046048168249660784,-0.21909362,-11.383641,1.61033538,2.1576474999999995,65.30035196,13.0,2.4152125,2.2526029999999997,0.7222222222222222,4.529433268546775,13.0,147.506923767,11.0,24.989632233000002,7.416682999999999,13.0,40.59510008805473,21.21236129941633,13.0
True,nonsense,16.965475,nonsense_sclack_chask_pron,Human,True,True,False,False,True,nonsense_sclack_chask_pron^nonsense^valid,0.8760077500000001,3.19302525,1.0,0.0003237578974288026,-0.327950645,-12.234436500000001,1.1274842550000002,1.8480102499999997,64.35325353,13.0,2.8875195,2.8875195,0.7777777777777778,4.286734894573403,13.0,156.1993985345,11.0,21.571893615499995,7.868363349999999,13.0,39.81457221128332,22.977012135674755,13.0
True,nonsense,24.587037,nonsense_snid_ust_bem,Human,True,True,False,False,True,nonsense_snid_ust_bem^nonsense^valid,0.89630637,3.0153843,1.0,0.0003303327877795963,-0.32724493499999996,-12.2195655,1.147779465,2.0203819999999997,63.501960845000006,13.0,2.896642000000001,2.896642000000001,0.8333333333333334,4.220851869703862,13.0,156.36384721000002,11.0,21.952703539999995,8.2747913,13.0,41.45703203176717,23.994582749846323,13.0
True,nonsense,32.429775,nonsense_shiff_yot_plusk,Human,True,True,False,False,True,nonsense_shiff_yot_plusk^nonsense^valid,0.85954905,3.3951676,1.0,0.00030728071375896084,-0.349083845,-12.270569,1.0218831050000001,1.6701089999999992,63.39859931499999,13.0,3.2967174999999997,3.2967174999999997,0.8333333333333334,4.2866594849637885,13.0,157.85406354599996,11.0,20.601034104,9.09310645,13.0,40.16672640586064,23.439003582831603,13.0
True,consistent,19.131401,famous_wealthy_old,Human,True,True,True,True,False,famous_wealthy_old^consistent^valid,0.846912205,2.5031982,1.0,0.0004996552466172478,-0.31150541,-11.814615,1.18588639,2.0049155,63.99374635,13.0,2.634410000000001,2.634410000000001,0.7222222222222222,4.270966980637006,13.0,151.897600068,11.0,20.442675282000003,7.925144250000001,13.0,39.76283450495063,22.26409818257627,13.0
False,consistent,25.797105,computers_electronics_expensive,Human,False,True,True,True,False,computers_electronics_expensive^consistent^invalid,0.827916625,3.2527096,0.5,0.0001478306515694154,-1.70716705,-13.6426695,-1.444705925,-2.5822434999999997,64.53852477000001,13.0,3.35160743,3.35160743,1.0,1.7980412785201751,12.0,165.46628235000003,8.0,7.699252500000001,24.539169950999998,8.0,22.11677450580917,40.692714354500296,8.0
False,consistent,23.361539,dragons_mythical_exist,Human,False,True,True,True,False,dragons_mythical_exist^consistent^invalid,0.8439043150000001,2.9684752,0.5,0.00015748787793340695,-1.4308790999999998,-13.560780000000001,-1.1025934099999999,-1.9984345000000001,65.02149115,13.0,2.6834890499999995,2.6834890499999995,1.0,2.105324124709144,12.0,161.41969404999998,8.0,8.81267335,17.8095341215,8.0,23.154700330327426,36.973125524637055,8.0
True,violate,31.730914,dragons_mythical_exist,Human,False,False,True,False,False,dragons_mythical_exist^violate^invalid,0.7496491999999999,2.7785035000000002,0.5,0.00015468943720704716,-1.7071033500000001,-13.6957835,-1.461802445,-2.080981499999999,63.269095475,13.0,2.9363595899999995,2.9363595899999995,1.0,2.019378182385685,12.0,165.12476145,8.0,8.051998000000001,21.815614513499995,8.0,21.918670240760562,40.2427733064133,8.0
True,violate,24.564446,vehicles_mobile_buildings,Human,True,True,True,False,False,vehicles_mobile_buildings^violate^valid,0.83037915,3.26490065,1.0,0.0004804208874633685,-0.318618655,-11.5553585,1.135104195,2.1417075000000008,64.8953517,13.0,2.6886595,2.6886595,0.7222222222222222,4.524039423271558,13.0,151.264297378,11.0,19.685797322,8.39636175,13.0,37.318121155690875,22.09315208230263,13.0
False,nonsense,30.597693,nonsense_gick_criff_riff,Human,False,True,False,False,True,nonsense_gick_criff_riff^nonsense^invalid,0.8612199,3.39642235,0.5,0.0001332815010463566,-1.4914692,-13.8843395,-1.1763248099999999,-1.839945000000001,64.23723944,13.0,2.8424378999999997,2.8424378999999997,1.0,2.183215925526847,12.0,168.68162,8.0,8.0984081,21.566258694999995,8.0,22.128120142400363,40.12134325330565,8.0
True,consistent,15.431462,politicians_dishonest_lie,Human,True,True,True,True,False,politicians_dishonest_lie^consistent^valid,0.828406695,2.4133433,1.0,0.0005875726571122693,-0.290245015,-11.5877655,1.2799110850000002,2.1282489999999994,64.270376835,13.0,2.564828000000001,2.564828000000001,0.7222222222222222,4.3578564468325025,13.0,150.69450604499997,11.0,22.023117855,7.810317500000001,13.0,40.575119426214044,22.10061312816027,13.0
True,violate,22.162166,dragons_mythical_exist,Human,True,True,True,False,False,dragons_mythical_exist^violate^valid,0.75148356,2.8738599999999996,1.0,0.0005189435956516459,-0.26330629,-11.520957,1.3558540099999998,2.0962345000000004,63.32477595,13.0,2.811694,2.811694,0.7777777777777778,4.4430572518545866,13.0,150.356716115,11.0,21.197658335,8.195210249999999,13.0,39.904746323537225,22.381037669416266,13.0
False,consistent,13.328995,food_vegetables_healthy,Human,False,True,True,True,False,food_vegetables_healthy^consistent^invalid,0.80010553,3.44269365,0.5,0.00014042260272500496,-1.7151735499999998,-13.588034,-1.4599838099999998,-2.4291935000000002,65.68340365999998,13.0,3.181011405,3.181011405,1.0,1.8247961292316957,12.0,162.38700754999996,8.0,8.003593499999997,23.2718609715,8.0,22.59369901339862,39.5109209343055,8.0
True,nonsense,21.298576,nonsense_sclack_chask_pron,Human,True,True,False,False,True,nonsense_sclack_chask_pron^nonsense^valid,0.8760077500000001,3.19302525,1.0,0.0003237578974288026,-0.327950645,-12.234436500000001,1.1274842550000002,1.8480102499999997,64.35325353,13.0,2.8875195,2.8875195,0.7777777777777778,4.286734894573403,13.0,156.1993985345,11.0,21.571893615499995,7.868363349999999,13.0,39.81457221128332,22.977012135674755,13.0
False,consistent,57.896783,computers_electronics_expensive,Human,False,True,True,True,False,computers_electronics_expensive^consistent^invalid,0.827916625,3.2527096,0.5,0.0001478306515694154,-1.70716705,-13.6426695,-1.444705925,-2.5822434999999997,64.53852477000001,13.0,3.35160743,3.35160743,1.0,1.7980412785201751,12.0,165.46628235000003,8.0,7.699252500000001,24.539169950999998,8.0,22.11677450580917,40.692714354500296,8.0
True,nonsense,32.731522,nonsense_gick_criff_riff,Human,False,False,False,False,True,nonsense_gick_criff_riff^nonsense^invalid,0.8612199,3.39642235,0.5,0.0001332815010463566,-1.4914692,-13.8843395,-1.1763248099999999,-1.839945000000001,64.23723944,13.0,2.8424378999999997,2.8424378999999997,1.0,2.183215925526847,12.0,168.68162,8.0,8.0984081,21.566258694999995,8.0,22.128120142400363,40.12134325330565,8.0
True,nonsense,53.931129,nonsense_wib_mact_boct,Human,False,False,False,False,True,nonsense_wib_mact_boct^nonsense^invalid,0.88412388,3.530372,0.5,0.00013247941834787204,-1.3985113500000002,-13.850477,-1.0530148000000001,-1.8226565,64.800115625,13.0,3.1028118499999993,3.1028118499999993,1.0,2.097824246707875,12.0,169.0984972,8.0,8.0221131,21.553394924000003,8.0,23.030346643851914,39.62693199719561,8.0
True,violate,30.128035,food_vegetables_healthy,Human,True,True,True,False,False,food_vegetables_healthy^violate^valid,0.75775912,3.3562648,1.0,0.0005377323044018613,-0.238601935,-11.2282355,1.519996665,2.310215499999999,65.00056803500001,13.0,2.382694,2.1047494999999996,0.7222222222222222,4.530185999346359,13.0,146.082557565,11.0,23.565857535,7.447397499999999,13.0,40.36793884787534,22.174123722577942,13.0
True,violate,16.594489,whales_mammals_big,Human,False,False,True,False,False,whales_mammals_big^violate^invalid,0.7786314750000001,3.2630722,0.5,0.00015824187381215305,-1.70431305,-13.46902125,-1.45250511,-2.18151125,63.941754695,13.0,3.1958313349999994,3.1958313349999994,1.0,1.8514338107282522,12.0,163.38329629999998,8.0,7.490909500000002,22.949328717999997,8.0,21.857484059197056,40.3649179619716,8.0
False,nonsense,31.729593,nonsense_blep_jict_zamp,Human,False,True,False,False,True,nonsense_blep_jict_zamp^nonsense^invalid,0.903665115,3.6107066999999997,0.5,0.00012940662591061247,-1.38791745,-13.86944,-1.03476904,-1.825532,65.00869826499999,13.0,3.032294425,3.032294425,1.0,2.0982665889638668,12.0,169.33324845,8.0,7.733370150000001,21.43827195,8.0,22.29918682480759,38.57487117335801,8.0
True,violate,16.23108,plants_trees_tall,Human,True,True,True,False,False,plants_trees_tall^violate^valid,0.717500975,3.70768095,1.0,0.00046048168249660784,-0.21909362,-11.383641,1.61033538,2.1576474999999995,65.30035196,13.0,2.4152125,2.2526029999999997,0.7222222222222222,4.529433268546775,13.0,147.506923767,11.0,24.989632233000002,7.416682999999999,13.0,40.59510008805473,21.21236129941633,13.0
True,nonsense,12.894717,nonsense_yuft_yab_sunt,Human,False,False,False,False,True,nonsense_yuft_yab_sunt^nonsense^invalid,0.88295135,3.0120839999999998,0.5,0.00014295678652680258,-1.3270173,-13.859286,-0.95926375,-1.7411775,63.11874042,13.0,2.7494775,2.7494775,1.0,2.2266491194044296,12.0,165.02993414999997,8.0,8.55459565,19.5054553475,8.0,23.809751960386652,39.47962059569814,8.0
False,violate,35.06575,famous_wealthy_old,Human,True,False,True,False,False,famous_wealthy_old^violate^valid,0.842092925,2.70853255,1.0,0.0004890306659845316,-0.294347495,-11.781068000000001,1.269793505,1.8836114999999989,63.002077740000004,13.0,2.7637085,2.7637085,0.7222222222222222,4.314656211531842,13.0,150.848518432,11.0,21.104605768,8.048890750000002,13.0,41.20358788514747,22.217639795756412,13.0
True,violate,28.697866,politicians_dishonest_lie,Human,True,True,True,False,False,politicians_dishonest_lie^violate^valid,0.85692418,2.5728094500000003,1.0,0.0005229136727992001,-0.304098085,-11.7277335,1.2323226649999999,1.9506049999999995,63.630831195,13.0,2.6572120000000004,2.6572120000000004,0.7222222222222222,4.356190776423571,13.0,150.35712137399997,11.0,21.547333025999997,7.783636500000001,13.0,40.94241499827892,21.960442003393133,13.0
True,consistent,51.127593,computers_electronics_expensive,Human,True,True,True,True,False,computers_electronics_expensive^consistent^valid,0.7507234700000001,3.2355408,1.0,0.0006631955912445868,-0.22902603,-11.000043,1.57955832,2.6117175,64.49264469,13.0,2.4652874999999996,1.8984774999999994,0.7222222222222222,4.52602573952168,13.0,147.8227524935,11.0,25.5709247065,7.427772749999999,13.0,41.430165470500334,21.755364268303886,13.0
False,nonsense,26.024544,nonsense_shiff_yot_plusk,Human,True,False,False,False,True,nonsense_shiff_yot_plusk^nonsense^valid,0.85954905,3.3951676,1.0,0.00030728071375896084,-0.349083845,-12.270569,1.0218831050000001,1.6701089999999992,63.39859931499999,13.0,3.2967174999999997,3.2967174999999997,0.8333333333333334,4.2866594849637885,13.0,157.85406354599996,11.0,20.601034104,9.09310645,13.0,40.16672640586064,23.439003582831603,13.0
True,violate,55.731995,politicians_dishonest_lie,Human,True,True,True,False,False,politicians_dishonest_lie^violate^valid,0.85692418,2.5728094500000003,1.0,0.0005229136727992001,-0.304098085,-11.7277335,1.2323226649999999,1.9506049999999995,63.630831195,13.0,2.6572120000000004,2.6572120000000004,0.7222222222222222,4.356190776423571,13.0,150.35712137399997,11.0,21.547333025999997,7.783636500000001,13.0,40.94241499827892,21.960442003393133,13.0
True,violate,51.9629,computers_electronics_expensive,Human,True,True,True,False,False,computers_electronics_expensive^violate^valid,0.79920667,3.33830025,1.0,0.0006120097741781315,-0.25700347,-11.110559,1.44521998,2.4137257499999993,64.37129449,13.0,2.43376725,2.1651685,0.7222222222222222,4.444678280930261,13.0,147.234048478,11.0,23.751550372,7.696478250000001,13.0,40.90439012077201,22.294409900997366,13.0
False,violate,35.093416,guns_weapons_dangerous,Human,True,False,True,False,False,guns_weapons_dangerous^violate^valid,0.826701645,3.36539805,1.0,0.0005274274808077318,-0.26854919499999996,-11.3086395,1.401476855,2.1200455,65.18252442,13.0,2.448941500000001,2.3531097500000007,0.7777777777777778,4.404540909006847,13.0,146.937006332,11.0,22.731537168000003,8.093166250000001,13.0,41.74582239054614,23.37301443070549,13.0
False,violate,67.96421,plants_trees_tall,Human,False,True,True,False,False,plants_trees_tall^violate^invalid,0.793895095,3.51040315,0.5,0.00014996657004577623,-1.5793748,-13.490645,-1.299109455,-2.270526500000001,65.45802229499999,13.0,3.171338925,3.171338925,1.0,1.8511591116003463,12.0,162.3544972,8.0,7.527773,22.5921845265,8.0,22.149570838901894,38.92637442665298,8.0
True,consistent,18.53266,guns_weapons_dangerous,Human,False,False,True,True,False,guns_weapons_dangerous^consistent^invalid,0.8124103650000001,3.52681745,0.5,0.00016155519136725022,-1.6824146,-13.37473275,-1.419377345,-2.088389750000001,65.246341985,13.0,3.092880115,3.092880115,1.0,1.851250707083089,12.0,162.11726545,8.0,7.87713325,22.8607597425,8.0,22.78206423757442,41.226552475374106,8.0
True,consistent,20.095069,politicians_dishonest_lie,Human,True,True,True,True,False,politicians_dishonest_lie^consistent^valid,0.828406695,2.4133433,1.0,0.0005875726571122693,-0.290245015,-11.5877655,1.2799110850000002,2.1282489999999994,64.270376835,13.0,2.564828000000001,2.564828000000001,0.7222222222222222,4.3578564468325025,13.0,150.69450604499997,11.0,22.023117855,7.810317500000001,13.0,40.575119426214044,22.10061312816027,13.0
True,consistent,18.330208,guns_weapons_dangerous,Human,False,False,True,True,False,guns_weapons_dangerous^consistent^invalid,0.8124103650000001,3.52681745,0.5,0.00016155519136725022,-1.6824146,-13.37473275,-1.419377345,-2.088389750000001,65.246341985,13.0,3.092880115,3.092880115,1.0,1.851250707083089,12.0,162.11726545,8.0,7.87713325,22.8607597425,8.0,22.78206423757442,41.226552475374106,8.0
False,violate,18.594995,plants_trees_tall,Human,True,False,True,False,False,plants_trees_tall^violate^valid,0.717500975,3.70768095,1.0,0.00046048168249660784,-0.21909362,-11.383641,1.61033538,2.1576474999999995,65.30035196,13.0,2.4152125,2.2526029999999997,0.7222222222222222,4.529433268546775,13.0,147.506923767,11.0,24.989632233000002,7.416682999999999,13.0,40.59510008805473,21.21236129941633,13.0
False,nonsense,22.163315,nonsense_sland_spluff_gusp,Human,True,False,False,False,True,nonsense_sland_spluff_gusp^nonsense^valid,0.872637,3.3090408,1.0,0.0003598174698210298,-0.31491312,-11.999437499999999,1.1875199799999998,1.918761,64.24297702999999,13.0,2.9182584999999994,2.9182584999999994,0.8333333333333334,4.246622205868289,13.0,155.2853097325,11.0,22.3717830175,8.248085249999999,13.0,41.29246470950169,22.990290458151264,13.0
False,nonsense,20.527656,nonsense_snid_ust_bem,Human,True,False,False,False,True,nonsense_snid_ust_bem^nonsense^valid,0.89630637,3.0153843,1.0,0.0003303327877795963,-0.32724493499999996,-12.2195655,1.147779465,2.0203819999999997,63.501960845000006,13.0,2.896642000000001,2.896642000000001,0.8333333333333334,4.220851869703862,13.0,156.36384721000002,11.0,21.952703539999995,8.2747913,13.0,41.45703203176717,23.994582749846323,13.0
True,violate,18.063991,flowers_animals_reptiles,Human,False,False,True,False,False,flowers_animals_reptiles^violate^invalid,0.78983112,3.4566548,0.5,0.00015675988408831546,-1.4911014,-13.439756,-1.1895694900000002,-2.1522049999999995,64.77486127,13.0,2.9109193099999997,2.9109193099999997,1.0,2.061807445037059,12.0,161.2473255,8.0,7.121911899999999,21.092282462500002,8.0,22.00951853136907,37.41110084930707,8.0
True,violate,19.79749,guns_weapons_dangerous,Human,True,True,True,False,False,guns_weapons_dangerous^violate^valid,0.826701645,3.36539805,1.0,0.0005274274808077318,-0.26854919499999996,-11.3086395,1.401476855,2.1200455,65.18252442,13.0,2.448941500000001,2.3531097500000007,0.7777777777777778,4.404540909006847,13.0,146.937006332,11.0,22.731537168000003,8.093166250000001,13.0,41.74582239054614,23.37301443070549,13.0
True,nonsense,68.330099,nonsense_shiff_yot_plusk,Human,True,True,False,False,True,nonsense_shiff_yot_plusk^nonsense^valid,0.85954905,3.3951676,1.0,0.00030728071375896084,-0.349083845,-12.270569,1.0218831050000001,1.6701089999999992,63.39859931499999,13.0,3.2967174999999997,3.2967174999999997,0.8333333333333334,4.2866594849637885,13.0,157.85406354599996,11.0,20.601034104,9.09310645,13.0,40.16672640586064,23.439003582831603,13.0
False,nonsense,13.556679,nonsense_snid_ust_bem,Human,True,False,False,False,True,nonsense_snid_ust_bem^nonsense^valid,0.89630637,3.0153843,1.0,0.0003303327877795963,-0.32724493499999996,-12.2195655,1.147779465,2.0203819999999997,63.501960845000006,13.0,2.896642000000001,2.896642000000001,0.8333333333333334,4.220851869703862,13.0,156.36384721000002,11.0,21.952703539999995,8.2747913,13.0,41.45703203176717,23.994582749846323,13.0
False,consistent,27.495671,vehicles_mobile_buildings,Human,False,True,True,True,False,vehicles_mobile_buildings^consistent^invalid,0.82807165,3.10497555,0.5,0.00014688091992820756,-1.4844856,-13.7572515,-1.1739701949999999,-2.164491,64.318786655,13.0,2.8903951050000005,2.8903951050000005,1.0,2.0207245787134083,12.0,163.02613715,8.0,8.4129259,20.242011470999998,8.0,22.346142670880425,38.23088806238775,8.0
False,nonsense,34.16287,nonsense_nept_bript_jeft,Human,False,True,False,False,True,nonsense_nept_bript_jeft^nonsense^invalid,0.8772813500000001,3.0747101,0.5,0.0001299578541359125,-1.4329657500000001,-14.034797999999999,-1.0986861650000002,-1.9411234999999998,63.65789524,13.0,3.0451669999999997,3.0451669999999997,1.0,1.93149606970471,12.0,169.96481565,8.0,7.523720849999999,21.967738136,8.0,22.370068804577333,39.67799952122178,8.0
True,violate,30.695977,food_vegetables_healthy,Human,True,True,True,False,False,food_vegetables_healthy^violate^valid,0.75775912,3.3562648,1.0,0.0005377323044018613,-0.238601935,-11.2282355,1.519996665,2.310215499999999,65.00056803500001,13.0,2.382694,2.1047494999999996,0.7222222222222222,4.530185999346359,13.0,146.082557565,11.0,23.565857535,7.447397499999999,13.0,40.36793884787534,22.174123722577942,13.0
False,violate,22.09856,guns_weapons_dangerous,Human,True,False,True,False,False,guns_weapons_dangerous^violate^valid,0.826701645,3.36539805,1.0,0.0005274274808077318,-0.26854919499999996,-11.3086395,1.401476855,2.1200455,65.18252442,13.0,2.448941500000001,2.3531097500000007,0.7777777777777778,4.404540909006847,13.0,146.937006332,11.0,22.731537168000003,8.093166250000001,13.0,41.74582239054614,23.37301443070549,13.0
False,consistent,144.431617,librarians_happy_healthy,Human,False,True,True,True,False,librarians_happy_healthy^consistent^invalid,0.81077882,2.86364565,0.5,0.00014633701367139737,-1.58672145,-13.884556499999999,-1.30359647,-2.1702139999999996,64.17962105,13.0,3.1747808749999997,3.1747808749999997,1.0,1.7959304817817918,12.0,165.98963685,8.0,7.54508725,22.443929461999996,8.0,22.678905569012304,40.484153084258494,8.0
True,violate,36.524122,dragons_mythical_exist,Human,False,False,True,False,False,dragons_mythical_exist^violate^invalid,0.7496491999999999,2.7785035000000002,0.5,0.00015468943720704716,-1.7071033500000001,-13.6957835,-1.461802445,-2.080981499999999,63.269095475,13.0,2.9363595899999995,2.9363595899999995,1.0,2.019378182385685,12.0,165.12476145,8.0,8.051998000000001,21.815614513499995,8.0,21.918670240760562,40.2427733064133,8.0
True,violate,46.152226,vehicles_mobile_buildings,Human,True,True,True,False,False,vehicles_mobile_buildings^violate^valid,0.83037915,3.26490065,1.0,0.0004804208874633685,-0.318618655,-11.5553585,1.135104195,2.1417075000000008,64.8953517,13.0,2.6886595,2.6886595,0.7222222222222222,4.524039423271558,13.0,151.264297378,11.0,19.685797322,8.39636175,13.0,37.318121155690875,22.09315208230263,13.0
True,consistent,22.695789,dragons_mythical_exist,Human,False,False,True,True,False,dragons_mythical_exist^consistent^invalid,0.8439043150000001,2.9684752,0.5,0.00015748787793340695,-1.4308790999999998,-13.560780000000001,-1.1025934099999999,-1.9984345000000001,65.02149115,13.0,2.6834890499999995,2.6834890499999995,1.0,2.105324124709144,12.0,161.41969404999998,8.0,8.81267335,17.8095341215,8.0,23.154700330327426,36.973125524637055,8.0
True,nonsense,27.530957,nonsense_sneb_jing_omp,Human,True,True,False,False,True,nonsense_sneb_jing_omp^nonsense^valid,0.87637675,2.9196453499999997,1.0,0.0003549313610474889,-0.378000965,-12.2291775,0.918018335,1.8000554999999991,62.32289851,13.0,3.1921244999999994,3.1921244999999994,0.8333333333333334,4.243235111391919,13.0,156.55068115299997,11.0,20.553673847,8.745690800000002,13.0,38.25296620955978,23.06310768422737,13.0
False,nonsense,19.064197,nonsense_gick_criff_riff,Human,False,True,False,False,True,nonsense_gick_criff_riff^nonsense^invalid,0.8612199,3.39642235,0.5,0.0001332815010463566,-1.4914692,-13.8843395,-1.1763248099999999,-1.839945000000001,64.23723944,13.0,2.8424378999999997,2.8424378999999997,1.0,2.183215925526847,12.0,168.68162,8.0,8.0984081,21.566258694999995,8.0,22.128120142400363,40.12134325330565,8.0
False,consistent,14.395314,food_vegetables_healthy,Human,False,True,True,True,False,food_vegetables_healthy^consistent^invalid,0.80010553,3.44269365,0.5,0.00014042260272500496,-1.7151735499999998,-13.588034,-1.4599838099999998,-2.4291935000000002,65.68340365999998,13.0,3.181011405,3.181011405,1.0,1.8247961292316957,12.0,162.38700754999996,8.0,8.003593499999997,23.2718609715,8.0,22.59369901339862,39.5109209343055,8.0
True,consistent,24.024303,computers_electronics_expensive,Human,True,True,True,True,False,computers_electronics_expensive^consistent^valid,0.7507234700000001,3.2355408,1.0,0.0006631955912445868,-0.22902603,-11.000043,1.57955832,2.6117175,64.49264469,13.0,2.4652874999999996,1.8984774999999994,0.7222222222222222,4.52602573952168,13.0,147.8227524935,11.0,25.5709247065,7.427772749999999,13.0,41.430165470500334,21.755364268303886,13.0
True,consistent,28.098166,famous_wealthy_old,Human,True,True,True,True,False,famous_wealthy_old^consistent^valid,0.846912205,2.5031982,1.0,0.0004996552466172478,-0.31150541,-11.814615,1.18588639,2.0049155,63.99374635,13.0,2.634410000000001,2.634410000000001,0.7222222222222222,4.270966980637006,13.0,151.897600068,11.0,20.442675282000003,7.925144250000001,13.0,39.76283450495063,22.26409818257627,13.0
False,violate,16.363358,politicians_dishonest_lie,Human,True,False,True,False,False,politicians_dishonest_lie^violate^valid,0.85692418,2.5728094500000003,1.0,0.0005229136727992001,-0.304098085,-11.7277335,1.2323226649999999,1.9506049999999995,63.630831195,13.0,2.6572120000000004,2.6572120000000004,0.7222222222222222,4.356190776423571,13.0,150.35712137399997,11.0,21.547333025999997,7.783636500000001,13.0,40.94241499827892,21.960442003393133,13.0
True,violate,48.894618,dragons_mythical_exist,Human,True,True,True,False,False,dragons_mythical_exist^violate^valid,0.75148356,2.8738599999999996,1.0,0.0005189435956516459,-0.26330629,-11.520957,1.3558540099999998,2.0962345000000004,63.32477595,13.0,2.811694,2.811694,0.7777777777777778,4.4430572518545866,13.0,150.356716115,11.0,21.197658335,8.195210249999999,13.0,39.904746323537225,22.381037669416266,13.0
True,consistent,21.69611,politicians_dishonest_lie,Human,True,True,True,True,False,politicians_dishonest_lie^consistent^valid,0.828406695,2.4133433,1.0,0.0005875726571122693,-0.290245015,-11.5877655,1.2799110850000002,2.1282489999999994,64.270376835,13.0,2.564828000000001,2.564828000000001,0.7222222222222222,4.3578564468325025,13.0,150.69450604499997,11.0,22.023117855,7.810317500000001,13.0,40.575119426214044,22.10061312816027,13.0
True,violate,23.831679,famous_wealthy_old,Human,True,True,True,False,False,famous_wealthy_old^violate^valid,0.842092925,2.70853255,1.0,0.0004890306659845316,-0.294347495,-11.781068000000001,1.269793505,1.8836114999999989,63.002077740000004,13.0,2.7637085,2.7637085,0.7222222222222222,4.314656211531842,13.0,150.848518432,11.0,21.104605768,8.048890750000002,13.0,41.20358788514747,22.217639795756412,13.0
False,violate,72.226889,computers_electronics_expensive,Human,True,False,True,False,False,computers_electronics_expensive^violate^valid,0.79920667,3.33830025,1.0,0.0006120097741781315,-0.25700347,-11.110559,1.44521998,2.4137257499999993,64.37129449,13.0,2.43376725,2.1651685,0.7222222222222222,4.444678280930261,13.0,147.234048478,11.0,23.751550372,7.696478250000001,13.0,40.90439012077201,22.294409900997366,13.0
False,violate,26.564205,politicians_dishonest_lie,Human,True,False,True,False,False,politicians_dishonest_lie^violate^valid,0.85692418,2.5728094500000003,1.0,0.0005229136727992001,-0.304098085,-11.7277335,1.2323226649999999,1.9506049999999995,63.630831195,13.0,2.6572120000000004,2.6572120000000004,0.7222222222222222,4.356190776423571,13.0,150.35712137399997,11.0,21.547333025999997,7.783636500000001,13.0,40.94241499827892,21.960442003393133,13.0
True,violate,24.094094,plants_trees_tall,Human,True,True,True,False,False,plants_trees_tall^violate^valid,0.717500975,3.70768095,1.0,0.00046048168249660784,-0.21909362,-11.383641,1.61033538,2.1576474999999995,65.30035196,13.0,2.4152125,2.2526029999999997,0.7222222222222222,4.529433268546775,13.0,147.506923767,11.0,24.989632233000002,7.416682999999999,13.0,40.59510008805473,21.21236129941633,13.0
False,nonsense,30.563455,nonsense_shiff_yot_plusk,Human,True,False,False,False,True,nonsense_shiff_yot_plusk^nonsense^valid,0.85954905,3.3951676,1.0,0.00030728071375896084,-0.349083845,-12.270569,1.0218831050000001,1.6701089999999992,63.39859931499999,13.0,3.2967174999999997,3.2967174999999997,0.8333333333333334,4.2866594849637885,13.0,157.85406354599996,11.0,20.601034104,9.09310645,13.0,40.16672640586064,23.439003582831603,13.0
False,nonsense,64.698126,nonsense_gick_criff_riff,Human,False,True,False,False,True,nonsense_gick_criff_riff^nonsense^invalid,0.8612199,3.39642235,0.5,0.0001332815010463566,-1.4914692,-13.8843395,-1.1763248099999999,-1.839945000000001,64.23723944,13.0,2.8424378999999997,2.8424378999999997,1.0,2.183215925526847,12.0,168.68162,8.0,8.0984081,21.566258694999995,8.0,22.128120142400363,40.12134325330565,8.0
True,nonsense,29.096015,nonsense_sclack_chask_pron,Human,True,True,False,False,True,nonsense_sclack_chask_pron^nonsense^valid,0.8760077500000001,3.19302525,1.0,0.0003237578974288026,-0.327950645,-12.234436500000001,1.1274842550000002,1.8480102499999997,64.35325353,13.0,2.8875195,2.8875195,0.7777777777777778,4.286734894573403,13.0,156.1993985345,11.0,21.571893615499995,7.868363349999999,13.0,39.81457221128332,22.977012135674755,13.0
False,nonsense,40.79297,nonsense_yuft_yab_sunt,Human,False,True,False,False,True,nonsense_yuft_yab_sunt^nonsense^invalid,0.88295135,3.0120839999999998,0.5,0.00014295678652680258,-1.3270173,-13.859286,-0.95926375,-1.7411775,63.11874042,13.0,2.7494775,2.7494775,1.0,2.2266491194044296,12.0,165.02993414999997,8.0,8.55459565,19.5054553475,8.0,23.809751960386652,39.47962059569814,8.0
False,nonsense,14.561788,nonsense_wib_mact_boct,Human,False,True,False,False,True,nonsense_wib_mact_boct^nonsense^invalid,0.88412388,3.530372,0.5,0.00013247941834787204,-1.3985113500000002,-13.850477,-1.0530148000000001,-1.8226565,64.800115625,13.0,3.1028118499999993,3.1028118499999993,1.0,2.097824246707875,12.0,169.0984972,8.0,8.0221131,21.553394924000003,8.0,23.030346643851914,39.62693199719561,8.0
True,violate,47.531405,guns_weapons_dangerous,Human,True,True,True,False,False,guns_weapons_dangerous^violate^valid,0.826701645,3.36539805,1.0,0.0005274274808077318,-0.26854919499999996,-11.3086395,1.401476855,2.1200455,65.18252442,13.0,2.448941500000001,2.3531097500000007,0.7777777777777778,4.404540909006847,13.0,146.937006332,11.0,22.731537168000003,8.093166250000001,13.0,41.74582239054614,23.37301443070549,13.0
False,consistent,49.362005,guns_weapons_dangerous,Human,False,True,True,True,False,guns_weapons_dangerous^consistent^invalid,0.8124103650000001,3.52681745,0.5,0.00016155519136725022,-1.6824146,-13.37473275,-1.419377345,-2.088389750000001,65.246341985,13.0,3.092880115,3.092880115,1.0,1.851250707083089,12.0,162.11726545,8.0,7.87713325,22.8607597425,8.0,22.78206423757442,41.226552475374106,8.0
False,consistent,40.564394,vehicles_mobile_buildings,Human,False,True,True,True,False,vehicles_mobile_buildings^consistent^invalid,0.82807165,3.10497555,0.5,0.00014688091992820756,-1.4844856,-13.7572515,-1.1739701949999999,-2.164491,64.318786655,13.0,2.8903951050000005,2.8903951050000005,1.0,2.0207245787134083,12.0,163.02613715,8.0,8.4129259,20.242011470999998,8.0,22.346142670880425,38.23088806238775,8.0
True,nonsense,187.498159,nonsense_sland_spluff_gusp,Human,True,True,False,False,True,nonsense_sland_spluff_gusp^nonsense^valid,0.872637,3.3090408,1.0,0.0003598174698210298,-0.31491312,-11.999437499999999,1.1875199799999998,1.918761,64.24297702999999,13.0,2.9182584999999994,2.9182584999999994,0.8333333333333334,4.246622205868289,13.0,155.2853097325,11.0,22.3717830175,8.248085249999999,13.0,41.29246470950169,22.990290458151264,13.0
False,consistent,23.062672,computers_electronics_expensive,Human,False,True,True,True,False,computers_electronics_expensive^consistent^invalid,0.827916625,3.2527096,0.5,0.0001478306515694154,-1.70716705,-13.6426695,-1.444705925,-2.5822434999999997,64.53852477000001,13.0,3.35160743,3.35160743,1.0,1.7980412785201751,12.0,165.46628235000003,8.0,7.699252500000001,24.539169950999998,8.0,22.11677450580917,40.692714354500296,8.0
True,violate,22.395677,guns_weapons_dangerous,Human,True,True,True,False,False,guns_weapons_dangerous^violate^valid,0.826701645,3.36539805,1.0,0.0005274274808077318,-0.26854919499999996,-11.3086395,1.401476855,2.1200455,65.18252442,13.0,2.448941500000001,2.3531097500000007,0.7777777777777778,4.404540909006847,13.0,146.937006332,11.0,22.731537168000003,8.093166250000001,13.0,41.74582239054614,23.37301443070549,13.0
True,violate,14.962883,plants_trees_tall,Human,True,True,True,False,False,plants_trees_tall^violate^valid,0.717500975,3.70768095,1.0,0.00046048168249660784,-0.21909362,-11.383641,1.61033538,2.1576474999999995,65.30035196,13.0,2.4152125,2.2526029999999997,0.7222222222222222,4.529433268546775,13.0,147.506923767,11.0,24.989632233000002,7.416682999999999,13.0,40.59510008805473,21.21236129941633,13.0
False,consistent,15.465403,librarians_happy_healthy,Human,False,True,True,True,False,librarians_happy_healthy^consistent^invalid,0.81077882,2.86364565,0.5,0.00014633701367139737,-1.58672145,-13.884556499999999,-1.30359647,-2.1702139999999996,64.17962105,13.0,3.1747808749999997,3.1747808749999997,1.0,1.7959304817817918,12.0,165.98963685,8.0,7.54508725,22.443929461999996,8.0,22.678905569012304,40.484153084258494,8.0
True,violate,20.262672,plants_trees_tall,Human,False,False,True,False,False,plants_trees_tall^violate^invalid,0.793895095,3.51040315,0.5,0.00014996657004577623,-1.5793748,-13.490645,-1.299109455,-2.270526500000001,65.45802229499999,13.0,3.171338925,3.171338925,1.0,1.8511591116003463,12.0,162.3544972,8.0,7.527773,22.5921845265,8.0,22.149570838901894,38.92637442665298,8.0
True,violate,13.529287,flowers_animals_reptiles,Human,False,False,True,False,False,flowers_animals_reptiles^violate^invalid,0.78983112,3.4566548,0.5,0.00015675988408831546,-1.4911014,-13.439756,-1.1895694900000002,-2.1522049999999995,64.77486127,13.0,2.9109193099999997,2.9109193099999997,1.0,2.061807445037059,12.0,161.2473255,8.0,7.121911899999999,21.092282462500002,8.0,22.00951853136907,37.41110084930707,8.0
True,consistent,23.429778,politicians_dishonest_lie,Human,True,True,True,True,False,politicians_dishonest_lie^consistent^valid,0.828406695,2.4133433,1.0,0.0005875726571122693,-0.290245015,-11.5877655,1.2799110850000002,2.1282489999999994,64.270376835,13.0,2.564828000000001,2.564828000000001,0.7222222222222222,4.3578564468325025,13.0,150.69450604499997,11.0,22.023117855,7.810317500000001,13.0,40.575119426214044,22.10061312816027,13.0
True,nonsense,21.897317,nonsense_blep_jict_zamp,Human,False,False,False,False,True,nonsense_blep_jict_zamp^nonsense^invalid,0.903665115,3.6107066999999997,0.5,0.00012940662591061247,-1.38791745,-13.86944,-1.03476904,-1.825532,65.00869826499999,13.0,3.032294425,3.032294425,1.0,2.0982665889638668,12.0,169.33324845,8.0,7.733370150000001,21.43827195,8.0,22.29918682480759,38.57487117335801,8.0
False,nonsense,19.898265,nonsense_sneb_jing_omp,Human,True,False,False,False,True,nonsense_sneb_jing_omp^nonsense^valid,0.87637675,2.9196453499999997,1.0,0.0003549313610474889,-0.378000965,-12.2291775,0.918018335,1.8000554999999991,62.32289851,13.0,3.1921244999999994,3.1921244999999994,0.8333333333333334,4.243235111391919,13.0,156.55068115299997,11.0,20.553673847,8.745690800000002,13.0,38.25296620955978,23.06310768422737,13.0
False,consistent,19.196759,food_vegetables_healthy,Human,False,True,True,True,False,food_vegetables_healthy^consistent^invalid,0.80010553,3.44269365,0.5,0.00014042260272500496,-1.7151735499999998,-13.588034,-1.4599838099999998,-2.4291935000000002,65.68340365999998,13.0,3.181011405,3.181011405,1.0,1.8247961292316957,12.0,162.38700754999996,8.0,8.003593499999997,23.2718609715,8.0,22.59369901339862,39.5109209343055,8.0
False,violate,26.360401,whales_mammals_big,Human,False,True,True,False,False,whales_mammals_big^violate^invalid,0.7786314750000001,3.2630722,0.5,0.00015824187381215305,-1.70431305,-13.46902125,-1.45250511,-2.18151125,63.941754695,13.0,3.1958313349999994,3.1958313349999994,1.0,1.8514338107282522,12.0,163.38329629999998,8.0,7.490909500000002,22.949328717999997,8.0,21.857484059197056,40.3649179619716,8.0
True,nonsense,38.031742,nonsense_gick_criff_riff,Human,False,False,False,False,True,nonsense_gick_criff_riff^nonsense^invalid,0.8612199,3.39642235,0.5,0.0001332815010463566,-1.4914692,-13.8843395,-1.1763248099999999,-1.839945000000001,64.23723944,13.0,2.8424378999999997,2.8424378999999997,1.0,2.183215925526847,12.0,168.68162,8.0,8.0984081,21.566258694999995,8.0,22.128120142400363,40.12134325330565,8.0
True,violate,19.810162,dragons_mythical_exist,Human,False,False,True,False,False,dragons_mythical_exist^violate^invalid,0.7496491999999999,2.7785035000000002,0.5,0.00015468943720704716,-1.7071033500000001,-13.6957835,-1.461802445,-2.080981499999999,63.269095475,13.0,2.9363595899999995,2.9363595899999995,1.0,2.019378182385685,12.0,165.12476145,8.0,8.051998000000001,21.815614513499995,8.0,21.918670240760562,40.2427733064133,8.0
True,nonsense,16.597065,nonsense_wib_mact_boct,Human,False,False,False,False,True,nonsense_wib_mact_boct^nonsense^invalid,0.88412388,3.530372,0.5,0.00013247941834787204,-1.3985113500000002,-13.850477,-1.0530148000000001,-1.8226565,64.800115625,13.0,3.1028118499999993,3.1028118499999993,1.0,2.097824246707875,12.0,169.0984972,8.0,8.0221131,21.553394924000003,8.0,23.030346643851914,39.62693199719561,8.0
False,consistent,40.262058,dragons_mythical_exist,Human,False,True,True,True,False,dragons_mythical_exist^consistent^invalid,0.8439043150000001,2.9684752,0.5,0.00015748787793340695,-1.4308790999999998,-13.560780000000001,-1.1025934099999999,-1.9984345000000001,65.02149115,13.0,2.6834890499999995,2.6834890499999995,1.0,2.105324124709144,12.0,161.41969404999998,8.0,8.81267335,17.8095341215,8.0,23.154700330327426,36.973125524637055,8.0
True,violate,32.097093,vehicles_mobile_buildings,Human,True,True,True,False,False,vehicles_mobile_buildings^violate^valid,0.83037915,3.26490065,1.0,0.0004804208874633685,-0.318618655,-11.5553585,1.135104195,2.1417075000000008,64.8953517,13.0,2.6886595,2.6886595,0.7222222222222222,4.524039423271558,13.0,151.264297378,11.0,19.685797322,8.39636175,13.0,37.318121155690875,22.09315208230263,13.0
False,violate,24.632574,famous_wealthy_old,Human,True,False,True,False,False,famous_wealthy_old^violate^valid,0.842092925,2.70853255,1.0,0.0004890306659845316,-0.294347495,-11.781068000000001,1.269793505,1.8836114999999989,63.002077740000004,13.0,2.7637085,2.7637085,0.7222222222222222,4.314656211531842,13.0,150.848518432,11.0,21.104605768,8.048890750000002,13.0,41.20358788514747,22.217639795756412,13.0
True,violate,19.862698,dragons_mythical_exist,Human,False,False,True,False,False,dragons_mythical_exist^violate^invalid,0.7496491999999999,2.7785035000000002,0.5,0.00015468943720704716,-1.7071033500000001,-13.6957835,-1.461802445,-2.080981499999999,63.269095475,13.0,2.9363595899999995,2.9363595899999995,1.0,2.019378182385685,12.0,165.12476145,8.0,8.051998000000001,21.815614513499995,8.0,21.918670240760562,40.2427733064133,8.0
True,consistent,82.964802,famous_wealthy_old,Human,True,True,True,True,False,famous_wealthy_old^consistent^valid,0.846912205,2.5031982,1.0,0.0004996552466172478,-0.31150541,-11.814615,1.18588639,2.0049155,63.99374635,13.0,2.634410000000001,2.634410000000001,0.7222222222222222,4.270966980637006,13.0,151.897600068,11.0,20.442675282000003,7.925144250000001,13.0,39.76283450495063,22.26409818257627,13.0
True,consistent,41.097443,guns_weapons_dangerous,Human,False,False,True,True,False,guns_weapons_dangerous^consistent^invalid,0.8124103650000001,3.52681745,0.5,0.00016155519136725022,-1.6824146,-13.37473275,-1.419377345,-2.088389750000001,65.246341985,13.0,3.092880115,3.092880115,1.0,1.851250707083089,12.0,162.11726545,8.0,7.87713325,22.8607597425,8.0,22.78206423757442,41.226552475374106,8.0
True,violate,29.664557,dragons_mythical_exist,Human,True,True,True,False,False,dragons_mythical_exist^violate^valid,0.75148356,2.8738599999999996,1.0,0.0005189435956516459,-0.26330629,-11.520957,1.3558540099999998,2.0962345000000004,63.32477595,13.0,2.811694,2.811694,0.7777777777777778,4.4430572518545866,13.0,150.356716115,11.0,21.197658335,8.195210249999999,13.0,39.904746323537225,22.381037669416266,13.0
False,violate,55.864442,politicians_dishonest_lie,Human,True,False,True,False,False,politicians_dishonest_lie^violate^valid,0.85692418,2.5728094500000003,1.0,0.0005229136727992001,-0.304098085,-11.7277335,1.2323226649999999,1.9506049999999995,63.630831195,13.0,2.6572120000000004,2.6572120000000004,0.7222222222222222,4.356190776423571,13.0,150.35712137399997,11.0,21.547333025999997,7.783636500000001,13.0,40.94241499827892,21.960442003393133,13.0
False,nonsense,50.92801,nonsense_nept_bript_jeft,Human,False,True,False,False,True,nonsense_nept_bript_jeft^nonsense^invalid,0.8772813500000001,3.0747101,0.5,0.0001299578541359125,-1.4329657500000001,-14.034797999999999,-1.0986861650000002,-1.9411234999999998,63.65789524,13.0,3.0451669999999997,3.0451669999999997,1.0,1.93149606970471,12.0,169.96481565,8.0,7.523720849999999,21.967738136,8.0,22.370068804577333,39.67799952122178,8.0
True,violate,23.697299,plants_trees_tall,Human,True,True,True,False,False,plants_trees_tall^violate^valid,0.717500975,3.70768095,1.0,0.00046048168249660784,-0.21909362,-11.383641,1.61033538,2.1576474999999995,65.30035196,13.0,2.4152125,2.2526029999999997,0.7222222222222222,4.529433268546775,13.0,147.506923767,11.0,24.989632233000002,7.416682999999999,13.0,40.59510008805473,21.21236129941633,13.0
True,consistent,103.597935,politicians_dishonest_lie,Human,True,True,True,True,False,politicians_dishonest_lie^consistent^valid,0.828406695,2.4133433,1.0,0.0005875726571122693,-0.290245015,-11.5877655,1.2799110850000002,2.1282489999999994,64.270376835,13.0,2.564828000000001,2.564828000000001,0.7222222222222222,4.3578564468325025,13.0,150.69450604499997,11.0,22.023117855,7.810317500000001,13.0,40.575119426214044,22.10061312816027,13.0
True,consistent,20.863428,computers_electronics_expensive,Human,True,True,True,True,False,computers_electronics_expensive^consistent^valid,0.7507234700000001,3.2355408,1.0,0.0006631955912445868,-0.22902603,-11.000043,1.57955832,2.6117175,64.49264469,13.0,2.4652874999999996,1.8984774999999994,0.7222222222222222,4.52602573952168,13.0,147.8227524935,11.0,25.5709247065,7.427772749999999,13.0,41.430165470500334,21.755364268303886,13.0
True,violate,13.996737,plants_trees_tall,Human,True,True,True,False,False,plants_trees_tall^violate^valid,0.717500975,3.70768095,1.0,0.00046048168249660784,-0.21909362,-11.383641,1.61033538,2.1576474999999995,65.30035196,13.0,2.4152125,2.2526029999999997,0.7222222222222222,4.529433268546775,13.0,147.506923767,11.0,24.989632233000002,7.416682999999999,13.0,40.59510008805473,21.21236129941633,13.0
False,consistent,42.896389,computers_electronics_expensive,Human,False,True,True,True,False,computers_electronics_expensive^consistent^invalid,0.827916625,3.2527096,0.5,0.0001478306515694154,-1.70716705,-13.6426695,-1.444705925,-2.5822434999999997,64.53852477000001,13.0,3.35160743,3.35160743,1.0,1.7980412785201751,12.0,165.46628235000003,8.0,7.699252500000001,24.539169950999998,8.0,22.11677450580917,40.692714354500296,8.0
False,nonsense,56.251907,nonsense_shiff_yot_plusk,Human,True,False,False,False,True,nonsense_shiff_yot_plusk^nonsense^valid,0.85954905,3.3951676,1.0,0.00030728071375896084,-0.349083845,-12.270569,1.0218831050000001,1.6701089999999992,63.39859931499999,13.0,3.2967174999999997,3.2967174999999997,0.8333333333333334,4.2866594849637885,13.0,157.85406354599996,11.0,20.601034104,9.09310645,13.0,40.16672640586064,23.439003582831603,13.0
True,nonsense,30.418267,nonsense_snid_ust_bem,Human,True,True,False,False,True,nonsense_snid_ust_bem^nonsense^valid,0.89630637,3.0153843,1.0,0.0003303327877795963,-0.32724493499999996,-12.2195655,1.147779465,2.0203819999999997,63.501960845000006,13.0,2.896642000000001,2.896642000000001,0.8333333333333334,4.220851869703862,13.0,156.36384721000002,11.0,21.952703539999995,8.2747913,13.0,41.45703203176717,23.994582749846323,13.0
True,nonsense,25.513783,nonsense_sland_spluff_gusp,Human,True,True,False,False,True,nonsense_sland_spluff_gusp^nonsense^valid,0.872637,3.3090408,1.0,0.0003598174698210298,-0.31491312,-11.999437499999999,1.1875199799999998,1.918761,64.24297702999999,13.0,2.9182584999999994,2.9182584999999994,0.8333333333333334,4.246622205868289,13.0,155.2853097325,11.0,22.3717830175,8.248085249999999,13.0,41.29246470950169,22.990290458151264,13.0
True,consistent,15.331531,flowers_animals_reptiles,Human,False,False,True,True,False,flowers_animals_reptiles^consistent^invalid,0.7930724650000001,3.36994125,0.5,0.00015659052515647358,-1.4768639000000001,-13.4603935,-1.1721248700000002,-2.1230985,64.783875005,13.0,2.90785598,2.90785598,1.0,2.1045563618247685,12.0,160.45622365000003,8.0,7.424930200000002,20.7282796025,8.0,22.678500411357568,37.413509304623446,8.0
False,violate,23.731812,computers_electronics_expensive,Human,True,False,True,False,False,computers_electronics_expensive^violate^valid,0.79920667,3.33830025,1.0,0.0006120097741781315,-0.25700347,-11.110559,1.44521998,2.4137257499999993,64.37129449,13.0,2.43376725,2.1651685,0.7222222222222222,4.444678280930261,13.0,147.234048478,11.0,23.751550372,7.696478250000001,13.0,40.90439012077201,22.294409900997366,13.0
True,nonsense,30.065394,nonsense_fleff_drap_ved,Human,False,False,False,False,True,nonsense_fleff_drap_ved^nonsense^invalid,0.8759138,3.1138594,0.5,0.00013458369876571117,-1.4099640999999998,-13.9619065,-1.069373145,-1.9967899999999998,63.891125015,13.0,2.7940208550000003,2.7940208550000003,1.0,2.1831661771123385,12.0,166.4123376,8.0,7.75694765,21.004694477999998,8.0,22.55367198278043,39.078348840882946,8.0
True,nonsense,92.08277,nonsense_sclack_chask_pron,Human,True,True,False,False,True,nonsense_sclack_chask_pron^nonsense^valid,0.8760077500000001,3.19302525,1.0,0.0003237578974288026,-0.327950645,-12.234436500000001,1.1274842550000002,1.8480102499999997,64.35325353,13.0,2.8875195,2.8875195,0.7777777777777778,4.286734894573403,13.0,156.1993985345,11.0,21.571893615499995,7.868363349999999,13.0,39.81457221128332,22.977012135674755,13.0
True,violate,43.263654,computers_electronics_expensive,Human,False,False,True,False,False,computers_electronics_expensive^violate^invalid,0.810087475,3.31665395,0.5,0.00015943531510909025,-1.6252526,-13.487348,-1.35076813,-2.371691,64.154017735,13.0,3.014700035,3.014700035,1.0,1.8518790945496235,12.0,162.01872735,8.0,7.681027500000002,22.788343261999998,8.0,22.434826467936805,40.071035681739176,8.0
False,violate,16.265538,politicians_dishonest_lie,Human,True,False,True,False,False,politicians_dishonest_lie^violate^valid,0.85692418,2.5728094500000003,1.0,0.0005229136727992001,-0.304098085,-11.7277335,1.2323226649999999,1.9506049999999995,63.630831195,13.0,2.6572120000000004,2.6572120000000004,0.7222222222222222,4.356190776423571,13.0,150.35712137399997,11.0,21.547333025999997,7.783636500000001,13.0,40.94241499827892,21.960442003393133,13.0
True,violate,25.153217,computers_electronics_expensive,Human,True,True,True,False,False,computers_electronics_expensive^violate^valid,0.79920667,3.33830025,1.0,0.0006120097741781315,-0.25700347,-11.110559,1.44521998,2.4137257499999993,64.37129449,13.0,2.43376725,2.1651685,0.7222222222222222,4.444678280930261,13.0,147.234048478,11.0,23.751550372,7.696478250000001,13.0,40.90439012077201,22.294409900997366,13.0
True,nonsense,52.625594,nonsense_frupt_liff_blop,Human,False,False,False,False,True,nonsense_frupt_liff_blop^nonsense^invalid,0.9060705499999999,3.2967328,0.5,0.00014389631823696246,-1.3126894,-13.731757,-0.935422815,-1.6657665000000001,64.72146101499999,13.0,2.90905392,2.90905392,1.0,1.9315905883954785,12.0,167.62689285,10.0,8.80342105,19.9440060325,8.0,23.62313831708812,39.117335315860785,8.0
True,nonsense,20.452966,nonsense_yuft_yab_sunt,Human,False,False,False,False,True,nonsense_yuft_yab_sunt^nonsense^invalid,0.88295135,3.0120839999999998,0.5,0.00014295678652680258,-1.3270173,-13.859286,-0.95926375,-1.7411775,63.11874042,13.0,2.7494775,2.7494775,1.0,2.2266491194044296,12.0,165.02993414999997,8.0,8.55459565,19.5054553475,8.0,23.809751960386652,39.47962059569814,8.0
True,nonsense,39.428551,nonsense_frupt_liff_blop,Human,False,False,False,False,True,nonsense_frupt_liff_blop^nonsense^invalid,0.9060705499999999,3.2967328,0.5,0.00014389631823696246,-1.3126894,-13.731757,-0.935422815,-1.6657665000000001,64.72146101499999,13.0,2.90905392,2.90905392,1.0,1.9315905883954785,12.0,167.62689285,10.0,8.80342105,19.9440060325,8.0,23.62313831708812,39.117335315860785,8.0
False,consistent,14.331378,whales_mammals_big,Human,False,True,True,True,False,whales_mammals_big^consistent^invalid,0.699449835,3.3058079,0.5,0.0001557738197613336,-1.8807474,-13.477344500000001,-1.67248246,-2.2588885000000003,64.515060915,13.0,3.41005329,3.41005329,1.0,1.848445973888388,12.0,165.6973624,8.0,7.493234,24.976344836,8.0,21.143442193212145,41.10031032032572,8.0
True,violate,17.39836,food_vegetables_healthy,Human,False,False,True,False,False,food_vegetables_healthy^violate^invalid,0.78112465,3.2349620000000003,0.5,0.00014774839048213578,-1.6968642,-13.5915095,-1.4428825500000002,-2.3488035,64.74213544,13.0,3.0974066799999997,3.0974066799999997,1.0,1.850973294237705,12.0,161.61133675000002,8.0,7.666856499999998,22.8085641475,8.0,22.947647193521895,40.004632493790545,8.0
False,consistent,27.96504,plants_trees_tall,Human,False,True,True,True,False,plants_trees_tall^consistent^invalid,0.730118475,3.7122442500000004,0.5,0.00013679078016672123,-1.8400121999999999,-13.5924275,-1.619521165,-2.27426025,65.977934065,13.0,3.325046315,3.325046315,1.0,1.8492293367578583,12.0,165.50406805,8.0,7.5980795,24.9447712535,8.0,21.048222600063486,39.84554360065279,8.0
False,consistent,39.618689,gems_diamonds_transparent,Human,True,False,True,True,False,gems_diamonds_transparent^consistent^valid,0.753591025,3.76627945,1.0,0.0005359658175781865,-0.24370881,-11.0509045,1.47992999,2.2589680000000003,65.980115145,13.0,2.4355995000000004,2.2995012500000005,0.7222222222222222,4.526561973641876,13.0,147.7340095945,11.0,24.1941684555,7.789098000000001,13.0,40.36924289771004,21.711706265613056,13.0
False,consistent,35.131672,whales_mammals_big,Human,False,True,True,True,False,whales_mammals_big^consistent^invalid,0.699449835,3.3058079,0.5,0.0001557738197613336,-1.8807474,-13.477344500000001,-1.67248246,-2.2588885000000003,64.515060915,13.0,3.41005329,3.41005329,1.0,1.848445973888388,12.0,165.6973624,8.0,7.493234,24.976344836,8.0,21.143442193212145,41.10031032032572,8.0
False,consistent,27.832059,vehicles_mobile_buildings,Human,False,True,True,True,False,vehicles_mobile_buildings^consistent^invalid,0.82807165,3.10497555,0.5,0.00014688091992820756,-1.4844856,-13.7572515,-1.1739701949999999,-2.164491,64.318786655,13.0,2.8903951050000005,2.8903951050000005,1.0,2.0207245787134083,12.0,163.02613715,8.0,8.4129259,20.242011470999998,8.0,22.346142670880425,38.23088806238775,8.0
True,nonsense,28.655433,nonsense_sclace_dact_yink,Human,True,True,False,False,True,nonsense_sclace_dact_yink^nonsense^valid,0.8292588000000001,3.38698765,1.0,0.00032939366503072876,-0.284816085,-12.1505455,1.3155842150000001,1.9092854999999993,64.37754075500001,13.0,2.8964644999999996,2.8964644999999996,0.7777777777777778,4.397219390962283,13.0,154.807185485,11.0,22.625491564999997,7.634923699999999,13.0,39.96590722489417,22.404252027135517,13.0
False,nonsense,34.597674,nonsense_yuft_yab_sunt,Human,False,True,False,False,True,nonsense_yuft_yab_sunt^nonsense^invalid,0.88295135,3.0120839999999998,0.5,0.00014295678652680258,-1.3270173,-13.859286,-0.95926375,-1.7411775,63.11874042,13.0,2.7494775,2.7494775,1.0,2.2266491194044296,12.0,165.02993414999997,8.0,8.55459565,19.5054553475,8.0,23.809751960386652,39.47962059569814,8.0
False,nonsense,26.9656,nonsense_gick_criff_riff,Human,False,True,False,False,True,nonsense_gick_criff_riff^nonsense^invalid,0.8612199,3.39642235,0.5,0.0001332815010463566,-1.4914692,-13.8843395,-1.1763248099999999,-1.839945000000001,64.23723944,13.0,2.8424378999999997,2.8424378999999997,1.0,2.183215925526847,12.0,168.68162,8.0,8.0984081,21.566258694999995,8.0,22.128120142400363,40.12134325330565,8.0
True,consistent,15.851868,dragons_mythical_exist,Human,True,True,True,True,False,dragons_mythical_exist^consistent^valid,0.8071744,2.96209065,1.0,0.0004851111013845727,-0.302964405,-11.566526249999999,1.190615645,2.0720477500000003,64.60009852,13.0,2.9147057500000004,2.9147057500000004,0.8333333333333334,4.31346333624011,13.0,151.9728535365,11.0,19.2227564135,8.30126085,13.0,38.30128428392334,22.76191214342742,13.0
True,consistent,15.398715,food_vegetables_healthy,Human,True,True,True,True,False,food_vegetables_healthy^consistent^valid,0.7606136,3.3383755500000003,1.0,0.0005669087190239791,-0.24247479500000002,-11.1414715,1.497656805,2.418847500000001,65.30056738000002,13.0,2.4084665000000003,1.993214,0.7222222222222222,4.528359460105362,13.0,146.699753749,11.0,23.619699101000002,7.8409485,13.0,39.50832733759715,22.534533309605877,13.0
True,violate,16.219198,guns_weapons_dangerous,Human,False,False,True,False,False,guns_weapons_dangerous^violate^invalid,0.7946191499999999,3.50548565,0.5,0.00016600288019406244,-1.70513735,-13.350233,-1.45038123,-2.049605999999999,65.00783326999999,13.0,3.1085120400000004,3.1085120400000004,1.0,1.935709526073782,12.0,162.142014,8.0,8.177556499999998,22.774843108,8.0,22.723768697616034,41.287929424110686,8.0
True,violate,17.481886,plants_trees_tall,Human,False,False,True,False,False,plants_trees_tall^violate^invalid,0.793895095,3.51040315,0.5,0.00014996657004577623,-1.5793748,-13.490645,-1.299109455,-2.270526500000001,65.45802229499999,13.0,3.171338925,3.171338925,1.0,1.8511591116003463,12.0,162.3544972,8.0,7.527773,22.5921845265,8.0,22.149570838901894,38.92637442665298,8.0
False,nonsense,16.965024,nonsense_fleff_drap_ved,Human,False,True,False,False,True,nonsense_fleff_drap_ved^nonsense^invalid,0.8759138,3.1138594,0.5,0.00013458369876571117,-1.4099640999999998,-13.9619065,-1.069373145,-1.9967899999999998,63.891125015,13.0,2.7940208550000003,2.7940208550000003,1.0,2.1831661771123385,12.0,166.4123376,8.0,7.75694765,21.004694477999998,8.0,22.55367198278043,39.078348840882946,8.0
False,consistent,15.732068,famous_wealthy_old,Human,False,True,True,True,False,famous_wealthy_old^consistent^invalid,0.869590775,2.54102595,0.5,0.00015957231208683058,-1.49868735,-13.8257695,-1.18172262,-1.9555865000000008,64.16783469,13.0,3.0795116900000004,3.0795116900000004,1.0,1.7986031839253742,12.0,164.34106605000002,8.0,8.1696595,20.057577651500004,8.0,22.23609328761472,39.46174968919007,8.0
True,violate,17.898972,gems_diamonds_transparent,Human,True,True,True,False,False,gems_diamonds_transparent^violate^valid,0.76021125,3.5893800999999996,1.0,0.00048815408004441356,-0.2503325,-11.2991575,1.4433470000000002,2.1570367500000005,64.81318300500001,13.0,2.4854147500000003,2.4854147500000003,0.7222222222222222,4.529485454724581,13.0,147.57797794700002,11.0,23.721060653000002,8.06224375,13.0,40.608537525421085,22.147881092719754,13.0
False,nonsense,15.471385,nonsense_sland_spluff_gusp,Human,True,False,False,False,True,nonsense_sland_spluff_gusp^nonsense^valid,0.872637,3.3090408,1.0,0.0003598174698210298,-0.31491312,-11.999437499999999,1.1875199799999998,1.918761,64.24297702999999,13.0,2.9182584999999994,2.9182584999999994,0.8333333333333334,4.246622205868289,13.0,155.2853097325,11.0,22.3717830175,8.248085249999999,13.0,41.29246470950169,22.990290458151264,13.0
True,violate,39.965302,computers_electronics_expensive,Human,True,True,True,False,False,computers_electronics_expensive^violate^valid,0.79920667,3.33830025,1.0,0.0006120097741781315,-0.25700347,-11.110559,1.44521998,2.4137257499999993,64.37129449,13.0,2.43376725,2.1651685,0.7222222222222222,4.444678280930261,13.0,147.234048478,11.0,23.751550372,7.696478250000001,13.0,40.90439012077201,22.294409900997366,13.0
True,nonsense,43.365408,nonsense_paft_usp_cesk,Human,True,True,False,False,True,nonsense_paft_usp_cesk^nonsense^valid,0.90446385,3.0925508500000003,1.0,0.00036385357600297646,-0.36020477,-12.0545185,1.0078305800000003,1.8748474999999996,63.70888371,13.0,2.9272709999999993,2.9272709999999993,0.8333333333333334,4.22117993167058,13.0,155.55404756,11.0,21.895442390000003,7.775151399999999,13.0,39.79514013282285,22.991801159252574,13.0
False,nonsense,36.598796,nonsense_yuft_yab_sunt,Human,False,True,False,False,True,nonsense_yuft_yab_sunt^nonsense^invalid,0.88295135,3.0120839999999998,0.5,0.00014295678652680258,-1.3270173,-13.859286,-0.95926375,-1.7411775,63.11874042,13.0,2.7494775,2.7494775,1.0,2.2266491194044296,12.0,165.02993414999997,8.0,8.55459565,19.5054553475,8.0,23.809751960386652,39.47962059569814,8.0
True,nonsense,52.331443,nonsense_wib_mact_boct,Human,False,False,False,False,True,nonsense_wib_mact_boct^nonsense^invalid,0.88412388,3.530372,0.5,0.00013247941834787204,-1.3985113500000002,-13.850477,-1.0530148000000001,-1.8226565,64.800115625,13.0,3.1028118499999993,3.1028118499999993,1.0,2.097824246707875,12.0,169.0984972,8.0,8.0221131,21.553394924000003,8.0,23.030346643851914,39.62693199719561,8.0
False,nonsense,27.720482,nonsense_glap_phropt_soff,Human,False,True,False,False,True,nonsense_glap_phropt_soff^nonsense^invalid,0.87850963,3.08565485,0.5,0.00014406698132474584,-1.39613405,-13.866895,-1.0513582649999997,-1.8580179999999995,63.10592593,13.0,2.9202051950000003,2.9202051950000003,1.0,2.0167774365909428,12.0,167.91992770000002,8.0,8.681804750000001,21.503753349,8.0,23.520581336935347,39.85138008668568,8.0
True,consistent,26.798701,librarians_happy_healthy,Human,True,True,True,True,False,librarians_happy_healthy^consistent^valid,0.81471435,2.79135215,1.0,0.0004919143841524687,-0.28437661999999997,-11.720515500000001,1.30202863,2.2542614999999993,64.126964595,13.0,2.438344,2.3815022499999996,0.7222222222222222,4.3966854214538955,13.0,151.1338408655,11.0,22.584206684499996,7.506011749999998,13.0,40.42208294959718,22.97218112692118,13.0
True,nonsense,66.465563,nonsense_yob_broft_jank,Human,False,False,False,False,True,nonsense_yob_broft_jank^nonsense^invalid,0.9620538999999999,3.2736031,0.5,0.00013587029009839166,-1.2834265500000002,-13.851881500000001,-0.881311445,-1.6424247500000009,64.92044071999999,13.0,2.9337082150000002,2.9337082150000002,1.0,1.8915260255428428,12.0,167.41083955,8.0,8.73226675,19.453382553,8.0,23.276027578051917,37.878491031169474,8.0
False,violate,47.165628,computers_electronics_expensive,Human,True,False,True,False,False,computers_electronics_expensive^violate^valid,0.79920667,3.33830025,1.0,0.0006120097741781315,-0.25700347,-11.110559,1.44521998,2.4137257499999993,64.37129449,13.0,2.43376725,2.1651685,0.7222222222222222,4.444678280930261,13.0,147.234048478,11.0,23.751550372,7.696478250000001,13.0,40.90439012077201,22.294409900997366,13.0
True,nonsense,29.931492,nonsense_shiff_yot_plusk,Human,True,True,False,False,True,nonsense_shiff_yot_plusk^nonsense^valid,0.85954905,3.3951676,1.0,0.00030728071375896084,-0.349083845,-12.270569,1.0218831050000001,1.6701089999999992,63.39859931499999,13.0,3.2967174999999997,3.2967174999999997,0.8333333333333334,4.2866594849637885,13.0,157.85406354599996,11.0,20.601034104,9.09310645,13.0,40.16672640586064,23.439003582831603,13.0
True,violate,15.931989,food_vegetables_healthy,Human,False,False,True,False,False,food_vegetables_healthy^violate^invalid,0.78112465,3.2349620000000003,0.5,0.00014774839048213578,-1.6968642,-13.5915095,-1.4428825500000002,-2.3488035,64.74213544,13.0,3.0974066799999997,3.0974066799999997,1.0,1.850973294237705,12.0,161.61133675000002,8.0,7.666856499999998,22.8085641475,8.0,22.947647193521895,40.004632493790545,8.0
True,consistent,10.099107,guns_weapons_dangerous,Human,False,False,True,True,False,guns_weapons_dangerous^consistent^invalid,0.8124103650000001,3.52681745,0.5,0.00016155519136725022,-1.6824146,-13.37473275,-1.419377345,-2.088389750000001,65.246341985,13.0,3.092880115,3.092880115,1.0,1.851250707083089,12.0,162.11726545,8.0,7.87713325,22.8607597425,8.0,22.78206423757442,41.226552475374106,8.0
False,consistent,12.532791,computers_electronics_expensive,Human,False,True,True,True,False,computers_electronics_expensive^consistent^invalid,0.827916625,3.2527096,0.5,0.0001478306515694154,-1.70716705,-13.6426695,-1.444705925,-2.5822434999999997,64.53852477000001,13.0,3.35160743,3.35160743,1.0,1.7980412785201751,12.0,165.46628235000003,8.0,7.699252500000001,24.539169950999998,8.0,22.11677450580917,40.692714354500296,8.0
True,consistent,12.763145,politicians_dishonest_lie,Human,True,True,True,True,False,politicians_dishonest_lie^consistent^valid,0.828406695,2.4133433,1.0,0.0005875726571122693,-0.290245015,-11.5877655,1.2799110850000002,2.1282489999999994,64.270376835,13.0,2.564828000000001,2.564828000000001,0.7222222222222222,4.3578564468325025,13.0,150.69450604499997,11.0,22.023117855,7.810317500000001,13.0,40.575119426214044,22.10061312816027,13.0
False,consistent,23.229131,librarians_happy_healthy,Human,False,True,True,True,False,librarians_happy_healthy^consistent^invalid,0.81077882,2.86364565,0.5,0.00014633701367139737,-1.58672145,-13.884556499999999,-1.30359647,-2.1702139999999996,64.17962105,13.0,3.1747808749999997,3.1747808749999997,1.0,1.7959304817817918,12.0,165.98963685,8.0,7.54508725,22.443929461999996,8.0,22.678905569012304,40.484153084258494,8.0
False,nonsense,26.498954,nonsense_namp_clun_hamp,Human,True,False,False,False,True,nonsense_namp_clun_hamp^nonsense^valid,0.9425242300000001,3.358482,1.0,0.0003165257175643026,-0.40491292,-12.173005,0.85545918,1.6851460000000005,64.75460708,13.0,3.1863210000000004,3.1863210000000004,0.8333333333333334,4.21729973485108,13.0,157.94193297,11.0,19.350393829999994,9.154314000000001,13.0,38.86468147006588,23.948878960202205,13.0
True,consistent,39.547612,plants_trees_tall,Human,True,True,True,True,False,plants_trees_tall^consistent^valid,0.74118826,3.7181170000000003,1.0,0.0004957067813326357,-0.23834281499999999,-11.236201000000001,1.502290735,2.312640749999999,65.82046371499999,13.0,2.4406880000000006,2.1136550000000005,0.7222222222222222,4.526727155483213,13.0,148.080483274,11.0,24.291787826,7.567091500000001,13.0,39.49419257354283,21.60202615591185,13.0
True,nonsense,44.698469,nonsense_paft_usp_cesk,Human,True,True,False,False,True,nonsense_paft_usp_cesk^nonsense^valid,0.90446385,3.0925508500000003,1.0,0.00036385357600297646,-0.36020477,-12.0545185,1.0078305800000003,1.8748474999999996,63.70888371,13.0,2.9272709999999993,2.9272709999999993,0.8333333333333334,4.22117993167058,13.0,155.55404756,11.0,21.895442390000003,7.775151399999999,13.0,39.79514013282285,22.991801159252574,13.0
True,nonsense,10.56538,nonsense_sclack_chask_pron,Human,True,True,False,False,True,nonsense_sclack_chask_pron^nonsense^valid,0.8760077500000001,3.19302525,1.0,0.0003237578974288026,-0.327950645,-12.234436500000001,1.1274842550000002,1.8480102499999997,64.35325353,13.0,2.8875195,2.8875195,0.7777777777777778,4.286734894573403,13.0,156.1993985345,11.0,21.571893615499995,7.868363349999999,13.0,39.81457221128332,22.977012135674755,13.0
False,nonsense,40.432284,nonsense_phrite_ing_pand,Human,True,False,False,False,True,nonsense_phrite_ing_pand^nonsense^valid,0.8776451350000001,3.47802355,1.0,0.0003892392724020494,-0.33281863,-11.7538845,1.10335637,1.8144739999999997,65.140000715,13.0,2.9024744999999994,2.9024744999999994,0.8333333333333334,4.270808168509651,13.0,152.99196145250002,11.0,20.3915064475,8.69206875,13.0,39.305111147970294,23.704698253611653,13.0
True,violate,26.164585,whales_mammals_big,Human,True,True,True,False,False,whales_mammals_big^violate^valid,0.7474198,3.2072060000000002,1.0,0.0005187622834681658,-0.239489745,-11.35242225,1.500897405,2.21582375,64.02274792,13.0,2.4462839999999995,2.312349,0.7222222222222222,4.531845308096813,13.0,147.51430727000002,11.0,23.851436380000003,7.336777499999998,13.0,40.74987924038075,21.598060850012132,13.0
False,nonsense,19.897363,nonsense_nept_bript_jeft,Human,False,True,False,False,True,nonsense_nept_bript_jeft^nonsense^invalid,0.8772813500000001,3.0747101,0.5,0.0001299578541359125,-1.4329657500000001,-14.034797999999999,-1.0986861650000002,-1.9411234999999998,63.65789524,13.0,3.0451669999999997,3.0451669999999997,1.0,1.93149606970471,12.0,169.96481565,8.0,7.523720849999999,21.967738136,8.0,22.370068804577333,39.67799952122178,8.0
False,violate,47.764338,flowers_animals_reptiles,Human,False,True,True,False,False,flowers_animals_reptiles^violate^invalid,0.78983112,3.4566548,0.5,0.00015675988408831546,-1.4911014,-13.439756,-1.1895694900000002,-2.1522049999999995,64.77486127,13.0,2.9109193099999997,2.9109193099999997,1.0,2.061807445037059,12.0,161.2473255,8.0,7.121911899999999,21.092282462500002,8.0,22.00951853136907,37.41110084930707,8.0
True,nonsense,39.765491,nonsense_phrite_ing_pand,Human,True,True,False,False,True,nonsense_phrite_ing_pand^nonsense^valid,0.8776451350000001,3.47802355,1.0,0.0003892392724020494,-0.33281863,-11.7538845,1.10335637,1.8144739999999997,65.140000715,13.0,2.9024744999999994,2.9024744999999994,0.8333333333333334,4.270808168509651,13.0,152.99196145250002,11.0,20.3915064475,8.69206875,13.0,39.305111147970294,23.704698253611653,13.0
True,nonsense,30.231034,nonsense_phrist_biss_skemp,Human,True,True,False,False,True,nonsense_phrist_biss_skemp^nonsense^valid,0.87534025,3.4221852999999998,1.0,0.0003532534064746321,-0.33027441,-11.9904435,1.11622049,1.8328980000000001,64.660954655,13.0,2.9429380000000007,2.9429380000000007,0.8333333333333334,4.27113314324713,13.0,154.6944507,11.0,21.71719995,7.9257566,13.0,40.55514436990422,22.715357219251043,13.0
True,violate,54.963626,famous_wealthy_old,Human,False,False,True,False,False,famous_wealthy_old^violate^invalid,0.87312005,2.6614516999999998,0.5,0.00016828834318306917,-1.4501602999999998,-13.717581,-1.1198949749999998,-1.9147385000000003,63.313324365,13.0,3.0011390700000002,3.0011390700000002,1.0,1.8920460024804528,12.0,162.84543685,8.0,8.30900025,19.605365027000005,8.0,22.924968185072427,40.092007031595884,8.0
True,nonsense,33.160592,nonsense_phrite_ing_pand,Human,True,True,False,False,True,nonsense_phrite_ing_pand^nonsense^valid,0.8776451350000001,3.47802355,1.0,0.0003892392724020494,-0.33281863,-11.7538845,1.10335637,1.8144739999999997,65.140000715,13.0,2.9024744999999994,2.9024744999999994,0.8333333333333334,4.270808168509651,13.0,152.99196145250002,11.0,20.3915064475,8.69206875,13.0,39.305111147970294,23.704698253611653,13.0
True,consistent,17.680502,plants_trees_tall,Human,True,True,True,True,False,plants_trees_tall^consistent^valid,0.74118826,3.7181170000000003,1.0,0.0004957067813326357,-0.23834281499999999,-11.236201000000001,1.502290735,2.312640749999999,65.82046371499999,13.0,2.4406880000000006,2.1136550000000005,0.7222222222222222,4.526727155483213,13.0,148.080483274,11.0,24.291787826,7.567091500000001,13.0,39.49419257354283,21.60202615591185,13.0
True,violate,28.869755,computers_electronics_expensive,Human,False,False,True,False,False,computers_electronics_expensive^violate^invalid,0.810087475,3.31665395,0.5,0.00015943531510909025,-1.6252526,-13.487348,-1.35076813,-2.371691,64.154017735,13.0,3.014700035,3.014700035,1.0,1.8518790945496235,12.0,162.01872735,8.0,7.681027500000002,22.788343261999998,8.0,22.434826467936805,40.071035681739176,8.0
True,violate,34.759647,vehicles_mobile_buildings,Human,False,False,True,False,False,vehicles_mobile_buildings^violate^invalid,0.796380615,3.4365609,0.5,0.00014751019756706514,-1.56110105,-13.61116625,-1.276182175,-2.0661727500000007,65.20478771500001,13.0,2.9812755000000006,2.9812755000000006,1.0,2.0182174514232227,12.0,163.76190105,8.0,8.029251200000001,20.849118045,8.0,21.886379179892852,38.69211878263657,8.0
True,nonsense,60.896039,nonsense_sneb_jing_omp,Human,True,True,False,False,True,nonsense_sneb_jing_omp^nonsense^valid,0.87637675,2.9196453499999997,1.0,0.0003549313610474889,-0.378000965,-12.2291775,0.918018335,1.8000554999999991,62.32289851,13.0,3.1921244999999994,3.1921244999999994,0.8333333333333334,4.243235111391919,13.0,156.55068115299997,11.0,20.553673847,8.745690800000002,13.0,38.25296620955978,23.06310768422737,13.0
True,violate,27.26493,flowers_animals_reptiles,Human,False,False,True,False,False,flowers_animals_reptiles^violate^invalid,0.78983112,3.4566548,0.5,0.00015675988408831546,-1.4911014,-13.439756,-1.1895694900000002,-2.1522049999999995,64.77486127,13.0,2.9109193099999997,2.9109193099999997,1.0,2.061807445037059,12.0,161.2473255,8.0,7.121911899999999,21.092282462500002,8.0,22.00951853136907,37.41110084930707,8.0
False,consistent,22.265231,vehicles_mobile_buildings,Human,False,True,True,True,False,vehicles_mobile_buildings^consistent^invalid,0.82807165,3.10497555,0.5,0.00014688091992820756,-1.4844856,-13.7572515,-1.1739701949999999,-2.164491,64.318786655,13.0,2.8903951050000005,2.8903951050000005,1.0,2.0207245787134083,12.0,163.02613715,8.0,8.4129259,20.242011470999998,8.0,22.346142670880425,38.23088806238775,8.0
True,violate,28.297683,computers_electronics_expensive,Human,False,False,True,False,False,computers_electronics_expensive^violate^invalid,0.810087475,3.31665395,0.5,0.00015943531510909025,-1.6252526,-13.487348,-1.35076813,-2.371691,64.154017735,13.0,3.014700035,3.014700035,1.0,1.8518790945496235,12.0,162.01872735,8.0,7.681027500000002,22.788343261999998,8.0,22.434826467936805,40.071035681739176,8.0
False,violate,18.383686,dragons_mythical_exist,Human,True,False,True,False,False,dragons_mythical_exist^violate^valid,0.75148356,2.8738599999999996,1.0,0.0005189435956516459,-0.26330629,-11.520957,1.3558540099999998,2.0962345000000004,63.32477595,13.0,2.811694,2.811694,0.7777777777777778,4.4430572518545866,13.0,150.356716115,11.0,21.197658335,8.195210249999999,13.0,39.904746323537225,22.381037669416266,13.0
True,violate,22.815187,gems_diamonds_transparent,Human,False,False,True,False,False,gems_diamonds_transparent^violate^invalid,0.80006635,3.4921516500000003,0.5,0.0001498924813805521,-1.5872069,-13.480996999999999,-1.3072939,-2.2550725,64.74042812500001,13.0,2.97899922,2.97899922,1.0,1.851528100172782,12.0,162.84346994999999,8.0,8.16023375,22.413309426999998,8.0,22.65525646655066,40.0872884258531,8.0
True,nonsense,21.598336,nonsense_gand_yusp_druff,Human,True,True,False,False,True,nonsense_gand_yusp_druff^nonsense^valid,0.864271215,3.07536915,1.0,0.00039791753325318,-0.348274,-11.919319250000001,1.02705385,1.8378887499999994,62.798993644999996,13.0,3.1980425000000006,3.1980425000000006,0.8333333333333334,4.246453155906541,13.0,154.48363911999996,11.0,20.532733880000002,8.8276864,13.0,39.04096965177814,22.880525850604236,13.0
True,nonsense,23.813922,nonsense_snid_ust_bem,Human,True,True,False,False,True,nonsense_snid_ust_bem^nonsense^valid,0.89630637,3.0153843,1.0,0.0003303327877795963,-0.32724493499999996,-12.2195655,1.147779465,2.0203819999999997,63.501960845000006,13.0,2.896642000000001,2.896642000000001,0.8333333333333334,4.220851869703862,13.0,156.36384721000002,11.0,21.952703539999995,8.2747913,13.0,41.45703203176717,23.994582749846323,13.0
True,nonsense,26.613502,nonsense_yob_broft_jank,Human,False,False,False,False,True,nonsense_yob_broft_jank^nonsense^invalid,0.9620538999999999,3.2736031,0.5,0.00013587029009839166,-1.2834265500000002,-13.851881500000001,-0.881311445,-1.6424247500000009,64.92044071999999,13.0,2.9337082150000002,2.9337082150000002,1.0,1.8915260255428428,12.0,167.41083955,8.0,8.73226675,19.453382553,8.0,23.276027578051917,37.878491031169474,8.0
True,violate,20.383523,whales_mammals_big,Human,False,False,True,False,False,whales_mammals_big^violate^invalid,0.7786314750000001,3.2630722,0.5,0.00015824187381215305,-1.70431305,-13.46902125,-1.45250511,-2.18151125,63.941754695,13.0,3.1958313349999994,3.1958313349999994,1.0,1.8514338107282522,12.0,163.38329629999998,8.0,7.490909500000002,22.949328717999997,8.0,21.857484059197056,40.3649179619716,8.0
False,consistent,37.431333,dragons_mythical_exist,Human,False,True,True,True,False,dragons_mythical_exist^consistent^invalid,0.8439043150000001,2.9684752,0.5,0.00015748787793340695,-1.4308790999999998,-13.560780000000001,-1.1025934099999999,-1.9984345000000001,65.02149115,13.0,2.6834890499999995,2.6834890499999995,1.0,2.105324124709144,12.0,161.41969404999998,8.0,8.81267335,17.8095341215,8.0,23.154700330327426,36.973125524637055,8.0
False,nonsense,25.863829,nonsense_gand_yusp_druff,Human,True,False,False,False,True,nonsense_gand_yusp_druff^nonsense^valid,0.864271215,3.07536915,1.0,0.00039791753325318,-0.348274,-11.919319250000001,1.02705385,1.8378887499999994,62.798993644999996,13.0,3.1980425000000006,3.1980425000000006,0.8333333333333334,4.246453155906541,13.0,154.48363911999996,11.0,20.532733880000002,8.8276864,13.0,39.04096965177814,22.880525850604236,13.0
True,violate,20.731894,food_vegetables_healthy,Human,True,True,True,False,False,food_vegetables_healthy^violate^valid,0.75775912,3.3562648,1.0,0.0005377323044018613,-0.238601935,-11.2282355,1.519996665,2.310215499999999,65.00056803500001,13.0,2.382694,2.1047494999999996,0.7222222222222222,4.530185999346359,13.0,146.082557565,11.0,23.565857535,7.447397499999999,13.0,40.36793884787534,22.174123722577942,13.0
True,consistent,26.850702,guns_weapons_dangerous,Human,True,True,True,True,False,guns_weapons_dangerous^consistent^valid,0.77679162,3.5663824,1.0,0.000505075756261664,-0.24005200999999998,-11.321275,1.52967739,2.01926,65.19270562,13.0,2.408373,2.3540174999999994,0.7222222222222222,4.528580771028099,13.0,146.97860588999998,11.0,23.71855486,7.937384999999999,13.0,42.14477001469356,22.44426420098961,13.0
True,violate,28.898369,computers_electronics_expensive,Human,True,True,True,False,False,computers_electronics_expensive^violate^valid,0.79920667,3.33830025,1.0,0.0006120097741781315,-0.25700347,-11.110559,1.44521998,2.4137257499999993,64.37129449,13.0,2.43376725,2.1651685,0.7222222222222222,4.444678280930261,13.0,147.234048478,11.0,23.751550372,7.696478250000001,13.0,40.90439012077201,22.294409900997366,13.0
False,consistent,22.797087,librarians_happy_healthy,Human,False,True,True,True,False,librarians_happy_healthy^consistent^invalid,0.81077882,2.86364565,0.5,0.00014633701367139737,-1.58672145,-13.884556499999999,-1.30359647,-2.1702139999999996,64.17962105,13.0,3.1747808749999997,3.1747808749999997,1.0,1.7959304817817918,12.0,165.98963685,8.0,7.54508725,22.443929461999996,8.0,22.678905569012304,40.484153084258494,8.0
True,violate,68.198416,computers_electronics_expensive,Human,False,False,True,False,False,computers_electronics_expensive^violate^invalid,0.810087475,3.31665395,0.5,0.00015943531510909025,-1.6252526,-13.487348,-1.35076813,-2.371691,64.154017735,13.0,3.014700035,3.014700035,1.0,1.8518790945496235,12.0,162.01872735,8.0,7.681027500000002,22.788343261999998,8.0,22.434826467936805,40.071035681739176,8.0
True,violate,31.798573,whales_mammals_big,Human,False,False,True,False,False,whales_mammals_big^violate^invalid,0.7786314750000001,3.2630722,0.5,0.00015824187381215305,-1.70431305,-13.46902125,-1.45250511,-2.18151125,63.941754695,13.0,3.1958313349999994,3.1958313349999994,1.0,1.8514338107282522,12.0,163.38329629999998,8.0,7.490909500000002,22.949328717999997,8.0,21.857484059197056,40.3649179619716,8.0
True,consistent,10.298034,plants_trees_tall,Human,True,True,True,True,False,plants_trees_tall^consistent^valid,0.74118826,3.7181170000000003,1.0,0.0004957067813326357,-0.23834281499999999,-11.236201000000001,1.502290735,2.312640749999999,65.82046371499999,13.0,2.4406880000000006,2.1136550000000005,0.7222222222222222,4.526727155483213,13.0,148.080483274,11.0,24.291787826,7.567091500000001,13.0,39.49419257354283,21.60202615591185,13.0
True,nonsense,56.681369,nonsense_wib_mact_boct,Human,False,False,False,False,True,nonsense_wib_mact_boct^nonsense^invalid,0.88412388,3.530372,0.5,0.00013247941834787204,-1.3985113500000002,-13.850477,-1.0530148000000001,-1.8226565,64.800115625,13.0,3.1028118499999993,3.1028118499999993,1.0,2.097824246707875,12.0,169.0984972,8.0,8.0221131,21.553394924000003,8.0,23.030346643851914,39.62693199719561,8.0
True,consistent,15.298363,politicians_dishonest_lie,Human,True,True,True,True,False,politicians_dishonest_lie^consistent^valid,0.828406695,2.4133433,1.0,0.0005875726571122693,-0.290245015,-11.5877655,1.2799110850000002,2.1282489999999994,64.270376835,13.0,2.564828000000001,2.564828000000001,0.7222222222222222,4.3578564468325025,13.0,150.69450604499997,11.0,22.023117855,7.810317500000001,13.0,40.575119426214044,22.10061312816027,13.0
True,nonsense,25.765671,nonsense_paft_usp_cesk,Human,True,True,False,False,True,nonsense_paft_usp_cesk^nonsense^valid,0.90446385,3.0925508500000003,1.0,0.00036385357600297646,-0.36020477,-12.0545185,1.0078305800000003,1.8748474999999996,63.70888371,13.0,2.9272709999999993,2.9272709999999993,0.8333333333333334,4.22117993167058,13.0,155.55404756,11.0,21.895442390000003,7.775151399999999,13.0,39.79514013282285,22.991801159252574,13.0
True,consistent,14.531247,guns_weapons_dangerous,Human,True,True,True,True,False,guns_weapons_dangerous^consistent^valid,0.77679162,3.5663824,1.0,0.000505075756261664,-0.24005200999999998,-11.321275,1.52967739,2.01926,65.19270562,13.0,2.408373,2.3540174999999994,0.7222222222222222,4.528580771028099,13.0,146.97860588999998,11.0,23.71855486,7.937384999999999,13.0,42.14477001469356,22.44426420098961,13.0
False,consistent,22.930574,librarians_happy_healthy,Human,False,True,True,True,False,librarians_happy_healthy^consistent^invalid,0.81077882,2.86364565,0.5,0.00014633701367139737,-1.58672145,-13.884556499999999,-1.30359647,-2.1702139999999996,64.17962105,13.0,3.1747808749999997,3.1747808749999997,1.0,1.7959304817817918,12.0,165.98963685,8.0,7.54508725,22.443929461999996,8.0,22.678905569012304,40.484153084258494,8.0
True,nonsense,44.365525,nonsense_namp_clun_hamp,Human,True,True,False,False,True,nonsense_namp_clun_hamp^nonsense^valid,0.9425242300000001,3.358482,1.0,0.0003165257175643026,-0.40491292,-12.173005,0.85545918,1.6851460000000005,64.75460708,13.0,3.1863210000000004,3.1863210000000004,0.8333333333333334,4.21729973485108,13.0,157.94193297,11.0,19.350393829999994,9.154314000000001,13.0,38.86468147006588,23.948878960202205,13.0
False,consistent,25.598809,vehicles_mobile_buildings,Human,False,True,True,True,False,vehicles_mobile_buildings^consistent^invalid,0.82807165,3.10497555,0.5,0.00014688091992820756,-1.4844856,-13.7572515,-1.1739701949999999,-2.164491,64.318786655,13.0,2.8903951050000005,2.8903951050000005,1.0,2.0207245787134083,12.0,163.02613715,8.0,8.4129259,20.242011470999998,8.0,22.346142670880425,38.23088806238775,8.0
True,consistent,33.465524,guns_weapons_dangerous,Human,False,False,True,True,False,guns_weapons_dangerous^consistent^invalid,0.8124103650000001,3.52681745,0.5,0.00016155519136725022,-1.6824146,-13.37473275,-1.419377345,-2.088389750000001,65.246341985,13.0,3.092880115,3.092880115,1.0,1.851250707083089,12.0,162.11726545,8.0,7.87713325,22.8607597425,8.0,22.78206423757442,41.226552475374106,8.0
True,nonsense,38.56471,nonsense_snid_ust_bem,Human,True,True,False,False,True,nonsense_snid_ust_bem^nonsense^valid,0.89630637,3.0153843,1.0,0.0003303327877795963,-0.32724493499999996,-12.2195655,1.147779465,2.0203819999999997,63.501960845000006,13.0,2.896642000000001,2.896642000000001,0.8333333333333334,4.220851869703862,13.0,156.36384721000002,11.0,21.952703539999995,8.2747913,13.0,41.45703203176717,23.994582749846323,13.0
False,violate,45.46339,whales_mammals_big,Human,True,False,True,False,False,whales_mammals_big^violate^valid,0.7474198,3.2072060000000002,1.0,0.0005187622834681658,-0.239489745,-11.35242225,1.500897405,2.21582375,64.02274792,13.0,2.4462839999999995,2.312349,0.7222222222222222,4.531845308096813,13.0,147.51430727000002,11.0,23.851436380000003,7.336777499999998,13.0,40.74987924038075,21.598060850012132,13.0
True,nonsense,46.531118,nonsense_phrite_ing_pand,Human,True,True,False,False,True,nonsense_phrite_ing_pand^nonsense^valid,0.8776451350000001,3.47802355,1.0,0.0003892392724020494,-0.33281863,-11.7538845,1.10335637,1.8144739999999997,65.140000715,13.0,2.9024744999999994,2.9024744999999994,0.8333333333333334,4.270808168509651,13.0,152.99196145250002,11.0,20.3915064475,8.69206875,13.0,39.305111147970294,23.704698253611653,13.0
True,consistent,15.230926,plants_trees_tall,Human,True,True,True,True,False,plants_trees_tall^consistent^valid,0.74118826,3.7181170000000003,1.0,0.0004957067813326357,-0.23834281499999999,-11.236201000000001,1.502290735,2.312640749999999,65.82046371499999,13.0,2.4406880000000006,2.1136550000000005,0.7222222222222222,4.526727155483213,13.0,148.080483274,11.0,24.291787826,7.567091500000001,13.0,39.49419257354283,21.60202615591185,13.0
True,nonsense,36.76561,nonsense_phrite_ing_pand,Human,True,True,False,False,True,nonsense_phrite_ing_pand^nonsense^valid,0.8776451350000001,3.47802355,1.0,0.0003892392724020494,-0.33281863,-11.7538845,1.10335637,1.8144739999999997,65.140000715,13.0,2.9024744999999994,2.9024744999999994,0.8333333333333334,4.270808168509651,13.0,152.99196145250002,11.0,20.3915064475,8.69206875,13.0,39.305111147970294,23.704698253611653,13.0
True,nonsense,32.16399,nonsense_gand_yusp_druff,Human,True,True,False,False,True,nonsense_gand_yusp_druff^nonsense^valid,0.864271215,3.07536915,1.0,0.00039791753325318,-0.348274,-11.919319250000001,1.02705385,1.8378887499999994,62.798993644999996,13.0,3.1980425000000006,3.1980425000000006,0.8333333333333334,4.246453155906541,13.0,154.48363911999996,11.0,20.532733880000002,8.8276864,13.0,39.04096965177814,22.880525850604236,13.0
False,consistent,16.566368,computers_electronics_expensive,Human,False,True,True,True,False,computers_electronics_expensive^consistent^invalid,0.827916625,3.2527096,0.5,0.0001478306515694154,-1.70716705,-13.6426695,-1.444705925,-2.5822434999999997,64.53852477000001,13.0,3.35160743,3.35160743,1.0,1.7980412785201751,12.0,165.46628235000003,8.0,7.699252500000001,24.539169950999998,8.0,22.11677450580917,40.692714354500296,8.0
True,consistent,56.465434,vehicles_mobile_buildings,Human,False,False,True,True,False,vehicles_mobile_buildings^consistent^invalid,0.82807165,3.10497555,0.5,0.00014688091992820756,-1.4844856,-13.7572515,-1.1739701949999999,-2.164491,64.318786655,13.0,2.8903951050000005,2.8903951050000005,1.0,2.0207245787134083,12.0,163.02613715,8.0,8.4129259,20.242011470999998,8.0,22.346142670880425,38.23088806238775,8.0
True,nonsense,279.430562,nonsense_yob_broft_jank,Human,False,False,False,False,True,nonsense_yob_broft_jank^nonsense^invalid,0.9620538999999999,3.2736031,0.5,0.00013587029009839166,-1.2834265500000002,-13.851881500000001,-0.881311445,-1.6424247500000009,64.92044071999999,13.0,2.9337082150000002,2.9337082150000002,1.0,1.8915260255428428,12.0,167.41083955,8.0,8.73226675,19.453382553,8.0,23.276027578051917,37.878491031169474,8.0
True,nonsense,67.365506,nonsense_sclack_chask_pron,Human,True,True,False,False,True,nonsense_sclack_chask_pron^nonsense^valid,0.8760077500000001,3.19302525,1.0,0.0003237578974288026,-0.327950645,-12.234436500000001,1.1274842550000002,1.8480102499999997,64.35325353,13.0,2.8875195,2.8875195,0.7777777777777778,4.286734894573403,13.0,156.1993985345,11.0,21.571893615499995,7.868363349999999,13.0,39.81457221128332,22.977012135674755,13.0
True,violate,52.830925,vehicles_mobile_buildings,Human,False,False,True,False,False,vehicles_mobile_buildings^violate^invalid,0.796380615,3.4365609,0.5,0.00014751019756706514,-1.56110105,-13.61116625,-1.276182175,-2.0661727500000007,65.20478771500001,13.0,2.9812755000000006,2.9812755000000006,1.0,2.0182174514232227,12.0,163.76190105,8.0,8.029251200000001,20.849118045,8.0,21.886379179892852,38.69211878263657,8.0
True,violate,52.132274,computers_electronics_expensive,Human,False,False,True,False,False,computers_electronics_expensive^violate^invalid,0.810087475,3.31665395,0.5,0.00015943531510909025,-1.6252526,-13.487348,-1.35076813,-2.371691,64.154017735,13.0,3.014700035,3.014700035,1.0,1.8518790945496235,12.0,162.01872735,8.0,7.681027500000002,22.788343261999998,8.0,22.434826467936805,40.071035681739176,8.0
False,violate,10.665899,whales_mammals_big,Human,False,True,True,False,False,whales_mammals_big^violate^invalid,0.7786314750000001,3.2630722,0.5,0.00015824187381215305,-1.70431305,-13.46902125,-1.45250511,-2.18151125,63.941754695,13.0,3.1958313349999994,3.1958313349999994,1.0,1.8514338107282522,12.0,163.38329629999998,8.0,7.490909500000002,22.949328717999997,8.0,21.857484059197056,40.3649179619716,8.0
False,nonsense,36.397178,nonsense_sneb_jing_omp,Human,True,False,False,False,True,nonsense_sneb_jing_omp^nonsense^valid,0.87637675,2.9196453499999997,1.0,0.0003549313610474889,-0.378000965,-12.2291775,0.918018335,1.8000554999999991,62.32289851,13.0,3.1921244999999994,3.1921244999999994,0.8333333333333334,4.243235111391919,13.0,156.55068115299997,11.0,20.553673847,8.745690800000002,13.0,38.25296620955978,23.06310768422737,13.0
False,violate,19.029979,gems_diamonds_transparent,Human,False,True,True,False,False,gems_diamonds_transparent^violate^invalid,0.80006635,3.4921516500000003,0.5,0.0001498924813805521,-1.5872069,-13.480996999999999,-1.3072939,-2.2550725,64.74042812500001,13.0,2.97899922,2.97899922,1.0,1.851528100172782,12.0,162.84346994999999,8.0,8.16023375,22.413309426999998,8.0,22.65525646655066,40.0872884258531,8.0
True,consistent,26.631387,plants_trees_tall,Human,True,True,True,True,False,plants_trees_tall^consistent^valid,0.74118826,3.7181170000000003,1.0,0.0004957067813326357,-0.23834281499999999,-11.236201000000001,1.502290735,2.312640749999999,65.82046371499999,13.0,2.4406880000000006,2.1136550000000005,0.7222222222222222,4.526727155483213,13.0,148.080483274,11.0,24.291787826,7.567091500000001,13.0,39.49419257354283,21.60202615591185,13.0
True,nonsense,19.731102,nonsense_phrist_biss_skemp,Human,True,True,False,False,True,nonsense_phrist_biss_skemp^nonsense^valid,0.87534025,3.4221852999999998,1.0,0.0003532534064746321,-0.33027441,-11.9904435,1.11622049,1.8328980000000001,64.660954655,13.0,2.9429380000000007,2.9429380000000007,0.8333333333333334,4.27113314324713,13.0,154.6944507,11.0,21.71719995,7.9257566,13.0,40.55514436990422,22.715357219251043,13.0
True,nonsense,22.598351,nonsense_gand_yusp_druff,Human,True,True,False,False,True,nonsense_gand_yusp_druff^nonsense^valid,0.864271215,3.07536915,1.0,0.00039791753325318,-0.348274,-11.919319250000001,1.02705385,1.8378887499999994,62.798993644999996,13.0,3.1980425000000006,3.1980425000000006,0.8333333333333334,4.246453155906541,13.0,154.48363911999996,11.0,20.532733880000002,8.8276864,13.0,39.04096965177814,22.880525850604236,13.0
True,consistent,40.56426,plants_trees_tall,Human,True,True,True,True,False,plants_trees_tall^consistent^valid,0.74118826,3.7181170000000003,1.0,0.0004957067813326357,-0.23834281499999999,-11.236201000000001,1.502290735,2.312640749999999,65.82046371499999,13.0,2.4406880000000006,2.1136550000000005,0.7222222222222222,4.526727155483213,13.0,148.080483274,11.0,24.291787826,7.567091500000001,13.0,39.49419257354283,21.60202615591185,13.0
True,violate,41.597669,food_vegetables_healthy,Human,True,True,True,False,False,food_vegetables_healthy^violate^valid,0.75775912,3.3562648,1.0,0.0005377323044018613,-0.238601935,-11.2282355,1.519996665,2.310215499999999,65.00056803500001,13.0,2.382694,2.1047494999999996,0.7222222222222222,4.530185999346359,13.0,146.082557565,11.0,23.565857535,7.447397499999999,13.0,40.36793884787534,22.174123722577942,13.0
True,violate,21.097906,dragons_mythical_exist,Human,True,True,True,False,False,dragons_mythical_exist^violate^valid,0.75148356,2.8738599999999996,1.0,0.0005189435956516459,-0.26330629,-11.520957,1.3558540099999998,2.0962345000000004,63.32477595,13.0,2.811694,2.811694,0.7777777777777778,4.4430572518545866,13.0,150.356716115,11.0,21.197658335,8.195210249999999,13.0,39.904746323537225,22.381037669416266,13.0
False,nonsense,24.765224,nonsense_phrite_ing_pand,Human,True,False,False,False,True,nonsense_phrite_ing_pand^nonsense^valid,0.8776451350000001,3.47802355,1.0,0.0003892392724020494,-0.33281863,-11.7538845,1.10335637,1.8144739999999997,65.140000715,13.0,2.9024744999999994,2.9024744999999994,0.8333333333333334,4.270808168509651,13.0,152.99196145250002,11.0,20.3915064475,8.69206875,13.0,39.305111147970294,23.704698253611653,13.0
True,consistent,23.897757,plants_trees_tall,Human,True,True,True,True,False,plants_trees_tall^consistent^valid,0.74118826,3.7181170000000003,1.0,0.0004957067813326357,-0.23834281499999999,-11.236201000000001,1.502290735,2.312640749999999,65.82046371499999,13.0,2.4406880000000006,2.1136550000000005,0.7222222222222222,4.526727155483213,13.0,148.080483274,11.0,24.291787826,7.567091500000001,13.0,39.49419257354283,21.60202615591185,13.0
True,violate,32.698956,flowers_animals_reptiles,Human,False,False,True,False,False,flowers_animals_reptiles^violate^invalid,0.78983112,3.4566548,0.5,0.00015675988408831546,-1.4911014,-13.439756,-1.1895694900000002,-2.1522049999999995,64.77486127,13.0,2.9109193099999997,2.9109193099999997,1.0,2.061807445037059,12.0,161.2473255,8.0,7.121911899999999,21.092282462500002,8.0,22.00951853136907,37.41110084930707,8.0
True,violate,20.997323,computers_electronics_expensive,Human,False,False,True,False,False,computers_electronics_expensive^violate^invalid,0.810087475,3.31665395,0.5,0.00015943531510909025,-1.6252526,-13.487348,-1.35076813,-2.371691,64.154017735,13.0,3.014700035,3.014700035,1.0,1.8518790945496235,12.0,162.01872735,8.0,7.681027500000002,22.788343261999998,8.0,22.434826467936805,40.071035681739176,8.0
True,violate,24.6969,famous_wealthy_old,Human,False,False,True,False,False,famous_wealthy_old^violate^invalid,0.87312005,2.6614516999999998,0.5,0.00016828834318306917,-1.4501602999999998,-13.717581,-1.1198949749999998,-1.9147385000000003,63.313324365,13.0,3.0011390700000002,3.0011390700000002,1.0,1.8920460024804528,12.0,162.84543685,8.0,8.30900025,19.605365027000005,8.0,22.924968185072427,40.092007031595884,8.0
True,consistent,48.764564,dragons_mythical_exist,Human,False,False,True,True,False,dragons_mythical_exist^consistent^invalid,0.8439043150000001,2.9684752,0.5,0.00015748787793340695,-1.4308790999999998,-13.560780000000001,-1.1025934099999999,-1.9984345000000001,65.02149115,13.0,2.6834890499999995,2.6834890499999995,1.0,2.105324124709144,12.0,161.41969404999998,8.0,8.81267335,17.8095341215,8.0,23.154700330327426,36.973125524637055,8.0
True,violate,11.128931,whales_mammals_big,Human,False,False,True,False,False,whales_mammals_big^violate^invalid,0.7786314750000001,3.2630722,0.5,0.00015824187381215305,-1.70431305,-13.46902125,-1.45250511,-2.18151125,63.941754695,13.0,3.1958313349999994,3.1958313349999994,1.0,1.8514338107282522,12.0,163.38329629999998,8.0,7.490909500000002,22.949328717999997,8.0,21.857484059197056,40.3649179619716,8.0
True,violate,51.665357,computers_electronics_expensive,Human,False,False,True,False,False,computers_electronics_expensive^violate^invalid,0.810087475,3.31665395,0.5,0.00015943531510909025,-1.6252526,-13.487348,-1.35076813,-2.371691,64.154017735,13.0,3.014700035,3.014700035,1.0,1.8518790945496235,12.0,162.01872735,8.0,7.681027500000002,22.788343261999998,8.0,22.434826467936805,40.071035681739176,8.0
False,violate,95.699055,computers_electronics_expensive,Human,True,False,True,False,False,computers_electronics_expensive^violate^valid,0.79920667,3.33830025,1.0,0.0006120097741781315,-0.25700347,-11.110559,1.44521998,2.4137257499999993,64.37129449,13.0,2.43376725,2.1651685,0.7222222222222222,4.444678280930261,13.0,147.234048478,11.0,23.751550372,7.696478250000001,13.0,40.90439012077201,22.294409900997366,13.0
True,violate,43.164017,flowers_animals_reptiles,Human,False,False,True,False,False,flowers_animals_reptiles^violate^invalid,0.78983112,3.4566548,0.5,0.00015675988408831546,-1.4911014,-13.439756,-1.1895694900000002,-2.1522049999999995,64.77486127,13.0,2.9109193099999997,2.9109193099999997,1.0,2.061807445037059,12.0,161.2473255,8.0,7.121911899999999,21.092282462500002,8.0,22.00951853136907,37.41110084930707,8.0
False,consistent,44.564212,librarians_happy_healthy,Human,False,True,True,True,False,librarians_happy_healthy^consistent^invalid,0.81077882,2.86364565,0.5,0.00014633701367139737,-1.58672145,-13.884556499999999,-1.30359647,-2.1702139999999996,64.17962105,13.0,3.1747808749999997,3.1747808749999997,1.0,1.7959304817817918,12.0,165.98963685,8.0,7.54508725,22.443929461999996,8.0,22.678905569012304,40.484153084258494,8.0
True,nonsense,53.963326,nonsense_wib_mact_boct,Human,False,False,False,False,True,nonsense_wib_mact_boct^nonsense^invalid,0.88412388,3.530372,0.5,0.00013247941834787204,-1.3985113500000002,-13.850477,-1.0530148000000001,-1.8226565,64.800115625,13.0,3.1028118499999993,3.1028118499999993,1.0,2.097824246707875,12.0,169.0984972,8.0,8.0221131,21.553394924000003,8.0,23.030346643851914,39.62693199719561,8.0
True,consistent,20.032074,guns_weapons_dangerous,Human,False,False,True,True,False,guns_weapons_dangerous^consistent^invalid,0.8124103650000001,3.52681745,0.5,0.00016155519136725022,-1.6824146,-13.37473275,-1.419377345,-2.088389750000001,65.246341985,13.0,3.092880115,3.092880115,1.0,1.851250707083089,12.0,162.11726545,8.0,7.87713325,22.8607597425,8.0,22.78206423757442,41.226552475374106,8.0
False,consistent,58.798806,vehicles_mobile_buildings,Human,False,True,True,True,False,vehicles_mobile_buildings^consistent^invalid,0.82807165,3.10497555,0.5,0.00014688091992820756,-1.4844856,-13.7572515,-1.1739701949999999,-2.164491,64.318786655,13.0,2.8903951050000005,2.8903951050000005,1.0,2.0207245787134083,12.0,163.02613715,8.0,8.4129259,20.242011470999998,8.0,22.346142670880425,38.23088806238775,8.0
False,consistent,24.625673,politicians_dishonest_lie,Human,False,True,True,True,False,politicians_dishonest_lie^consistent^invalid,0.8282832200000001,2.41572515,0.5,0.00017147413329596852,-1.6312616,-13.7355145,-1.35396198,-2.0674230000000007,64.29544712500001,13.0,3.3701599700000004,3.3701599700000004,1.0,1.7801620809174568,13.5,165.6062234,8.0,7.93723475,22.5717142975,8.0,21.735643631445093,40.921978792226106,8.0
True,nonsense,45.198928,nonsense_gick_criff_riff,Human,False,False,False,False,True,nonsense_gick_criff_riff^nonsense^invalid,0.8612199,3.39642235,0.5,0.0001332815010463566,-1.4914692,-13.8843395,-1.1763248099999999,-1.839945000000001,64.23723944,13.0,2.8424378999999997,2.8424378999999997,1.0,2.183215925526847,12.0,168.68162,8.0,8.0984081,21.566258694999995,8.0,22.128120142400363,40.12134325330565,8.0
False,consistent,23.465127,famous_wealthy_old,Human,False,True,True,True,False,famous_wealthy_old^consistent^invalid,0.869590775,2.54102595,0.5,0.00015957231208683058,-1.49868735,-13.8257695,-1.18172262,-1.9555865000000008,64.16783469,13.0,3.0795116900000004,3.0795116900000004,1.0,1.7986031839253742,12.0,164.34106605000002,8.0,8.1696595,20.057577651500004,8.0,22.23609328761472,39.46174968919007,8.0
True,violate,44.66561,dragons_mythical_exist,Human,True,True,True,False,False,dragons_mythical_exist^violate^valid,0.75148356,2.8738599999999996,1.0,0.0005189435956516459,-0.26330629,-11.520957,1.3558540099999998,2.0962345000000004,63.32477595,13.0,2.811694,2.811694,0.7777777777777778,4.4430572518545866,13.0,150.356716115,11.0,21.197658335,8.195210249999999,13.0,39.904746323537225,22.381037669416266,13.0
True,violate,44.964447,plants_trees_tall,Human,True,True,True,False,False,plants_trees_tall^violate^valid,0.717500975,3.70768095,1.0,0.00046048168249660784,-0.21909362,-11.383641,1.61033538,2.1576474999999995,65.30035196,13.0,2.4152125,2.2526029999999997,0.7222222222222222,4.529433268546775,13.0,147.506923767,11.0,24.989632233000002,7.416682999999999,13.0,40.59510008805473,21.21236129941633,13.0
False,consistent,11.265139,plants_trees_tall,Human,False,True,True,True,False,plants_trees_tall^consistent^invalid,0.730118475,3.7122442500000004,0.5,0.00013679078016672123,-1.8400121999999999,-13.5924275,-1.619521165,-2.27426025,65.977934065,13.0,3.325046315,3.325046315,1.0,1.8492293367578583,12.0,165.50406805,8.0,7.5980795,24.9447712535,8.0,21.048222600063486,39.84554360065279,8.0
True,violate,12.728522,plants_trees_tall,Human,False,False,True,False,False,plants_trees_tall^violate^invalid,0.793895095,3.51040315,0.5,0.00014996657004577623,-1.5793748,-13.490645,-1.299109455,-2.270526500000001,65.45802229499999,13.0,3.171338925,3.171338925,1.0,1.8511591116003463,12.0,162.3544972,8.0,7.527773,22.5921845265,8.0,22.149570838901894,38.92637442665298,8.0
True,violate,24.794705,food_vegetables_healthy,Human,False,False,True,False,False,food_vegetables_healthy^violate^invalid,0.78112465,3.2349620000000003,0.5,0.00014774839048213578,-1.6968642,-13.5915095,-1.4428825500000002,-2.3488035,64.74213544,13.0,3.0974066799999997,3.0974066799999997,1.0,1.850973294237705,12.0,161.61133675000002,8.0,7.666856499999998,22.8085641475,8.0,22.947647193521895,40.004632493790545,8.0
False,nonsense,25.761448,nonsense_phrite_ing_pand,Human,True,False,False,False,True,nonsense_phrite_ing_pand^nonsense^valid,0.8776451350000001,3.47802355,1.0,0.0003892392724020494,-0.33281863,-11.7538845,1.10335637,1.8144739999999997,65.140000715,13.0,2.9024744999999994,2.9024744999999994,0.8333333333333334,4.270808168509651,13.0,152.99196145250002,11.0,20.3915064475,8.69206875,13.0,39.305111147970294,23.704698253611653,13.0
False,violate,36.165275,gems_diamonds_transparent,Human,True,False,True,False,False,gems_diamonds_transparent^violate^valid,0.76021125,3.5893800999999996,1.0,0.00048815408004441356,-0.2503325,-11.2991575,1.4433470000000002,2.1570367500000005,64.81318300500001,13.0,2.4854147500000003,2.4854147500000003,0.7222222222222222,4.529485454724581,13.0,147.57797794700002,11.0,23.721060653000002,8.06224375,13.0,40.608537525421085,22.147881092719754,13.0
True,nonsense,28.357887,nonsense_shiff_yot_plusk,Human,True,True,False,False,True,nonsense_shiff_yot_plusk^nonsense^valid,0.85954905,3.3951676,1.0,0.00030728071375896084,-0.349083845,-12.270569,1.0218831050000001,1.6701089999999992,63.39859931499999,13.0,3.2967174999999997,3.2967174999999997,0.8333333333333334,4.2866594849637885,13.0,157.85406354599996,11.0,20.601034104,9.09310645,13.0,40.16672640586064,23.439003582831603,13.0
False,violate,19.661305,food_vegetables_healthy,Human,True,False,True,False,False,food_vegetables_healthy^violate^valid,0.75775912,3.3562648,1.0,0.0005377323044018613,-0.238601935,-11.2282355,1.519996665,2.310215499999999,65.00056803500001,13.0,2.382694,2.1047494999999996,0.7222222222222222,4.530185999346359,13.0,146.082557565,11.0,23.565857535,7.447397499999999,13.0,40.36793884787534,22.174123722577942,13.0
True,consistent,20.428825,plants_trees_tall,Human,True,True,True,True,False,plants_trees_tall^consistent^valid,0.74118826,3.7181170000000003,1.0,0.0004957067813326357,-0.23834281499999999,-11.236201000000001,1.502290735,2.312640749999999,65.82046371499999,13.0,2.4406880000000006,2.1136550000000005,0.7222222222222222,4.526727155483213,13.0,148.080483274,11.0,24.291787826,7.567091500000001,13.0,39.49419257354283,21.60202615591185,13.0
True,violate,19.327943,politicians_dishonest_lie,Human,True,True,True,False,False,politicians_dishonest_lie^violate^valid,0.85692418,2.5728094500000003,1.0,0.0005229136727992001,-0.304098085,-11.7277335,1.2323226649999999,1.9506049999999995,63.630831195,13.0,2.6572120000000004,2.6572120000000004,0.7222222222222222,4.356190776423571,13.0,150.35712137399997,11.0,21.547333025999997,7.783636500000001,13.0,40.94241499827892,21.960442003393133,13.0
True,violate,40.861234,gems_diamonds_transparent,Human,True,True,True,False,False,gems_diamonds_transparent^violate^valid,0.76021125,3.5893800999999996,1.0,0.00048815408004441356,-0.2503325,-11.2991575,1.4433470000000002,2.1570367500000005,64.81318300500001,13.0,2.4854147500000003,2.4854147500000003,0.7222222222222222,4.529485454724581,13.0,147.57797794700002,11.0,23.721060653000002,8.06224375,13.0,40.608537525421085,22.147881092719754,13.0
True,nonsense,26.611689,nonsense_yob_broft_jank,Human,False,False,False,False,True,nonsense_yob_broft_jank^nonsense^invalid,0.9620538999999999,3.2736031,0.5,0.00013587029009839166,-1.2834265500000002,-13.851881500000001,-0.881311445,-1.6424247500000009,64.92044071999999,13.0,2.9337082150000002,2.9337082150000002,1.0,1.8915260255428428,12.0,167.41083955,8.0,8.73226675,19.453382553,8.0,23.276027578051917,37.878491031169474,8.0
True,nonsense,19.131601,nonsense_fleff_drap_ved,Human,False,False,False,False,True,nonsense_fleff_drap_ved^nonsense^invalid,0.8759138,3.1138594,0.5,0.00013458369876571117,-1.4099640999999998,-13.9619065,-1.069373145,-1.9967899999999998,63.891125015,13.0,2.7940208550000003,2.7940208550000003,1.0,2.1831661771123385,12.0,166.4123376,8.0,7.75694765,21.004694477999998,8.0,22.55367198278043,39.078348840882946,8.0
True,nonsense,36.216724,nonsense_shiff_yot_plusk,Human,True,True,False,False,True,nonsense_shiff_yot_plusk^nonsense^valid,0.85954905,3.3951676,1.0,0.00030728071375896084,-0.349083845,-12.270569,1.0218831050000001,1.6701089999999992,63.39859931499999,13.0,3.2967174999999997,3.2967174999999997,0.8333333333333334,4.2866594849637885,13.0,157.85406354599996,11.0,20.601034104,9.09310645,13.0,40.16672640586064,23.439003582831603,13.0
True,nonsense,78.330687,nonsense_yob_broft_jank,Human,False,False,False,False,True,nonsense_yob_broft_jank^nonsense^invalid,0.9620538999999999,3.2736031,0.5,0.00013587029009839166,-1.2834265500000002,-13.851881500000001,-0.881311445,-1.6424247500000009,64.92044071999999,13.0,2.9337082150000002,2.9337082150000002,1.0,1.8915260255428428,12.0,167.41083955,8.0,8.73226675,19.453382553,8.0,23.276027578051917,37.878491031169474,8.0
False,consistent,26.630369,whales_mammals_big,Human,False,True,True,True,False,whales_mammals_big^consistent^invalid,0.699449835,3.3058079,0.5,0.0001557738197613336,-1.8807474,-13.477344500000001,-1.67248246,-2.2588885000000003,64.515060915,13.0,3.41005329,3.41005329,1.0,1.848445973888388,12.0,165.6973624,8.0,7.493234,24.976344836,8.0,21.143442193212145,41.10031032032572,8.0
True,nonsense,41.949668,nonsense_splack_zoct_spuff,Human,True,True,False,False,True,nonsense_splack_zoct_spuff^nonsense^valid,0.870954885,3.18874735,1.0,0.0003830836820292444,-0.36865894499999996,-11.9506415,0.9503498050000001,1.9141050000000002,63.147574954999996,13.0,2.9905575000000004,2.9905575000000004,0.8333333333333334,4.244065288620938,13.0,155.84780505549998,11.0,20.5147498945,8.3646012,13.0,37.59671562810097,22.54432676206011,13.0
True,consistent,57.180214,politicians_dishonest_lie,Human,True,True,True,True,False,politicians_dishonest_lie^consistent^valid,0.828406695,2.4133433,1.0,0.0005875726571122693,-0.290245015,-11.5877655,1.2799110850000002,2.1282489999999994,64.270376835,13.0,2.564828000000001,2.564828000000001,0.7222222222222222,4.3578564468325025,13.0,150.69450604499997,11.0,22.023117855,7.810317500000001,13.0,40.575119426214044,22.10061312816027,13.0
True,consistent,18.749829,famous_wealthy_old,Human,True,True,True,True,False,famous_wealthy_old^consistent^valid,0.846912205,2.5031982,1.0,0.0004996552466172478,-0.31150541,-11.814615,1.18588639,2.0049155,63.99374635,13.0,2.634410000000001,2.634410000000001,0.7222222222222222,4.270966980637006,13.0,151.897600068,11.0,20.442675282000003,7.925144250000001,13.0,39.76283450495063,22.26409818257627,13.0
True,nonsense,41.665306,nonsense_paft_usp_cesk,Human,True,True,False,False,True,nonsense_paft_usp_cesk^nonsense^valid,0.90446385,3.0925508500000003,1.0,0.00036385357600297646,-0.36020477,-12.0545185,1.0078305800000003,1.8748474999999996,63.70888371,13.0,2.9272709999999993,2.9272709999999993,0.8333333333333334,4.22117993167058,13.0,155.55404756,11.0,21.895442390000003,7.775151399999999,13.0,39.79514013282285,22.991801159252574,13.0
False,nonsense,36.064586,nonsense_fleff_drap_ved,Human,False,True,False,False,True,nonsense_fleff_drap_ved^nonsense^invalid,0.8759138,3.1138594,0.5,0.00013458369876571117,-1.4099640999999998,-13.9619065,-1.069373145,-1.9967899999999998,63.891125015,13.0,2.7940208550000003,2.7940208550000003,1.0,2.1831661771123385,12.0,166.4123376,8.0,7.75694765,21.004694477999998,8.0,22.55367198278043,39.078348840882946,8.0
False,consistent,20.818091,whales_mammals_big,Human,False,True,True,True,False,whales_mammals_big^consistent^invalid,0.699449835,3.3058079,0.5,0.0001557738197613336,-1.8807474,-13.477344500000001,-1.67248246,-2.2588885000000003,64.515060915,13.0,3.41005329,3.41005329,1.0,1.848445973888388,12.0,165.6973624,8.0,7.493234,24.976344836,8.0,21.143442193212145,41.10031032032572,8.0
True,nonsense,30.428253,nonsense_frupt_liff_blop,Human,False,False,False,False,True,nonsense_frupt_liff_blop^nonsense^invalid,0.9060705499999999,3.2967328,0.5,0.00014389631823696246,-1.3126894,-13.731757,-0.935422815,-1.6657665000000001,64.72146101499999,13.0,2.90905392,2.90905392,1.0,1.9315905883954785,12.0,167.62689285,10.0,8.80342105,19.9440060325,8.0,23.62313831708812,39.117335315860785,8.0
False,nonsense,62.537797,nonsense_wib_mact_boct,Human,False,True,False,False,True,nonsense_wib_mact_boct^nonsense^invalid,0.88412388,3.530372,0.5,0.00013247941834787204,-1.3985113500000002,-13.850477,-1.0530148000000001,-1.8226565,64.800115625,13.0,3.1028118499999993,3.1028118499999993,1.0,2.097824246707875,12.0,169.0984972,8.0,8.0221131,21.553394924000003,8.0,23.030346643851914,39.62693199719561,8.0
False,violate,26.413831,politicians_dishonest_lie,Human,False,True,True,False,False,politicians_dishonest_lie^violate^invalid,0.8750795499999999,2.5210889,0.5,0.0001829888906490199,-1.46981625,-13.5796675,-1.1436481450000002,-1.950609,63.81626162999999,13.0,3.112940015,3.112940015,1.0,1.8923877514653262,12.0,161.98160775,8.0,8.09216305,20.3535397665,8.0,22.276146322838443,39.74654224289786,8.0
True,nonsense,28.232097,nonsense_sneb_jing_omp,Human,True,True,False,False,True,nonsense_sneb_jing_omp^nonsense^valid,0.87637675,2.9196453499999997,1.0,0.0003549313610474889,-0.378000965,-12.2291775,0.918018335,1.8000554999999991,62.32289851,13.0,3.1921244999999994,3.1921244999999994,0.8333333333333334,4.243235111391919,13.0,156.55068115299997,11.0,20.553673847,8.745690800000002,13.0,38.25296620955978,23.06310768422737,13.0
False,consistent,37.342038,politicians_dishonest_lie,Human,False,True,True,True,False,politicians_dishonest_lie^consistent^invalid,0.8282832200000001,2.41572515,0.5,0.00017147413329596852,-1.6312616,-13.7355145,-1.35396198,-2.0674230000000007,64.29544712500001,13.0,3.3701599700000004,3.3701599700000004,1.0,1.7801620809174568,13.5,165.6062234,8.0,7.93723475,22.5717142975,8.0,21.735643631445093,40.921978792226106,8.0
False,consistent,24.409613,politicians_dishonest_lie,Human,False,True,True,True,False,politicians_dishonest_lie^consistent^invalid,0.8282832200000001,2.41572515,0.5,0.00017147413329596852,-1.6312616,-13.7355145,-1.35396198,-2.0674230000000007,64.29544712500001,13.0,3.3701599700000004,3.3701599700000004,1.0,1.7801620809174568,13.5,165.6062234,8.0,7.93723475,22.5717142975,8.0,21.735643631445093,40.921978792226106,8.0
False,consistent,32.640732,vehicles_mobile_buildings,Human,False,True,True,True,False,vehicles_mobile_buildings^consistent^invalid,0.82807165,3.10497555,0.5,0.00014688091992820756,-1.4844856,-13.7572515,-1.1739701949999999,-2.164491,64.318786655,13.0,2.8903951050000005,2.8903951050000005,1.0,2.0207245787134083,12.0,163.02613715,8.0,8.4129259,20.242011470999998,8.0,22.346142670880425,38.23088806238775,8.0
True,consistent,17.495588,whales_mammals_big,Human,True,True,True,True,False,whales_mammals_big^consistent^valid,0.7600514199999999,3.2517326,1.0,0.0005659421817598978,-0.244833055,-11.2161765,1.4792661950000001,2.2964579999999994,64.402853575,13.0,2.48740425,2.2691805,0.7222222222222222,4.526662934854758,13.0,148.5456935495,11.0,23.279946400500002,7.609150999999999,13.0,40.13314079630912,22.142916272990515,13.0
True,nonsense,47.698632,nonsense_fleff_drap_ved,Human,False,False,False,False,True,nonsense_fleff_drap_ved^nonsense^invalid,0.8759138,3.1138594,0.5,0.00013458369876571117,-1.4099640999999998,-13.9619065,-1.069373145,-1.9967899999999998,63.891125015,13.0,2.7940208550000003,2.7940208550000003,1.0,2.1831661771123385,12.0,166.4123376,8.0,7.75694765,21.004694477999998,8.0,22.55367198278043,39.078348840882946,8.0
False,nonsense,43.199921,nonsense_sclace_dact_yink,Human,True,False,False,False,True,nonsense_sclace_dact_yink^nonsense^valid,0.8292588000000001,3.38698765,1.0,0.00032939366503072876,-0.284816085,-12.1505455,1.3155842150000001,1.9092854999999993,64.37754075500001,13.0,2.8964644999999996,2.8964644999999996,0.7777777777777778,4.397219390962283,13.0,154.807185485,11.0,22.625491564999997,7.634923699999999,13.0,39.96590722489417,22.404252027135517,13.0
False,consistent,27.763692,politicians_dishonest_lie,Human,False,True,True,True,False,politicians_dishonest_lie^consistent^invalid,0.8282832200000001,2.41572515,0.5,0.00017147413329596852,-1.6312616,-13.7355145,-1.35396198,-2.0674230000000007,64.29544712500001,13.0,3.3701599700000004,3.3701599700000004,1.0,1.7801620809174568,13.5,165.6062234,8.0,7.93723475,22.5717142975,8.0,21.735643631445093,40.921978792226106,8.0
False,nonsense,19.197089,nonsense_yob_broft_jank,Human,False,True,False,False,True,nonsense_yob_broft_jank^nonsense^invalid,0.9620538999999999,3.2736031,0.5,0.00013587029009839166,-1.2834265500000002,-13.851881500000001,-0.881311445,-1.6424247500000009,64.92044071999999,13.0,2.9337082150000002,2.9337082150000002,1.0,1.8915260255428428,12.0,167.41083955,8.0,8.73226675,19.453382553,8.0,23.276027578051917,37.878491031169474,8.0
True,consistent,14.70065,guns_weapons_dangerous,Human,True,True,True,True,False,guns_weapons_dangerous^consistent^valid,0.77679162,3.5663824,1.0,0.000505075756261664,-0.24005200999999998,-11.321275,1.52967739,2.01926,65.19270562,13.0,2.408373,2.3540174999999994,0.7222222222222222,4.528580771028099,13.0,146.97860588999998,11.0,23.71855486,7.937384999999999,13.0,42.14477001469356,22.44426420098961,13.0
False,consistent,38.528236,politicians_dishonest_lie,Human,False,True,True,True,False,politicians_dishonest_lie^consistent^invalid,0.8282832200000001,2.41572515,0.5,0.00017147413329596852,-1.6312616,-13.7355145,-1.35396198,-2.0674230000000007,64.29544712500001,13.0,3.3701599700000004,3.3701599700000004,1.0,1.7801620809174568,13.5,165.6062234,8.0,7.93723475,22.5717142975,8.0,21.735643631445093,40.921978792226106,8.0
False,consistent,34.643669,politicians_dishonest_lie,Human,False,True,True,True,False,politicians_dishonest_lie^consistent^invalid,0.8282832200000001,2.41572515,0.5,0.00017147413329596852,-1.6312616,-13.7355145,-1.35396198,-2.0674230000000007,64.29544712500001,13.0,3.3701599700000004,3.3701599700000004,1.0,1.7801620809174568,13.5,165.6062234,8.0,7.93723475,22.5717142975,8.0,21.735643631445093,40.921978792226106,8.0
False,nonsense,51.031788,nonsense_gick_criff_riff,Human,False,True,False,False,True,nonsense_gick_criff_riff^nonsense^invalid,0.8612199,3.39642235,0.5,0.0001332815010463566,-1.4914692,-13.8843395,-1.1763248099999999,-1.839945000000001,64.23723944,13.0,2.8424378999999997,2.8424378999999997,1.0,2.183215925526847,12.0,168.68162,8.0,8.0984081,21.566258694999995,8.0,22.128120142400363,40.12134325330565,8.0
False,violate,10.663227,plants_trees_tall,Human,True,False,True,False,False,plants_trees_tall^violate^valid,0.717500975,3.70768095,1.0,0.00046048168249660784,-0.21909362,-11.383641,1.61033538,2.1576474999999995,65.30035196,13.0,2.4152125,2.2526029999999997,0.7222222222222222,4.529433268546775,13.0,147.506923767,11.0,24.989632233000002,7.416682999999999,13.0,40.59510008805473,21.21236129941633,13.0
True,violate,23.931767,dragons_mythical_exist,Human,True,True,True,False,False,dragons_mythical_exist^violate^valid,0.75148356,2.8738599999999996,1.0,0.0005189435956516459,-0.26330629,-11.520957,1.3558540099999998,2.0962345000000004,63.32477595,13.0,2.811694,2.811694,0.7777777777777778,4.4430572518545866,13.0,150.356716115,11.0,21.197658335,8.195210249999999,13.0,39.904746323537225,22.381037669416266,13.0
False,nonsense,26.331689,nonsense_sclace_dact_yink,Human,True,False,False,False,True,nonsense_sclace_dact_yink^nonsense^valid,0.8292588000000001,3.38698765,1.0,0.00032939366503072876,-0.284816085,-12.1505455,1.3155842150000001,1.9092854999999993,64.37754075500001,13.0,2.8964644999999996,2.8964644999999996,0.7777777777777778,4.397219390962283,13.0,154.807185485,11.0,22.625491564999997,7.634923699999999,13.0,39.96590722489417,22.404252027135517,13.0
False,consistent,27.964406,famous_wealthy_old,Human,False,True,True,True,False,famous_wealthy_old^consistent^invalid,0.869590775,2.54102595,0.5,0.00015957231208683058,-1.49868735,-13.8257695,-1.18172262,-1.9555865000000008,64.16783469,13.0,3.0795116900000004,3.0795116900000004,1.0,1.7986031839253742,12.0,164.34106605000002,8.0,8.1696595,20.057577651500004,8.0,22.23609328761472,39.46174968919007,8.0
False,consistent,13.03149,politicians_dishonest_lie,Human,False,True,True,True,False,politicians_dishonest_lie^consistent^invalid,0.8282832200000001,2.41572515,0.5,0.00017147413329596852,-1.6312616,-13.7355145,-1.35396198,-2.0674230000000007,64.29544712500001,13.0,3.3701599700000004,3.3701599700000004,1.0,1.7801620809174568,13.5,165.6062234,8.0,7.93723475,22.5717142975,8.0,21.735643631445093,40.921978792226106,8.0
False,violate,24.762492,food_vegetables_healthy,Human,False,True,True,False,False,food_vegetables_healthy^violate^invalid,0.78112465,3.2349620000000003,0.5,0.00014774839048213578,-1.6968642,-13.5915095,-1.4428825500000002,-2.3488035,64.74213544,13.0,3.0974066799999997,3.0974066799999997,1.0,1.850973294237705,12.0,161.61133675000002,8.0,7.666856499999998,22.8085641475,8.0,22.947647193521895,40.004632493790545,8.0
True,nonsense,19.630491,nonsense_splack_zoct_spuff,Human,True,True,False,False,True,nonsense_splack_zoct_spuff^nonsense^valid,0.870954885,3.18874735,1.0,0.0003830836820292444,-0.36865894499999996,-11.9506415,0.9503498050000001,1.9141050000000002,63.147574954999996,13.0,2.9905575000000004,2.9905575000000004,0.8333333333333334,4.244065288620938,13.0,155.84780505549998,11.0,20.5147498945,8.3646012,13.0,37.59671562810097,22.54432676206011,13.0
False,nonsense,26.129149,nonsense_phrite_ing_pand,Human,True,False,False,False,True,nonsense_phrite_ing_pand^nonsense^valid,0.8776451350000001,3.47802355,1.0,0.0003892392724020494,-0.33281863,-11.7538845,1.10335637,1.8144739999999997,65.140000715,13.0,2.9024744999999994,2.9024744999999994,0.8333333333333334,4.270808168509651,13.0,152.99196145250002,11.0,20.3915064475,8.69206875,13.0,39.305111147970294,23.704698253611653,13.0
False,violate,24.931481,politicians_dishonest_lie,Human,False,True,True,False,False,politicians_dishonest_lie^violate^invalid,0.8750795499999999,2.5210889,0.5,0.0001829888906490199,-1.46981625,-13.5796675,-1.1436481450000002,-1.950609,63.81626162999999,13.0,3.112940015,3.112940015,1.0,1.8923877514653262,12.0,161.98160775,8.0,8.09216305,20.3535397665,8.0,22.276146322838443,39.74654224289786,8.0
True,nonsense,16.93155,nonsense_fleff_drap_ved,Human,False,False,False,False,True,nonsense_fleff_drap_ved^nonsense^invalid,0.8759138,3.1138594,0.5,0.00013458369876571117,-1.4099640999999998,-13.9619065,-1.069373145,-1.9967899999999998,63.891125015,13.0,2.7940208550000003,2.7940208550000003,1.0,2.1831661771123385,12.0,166.4123376,8.0,7.75694765,21.004694477999998,8.0,22.55367198278043,39.078348840882946,8.0
True,consistent,22.164836,politicians_dishonest_lie,Human,True,True,True,True,False,politicians_dishonest_lie^consistent^valid,0.828406695,2.4133433,1.0,0.0005875726571122693,-0.290245015,-11.5877655,1.2799110850000002,2.1282489999999994,64.270376835,13.0,2.564828000000001,2.564828000000001,0.7222222222222222,4.3578564468325025,13.0,150.69450604499997,11.0,22.023117855,7.810317500000001,13.0,40.575119426214044,22.10061312816027,13.0
True,nonsense,46.330322,nonsense_sland_spluff_gusp,Human,True,True,False,False,True,nonsense_sland_spluff_gusp^nonsense^valid,0.872637,3.3090408,1.0,0.0003598174698210298,-0.31491312,-11.999437499999999,1.1875199799999998,1.918761,64.24297702999999,13.0,2.9182584999999994,2.9182584999999994,0.8333333333333334,4.246622205868289,13.0,155.2853097325,11.0,22.3717830175,8.248085249999999,13.0,41.29246470950169,22.990290458151264,13.0
True,consistent,19.229543,politicians_dishonest_lie,Human,False,False,True,True,False,politicians_dishonest_lie^consistent^invalid,0.8282832200000001,2.41572515,0.5,0.00017147413329596852,-1.6312616,-13.7355145,-1.35396198,-2.0674230000000007,64.29544712500001,13.0,3.3701599700000004,3.3701599700000004,1.0,1.7801620809174568,13.5,165.6062234,8.0,7.93723475,22.5717142975,8.0,21.735643631445093,40.921978792226106,8.0
True,nonsense,83.704001,nonsense_shiff_yot_plusk,Human,True,True,False,False,True,nonsense_shiff_yot_plusk^nonsense^valid,0.85954905,3.3951676,1.0,0.00030728071375896084,-0.349083845,-12.270569,1.0218831050000001,1.6701089999999992,63.39859931499999,13.0,3.2967174999999997,3.2967174999999997,0.8333333333333334,4.2866594849637885,13.0,157.85406354599996,11.0,20.601034104,9.09310645,13.0,40.16672640586064,23.439003582831603,13.0
False,consistent,37.43065,politicians_dishonest_lie,Human,False,True,True,True,False,politicians_dishonest_lie^consistent^invalid,0.8282832200000001,2.41572515,0.5,0.00017147413329596852,-1.6312616,-13.7355145,-1.35396198,-2.0674230000000007,64.29544712500001,13.0,3.3701599700000004,3.3701599700000004,1.0,1.7801620809174568,13.5,165.6062234,8.0,7.93723475,22.5717142975,8.0,21.735643631445093,40.921978792226106,8.0
True,violate,60.196211,politicians_dishonest_lie,Human,True,True,True,False,False,politicians_dishonest_lie^violate^valid,0.85692418,2.5728094500000003,1.0,0.0005229136727992001,-0.304098085,-11.7277335,1.2323226649999999,1.9506049999999995,63.630831195,13.0,2.6572120000000004,2.6572120000000004,0.7222222222222222,4.356190776423571,13.0,150.35712137399997,11.0,21.547333025999997,7.783636500000001,13.0,40.94241499827892,21.960442003393133,13.0
True,consistent,20.629792,guns_weapons_dangerous,Human,True,True,True,True,False,guns_weapons_dangerous^consistent^valid,0.77679162,3.5663824,1.0,0.000505075756261664,-0.24005200999999998,-11.321275,1.52967739,2.01926,65.19270562,13.0,2.408373,2.3540174999999994,0.7222222222222222,4.528580771028099,13.0,146.97860588999998,11.0,23.71855486,7.937384999999999,13.0,42.14477001469356,22.44426420098961,13.0
True,nonsense,25.465628,nonsense_paft_usp_cesk,Human,True,True,False,False,True,nonsense_paft_usp_cesk^nonsense^valid,0.90446385,3.0925508500000003,1.0,0.00036385357600297646,-0.36020477,-12.0545185,1.0078305800000003,1.8748474999999996,63.70888371,13.0,2.9272709999999993,2.9272709999999993,0.8333333333333334,4.22117993167058,13.0,155.55404756,11.0,21.895442390000003,7.775151399999999,13.0,39.79514013282285,22.991801159252574,13.0
True,nonsense,140.098684,nonsense_fleff_drap_ved,Human,False,False,False,False,True,nonsense_fleff_drap_ved^nonsense^invalid,0.8759138,3.1138594,0.5,0.00013458369876571117,-1.4099640999999998,-13.9619065,-1.069373145,-1.9967899999999998,63.891125015,13.0,2.7940208550000003,2.7940208550000003,1.0,2.1831661771123385,12.0,166.4123376,8.0,7.75694765,21.004694477999998,8.0,22.55367198278043,39.078348840882946,8.0
False,consistent,17.998356,plants_trees_tall,Human,False,True,True,True,False,plants_trees_tall^consistent^invalid,0.730118475,3.7122442500000004,0.5,0.00013679078016672123,-1.8400121999999999,-13.5924275,-1.619521165,-2.27426025,65.977934065,13.0,3.325046315,3.325046315,1.0,1.8492293367578583,12.0,165.50406805,8.0,7.5980795,24.9447712535,8.0,21.048222600063486,39.84554360065279,8.0
True,violate,27.895713,gems_diamonds_transparent,Human,True,True,True,False,False,gems_diamonds_transparent^violate^valid,0.76021125,3.5893800999999996,1.0,0.00048815408004441356,-0.2503325,-11.2991575,1.4433470000000002,2.1570367500000005,64.81318300500001,13.0,2.4854147500000003,2.4854147500000003,0.7222222222222222,4.529485454724581,13.0,147.57797794700002,11.0,23.721060653000002,8.06224375,13.0,40.608537525421085,22.147881092719754,13.0
True,consistent,101.59616,vehicles_mobile_buildings,Human,False,False,True,True,False,vehicles_mobile_buildings^consistent^invalid,0.82807165,3.10497555,0.5,0.00014688091992820756,-1.4844856,-13.7572515,-1.1739701949999999,-2.164491,64.318786655,13.0,2.8903951050000005,2.8903951050000005,1.0,2.0207245787134083,12.0,163.02613715,8.0,8.4129259,20.242011470999998,8.0,22.346142670880425,38.23088806238775,8.0
True,nonsense,14.461982,nonsense_wib_mact_boct,Human,False,False,False,False,True,nonsense_wib_mact_boct^nonsense^invalid,0.88412388,3.530372,0.5,0.00013247941834787204,-1.3985113500000002,-13.850477,-1.0530148000000001,-1.8226565,64.800115625,13.0,3.1028118499999993,3.1028118499999993,1.0,2.097824246707875,12.0,169.0984972,8.0,8.0221131,21.553394924000003,8.0,23.030346643851914,39.62693199719561,8.0
True,consistent,132.69725,whales_mammals_big,Human,False,False,True,True,False,whales_mammals_big^consistent^invalid,0.699449835,3.3058079,0.5,0.0001557738197613336,-1.8807474,-13.477344500000001,-1.67248246,-2.2588885000000003,64.515060915,13.0,3.41005329,3.41005329,1.0,1.848445973888388,12.0,165.6973624,8.0,7.493234,24.976344836,8.0,21.143442193212145,41.10031032032572,8.0
True,nonsense,29.763603,nonsense_fleff_drap_ved,Human,False,False,False,False,True,nonsense_fleff_drap_ved^nonsense^invalid,0.8759138,3.1138594,0.5,0.00013458369876571117,-1.4099640999999998,-13.9619065,-1.069373145,-1.9967899999999998,63.891125015,13.0,2.7940208550000003,2.7940208550000003,1.0,2.1831661771123385,12.0,166.4123376,8.0,7.75694765,21.004694477999998,8.0,22.55367198278043,39.078348840882946,8.0
True,consistent,15.862148,plants_trees_tall,Human,True,True,True,True,False,plants_trees_tall^consistent^valid,0.74118826,3.7181170000000003,1.0,0.0004957067813326357,-0.23834281499999999,-11.236201000000001,1.502290735,2.312640749999999,65.82046371499999,13.0,2.4406880000000006,2.1136550000000005,0.7222222222222222,4.526727155483213,13.0,148.080483274,11.0,24.291787826,7.567091500000001,13.0,39.49419257354283,21.60202615591185,13.0
True,nonsense,19.365075,nonsense_sneb_jing_omp,Human,True,True,False,False,True,nonsense_sneb_jing_omp^nonsense^valid,0.87637675,2.9196453499999997,1.0,0.0003549313610474889,-0.378000965,-12.2291775,0.918018335,1.8000554999999991,62.32289851,13.0,3.1921244999999994,3.1921244999999994,0.8333333333333334,4.243235111391919,13.0,156.55068115299997,11.0,20.553673847,8.745690800000002,13.0,38.25296620955978,23.06310768422737,13.0
True,violate,11.694285,gems_diamonds_transparent,Human,True,True,True,False,False,gems_diamonds_transparent^violate^valid,0.76021125,3.5893800999999996,1.0,0.00048815408004441356,-0.2503325,-11.2991575,1.4433470000000002,2.1570367500000005,64.81318300500001,13.0,2.4854147500000003,2.4854147500000003,0.7222222222222222,4.529485454724581,13.0,147.57797794700002,11.0,23.721060653000002,8.06224375,13.0,40.608537525421085,22.147881092719754,13.0
False,consistent,17.831497,politicians_dishonest_lie,Human,False,True,True,True,False,politicians_dishonest_lie^consistent^invalid,0.8282832200000001,2.41572515,0.5,0.00017147413329596852,-1.6312616,-13.7355145,-1.35396198,-2.0674230000000007,64.29544712500001,13.0,3.3701599700000004,3.3701599700000004,1.0,1.7801620809174568,13.5,165.6062234,8.0,7.93723475,22.5717142975,8.0,21.735643631445093,40.921978792226106,8.0
True,violate,42.529376,plants_trees_tall,Human,False,False,True,False,False,plants_trees_tall^violate^invalid,0.793895095,3.51040315,0.5,0.00014996657004577623,-1.5793748,-13.490645,-1.299109455,-2.270526500000001,65.45802229499999,13.0,3.171338925,3.171338925,1.0,1.8511591116003463,12.0,162.3544972,8.0,7.527773,22.5921845265,8.0,22.149570838901894,38.92637442665298,8.0
True,nonsense,35.86514,nonsense_shiff_yot_plusk,Human,True,True,False,False,True,nonsense_shiff_yot_plusk^nonsense^valid,0.85954905,3.3951676,1.0,0.00030728071375896084,-0.349083845,-12.270569,1.0218831050000001,1.6701089999999992,63.39859931499999,13.0,3.2967174999999997,3.2967174999999997,0.8333333333333334,4.2866594849637885,13.0,157.85406354599996,11.0,20.601034104,9.09310645,13.0,40.16672640586064,23.439003582831603,13.0
True,nonsense,19.296233,nonsense_frupt_liff_blop,Human,False,False,False,False,True,nonsense_frupt_liff_blop^nonsense^invalid,0.9060705499999999,3.2967328,0.5,0.00014389631823696246,-1.3126894,-13.731757,-0.935422815,-1.6657665000000001,64.72146101499999,13.0,2.90905392,2.90905392,1.0,1.9315905883954785,12.0,167.62689285,10.0,8.80342105,19.9440060325,8.0,23.62313831708812,39.117335315860785,8.0
False,consistent,15.23923,whales_mammals_big,Human,False,True,True,True,False,whales_mammals_big^consistent^invalid,0.699449835,3.3058079,0.5,0.0001557738197613336,-1.8807474,-13.477344500000001,-1.67248246,-2.2588885000000003,64.515060915,13.0,3.41005329,3.41005329,1.0,1.848445973888388,12.0,165.6973624,8.0,7.493234,24.976344836,8.0,21.143442193212145,41.10031032032572,8.0
True,consistent,46.863033,famous_wealthy_old,Human,True,True,True,True,False,famous_wealthy_old^consistent^valid,0.846912205,2.5031982,1.0,0.0004996552466172478,-0.31150541,-11.814615,1.18588639,2.0049155,63.99374635,13.0,2.634410000000001,2.634410000000001,0.7222222222222222,4.270966980637006,13.0,151.897600068,11.0,20.442675282000003,7.925144250000001,13.0,39.76283450495063,22.26409818257627,13.0
False,nonsense,19.731131,nonsense_yob_broft_jank,Human,False,True,False,False,True,nonsense_yob_broft_jank^nonsense^invalid,0.9620538999999999,3.2736031,0.5,0.00013587029009839166,-1.2834265500000002,-13.851881500000001,-0.881311445,-1.6424247500000009,64.92044071999999,13.0,2.9337082150000002,2.9337082150000002,1.0,1.8915260255428428,12.0,167.41083955,8.0,8.73226675,19.453382553,8.0,23.276027578051917,37.878491031169474,8.0
False,violate,18.128994,food_vegetables_healthy,Human,True,False,True,False,False,food_vegetables_healthy^violate^valid,0.75775912,3.3562648,1.0,0.0005377323044018613,-0.238601935,-11.2282355,1.519996665,2.310215499999999,65.00056803500001,13.0,2.382694,2.1047494999999996,0.7222222222222222,4.530185999346359,13.0,146.082557565,11.0,23.565857535,7.447397499999999,13.0,40.36793884787534,22.174123722577942,13.0
False,violate,25.364847,food_vegetables_healthy,Human,False,True,True,False,False,food_vegetables_healthy^violate^invalid,0.78112465,3.2349620000000003,0.5,0.00014774839048213578,-1.6968642,-13.5915095,-1.4428825500000002,-2.3488035,64.74213544,13.0,3.0974066799999997,3.0974066799999997,1.0,1.850973294237705,12.0,161.61133675000002,8.0,7.666856499999998,22.8085641475,8.0,22.947647193521895,40.004632493790545,8.0
False,consistent,24.964613,whales_mammals_big,Human,True,False,True,True,False,whales_mammals_big^consistent^valid,0.7600514199999999,3.2517326,1.0,0.0005659421817598978,-0.244833055,-11.2161765,1.4792661950000001,2.2964579999999994,64.402853575,13.0,2.48740425,2.2691805,0.7222222222222222,4.526662934854758,13.0,148.5456935495,11.0,23.279946400500002,7.609150999999999,13.0,40.13314079630912,22.142916272990515,13.0
False,nonsense,69.26492,nonsense_gick_criff_riff,Human,False,True,False,False,True,nonsense_gick_criff_riff^nonsense^invalid,0.8612199,3.39642235,0.5,0.0001332815010463566,-1.4914692,-13.8843395,-1.1763248099999999,-1.839945000000001,64.23723944,13.0,2.8424378999999997,2.8424378999999997,1.0,2.183215925526847,12.0,168.68162,8.0,8.0984081,21.566258694999995,8.0,22.128120142400363,40.12134325330565,8.0
False,consistent,19.697227,politicians_dishonest_lie,Human,False,True,True,True,False,politicians_dishonest_lie^consistent^invalid,0.8282832200000001,2.41572515,0.5,0.00017147413329596852,-1.6312616,-13.7355145,-1.35396198,-2.0674230000000007,64.29544712500001,13.0,3.3701599700000004,3.3701599700000004,1.0,1.7801620809174568,13.5,165.6062234,8.0,7.93723475,22.5717142975,8.0,21.735643631445093,40.921978792226106,8.0
False,violate,41.330975,dragons_mythical_exist,Human,True,False,True,False,False,dragons_mythical_exist^violate^valid,0.75148356,2.8738599999999996,1.0,0.0005189435956516459,-0.26330629,-11.520957,1.3558540099999998,2.0962345000000004,63.32477595,13.0,2.811694,2.811694,0.7777777777777778,4.4430572518545866,13.0,150.356716115,11.0,21.197658335,8.195210249999999,13.0,39.904746323537225,22.381037669416266,13.0
False,consistent,12.86479,famous_wealthy_old,Human,False,True,True,True,False,famous_wealthy_old^consistent^invalid,0.869590775,2.54102595,0.5,0.00015957231208683058,-1.49868735,-13.8257695,-1.18172262,-1.9555865000000008,64.16783469,13.0,3.0795116900000004,3.0795116900000004,1.0,1.7986031839253742,12.0,164.34106605000002,8.0,8.1696595,20.057577651500004,8.0,22.23609328761472,39.46174968919007,8.0
True,violate,28.864329,food_vegetables_healthy,Human,True,True,True,False,False,food_vegetables_healthy^violate^valid,0.75775912,3.3562648,1.0,0.0005377323044018613,-0.238601935,-11.2282355,1.519996665,2.310215499999999,65.00056803500001,13.0,2.382694,2.1047494999999996,0.7222222222222222,4.530185999346359,13.0,146.082557565,11.0,23.565857535,7.447397499999999,13.0,40.36793884787534,22.174123722577942,13.0
False,consistent,15.995367,politicians_dishonest_lie,Human,False,True,True,True,False,politicians_dishonest_lie^consistent^invalid,0.8282832200000001,2.41572515,0.5,0.00017147413329596852,-1.6312616,-13.7355145,-1.35396198,-2.0674230000000007,64.29544712500001,13.0,3.3701599700000004,3.3701599700000004,1.0,1.7801620809174568,13.5,165.6062234,8.0,7.93723475,22.5717142975,8.0,21.735643631445093,40.921978792226106,8.0
False,consistent,26.565608,politicians_dishonest_lie,Human,False,True,True,True,False,politicians_dishonest_lie^consistent^invalid,0.8282832200000001,2.41572515,0.5,0.00017147413329596852,-1.6312616,-13.7355145,-1.35396198,-2.0674230000000007,64.29544712500001,13.0,3.3701599700000004,3.3701599700000004,1.0,1.7801620809174568,13.5,165.6062234,8.0,7.93723475,22.5717142975,8.0,21.735643631445093,40.921978792226106,8.0
True,violate,14.394915,plants_trees_tall,Human,True,True,True,False,False,plants_trees_tall^violate^valid,0.717500975,3.70768095,1.0,0.00046048168249660784,-0.21909362,-11.383641,1.61033538,2.1576474999999995,65.30035196,13.0,2.4152125,2.2526029999999997,0.7222222222222222,4.529433268546775,13.0,147.506923767,11.0,24.989632233000002,7.416682999999999,13.0,40.59510008805473,21.21236129941633,13.0
True,nonsense,35.997968,nonsense_sclace_dact_yink,Human,True,True,False,False,True,nonsense_sclace_dact_yink^nonsense^valid,0.8292588000000001,3.38698765,1.0,0.00032939366503072876,-0.284816085,-12.1505455,1.3155842150000001,1.9092854999999993,64.37754075500001,13.0,2.8964644999999996,2.8964644999999996,0.7777777777777778,4.397219390962283,13.0,154.807185485,11.0,22.625491564999997,7.634923699999999,13.0,39.96590722489417,22.404252027135517,13.0
True,violate,25.130146,plants_trees_tall,Human,False,False,True,False,False,plants_trees_tall^violate^invalid,0.793895095,3.51040315,0.5,0.00014996657004577623,-1.5793748,-13.490645,-1.299109455,-2.270526500000001,65.45802229499999,13.0,3.171338925,3.171338925,1.0,1.8511591116003463,12.0,162.3544972,8.0,7.527773,22.5921845265,8.0,22.149570838901894,38.92637442665298,8.0
True,nonsense,81.696124,nonsense_splack_zoct_spuff,Human,True,True,False,False,True,nonsense_splack_zoct_spuff^nonsense^valid,0.870954885,3.18874735,1.0,0.0003830836820292444,-0.36865894499999996,-11.9506415,0.9503498050000001,1.9141050000000002,63.147574954999996,13.0,2.9905575000000004,2.9905575000000004,0.8333333333333334,4.244065288620938,13.0,155.84780505549998,11.0,20.5147498945,8.3646012,13.0,37.59671562810097,22.54432676206011,13.0
False,consistent,14.629793,vehicles_mobile_buildings,Human,False,True,True,True,False,vehicles_mobile_buildings^consistent^invalid,0.82807165,3.10497555,0.5,0.00014688091992820756,-1.4844856,-13.7572515,-1.1739701949999999,-2.164491,64.318786655,13.0,2.8903951050000005,2.8903951050000005,1.0,2.0207245787134083,12.0,163.02613715,8.0,8.4129259,20.242011470999998,8.0,22.346142670880425,38.23088806238775,8.0
True,consistent,25.495706,politicians_dishonest_lie,Human,True,True,True,True,False,politicians_dishonest_lie^consistent^valid,0.828406695,2.4133433,1.0,0.0005875726571122693,-0.290245015,-11.5877655,1.2799110850000002,2.1282489999999994,64.270376835,13.0,2.564828000000001,2.564828000000001,0.7222222222222222,4.3578564468325025,13.0,150.69450604499997,11.0,22.023117855,7.810317500000001,13.0,40.575119426214044,22.10061312816027,13.0
True,nonsense,38.028319,nonsense_shiff_yot_plusk,Human,True,True,False,False,True,nonsense_shiff_yot_plusk^nonsense^valid,0.85954905,3.3951676,1.0,0.00030728071375896084,-0.349083845,-12.270569,1.0218831050000001,1.6701089999999992,63.39859931499999,13.0,3.2967174999999997,3.2967174999999997,0.8333333333333334,4.2866594849637885,13.0,157.85406354599996,11.0,20.601034104,9.09310645,13.0,40.16672640586064,23.439003582831603,13.0
True,nonsense,20.528833,nonsense_phrite_ing_pand,Human,True,True,False,False,True,nonsense_phrite_ing_pand^nonsense^valid,0.8776451350000001,3.47802355,1.0,0.0003892392724020494,-0.33281863,-11.7538845,1.10335637,1.8144739999999997,65.140000715,13.0,2.9024744999999994,2.9024744999999994,0.8333333333333334,4.270808168509651,13.0,152.99196145250002,11.0,20.3915064475,8.69206875,13.0,39.305111147970294,23.704698253611653,13.0
False,violate,26.728664,politicians_dishonest_lie,Human,True,False,True,False,False,politicians_dishonest_lie^violate^valid,0.85692418,2.5728094500000003,1.0,0.0005229136727992001,-0.304098085,-11.7277335,1.2323226649999999,1.9506049999999995,63.630831195,13.0,2.6572120000000004,2.6572120000000004,0.7222222222222222,4.356190776423571,13.0,150.35712137399997,11.0,21.547333025999997,7.783636500000001,13.0,40.94241499827892,21.960442003393133,13.0
False,nonsense,40.961848,nonsense_yob_broft_jank,Human,False,True,False,False,True,nonsense_yob_broft_jank^nonsense^invalid,0.9620538999999999,3.2736031,0.5,0.00013587029009839166,-1.2834265500000002,-13.851881500000001,-0.881311445,-1.6424247500000009,64.92044071999999,13.0,2.9337082150000002,2.9337082150000002,1.0,1.8915260255428428,12.0,167.41083955,8.0,8.73226675,19.453382553,8.0,23.276027578051917,37.878491031169474,8.0
True,nonsense,47.33157,nonsense_fleff_drap_ved,Human,False,False,False,False,True,nonsense_fleff_drap_ved^nonsense^invalid,0.8759138,3.1138594,0.5,0.00013458369876571117,-1.4099640999999998,-13.9619065,-1.069373145,-1.9967899999999998,63.891125015,13.0,2.7940208550000003,2.7940208550000003,1.0,2.1831661771123385,12.0,166.4123376,8.0,7.75694765,21.004694477999998,8.0,22.55367198278043,39.078348840882946,8.0
False,consistent,19.531515,plants_trees_tall,Human,False,True,True,True,False,plants_trees_tall^consistent^invalid,0.730118475,3.7122442500000004,0.5,0.00013679078016672123,-1.8400121999999999,-13.5924275,-1.619521165,-2.27426025,65.977934065,13.0,3.325046315,3.325046315,1.0,1.8492293367578583,12.0,165.50406805,8.0,7.5980795,24.9447712535,8.0,21.048222600063486,39.84554360065279,8.0
True,violate,34.098378,gems_diamonds_transparent,Human,True,True,True,False,False,gems_diamonds_transparent^violate^valid,0.76021125,3.5893800999999996,1.0,0.00048815408004441356,-0.2503325,-11.2991575,1.4433470000000002,2.1570367500000005,64.81318300500001,13.0,2.4854147500000003,2.4854147500000003,0.7222222222222222,4.529485454724581,13.0,147.57797794700002,11.0,23.721060653000002,8.06224375,13.0,40.608537525421085,22.147881092719754,13.0
False,violate,17.296049,politicians_dishonest_lie,Human,False,True,True,False,False,politicians_dishonest_lie^violate^invalid,0.8750795499999999,2.5210889,0.5,0.0001829888906490199,-1.46981625,-13.5796675,-1.1436481450000002,-1.950609,63.81626162999999,13.0,3.112940015,3.112940015,1.0,1.8923877514653262,12.0,161.98160775,8.0,8.09216305,20.3535397665,8.0,22.276146322838443,39.74654224289786,8.0
True,nonsense,29.930501,nonsense_frupt_liff_blop,Human,False,False,False,False,True,nonsense_frupt_liff_blop^nonsense^invalid,0.9060705499999999,3.2967328,0.5,0.00014389631823696246,-1.3126894,-13.731757,-0.935422815,-1.6657665000000001,64.72146101499999,13.0,2.90905392,2.90905392,1.0,1.9315905883954785,12.0,167.62689285,10.0,8.80342105,19.9440060325,8.0,23.62313831708812,39.117335315860785,8.0
True,nonsense,18.029031,nonsense_paft_usp_cesk,Human,True,True,False,False,True,nonsense_paft_usp_cesk^nonsense^valid,0.90446385,3.0925508500000003,1.0,0.00036385357600297646,-0.36020477,-12.0545185,1.0078305800000003,1.8748474999999996,63.70888371,13.0,2.9272709999999993,2.9272709999999993,0.8333333333333334,4.22117993167058,13.0,155.55404756,11.0,21.895442390000003,7.775151399999999,13.0,39.79514013282285,22.991801159252574,13.0
True,nonsense,24.59691,nonsense_fleff_drap_ved,Human,False,False,False,False,True,nonsense_fleff_drap_ved^nonsense^invalid,0.8759138,3.1138594,0.5,0.00013458369876571117,-1.4099640999999998,-13.9619065,-1.069373145,-1.9967899999999998,63.891125015,13.0,2.7940208550000003,2.7940208550000003,1.0,2.1831661771123385,12.0,166.4123376,8.0,7.75694765,21.004694477999998,8.0,22.55367198278043,39.078348840882946,8.0
True,nonsense,32.327907,nonsense_wib_mact_boct,Human,False,False,False,False,True,nonsense_wib_mact_boct^nonsense^invalid,0.88412388,3.530372,0.5,0.00013247941834787204,-1.3985113500000002,-13.850477,-1.0530148000000001,-1.8226565,64.800115625,13.0,3.1028118499999993,3.1028118499999993,1.0,2.097824246707875,12.0,169.0984972,8.0,8.0221131,21.553394924000003,8.0,23.030346643851914,39.62693199719561,8.0
True,consistent,21.865069,politicians_dishonest_lie,Human,False,False,True,True,False,politicians_dishonest_lie^consistent^invalid,0.8282832200000001,2.41572515,0.5,0.00017147413329596852,-1.6312616,-13.7355145,-1.35396198,-2.0674230000000007,64.29544712500001,13.0,3.3701599700000004,3.3701599700000004,1.0,1.7801620809174568,13.5,165.6062234,8.0,7.93723475,22.5717142975,8.0,21.735643631445093,40.921978792226106,8.0
True,violate,61.228718,gems_diamonds_transparent,Human,True,True,True,False,False,gems_diamonds_transparent^violate^valid,0.76021125,3.5893800999999996,1.0,0.00048815408004441356,-0.2503325,-11.2991575,1.4433470000000002,2.1570367500000005,64.81318300500001,13.0,2.4854147500000003,2.4854147500000003,0.7222222222222222,4.529485454724581,13.0,147.57797794700002,11.0,23.721060653000002,8.06224375,13.0,40.608537525421085,22.147881092719754,13.0
True,consistent,25.96077,guns_weapons_dangerous,Human,True,True,True,True,False,guns_weapons_dangerous^consistent^valid,0.77679162,3.5663824,1.0,0.000505075756261664,-0.24005200999999998,-11.321275,1.52967739,2.01926,65.19270562,13.0,2.408373,2.3540174999999994,0.7222222222222222,4.528580771028099,13.0,146.97860588999998,11.0,23.71855486,7.937384999999999,13.0,42.14477001469356,22.44426420098961,13.0
False,nonsense,18.497325,nonsense_yob_broft_jank,Human,False,True,False,False,True,nonsense_yob_broft_jank^nonsense^invalid,0.9620538999999999,3.2736031,0.5,0.00013587029009839166,-1.2834265500000002,-13.851881500000001,-0.881311445,-1.6424247500000009,64.92044071999999,13.0,2.9337082150000002,2.9337082150000002,1.0,1.8915260255428428,12.0,167.41083955,8.0,8.73226675,19.453382553,8.0,23.276027578051917,37.878491031169474,8.0
False,consistent,34.129288,whales_mammals_big,Human,False,True,True,True,False,whales_mammals_big^consistent^invalid,0.699449835,3.3058079,0.5,0.0001557738197613336,-1.8807474,-13.477344500000001,-1.67248246,-2.2588885000000003,64.515060915,13.0,3.41005329,3.41005329,1.0,1.848445973888388,12.0,165.6973624,8.0,7.493234,24.976344836,8.0,21.143442193212145,41.10031032032572,8.0
False,consistent,33.727853,politicians_dishonest_lie,Human,False,True,True,True,False,politicians_dishonest_lie^consistent^invalid,0.8282832200000001,2.41572515,0.5,0.00017147413329596852,-1.6312616,-13.7355145,-1.35396198,-2.0674230000000007,64.29544712500001,13.0,3.3701599700000004,3.3701599700000004,1.0,1.7801620809174568,13.5,165.6062234,8.0,7.93723475,22.5717142975,8.0,21.735643631445093,40.921978792226106,8.0
True,consistent,12.863504,plants_trees_tall,Human,True,True,True,True,False,plants_trees_tall^consistent^valid,0.74118826,3.7181170000000003,1.0,0.0004957067813326357,-0.23834281499999999,-11.236201000000001,1.502290735,2.312640749999999,65.82046371499999,13.0,2.4406880000000006,2.1136550000000005,0.7222222222222222,4.526727155483213,13.0,148.080483274,11.0,24.291787826,7.567091500000001,13.0,39.49419257354283,21.60202615591185,13.0
True,consistent,28.363526,famous_wealthy_old,Human,True,True,True,True,False,famous_wealthy_old^consistent^valid,0.846912205,2.5031982,1.0,0.0004996552466172478,-0.31150541,-11.814615,1.18588639,2.0049155,63.99374635,13.0,2.634410000000001,2.634410000000001,0.7222222222222222,4.270966980637006,13.0,151.897600068,11.0,20.442675282000003,7.925144250000001,13.0,39.76283450495063,22.26409818257627,13.0
True,nonsense,25.831861,nonsense_sneb_jing_omp,Human,True,True,False,False,True,nonsense_sneb_jing_omp^nonsense^valid,0.87637675,2.9196453499999997,1.0,0.0003549313610474889,-0.378000965,-12.2291775,0.918018335,1.8000554999999991,62.32289851,13.0,3.1921244999999994,3.1921244999999994,0.8333333333333334,4.243235111391919,13.0,156.55068115299997,11.0,20.553673847,8.745690800000002,13.0,38.25296620955978,23.06310768422737,13.0
True,nonsense,23.131898,nonsense_fleff_drap_ved,Human,False,False,False,False,True,nonsense_fleff_drap_ved^nonsense^invalid,0.8759138,3.1138594,0.5,0.00013458369876571117,-1.4099640999999998,-13.9619065,-1.069373145,-1.9967899999999998,63.891125015,13.0,2.7940208550000003,2.7940208550000003,1.0,2.1831661771123385,12.0,166.4123376,8.0,7.75694765,21.004694477999998,8.0,22.55367198278043,39.078348840882946,8.0
True,nonsense,30.397826,nonsense_shiff_yot_plusk,Human,True,True,False,False,True,nonsense_shiff_yot_plusk^nonsense^valid,0.85954905,3.3951676,1.0,0.00030728071375896084,-0.349083845,-12.270569,1.0218831050000001,1.6701089999999992,63.39859931499999,13.0,3.2967174999999997,3.2967174999999997,0.8333333333333334,4.2866594849637885,13.0,157.85406354599996,11.0,20.601034104,9.09310645,13.0,40.16672640586064,23.439003582831603,13.0
True,nonsense,18.496145,nonsense_sland_spluff_gusp,Human,True,True,False,False,True,nonsense_sland_spluff_gusp^nonsense^valid,0.872637,3.3090408,1.0,0.0003598174698210298,-0.31491312,-11.999437499999999,1.1875199799999998,1.918761,64.24297702999999,13.0,2.9182584999999994,2.9182584999999994,0.8333333333333334,4.246622205868289,13.0,155.2853097325,11.0,22.3717830175,8.248085249999999,13.0,41.29246470950169,22.990290458151264,13.0
False,consistent,19.831011,politicians_dishonest_lie,Human,False,True,True,True,False,politicians_dishonest_lie^consistent^invalid,0.8282832200000001,2.41572515,0.5,0.00017147413329596852,-1.6312616,-13.7355145,-1.35396198,-2.0674230000000007,64.29544712500001,13.0,3.3701599700000004,3.3701599700000004,1.0,1.7801620809174568,13.5,165.6062234,8.0,7.93723475,22.5717142975,8.0,21.735643631445093,40.921978792226106,8.0
True,violate,18.230402,dragons_mythical_exist,Human,True,True,True,False,False,dragons_mythical_exist^violate^valid,0.75148356,2.8738599999999996,1.0,0.0005189435956516459,-0.26330629,-11.520957,1.3558540099999998,2.0962345000000004,63.32477595,13.0,2.811694,2.811694,0.7777777777777778,4.4430572518545866,13.0,150.356716115,11.0,21.197658335,8.195210249999999,13.0,39.904746323537225,22.381037669416266,13.0
True,violate,40.968997,vehicles_mobile_buildings,Human,False,False,True,False,False,vehicles_mobile_buildings^violate^invalid,0.796380615,3.4365609,0.5,0.00014751019756706514,-1.56110105,-13.61116625,-1.276182175,-2.0661727500000007,65.20478771500001,13.0,2.9812755000000006,2.9812755000000006,1.0,2.0182174514232227,12.0,163.76190105,8.0,8.029251200000001,20.849118045,8.0,21.886379179892852,38.69211878263657,8.0
True,violate,24.765607,gems_diamonds_transparent,Human,False,False,True,False,False,gems_diamonds_transparent^violate^invalid,0.80006635,3.4921516500000003,0.5,0.0001498924813805521,-1.5872069,-13.480996999999999,-1.3072939,-2.2550725,64.74042812500001,13.0,2.97899922,2.97899922,1.0,1.851528100172782,12.0,162.84346994999999,8.0,8.16023375,22.413309426999998,8.0,22.65525646655066,40.0872884258531,8.0
True,violate,45.70566,dragons_mythical_exist,Human,False,False,True,False,False,dragons_mythical_exist^violate^invalid,0.7496491999999999,2.7785035000000002,0.5,0.00015468943720704716,-1.7071033500000001,-13.6957835,-1.461802445,-2.080981499999999,63.269095475,13.0,2.9363595899999995,2.9363595899999995,1.0,2.019378182385685,12.0,165.12476145,8.0,8.051998000000001,21.815614513499995,8.0,21.918670240760562,40.2427733064133,8.0
True,consistent,18.904787,guns_weapons_dangerous,Human,True,True,True,True,False,guns_weapons_dangerous^consistent^valid,0.77679162,3.5663824,1.0,0.000505075756261664,-0.24005200999999998,-11.321275,1.52967739,2.01926,65.19270562,13.0,2.408373,2.3540174999999994,0.7222222222222222,4.528580771028099,13.0,146.97860588999998,11.0,23.71855486,7.937384999999999,13.0,42.14477001469356,22.44426420098961,13.0
True,consistent,28.930115,famous_wealthy_old,Human,True,True,True,True,False,famous_wealthy_old^consistent^valid,0.846912205,2.5031982,1.0,0.0004996552466172478,-0.31150541,-11.814615,1.18588639,2.0049155,63.99374635,13.0,2.634410000000001,2.634410000000001,0.7222222222222222,4.270966980637006,13.0,151.897600068,11.0,20.442675282000003,7.925144250000001,13.0,39.76283450495063,22.26409818257627,13.0
True,nonsense,21.965998,nonsense_sland_spluff_gusp,Human,True,True,False,False,True,nonsense_sland_spluff_gusp^nonsense^valid,0.872637,3.3090408,1.0,0.0003598174698210298,-0.31491312,-11.999437499999999,1.1875199799999998,1.918761,64.24297702999999,13.0,2.9182584999999994,2.9182584999999994,0.8333333333333334,4.246622205868289,13.0,155.2853097325,11.0,22.3717830175,8.248085249999999,13.0,41.29246470950169,22.990290458151264,13.0
True,violate,21.231769,food_vegetables_healthy,Human,True,True,True,False,False,food_vegetables_healthy^violate^valid,0.75775912,3.3562648,1.0,0.0005377323044018613,-0.238601935,-11.2282355,1.519996665,2.310215499999999,65.00056803500001,13.0,2.382694,2.1047494999999996,0.7222222222222222,4.530185999346359,13.0,146.082557565,11.0,23.565857535,7.447397499999999,13.0,40.36793884787534,22.174123722577942,13.0
False,nonsense,26.198483,nonsense_nept_bript_jeft,Human,False,True,False,False,True,nonsense_nept_bript_jeft^nonsense^invalid,0.8772813500000001,3.0747101,0.5,0.0001299578541359125,-1.4329657500000001,-14.034797999999999,-1.0986861650000002,-1.9411234999999998,63.65789524,13.0,3.0451669999999997,3.0451669999999997,1.0,1.93149606970471,12.0,169.96481565,8.0,7.523720849999999,21.967738136,8.0,22.370068804577333,39.67799952122178,8.0
False,violate,38.063452,flowers_animals_reptiles,Human,False,True,True,False,False,flowers_animals_reptiles^violate^invalid,0.78983112,3.4566548,0.5,0.00015675988408831546,-1.4911014,-13.439756,-1.1895694900000002,-2.1522049999999995,64.77486127,13.0,2.9109193099999997,2.9109193099999997,1.0,2.061807445037059,12.0,161.2473255,8.0,7.121911899999999,21.092282462500002,8.0,22.00951853136907,37.41110084930707,8.0
True,consistent,50.328947,librarians_happy_healthy,Human,True,True,True,True,False,librarians_happy_healthy^consistent^valid,0.81471435,2.79135215,1.0,0.0004919143841524687,-0.28437661999999997,-11.720515500000001,1.30202863,2.2542614999999993,64.126964595,13.0,2.438344,2.3815022499999996,0.7222222222222222,4.3966854214538955,13.0,151.1338408655,11.0,22.584206684499996,7.506011749999998,13.0,40.42208294959718,22.97218112692118,13.0
True,nonsense,17.729354,nonsense_sclace_dact_yink,Human,True,True,False,False,True,nonsense_sclace_dact_yink^nonsense^valid,0.8292588000000001,3.38698765,1.0,0.00032939366503072876,-0.284816085,-12.1505455,1.3155842150000001,1.9092854999999993,64.37754075500001,13.0,2.8964644999999996,2.8964644999999996,0.7777777777777778,4.397219390962283,13.0,154.807185485,11.0,22.625491564999997,7.634923699999999,13.0,39.96590722489417,22.404252027135517,13.0
True,violate,36.392171,vehicles_mobile_buildings,Human,True,True,True,False,False,vehicles_mobile_buildings^violate^valid,0.83037915,3.26490065,1.0,0.0004804208874633685,-0.318618655,-11.5553585,1.135104195,2.1417075000000008,64.8953517,13.0,2.6886595,2.6886595,0.7222222222222222,4.524039423271558,13.0,151.264297378,11.0,19.685797322,8.39636175,13.0,37.318121155690875,22.09315208230263,13.0
False,violate,32.5963,gems_diamonds_transparent,Human,True,False,True,False,False,gems_diamonds_transparent^violate^valid,0.76021125,3.5893800999999996,1.0,0.00048815408004441356,-0.2503325,-11.2991575,1.4433470000000002,2.1570367500000005,64.81318300500001,13.0,2.4854147500000003,2.4854147500000003,0.7222222222222222,4.529485454724581,13.0,147.57797794700002,11.0,23.721060653000002,8.06224375,13.0,40.608537525421085,22.147881092719754,13.0
False,consistent,30.211128,dragons_mythical_exist,Human,False,True,True,True,False,dragons_mythical_exist^consistent^invalid,0.8439043150000001,2.9684752,0.5,0.00015748787793340695,-1.4308790999999998,-13.560780000000001,-1.1025934099999999,-1.9984345000000001,65.02149115,13.0,2.6834890499999995,2.6834890499999995,1.0,2.105324124709144,12.0,161.41969404999998,8.0,8.81267335,17.8095341215,8.0,23.154700330327426,36.973125524637055,8.0
True,consistent,19.426652,guns_weapons_dangerous,Human,True,True,True,True,False,guns_weapons_dangerous^consistent^valid,0.77679162,3.5663824,1.0,0.000505075756261664,-0.24005200999999998,-11.321275,1.52967739,2.01926,65.19270562,13.0,2.408373,2.3540174999999994,0.7222222222222222,4.528580771028099,13.0,146.97860588999998,11.0,23.71855486,7.937384999999999,13.0,42.14477001469356,22.44426420098961,13.0
True,nonsense,20.398558,nonsense_phrite_ing_pand,Human,True,True,False,False,True,nonsense_phrite_ing_pand^nonsense^valid,0.8776451350000001,3.47802355,1.0,0.0003892392724020494,-0.33281863,-11.7538845,1.10335637,1.8144739999999997,65.140000715,13.0,2.9024744999999994,2.9024744999999994,0.8333333333333334,4.270808168509651,13.0,152.99196145250002,11.0,20.3915064475,8.69206875,13.0,39.305111147970294,23.704698253611653,13.0
True,violate,43.465312,flowers_animals_reptiles,Human,False,False,True,False,False,flowers_animals_reptiles^violate^invalid,0.78983112,3.4566548,0.5,0.00015675988408831546,-1.4911014,-13.439756,-1.1895694900000002,-2.1522049999999995,64.77486127,13.0,2.9109193099999997,2.9109193099999997,1.0,2.061807445037059,12.0,161.2473255,8.0,7.121911899999999,21.092282462500002,8.0,22.00951853136907,37.41110084930707,8.0
True,violate,39.564424,computers_electronics_expensive,Human,False,False,True,False,False,computers_electronics_expensive^violate^invalid,0.810087475,3.31665395,0.5,0.00015943531510909025,-1.6252526,-13.487348,-1.35076813,-2.371691,64.154017735,13.0,3.014700035,3.014700035,1.0,1.8518790945496235,12.0,162.01872735,8.0,7.681027500000002,22.788343261999998,8.0,22.434826467936805,40.071035681739176,8.0
False,nonsense,20.596188,nonsense_phrist_biss_skemp,Human,True,False,False,False,True,nonsense_phrist_biss_skemp^nonsense^valid,0.87534025,3.4221852999999998,1.0,0.0003532534064746321,-0.33027441,-11.9904435,1.11622049,1.8328980000000001,64.660954655,13.0,2.9429380000000007,2.9429380000000007,0.8333333333333334,4.27113314324713,13.0,154.6944507,11.0,21.71719995,7.9257566,13.0,40.55514436990422,22.715357219251043,13.0
True,violate,20.86174,plants_trees_tall,Human,False,False,True,False,False,plants_trees_tall^violate^invalid,0.793895095,3.51040315,0.5,0.00014996657004577623,-1.5793748,-13.490645,-1.299109455,-2.270526500000001,65.45802229499999,13.0,3.171338925,3.171338925,1.0,1.8511591116003463,12.0,162.3544972,8.0,7.527773,22.5921845265,8.0,22.149570838901894,38.92637442665298,8.0
True,nonsense,23.240926,nonsense_phrist_biss_skemp,Human,True,True,False,False,True,nonsense_phrist_biss_skemp^nonsense^valid,0.87534025,3.4221852999999998,1.0,0.0003532534064746321,-0.33027441,-11.9904435,1.11622049,1.8328980000000001,64.660954655,13.0,2.9429380000000007,2.9429380000000007,0.8333333333333334,4.27113314324713,13.0,154.6944507,11.0,21.71719995,7.9257566,13.0,40.55514436990422,22.715357219251043,13.0
True,nonsense,19.231729,nonsense_phrist_biss_skemp,Human,True,True,False,False,True,nonsense_phrist_biss_skemp^nonsense^valid,0.87534025,3.4221852999999998,1.0,0.0003532534064746321,-0.33027441,-11.9904435,1.11622049,1.8328980000000001,64.660954655,13.0,2.9429380000000007,2.9429380000000007,0.8333333333333334,4.27113314324713,13.0,154.6944507,11.0,21.71719995,7.9257566,13.0,40.55514436990422,22.715357219251043,13.0
False,consistent,32.03066,politicians_dishonest_lie,Human,False,True,True,True,False,politicians_dishonest_lie^consistent^invalid,0.8282832200000001,2.41572515,0.5,0.00017147413329596852,-1.6312616,-13.7355145,-1.35396198,-2.0674230000000007,64.29544712500001,13.0,3.3701599700000004,3.3701599700000004,1.0,1.7801620809174568,13.5,165.6062234,8.0,7.93723475,22.5717142975,8.0,21.735643631445093,40.921978792226106,8.0
False,consistent,34.297798,politicians_dishonest_lie,Human,False,True,True,True,False,politicians_dishonest_lie^consistent^invalid,0.8282832200000001,2.41572515,0.5,0.00017147413329596852,-1.6312616,-13.7355145,-1.35396198,-2.0674230000000007,64.29544712500001,13.0,3.3701599700000004,3.3701599700000004,1.0,1.7801620809174568,13.5,165.6062234,8.0,7.93723475,22.5717142975,8.0,21.735643631445093,40.921978792226106,8.0
True,nonsense,34.8291,nonsense_shrad_splect_dring,Human,True,True,False,False,True,nonsense_shrad_splect_dring^nonsense^valid,0.9150424500000001,3.3742295,1.0,0.00036229458927041045,-0.36611007500000003,-11.956315,0.987147325,1.9446754999999998,64.36049211,13.0,2.77952525,2.77952525,0.8333333333333334,4.269807825580074,13.0,154.984396102,11.0,22.572676148000003,7.6024691,13.0,40.053489229573486,22.78662454765672,13.0
True,nonsense,32.873531,nonsense_sland_spluff_gusp,Human,True,True,False,False,True,nonsense_sland_spluff_gusp^nonsense^valid,0.872637,3.3090408,1.0,0.0003598174698210298,-0.31491312,-11.999437499999999,1.1875199799999998,1.918761,64.24297702999999,13.0,2.9182584999999994,2.9182584999999994,0.8333333333333334,4.246622205868289,13.0,155.2853097325,11.0,22.3717830175,8.248085249999999,13.0,41.29246470950169,22.990290458151264,13.0
True,consistent,32.962443,famous_wealthy_old,Human,True,True,True,True,False,famous_wealthy_old^consistent^valid,0.846912205,2.5031982,1.0,0.0004996552466172478,-0.31150541,-11.814615,1.18588639,2.0049155,63.99374635,13.0,2.634410000000001,2.634410000000001,0.7222222222222222,4.270966980637006,13.0,151.897600068,11.0,20.442675282000003,7.925144250000001,13.0,39.76283450495063,22.26409818257627,13.0
True,nonsense,47.26207,nonsense_sclack_chask_pron,Human,True,True,False,False,True,nonsense_sclack_chask_pron^nonsense^valid,0.8760077500000001,3.19302525,1.0,0.0003237578974288026,-0.327950645,-12.234436500000001,1.1274842550000002,1.8480102499999997,64.35325353,13.0,2.8875195,2.8875195,0.7777777777777778,4.286734894573403,13.0,156.1993985345,11.0,21.571893615499995,7.868363349999999,13.0,39.81457221128332,22.977012135674755,13.0
False,violate,20.665052,plants_trees_tall,Human,False,True,True,False,False,plants_trees_tall^violate^invalid,0.793895095,3.51040315,0.5,0.00014996657004577623,-1.5793748,-13.490645,-1.299109455,-2.270526500000001,65.45802229499999,13.0,3.171338925,3.171338925,1.0,1.8511591116003463,12.0,162.3544972,8.0,7.527773,22.5921845265,8.0,22.149570838901894,38.92637442665298,8.0
True,consistent,18.364353,librarians_happy_healthy,Human,True,True,True,True,False,librarians_happy_healthy^consistent^valid,0.81471435,2.79135215,1.0,0.0004919143841524687,-0.28437661999999997,-11.720515500000001,1.30202863,2.2542614999999993,64.126964595,13.0,2.438344,2.3815022499999996,0.7222222222222222,4.3966854214538955,13.0,151.1338408655,11.0,22.584206684499996,7.506011749999998,13.0,40.42208294959718,22.97218112692118,13.0
True,violate,12.491402,famous_wealthy_old,Human,False,False,True,False,False,famous_wealthy_old^violate^invalid,0.87312005,2.6614516999999998,0.5,0.00016828834318306917,-1.4501602999999998,-13.717581,-1.1198949749999998,-1.9147385000000003,63.313324365,13.0,3.0011390700000002,3.0011390700000002,1.0,1.8920460024804528,12.0,162.84543685,8.0,8.30900025,19.605365027000005,8.0,22.924968185072427,40.092007031595884,8.0
True,consistent,28.542307,guns_weapons_dangerous,Human,True,True,True,True,False,guns_weapons_dangerous^consistent^valid,0.77679162,3.5663824,1.0,0.000505075756261664,-0.24005200999999998,-11.321275,1.52967739,2.01926,65.19270562,13.0,2.408373,2.3540174999999994,0.7222222222222222,4.528580771028099,13.0,146.97860588999998,11.0,23.71855486,7.937384999999999,13.0,42.14477001469356,22.44426420098961,13.0
False,violate,18.496304,famous_wealthy_old,Human,True,False,True,False,False,famous_wealthy_old^violate^valid,0.842092925,2.70853255,1.0,0.0004890306659845316,-0.294347495,-11.781068000000001,1.269793505,1.8836114999999989,63.002077740000004,13.0,2.7637085,2.7637085,0.7222222222222222,4.314656211531842,13.0,150.848518432,11.0,21.104605768,8.048890750000002,13.0,41.20358788514747,22.217639795756412,13.0
True,nonsense,28.432106,nonsense_fleff_drap_ved,Human,False,False,False,False,True,nonsense_fleff_drap_ved^nonsense^invalid,0.8759138,3.1138594,0.5,0.00013458369876571117,-1.4099640999999998,-13.9619065,-1.069373145,-1.9967899999999998,63.891125015,13.0,2.7940208550000003,2.7940208550000003,1.0,2.1831661771123385,12.0,166.4123376,8.0,7.75694765,21.004694477999998,8.0,22.55367198278043,39.078348840882946,8.0
True,violate,42.830241,dragons_mythical_exist,Human,True,True,True,False,False,dragons_mythical_exist^violate^valid,0.75148356,2.8738599999999996,1.0,0.0005189435956516459,-0.26330629,-11.520957,1.3558540099999998,2.0962345000000004,63.32477595,13.0,2.811694,2.811694,0.7777777777777778,4.4430572518545866,13.0,150.356716115,11.0,21.197658335,8.195210249999999,13.0,39.904746323537225,22.381037669416266,13.0
True,consistent,38.39848,vehicles_mobile_buildings,Human,True,True,True,True,False,vehicles_mobile_buildings^consistent^valid,0.7901149000000001,3.24187005,1.0,0.0005113843142012156,-0.28983744,-11.434633,1.2501793600000002,2.2135015000000005,64.66180131,13.0,2.464466,2.4590445,0.7777777777777778,4.442020771302079,13.0,149.4413246465,11.0,20.706922953499998,8.015376199999999,13.0,37.90102485689671,21.74461635831828,13.0
False,nonsense,47.26324,nonsense_gick_criff_riff,Human,False,True,False,False,True,nonsense_gick_criff_riff^nonsense^invalid,0.8612199,3.39642235,0.5,0.0001332815010463566,-1.4914692,-13.8843395,-1.1763248099999999,-1.839945000000001,64.23723944,13.0,2.8424378999999997,2.8424378999999997,1.0,2.183215925526847,12.0,168.68162,8.0,8.0984081,21.566258694999995,8.0,22.128120142400363,40.12134325330565,8.0
False,nonsense,66.431552,nonsense_glap_phropt_soff,Human,False,True,False,False,True,nonsense_glap_phropt_soff^nonsense^invalid,0.87850963,3.08565485,0.5,0.00014406698132474584,-1.39613405,-13.866895,-1.0513582649999997,-1.8580179999999995,63.10592593,13.0,2.9202051950000003,2.9202051950000003,1.0,2.0167774365909428,12.0,167.91992770000002,8.0,8.681804750000001,21.503753349,8.0,23.520581336935347,39.85138008668568,8.0
True,consistent,49.463448,famous_wealthy_old,Human,True,True,True,True,False,famous_wealthy_old^consistent^valid,0.846912205,2.5031982,1.0,0.0004996552466172478,-0.31150541,-11.814615,1.18588639,2.0049155,63.99374635,13.0,2.634410000000001,2.634410000000001,0.7222222222222222,4.270966980637006,13.0,151.897600068,11.0,20.442675282000003,7.925144250000001,13.0,39.76283450495063,22.26409818257627,13.0
False,violate,38.865664,flowers_animals_reptiles,Human,False,True,True,False,False,flowers_animals_reptiles^violate^invalid,0.78983112,3.4566548,0.5,0.00015675988408831546,-1.4911014,-13.439756,-1.1895694900000002,-2.1522049999999995,64.77486127,13.0,2.9109193099999997,2.9109193099999997,1.0,2.061807445037059,12.0,161.2473255,8.0,7.121911899999999,21.092282462500002,8.0,22.00951853136907,37.41110084930707,8.0
False,violate,111.164119,vehicles_mobile_buildings,Human,False,True,True,False,False,vehicles_mobile_buildings^violate^invalid,0.796380615,3.4365609,0.5,0.00014751019756706514,-1.56110105,-13.61116625,-1.276182175,-2.0661727500000007,65.20478771500001,13.0,2.9812755000000006,2.9812755000000006,1.0,2.0182174514232227,12.0,163.76190105,8.0,8.029251200000001,20.849118045,8.0,21.886379179892852,38.69211878263657,8.0
True,nonsense,37.298284,nonsense_sneb_jing_omp,Human,True,True,False,False,True,nonsense_sneb_jing_omp^nonsense^valid,0.87637675,2.9196453499999997,1.0,0.0003549313610474889,-0.378000965,-12.2291775,0.918018335,1.8000554999999991,62.32289851,13.0,3.1921244999999994,3.1921244999999994,0.8333333333333334,4.243235111391919,13.0,156.55068115299997,11.0,20.553673847,8.745690800000002,13.0,38.25296620955978,23.06310768422737,13.0
False,nonsense,35.132093,nonsense_sland_spluff_gusp,Human,True,False,False,False,True,nonsense_sland_spluff_gusp^nonsense^valid,0.872637,3.3090408,1.0,0.0003598174698210298,-0.31491312,-11.999437499999999,1.1875199799999998,1.918761,64.24297702999999,13.0,2.9182584999999994,2.9182584999999994,0.8333333333333334,4.246622205868289,13.0,155.2853097325,11.0,22.3717830175,8.248085249999999,13.0,41.29246470950169,22.990290458151264,13.0
True,consistent,18.331635,famous_wealthy_old,Human,True,True,True,True,False,famous_wealthy_old^consistent^valid,0.846912205,2.5031982,1.0,0.0004996552466172478,-0.31150541,-11.814615,1.18588639,2.0049155,63.99374635,13.0,2.634410000000001,2.634410000000001,0.7222222222222222,4.270966980637006,13.0,151.897600068,11.0,20.442675282000003,7.925144250000001,13.0,39.76283450495063,22.26409818257627,13.0
True,violate,29.530396,vehicles_mobile_buildings,Human,True,True,True,False,False,vehicles_mobile_buildings^violate^valid,0.83037915,3.26490065,1.0,0.0004804208874633685,-0.318618655,-11.5553585,1.135104195,2.1417075000000008,64.8953517,13.0,2.6886595,2.6886595,0.7222222222222222,4.524039423271558,13.0,151.264297378,11.0,19.685797322,8.39636175,13.0,37.318121155690875,22.09315208230263,13.0
True,violate,37.465609,flowers_animals_reptiles,Human,False,False,True,False,False,flowers_animals_reptiles^violate^invalid,0.78983112,3.4566548,0.5,0.00015675988408831546,-1.4911014,-13.439756,-1.1895694900000002,-2.1522049999999995,64.77486127,13.0,2.9109193099999997,2.9109193099999997,1.0,2.061807445037059,12.0,161.2473255,8.0,7.121911899999999,21.092282462500002,8.0,22.00951853136907,37.41110084930707,8.0
False,violate,12.427847,food_vegetables_healthy,Human,True,False,True,False,False,food_vegetables_healthy^violate^valid,0.75775912,3.3562648,1.0,0.0005377323044018613,-0.238601935,-11.2282355,1.519996665,2.310215499999999,65.00056803500001,13.0,2.382694,2.1047494999999996,0.7222222222222222,4.530185999346359,13.0,146.082557565,11.0,23.565857535,7.447397499999999,13.0,40.36793884787534,22.174123722577942,13.0
False,violate,53.729858,dragons_mythical_exist,Human,False,True,True,False,False,dragons_mythical_exist^violate^invalid,0.7496491999999999,2.7785035000000002,0.5,0.00015468943720704716,-1.7071033500000001,-13.6957835,-1.461802445,-2.080981499999999,63.269095475,13.0,2.9363595899999995,2.9363595899999995,1.0,2.019378182385685,12.0,165.12476145,8.0,8.051998000000001,21.815614513499995,8.0,21.918670240760562,40.2427733064133,8.0
True,violate,29.698738,dragons_mythical_exist,Human,True,True,True,False,False,dragons_mythical_exist^violate^valid,0.75148356,2.8738599999999996,1.0,0.0005189435956516459,-0.26330629,-11.520957,1.3558540099999998,2.0962345000000004,63.32477595,13.0,2.811694,2.811694,0.7777777777777778,4.4430572518545866,13.0,150.356716115,11.0,21.197658335,8.195210249999999,13.0,39.904746323537225,22.381037669416266,13.0
False,violate,20.731924,plants_trees_tall,Human,False,True,True,False,False,plants_trees_tall^violate^invalid,0.793895095,3.51040315,0.5,0.00014996657004577623,-1.5793748,-13.490645,-1.299109455,-2.270526500000001,65.45802229499999,13.0,3.171338925,3.171338925,1.0,1.8511591116003463,12.0,162.3544972,8.0,7.527773,22.5921845265,8.0,22.149570838901894,38.92637442665298,8.0
False,nonsense,40.464583,nonsense_nept_bript_jeft,Human,False,True,False,False,True,nonsense_nept_bript_jeft^nonsense^invalid,0.8772813500000001,3.0747101,0.5,0.0001299578541359125,-1.4329657500000001,-14.034797999999999,-1.0986861650000002,-1.9411234999999998,63.65789524,13.0,3.0451669999999997,3.0451669999999997,1.0,1.93149606970471,12.0,169.96481565,8.0,7.523720849999999,21.967738136,8.0,22.370068804577333,39.67799952122178,8.0
False,consistent,43.464273,dragons_mythical_exist,Human,False,True,True,True,False,dragons_mythical_exist^consistent^invalid,0.8439043150000001,2.9684752,0.5,0.00015748787793340695,-1.4308790999999998,-13.560780000000001,-1.1025934099999999,-1.9984345000000001,65.02149115,13.0,2.6834890499999995,2.6834890499999995,1.0,2.105324124709144,12.0,161.41969404999998,8.0,8.81267335,17.8095341215,8.0,23.154700330327426,36.973125524637055,8.0
True,consistent,16.230717,guns_weapons_dangerous,Human,True,True,True,True,False,guns_weapons_dangerous^consistent^valid,0.77679162,3.5663824,1.0,0.000505075756261664,-0.24005200999999998,-11.321275,1.52967739,2.01926,65.19270562,13.0,2.408373,2.3540174999999994,0.7222222222222222,4.528580771028099,13.0,146.97860588999998,11.0,23.71855486,7.937384999999999,13.0,42.14477001469356,22.44426420098961,13.0
True,consistent,16.590139,librarians_happy_healthy,Human,True,True,True,True,False,librarians_happy_healthy^consistent^valid,0.81471435,2.79135215,1.0,0.0004919143841524687,-0.28437661999999997,-11.720515500000001,1.30202863,2.2542614999999993,64.126964595,13.0,2.438344,2.3815022499999996,0.7222222222222222,4.3966854214538955,13.0,151.1338408655,11.0,22.584206684499996,7.506011749999998,13.0,40.42208294959718,22.97218112692118,13.0
False,consistent,26.464517,politicians_dishonest_lie,Human,False,True,True,True,False,politicians_dishonest_lie^consistent^invalid,0.8282832200000001,2.41572515,0.5,0.00017147413329596852,-1.6312616,-13.7355145,-1.35396198,-2.0674230000000007,64.29544712500001,13.0,3.3701599700000004,3.3701599700000004,1.0,1.7801620809174568,13.5,165.6062234,8.0,7.93723475,22.5717142975,8.0,21.735643631445093,40.921978792226106,8.0
True,consistent,18.630384,food_vegetables_healthy,Human,True,True,True,True,False,food_vegetables_healthy^consistent^valid,0.7606136,3.3383755500000003,1.0,0.0005669087190239791,-0.24247479500000002,-11.1414715,1.497656805,2.418847500000001,65.30056738000002,13.0,2.4084665000000003,1.993214,0.7222222222222222,4.528359460105362,13.0,146.699753749,11.0,23.619699101000002,7.8409485,13.0,39.50832733759715,22.534533309605877,13.0
True,consistent,8.628469,guns_weapons_dangerous,Human,True,True,True,True,False,guns_weapons_dangerous^consistent^valid,0.77679162,3.5663824,1.0,0.000505075756261664,-0.24005200999999998,-11.321275,1.52967739,2.01926,65.19270562,13.0,2.408373,2.3540174999999994,0.7222222222222222,4.528580771028099,13.0,146.97860588999998,11.0,23.71855486,7.937384999999999,13.0,42.14477001469356,22.44426420098961,13.0
False,nonsense,40.830285,nonsense_shrad_splect_dring,Human,True,False,False,False,True,nonsense_shrad_splect_dring^nonsense^valid,0.9150424500000001,3.3742295,1.0,0.00036229458927041045,-0.36611007500000003,-11.956315,0.987147325,1.9446754999999998,64.36049211,13.0,2.77952525,2.77952525,0.8333333333333334,4.269807825580074,13.0,154.984396102,11.0,22.572676148000003,7.6024691,13.0,40.053489229573486,22.78662454765672,13.0
True,nonsense,46.298384,nonsense_phrite_ing_pand,Human,True,True,False,False,True,nonsense_phrite_ing_pand^nonsense^valid,0.8776451350000001,3.47802355,1.0,0.0003892392724020494,-0.33281863,-11.7538845,1.10335637,1.8144739999999997,65.140000715,13.0,2.9024744999999994,2.9024744999999994,0.8333333333333334,4.270808168509651,13.0,152.99196145250002,11.0,20.3915064475,8.69206875,13.0,39.305111147970294,23.704698253611653,13.0
True,violate,27.398974,plants_trees_tall,Human,False,False,True,False,False,plants_trees_tall^violate^invalid,0.793895095,3.51040315,0.5,0.00014996657004577623,-1.5793748,-13.490645,-1.299109455,-2.270526500000001,65.45802229499999,13.0,3.171338925,3.171338925,1.0,1.8511591116003463,12.0,162.3544972,8.0,7.527773,22.5921845265,8.0,22.149570838901894,38.92637442665298,8.0
True,nonsense,27.097387,nonsense_sclack_chask_pron,Human,True,True,False,False,True,nonsense_sclack_chask_pron^nonsense^valid,0.8760077500000001,3.19302525,1.0,0.0003237578974288026,-0.327950645,-12.234436500000001,1.1274842550000002,1.8480102499999997,64.35325353,13.0,2.8875195,2.8875195,0.7777777777777778,4.286734894573403,13.0,156.1993985345,11.0,21.571893615499995,7.868363349999999,13.0,39.81457221128332,22.977012135674755,13.0
True,violate,18.563288,gems_diamonds_transparent,Human,False,False,True,False,False,gems_diamonds_transparent^violate^invalid,0.80006635,3.4921516500000003,0.5,0.0001498924813805521,-1.5872069,-13.480996999999999,-1.3072939,-2.2550725,64.74042812500001,13.0,2.97899922,2.97899922,1.0,1.851528100172782,12.0,162.84346994999999,8.0,8.16023375,22.413309426999998,8.0,22.65525646655066,40.0872884258531,8.0
True,consistent,22.049714,librarians_happy_healthy,Human,True,True,True,True,False,librarians_happy_healthy^consistent^valid,0.81471435,2.79135215,1.0,0.0004919143841524687,-0.28437661999999997,-11.720515500000001,1.30202863,2.2542614999999993,64.126964595,13.0,2.438344,2.3815022499999996,0.7222222222222222,4.3966854214538955,13.0,151.1338408655,11.0,22.584206684499996,7.506011749999998,13.0,40.42208294959718,22.97218112692118,13.0
True,nonsense,44.064181,nonsense_sland_spluff_gusp,Human,True,True,False,False,True,nonsense_sland_spluff_gusp^nonsense^valid,0.872637,3.3090408,1.0,0.0003598174698210298,-0.31491312,-11.999437499999999,1.1875199799999998,1.918761,64.24297702999999,13.0,2.9182584999999994,2.9182584999999994,0.8333333333333334,4.246622205868289,13.0,155.2853097325,11.0,22.3717830175,8.248085249999999,13.0,41.29246470950169,22.990290458151264,13.0
True,consistent,20.131371,famous_wealthy_old,Human,True,True,True,True,False,famous_wealthy_old^consistent^valid,0.846912205,2.5031982,1.0,0.0004996552466172478,-0.31150541,-11.814615,1.18588639,2.0049155,63.99374635,13.0,2.634410000000001,2.634410000000001,0.7222222222222222,4.270966980637006,13.0,151.897600068,11.0,20.442675282000003,7.925144250000001,13.0,39.76283450495063,22.26409818257627,13.0
True,consistent,29.196089,guns_weapons_dangerous,Human,True,True,True,True,False,guns_weapons_dangerous^consistent^valid,0.77679162,3.5663824,1.0,0.000505075756261664,-0.24005200999999998,-11.321275,1.52967739,2.01926,65.19270562,13.0,2.408373,2.3540174999999994,0.7222222222222222,4.528580771028099,13.0,146.97860588999998,11.0,23.71855486,7.937384999999999,13.0,42.14477001469356,22.44426420098961,13.0
False,violate,13.764704,famous_wealthy_old,Human,False,True,True,False,False,famous_wealthy_old^violate^invalid,0.87312005,2.6614516999999998,0.5,0.00016828834318306917,-1.4501602999999998,-13.717581,-1.1198949749999998,-1.9147385000000003,63.313324365,13.0,3.0011390700000002,3.0011390700000002,1.0,1.8920460024804528,12.0,162.84543685,8.0,8.30900025,19.605365027000005,8.0,22.924968185072427,40.092007031595884,8.0
True,violate,19.495852,computers_electronics_expensive,Human,False,False,True,False,False,computers_electronics_expensive^violate^invalid,0.810087475,3.31665395,0.5,0.00015943531510909025,-1.6252526,-13.487348,-1.35076813,-2.371691,64.154017735,13.0,3.014700035,3.014700035,1.0,1.8518790945496235,12.0,162.01872735,8.0,7.681027500000002,22.788343261999998,8.0,22.434826467936805,40.071035681739176,8.0
False,violate,41.232888,dragons_mythical_exist,Human,True,False,True,False,False,dragons_mythical_exist^violate^valid,0.75148356,2.8738599999999996,1.0,0.0005189435956516459,-0.26330629,-11.520957,1.3558540099999998,2.0962345000000004,63.32477595,13.0,2.811694,2.811694,0.7777777777777778,4.4430572518545866,13.0,150.356716115,11.0,21.197658335,8.195210249999999,13.0,39.904746323537225,22.381037669416266,13.0
False,nonsense,62.364311,nonsense_gick_criff_riff,Human,False,True,False,False,True,nonsense_gick_criff_riff^nonsense^invalid,0.8612199,3.39642235,0.5,0.0001332815010463566,-1.4914692,-13.8843395,-1.1763248099999999,-1.839945000000001,64.23723944,13.0,2.8424378999999997,2.8424378999999997,1.0,2.183215925526847,12.0,168.68162,8.0,8.0984081,21.566258694999995,8.0,22.128120142400363,40.12134325330565,8.0
False,violate,21.464543,famous_wealthy_old,Human,True,False,True,False,False,famous_wealthy_old^violate^valid,0.842092925,2.70853255,1.0,0.0004890306659845316,-0.294347495,-11.781068000000001,1.269793505,1.8836114999999989,63.002077740000004,13.0,2.7637085,2.7637085,0.7222222222222222,4.314656211531842,13.0,150.848518432,11.0,21.104605768,8.048890750000002,13.0,41.20358788514747,22.217639795756412,13.0
True,consistent,22.66545,vehicles_mobile_buildings,Human,True,True,True,True,False,vehicles_mobile_buildings^consistent^valid,0.7901149000000001,3.24187005,1.0,0.0005113843142012156,-0.28983744,-11.434633,1.2501793600000002,2.2135015000000005,64.66180131,13.0,2.464466,2.4590445,0.7777777777777778,4.442020771302079,13.0,149.4413246465,11.0,20.706922953499998,8.015376199999999,13.0,37.90102485689671,21.74461635831828,13.0
False,violate,17.7976,gems_diamonds_transparent,Human,True,False,True,False,False,gems_diamonds_transparent^violate^valid,0.76021125,3.5893800999999996,1.0,0.00048815408004441356,-0.2503325,-11.2991575,1.4433470000000002,2.1570367500000005,64.81318300500001,13.0,2.4854147500000003,2.4854147500000003,0.7222222222222222,4.529485454724581,13.0,147.57797794700002,11.0,23.721060653000002,8.06224375,13.0,40.608537525421085,22.147881092719754,13.0
True,nonsense,26.631544,nonsense_fleff_drap_ved,Human,False,False,False,False,True,nonsense_fleff_drap_ved^nonsense^invalid,0.8759138,3.1138594,0.5,0.00013458369876571117,-1.4099640999999998,-13.9619065,-1.069373145,-1.9967899999999998,63.891125015,13.0,2.7940208550000003,2.7940208550000003,1.0,2.1831661771123385,12.0,166.4123376,8.0,7.75694765,21.004694477999998,8.0,22.55367198278043,39.078348840882946,8.0
False,consistent,25.361811,politicians_dishonest_lie,Human,False,True,True,True,False,politicians_dishonest_lie^consistent^invalid,0.8282832200000001,2.41572515,0.5,0.00017147413329596852,-1.6312616,-13.7355145,-1.35396198,-2.0674230000000007,64.29544712500001,13.0,3.3701599700000004,3.3701599700000004,1.0,1.7801620809174568,13.5,165.6062234,8.0,7.93723475,22.5717142975,8.0,21.735643631445093,40.921978792226106,8.0
True,consistent,20.697369,food_vegetables_healthy,Human,True,True,True,True,False,food_vegetables_healthy^consistent^valid,0.7606136,3.3383755500000003,1.0,0.0005669087190239791,-0.24247479500000002,-11.1414715,1.497656805,2.418847500000001,65.30056738000002,13.0,2.4084665000000003,1.993214,0.7222222222222222,4.528359460105362,13.0,146.699753749,11.0,23.619699101000002,7.8409485,13.0,39.50832733759715,22.534533309605877,13.0
True,violate,43.997699,dragons_mythical_exist,Human,True,True,True,False,False,dragons_mythical_exist^violate^valid,0.75148356,2.8738599999999996,1.0,0.0005189435956516459,-0.26330629,-11.520957,1.3558540099999998,2.0962345000000004,63.32477595,13.0,2.811694,2.811694,0.7777777777777778,4.4430572518545866,13.0,150.356716115,11.0,21.197658335,8.195210249999999,13.0,39.904746323537225,22.381037669416266,13.0
True,consistent,69.563589,famous_wealthy_old,Human,True,True,True,True,False,famous_wealthy_old^consistent^valid,0.846912205,2.5031982,1.0,0.0004996552466172478,-0.31150541,-11.814615,1.18588639,2.0049155,63.99374635,13.0,2.634410000000001,2.634410000000001,0.7222222222222222,4.270966980637006,13.0,151.897600068,11.0,20.442675282000003,7.925144250000001,13.0,39.76283450495063,22.26409818257627,13.0
False,consistent,50.230476,famous_wealthy_old,Human,True,False,True,True,False,famous_wealthy_old^consistent^valid,0.846912205,2.5031982,1.0,0.0004996552466172478,-0.31150541,-11.814615,1.18588639,2.0049155,63.99374635,13.0,2.634410000000001,2.634410000000001,0.7222222222222222,4.270966980637006,13.0,151.897600068,11.0,20.442675282000003,7.925144250000001,13.0,39.76283450495063,22.26409818257627,13.0
True,nonsense,30.031244,nonsense_sneb_jing_omp,Human,True,True,False,False,True,nonsense_sneb_jing_omp^nonsense^valid,0.87637675,2.9196453499999997,1.0,0.0003549313610474889,-0.378000965,-12.2291775,0.918018335,1.8000554999999991,62.32289851,13.0,3.1921244999999994,3.1921244999999994,0.8333333333333334,4.243235111391919,13.0,156.55068115299997,11.0,20.553673847,8.745690800000002,13.0,38.25296620955978,23.06310768422737,13.0
False,nonsense,27.631614,nonsense_glap_phropt_soff,Human,False,True,False,False,True,nonsense_glap_phropt_soff^nonsense^invalid,0.87850963,3.08565485,0.5,0.00014406698132474584,-1.39613405,-13.866895,-1.0513582649999997,-1.8580179999999995,63.10592593,13.0,2.9202051950000003,2.9202051950000003,1.0,2.0167774365909428,12.0,167.91992770000002,8.0,8.681804750000001,21.503753349,8.0,23.520581336935347,39.85138008668568,8.0
True,nonsense,39.731253,nonsense_sland_spluff_gusp,Human,True,True,False,False,True,nonsense_sland_spluff_gusp^nonsense^valid,0.872637,3.3090408,1.0,0.0003598174698210298,-0.31491312,-11.999437499999999,1.1875199799999998,1.918761,64.24297702999999,13.0,2.9182584999999994,2.9182584999999994,0.8333333333333334,4.246622205868289,13.0,155.2853097325,11.0,22.3717830175,8.248085249999999,13.0,41.29246470950169,22.990290458151264,13.0
True,violate,17.89687,famous_wealthy_old,Human,True,True,True,False,False,famous_wealthy_old^violate^valid,0.842092925,2.70853255,1.0,0.0004890306659845316,-0.294347495,-11.781068000000001,1.269793505,1.8836114999999989,63.002077740000004,13.0,2.7637085,2.7637085,0.7222222222222222,4.314656211531842,13.0,150.848518432,11.0,21.104605768,8.048890750000002,13.0,41.20358788514747,22.217639795756412,13.0
True,violate,40.230884,vehicles_mobile_buildings,Human,False,False,True,False,False,vehicles_mobile_buildings^violate^invalid,0.796380615,3.4365609,0.5,0.00014751019756706514,-1.56110105,-13.61116625,-1.276182175,-2.0661727500000007,65.20478771500001,13.0,2.9812755000000006,2.9812755000000006,1.0,2.0182174514232227,12.0,163.76190105,8.0,8.029251200000001,20.849118045,8.0,21.886379179892852,38.69211878263657,8.0
True,violate,27.098364,food_vegetables_healthy,Human,True,True,True,False,False,food_vegetables_healthy^violate^valid,0.75775912,3.3562648,1.0,0.0005377323044018613,-0.238601935,-11.2282355,1.519996665,2.310215499999999,65.00056803500001,13.0,2.382694,2.1047494999999996,0.7222222222222222,4.530185999346359,13.0,146.082557565,11.0,23.565857535,7.447397499999999,13.0,40.36793884787534,22.174123722577942,13.0
False,nonsense,49.198987,nonsense_nept_bript_jeft,Human,False,True,False,False,True,nonsense_nept_bript_jeft^nonsense^invalid,0.8772813500000001,3.0747101,0.5,0.0001299578541359125,-1.4329657500000001,-14.034797999999999,-1.0986861650000002,-1.9411234999999998,63.65789524,13.0,3.0451669999999997,3.0451669999999997,1.0,1.93149606970471,12.0,169.96481565,8.0,7.523720849999999,21.967738136,8.0,22.370068804577333,39.67799952122178,8.0
False,violate,42.397273,dragons_mythical_exist,Human,False,True,True,False,False,dragons_mythical_exist^violate^invalid,0.7496491999999999,2.7785035000000002,0.5,0.00015468943720704716,-1.7071033500000001,-13.6957835,-1.461802445,-2.080981499999999,63.269095475,13.0,2.9363595899999995,2.9363595899999995,1.0,2.019378182385685,12.0,165.12476145,8.0,8.051998000000001,21.815614513499995,8.0,21.918670240760562,40.2427733064133,8.0
True,consistent,26.89752,guns_weapons_dangerous,Human,True,True,True,True,False,guns_weapons_dangerous^consistent^valid,0.77679162,3.5663824,1.0,0.000505075756261664,-0.24005200999999998,-11.321275,1.52967739,2.01926,65.19270562,13.0,2.408373,2.3540174999999994,0.7222222222222222,4.528580771028099,13.0,146.97860588999998,11.0,23.71855486,7.937384999999999,13.0,42.14477001469356,22.44426420098961,13.0
True,nonsense,27.598407,nonsense_sland_spluff_gusp,Human,True,True,False,False,True,nonsense_sland_spluff_gusp^nonsense^valid,0.872637,3.3090408,1.0,0.0003598174698210298,-0.31491312,-11.999437499999999,1.1875199799999998,1.918761,64.24297702999999,13.0,2.9182584999999994,2.9182584999999994,0.8333333333333334,4.246622205868289,13.0,155.2853097325,11.0,22.3717830175,8.248085249999999,13.0,41.29246470950169,22.990290458151264,13.0
True,consistent,18.797722,librarians_happy_healthy,Human,True,True,True,True,False,librarians_happy_healthy^consistent^valid,0.81471435,2.79135215,1.0,0.0004919143841524687,-0.28437661999999997,-11.720515500000001,1.30202863,2.2542614999999993,64.126964595,13.0,2.438344,2.3815022499999996,0.7222222222222222,4.3966854214538955,13.0,151.1338408655,11.0,22.584206684499996,7.506011749999998,13.0,40.42208294959718,22.97218112692118,13.0
False,consistent,14.030508,dragons_mythical_exist,Human,False,True,True,True,False,dragons_mythical_exist^consistent^invalid,0.8439043150000001,2.9684752,0.5,0.00015748787793340695,-1.4308790999999998,-13.560780000000001,-1.1025934099999999,-1.9984345000000001,65.02149115,13.0,2.6834890499999995,2.6834890499999995,1.0,2.105324124709144,12.0,161.41969404999998,8.0,8.81267335,17.8095341215,8.0,23.154700330327426,36.973125524637055,8.0
True,consistent,20.898487,librarians_happy_healthy,Human,True,True,True,True,False,librarians_happy_healthy^consistent^valid,0.81471435,2.79135215,1.0,0.0004919143841524687,-0.28437661999999997,-11.720515500000001,1.30202863,2.2542614999999993,64.126964595,13.0,2.438344,2.3815022499999996,0.7222222222222222,4.3966854214538955,13.0,151.1338408655,11.0,22.584206684499996,7.506011749999998,13.0,40.42208294959718,22.97218112692118,13.0
False,violate,29.498928,flowers_animals_reptiles,Human,False,True,True,False,False,flowers_animals_reptiles^violate^invalid,0.78983112,3.4566548,0.5,0.00015675988408831546,-1.4911014,-13.439756,-1.1895694900000002,-2.1522049999999995,64.77486127,13.0,2.9109193099999997,2.9109193099999997,1.0,2.061807445037059,12.0,161.2473255,8.0,7.121911899999999,21.092282462500002,8.0,22.00951853136907,37.41110084930707,8.0
False,violate,20.129865,vehicles_mobile_buildings,Human,True,False,True,False,False,vehicles_mobile_buildings^violate^valid,0.83037915,3.26490065,1.0,0.0004804208874633685,-0.318618655,-11.5553585,1.135104195,2.1417075000000008,64.8953517,13.0,2.6886595,2.6886595,0.7222222222222222,4.524039423271558,13.0,151.264297378,11.0,19.685797322,8.39636175,13.0,37.318121155690875,22.09315208230263,13.0
False,violate,38.296742,computers_electronics_expensive,Human,False,True,True,False,False,computers_electronics_expensive^violate^invalid,0.810087475,3.31665395,0.5,0.00015943531510909025,-1.6252526,-13.487348,-1.35076813,-2.371691,64.154017735,13.0,3.014700035,3.014700035,1.0,1.8518790945496235,12.0,162.01872735,8.0,7.681027500000002,22.788343261999998,8.0,22.434826467936805,40.071035681739176,8.0
False,nonsense,18.598996,nonsense_fleff_drap_ved,Human,False,True,False,False,True,nonsense_fleff_drap_ved^nonsense^invalid,0.8759138,3.1138594,0.5,0.00013458369876571117,-1.4099640999999998,-13.9619065,-1.069373145,-1.9967899999999998,63.891125015,13.0,2.7940208550000003,2.7940208550000003,1.0,2.1831661771123385,12.0,166.4123376,8.0,7.75694765,21.004694477999998,8.0,22.55367198278043,39.078348840882946,8.0
False,consistent,28.831026,politicians_dishonest_lie,Human,False,True,True,True,False,politicians_dishonest_lie^consistent^invalid,0.8282832200000001,2.41572515,0.5,0.00017147413329596852,-1.6312616,-13.7355145,-1.35396198,-2.0674230000000007,64.29544712500001,13.0,3.3701599700000004,3.3701599700000004,1.0,1.7801620809174568,13.5,165.6062234,8.0,7.93723475,22.5717142975,8.0,21.735643631445093,40.921978792226106,8.0
True,nonsense,75.564546,nonsense_sclack_chask_pron,Human,True,True,False,False,True,nonsense_sclack_chask_pron^nonsense^valid,0.8760077500000001,3.19302525,1.0,0.0003237578974288026,-0.327950645,-12.234436500000001,1.1274842550000002,1.8480102499999997,64.35325353,13.0,2.8875195,2.8875195,0.7777777777777778,4.286734894573403,13.0,156.1993985345,11.0,21.571893615499995,7.868363349999999,13.0,39.81457221128332,22.977012135674755,13.0
True,nonsense,32.998893,nonsense_phrite_ing_pand,Human,True,True,False,False,True,nonsense_phrite_ing_pand^nonsense^valid,0.8776451350000001,3.47802355,1.0,0.0003892392724020494,-0.33281863,-11.7538845,1.10335637,1.8144739999999997,65.140000715,13.0,2.9024744999999994,2.9024744999999994,0.8333333333333334,4.270808168509651,13.0,152.99196145250002,11.0,20.3915064475,8.69206875,13.0,39.305111147970294,23.704698253611653,13.0
True,nonsense,18.196657,nonsense_shrad_splect_dring,Human,True,True,False,False,True,nonsense_shrad_splect_dring^nonsense^valid,0.9150424500000001,3.3742295,1.0,0.00036229458927041045,-0.36611007500000003,-11.956315,0.987147325,1.9446754999999998,64.36049211,13.0,2.77952525,2.77952525,0.8333333333333334,4.269807825580074,13.0,154.984396102,11.0,22.572676148000003,7.6024691,13.0,40.053489229573486,22.78662454765672,13.0
True,violate,24.528621,plants_trees_tall,Human,False,False,True,False,False,plants_trees_tall^violate^invalid,0.793895095,3.51040315,0.5,0.00014996657004577623,-1.5793748,-13.490645,-1.299109455,-2.270526500000001,65.45802229499999,13.0,3.171338925,3.171338925,1.0,1.8511591116003463,12.0,162.3544972,8.0,7.527773,22.5921845265,8.0,22.149570838901894,38.92637442665298,8.0
True,consistent,24.965742,vehicles_mobile_buildings,Human,True,True,True,True,False,vehicles_mobile_buildings^consistent^valid,0.7901149000000001,3.24187005,1.0,0.0005113843142012156,-0.28983744,-11.434633,1.2501793600000002,2.2135015000000005,64.66180131,13.0,2.464466,2.4590445,0.7777777777777778,4.442020771302079,13.0,149.4413246465,11.0,20.706922953499998,8.015376199999999,13.0,37.90102485689671,21.74461635831828,13.0
True,violate,19.932542,plants_trees_tall,Human,False,False,True,False,False,plants_trees_tall^violate^invalid,0.793895095,3.51040315,0.5,0.00014996657004577623,-1.5793748,-13.490645,-1.299109455,-2.270526500000001,65.45802229499999,13.0,3.171338925,3.171338925,1.0,1.8511591116003463,12.0,162.3544972,8.0,7.527773,22.5921845265,8.0,22.149570838901894,38.92637442665298,8.0
False,consistent,28.99172,guns_weapons_dangerous,Human,True,False,True,True,False,guns_weapons_dangerous^consistent^valid,0.77679162,3.5663824,1.0,0.000505075756261664,-0.24005200999999998,-11.321275,1.52967739,2.01926,65.19270562,13.0,2.408373,2.3540174999999994,0.7222222222222222,4.528580771028099,13.0,146.97860588999998,11.0,23.71855486,7.937384999999999,13.0,42.14477001469356,22.44426420098961,13.0
True,violate,14.631682,famous_wealthy_old,Human,False,False,True,False,False,famous_wealthy_old^violate^invalid,0.87312005,2.6614516999999998,0.5,0.00016828834318306917,-1.4501602999999998,-13.717581,-1.1198949749999998,-1.9147385000000003,63.313324365,13.0,3.0011390700000002,3.0011390700000002,1.0,1.8920460024804528,12.0,162.84543685,8.0,8.30900025,19.605365027000005,8.0,22.924968185072427,40.092007031595884,8.0
True,nonsense,44.963637,nonsense_gick_criff_riff,Human,False,False,False,False,True,nonsense_gick_criff_riff^nonsense^invalid,0.8612199,3.39642235,0.5,0.0001332815010463566,-1.4914692,-13.8843395,-1.1763248099999999,-1.839945000000001,64.23723944,13.0,2.8424378999999997,2.8424378999999997,1.0,2.183215925526847,12.0,168.68162,8.0,8.0984081,21.566258694999995,8.0,22.128120142400363,40.12134325330565,8.0
False,violate,47.398987,gems_diamonds_transparent,Human,True,False,True,False,False,gems_diamonds_transparent^violate^valid,0.76021125,3.5893800999999996,1.0,0.00048815408004441356,-0.2503325,-11.2991575,1.4433470000000002,2.1570367500000005,64.81318300500001,13.0,2.4854147500000003,2.4854147500000003,0.7222222222222222,4.529485454724581,13.0,147.57797794700002,11.0,23.721060653000002,8.06224375,13.0,40.608537525421085,22.147881092719754,13.0
False,nonsense,53.108356,nonsense_sclace_dact_yink,Human,True,False,False,False,True,nonsense_sclace_dact_yink^nonsense^valid,0.8292588000000001,3.38698765,1.0,0.00032939366503072876,-0.284816085,-12.1505455,1.3155842150000001,1.9092854999999993,64.37754075500001,13.0,2.8964644999999996,2.8964644999999996,0.7777777777777778,4.397219390962283,13.0,154.807185485,11.0,22.625491564999997,7.634923699999999,13.0,39.96590722489417,22.404252027135517,13.0
False,violate,54.998593,dragons_mythical_exist,Human,True,False,True,False,False,dragons_mythical_exist^violate^valid,0.75148356,2.8738599999999996,1.0,0.0005189435956516459,-0.26330629,-11.520957,1.3558540099999998,2.0962345000000004,63.32477595,13.0,2.811694,2.811694,0.7777777777777778,4.4430572518545866,13.0,150.356716115,11.0,21.197658335,8.195210249999999,13.0,39.904746323537225,22.381037669416266,13.0
True,violate,34.898997,flowers_animals_reptiles,Human,False,False,True,False,False,flowers_animals_reptiles^violate^invalid,0.78983112,3.4566548,0.5,0.00015675988408831546,-1.4911014,-13.439756,-1.1895694900000002,-2.1522049999999995,64.77486127,13.0,2.9109193099999997,2.9109193099999997,1.0,2.061807445037059,12.0,161.2473255,8.0,7.121911899999999,21.092282462500002,8.0,22.00951853136907,37.41110084930707,8.0
False,consistent,27.897108,guns_weapons_dangerous,Human,True,False,True,True,False,guns_weapons_dangerous^consistent^valid,0.77679162,3.5663824,1.0,0.000505075756261664,-0.24005200999999998,-11.321275,1.52967739,2.01926,65.19270562,13.0,2.408373,2.3540174999999994,0.7222222222222222,4.528580771028099,13.0,146.97860588999998,11.0,23.71855486,7.937384999999999,13.0,42.14477001469356,22.44426420098961,13.0
True,consistent,25.648095,famous_wealthy_old,Human,True,True,True,True,False,famous_wealthy_old^consistent^valid,0.846912205,2.5031982,1.0,0.0004996552466172478,-0.31150541,-11.814615,1.18588639,2.0049155,63.99374635,13.0,2.634410000000001,2.634410000000001,0.7222222222222222,4.270966980637006,13.0,151.897600068,11.0,20.442675282000003,7.925144250000001,13.0,39.76283450495063,22.26409818257627,13.0
True,consistent,20.996769,food_vegetables_healthy,Human,True,True,True,True,False,food_vegetables_healthy^consistent^valid,0.7606136,3.3383755500000003,1.0,0.0005669087190239791,-0.24247479500000002,-11.1414715,1.497656805,2.418847500000001,65.30056738000002,13.0,2.4084665000000003,1.993214,0.7222222222222222,4.528359460105362,13.0,146.699753749,11.0,23.619699101000002,7.8409485,13.0,39.50832733759715,22.534533309605877,13.0
True,consistent,49.731165,famous_wealthy_old,Human,True,True,True,True,False,famous_wealthy_old^consistent^valid,0.846912205,2.5031982,1.0,0.0004996552466172478,-0.31150541,-11.814615,1.18588639,2.0049155,63.99374635,13.0,2.634410000000001,2.634410000000001,0.7222222222222222,4.270966980637006,13.0,151.897600068,11.0,20.442675282000003,7.925144250000001,13.0,39.76283450495063,22.26409818257627,13.0
True,consistent,29.064105,famous_wealthy_old,Human,True,True,True,True,False,famous_wealthy_old^consistent^valid,0.846912205,2.5031982,1.0,0.0004996552466172478,-0.31150541,-11.814615,1.18588639,2.0049155,63.99374635,13.0,2.634410000000001,2.634410000000001,0.7222222222222222,4.270966980637006,13.0,151.897600068,11.0,20.442675282000003,7.925144250000001,13.0,39.76283450495063,22.26409818257627,13.0
True,nonsense,41.564319,nonsense_glap_phropt_soff,Human,False,False,False,False,True,nonsense_glap_phropt_soff^nonsense^invalid,0.87850963,3.08565485,0.5,0.00014406698132474584,-1.39613405,-13.866895,-1.0513582649999997,-1.8580179999999995,63.10592593,13.0,2.9202051950000003,2.9202051950000003,1.0,2.0167774365909428,12.0,167.91992770000002,8.0,8.681804750000001,21.503753349,8.0,23.520581336935347,39.85138008668568,8.0
False,violate,31.365483,dragons_mythical_exist,Human,True,False,True,False,False,dragons_mythical_exist^violate^valid,0.75148356,2.8738599999999996,1.0,0.0005189435956516459,-0.26330629,-11.520957,1.3558540099999998,2.0962345000000004,63.32477595,13.0,2.811694,2.811694,0.7777777777777778,4.4430572518545866,13.0,150.356716115,11.0,21.197658335,8.195210249999999,13.0,39.904746323537225,22.381037669416266,13.0
True,violate,31.265397,dragons_mythical_exist,Human,True,True,True,False,False,dragons_mythical_exist^violate^valid,0.75148356,2.8738599999999996,1.0,0.0005189435956516459,-0.26330629,-11.520957,1.3558540099999998,2.0962345000000004,63.32477595,13.0,2.811694,2.811694,0.7777777777777778,4.4430572518545866,13.0,150.356716115,11.0,21.197658335,8.195210249999999,13.0,39.904746323537225,22.381037669416266,13.0
True,violate,14.46353,vehicles_mobile_buildings,Human,False,False,True,False,False,vehicles_mobile_buildings^violate^invalid,0.796380615,3.4365609,0.5,0.00014751019756706514,-1.56110105,-13.61116625,-1.276182175,-2.0661727500000007,65.20478771500001,13.0,2.9812755000000006,2.9812755000000006,1.0,2.0182174514232227,12.0,163.76190105,8.0,8.029251200000001,20.849118045,8.0,21.886379179892852,38.69211878263657,8.0
False,nonsense,18.364707,nonsense_sneb_jing_omp,Human,True,False,False,False,True,nonsense_sneb_jing_omp^nonsense^valid,0.87637675,2.9196453499999997,1.0,0.0003549313610474889,-0.378000965,-12.2291775,0.918018335,1.8000554999999991,62.32289851,13.0,3.1921244999999994,3.1921244999999994,0.8333333333333334,4.243235111391919,13.0,156.55068115299997,11.0,20.553673847,8.745690800000002,13.0,38.25296620955978,23.06310768422737,13.0
True,consistent,20.464482,famous_wealthy_old,Human,True,True,True,True,False,famous_wealthy_old^consistent^valid,0.846912205,2.5031982,1.0,0.0004996552466172478,-0.31150541,-11.814615,1.18588639,2.0049155,63.99374635,13.0,2.634410000000001,2.634410000000001,0.7222222222222222,4.270966980637006,13.0,151.897600068,11.0,20.442675282000003,7.925144250000001,13.0,39.76283450495063,22.26409818257627,13.0
False,nonsense,95.631421,nonsense_gick_criff_riff,Human,False,True,False,False,True,nonsense_gick_criff_riff^nonsense^invalid,0.8612199,3.39642235,0.5,0.0001332815010463566,-1.4914692,-13.8843395,-1.1763248099999999,-1.839945000000001,64.23723944,13.0,2.8424378999999997,2.8424378999999997,1.0,2.183215925526847,12.0,168.68162,8.0,8.0984081,21.566258694999995,8.0,22.128120142400363,40.12134325330565,8.0
False,nonsense,54.764324,nonsense_sland_spluff_gusp,Human,True,False,False,False,True,nonsense_sland_spluff_gusp^nonsense^valid,0.872637,3.3090408,1.0,0.0003598174698210298,-0.31491312,-11.999437499999999,1.1875199799999998,1.918761,64.24297702999999,13.0,2.9182584999999994,2.9182584999999994,0.8333333333333334,4.246622205868289,13.0,155.2853097325,11.0,22.3717830175,8.248085249999999,13.0,41.29246470950169,22.990290458151264,13.0
True,consistent,44.997698,librarians_happy_healthy,Human,True,True,True,True,False,librarians_happy_healthy^consistent^valid,0.81471435,2.79135215,1.0,0.0004919143841524687,-0.28437661999999997,-11.720515500000001,1.30202863,2.2542614999999993,64.126964595,13.0,2.438344,2.3815022499999996,0.7222222222222222,4.3966854214538955,13.0,151.1338408655,11.0,22.584206684499996,7.506011749999998,13.0,40.42208294959718,22.97218112692118,13.0
False,nonsense,47.998226,nonsense_phrist_biss_skemp,Human,True,False,False,False,True,nonsense_phrist_biss_skemp^nonsense^valid,0.87534025,3.4221852999999998,1.0,0.0003532534064746321,-0.33027441,-11.9904435,1.11622049,1.8328980000000001,64.660954655,13.0,2.9429380000000007,2.9429380000000007,0.8333333333333334,4.27113314324713,13.0,154.6944507,11.0,21.71719995,7.9257566,13.0,40.55514436990422,22.715357219251043,13.0
True,nonsense,45.59895,nonsense_nept_bript_jeft,Human,False,False,False,False,True,nonsense_nept_bript_jeft^nonsense^invalid,0.8772813500000001,3.0747101,0.5,0.0001299578541359125,-1.4329657500000001,-14.034797999999999,-1.0986861650000002,-1.9411234999999998,63.65789524,13.0,3.0451669999999997,3.0451669999999997,1.0,1.93149606970471,12.0,169.96481565,8.0,7.523720849999999,21.967738136,8.0,22.370068804577333,39.67799952122178,8.0
False,consistent,37.230078,politicians_dishonest_lie,Human,False,True,True,True,False,politicians_dishonest_lie^consistent^invalid,0.8282832200000001,2.41572515,0.5,0.00017147413329596852,-1.6312616,-13.7355145,-1.35396198,-2.0674230000000007,64.29544712500001,13.0,3.3701599700000004,3.3701599700000004,1.0,1.7801620809174568,13.5,165.6062234,8.0,7.93723475,22.5717142975,8.0,21.735643631445093,40.921978792226106,8.0
True,consistent,66.363472,dragons_mythical_exist,Human,False,False,True,True,False,dragons_mythical_exist^consistent^invalid,0.8439043150000001,2.9684752,0.5,0.00015748787793340695,-1.4308790999999998,-13.560780000000001,-1.1025934099999999,-1.9984345000000001,65.02149115,13.0,2.6834890499999995,2.6834890499999995,1.0,2.105324124709144,12.0,161.41969404999998,8.0,8.81267335,17.8095341215,8.0,23.154700330327426,36.973125524637055,8.0
True,violate,182.765297,flowers_animals_reptiles,Human,False,False,True,False,False,flowers_animals_reptiles^violate^invalid,0.78983112,3.4566548,0.5,0.00015675988408831546,-1.4911014,-13.439756,-1.1895694900000002,-2.1522049999999995,64.77486127,13.0,2.9109193099999997,2.9109193099999997,1.0,2.061807445037059,12.0,161.2473255,8.0,7.121911899999999,21.092282462500002,8.0,22.00951853136907,37.41110084930707,8.0
True,violate,19.397243,gems_diamonds_transparent,Human,False,False,True,False,False,gems_diamonds_transparent^violate^invalid,0.80006635,3.4921516500000003,0.5,0.0001498924813805521,-1.5872069,-13.480996999999999,-1.3072939,-2.2550725,64.74042812500001,13.0,2.97899922,2.97899922,1.0,1.851528100172782,12.0,162.84346994999999,8.0,8.16023375,22.413309426999998,8.0,22.65525646655066,40.0872884258531,8.0
True,violate,20.728999,famous_wealthy_old,Human,True,True,True,False,False,famous_wealthy_old^violate^valid,0.842092925,2.70853255,1.0,0.0004890306659845316,-0.294347495,-11.781068000000001,1.269793505,1.8836114999999989,63.002077740000004,13.0,2.7637085,2.7637085,0.7222222222222222,4.314656211531842,13.0,150.848518432,11.0,21.104605768,8.048890750000002,13.0,41.20358788514747,22.217639795756412,13.0
False,nonsense,29.896848,nonsense_sclace_dact_yink,Human,True,False,False,False,True,nonsense_sclace_dact_yink^nonsense^valid,0.8292588000000001,3.38698765,1.0,0.00032939366503072876,-0.284816085,-12.1505455,1.3155842150000001,1.9092854999999993,64.37754075500001,13.0,2.8964644999999996,2.8964644999999996,0.7777777777777778,4.397219390962283,13.0,154.807185485,11.0,22.625491564999997,7.634923699999999,13.0,39.96590722489417,22.404252027135517,13.0
False,consistent,33.727909,politicians_dishonest_lie,Human,False,True,True,True,False,politicians_dishonest_lie^consistent^invalid,0.8282832200000001,2.41572515,0.5,0.00017147413329596852,-1.6312616,-13.7355145,-1.35396198,-2.0674230000000007,64.29544712500001,13.0,3.3701599700000004,3.3701599700000004,1.0,1.7801620809174568,13.5,165.6062234,8.0,7.93723475,22.5717142975,8.0,21.735643631445093,40.921978792226106,8.0
True,consistent,8.562831,guns_weapons_dangerous,Human,True,True,True,True,False,guns_weapons_dangerous^consistent^valid,0.77679162,3.5663824,1.0,0.000505075756261664,-0.24005200999999998,-11.321275,1.52967739,2.01926,65.19270562,13.0,2.408373,2.3540174999999994,0.7222222222222222,4.528580771028099,13.0,146.97860588999998,11.0,23.71855486,7.937384999999999,13.0,42.14477001469356,22.44426420098961,13.0
False,violate,29.296191,flowers_animals_reptiles,Human,False,True,True,False,False,flowers_animals_reptiles^violate^invalid,0.78983112,3.4566548,0.5,0.00015675988408831546,-1.4911014,-13.439756,-1.1895694900000002,-2.1522049999999995,64.77486127,13.0,2.9109193099999997,2.9109193099999997,1.0,2.061807445037059,12.0,161.2473255,8.0,7.121911899999999,21.092282462500002,8.0,22.00951853136907,37.41110084930707,8.0
True,violate,16.779608,plants_trees_tall,Human,False,False,True,False,False,plants_trees_tall^violate^invalid,0.793895095,3.51040315,0.5,0.00014996657004577623,-1.5793748,-13.490645,-1.299109455,-2.270526500000001,65.45802229499999,13.0,3.171338925,3.171338925,1.0,1.8511591116003463,12.0,162.3544972,8.0,7.527773,22.5921845265,8.0,22.149570838901894,38.92637442665298,8.0
False,consistent,26.465684,librarians_happy_healthy,Human,True,False,True,True,False,librarians_happy_healthy^consistent^valid,0.81471435,2.79135215,1.0,0.0004919143841524687,-0.28437661999999997,-11.720515500000001,1.30202863,2.2542614999999993,64.126964595,13.0,2.438344,2.3815022499999996,0.7222222222222222,4.3966854214538955,13.0,151.1338408655,11.0,22.584206684499996,7.506011749999998,13.0,40.42208294959718,22.97218112692118,13.0
True,nonsense,16.497031,nonsense_shrad_splect_dring,Human,True,True,False,False,True,nonsense_shrad_splect_dring^nonsense^valid,0.9150424500000001,3.3742295,1.0,0.00036229458927041045,-0.36611007500000003,-11.956315,0.987147325,1.9446754999999998,64.36049211,13.0,2.77952525,2.77952525,0.8333333333333334,4.269807825580074,13.0,154.984396102,11.0,22.572676148000003,7.6024691,13.0,40.053489229573486,22.78662454765672,13.0
True,violate,20.831812,plants_trees_tall,Human,False,False,True,False,False,plants_trees_tall^violate^invalid,0.793895095,3.51040315,0.5,0.00014996657004577623,-1.5793748,-13.490645,-1.299109455,-2.270526500000001,65.45802229499999,13.0,3.171338925,3.171338925,1.0,1.8511591116003463,12.0,162.3544972,8.0,7.527773,22.5921845265,8.0,22.149570838901894,38.92637442665298,8.0
True,violate,19.432158,gems_diamonds_transparent,Human,True,True,True,False,False,gems_diamonds_transparent^violate^valid,0.76021125,3.5893800999999996,1.0,0.00048815408004441356,-0.2503325,-11.2991575,1.4433470000000002,2.1570367500000005,64.81318300500001,13.0,2.4854147500000003,2.4854147500000003,0.7222222222222222,4.529485454724581,13.0,147.57797794700002,11.0,23.721060653000002,8.06224375,13.0,40.608537525421085,22.147881092719754,13.0
True,violate,15.930657,food_vegetables_healthy,Human,True,True,True,False,False,food_vegetables_healthy^violate^valid,0.75775912,3.3562648,1.0,0.0005377323044018613,-0.238601935,-11.2282355,1.519996665,2.310215499999999,65.00056803500001,13.0,2.382694,2.1047494999999996,0.7222222222222222,4.530185999346359,13.0,146.082557565,11.0,23.565857535,7.447397499999999,13.0,40.36793884787534,22.174123722577942,13.0
True,nonsense,19.732285,nonsense_fleff_drap_ved,Human,False,False,False,False,True,nonsense_fleff_drap_ved^nonsense^invalid,0.8759138,3.1138594,0.5,0.00013458369876571117,-1.4099640999999998,-13.9619065,-1.069373145,-1.9967899999999998,63.891125015,13.0,2.7940208550000003,2.7940208550000003,1.0,2.1831661771123385,12.0,166.4123376,8.0,7.75694765,21.004694477999998,8.0,22.55367198278043,39.078348840882946,8.0
True,consistent,11.03106,guns_weapons_dangerous,Human,True,True,True,True,False,guns_weapons_dangerous^consistent^valid,0.77679162,3.5663824,1.0,0.000505075756261664,-0.24005200999999998,-11.321275,1.52967739,2.01926,65.19270562,13.0,2.408373,2.3540174999999994,0.7222222222222222,4.528580771028099,13.0,146.97860588999998,11.0,23.71855486,7.937384999999999,13.0,42.14477001469356,22.44426420098961,13.0
True,nonsense,40.430476,nonsense_phrite_ing_pand,Human,True,True,False,False,True,nonsense_phrite_ing_pand^nonsense^valid,0.8776451350000001,3.47802355,1.0,0.0003892392724020494,-0.33281863,-11.7538845,1.10335637,1.8144739999999997,65.140000715,13.0,2.9024744999999994,2.9024744999999994,0.8333333333333334,4.270808168509651,13.0,152.99196145250002,11.0,20.3915064475,8.69206875,13.0,39.305111147970294,23.704698253611653,13.0
True,violate,15.897219,famous_wealthy_old,Human,False,False,True,False,False,famous_wealthy_old^violate^invalid,0.87312005,2.6614516999999998,0.5,0.00016828834318306917,-1.4501602999999998,-13.717581,-1.1198949749999998,-1.9147385000000003,63.313324365,13.0,3.0011390700000002,3.0011390700000002,1.0,1.8920460024804528,12.0,162.84543685,8.0,8.30900025,19.605365027000005,8.0,22.924968185072427,40.092007031595884,8.0
True,consistent,24.465624,vehicles_mobile_buildings,Human,True,True,True,True,False,vehicles_mobile_buildings^consistent^valid,0.7901149000000001,3.24187005,1.0,0.0005113843142012156,-0.28983744,-11.434633,1.2501793600000002,2.2135015000000005,64.66180131,13.0,2.464466,2.4590445,0.7777777777777778,4.442020771302079,13.0,149.4413246465,11.0,20.706922953499998,8.015376199999999,13.0,37.90102485689671,21.74461635831828,13.0
True,consistent,24.497986,guns_weapons_dangerous,Human,True,True,True,True,False,guns_weapons_dangerous^consistent^valid,0.77679162,3.5663824,1.0,0.000505075756261664,-0.24005200999999998,-11.321275,1.52967739,2.01926,65.19270562,13.0,2.408373,2.3540174999999994,0.7222222222222222,4.528580771028099,13.0,146.97860588999998,11.0,23.71855486,7.937384999999999,13.0,42.14477001469356,22.44426420098961,13.0
True,nonsense,72.963931,nonsense_sclack_chask_pron,Human,True,True,False,False,True,nonsense_sclack_chask_pron^nonsense^valid,0.8760077500000001,3.19302525,1.0,0.0003237578974288026,-0.327950645,-12.234436500000001,1.1274842550000002,1.8480102499999997,64.35325353,13.0,2.8875195,2.8875195,0.7777777777777778,4.286734894573403,13.0,156.1993985345,11.0,21.571893615499995,7.868363349999999,13.0,39.81457221128332,22.977012135674755,13.0
True,violate,15.995235,computers_electronics_expensive,Human,False,False,True,False,False,computers_electronics_expensive^violate^invalid,0.810087475,3.31665395,0.5,0.00015943531510909025,-1.6252526,-13.487348,-1.35076813,-2.371691,64.154017735,13.0,3.014700035,3.014700035,1.0,1.8518790945496235,12.0,162.01872735,8.0,7.681027500000002,22.788343261999998,8.0,22.434826467936805,40.071035681739176,8.0
True,violate,38.230176,dragons_mythical_exist,Human,False,False,True,False,False,dragons_mythical_exist^violate^invalid,0.7496491999999999,2.7785035000000002,0.5,0.00015468943720704716,-1.7071033500000001,-13.6957835,-1.461802445,-2.080981499999999,63.269095475,13.0,2.9363595899999995,2.9363595899999995,1.0,2.019378182385685,12.0,165.12476145,8.0,8.051998000000001,21.815614513499995,8.0,21.918670240760562,40.2427733064133,8.0
False,violate,29.296097,vehicles_mobile_buildings,Human,True,False,True,False,False,vehicles_mobile_buildings^violate^valid,0.83037915,3.26490065,1.0,0.0004804208874633685,-0.318618655,-11.5553585,1.135104195,2.1417075000000008,64.8953517,13.0,2.6886595,2.6886595,0.7222222222222222,4.524039423271558,13.0,151.264297378,11.0,19.685797322,8.39636175,13.0,37.318121155690875,22.09315208230263,13.0
True,nonsense,19.398634,nonsense_sland_spluff_gusp,Human,True,True,False,False,True,nonsense_sland_spluff_gusp^nonsense^valid,0.872637,3.3090408,1.0,0.0003598174698210298,-0.31491312,-11.999437499999999,1.1875199799999998,1.918761,64.24297702999999,13.0,2.9182584999999994,2.9182584999999994,0.8333333333333334,4.246622205868289,13.0,155.2853097325,11.0,22.3717830175,8.248085249999999,13.0,41.29246470950169,22.990290458151264,13.0
False,nonsense,29.030752,nonsense_sland_spluff_gusp,Human,True,False,False,False,True,nonsense_sland_spluff_gusp^nonsense^valid,0.872637,3.3090408,1.0,0.0003598174698210298,-0.31491312,-11.999437499999999,1.1875199799999998,1.918761,64.24297702999999,13.0,2.9182584999999994,2.9182584999999994,0.8333333333333334,4.246622205868289,13.0,155.2853097325,11.0,22.3717830175,8.248085249999999,13.0,41.29246470950169,22.990290458151264,13.0
True,nonsense,24.697273,nonsense_glap_phropt_soff,Human,False,False,False,False,True,nonsense_glap_phropt_soff^nonsense^invalid,0.87850963,3.08565485,0.5,0.00014406698132474584,-1.39613405,-13.866895,-1.0513582649999997,-1.8580179999999995,63.10592593,13.0,2.9202051950000003,2.9202051950000003,1.0,2.0167774365909428,12.0,167.91992770000002,8.0,8.681804750000001,21.503753349,8.0,23.520581336935347,39.85138008668568,8.0
False,consistent,22.631768,famous_wealthy_old,Human,True,False,True,True,False,famous_wealthy_old^consistent^valid,0.846912205,2.5031982,1.0,0.0004996552466172478,-0.31150541,-11.814615,1.18588639,2.0049155,63.99374635,13.0,2.634410000000001,2.634410000000001,0.7222222222222222,4.270966980637006,13.0,151.897600068,11.0,20.442675282000003,7.925144250000001,13.0,39.76283450495063,22.26409818257627,13.0
True,violate,52.296478,vehicles_mobile_buildings,Human,False,False,True,False,False,vehicles_mobile_buildings^violate^invalid,0.796380615,3.4365609,0.5,0.00014751019756706514,-1.56110105,-13.61116625,-1.276182175,-2.0661727500000007,65.20478771500001,13.0,2.9812755000000006,2.9812755000000006,1.0,2.0182174514232227,12.0,163.76190105,8.0,8.029251200000001,20.849118045,8.0,21.886379179892852,38.69211878263657,8.0
True,consistent,15.994947,guns_weapons_dangerous,Human,True,True,True,True,False,guns_weapons_dangerous^consistent^valid,0.77679162,3.5663824,1.0,0.000505075756261664,-0.24005200999999998,-11.321275,1.52967739,2.01926,65.19270562,13.0,2.408373,2.3540174999999994,0.7222222222222222,4.528580771028099,13.0,146.97860588999998,11.0,23.71855486,7.937384999999999,13.0,42.14477001469356,22.44426420098961,13.0
True,violate,62.632068,dragons_mythical_exist,Human,True,True,True,False,False,dragons_mythical_exist^violate^valid,0.75148356,2.8738599999999996,1.0,0.0005189435956516459,-0.26330629,-11.520957,1.3558540099999998,2.0962345000000004,63.32477595,13.0,2.811694,2.811694,0.7777777777777778,4.4430572518545866,13.0,150.356716115,11.0,21.197658335,8.195210249999999,13.0,39.904746323537225,22.381037669416266,13.0
True,nonsense,25.930281,nonsense_shrad_splect_dring,Human,True,True,False,False,True,nonsense_shrad_splect_dring^nonsense^valid,0.9150424500000001,3.3742295,1.0,0.00036229458927041045,-0.36611007500000003,-11.956315,0.987147325,1.9446754999999998,64.36049211,13.0,2.77952525,2.77952525,0.8333333333333334,4.269807825580074,13.0,154.984396102,11.0,22.572676148000003,7.6024691,13.0,40.053489229573486,22.78662454765672,13.0
False,nonsense,71.059949,nonsense_sneb_jing_omp,Human,True,False,False,False,True,nonsense_sneb_jing_omp^nonsense^valid,0.87637675,2.9196453499999997,1.0,0.0003549313610474889,-0.378000965,-12.2291775,0.918018335,1.8000554999999991,62.32289851,13.0,3.1921244999999994,3.1921244999999994,0.8333333333333334,4.243235111391919,13.0,156.55068115299997,11.0,20.553673847,8.745690800000002,13.0,38.25296620955978,23.06310768422737,13.0
True,violate,51.099126,flowers_animals_reptiles,Human,False,False,True,False,False,flowers_animals_reptiles^violate^invalid,0.78983112,3.4566548,0.5,0.00015675988408831546,-1.4911014,-13.439756,-1.1895694900000002,-2.1522049999999995,64.77486127,13.0,2.9109193099999997,2.9109193099999997,1.0,2.061807445037059,12.0,161.2473255,8.0,7.121911899999999,21.092282462500002,8.0,22.00951853136907,37.41110084930707,8.0
False,violate,16.931016,vehicles_mobile_buildings,Human,True,False,True,False,False,vehicles_mobile_buildings^violate^valid,0.83037915,3.26490065,1.0,0.0004804208874633685,-0.318618655,-11.5553585,1.135104195,2.1417075000000008,64.8953517,13.0,2.6886595,2.6886595,0.7222222222222222,4.524039423271558,13.0,151.264297378,11.0,19.685797322,8.39636175,13.0,37.318121155690875,22.09315208230263,13.0
True,consistent,46.974954,famous_wealthy_old,Human,True,True,True,True,False,famous_wealthy_old^consistent^valid,0.846912205,2.5031982,1.0,0.0004996552466172478,-0.31150541,-11.814615,1.18588639,2.0049155,63.99374635,13.0,2.634410000000001,2.634410000000001,0.7222222222222222,4.270966980637006,13.0,151.897600068,11.0,20.442675282000003,7.925144250000001,13.0,39.76283450495063,22.26409818257627,13.0
False,violate,53.098815,flowers_animals_reptiles,Human,False,True,True,False,False,flowers_animals_reptiles^violate^invalid,0.78983112,3.4566548,0.5,0.00015675988408831546,-1.4911014,-13.439756,-1.1895694900000002,-2.1522049999999995,64.77486127,13.0,2.9109193099999997,2.9109193099999997,1.0,2.061807445037059,12.0,161.2473255,8.0,7.121911899999999,21.092282462500002,8.0,22.00951853136907,37.41110084930707,8.0
False,violate,25.364413,food_vegetables_healthy,Human,True,False,True,False,False,food_vegetables_healthy^violate^valid,0.75775912,3.3562648,1.0,0.0005377323044018613,-0.238601935,-11.2282355,1.519996665,2.310215499999999,65.00056803500001,13.0,2.382694,2.1047494999999996,0.7222222222222222,4.530185999346359,13.0,146.082557565,11.0,23.565857535,7.447397499999999,13.0,40.36793884787534,22.174123722577942,13.0
True,nonsense,56.898652,nonsense_nept_bript_jeft,Human,False,False,False,False,True,nonsense_nept_bript_jeft^nonsense^invalid,0.8772813500000001,3.0747101,0.5,0.0001299578541359125,-1.4329657500000001,-14.034797999999999,-1.0986861650000002,-1.9411234999999998,63.65789524,13.0,3.0451669999999997,3.0451669999999997,1.0,1.93149606970471,12.0,169.96481565,8.0,7.523720849999999,21.967738136,8.0,22.370068804577333,39.67799952122178,8.0
True,consistent,32.764647,famous_wealthy_old,Human,True,True,True,True,False,famous_wealthy_old^consistent^valid,0.846912205,2.5031982,1.0,0.0004996552466172478,-0.31150541,-11.814615,1.18588639,2.0049155,63.99374635,13.0,2.634410000000001,2.634410000000001,0.7222222222222222,4.270966980637006,13.0,151.897600068,11.0,20.442675282000003,7.925144250000001,13.0,39.76283450495063,22.26409818257627,13.0
True,violate,39.46593,dragons_mythical_exist,Human,True,True,True,False,False,dragons_mythical_exist^violate^valid,0.75148356,2.8738599999999996,1.0,0.0005189435956516459,-0.26330629,-11.520957,1.3558540099999998,2.0962345000000004,63.32477595,13.0,2.811694,2.811694,0.7777777777777778,4.4430572518545866,13.0,150.356716115,11.0,21.197658335,8.195210249999999,13.0,39.904746323537225,22.381037669416266,13.0
True,violate,30.130747,dragons_mythical_exist,Human,False,False,True,False,False,dragons_mythical_exist^violate^invalid,0.7496491999999999,2.7785035000000002,0.5,0.00015468943720704716,-1.7071033500000001,-13.6957835,-1.461802445,-2.080981499999999,63.269095475,13.0,2.9363595899999995,2.9363595899999995,1.0,2.019378182385685,12.0,165.12476145,8.0,8.051998000000001,21.815614513499995,8.0,21.918670240760562,40.2427733064133,8.0
True,consistent,21.864005,guns_weapons_dangerous,Human,True,True,True,True,False,guns_weapons_dangerous^consistent^valid,0.77679162,3.5663824,1.0,0.000505075756261664,-0.24005200999999998,-11.321275,1.52967739,2.01926,65.19270562,13.0,2.408373,2.3540174999999994,0.7222222222222222,4.528580771028099,13.0,146.97860588999998,11.0,23.71855486,7.937384999999999,13.0,42.14477001469356,22.44426420098961,13.0
True,consistent,8.663487,politicians_dishonest_lie,Human,False,False,True,True,False,politicians_dishonest_lie^consistent^invalid,0.8282832200000001,2.41572515,0.5,0.00017147413329596852,-1.6312616,-13.7355145,-1.35396198,-2.0674230000000007,64.29544712500001,13.0,3.3701599700000004,3.3701599700000004,1.0,1.7801620809174568,13.5,165.6062234,8.0,7.93723475,22.5717142975,8.0,21.735643631445093,40.921978792226106,8.0
False,consistent,23.097927,dragons_mythical_exist,Human,False,True,True,True,False,dragons_mythical_exist^consistent^invalid,0.8439043150000001,2.9684752,0.5,0.00015748787793340695,-1.4308790999999998,-13.560780000000001,-1.1025934099999999,-1.9984345000000001,65.02149115,13.0,2.6834890499999995,2.6834890499999995,1.0,2.105324124709144,12.0,161.41969404999998,8.0,8.81267335,17.8095341215,8.0,23.154700330327426,36.973125524637055,8.0
True,nonsense,51.631842,nonsense_phrite_ing_pand,Human,True,True,False,False,True,nonsense_phrite_ing_pand^nonsense^valid,0.8776451350000001,3.47802355,1.0,0.0003892392724020494,-0.33281863,-11.7538845,1.10335637,1.8144739999999997,65.140000715,13.0,2.9024744999999994,2.9024744999999994,0.8333333333333334,4.270808168509651,13.0,152.99196145250002,11.0,20.3915064475,8.69206875,13.0,39.305111147970294,23.704698253611653,13.0
True,consistent,23.730085,librarians_happy_healthy,Human,True,True,True,True,False,librarians_happy_healthy^consistent^valid,0.81471435,2.79135215,1.0,0.0004919143841524687,-0.28437661999999997,-11.720515500000001,1.30202863,2.2542614999999993,64.126964595,13.0,2.438344,2.3815022499999996,0.7222222222222222,4.3966854214538955,13.0,151.1338408655,11.0,22.584206684499996,7.506011749999998,13.0,40.42208294959718,22.97218112692118,13.0
True,nonsense,23.898693,nonsense_gick_criff_riff,Human,False,False,False,False,True,nonsense_gick_criff_riff^nonsense^invalid,0.8612199,3.39642235,0.5,0.0001332815010463566,-1.4914692,-13.8843395,-1.1763248099999999,-1.839945000000001,64.23723944,13.0,2.8424378999999997,2.8424378999999997,1.0,2.183215925526847,12.0,168.68162,8.0,8.0984081,21.566258694999995,8.0,22.128120142400363,40.12134325330565,8.0
True,violate,25.664121,computers_electronics_expensive,Human,False,False,True,False,False,computers_electronics_expensive^violate^invalid,0.810087475,3.31665395,0.5,0.00015943531510909025,-1.6252526,-13.487348,-1.35076813,-2.371691,64.154017735,13.0,3.014700035,3.014700035,1.0,1.8518790945496235,12.0,162.01872735,8.0,7.681027500000002,22.788343261999998,8.0,22.434826467936805,40.071035681739176,8.0
True,consistent,38.765624,vehicles_mobile_buildings,Human,True,True,True,True,False,vehicles_mobile_buildings^consistent^valid,0.7901149000000001,3.24187005,1.0,0.0005113843142012156,-0.28983744,-11.434633,1.2501793600000002,2.2135015000000005,64.66180131,13.0,2.464466,2.4590445,0.7777777777777778,4.442020771302079,13.0,149.4413246465,11.0,20.706922953499998,8.015376199999999,13.0,37.90102485689671,21.74461635831828,13.0
True,nonsense,36.264711,nonsense_phrist_biss_skemp,Human,True,True,False,False,True,nonsense_phrist_biss_skemp^nonsense^valid,0.87534025,3.4221852999999998,1.0,0.0003532534064746321,-0.33027441,-11.9904435,1.11622049,1.8328980000000001,64.660954655,13.0,2.9429380000000007,2.9429380000000007,0.8333333333333334,4.27113314324713,13.0,154.6944507,11.0,21.71719995,7.9257566,13.0,40.55514436990422,22.715357219251043,13.0
True,consistent,42.230501,food_vegetables_healthy,Human,True,True,True,True,False,food_vegetables_healthy^consistent^valid,0.7606136,3.3383755500000003,1.0,0.0005669087190239791,-0.24247479500000002,-11.1414715,1.497656805,2.418847500000001,65.30056738000002,13.0,2.4084665000000003,1.993214,0.7222222222222222,4.528359460105362,13.0,146.699753749,11.0,23.619699101000002,7.8409485,13.0,39.50832733759715,22.534533309605877,13.0
True,nonsense,13.497459,nonsense_sland_spluff_gusp,Human,True,True,False,False,True,nonsense_sland_spluff_gusp^nonsense^valid,0.872637,3.3090408,1.0,0.0003598174698210298,-0.31491312,-11.999437499999999,1.1875199799999998,1.918761,64.24297702999999,13.0,2.9182584999999994,2.9182584999999994,0.8333333333333334,4.246622205868289,13.0,155.2853097325,11.0,22.3717830175,8.248085249999999,13.0,41.29246470950169,22.990290458151264,13.0
False,consistent,29.297794,politicians_dishonest_lie,Human,False,True,True,True,False,politicians_dishonest_lie^consistent^invalid,0.8282832200000001,2.41572515,0.5,0.00017147413329596852,-1.6312616,-13.7355145,-1.35396198,-2.0674230000000007,64.29544712500001,13.0,3.3701599700000004,3.3701599700000004,1.0,1.7801620809174568,13.5,165.6062234,8.0,7.93723475,22.5717142975,8.0,21.735643631445093,40.921978792226106,8.0
False,violate,54.265163,plants_trees_tall,Human,False,True,True,False,False,plants_trees_tall^violate^invalid,0.793895095,3.51040315,0.5,0.00014996657004577623,-1.5793748,-13.490645,-1.299109455,-2.270526500000001,65.45802229499999,13.0,3.171338925,3.171338925,1.0,1.8511591116003463,12.0,162.3544972,8.0,7.527773,22.5921845265,8.0,22.149570838901894,38.92637442665298,8.0
False,nonsense,46.031158,nonsense_sclack_chask_pron,Human,True,False,False,False,True,nonsense_sclack_chask_pron^nonsense^valid,0.8760077500000001,3.19302525,1.0,0.0003237578974288026,-0.327950645,-12.234436500000001,1.1274842550000002,1.8480102499999997,64.35325353,13.0,2.8875195,2.8875195,0.7777777777777778,4.286734894573403,13.0,156.1993985345,11.0,21.571893615499995,7.868363349999999,13.0,39.81457221128332,22.977012135674755,13.0
True,violate,38.030672,plants_trees_tall,Human,False,False,True,False,False,plants_trees_tall^violate^invalid,0.793895095,3.51040315,0.5,0.00014996657004577623,-1.5793748,-13.490645,-1.299109455,-2.270526500000001,65.45802229499999,13.0,3.171338925,3.171338925,1.0,1.8511591116003463,12.0,162.3544972,8.0,7.527773,22.5921845265,8.0,22.149570838901894,38.92637442665298,8.0
True,violate,12.831524,famous_wealthy_old,Human,False,False,True,False,False,famous_wealthy_old^violate^invalid,0.87312005,2.6614516999999998,0.5,0.00016828834318306917,-1.4501602999999998,-13.717581,-1.1198949749999998,-1.9147385000000003,63.313324365,13.0,3.0011390700000002,3.0011390700000002,1.0,1.8920460024804528,12.0,162.84543685,8.0,8.30900025,19.605365027000005,8.0,22.924968185072427,40.092007031595884,8.0
True,nonsense,14.630327,nonsense_sclace_dact_yink,Human,True,True,False,False,True,nonsense_sclace_dact_yink^nonsense^valid,0.8292588000000001,3.38698765,1.0,0.00032939366503072876,-0.284816085,-12.1505455,1.3155842150000001,1.9092854999999993,64.37754075500001,13.0,2.8964644999999996,2.8964644999999996,0.7777777777777778,4.397219390962283,13.0,154.807185485,11.0,22.625491564999997,7.634923699999999,13.0,39.96590722489417,22.404252027135517,13.0
True,violate,43.564725,gems_diamonds_transparent,Human,True,True,True,False,False,gems_diamonds_transparent^violate^valid,0.76021125,3.5893800999999996,1.0,0.00048815408004441356,-0.2503325,-11.2991575,1.4433470000000002,2.1570367500000005,64.81318300500001,13.0,2.4854147500000003,2.4854147500000003,0.7222222222222222,4.529485454724581,13.0,147.57797794700002,11.0,23.721060653000002,8.06224375,13.0,40.608537525421085,22.147881092719754,13.0
True,violate,36.196861,famous_wealthy_old,Human,True,True,True,False,False,famous_wealthy_old^violate^valid,0.842092925,2.70853255,1.0,0.0004890306659845316,-0.294347495,-11.781068000000001,1.269793505,1.8836114999999989,63.002077740000004,13.0,2.7637085,2.7637085,0.7222222222222222,4.314656211531842,13.0,150.848518432,11.0,21.104605768,8.048890750000002,13.0,41.20358788514747,22.217639795756412,13.0
False,nonsense,97.19666,nonsense_fleff_drap_ved,Human,False,True,False,False,True,nonsense_fleff_drap_ved^nonsense^invalid,0.8759138,3.1138594,0.5,0.00013458369876571117,-1.4099640999999998,-13.9619065,-1.069373145,-1.9967899999999998,63.891125015,13.0,2.7940208550000003,2.7940208550000003,1.0,2.1831661771123385,12.0,166.4123376,8.0,7.75694765,21.004694477999998,8.0,22.55367198278043,39.078348840882946,8.0
True,consistent,37.131484,guns_weapons_dangerous,Human,True,True,True,True,False,guns_weapons_dangerous^consistent^valid,0.77679162,3.5663824,1.0,0.000505075756261664,-0.24005200999999998,-11.321275,1.52967739,2.01926,65.19270562,13.0,2.408373,2.3540174999999994,0.7222222222222222,4.528580771028099,13.0,146.97860588999998,11.0,23.71855486,7.937384999999999,13.0,42.14477001469356,22.44426420098961,13.0
True,violate,25.130303,gems_diamonds_transparent,Human,False,False,True,False,False,gems_diamonds_transparent^violate^invalid,0.80006635,3.4921516500000003,0.5,0.0001498924813805521,-1.5872069,-13.480996999999999,-1.3072939,-2.2550725,64.74042812500001,13.0,2.97899922,2.97899922,1.0,1.851528100172782,12.0,162.84346994999999,8.0,8.16023375,22.413309426999998,8.0,22.65525646655066,40.0872884258531,8.0
True,consistent,40.365521,librarians_happy_healthy,Human,True,True,True,True,False,librarians_happy_healthy^consistent^valid,0.81471435,2.79135215,1.0,0.0004919143841524687,-0.28437661999999997,-11.720515500000001,1.30202863,2.2542614999999993,64.126964595,13.0,2.438344,2.3815022499999996,0.7222222222222222,4.3966854214538955,13.0,151.1338408655,11.0,22.584206684499996,7.506011749999998,13.0,40.42208294959718,22.97218112692118,13.0
True,violate,35.032274,whales_mammals_big,Human,True,True,True,False,False,whales_mammals_big^violate^valid,0.7474198,3.2072060000000002,1.0,0.0005187622834681658,-0.239489745,-11.35242225,1.500897405,2.21582375,64.02274792,13.0,2.4462839999999995,2.312349,0.7222222222222222,4.531845308096813,13.0,147.51430727000002,11.0,23.851436380000003,7.336777499999998,13.0,40.74987924038075,21.598060850012132,13.0
True,consistent,20.197732,gems_diamonds_transparent,Human,True,True,True,True,False,gems_diamonds_transparent^consistent^valid,0.753591025,3.76627945,1.0,0.0005359658175781865,-0.24370881,-11.0509045,1.47992999,2.2589680000000003,65.980115145,13.0,2.4355995000000004,2.2995012500000005,0.7222222222222222,4.526561973641876,13.0,147.7340095945,11.0,24.1941684555,7.789098000000001,13.0,40.36924289771004,21.711706265613056,13.0
True,nonsense,36.930895,nonsense_gick_criff_riff,Human,False,False,False,False,True,nonsense_gick_criff_riff^nonsense^invalid,0.8612199,3.39642235,0.5,0.0001332815010463566,-1.4914692,-13.8843395,-1.1763248099999999,-1.839945000000001,64.23723944,13.0,2.8424378999999997,2.8424378999999997,1.0,2.183215925526847,12.0,168.68162,8.0,8.0984081,21.566258694999995,8.0,22.128120142400363,40.12134325330565,8.0
True,nonsense,62.262888,nonsense_nept_bript_jeft,Human,False,False,False,False,True,nonsense_nept_bript_jeft^nonsense^invalid,0.8772813500000001,3.0747101,0.5,0.0001299578541359125,-1.4329657500000001,-14.034797999999999,-1.0986861650000002,-1.9411234999999998,63.65789524,13.0,3.0451669999999997,3.0451669999999997,1.0,1.93149606970471,12.0,169.96481565,8.0,7.523720849999999,21.967738136,8.0,22.370068804577333,39.67799952122178,8.0
True,violate,20.144835,politicians_dishonest_lie,Human,False,False,True,False,False,politicians_dishonest_lie^violate^invalid,0.8750795499999999,2.5210889,0.5,0.0001829888906490199,-1.46981625,-13.5796675,-1.1436481450000002,-1.950609,63.81626162999999,13.0,3.112940015,3.112940015,1.0,1.8923877514653262,12.0,161.98160775,8.0,8.09216305,20.3535397665,8.0,22.276146322838443,39.74654224289786,8.0
False,violate,48.564358,famous_wealthy_old,Human,True,False,True,False,False,famous_wealthy_old^violate^valid,0.842092925,2.70853255,1.0,0.0004890306659845316,-0.294347495,-11.781068000000001,1.269793505,1.8836114999999989,63.002077740000004,13.0,2.7637085,2.7637085,0.7222222222222222,4.314656211531842,13.0,150.848518432,11.0,21.104605768,8.048890750000002,13.0,41.20358788514747,22.217639795756412,13.0
True,nonsense,43.632533,nonsense_yob_broft_jank,Human,False,False,False,False,True,nonsense_yob_broft_jank^nonsense^invalid,0.9620538999999999,3.2736031,0.5,0.00013587029009839166,-1.2834265500000002,-13.851881500000001,-0.881311445,-1.6424247500000009,64.92044071999999,13.0,2.9337082150000002,2.9337082150000002,1.0,1.8915260255428428,12.0,167.41083955,8.0,8.73226675,19.453382553,8.0,23.276027578051917,37.878491031169474,8.0
True,violate,64.89116,vehicles_mobile_buildings,Human,False,False,True,False,False,vehicles_mobile_buildings^violate^invalid,0.796380615,3.4365609,0.5,0.00014751019756706514,-1.56110105,-13.61116625,-1.276182175,-2.0661727500000007,65.20478771500001,13.0,2.9812755000000006,2.9812755000000006,1.0,2.0182174514232227,12.0,163.76190105,8.0,8.029251200000001,20.849118045,8.0,21.886379179892852,38.69211878263657,8.0
True,nonsense,8.629675,nonsense_sclack_chask_pron,Human,True,True,False,False,True,nonsense_sclack_chask_pron^nonsense^valid,0.8760077500000001,3.19302525,1.0,0.0003237578974288026,-0.327950645,-12.234436500000001,1.1274842550000002,1.8480102499999997,64.35325353,13.0,2.8875195,2.8875195,0.7777777777777778,4.286734894573403,13.0,156.1993985345,11.0,21.571893615499995,7.868363349999999,13.0,39.81457221128332,22.977012135674755,13.0
True,violate,38.463302,computers_electronics_expensive,Human,True,True,True,False,False,computers_electronics_expensive^violate^valid,0.79920667,3.33830025,1.0,0.0006120097741781315,-0.25700347,-11.110559,1.44521998,2.4137257499999993,64.37129449,13.0,2.43376725,2.1651685,0.7222222222222222,4.444678280930261,13.0,147.234048478,11.0,23.751550372,7.696478250000001,13.0,40.90439012077201,22.294409900997366,13.0
False,violate,61.465292,politicians_dishonest_lie,Human,True,False,True,False,False,politicians_dishonest_lie^violate^valid,0.85692418,2.5728094500000003,1.0,0.0005229136727992001,-0.304098085,-11.7277335,1.2323226649999999,1.9506049999999995,63.630831195,13.0,2.6572120000000004,2.6572120000000004,0.7222222222222222,4.356190776423571,13.0,150.35712137399997,11.0,21.547333025999997,7.783636500000001,13.0,40.94241499827892,21.960442003393133,13.0
True,nonsense,50.198792,nonsense_sclack_chask_pron,Human,True,True,False,False,True,nonsense_sclack_chask_pron^nonsense^valid,0.8760077500000001,3.19302525,1.0,0.0003237578974288026,-0.327950645,-12.234436500000001,1.1274842550000002,1.8480102499999997,64.35325353,13.0,2.8875195,2.8875195,0.7777777777777778,4.286734894573403,13.0,156.1993985345,11.0,21.571893615499995,7.868363349999999,13.0,39.81457221128332,22.977012135674755,13.0
True,violate,28.392302,computers_electronics_expensive,Human,False,False,True,False,False,computers_electronics_expensive^violate^invalid,0.810087475,3.31665395,0.5,0.00015943531510909025,-1.6252526,-13.487348,-1.35076813,-2.371691,64.154017735,13.0,3.014700035,3.014700035,1.0,1.8518790945496235,12.0,162.01872735,8.0,7.681027500000002,22.788343261999998,8.0,22.434826467936805,40.071035681739176,8.0
False,violate,131.198975,guns_weapons_dangerous,Human,False,True,True,False,False,guns_weapons_dangerous^violate^invalid,0.7946191499999999,3.50548565,0.5,0.00016600288019406244,-1.70513735,-13.350233,-1.45038123,-2.049605999999999,65.00783326999999,13.0,3.1085120400000004,3.1085120400000004,1.0,1.935709526073782,12.0,162.142014,8.0,8.177556499999998,22.774843108,8.0,22.723768697616034,41.287929424110686,8.0
False,consistent,17.381644,whales_mammals_big,Human,False,True,True,True,False,whales_mammals_big^consistent^invalid,0.699449835,3.3058079,0.5,0.0001557738197613336,-1.8807474,-13.477344500000001,-1.67248246,-2.2588885000000003,64.515060915,13.0,3.41005329,3.41005329,1.0,1.848445973888388,12.0,165.6973624,8.0,7.493234,24.976344836,8.0,21.143442193212145,41.10031032032572,8.0
True,violate,33.098406,computers_electronics_expensive,Human,True,True,True,False,False,computers_electronics_expensive^violate^valid,0.79920667,3.33830025,1.0,0.0006120097741781315,-0.25700347,-11.110559,1.44521998,2.4137257499999993,64.37129449,13.0,2.43376725,2.1651685,0.7222222222222222,4.444678280930261,13.0,147.234048478,11.0,23.751550372,7.696478250000001,13.0,40.90439012077201,22.294409900997366,13.0
False,consistent,41.568568,dragons_mythical_exist,Human,True,False,True,True,False,dragons_mythical_exist^consistent^valid,0.8071744,2.96209065,1.0,0.0004851111013845727,-0.302964405,-11.566526249999999,1.190615645,2.0720477500000003,64.60009852,13.0,2.9147057500000004,2.9147057500000004,0.8333333333333334,4.31346333624011,13.0,151.9728535365,11.0,19.2227564135,8.30126085,13.0,38.30128428392334,22.76191214342742,13.0
False,consistent,17.860261,plants_trees_tall,Human,False,True,True,True,False,plants_trees_tall^consistent^invalid,0.730118475,3.7122442500000004,0.5,0.00013679078016672123,-1.8400121999999999,-13.5924275,-1.619521165,-2.27426025,65.977934065,13.0,3.325046315,3.325046315,1.0,1.8492293367578583,12.0,165.50406805,8.0,7.5980795,24.9447712535,8.0,21.048222600063486,39.84554360065279,8.0
True,nonsense,38.198111,nonsense_sland_spluff_gusp,Human,True,True,False,False,True,nonsense_sland_spluff_gusp^nonsense^valid,0.872637,3.3090408,1.0,0.0003598174698210298,-0.31491312,-11.999437499999999,1.1875199799999998,1.918761,64.24297702999999,13.0,2.9182584999999994,2.9182584999999994,0.8333333333333334,4.246622205868289,13.0,155.2853097325,11.0,22.3717830175,8.248085249999999,13.0,41.29246470950169,22.990290458151264,13.0
False,consistent,28.797071,politicians_dishonest_lie,Human,False,True,True,True,False,politicians_dishonest_lie^consistent^invalid,0.8282832200000001,2.41572515,0.5,0.00017147413329596852,-1.6312616,-13.7355145,-1.35396198,-2.0674230000000007,64.29544712500001,13.0,3.3701599700000004,3.3701599700000004,1.0,1.7801620809174568,13.5,165.6062234,8.0,7.93723475,22.5717142975,8.0,21.735643631445093,40.921978792226106,8.0
False,violate,11.430788,librarians_happy_healthy,Human,True,False,True,False,False,librarians_happy_healthy^violate^valid,0.792771605,2.9532844999999996,1.0,0.0004664763628768363,-0.25569205,-11.740565,1.45067025,2.1268580000000004,63.64685722499999,13.0,2.44684175,2.436256749999999,0.7222222222222222,4.440402660388335,13.0,149.601658461,11.0,23.182110839000003,7.307156999999999,13.0,41.26226717742991,22.061137462614298,13.0
True,violate,29.594266,librarians_happy_healthy,Human,False,False,True,False,False,librarians_happy_healthy^violate^invalid,0.82843153,2.9045293,0.5,0.00014523853227303333,-1.5777782,-13.932103999999999,-1.2889213700000002,-2.225238,63.484037335,13.0,2.98101987,2.98101987,1.0,1.8901315714134497,12.0,164.68412365,8.0,7.22950555,22.0323222455,8.0,22.28237701789436,39.792787090075564,8.0
True,violate,36.017275,librarians_happy_healthy,Human,False,False,True,False,False,librarians_happy_healthy^violate^invalid,0.82843153,2.9045293,0.5,0.00014523853227303333,-1.5777782,-13.932103999999999,-1.2889213700000002,-2.225238,63.484037335,13.0,2.98101987,2.98101987,1.0,1.8901315714134497,12.0,164.68412365,8.0,7.22950555,22.0323222455,8.0,22.28237701789436,39.792787090075564,8.0
True,violate,23.021843,computers_electronics_expensive,Human,False,False,True,False,False,computers_electronics_expensive^violate^invalid,0.810087475,3.31665395,0.5,0.00015943531510909025,-1.6252526,-13.487348,-1.35076813,-2.371691,64.154017735,13.0,3.014700035,3.014700035,1.0,1.8518790945496235,12.0,162.01872735,8.0,7.681027500000002,22.788343261999998,8.0,22.434826467936805,40.071035681739176,8.0
False,nonsense,47.562838,nonsense_shrad_splect_dring,Human,True,False,False,False,True,nonsense_shrad_splect_dring^nonsense^valid,0.9150424500000001,3.3742295,1.0,0.00036229458927041045,-0.36611007500000003,-11.956315,0.987147325,1.9446754999999998,64.36049211,13.0,2.77952525,2.77952525,0.8333333333333334,4.269807825580074,13.0,154.984396102,11.0,22.572676148000003,7.6024691,13.0,40.053489229573486,22.78662454765672,13.0
True,nonsense,28.630403,nonsense_phrist_biss_skemp,Human,True,True,False,False,True,nonsense_phrist_biss_skemp^nonsense^valid,0.87534025,3.4221852999999998,1.0,0.0003532534064746321,-0.33027441,-11.9904435,1.11622049,1.8328980000000001,64.660954655,13.0,2.9429380000000007,2.9429380000000007,0.8333333333333334,4.27113314324713,13.0,154.6944507,11.0,21.71719995,7.9257566,13.0,40.55514436990422,22.715357219251043,13.0
True,violate,21.494209,gems_diamonds_transparent,Human,False,False,True,False,False,gems_diamonds_transparent^violate^invalid,0.80006635,3.4921516500000003,0.5,0.0001498924813805521,-1.5872069,-13.480996999999999,-1.3072939,-2.2550725,64.74042812500001,13.0,2.97899922,2.97899922,1.0,1.851528100172782,12.0,162.84346994999999,8.0,8.16023375,22.413309426999998,8.0,22.65525646655066,40.0872884258531,8.0
False,violate,29.260369,librarians_happy_healthy,Human,False,True,True,False,False,librarians_happy_healthy^violate^invalid,0.82843153,2.9045293,0.5,0.00014523853227303333,-1.5777782,-13.932103999999999,-1.2889213700000002,-2.225238,63.484037335,13.0,2.98101987,2.98101987,1.0,1.8901315714134497,12.0,164.68412365,8.0,7.22950555,22.0323222455,8.0,22.28237701789436,39.792787090075564,8.0
True,violate,10.59705,food_vegetables_healthy,Human,False,False,True,False,False,food_vegetables_healthy^violate^invalid,0.78112465,3.2349620000000003,0.5,0.00014774839048213578,-1.6968642,-13.5915095,-1.4428825500000002,-2.3488035,64.74213544,13.0,3.0974066799999997,3.0974066799999997,1.0,1.850973294237705,12.0,161.61133675000002,8.0,7.666856499999998,22.8085641475,8.0,22.947647193521895,40.004632493790545,8.0
True,nonsense,24.868421,nonsense_sneb_jing_omp,Human,True,True,False,False,True,nonsense_sneb_jing_omp^nonsense^valid,0.87637675,2.9196453499999997,1.0,0.0003549313610474889,-0.378000965,-12.2291775,0.918018335,1.8000554999999991,62.32289851,13.0,3.1921244999999994,3.1921244999999994,0.8333333333333334,4.243235111391919,13.0,156.55068115299997,11.0,20.553673847,8.745690800000002,13.0,38.25296620955978,23.06310768422737,13.0
True,consistent,23.395514,guns_weapons_dangerous,Human,False,False,True,True,False,guns_weapons_dangerous^consistent^invalid,0.8124103650000001,3.52681745,0.5,0.00016155519136725022,-1.6824146,-13.37473275,-1.419377345,-2.088389750000001,65.246341985,13.0,3.092880115,3.092880115,1.0,1.851250707083089,12.0,162.11726545,8.0,7.87713325,22.8607597425,8.0,22.78206423757442,41.226552475374106,8.0
False,consistent,10.504517,famous_wealthy_old,Human,False,True,True,True,False,famous_wealthy_old^consistent^invalid,0.869590775,2.54102595,0.5,0.00015957231208683058,-1.49868735,-13.8257695,-1.18172262,-1.9555865000000008,64.16783469,13.0,3.0795116900000004,3.0795116900000004,1.0,1.7986031839253742,12.0,164.34106605000002,8.0,8.1696595,20.057577651500004,8.0,22.23609328761472,39.46174968919007,8.0
False,nonsense,17.765206,nonsense_snid_ust_bem,Human,True,False,False,False,True,nonsense_snid_ust_bem^nonsense^valid,0.89630637,3.0153843,1.0,0.0003303327877795963,-0.32724493499999996,-12.2195655,1.147779465,2.0203819999999997,63.501960845000006,13.0,2.896642000000001,2.896642000000001,0.8333333333333334,4.220851869703862,13.0,156.36384721000002,11.0,21.952703539999995,8.2747913,13.0,41.45703203176717,23.994582749846323,13.0
True,violate,27.495054,food_vegetables_healthy,Human,True,True,True,False,False,food_vegetables_healthy^violate^valid,0.75775912,3.3562648,1.0,0.0005377323044018613,-0.238601935,-11.2282355,1.519996665,2.310215499999999,65.00056803500001,13.0,2.382694,2.1047494999999996,0.7222222222222222,4.530185999346359,13.0,146.082557565,11.0,23.565857535,7.447397499999999,13.0,40.36793884787534,22.174123722577942,13.0
True,nonsense,41.230429,nonsense_zeff_zaff_zom,Human,True,True,False,False,True,nonsense_zeff_zaff_zom^nonsense^valid,0.826190125,3.3383641500000003,1.0,0.0003752730410606441,-0.2988921,-11.89146675,1.2291002,1.9690327500000002,64.578556365,13.0,2.867421,2.867421,0.7777777777777778,4.438700719392093,13.0,154.29274210299997,11.0,23.070633847000003,7.497410749999999,13.0,40.623939754034595,22.04034454670912,13.0
True,nonsense,34.726982,nonsense_phrist_biss_skemp,Human,True,True,False,False,True,nonsense_phrist_biss_skemp^nonsense^valid,0.87534025,3.4221852999999998,1.0,0.0003532534064746321,-0.33027441,-11.9904435,1.11622049,1.8328980000000001,64.660954655,13.0,2.9429380000000007,2.9429380000000007,0.8333333333333334,4.27113314324713,13.0,154.6944507,11.0,21.71719995,7.9257566,13.0,40.55514436990422,22.715357219251043,13.0
False,consistent,36.897346,famous_wealthy_old,Human,False,True,True,True,False,famous_wealthy_old^consistent^invalid,0.869590775,2.54102595,0.5,0.00015957231208683058,-1.49868735,-13.8257695,-1.18172262,-1.9555865000000008,64.16783469,13.0,3.0795116900000004,3.0795116900000004,1.0,1.7986031839253742,12.0,164.34106605000002,8.0,8.1696595,20.057577651500004,8.0,22.23609328761472,39.46174968919007,8.0
True,nonsense,48.630466,nonsense_fleff_drap_ved,Human,False,False,False,False,True,nonsense_fleff_drap_ved^nonsense^invalid,0.8759138,3.1138594,0.5,0.00013458369876571117,-1.4099640999999998,-13.9619065,-1.069373145,-1.9967899999999998,63.891125015,13.0,2.7940208550000003,2.7940208550000003,1.0,2.1831661771123385,12.0,166.4123376,8.0,7.75694765,21.004694477999998,8.0,22.55367198278043,39.078348840882946,8.0
True,violate,23.431423,famous_wealthy_old,Human,True,True,True,False,False,famous_wealthy_old^violate^valid,0.842092925,2.70853255,1.0,0.0004890306659845316,-0.294347495,-11.781068000000001,1.269793505,1.8836114999999989,63.002077740000004,13.0,2.7637085,2.7637085,0.7222222222222222,4.314656211531842,13.0,150.848518432,11.0,21.104605768,8.048890750000002,13.0,41.20358788514747,22.217639795756412,13.0
True,consistent,23.723351,food_vegetables_healthy,Human,True,True,True,True,False,food_vegetables_healthy^consistent^valid,0.7606136,3.3383755500000003,1.0,0.0005669087190239791,-0.24247479500000002,-11.1414715,1.497656805,2.418847500000001,65.30056738000002,13.0,2.4084665000000003,1.993214,0.7222222222222222,4.528359460105362,13.0,146.699753749,11.0,23.619699101000002,7.8409485,13.0,39.50832733759715,22.534533309605877,13.0
False,nonsense,34.265152,nonsense_paft_usp_cesk,Human,True,False,False,False,True,nonsense_paft_usp_cesk^nonsense^valid,0.90446385,3.0925508500000003,1.0,0.00036385357600297646,-0.36020477,-12.0545185,1.0078305800000003,1.8748474999999996,63.70888371,13.0,2.9272709999999993,2.9272709999999993,0.8333333333333334,4.22117993167058,13.0,155.55404756,11.0,21.895442390000003,7.775151399999999,13.0,39.79514013282285,22.991801159252574,13.0
True,consistent,30.028447,librarians_happy_healthy,Human,False,False,True,True,False,librarians_happy_healthy^consistent^invalid,0.81077882,2.86364565,0.5,0.00014633701367139737,-1.58672145,-13.884556499999999,-1.30359647,-2.1702139999999996,64.17962105,13.0,3.1747808749999997,3.1747808749999997,1.0,1.7959304817817918,12.0,165.98963685,8.0,7.54508725,22.443929461999996,8.0,22.678905569012304,40.484153084258494,8.0
True,violate,21.996114,vehicles_mobile_buildings,Human,True,True,True,False,False,vehicles_mobile_buildings^violate^valid,0.83037915,3.26490065,1.0,0.0004804208874633685,-0.318618655,-11.5553585,1.135104195,2.1417075000000008,64.8953517,13.0,2.6886595,2.6886595,0.7222222222222222,4.524039423271558,13.0,151.264297378,11.0,19.685797322,8.39636175,13.0,37.318121155690875,22.09315208230263,13.0
True,consistent,36.232176,vehicles_mobile_buildings,Human,True,True,True,True,False,vehicles_mobile_buildings^consistent^valid,0.7901149000000001,3.24187005,1.0,0.0005113843142012156,-0.28983744,-11.434633,1.2501793600000002,2.2135015000000005,64.66180131,13.0,2.464466,2.4590445,0.7777777777777778,4.442020771302079,13.0,149.4413246465,11.0,20.706922953499998,8.015376199999999,13.0,37.90102485689671,21.74461635831828,13.0
True,nonsense,24.168692,nonsense_blep_jict_zamp,Human,False,False,False,False,True,nonsense_blep_jict_zamp^nonsense^invalid,0.903665115,3.6107066999999997,0.5,0.00012940662591061247,-1.38791745,-13.86944,-1.03476904,-1.825532,65.00869826499999,13.0,3.032294425,3.032294425,1.0,2.0982665889638668,12.0,169.33324845,8.0,7.733370150000001,21.43827195,8.0,22.29918682480759,38.57487117335801,8.0
False,consistent,31.029597,computers_electronics_expensive,Human,False,True,True,True,False,computers_electronics_expensive^consistent^invalid,0.827916625,3.2527096,0.5,0.0001478306515694154,-1.70716705,-13.6426695,-1.444705925,-2.5822434999999997,64.53852477000001,13.0,3.35160743,3.35160743,1.0,1.7980412785201751,12.0,165.46628235000003,8.0,7.699252500000001,24.539169950999998,8.0,22.11677450580917,40.692714354500296,8.0
True,violate,24.995452,librarians_happy_healthy,Human,True,True,True,False,False,librarians_happy_healthy^violate^valid,0.792771605,2.9532844999999996,1.0,0.0004664763628768363,-0.25569205,-11.740565,1.45067025,2.1268580000000004,63.64685722499999,13.0,2.44684175,2.436256749999999,0.7222222222222222,4.440402660388335,13.0,149.601658461,11.0,23.182110839000003,7.307156999999999,13.0,41.26226717742991,22.061137462614298,13.0
True,nonsense,40.228014,nonsense_paft_usp_cesk,Human,True,True,False,False,True,nonsense_paft_usp_cesk^nonsense^valid,0.90446385,3.0925508500000003,1.0,0.00036385357600297646,-0.36020477,-12.0545185,1.0078305800000003,1.8748474999999996,63.70888371,13.0,2.9272709999999993,2.9272709999999993,0.8333333333333334,4.22117993167058,13.0,155.55404756,11.0,21.895442390000003,7.775151399999999,13.0,39.79514013282285,22.991801159252574,13.0
False,violate,20.636722,computers_electronics_expensive,Human,True,False,True,False,False,computers_electronics_expensive^violate^valid,0.79920667,3.33830025,1.0,0.0006120097741781315,-0.25700347,-11.110559,1.44521998,2.4137257499999993,64.37129449,13.0,2.43376725,2.1651685,0.7222222222222222,4.444678280930261,13.0,147.234048478,11.0,23.751550372,7.696478250000001,13.0,40.90439012077201,22.294409900997366,13.0
True,consistent,30.919842,whales_mammals_big,Human,True,True,True,True,False,whales_mammals_big^consistent^valid,0.7600514199999999,3.2517326,1.0,0.0005659421817598978,-0.244833055,-11.2161765,1.4792661950000001,2.2964579999999994,64.402853575,13.0,2.48740425,2.2691805,0.7222222222222222,4.526662934854758,13.0,148.5456935495,11.0,23.279946400500002,7.609150999999999,13.0,40.13314079630912,22.142916272990515,13.0
False,violate,18.765249,dragons_mythical_exist,Human,False,True,True,False,False,dragons_mythical_exist^violate^invalid,0.7496491999999999,2.7785035000000002,0.5,0.00015468943720704716,-1.7071033500000001,-13.6957835,-1.461802445,-2.080981499999999,63.269095475,13.0,2.9363595899999995,2.9363595899999995,1.0,2.019378182385685,12.0,165.12476145,8.0,8.051998000000001,21.815614513499995,8.0,21.918670240760562,40.2427733064133,8.0
False,nonsense,14.385547,nonsense_gick_criff_riff,Human,False,True,False,False,True,nonsense_gick_criff_riff^nonsense^invalid,0.8612199,3.39642235,0.5,0.0001332815010463566,-1.4914692,-13.8843395,-1.1763248099999999,-1.839945000000001,64.23723944,13.0,2.8424378999999997,2.8424378999999997,1.0,2.183215925526847,12.0,168.68162,8.0,8.0984081,21.566258694999995,8.0,22.128120142400363,40.12134325330565,8.0
True,violate,21.267226,plants_trees_tall,Human,False,False,True,False,False,plants_trees_tall^violate^invalid,0.793895095,3.51040315,0.5,0.00014996657004577623,-1.5793748,-13.490645,-1.299109455,-2.270526500000001,65.45802229499999,13.0,3.171338925,3.171338925,1.0,1.8511591116003463,12.0,162.3544972,8.0,7.527773,22.5921845265,8.0,22.149570838901894,38.92637442665298,8.0
True,consistent,28.093074,computers_electronics_expensive,Human,False,False,True,True,False,computers_electronics_expensive^consistent^invalid,0.827916625,3.2527096,0.5,0.0001478306515694154,-1.70716705,-13.6426695,-1.444705925,-2.5822434999999997,64.53852477000001,13.0,3.35160743,3.35160743,1.0,1.7980412785201751,12.0,165.46628235000003,8.0,7.699252500000001,24.539169950999998,8.0,22.11677450580917,40.692714354500296,8.0
False,consistent,27.265449,whales_mammals_big,Human,False,True,True,True,False,whales_mammals_big^consistent^invalid,0.699449835,3.3058079,0.5,0.0001557738197613336,-1.8807474,-13.477344500000001,-1.67248246,-2.2588885000000003,64.515060915,13.0,3.41005329,3.41005329,1.0,1.848445973888388,12.0,165.6973624,8.0,7.493234,24.976344836,8.0,21.143442193212145,41.10031032032572,8.0
False,consistent,17.996381,vehicles_mobile_buildings,Human,False,True,True,True,False,vehicles_mobile_buildings^consistent^invalid,0.82807165,3.10497555,0.5,0.00014688091992820756,-1.4844856,-13.7572515,-1.1739701949999999,-2.164491,64.318786655,13.0,2.8903951050000005,2.8903951050000005,1.0,2.0207245787134083,12.0,163.02613715,8.0,8.4129259,20.242011470999998,8.0,22.346142670880425,38.23088806238775,8.0
True,nonsense,37.848472,nonsense_shiff_yot_plusk,Human,True,True,False,False,True,nonsense_shiff_yot_plusk^nonsense^valid,0.85954905,3.3951676,1.0,0.00030728071375896084,-0.349083845,-12.270569,1.0218831050000001,1.6701089999999992,63.39859931499999,13.0,3.2967174999999997,3.2967174999999997,0.8333333333333334,4.2866594849637885,13.0,157.85406354599996,11.0,20.601034104,9.09310645,13.0,40.16672640586064,23.439003582831603,13.0
True,violate,21.198182,gems_diamonds_transparent,Human,False,False,True,False,False,gems_diamonds_transparent^violate^invalid,0.80006635,3.4921516500000003,0.5,0.0001498924813805521,-1.5872069,-13.480996999999999,-1.3072939,-2.2550725,64.74042812500001,13.0,2.97899922,2.97899922,1.0,1.851528100172782,12.0,162.84346994999999,8.0,8.16023375,22.413309426999998,8.0,22.65525646655066,40.0872884258531,8.0
False,violate,11.797505,librarians_happy_healthy,Human,True,False,True,False,False,librarians_happy_healthy^violate^valid,0.792771605,2.9532844999999996,1.0,0.0004664763628768363,-0.25569205,-11.740565,1.45067025,2.1268580000000004,63.64685722499999,13.0,2.44684175,2.436256749999999,0.7222222222222222,4.440402660388335,13.0,149.601658461,11.0,23.182110839000003,7.307156999999999,13.0,41.26226717742991,22.061137462614298,13.0
True,nonsense,29.362152,nonsense_frupt_liff_blop,Human,False,False,False,False,True,nonsense_frupt_liff_blop^nonsense^invalid,0.9060705499999999,3.2967328,0.5,0.00014389631823696246,-1.3126894,-13.731757,-0.935422815,-1.6657665000000001,64.72146101499999,13.0,2.90905392,2.90905392,1.0,1.9315905883954785,12.0,167.62689285,10.0,8.80342105,19.9440060325,8.0,23.62313831708812,39.117335315860785,8.0
False,violate,26.232194,dragons_mythical_exist,Human,False,True,True,False,False,dragons_mythical_exist^violate^invalid,0.7496491999999999,2.7785035000000002,0.5,0.00015468943720704716,-1.7071033500000001,-13.6957835,-1.461802445,-2.080981499999999,63.269095475,13.0,2.9363595899999995,2.9363595899999995,1.0,2.019378182385685,12.0,165.12476145,8.0,8.051998000000001,21.815614513499995,8.0,21.918670240760562,40.2427733064133,8.0
True,consistent,44.831693,dragons_mythical_exist,Human,True,True,True,True,False,dragons_mythical_exist^consistent^valid,0.8071744,2.96209065,1.0,0.0004851111013845727,-0.302964405,-11.566526249999999,1.190615645,2.0720477500000003,64.60009852,13.0,2.9147057500000004,2.9147057500000004,0.8333333333333334,4.31346333624011,13.0,151.9728535365,11.0,19.2227564135,8.30126085,13.0,38.30128428392334,22.76191214342742,13.0
True,violate,26.323376,food_vegetables_healthy,Human,True,True,True,False,False,food_vegetables_healthy^violate^valid,0.75775912,3.3562648,1.0,0.0005377323044018613,-0.238601935,-11.2282355,1.519996665,2.310215499999999,65.00056803500001,13.0,2.382694,2.1047494999999996,0.7222222222222222,4.530185999346359,13.0,146.082557565,11.0,23.565857535,7.447397499999999,13.0,40.36793884787534,22.174123722577942,13.0
False,violate,21.931561,food_vegetables_healthy,Human,True,False,True,False,False,food_vegetables_healthy^violate^valid,0.75775912,3.3562648,1.0,0.0005377323044018613,-0.238601935,-11.2282355,1.519996665,2.310215499999999,65.00056803500001,13.0,2.382694,2.1047494999999996,0.7222222222222222,4.530185999346359,13.0,146.082557565,11.0,23.565857535,7.447397499999999,13.0,40.36793884787534,22.174123722577942,13.0
True,violate,25.067731,politicians_dishonest_lie,Human,True,True,True,False,False,politicians_dishonest_lie^violate^valid,0.85692418,2.5728094500000003,1.0,0.0005229136727992001,-0.304098085,-11.7277335,1.2323226649999999,1.9506049999999995,63.630831195,13.0,2.6572120000000004,2.6572120000000004,0.7222222222222222,4.356190776423571,13.0,150.35712137399997,11.0,21.547333025999997,7.783636500000001,13.0,40.94241499827892,21.960442003393133,13.0
True,nonsense,51.864112,nonsense_sclace_dact_yink,Human,True,True,False,False,True,nonsense_sclace_dact_yink^nonsense^valid,0.8292588000000001,3.38698765,1.0,0.00032939366503072876,-0.284816085,-12.1505455,1.3155842150000001,1.9092854999999993,64.37754075500001,13.0,2.8964644999999996,2.8964644999999996,0.7777777777777778,4.397219390962283,13.0,154.807185485,11.0,22.625491564999997,7.634923699999999,13.0,39.96590722489417,22.404252027135517,13.0
True,nonsense,16.264534,nonsense_phrist_biss_skemp,Human,True,True,False,False,True,nonsense_phrist_biss_skemp^nonsense^valid,0.87534025,3.4221852999999998,1.0,0.0003532534064746321,-0.33027441,-11.9904435,1.11622049,1.8328980000000001,64.660954655,13.0,2.9429380000000007,2.9429380000000007,0.8333333333333334,4.27113314324713,13.0,154.6944507,11.0,21.71719995,7.9257566,13.0,40.55514436990422,22.715357219251043,13.0
False,nonsense,47.434397,nonsense_shrad_splect_dring,Human,True,False,False,False,True,nonsense_shrad_splect_dring^nonsense^valid,0.9150424500000001,3.3742295,1.0,0.00036229458927041045,-0.36611007500000003,-11.956315,0.987147325,1.9446754999999998,64.36049211,13.0,2.77952525,2.77952525,0.8333333333333334,4.269807825580074,13.0,154.984396102,11.0,22.572676148000003,7.6024691,13.0,40.053489229573486,22.78662454765672,13.0
False,nonsense,18.496702,nonsense_sneb_jing_omp,Human,True,False,False,False,True,nonsense_sneb_jing_omp^nonsense^valid,0.87637675,2.9196453499999997,1.0,0.0003549313610474889,-0.378000965,-12.2291775,0.918018335,1.8000554999999991,62.32289851,13.0,3.1921244999999994,3.1921244999999994,0.8333333333333334,4.243235111391919,13.0,156.55068115299997,11.0,20.553673847,8.745690800000002,13.0,38.25296620955978,23.06310768422737,13.0
True,nonsense,26.863627,nonsense_phrist_biss_skemp,Human,True,True,False,False,True,nonsense_phrist_biss_skemp^nonsense^valid,0.87534025,3.4221852999999998,1.0,0.0003532534064746321,-0.33027441,-11.9904435,1.11622049,1.8328980000000001,64.660954655,13.0,2.9429380000000007,2.9429380000000007,0.8333333333333334,4.27113314324713,13.0,154.6944507,11.0,21.71719995,7.9257566,13.0,40.55514436990422,22.715357219251043,13.0
False,violate,27.597316,computers_electronics_expensive,Human,True,False,True,False,False,computers_electronics_expensive^violate^valid,0.79920667,3.33830025,1.0,0.0006120097741781315,-0.25700347,-11.110559,1.44521998,2.4137257499999993,64.37129449,13.0,2.43376725,2.1651685,0.7222222222222222,4.444678280930261,13.0,147.234048478,11.0,23.751550372,7.696478250000001,13.0,40.90439012077201,22.294409900997366,13.0
False,violate,77.197356,librarians_happy_healthy,Human,False,True,True,False,False,librarians_happy_healthy^violate^invalid,0.82843153,2.9045293,0.5,0.00014523853227303333,-1.5777782,-13.932103999999999,-1.2889213700000002,-2.225238,63.484037335,13.0,2.98101987,2.98101987,1.0,1.8901315714134497,12.0,164.68412365,8.0,7.22950555,22.0323222455,8.0,22.28237701789436,39.792787090075564,8.0
False,consistent,25.598345,computers_electronics_expensive,Human,False,True,True,True,False,computers_electronics_expensive^consistent^invalid,0.827916625,3.2527096,0.5,0.0001478306515694154,-1.70716705,-13.6426695,-1.444705925,-2.5822434999999997,64.53852477000001,13.0,3.35160743,3.35160743,1.0,1.7980412785201751,12.0,165.46628235000003,8.0,7.699252500000001,24.539169950999998,8.0,22.11677450580917,40.692714354500296,8.0
True,nonsense,30.132348,nonsense_snid_ust_bem,Human,True,True,False,False,True,nonsense_snid_ust_bem^nonsense^valid,0.89630637,3.0153843,1.0,0.0003303327877795963,-0.32724493499999996,-12.2195655,1.147779465,2.0203819999999997,63.501960845000006,13.0,2.896642000000001,2.896642000000001,0.8333333333333334,4.220851869703862,13.0,156.36384721000002,11.0,21.952703539999995,8.2747913,13.0,41.45703203176717,23.994582749846323,13.0
True,violate,22.265164,food_vegetables_healthy,Human,False,False,True,False,False,food_vegetables_healthy^violate^invalid,0.78112465,3.2349620000000003,0.5,0.00014774839048213578,-1.6968642,-13.5915095,-1.4428825500000002,-2.3488035,64.74213544,13.0,3.0974066799999997,3.0974066799999997,1.0,1.850973294237705,12.0,161.61133675000002,8.0,7.666856499999998,22.8085641475,8.0,22.947647193521895,40.004632493790545,8.0
False,nonsense,37.632558,nonsense_fleff_drap_ved,Human,False,True,False,False,True,nonsense_fleff_drap_ved^nonsense^invalid,0.8759138,3.1138594,0.5,0.00013458369876571117,-1.4099640999999998,-13.9619065,-1.069373145,-1.9967899999999998,63.891125015,13.0,2.7940208550000003,2.7940208550000003,1.0,2.1831661771123385,12.0,166.4123376,8.0,7.75694765,21.004694477999998,8.0,22.55367198278043,39.078348840882946,8.0
True,consistent,17.896962,famous_wealthy_old,Human,False,False,True,True,False,famous_wealthy_old^consistent^invalid,0.869590775,2.54102595,0.5,0.00015957231208683058,-1.49868735,-13.8257695,-1.18172262,-1.9555865000000008,64.16783469,13.0,3.0795116900000004,3.0795116900000004,1.0,1.7986031839253742,12.0,164.34106605000002,8.0,8.1696595,20.057577651500004,8.0,22.23609328761472,39.46174968919007,8.0
False,consistent,42.197464,librarians_happy_healthy,Human,False,True,True,True,False,librarians_happy_healthy^consistent^invalid,0.81077882,2.86364565,0.5,0.00014633701367139737,-1.58672145,-13.884556499999999,-1.30359647,-2.1702139999999996,64.17962105,13.0,3.1747808749999997,3.1747808749999997,1.0,1.7959304817817918,12.0,165.98963685,8.0,7.54508725,22.443929461999996,8.0,22.678905569012304,40.484153084258494,8.0
True,violate,29.32924,computers_electronics_expensive,Human,False,False,True,False,False,computers_electronics_expensive^violate^invalid,0.810087475,3.31665395,0.5,0.00015943531510909025,-1.6252526,-13.487348,-1.35076813,-2.371691,64.154017735,13.0,3.014700035,3.014700035,1.0,1.8518790945496235,12.0,162.01872735,8.0,7.681027500000002,22.788343261999998,8.0,22.434826467936805,40.071035681739176,8.0
True,nonsense,26.864118,nonsense_zeff_zaff_zom,Human,True,True,False,False,True,nonsense_zeff_zaff_zom^nonsense^valid,0.826190125,3.3383641500000003,1.0,0.0003752730410606441,-0.2988921,-11.89146675,1.2291002,1.9690327500000002,64.578556365,13.0,2.867421,2.867421,0.7777777777777778,4.438700719392093,13.0,154.29274210299997,11.0,23.070633847000003,7.497410749999999,13.0,40.623939754034595,22.04034454670912,13.0
False,consistent,10.466088,whales_mammals_big,Human,False,True,True,True,False,whales_mammals_big^consistent^invalid,0.699449835,3.3058079,0.5,0.0001557738197613336,-1.8807474,-13.477344500000001,-1.67248246,-2.2588885000000003,64.515060915,13.0,3.41005329,3.41005329,1.0,1.848445973888388,12.0,165.6973624,8.0,7.493234,24.976344836,8.0,21.143442193212145,41.10031032032572,8.0
False,consistent,21.531827,famous_wealthy_old,Human,False,True,True,True,False,famous_wealthy_old^consistent^invalid,0.869590775,2.54102595,0.5,0.00015957231208683058,-1.49868735,-13.8257695,-1.18172262,-1.9555865000000008,64.16783469,13.0,3.0795116900000004,3.0795116900000004,1.0,1.7986031839253742,12.0,164.34106605000002,8.0,8.1696595,20.057577651500004,8.0,22.23609328761472,39.46174968919007,8.0
True,violate,36.504864,famous_wealthy_old,Human,True,True,True,False,False,famous_wealthy_old^violate^valid,0.842092925,2.70853255,1.0,0.0004890306659845316,-0.294347495,-11.781068000000001,1.269793505,1.8836114999999989,63.002077740000004,13.0,2.7637085,2.7637085,0.7222222222222222,4.314656211531842,13.0,150.848518432,11.0,21.104605768,8.048890750000002,13.0,41.20358788514747,22.217639795756412,13.0
True,nonsense,50.732017,nonsense_paft_usp_cesk,Human,True,True,False,False,True,nonsense_paft_usp_cesk^nonsense^valid,0.90446385,3.0925508500000003,1.0,0.00036385357600297646,-0.36020477,-12.0545185,1.0078305800000003,1.8748474999999996,63.70888371,13.0,2.9272709999999993,2.9272709999999993,0.8333333333333334,4.22117993167058,13.0,155.55404756,11.0,21.895442390000003,7.775151399999999,13.0,39.79514013282285,22.991801159252574,13.0
False,nonsense,51.96454,nonsense_gick_criff_riff,Human,False,True,False,False,True,nonsense_gick_criff_riff^nonsense^invalid,0.8612199,3.39642235,0.5,0.0001332815010463566,-1.4914692,-13.8843395,-1.1763248099999999,-1.839945000000001,64.23723944,13.0,2.8424378999999997,2.8424378999999997,1.0,2.183215925526847,12.0,168.68162,8.0,8.0984081,21.566258694999995,8.0,22.128120142400363,40.12134325330565,8.0
True,consistent,17.097506,dragons_mythical_exist,Human,True,True,True,True,False,dragons_mythical_exist^consistent^valid,0.8071744,2.96209065,1.0,0.0004851111013845727,-0.302964405,-11.566526249999999,1.190615645,2.0720477500000003,64.60009852,13.0,2.9147057500000004,2.9147057500000004,0.8333333333333334,4.31346333624011,13.0,151.9728535365,11.0,19.2227564135,8.30126085,13.0,38.30128428392334,22.76191214342742,13.0
True,violate,10.33078,librarians_happy_healthy,Human,True,True,True,False,False,librarians_happy_healthy^violate^valid,0.792771605,2.9532844999999996,1.0,0.0004664763628768363,-0.25569205,-11.740565,1.45067025,2.1268580000000004,63.64685722499999,13.0,2.44684175,2.436256749999999,0.7222222222222222,4.440402660388335,13.0,149.601658461,11.0,23.182110839000003,7.307156999999999,13.0,41.26226717742991,22.061137462614298,13.0
True,violate,33.198821,food_vegetables_healthy,Human,True,True,True,False,False,food_vegetables_healthy^violate^valid,0.75775912,3.3562648,1.0,0.0005377323044018613,-0.238601935,-11.2282355,1.519996665,2.310215499999999,65.00056803500001,13.0,2.382694,2.1047494999999996,0.7222222222222222,4.530185999346359,13.0,146.082557565,11.0,23.565857535,7.447397499999999,13.0,40.36793884787534,22.174123722577942,13.0
True,violate,21.764679,plants_trees_tall,Human,False,False,True,False,False,plants_trees_tall^violate^invalid,0.793895095,3.51040315,0.5,0.00014996657004577623,-1.5793748,-13.490645,-1.299109455,-2.270526500000001,65.45802229499999,13.0,3.171338925,3.171338925,1.0,1.8511591116003463,12.0,162.3544972,8.0,7.527773,22.5921845265,8.0,22.149570838901894,38.92637442665298,8.0
True,violate,27.364682,vehicles_mobile_buildings,Human,True,True,True,False,False,vehicles_mobile_buildings^violate^valid,0.83037915,3.26490065,1.0,0.0004804208874633685,-0.318618655,-11.5553585,1.135104195,2.1417075000000008,64.8953517,13.0,2.6886595,2.6886595,0.7222222222222222,4.524039423271558,13.0,151.264297378,11.0,19.685797322,8.39636175,13.0,37.318121155690875,22.09315208230263,13.0
True,nonsense,44.33181,nonsense_paft_usp_cesk,Human,True,True,False,False,True,nonsense_paft_usp_cesk^nonsense^valid,0.90446385,3.0925508500000003,1.0,0.00036385357600297646,-0.36020477,-12.0545185,1.0078305800000003,1.8748474999999996,63.70888371,13.0,2.9272709999999993,2.9272709999999993,0.8333333333333334,4.22117993167058,13.0,155.55404756,11.0,21.895442390000003,7.775151399999999,13.0,39.79514013282285,22.991801159252574,13.0
True,nonsense,15.86461,nonsense_sclace_dact_yink,Human,True,True,False,False,True,nonsense_sclace_dact_yink^nonsense^valid,0.8292588000000001,3.38698765,1.0,0.00032939366503072876,-0.284816085,-12.1505455,1.3155842150000001,1.9092854999999993,64.37754075500001,13.0,2.8964644999999996,2.8964644999999996,0.7777777777777778,4.397219390962283,13.0,154.807185485,11.0,22.625491564999997,7.634923699999999,13.0,39.96590722489417,22.404252027135517,13.0
False,consistent,32.065685,guns_weapons_dangerous,Human,False,True,True,True,False,guns_weapons_dangerous^consistent^invalid,0.8124103650000001,3.52681745,0.5,0.00016155519136725022,-1.6824146,-13.37473275,-1.419377345,-2.088389750000001,65.246341985,13.0,3.092880115,3.092880115,1.0,1.851250707083089,12.0,162.11726545,8.0,7.87713325,22.8607597425,8.0,22.78206423757442,41.226552475374106,8.0
False,consistent,22.230728,computers_electronics_expensive,Human,False,True,True,True,False,computers_electronics_expensive^consistent^invalid,0.827916625,3.2527096,0.5,0.0001478306515694154,-1.70716705,-13.6426695,-1.444705925,-2.5822434999999997,64.53852477000001,13.0,3.35160743,3.35160743,1.0,1.7980412785201751,12.0,165.46628235000003,8.0,7.699252500000001,24.539169950999998,8.0,22.11677450580917,40.692714354500296,8.0
True,consistent,28.140661,food_vegetables_healthy,Human,True,True,True,True,False,food_vegetables_healthy^consistent^valid,0.7606136,3.3383755500000003,1.0,0.0005669087190239791,-0.24247479500000002,-11.1414715,1.497656805,2.418847500000001,65.30056738000002,13.0,2.4084665000000003,1.993214,0.7222222222222222,4.528359460105362,13.0,146.699753749,11.0,23.619699101000002,7.8409485,13.0,39.50832733759715,22.534533309605877,13.0
True,violate,30.830488,politicians_dishonest_lie,Human,True,True,True,False,False,politicians_dishonest_lie^violate^valid,0.85692418,2.5728094500000003,1.0,0.0005229136727992001,-0.304098085,-11.7277335,1.2323226649999999,1.9506049999999995,63.630831195,13.0,2.6572120000000004,2.6572120000000004,0.7222222222222222,4.356190776423571,13.0,150.35712137399997,11.0,21.547333025999997,7.783636500000001,13.0,40.94241499827892,21.960442003393133,13.0
True,nonsense,28.997982,nonsense_blep_jict_zamp,Human,False,False,False,False,True,nonsense_blep_jict_zamp^nonsense^invalid,0.903665115,3.6107066999999997,0.5,0.00012940662591061247,-1.38791745,-13.86944,-1.03476904,-1.825532,65.00869826499999,13.0,3.032294425,3.032294425,1.0,2.0982665889638668,12.0,169.33324845,8.0,7.733370150000001,21.43827195,8.0,22.29918682480759,38.57487117335801,8.0
True,consistent,14.265244,vehicles_mobile_buildings,Human,True,True,True,True,False,vehicles_mobile_buildings^consistent^valid,0.7901149000000001,3.24187005,1.0,0.0005113843142012156,-0.28983744,-11.434633,1.2501793600000002,2.2135015000000005,64.66180131,13.0,2.464466,2.4590445,0.7777777777777778,4.442020771302079,13.0,149.4413246465,11.0,20.706922953499998,8.015376199999999,13.0,37.90102485689671,21.74461635831828,13.0
True,nonsense,40.431383,nonsense_frupt_liff_blop,Human,False,False,False,False,True,nonsense_frupt_liff_blop^nonsense^invalid,0.9060705499999999,3.2967328,0.5,0.00014389631823696246,-1.3126894,-13.731757,-0.935422815,-1.6657665000000001,64.72146101499999,13.0,2.90905392,2.90905392,1.0,1.9315905883954785,12.0,167.62689285,10.0,8.80342105,19.9440060325,8.0,23.62313831708812,39.117335315860785,8.0
True,nonsense,69.097613,nonsense_shiff_yot_plusk,Human,True,True,False,False,True,nonsense_shiff_yot_plusk^nonsense^valid,0.85954905,3.3951676,1.0,0.00030728071375896084,-0.349083845,-12.270569,1.0218831050000001,1.6701089999999992,63.39859931499999,13.0,3.2967174999999997,3.2967174999999997,0.8333333333333334,4.2866594849637885,13.0,157.85406354599996,11.0,20.601034104,9.09310645,13.0,40.16672640586064,23.439003582831603,13.0
False,consistent,28.06444,vehicles_mobile_buildings,Human,False,True,True,True,False,vehicles_mobile_buildings^consistent^invalid,0.82807165,3.10497555,0.5,0.00014688091992820756,-1.4844856,-13.7572515,-1.1739701949999999,-2.164491,64.318786655,13.0,2.8903951050000005,2.8903951050000005,1.0,2.0207245787134083,12.0,163.02613715,8.0,8.4129259,20.242011470999998,8.0,22.346142670880425,38.23088806238775,8.0
True,nonsense,19.131941,nonsense_shrad_splect_dring,Human,True,True,False,False,True,nonsense_shrad_splect_dring^nonsense^valid,0.9150424500000001,3.3742295,1.0,0.00036229458927041045,-0.36611007500000003,-11.956315,0.987147325,1.9446754999999998,64.36049211,13.0,2.77952525,2.77952525,0.8333333333333334,4.269807825580074,13.0,154.984396102,11.0,22.572676148000003,7.6024691,13.0,40.053489229573486,22.78662454765672,13.0
True,violate,19.431695,gems_diamonds_transparent,Human,False,False,True,False,False,gems_diamonds_transparent^violate^invalid,0.80006635,3.4921516500000003,0.5,0.0001498924813805521,-1.5872069,-13.480996999999999,-1.3072939,-2.2550725,64.74042812500001,13.0,2.97899922,2.97899922,1.0,1.851528100172782,12.0,162.84346994999999,8.0,8.16023375,22.413309426999998,8.0,22.65525646655066,40.0872884258531,8.0
True,violate,32.431424,librarians_happy_healthy,Human,False,False,True,False,False,librarians_happy_healthy^violate^invalid,0.82843153,2.9045293,0.5,0.00014523853227303333,-1.5777782,-13.932103999999999,-1.2889213700000002,-2.225238,63.484037335,13.0,2.98101987,2.98101987,1.0,1.8901315714134497,12.0,164.68412365,8.0,7.22950555,22.0323222455,8.0,22.28237701789436,39.792787090075564,8.0
True,violate,57.061166,dragons_mythical_exist,Human,False,False,True,False,False,dragons_mythical_exist^violate^invalid,0.7496491999999999,2.7785035000000002,0.5,0.00015468943720704716,-1.7071033500000001,-13.6957835,-1.461802445,-2.080981499999999,63.269095475,13.0,2.9363595899999995,2.9363595899999995,1.0,2.019378182385685,12.0,165.12476145,8.0,8.051998000000001,21.815614513499995,8.0,21.918670240760562,40.2427733064133,8.0
True,nonsense,40.098021,nonsense_fleff_drap_ved,Human,False,False,False,False,True,nonsense_fleff_drap_ved^nonsense^invalid,0.8759138,3.1138594,0.5,0.00013458369876571117,-1.4099640999999998,-13.9619065,-1.069373145,-1.9967899999999998,63.891125015,13.0,2.7940208550000003,2.7940208550000003,1.0,2.1831661771123385,12.0,166.4123376,8.0,7.75694765,21.004694477999998,8.0,22.55367198278043,39.078348840882946,8.0
True,nonsense,24.332474,nonsense_sclace_dact_yink,Human,True,True,False,False,True,nonsense_sclace_dact_yink^nonsense^valid,0.8292588000000001,3.38698765,1.0,0.00032939366503072876,-0.284816085,-12.1505455,1.3155842150000001,1.9092854999999993,64.37754075500001,13.0,2.8964644999999996,2.8964644999999996,0.7777777777777778,4.397219390962283,13.0,154.807185485,11.0,22.625491564999997,7.634923699999999,13.0,39.96590722489417,22.404252027135517,13.0
False,violate,36.664964,vehicles_mobile_buildings,Human,True,False,True,False,False,vehicles_mobile_buildings^violate^valid,0.83037915,3.26490065,1.0,0.0004804208874633685,-0.318618655,-11.5553585,1.135104195,2.1417075000000008,64.8953517,13.0,2.6886595,2.6886595,0.7222222222222222,4.524039423271558,13.0,151.264297378,11.0,19.685797322,8.39636175,13.0,37.318121155690875,22.09315208230263,13.0
False,violate,17.563573,librarians_happy_healthy,Human,True,False,True,False,False,librarians_happy_healthy^violate^valid,0.792771605,2.9532844999999996,1.0,0.0004664763628768363,-0.25569205,-11.740565,1.45067025,2.1268580000000004,63.64685722499999,13.0,2.44684175,2.436256749999999,0.7222222222222222,4.440402660388335,13.0,149.601658461,11.0,23.182110839000003,7.307156999999999,13.0,41.26226717742991,22.061137462614298,13.0
False,nonsense,24.031669,nonsense_phrist_biss_skemp,Human,True,False,False,False,True,nonsense_phrist_biss_skemp^nonsense^valid,0.87534025,3.4221852999999998,1.0,0.0003532534064746321,-0.33027441,-11.9904435,1.11622049,1.8328980000000001,64.660954655,13.0,2.9429380000000007,2.9429380000000007,0.8333333333333334,4.27113314324713,13.0,154.6944507,11.0,21.71719995,7.9257566,13.0,40.55514436990422,22.715357219251043,13.0
False,consistent,23.064852,famous_wealthy_old,Human,False,True,True,True,False,famous_wealthy_old^consistent^invalid,0.869590775,2.54102595,0.5,0.00015957231208683058,-1.49868735,-13.8257695,-1.18172262,-1.9555865000000008,64.16783469,13.0,3.0795116900000004,3.0795116900000004,1.0,1.7986031839253742,12.0,164.34106605000002,8.0,8.1696595,20.057577651500004,8.0,22.23609328761472,39.46174968919007,8.0
False,violate,35.128995,computers_electronics_expensive,Human,False,True,True,False,False,computers_electronics_expensive^violate^invalid,0.810087475,3.31665395,0.5,0.00015943531510909025,-1.6252526,-13.487348,-1.35076813,-2.371691,64.154017735,13.0,3.014700035,3.014700035,1.0,1.8518790945496235,12.0,162.01872735,8.0,7.681027500000002,22.788343261999998,8.0,22.434826467936805,40.071035681739176,8.0
True,consistent,112.36582,vehicles_mobile_buildings,Human,True,True,True,True,False,vehicles_mobile_buildings^consistent^valid,0.7901149000000001,3.24187005,1.0,0.0005113843142012156,-0.28983744,-11.434633,1.2501793600000002,2.2135015000000005,64.66180131,13.0,2.464466,2.4590445,0.7777777777777778,4.442020771302079,13.0,149.4413246465,11.0,20.706922953499998,8.015376199999999,13.0,37.90102485689671,21.74461635831828,13.0
True,nonsense,18.697868,nonsense_blep_jict_zamp,Human,False,False,False,False,True,nonsense_blep_jict_zamp^nonsense^invalid,0.903665115,3.6107066999999997,0.5,0.00012940662591061247,-1.38791745,-13.86944,-1.03476904,-1.825532,65.00869826499999,13.0,3.032294425,3.032294425,1.0,2.0982665889638668,12.0,169.33324845,8.0,7.733370150000001,21.43827195,8.0,22.29918682480759,38.57487117335801,8.0
False,nonsense,35.264353,nonsense_gick_criff_riff,Human,False,True,False,False,True,nonsense_gick_criff_riff^nonsense^invalid,0.8612199,3.39642235,0.5,0.0001332815010463566,-1.4914692,-13.8843395,-1.1763248099999999,-1.839945000000001,64.23723944,13.0,2.8424378999999997,2.8424378999999997,1.0,2.183215925526847,12.0,168.68162,8.0,8.0984081,21.566258694999995,8.0,22.128120142400363,40.12134325330565,8.0
True,nonsense,19.797745,nonsense_zeff_zaff_zom,Human,True,True,False,False,True,nonsense_zeff_zaff_zom^nonsense^valid,0.826190125,3.3383641500000003,1.0,0.0003752730410606441,-0.2988921,-11.89146675,1.2291002,1.9690327500000002,64.578556365,13.0,2.867421,2.867421,0.7777777777777778,4.438700719392093,13.0,154.29274210299997,11.0,23.070633847000003,7.497410749999999,13.0,40.623939754034595,22.04034454670912,13.0
False,nonsense,27.36592,nonsense_snid_ust_bem,Human,True,False,False,False,True,nonsense_snid_ust_bem^nonsense^valid,0.89630637,3.0153843,1.0,0.0003303327877795963,-0.32724493499999996,-12.2195655,1.147779465,2.0203819999999997,63.501960845000006,13.0,2.896642000000001,2.896642000000001,0.8333333333333334,4.220851869703862,13.0,156.36384721000002,11.0,21.952703539999995,8.2747913,13.0,41.45703203176717,23.994582749846323,13.0
True,violate,18.331208,plants_trees_tall,Human,False,False,True,False,False,plants_trees_tall^violate^invalid,0.793895095,3.51040315,0.5,0.00014996657004577623,-1.5793748,-13.490645,-1.299109455,-2.270526500000001,65.45802229499999,13.0,3.171338925,3.171338925,1.0,1.8511591116003463,12.0,162.3544972,8.0,7.527773,22.5921845265,8.0,22.149570838901894,38.92637442665298,8.0
True,consistent,34.407176,food_vegetables_healthy,Human,True,True,True,True,False,food_vegetables_healthy^consistent^valid,0.7606136,3.3383755500000003,1.0,0.0005669087190239791,-0.24247479500000002,-11.1414715,1.497656805,2.418847500000001,65.30056738000002,13.0,2.4084665000000003,1.993214,0.7222222222222222,4.528359460105362,13.0,146.699753749,11.0,23.619699101000002,7.8409485,13.0,39.50832733759715,22.534533309605877,13.0
False,nonsense,24.763141,nonsense_phrist_biss_skemp,Human,True,False,False,False,True,nonsense_phrist_biss_skemp^nonsense^valid,0.87534025,3.4221852999999998,1.0,0.0003532534064746321,-0.33027441,-11.9904435,1.11622049,1.8328980000000001,64.660954655,13.0,2.9429380000000007,2.9429380000000007,0.8333333333333334,4.27113314324713,13.0,154.6944507,11.0,21.71719995,7.9257566,13.0,40.55514436990422,22.715357219251043,13.0
False,consistent,17.330941,librarians_happy_healthy,Human,False,True,True,True,False,librarians_happy_healthy^consistent^invalid,0.81077882,2.86364565,0.5,0.00014633701367139737,-1.58672145,-13.884556499999999,-1.30359647,-2.1702139999999996,64.17962105,13.0,3.1747808749999997,3.1747808749999997,1.0,1.7959304817817918,12.0,165.98963685,8.0,7.54508725,22.443929461999996,8.0,22.678905569012304,40.484153084258494,8.0
False,violate,36.297105,librarians_happy_healthy,Human,True,False,True,False,False,librarians_happy_healthy^violate^valid,0.792771605,2.9532844999999996,1.0,0.0004664763628768363,-0.25569205,-11.740565,1.45067025,2.1268580000000004,63.64685722499999,13.0,2.44684175,2.436256749999999,0.7222222222222222,4.440402660388335,13.0,149.601658461,11.0,23.182110839000003,7.307156999999999,13.0,41.26226717742991,22.061137462614298,13.0
True,nonsense,49.732316,nonsense_paft_usp_cesk,Human,True,True,False,False,True,nonsense_paft_usp_cesk^nonsense^valid,0.90446385,3.0925508500000003,1.0,0.00036385357600297646,-0.36020477,-12.0545185,1.0078305800000003,1.8748474999999996,63.70888371,13.0,2.9272709999999993,2.9272709999999993,0.8333333333333334,4.22117993167058,13.0,155.55404756,11.0,21.895442390000003,7.775151399999999,13.0,39.79514013282285,22.991801159252574,13.0
True,violate,47.198598,famous_wealthy_old,Human,True,True,True,False,False,famous_wealthy_old^violate^valid,0.842092925,2.70853255,1.0,0.0004890306659845316,-0.294347495,-11.781068000000001,1.269793505,1.8836114999999989,63.002077740000004,13.0,2.7637085,2.7637085,0.7222222222222222,4.314656211531842,13.0,150.848518432,11.0,21.104605768,8.048890750000002,13.0,41.20358788514747,22.217639795756412,13.0
False,consistent,36.098909,guns_weapons_dangerous,Human,False,True,True,True,False,guns_weapons_dangerous^consistent^invalid,0.8124103650000001,3.52681745,0.5,0.00016155519136725022,-1.6824146,-13.37473275,-1.419377345,-2.088389750000001,65.246341985,13.0,3.092880115,3.092880115,1.0,1.851250707083089,12.0,162.11726545,8.0,7.87713325,22.8607597425,8.0,22.78206423757442,41.226552475374106,8.0
True,consistent,70.669867,famous_wealthy_old,Human,False,False,True,True,False,famous_wealthy_old^consistent^invalid,0.869590775,2.54102595,0.5,0.00015957231208683058,-1.49868735,-13.8257695,-1.18172262,-1.9555865000000008,64.16783469,13.0,3.0795116900000004,3.0795116900000004,1.0,1.7986031839253742,12.0,164.34106605000002,8.0,8.1696595,20.057577651500004,8.0,22.23609328761472,39.46174968919007,8.0
True,violate,51.729483,computers_electronics_expensive,Human,True,True,True,False,False,computers_electronics_expensive^violate^valid,0.79920667,3.33830025,1.0,0.0006120097741781315,-0.25700347,-11.110559,1.44521998,2.4137257499999993,64.37129449,13.0,2.43376725,2.1651685,0.7222222222222222,4.444678280930261,13.0,147.234048478,11.0,23.751550372,7.696478250000001,13.0,40.90439012077201,22.294409900997366,13.0
True,consistent,55.031106,dragons_mythical_exist,Human,True,True,True,True,False,dragons_mythical_exist^consistent^valid,0.8071744,2.96209065,1.0,0.0004851111013845727,-0.302964405,-11.566526249999999,1.190615645,2.0720477500000003,64.60009852,13.0,2.9147057500000004,2.9147057500000004,0.8333333333333334,4.31346333624011,13.0,151.9728535365,11.0,19.2227564135,8.30126085,13.0,38.30128428392334,22.76191214342742,13.0
True,violate,41.865399,food_vegetables_healthy,Human,False,False,True,False,False,food_vegetables_healthy^violate^invalid,0.78112465,3.2349620000000003,0.5,0.00014774839048213578,-1.6968642,-13.5915095,-1.4428825500000002,-2.3488035,64.74213544,13.0,3.0974066799999997,3.0974066799999997,1.0,1.850973294237705,12.0,161.61133675000002,8.0,7.666856499999998,22.8085641475,8.0,22.947647193521895,40.004632493790545,8.0
False,nonsense,26.631902,nonsense_paft_usp_cesk,Human,True,False,False,False,True,nonsense_paft_usp_cesk^nonsense^valid,0.90446385,3.0925508500000003,1.0,0.00036385357600297646,-0.36020477,-12.0545185,1.0078305800000003,1.8748474999999996,63.70888371,13.0,2.9272709999999993,2.9272709999999993,0.8333333333333334,4.22117993167058,13.0,155.55404756,11.0,21.895442390000003,7.775151399999999,13.0,39.79514013282285,22.991801159252574,13.0
True,violate,45.996698,food_vegetables_healthy,Human,True,True,True,False,False,food_vegetables_healthy^violate^valid,0.75775912,3.3562648,1.0,0.0005377323044018613,-0.238601935,-11.2282355,1.519996665,2.310215499999999,65.00056803500001,13.0,2.382694,2.1047494999999996,0.7222222222222222,4.530185999346359,13.0,146.082557565,11.0,23.565857535,7.447397499999999,13.0,40.36793884787534,22.174123722577942,13.0
True,nonsense,18.298773,nonsense_frupt_liff_blop,Human,False,False,False,False,True,nonsense_frupt_liff_blop^nonsense^invalid,0.9060705499999999,3.2967328,0.5,0.00014389631823696246,-1.3126894,-13.731757,-0.935422815,-1.6657665000000001,64.72146101499999,13.0,2.90905392,2.90905392,1.0,1.9315905883954785,12.0,167.62689285,10.0,8.80342105,19.9440060325,8.0,23.62313831708812,39.117335315860785,8.0
False,consistent,34.86569,whales_mammals_big,Human,False,True,True,True,False,whales_mammals_big^consistent^invalid,0.699449835,3.3058079,0.5,0.0001557738197613336,-1.8807474,-13.477344500000001,-1.67248246,-2.2588885000000003,64.515060915,13.0,3.41005329,3.41005329,1.0,1.848445973888388,12.0,165.6973624,8.0,7.493234,24.976344836,8.0,21.143442193212145,41.10031032032572,8.0
True,violate,26.764296,politicians_dishonest_lie,Human,True,True,True,False,False,politicians_dishonest_lie^violate^valid,0.85692418,2.5728094500000003,1.0,0.0005229136727992001,-0.304098085,-11.7277335,1.2323226649999999,1.9506049999999995,63.630831195,13.0,2.6572120000000004,2.6572120000000004,0.7222222222222222,4.356190776423571,13.0,150.35712137399997,11.0,21.547333025999997,7.783636500000001,13.0,40.94241499827892,21.960442003393133,13.0
False,consistent,19.935264,whales_mammals_big,Human,True,False,True,True,False,whales_mammals_big^consistent^valid,0.7600514199999999,3.2517326,1.0,0.0005659421817598978,-0.244833055,-11.2161765,1.4792661950000001,2.2964579999999994,64.402853575,13.0,2.48740425,2.2691805,0.7222222222222222,4.526662934854758,13.0,148.5456935495,11.0,23.279946400500002,7.609150999999999,13.0,40.13314079630912,22.142916272990515,13.0
False,consistent,20.565305,computers_electronics_expensive,Human,False,True,True,True,False,computers_electronics_expensive^consistent^invalid,0.827916625,3.2527096,0.5,0.0001478306515694154,-1.70716705,-13.6426695,-1.444705925,-2.5822434999999997,64.53852477000001,13.0,3.35160743,3.35160743,1.0,1.7980412785201751,12.0,165.46628235000003,8.0,7.699252500000001,24.539169950999998,8.0,22.11677450580917,40.692714354500296,8.0
False,consistent,35.362234,vehicles_mobile_buildings,Human,False,True,True,True,False,vehicles_mobile_buildings^consistent^invalid,0.82807165,3.10497555,0.5,0.00014688091992820756,-1.4844856,-13.7572515,-1.1739701949999999,-2.164491,64.318786655,13.0,2.8903951050000005,2.8903951050000005,1.0,2.0207245787134083,12.0,163.02613715,8.0,8.4129259,20.242011470999998,8.0,22.346142670880425,38.23088806238775,8.0
True,nonsense,16.846403,nonsense_shiff_yot_plusk,Human,True,True,False,False,True,nonsense_shiff_yot_plusk^nonsense^valid,0.85954905,3.3951676,1.0,0.00030728071375896084,-0.349083845,-12.270569,1.0218831050000001,1.6701089999999992,63.39859931499999,13.0,3.2967174999999997,3.2967174999999997,0.8333333333333334,4.2866594849637885,13.0,157.85406354599996,11.0,20.601034104,9.09310645,13.0,40.16672640586064,23.439003582831603,13.0
False,nonsense,43.097131,nonsense_shiff_yot_plusk,Human,True,False,False,False,True,nonsense_shiff_yot_plusk^nonsense^valid,0.85954905,3.3951676,1.0,0.00030728071375896084,-0.349083845,-12.270569,1.0218831050000001,1.6701089999999992,63.39859931499999,13.0,3.2967174999999997,3.2967174999999997,0.8333333333333334,4.2866594849637885,13.0,157.85406354599996,11.0,20.601034104,9.09310645,13.0,40.16672640586064,23.439003582831603,13.0
False,violate,23.799196,food_vegetables_healthy,Human,True,False,True,False,False,food_vegetables_healthy^violate^valid,0.75775912,3.3562648,1.0,0.0005377323044018613,-0.238601935,-11.2282355,1.519996665,2.310215499999999,65.00056803500001,13.0,2.382694,2.1047494999999996,0.7222222222222222,4.530185999346359,13.0,146.082557565,11.0,23.565857535,7.447397499999999,13.0,40.36793884787534,22.174123722577942,13.0
True,nonsense,19.165742,nonsense_shrad_splect_dring,Human,True,True,False,False,True,nonsense_shrad_splect_dring^nonsense^valid,0.9150424500000001,3.3742295,1.0,0.00036229458927041045,-0.36611007500000003,-11.956315,0.987147325,1.9446754999999998,64.36049211,13.0,2.77952525,2.77952525,0.8333333333333334,4.269807825580074,13.0,154.984396102,11.0,22.572676148000003,7.6024691,13.0,40.053489229573486,22.78662454765672,13.0
False,consistent,40.996773,computers_electronics_expensive,Human,False,True,True,True,False,computers_electronics_expensive^consistent^invalid,0.827916625,3.2527096,0.5,0.0001478306515694154,-1.70716705,-13.6426695,-1.444705925,-2.5822434999999997,64.53852477000001,13.0,3.35160743,3.35160743,1.0,1.7980412785201751,12.0,165.46628235000003,8.0,7.699252500000001,24.539169950999998,8.0,22.11677450580917,40.692714354500296,8.0
False,violate,14.464658,librarians_happy_healthy,Human,True,False,True,False,False,librarians_happy_healthy^violate^valid,0.792771605,2.9532844999999996,1.0,0.0004664763628768363,-0.25569205,-11.740565,1.45067025,2.1268580000000004,63.64685722499999,13.0,2.44684175,2.436256749999999,0.7222222222222222,4.440402660388335,13.0,149.601658461,11.0,23.182110839000003,7.307156999999999,13.0,41.26226717742991,22.061137462614298,13.0
True,nonsense,23.496285,nonsense_sneb_jing_omp,Human,True,True,False,False,True,nonsense_sneb_jing_omp^nonsense^valid,0.87637675,2.9196453499999997,1.0,0.0003549313610474889,-0.378000965,-12.2291775,0.918018335,1.8000554999999991,62.32289851,13.0,3.1921244999999994,3.1921244999999994,0.8333333333333334,4.243235111391919,13.0,156.55068115299997,11.0,20.553673847,8.745690800000002,13.0,38.25296620955978,23.06310768422737,13.0
True,nonsense,32.531749,nonsense_sclace_dact_yink,Human,True,True,False,False,True,nonsense_sclace_dact_yink^nonsense^valid,0.8292588000000001,3.38698765,1.0,0.00032939366503072876,-0.284816085,-12.1505455,1.3155842150000001,1.9092854999999993,64.37754075500001,13.0,2.8964644999999996,2.8964644999999996,0.7777777777777778,4.397219390962283,13.0,154.807185485,11.0,22.625491564999997,7.634923699999999,13.0,39.96590722489417,22.404252027135517,13.0
False,consistent,52.196498,computers_electronics_expensive,Human,False,True,True,True,False,computers_electronics_expensive^consistent^invalid,0.827916625,3.2527096,0.5,0.0001478306515694154,-1.70716705,-13.6426695,-1.444705925,-2.5822434999999997,64.53852477000001,13.0,3.35160743,3.35160743,1.0,1.7980412785201751,12.0,165.46628235000003,8.0,7.699252500000001,24.539169950999998,8.0,22.11677450580917,40.692714354500296,8.0
True,violate,52.932052,dragons_mythical_exist,Human,False,False,True,False,False,dragons_mythical_exist^violate^invalid,0.7496491999999999,2.7785035000000002,0.5,0.00015468943720704716,-1.7071033500000001,-13.6957835,-1.461802445,-2.080981499999999,63.269095475,13.0,2.9363595899999995,2.9363595899999995,1.0,2.019378182385685,12.0,165.12476145,8.0,8.051998000000001,21.815614513499995,8.0,21.918670240760562,40.2427733064133,8.0
True,violate,41.364013,librarians_happy_healthy,Human,False,False,True,False,False,librarians_happy_healthy^violate^invalid,0.82843153,2.9045293,0.5,0.00014523853227303333,-1.5777782,-13.932103999999999,-1.2889213700000002,-2.225238,63.484037335,13.0,2.98101987,2.98101987,1.0,1.8901315714134497,12.0,164.68412365,8.0,7.22950555,22.0323222455,8.0,22.28237701789436,39.792787090075564,8.0
True,violate,59.198255,food_vegetables_healthy,Human,False,False,True,False,False,food_vegetables_healthy^violate^invalid,0.78112465,3.2349620000000003,0.5,0.00014774839048213578,-1.6968642,-13.5915095,-1.4428825500000002,-2.3488035,64.74213544,13.0,3.0974066799999997,3.0974066799999997,1.0,1.850973294237705,12.0,161.61133675000002,8.0,7.666856499999998,22.8085641475,8.0,22.947647193521895,40.004632493790545,8.0
True,nonsense,37.698888,nonsense_snid_ust_bem,Human,True,True,False,False,True,nonsense_snid_ust_bem^nonsense^valid,0.89630637,3.0153843,1.0,0.0003303327877795963,-0.32724493499999996,-12.2195655,1.147779465,2.0203819999999997,63.501960845000006,13.0,2.896642000000001,2.896642000000001,0.8333333333333334,4.220851869703862,13.0,156.36384721000002,11.0,21.952703539999995,8.2747913,13.0,41.45703203176717,23.994582749846323,13.0
True,nonsense,33.764242,nonsense_phrist_biss_skemp,Human,True,True,False,False,True,nonsense_phrist_biss_skemp^nonsense^valid,0.87534025,3.4221852999999998,1.0,0.0003532534064746321,-0.33027441,-11.9904435,1.11622049,1.8328980000000001,64.660954655,13.0,2.9429380000000007,2.9429380000000007,0.8333333333333334,4.27113314324713,13.0,154.6944507,11.0,21.71719995,7.9257566,13.0,40.55514436990422,22.715357219251043,13.0
True,consistent,22.331964,famous_wealthy_old,Human,False,False,True,True,False,famous_wealthy_old^consistent^invalid,0.869590775,2.54102595,0.5,0.00015957231208683058,-1.49868735,-13.8257695,-1.18172262,-1.9555865000000008,64.16783469,13.0,3.0795116900000004,3.0795116900000004,1.0,1.7986031839253742,12.0,164.34106605000002,8.0,8.1696595,20.057577651500004,8.0,22.23609328761472,39.46174968919007,8.0
False,consistent,33.665792,vehicles_mobile_buildings,Human,True,False,True,True,False,vehicles_mobile_buildings^consistent^valid,0.7901149000000001,3.24187005,1.0,0.0005113843142012156,-0.28983744,-11.434633,1.2501793600000002,2.2135015000000005,64.66180131,13.0,2.464466,2.4590445,0.7777777777777778,4.442020771302079,13.0,149.4413246465,11.0,20.706922953499998,8.015376199999999,13.0,37.90102485689671,21.74461635831828,13.0
False,consistent,15.997436,librarians_happy_healthy,Human,False,True,True,True,False,librarians_happy_healthy^consistent^invalid,0.81077882,2.86364565,0.5,0.00014633701367139737,-1.58672145,-13.884556499999999,-1.30359647,-2.1702139999999996,64.17962105,13.0,3.1747808749999997,3.1747808749999997,1.0,1.7959304817817918,12.0,165.98963685,8.0,7.54508725,22.443929461999996,8.0,22.678905569012304,40.484153084258494,8.0
True,nonsense,51.498256,nonsense_frupt_liff_blop,Human,False,False,False,False,True,nonsense_frupt_liff_blop^nonsense^invalid,0.9060705499999999,3.2967328,0.5,0.00014389631823696246,-1.3126894,-13.731757,-0.935422815,-1.6657665000000001,64.72146101499999,13.0,2.90905392,2.90905392,1.0,1.9315905883954785,12.0,167.62689285,10.0,8.80342105,19.9440060325,8.0,23.62313831708812,39.117335315860785,8.0
True,nonsense,21.030141,nonsense_phrist_biss_skemp,Human,True,True,False,False,True,nonsense_phrist_biss_skemp^nonsense^valid,0.87534025,3.4221852999999998,1.0,0.0003532534064746321,-0.33027441,-11.9904435,1.11622049,1.8328980000000001,64.660954655,13.0,2.9429380000000007,2.9429380000000007,0.8333333333333334,4.27113314324713,13.0,154.6944507,11.0,21.71719995,7.9257566,13.0,40.55514436990422,22.715357219251043,13.0
True,nonsense,35.765584,nonsense_paft_usp_cesk,Human,True,True,False,False,True,nonsense_paft_usp_cesk^nonsense^valid,0.90446385,3.0925508500000003,1.0,0.00036385357600297646,-0.36020477,-12.0545185,1.0078305800000003,1.8748474999999996,63.70888371,13.0,2.9272709999999993,2.9272709999999993,0.8333333333333334,4.22117993167058,13.0,155.55404756,11.0,21.895442390000003,7.775151399999999,13.0,39.79514013282285,22.991801159252574,13.0
False,violate,11.265268,famous_wealthy_old,Human,True,False,True,False,False,famous_wealthy_old^violate^valid,0.842092925,2.70853255,1.0,0.0004890306659845316,-0.294347495,-11.781068000000001,1.269793505,1.8836114999999989,63.002077740000004,13.0,2.7637085,2.7637085,0.7222222222222222,4.314656211531842,13.0,150.848518432,11.0,21.104605768,8.048890750000002,13.0,41.20358788514747,22.217639795756412,13.0
True,nonsense,71.798815,nonsense_fleff_drap_ved,Human,False,False,False,False,True,nonsense_fleff_drap_ved^nonsense^invalid,0.8759138,3.1138594,0.5,0.00013458369876571117,-1.4099640999999998,-13.9619065,-1.069373145,-1.9967899999999998,63.891125015,13.0,2.7940208550000003,2.7940208550000003,1.0,2.1831661771123385,12.0,166.4123376,8.0,7.75694765,21.004694477999998,8.0,22.55367198278043,39.078348840882946,8.0
False,consistent,26.229668,guns_weapons_dangerous,Human,False,True,True,True,False,guns_weapons_dangerous^consistent^invalid,0.8124103650000001,3.52681745,0.5,0.00016155519136725022,-1.6824146,-13.37473275,-1.419377345,-2.088389750000001,65.246341985,13.0,3.092880115,3.092880115,1.0,1.851250707083089,12.0,162.11726545,8.0,7.87713325,22.8607597425,8.0,22.78206423757442,41.226552475374106,8.0
True,nonsense,20.729455,nonsense_zeff_zaff_zom,Human,True,True,False,False,True,nonsense_zeff_zaff_zom^nonsense^valid,0.826190125,3.3383641500000003,1.0,0.0003752730410606441,-0.2988921,-11.89146675,1.2291002,1.9690327500000002,64.578556365,13.0,2.867421,2.867421,0.7777777777777778,4.438700719392093,13.0,154.29274210299997,11.0,23.070633847000003,7.497410749999999,13.0,40.623939754034595,22.04034454670912,13.0
False,nonsense,21.964583,nonsense_gick_criff_riff,Human,False,True,False,False,True,nonsense_gick_criff_riff^nonsense^invalid,0.8612199,3.39642235,0.5,0.0001332815010463566,-1.4914692,-13.8843395,-1.1763248099999999,-1.839945000000001,64.23723944,13.0,2.8424378999999997,2.8424378999999997,1.0,2.183215925526847,12.0,168.68162,8.0,8.0984081,21.566258694999995,8.0,22.128120142400363,40.12134325330565,8.0
True,consistent,26.363739,dragons_mythical_exist,Human,True,True,True,True,False,dragons_mythical_exist^consistent^valid,0.8071744,2.96209065,1.0,0.0004851111013845727,-0.302964405,-11.566526249999999,1.190615645,2.0720477500000003,64.60009852,13.0,2.9147057500000004,2.9147057500000004,0.8333333333333334,4.31346333624011,13.0,151.9728535365,11.0,19.2227564135,8.30126085,13.0,38.30128428392334,22.76191214342742,13.0
False,violate,29.630778,vehicles_mobile_buildings,Human,True,False,True,False,False,vehicles_mobile_buildings^violate^valid,0.83037915,3.26490065,1.0,0.0004804208874633685,-0.318618655,-11.5553585,1.135104195,2.1417075000000008,64.8953517,13.0,2.6886595,2.6886595,0.7222222222222222,4.524039423271558,13.0,151.264297378,11.0,19.685797322,8.39636175,13.0,37.318121155690875,22.09315208230263,13.0
True,consistent,20.77165,whales_mammals_big,Human,True,True,True,True,False,whales_mammals_big^consistent^valid,0.7600514199999999,3.2517326,1.0,0.0005659421817598978,-0.244833055,-11.2161765,1.4792661950000001,2.2964579999999994,64.402853575,13.0,2.48740425,2.2691805,0.7222222222222222,4.526662934854758,13.0,148.5456935495,11.0,23.279946400500002,7.609150999999999,13.0,40.13314079630912,22.142916272990515,13.0
True,consistent,38.644544,food_vegetables_healthy,Human,True,True,True,True,False,food_vegetables_healthy^consistent^valid,0.7606136,3.3383755500000003,1.0,0.0005669087190239791,-0.24247479500000002,-11.1414715,1.497656805,2.418847500000001,65.30056738000002,13.0,2.4084665000000003,1.993214,0.7222222222222222,4.528359460105362,13.0,146.699753749,11.0,23.619699101000002,7.8409485,13.0,39.50832733759715,22.534533309605877,13.0
True,violate,19.531187,gems_diamonds_transparent,Human,False,False,True,False,False,gems_diamonds_transparent^violate^invalid,0.80006635,3.4921516500000003,0.5,0.0001498924813805521,-1.5872069,-13.480996999999999,-1.3072939,-2.2550725,64.74042812500001,13.0,2.97899922,2.97899922,1.0,1.851528100172782,12.0,162.84346994999999,8.0,8.16023375,22.413309426999998,8.0,22.65525646655066,40.0872884258531,8.0
True,violate,28.463449,librarians_happy_healthy,Human,True,True,True,False,False,librarians_happy_healthy^violate^valid,0.792771605,2.9532844999999996,1.0,0.0004664763628768363,-0.25569205,-11.740565,1.45067025,2.1268580000000004,63.64685722499999,13.0,2.44684175,2.436256749999999,0.7222222222222222,4.440402660388335,13.0,149.601658461,11.0,23.182110839000003,7.307156999999999,13.0,41.26226717742991,22.061137462614298,13.0
True,violate,28.197697,food_vegetables_healthy,Human,True,True,True,False,False,food_vegetables_healthy^violate^valid,0.75775912,3.3562648,1.0,0.0005377323044018613,-0.238601935,-11.2282355,1.519996665,2.310215499999999,65.00056803500001,13.0,2.382694,2.1047494999999996,0.7222222222222222,4.530185999346359,13.0,146.082557565,11.0,23.565857535,7.447397499999999,13.0,40.36793884787534,22.174123722577942,13.0
True,consistent,14.965612,whales_mammals_big,Human,False,False,True,True,False,whales_mammals_big^consistent^invalid,0.699449835,3.3058079,0.5,0.0001557738197613336,-1.8807474,-13.477344500000001,-1.67248246,-2.2588885000000003,64.515060915,13.0,3.41005329,3.41005329,1.0,1.848445973888388,12.0,165.6973624,8.0,7.493234,24.976344836,8.0,21.143442193212145,41.10031032032572,8.0
False,consistent,12.431502,computers_electronics_expensive,Human,False,True,True,True,False,computers_electronics_expensive^consistent^invalid,0.827916625,3.2527096,0.5,0.0001478306515694154,-1.70716705,-13.6426695,-1.444705925,-2.5822434999999997,64.53852477000001,13.0,3.35160743,3.35160743,1.0,1.7980412785201751,12.0,165.46628235000003,8.0,7.699252500000001,24.539169950999998,8.0,22.11677450580917,40.692714354500296,8.0
False,violate,17.697959,computers_electronics_expensive,Human,True,False,True,False,False,computers_electronics_expensive^violate^valid,0.79920667,3.33830025,1.0,0.0006120097741781315,-0.25700347,-11.110559,1.44521998,2.4137257499999993,64.37129449,13.0,2.43376725,2.1651685,0.7222222222222222,4.444678280930261,13.0,147.234048478,11.0,23.751550372,7.696478250000001,13.0,40.90439012077201,22.294409900997366,13.0
True,consistent,17.965809,famous_wealthy_old,Human,False,False,True,True,False,famous_wealthy_old^consistent^invalid,0.869590775,2.54102595,0.5,0.00015957231208683058,-1.49868735,-13.8257695,-1.18172262,-1.9555865000000008,64.16783469,13.0,3.0795116900000004,3.0795116900000004,1.0,1.7986031839253742,12.0,164.34106605000002,8.0,8.1696595,20.057577651500004,8.0,22.23609328761472,39.46174968919007,8.0
True,violate,22.065599,dragons_mythical_exist,Human,False,False,True,False,False,dragons_mythical_exist^violate^invalid,0.7496491999999999,2.7785035000000002,0.5,0.00015468943720704716,-1.7071033500000001,-13.6957835,-1.461802445,-2.080981499999999,63.269095475,13.0,2.9363595899999995,2.9363595899999995,1.0,2.019378182385685,12.0,165.12476145,8.0,8.051998000000001,21.815614513499995,8.0,21.918670240760562,40.2427733064133,8.0
False,nonsense,48.263809,nonsense_blep_jict_zamp,Human,False,True,False,False,True,nonsense_blep_jict_zamp^nonsense^invalid,0.903665115,3.6107066999999997,0.5,0.00012940662591061247,-1.38791745,-13.86944,-1.03476904,-1.825532,65.00869826499999,13.0,3.032294425,3.032294425,1.0,2.0982665889638668,12.0,169.33324845,8.0,7.733370150000001,21.43827195,8.0,22.29918682480759,38.57487117335801,8.0
True,violate,23.995792,computers_electronics_expensive,Human,False,False,True,False,False,computers_electronics_expensive^violate^invalid,0.810087475,3.31665395,0.5,0.00015943531510909025,-1.6252526,-13.487348,-1.35076813,-2.371691,64.154017735,13.0,3.014700035,3.014700035,1.0,1.8518790945496235,12.0,162.01872735,8.0,7.681027500000002,22.788343261999998,8.0,22.434826467936805,40.071035681739176,8.0
True,violate,46.898658,food_vegetables_healthy,Human,True,True,True,False,False,food_vegetables_healthy^violate^valid,0.75775912,3.3562648,1.0,0.0005377323044018613,-0.238601935,-11.2282355,1.519996665,2.310215499999999,65.00056803500001,13.0,2.382694,2.1047494999999996,0.7222222222222222,4.530185999346359,13.0,146.082557565,11.0,23.565857535,7.447397499999999,13.0,40.36793884787534,22.174123722577942,13.0
True,nonsense,41.030637,nonsense_phrist_biss_skemp,Human,True,True,False,False,True,nonsense_phrist_biss_skemp^nonsense^valid,0.87534025,3.4221852999999998,1.0,0.0003532534064746321,-0.33027441,-11.9904435,1.11622049,1.8328980000000001,64.660954655,13.0,2.9429380000000007,2.9429380000000007,0.8333333333333334,4.27113314324713,13.0,154.6944507,11.0,21.71719995,7.9257566,13.0,40.55514436990422,22.715357219251043,13.0
True,violate,29.830854,librarians_happy_healthy,Human,False,False,True,False,False,librarians_happy_healthy^violate^invalid,0.82843153,2.9045293,0.5,0.00014523853227303333,-1.5777782,-13.932103999999999,-1.2889213700000002,-2.225238,63.484037335,13.0,2.98101987,2.98101987,1.0,1.8901315714134497,12.0,164.68412365,8.0,7.22950555,22.0323222455,8.0,22.28237701789436,39.792787090075564,8.0
True,nonsense,51.398941,nonsense_shrad_splect_dring,Human,True,True,False,False,True,nonsense_shrad_splect_dring^nonsense^valid,0.9150424500000001,3.3742295,1.0,0.00036229458927041045,-0.36611007500000003,-11.956315,0.987147325,1.9446754999999998,64.36049211,13.0,2.77952525,2.77952525,0.8333333333333334,4.269807825580074,13.0,154.984396102,11.0,22.572676148000003,7.6024691,13.0,40.053489229573486,22.78662454765672,13.0
True,consistent,92.397062,vehicles_mobile_buildings,Human,False,False,True,True,False,vehicles_mobile_buildings^consistent^invalid,0.82807165,3.10497555,0.5,0.00014688091992820756,-1.4844856,-13.7572515,-1.1739701949999999,-2.164491,64.318786655,13.0,2.8903951050000005,2.8903951050000005,1.0,2.0207245787134083,12.0,163.02613715,8.0,8.4129259,20.242011470999998,8.0,22.346142670880425,38.23088806238775,8.0
False,violate,26.764915,politicians_dishonest_lie,Human,True,False,True,False,False,politicians_dishonest_lie^violate^valid,0.85692418,2.5728094500000003,1.0,0.0005229136727992001,-0.304098085,-11.7277335,1.2323226649999999,1.9506049999999995,63.630831195,13.0,2.6572120000000004,2.6572120000000004,0.7222222222222222,4.356190776423571,13.0,150.35712137399997,11.0,21.547333025999997,7.783636500000001,13.0,40.94241499827892,21.960442003393133,13.0
True,violate,31.031685,gems_diamonds_transparent,Human,False,False,True,False,False,gems_diamonds_transparent^violate^invalid,0.80006635,3.4921516500000003,0.5,0.0001498924813805521,-1.5872069,-13.480996999999999,-1.3072939,-2.2550725,64.74042812500001,13.0,2.97899922,2.97899922,1.0,1.851528100172782,12.0,162.84346994999999,8.0,8.16023375,22.413309426999998,8.0,22.65525646655066,40.0872884258531,8.0
True,violate,59.56401,politicians_dishonest_lie,Human,True,True,True,False,False,politicians_dishonest_lie^violate^valid,0.85692418,2.5728094500000003,1.0,0.0005229136727992001,-0.304098085,-11.7277335,1.2323226649999999,1.9506049999999995,63.630831195,13.0,2.6572120000000004,2.6572120000000004,0.7222222222222222,4.356190776423571,13.0,150.35712137399997,11.0,21.547333025999997,7.783636500000001,13.0,40.94241499827892,21.960442003393133,13.0
True,violate,14.298017,plants_trees_tall,Human,False,False,True,False,False,plants_trees_tall^violate^invalid,0.793895095,3.51040315,0.5,0.00014996657004577623,-1.5793748,-13.490645,-1.299109455,-2.270526500000001,65.45802229499999,13.0,3.171338925,3.171338925,1.0,1.8511591116003463,12.0,162.3544972,8.0,7.527773,22.5921845265,8.0,22.149570838901894,38.92637442665298,8.0
True,nonsense,33.796125,nonsense_sneb_jing_omp,Human,True,True,False,False,True,nonsense_sneb_jing_omp^nonsense^valid,0.87637675,2.9196453499999997,1.0,0.0003549313610474889,-0.378000965,-12.2291775,0.918018335,1.8000554999999991,62.32289851,13.0,3.1921244999999994,3.1921244999999994,0.8333333333333334,4.243235111391919,13.0,156.55068115299997,11.0,20.553673847,8.745690800000002,13.0,38.25296620955978,23.06310768422737,13.0
True,nonsense,19.332165,nonsense_fleff_drap_ved,Human,False,False,False,False,True,nonsense_fleff_drap_ved^nonsense^invalid,0.8759138,3.1138594,0.5,0.00013458369876571117,-1.4099640999999998,-13.9619065,-1.069373145,-1.9967899999999998,63.891125015,13.0,2.7940208550000003,2.7940208550000003,1.0,2.1831661771123385,12.0,166.4123376,8.0,7.75694765,21.004694477999998,8.0,22.55367198278043,39.078348840882946,8.0
True,violate,26.431729,librarians_happy_healthy,Human,True,True,True,False,False,librarians_happy_healthy^violate^valid,0.792771605,2.9532844999999996,1.0,0.0004664763628768363,-0.25569205,-11.740565,1.45067025,2.1268580000000004,63.64685722499999,13.0,2.44684175,2.436256749999999,0.7222222222222222,4.440402660388335,13.0,149.601658461,11.0,23.182110839000003,7.307156999999999,13.0,41.26226717742991,22.061137462614298,13.0
True,violate,44.597795,plants_trees_tall,Human,False,False,True,False,False,plants_trees_tall^violate^invalid,0.793895095,3.51040315,0.5,0.00014996657004577623,-1.5793748,-13.490645,-1.299109455,-2.270526500000001,65.45802229499999,13.0,3.171338925,3.171338925,1.0,1.8511591116003463,12.0,162.3544972,8.0,7.527773,22.5921845265,8.0,22.149570838901894,38.92637442665298,8.0
True,nonsense,28.674366,nonsense_phrist_biss_skemp,Human,True,True,False,False,True,nonsense_phrist_biss_skemp^nonsense^valid,0.87534025,3.4221852999999998,1.0,0.0003532534064746321,-0.33027441,-11.9904435,1.11622049,1.8328980000000001,64.660954655,13.0,2.9429380000000007,2.9429380000000007,0.8333333333333334,4.27113314324713,13.0,154.6944507,11.0,21.71719995,7.9257566,13.0,40.55514436990422,22.715357219251043,13.0
False,nonsense,39.296935,nonsense_snid_ust_bem,Human,True,False,False,False,True,nonsense_snid_ust_bem^nonsense^valid,0.89630637,3.0153843,1.0,0.0003303327877795963,-0.32724493499999996,-12.2195655,1.147779465,2.0203819999999997,63.501960845000006,13.0,2.896642000000001,2.896642000000001,0.8333333333333334,4.220851869703862,13.0,156.36384721000002,11.0,21.952703539999995,8.2747913,13.0,41.45703203176717,23.994582749846323,13.0
True,violate,32.097546,food_vegetables_healthy,Human,False,False,True,False,False,food_vegetables_healthy^violate^invalid,0.78112465,3.2349620000000003,0.5,0.00014774839048213578,-1.6968642,-13.5915095,-1.4428825500000002,-2.3488035,64.74213544,13.0,3.0974066799999997,3.0974066799999997,1.0,1.850973294237705,12.0,161.61133675000002,8.0,7.666856499999998,22.8085641475,8.0,22.947647193521895,40.004632493790545,8.0
True,violate,10.097054,computers_electronics_expensive,Human,False,False,True,False,False,computers_electronics_expensive^violate^invalid,0.810087475,3.31665395,0.5,0.00015943531510909025,-1.6252526,-13.487348,-1.35076813,-2.371691,64.154017735,13.0,3.014700035,3.014700035,1.0,1.8518790945496235,12.0,162.01872735,8.0,7.681027500000002,22.788343261999998,8.0,22.434826467936805,40.071035681739176,8.0
True,consistent,18.886599,whales_mammals_big,Human,True,True,True,True,False,whales_mammals_big^consistent^valid,0.7600514199999999,3.2517326,1.0,0.0005659421817598978,-0.244833055,-11.2161765,1.4792661950000001,2.2964579999999994,64.402853575,13.0,2.48740425,2.2691805,0.7222222222222222,4.526662934854758,13.0,148.5456935495,11.0,23.279946400500002,7.609150999999999,13.0,40.13314079630912,22.142916272990515,13.0
False,nonsense,40.398857,nonsense_paft_usp_cesk,Human,True,False,False,False,True,nonsense_paft_usp_cesk^nonsense^valid,0.90446385,3.0925508500000003,1.0,0.00036385357600297646,-0.36020477,-12.0545185,1.0078305800000003,1.8748474999999996,63.70888371,13.0,2.9272709999999993,2.9272709999999993,0.8333333333333334,4.22117993167058,13.0,155.55404756,11.0,21.895442390000003,7.775151399999999,13.0,39.79514013282285,22.991801159252574,13.0
True,consistent,28.0322,vehicles_mobile_buildings,Human,True,True,True,True,False,vehicles_mobile_buildings^consistent^valid,0.7901149000000001,3.24187005,1.0,0.0005113843142012156,-0.28983744,-11.434633,1.2501793600000002,2.2135015000000005,64.66180131,13.0,2.464466,2.4590445,0.7777777777777778,4.442020771302079,13.0,149.4413246465,11.0,20.706922953499998,8.015376199999999,13.0,37.90102485689671,21.74461635831828,13.0
True,violate,18.032608,food_vegetables_healthy,Human,True,True,True,False,False,food_vegetables_healthy^violate^valid,0.75775912,3.3562648,1.0,0.0005377323044018613,-0.238601935,-11.2282355,1.519996665,2.310215499999999,65.00056803500001,13.0,2.382694,2.1047494999999996,0.7222222222222222,4.530185999346359,13.0,146.082557565,11.0,23.565857535,7.447397499999999,13.0,40.36793884787534,22.174123722577942,13.0
False,consistent,10.528942,computers_electronics_expensive,Human,False,True,True,True,False,computers_electronics_expensive^consistent^invalid,0.827916625,3.2527096,0.5,0.0001478306515694154,-1.70716705,-13.6426695,-1.444705925,-2.5822434999999997,64.53852477000001,13.0,3.35160743,3.35160743,1.0,1.7980412785201751,12.0,165.46628235000003,8.0,7.699252500000001,24.539169950999998,8.0,22.11677450580917,40.692714354500296,8.0
False,nonsense,29.931867,nonsense_paft_usp_cesk,Human,True,False,False,False,True,nonsense_paft_usp_cesk^nonsense^valid,0.90446385,3.0925508500000003,1.0,0.00036385357600297646,-0.36020477,-12.0545185,1.0078305800000003,1.8748474999999996,63.70888371,13.0,2.9272709999999993,2.9272709999999993,0.8333333333333334,4.22117993167058,13.0,155.55404756,11.0,21.895442390000003,7.775151399999999,13.0,39.79514013282285,22.991801159252574,13.0
False,violate,44.465506,famous_wealthy_old,Human,True,False,True,False,False,famous_wealthy_old^violate^valid,0.842092925,2.70853255,1.0,0.0004890306659845316,-0.294347495,-11.781068000000001,1.269793505,1.8836114999999989,63.002077740000004,13.0,2.7637085,2.7637085,0.7222222222222222,4.314656211531842,13.0,150.848518432,11.0,21.104605768,8.048890750000002,13.0,41.20358788514747,22.217639795756412,13.0
False,violate,40.096908,librarians_happy_healthy,Human,True,False,True,False,False,librarians_happy_healthy^violate^valid,0.792771605,2.9532844999999996,1.0,0.0004664763628768363,-0.25569205,-11.740565,1.45067025,2.1268580000000004,63.64685722499999,13.0,2.44684175,2.436256749999999,0.7222222222222222,4.440402660388335,13.0,149.601658461,11.0,23.182110839000003,7.307156999999999,13.0,41.26226717742991,22.061137462614298,13.0
False,consistent,46.232247,guns_weapons_dangerous,Human,False,True,True,True,False,guns_weapons_dangerous^consistent^invalid,0.8124103650000001,3.52681745,0.5,0.00016155519136725022,-1.6824146,-13.37473275,-1.419377345,-2.088389750000001,65.246341985,13.0,3.092880115,3.092880115,1.0,1.851250707083089,12.0,162.11726545,8.0,7.87713325,22.8607597425,8.0,22.78206423757442,41.226552475374106,8.0
True,nonsense,13.597495,nonsense_zeff_zaff_zom,Human,True,True,False,False,True,nonsense_zeff_zaff_zom^nonsense^valid,0.826190125,3.3383641500000003,1.0,0.0003752730410606441,-0.2988921,-11.89146675,1.2291002,1.9690327500000002,64.578556365,13.0,2.867421,2.867421,0.7777777777777778,4.438700719392093,13.0,154.29274210299997,11.0,23.070633847000003,7.497410749999999,13.0,40.623939754034595,22.04034454670912,13.0
True,nonsense,81.098117,nonsense_frupt_liff_blop,Human,False,False,False,False,True,nonsense_frupt_liff_blop^nonsense^invalid,0.9060705499999999,3.2967328,0.5,0.00014389631823696246,-1.3126894,-13.731757,-0.935422815,-1.6657665000000001,64.72146101499999,13.0,2.90905392,2.90905392,1.0,1.9315905883954785,12.0,167.62689285,10.0,8.80342105,19.9440060325,8.0,23.62313831708812,39.117335315860785,8.0
True,consistent,17.19686,dragons_mythical_exist,Human,True,True,True,True,False,dragons_mythical_exist^consistent^valid,0.8071744,2.96209065,1.0,0.0004851111013845727,-0.302964405,-11.566526249999999,1.190615645,2.0720477500000003,64.60009852,13.0,2.9147057500000004,2.9147057500000004,0.8333333333333334,4.31346333624011,13.0,151.9728535365,11.0,19.2227564135,8.30126085,13.0,38.30128428392334,22.76191214342742,13.0
True,nonsense,64.697207,nonsense_gick_criff_riff,Human,False,False,False,False,True,nonsense_gick_criff_riff^nonsense^invalid,0.8612199,3.39642235,0.5,0.0001332815010463566,-1.4914692,-13.8843395,-1.1763248099999999,-1.839945000000001,64.23723944,13.0,2.8424378999999997,2.8424378999999997,1.0,2.183215925526847,12.0,168.68162,8.0,8.0984081,21.566258694999995,8.0,22.128120142400363,40.12134325330565,8.0
True,nonsense,96.864328,nonsense_blep_jict_zamp,Human,False,False,False,False,True,nonsense_blep_jict_zamp^nonsense^invalid,0.903665115,3.6107066999999997,0.5,0.00012940662591061247,-1.38791745,-13.86944,-1.03476904,-1.825532,65.00869826499999,13.0,3.032294425,3.032294425,1.0,2.0982665889638668,12.0,169.33324845,8.0,7.733370150000001,21.43827195,8.0,22.29918682480759,38.57487117335801,8.0
True,consistent,18.506268,food_vegetables_healthy,Human,True,True,True,True,False,food_vegetables_healthy^consistent^valid,0.7606136,3.3383755500000003,1.0,0.0005669087190239791,-0.24247479500000002,-11.1414715,1.497656805,2.418847500000001,65.30056738000002,13.0,2.4084665000000003,1.993214,0.7222222222222222,4.528359460105362,13.0,146.699753749,11.0,23.619699101000002,7.8409485,13.0,39.50832733759715,22.534533309605877,13.0
True,violate,24.331199,food_vegetables_healthy,Human,True,True,True,False,False,food_vegetables_healthy^violate^valid,0.75775912,3.3562648,1.0,0.0005377323044018613,-0.238601935,-11.2282355,1.519996665,2.310215499999999,65.00056803500001,13.0,2.382694,2.1047494999999996,0.7222222222222222,4.530185999346359,13.0,146.082557565,11.0,23.565857535,7.447397499999999,13.0,40.36793884787534,22.174123722577942,13.0
True,consistent,28.032026,famous_wealthy_old,Human,False,False,True,True,False,famous_wealthy_old^consistent^invalid,0.869590775,2.54102595,0.5,0.00015957231208683058,-1.49868735,-13.8257695,-1.18172262,-1.9555865000000008,64.16783469,13.0,3.0795116900000004,3.0795116900000004,1.0,1.7986031839253742,12.0,164.34106605000002,8.0,8.1696595,20.057577651500004,8.0,22.23609328761472,39.46174968919007,8.0
True,consistent,24.399063,whales_mammals_big,Human,False,False,True,True,False,whales_mammals_big^consistent^invalid,0.699449835,3.3058079,0.5,0.0001557738197613336,-1.8807474,-13.477344500000001,-1.67248246,-2.2588885000000003,64.515060915,13.0,3.41005329,3.41005329,1.0,1.848445973888388,12.0,165.6973624,8.0,7.493234,24.976344836,8.0,21.143442193212145,41.10031032032572,8.0
False,consistent,29.364254,librarians_happy_healthy,Human,False,True,True,True,False,librarians_happy_healthy^consistent^invalid,0.81077882,2.86364565,0.5,0.00014633701367139737,-1.58672145,-13.884556499999999,-1.30359647,-2.1702139999999996,64.17962105,13.0,3.1747808749999997,3.1747808749999997,1.0,1.7959304817817918,12.0,165.98963685,8.0,7.54508725,22.443929461999996,8.0,22.678905569012304,40.484153084258494,8.0
False,violate,18.698291,vehicles_mobile_buildings,Human,True,False,True,False,False,vehicles_mobile_buildings^violate^valid,0.83037915,3.26490065,1.0,0.0004804208874633685,-0.318618655,-11.5553585,1.135104195,2.1417075000000008,64.8953517,13.0,2.6886595,2.6886595,0.7222222222222222,4.524039423271558,13.0,151.264297378,11.0,19.685797322,8.39636175,13.0,37.318121155690875,22.09315208230263,13.0
True,violate,39.46458,computers_electronics_expensive,Human,True,True,True,False,False,computers_electronics_expensive^violate^valid,0.79920667,3.33830025,1.0,0.0006120097741781315,-0.25700347,-11.110559,1.44521998,2.4137257499999993,64.37129449,13.0,2.43376725,2.1651685,0.7222222222222222,4.444678280930261,13.0,147.234048478,11.0,23.751550372,7.696478250000001,13.0,40.90439012077201,22.294409900997366,13.0
False,nonsense,43.198869,nonsense_sclace_dact_yink,Human,True,False,False,False,True,nonsense_sclace_dact_yink^nonsense^valid,0.8292588000000001,3.38698765,1.0,0.00032939366503072876,-0.284816085,-12.1505455,1.3155842150000001,1.9092854999999993,64.37754075500001,13.0,2.8964644999999996,2.8964644999999996,0.7777777777777778,4.397219390962283,13.0,154.807185485,11.0,22.625491564999997,7.634923699999999,13.0,39.96590722489417,22.404252027135517,13.0
False,consistent,35.632262,famous_wealthy_old,Human,False,True,True,True,False,famous_wealthy_old^consistent^invalid,0.869590775,2.54102595,0.5,0.00015957231208683058,-1.49868735,-13.8257695,-1.18172262,-1.9555865000000008,64.16783469,13.0,3.0795116900000004,3.0795116900000004,1.0,1.7986031839253742,12.0,164.34106605000002,8.0,8.1696595,20.057577651500004,8.0,22.23609328761472,39.46174968919007,8.0
True,nonsense,20.397139,nonsense_shiff_yot_plusk,Human,True,True,False,False,True,nonsense_shiff_yot_plusk^nonsense^valid,0.85954905,3.3951676,1.0,0.00030728071375896084,-0.349083845,-12.270569,1.0218831050000001,1.6701089999999992,63.39859931499999,13.0,3.2967174999999997,3.2967174999999997,0.8333333333333334,4.2866594849637885,13.0,157.85406354599996,11.0,20.601034104,9.09310645,13.0,40.16672640586064,23.439003582831603,13.0
True,consistent,33.531909,computers_electronics_expensive,Human,False,False,True,True,False,computers_electronics_expensive^consistent^invalid,0.827916625,3.2527096,0.5,0.0001478306515694154,-1.70716705,-13.6426695,-1.444705925,-2.5822434999999997,64.53852477000001,13.0,3.35160743,3.35160743,1.0,1.7980412785201751,12.0,165.46628235000003,8.0,7.699252500000001,24.539169950999998,8.0,22.11677450580917,40.692714354500296,8.0
False,violate,30.53087,vehicles_mobile_buildings,Human,False,True,True,False,False,vehicles_mobile_buildings^violate^invalid,0.796380615,3.4365609,0.5,0.00014751019756706514,-1.56110105,-13.61116625,-1.276182175,-2.0661727500000007,65.20478771500001,13.0,2.9812755000000006,2.9812755000000006,1.0,2.0182174514232227,12.0,163.76190105,8.0,8.029251200000001,20.849118045,8.0,21.886379179892852,38.69211878263657,8.0
False,nonsense,23.153722,nonsense_paft_usp_cesk,Human,True,False,False,False,True,nonsense_paft_usp_cesk^nonsense^valid,0.90446385,3.0925508500000003,1.0,0.00036385357600297646,-0.36020477,-12.0545185,1.0078305800000003,1.8748474999999996,63.70888371,13.0,2.9272709999999993,2.9272709999999993,0.8333333333333334,4.22117993167058,13.0,155.55404756,11.0,21.895442390000003,7.775151399999999,13.0,39.79514013282285,22.991801159252574,13.0
True,nonsense,24.231553,nonsense_shrad_splect_dring,Human,True,True,False,False,True,nonsense_shrad_splect_dring^nonsense^valid,0.9150424500000001,3.3742295,1.0,0.00036229458927041045,-0.36611007500000003,-11.956315,0.987147325,1.9446754999999998,64.36049211,13.0,2.77952525,2.77952525,0.8333333333333334,4.269807825580074,13.0,154.984396102,11.0,22.572676148000003,7.6024691,13.0,40.053489229573486,22.78662454765672,13.0
False,nonsense,27.031863,nonsense_zint_thade_snaff,Human,False,True,False,False,True,nonsense_zint_thade_snaff^nonsense^invalid,0.85853437,3.2361122,0.5,0.0001485019134905405,-1.35873845,-13.698061500000001,-1.00551703,-1.8457030000000003,63.68544054,13.0,2.884836125,2.884836125,1.0,2.184268974522732,12.0,167.19845325,8.0,8.56177155,20.998479505,8.0,23.43014372521873,39.545503464009016,8.0
False,nonsense,24.165566,nonsense_zeff_zaff_zom,Human,True,False,False,False,True,nonsense_zeff_zaff_zom^nonsense^valid,0.826190125,3.3383641500000003,1.0,0.0003752730410606441,-0.2988921,-11.89146675,1.2291002,1.9690327500000002,64.578556365,13.0,2.867421,2.867421,0.7777777777777778,4.438700719392093,13.0,154.29274210299997,11.0,23.070633847000003,7.497410749999999,13.0,40.623939754034595,22.04034454670912,13.0
True,violate,28.026142,flowers_animals_reptiles,Human,False,False,True,False,False,flowers_animals_reptiles^violate^invalid,0.78983112,3.4566548,0.5,0.00015675988408831546,-1.4911014,-13.439756,-1.1895694900000002,-2.1522049999999995,64.77486127,13.0,2.9109193099999997,2.9109193099999997,1.0,2.061807445037059,12.0,161.2473255,8.0,7.121911899999999,21.092282462500002,8.0,22.00951853136907,37.41110084930707,8.0
True,nonsense,52.932472,nonsense_yuft_yab_sunt,Human,False,False,False,False,True,nonsense_yuft_yab_sunt^nonsense^invalid,0.88295135,3.0120839999999998,0.5,0.00014295678652680258,-1.3270173,-13.859286,-0.95926375,-1.7411775,63.11874042,13.0,2.7494775,2.7494775,1.0,2.2266491194044296,12.0,165.02993414999997,8.0,8.55459565,19.5054553475,8.0,23.809751960386652,39.47962059569814,8.0
True,violate,15.864849,flowers_animals_reptiles,Human,True,True,True,False,False,flowers_animals_reptiles^violate^valid,0.80292182,3.3558238,1.0,0.0005520707528027036,-0.30880313,-11.2413055,1.16198732,2.1635845,64.63901615,13.0,2.5027437500000005,2.5027437500000005,0.7777777777777778,4.440536215773072,13.0,146.821652865,11.0,20.915695235,7.22292175,13.0,37.687441679677896,22.361093211718455,13.0
True,nonsense,42.598177,nonsense_shiff_yot_plusk,Human,True,True,False,False,True,nonsense_shiff_yot_plusk^nonsense^valid,0.85954905,3.3951676,1.0,0.00030728071375896084,-0.349083845,-12.270569,1.0218831050000001,1.6701089999999992,63.39859931499999,13.0,3.2967174999999997,3.2967174999999997,0.8333333333333334,4.2866594849637885,13.0,157.85406354599996,11.0,20.601034104,9.09310645,13.0,40.16672640586064,23.439003582831603,13.0
True,violate,39.362679,plants_trees_tall,Human,False,False,True,False,False,plants_trees_tall^violate^invalid,0.793895095,3.51040315,0.5,0.00014996657004577623,-1.5793748,-13.490645,-1.299109455,-2.270526500000001,65.45802229499999,13.0,3.171338925,3.171338925,1.0,1.8511591116003463,12.0,162.3544972,8.0,7.527773,22.5921845265,8.0,22.149570838901894,38.92637442665298,8.0
True,consistent,39.431525,vehicles_mobile_buildings,Human,False,False,True,True,False,vehicles_mobile_buildings^consistent^invalid,0.82807165,3.10497555,0.5,0.00014688091992820756,-1.4844856,-13.7572515,-1.1739701949999999,-2.164491,64.318786655,13.0,2.8903951050000005,2.8903951050000005,1.0,2.0207245787134083,12.0,163.02613715,8.0,8.4129259,20.242011470999998,8.0,22.346142670880425,38.23088806238775,8.0
False,violate,27.795129,librarians_happy_healthy,Human,True,False,True,False,False,librarians_happy_healthy^violate^valid,0.792771605,2.9532844999999996,1.0,0.0004664763628768363,-0.25569205,-11.740565,1.45067025,2.1268580000000004,63.64685722499999,13.0,2.44684175,2.436256749999999,0.7222222222222222,4.440402660388335,13.0,149.601658461,11.0,23.182110839000003,7.307156999999999,13.0,41.26226717742991,22.061137462614298,13.0
True,violate,64.898571,gems_diamonds_transparent,Human,False,False,True,False,False,gems_diamonds_transparent^violate^invalid,0.80006635,3.4921516500000003,0.5,0.0001498924813805521,-1.5872069,-13.480996999999999,-1.3072939,-2.2550725,64.74042812500001,13.0,2.97899922,2.97899922,1.0,1.851528100172782,12.0,162.84346994999999,8.0,8.16023375,22.413309426999998,8.0,22.65525646655066,40.0872884258531,8.0
True,consistent,35.231101,whales_mammals_big,Human,True,True,True,True,False,whales_mammals_big^consistent^valid,0.7600514199999999,3.2517326,1.0,0.0005659421817598978,-0.244833055,-11.2161765,1.4792661950000001,2.2964579999999994,64.402853575,13.0,2.48740425,2.2691805,0.7222222222222222,4.526662934854758,13.0,148.5456935495,11.0,23.279946400500002,7.609150999999999,13.0,40.13314079630912,22.142916272990515,13.0
False,nonsense,23.465538,nonsense_zint_thade_snaff,Human,False,True,False,False,True,nonsense_zint_thade_snaff^nonsense^invalid,0.85853437,3.2361122,0.5,0.0001485019134905405,-1.35873845,-13.698061500000001,-1.00551703,-1.8457030000000003,63.68544054,13.0,2.884836125,2.884836125,1.0,2.184268974522732,12.0,167.19845325,8.0,8.56177155,20.998479505,8.0,23.43014372521873,39.545503464009016,8.0
True,consistent,16.165501,librarians_happy_healthy,Human,True,True,True,True,False,librarians_happy_healthy^consistent^valid,0.81471435,2.79135215,1.0,0.0004919143841524687,-0.28437661999999997,-11.720515500000001,1.30202863,2.2542614999999993,64.126964595,13.0,2.438344,2.3815022499999996,0.7222222222222222,4.3966854214538955,13.0,151.1338408655,11.0,22.584206684499996,7.506011749999998,13.0,40.42208294959718,22.97218112692118,13.0
False,consistent,59.12066,politicians_dishonest_lie,Human,False,True,True,True,False,politicians_dishonest_lie^consistent^invalid,0.8282832200000001,2.41572515,0.5,0.00017147413329596852,-1.6312616,-13.7355145,-1.35396198,-2.0674230000000007,64.29544712500001,13.0,3.3701599700000004,3.3701599700000004,1.0,1.7801620809174568,13.5,165.6062234,8.0,7.93723475,22.5717142975,8.0,21.735643631445093,40.921978792226106,8.0
False,consistent,13.998092,gems_diamonds_transparent,Human,False,True,True,True,False,gems_diamonds_transparent^consistent^invalid,0.716960015,3.7114264,0.5,0.00015480785475218908,-1.81780245,-13.30370075,-1.596589995,-2.2649177499999995,65.87122969,13.0,3.1812115,3.1812115,1.0,1.891773828978951,12.0,164.2627568,8.0,7.96865575,24.874875655000004,8.0,21.551882908322263,40.956602366374625,8.0
True,violate,55.607407,librarians_happy_healthy,Human,False,False,True,False,False,librarians_happy_healthy^violate^invalid,0.82843153,2.9045293,0.5,0.00014523853227303333,-1.5777782,-13.932103999999999,-1.2889213700000002,-2.225238,63.484037335,13.0,2.98101987,2.98101987,1.0,1.8901315714134497,12.0,164.68412365,8.0,7.22950555,22.0323222455,8.0,22.28237701789436,39.792787090075564,8.0
False,consistent,11.756933,guns_weapons_dangerous,Human,True,False,True,True,False,guns_weapons_dangerous^consistent^valid,0.77679162,3.5663824,1.0,0.000505075756261664,-0.24005200999999998,-11.321275,1.52967739,2.01926,65.19270562,13.0,2.408373,2.3540174999999994,0.7222222222222222,4.528580771028099,13.0,146.97860588999998,11.0,23.71855486,7.937384999999999,13.0,42.14477001469356,22.44426420098961,13.0
False,violate,19.377013,dragons_mythical_exist,Human,False,True,True,False,False,dragons_mythical_exist^violate^invalid,0.7496491999999999,2.7785035000000002,0.5,0.00015468943720704716,-1.7071033500000001,-13.6957835,-1.461802445,-2.080981499999999,63.269095475,13.0,2.9363595899999995,2.9363595899999995,1.0,2.019378182385685,12.0,165.12476145,8.0,8.051998000000001,21.815614513499995,8.0,21.918670240760562,40.2427733064133,8.0
True,consistent,12.29766,librarians_happy_healthy,Human,True,True,True,True,False,librarians_happy_healthy^consistent^valid,0.81471435,2.79135215,1.0,0.0004919143841524687,-0.28437661999999997,-11.720515500000001,1.30202863,2.2542614999999993,64.126964595,13.0,2.438344,2.3815022499999996,0.7222222222222222,4.3966854214538955,13.0,151.1338408655,11.0,22.584206684499996,7.506011749999998,13.0,40.42208294959718,22.97218112692118,13.0
True,consistent,23.964437,guns_weapons_dangerous,Human,False,False,True,True,False,guns_weapons_dangerous^consistent^invalid,0.8124103650000001,3.52681745,0.5,0.00016155519136725022,-1.6824146,-13.37473275,-1.419377345,-2.088389750000001,65.246341985,13.0,3.092880115,3.092880115,1.0,1.851250707083089,12.0,162.11726545,8.0,7.87713325,22.8607597425,8.0,22.78206423757442,41.226552475374106,8.0
False,nonsense,16.298824,nonsense_phrite_ing_pand,Human,True,False,False,False,True,nonsense_phrite_ing_pand^nonsense^valid,0.8776451350000001,3.47802355,1.0,0.0003892392724020494,-0.33281863,-11.7538845,1.10335637,1.8144739999999997,65.140000715,13.0,2.9024744999999994,2.9024744999999994,0.8333333333333334,4.270808168509651,13.0,152.99196145250002,11.0,20.3915064475,8.69206875,13.0,39.305111147970294,23.704698253611653,13.0
True,violate,20.463095,guns_weapons_dangerous,Human,False,False,True,False,False,guns_weapons_dangerous^violate^invalid,0.7946191499999999,3.50548565,0.5,0.00016600288019406244,-1.70513735,-13.350233,-1.45038123,-2.049605999999999,65.00783326999999,13.0,3.1085120400000004,3.1085120400000004,1.0,1.935709526073782,12.0,162.142014,8.0,8.177556499999998,22.774843108,8.0,22.723768697616034,41.287929424110686,8.0
True,violate,17.901546,gems_diamonds_transparent,Human,False,False,True,False,False,gems_diamonds_transparent^violate^invalid,0.80006635,3.4921516500000003,0.5,0.0001498924813805521,-1.5872069,-13.480996999999999,-1.3072939,-2.2550725,64.74042812500001,13.0,2.97899922,2.97899922,1.0,1.851528100172782,12.0,162.84346994999999,8.0,8.16023375,22.413309426999998,8.0,22.65525646655066,40.0872884258531,8.0
True,violate,32.099624,plants_trees_tall,Human,False,False,True,False,False,plants_trees_tall^violate^invalid,0.793895095,3.51040315,0.5,0.00014996657004577623,-1.5793748,-13.490645,-1.299109455,-2.270526500000001,65.45802229499999,13.0,3.171338925,3.171338925,1.0,1.8511591116003463,12.0,162.3544972,8.0,7.527773,22.5921845265,8.0,22.149570838901894,38.92637442665298,8.0
True,nonsense,70.764421,nonsense_paft_usp_cesk,Human,True,True,False,False,True,nonsense_paft_usp_cesk^nonsense^valid,0.90446385,3.0925508500000003,1.0,0.00036385357600297646,-0.36020477,-12.0545185,1.0078305800000003,1.8748474999999996,63.70888371,13.0,2.9272709999999993,2.9272709999999993,0.8333333333333334,4.22117993167058,13.0,155.55404756,11.0,21.895442390000003,7.775151399999999,13.0,39.79514013282285,22.991801159252574,13.0
True,consistent,21.39886,librarians_happy_healthy,Human,False,False,True,True,False,librarians_happy_healthy^consistent^invalid,0.81077882,2.86364565,0.5,0.00014633701367139737,-1.58672145,-13.884556499999999,-1.30359647,-2.1702139999999996,64.17962105,13.0,3.1747808749999997,3.1747808749999997,1.0,1.7959304817817918,12.0,165.98963685,8.0,7.54508725,22.443929461999996,8.0,22.678905569012304,40.484153084258494,8.0
True,violate,31.663633,food_vegetables_healthy,Human,False,False,True,False,False,food_vegetables_healthy^violate^invalid,0.78112465,3.2349620000000003,0.5,0.00014774839048213578,-1.6968642,-13.5915095,-1.4428825500000002,-2.3488035,64.74213544,13.0,3.0974066799999997,3.0974066799999997,1.0,1.850973294237705,12.0,161.61133675000002,8.0,7.666856499999998,22.8085641475,8.0,22.947647193521895,40.004632493790545,8.0
False,nonsense,24.763955,nonsense_fleff_drap_ved,Human,False,True,False,False,True,nonsense_fleff_drap_ved^nonsense^invalid,0.8759138,3.1138594,0.5,0.00013458369876571117,-1.4099640999999998,-13.9619065,-1.069373145,-1.9967899999999998,63.891125015,13.0,2.7940208550000003,2.7940208550000003,1.0,2.1831661771123385,12.0,166.4123376,8.0,7.75694765,21.004694477999998,8.0,22.55367198278043,39.078348840882946,8.0
True,nonsense,57.464778,nonsense_sclace_dact_yink,Human,True,True,False,False,True,nonsense_sclace_dact_yink^nonsense^valid,0.8292588000000001,3.38698765,1.0,0.00032939366503072876,-0.284816085,-12.1505455,1.3155842150000001,1.9092854999999993,64.37754075500001,13.0,2.8964644999999996,2.8964644999999996,0.7777777777777778,4.397219390962283,13.0,154.807185485,11.0,22.625491564999997,7.634923699999999,13.0,39.96590722489417,22.404252027135517,13.0
True,nonsense,27.098517,nonsense_blep_jict_zamp,Human,False,False,False,False,True,nonsense_blep_jict_zamp^nonsense^invalid,0.903665115,3.6107066999999997,0.5,0.00012940662591061247,-1.38791745,-13.86944,-1.03476904,-1.825532,65.00869826499999,13.0,3.032294425,3.032294425,1.0,2.0982665889638668,12.0,169.33324845,8.0,7.733370150000001,21.43827195,8.0,22.29918682480759,38.57487117335801,8.0
True,violate,42.832194,vehicles_mobile_buildings,Human,False,False,True,False,False,vehicles_mobile_buildings^violate^invalid,0.796380615,3.4365609,0.5,0.00014751019756706514,-1.56110105,-13.61116625,-1.276182175,-2.0661727500000007,65.20478771500001,13.0,2.9812755000000006,2.9812755000000006,1.0,2.0182174514232227,12.0,163.76190105,8.0,8.029251200000001,20.849118045,8.0,21.886379179892852,38.69211878263657,8.0
True,consistent,32.99807,dragons_mythical_exist,Human,True,True,True,True,False,dragons_mythical_exist^consistent^valid,0.8071744,2.96209065,1.0,0.0004851111013845727,-0.302964405,-11.566526249999999,1.190615645,2.0720477500000003,64.60009852,13.0,2.9147057500000004,2.9147057500000004,0.8333333333333334,4.31346333624011,13.0,151.9728535365,11.0,19.2227564135,8.30126085,13.0,38.30128428392334,22.76191214342742,13.0
True,consistent,21.532154,dragons_mythical_exist,Human,True,True,True,True,False,dragons_mythical_exist^consistent^valid,0.8071744,2.96209065,1.0,0.0004851111013845727,-0.302964405,-11.566526249999999,1.190615645,2.0720477500000003,64.60009852,13.0,2.9147057500000004,2.9147057500000004,0.8333333333333334,4.31346333624011,13.0,151.9728535365,11.0,19.2227564135,8.30126085,13.0,38.30128428392334,22.76191214342742,13.0
False,consistent,69.998194,librarians_happy_healthy,Human,False,True,True,True,False,librarians_happy_healthy^consistent^invalid,0.81077882,2.86364565,0.5,0.00014633701367139737,-1.58672145,-13.884556499999999,-1.30359647,-2.1702139999999996,64.17962105,13.0,3.1747808749999997,3.1747808749999997,1.0,1.7959304817817918,12.0,165.98963685,8.0,7.54508725,22.443929461999996,8.0,22.678905569012304,40.484153084258494,8.0
False,consistent,28.389278,flowers_animals_reptiles,Human,False,True,True,True,False,flowers_animals_reptiles^consistent^invalid,0.7930724650000001,3.36994125,0.5,0.00015659052515647358,-1.4768639000000001,-13.4603935,-1.1721248700000002,-2.1230985,64.783875005,13.0,2.90785598,2.90785598,1.0,2.1045563618247685,12.0,160.45622365000003,8.0,7.424930200000002,20.7282796025,8.0,22.678500411357568,37.413509304623446,8.0
True,consistent,23.799122,food_vegetables_healthy,Human,False,False,True,True,False,food_vegetables_healthy^consistent^invalid,0.80010553,3.44269365,0.5,0.00014042260272500496,-1.7151735499999998,-13.588034,-1.4599838099999998,-2.4291935000000002,65.68340365999998,13.0,3.181011405,3.181011405,1.0,1.8247961292316957,12.0,162.38700754999996,8.0,8.003593499999997,23.2718609715,8.0,22.59369901339862,39.5109209343055,8.0
True,violate,32.764402,vehicles_mobile_buildings,Human,False,False,True,False,False,vehicles_mobile_buildings^violate^invalid,0.796380615,3.4365609,0.5,0.00014751019756706514,-1.56110105,-13.61116625,-1.276182175,-2.0661727500000007,65.20478771500001,13.0,2.9812755000000006,2.9812755000000006,1.0,2.0182174514232227,12.0,163.76190105,8.0,8.029251200000001,20.849118045,8.0,21.886379179892852,38.69211878263657,8.0
True,nonsense,46.497954,nonsense_paft_usp_cesk,Human,True,True,False,False,True,nonsense_paft_usp_cesk^nonsense^valid,0.90446385,3.0925508500000003,1.0,0.00036385357600297646,-0.36020477,-12.0545185,1.0078305800000003,1.8748474999999996,63.70888371,13.0,2.9272709999999993,2.9272709999999993,0.8333333333333334,4.22117993167058,13.0,155.55404756,11.0,21.895442390000003,7.775151399999999,13.0,39.79514013282285,22.991801159252574,13.0
True,nonsense,21.953755,nonsense_shrad_splect_dring,Human,True,True,False,False,True,nonsense_shrad_splect_dring^nonsense^valid,0.9150424500000001,3.3742295,1.0,0.00036229458927041045,-0.36611007500000003,-11.956315,0.987147325,1.9446754999999998,64.36049211,13.0,2.77952525,2.77952525,0.8333333333333334,4.269807825580074,13.0,154.984396102,11.0,22.572676148000003,7.6024691,13.0,40.053489229573486,22.78662454765672,13.0
False,violate,45.932496,gems_diamonds_transparent,Human,False,True,True,False,False,gems_diamonds_transparent^violate^invalid,0.80006635,3.4921516500000003,0.5,0.0001498924813805521,-1.5872069,-13.480996999999999,-1.3072939,-2.2550725,64.74042812500001,13.0,2.97899922,2.97899922,1.0,1.851528100172782,12.0,162.84346994999999,8.0,8.16023375,22.413309426999998,8.0,22.65525646655066,40.0872884258531,8.0
False,nonsense,14.699039,nonsense_yuft_yab_sunt,Human,False,True,False,False,True,nonsense_yuft_yab_sunt^nonsense^invalid,0.88295135,3.0120839999999998,0.5,0.00014295678652680258,-1.3270173,-13.859286,-0.95926375,-1.7411775,63.11874042,13.0,2.7494775,2.7494775,1.0,2.2266491194044296,12.0,165.02993414999997,8.0,8.55459565,19.5054553475,8.0,23.809751960386652,39.47962059569814,8.0
True,consistent,22.431566,guns_weapons_dangerous,Human,True,True,True,True,False,guns_weapons_dangerous^consistent^valid,0.77679162,3.5663824,1.0,0.000505075756261664,-0.24005200999999998,-11.321275,1.52967739,2.01926,65.19270562,13.0,2.408373,2.3540174999999994,0.7222222222222222,4.528580771028099,13.0,146.97860588999998,11.0,23.71855486,7.937384999999999,13.0,42.14477001469356,22.44426420098961,13.0
True,violate,49.596906,librarians_happy_healthy,Human,False,False,True,False,False,librarians_happy_healthy^violate^invalid,0.82843153,2.9045293,0.5,0.00014523853227303333,-1.5777782,-13.932103999999999,-1.2889213700000002,-2.225238,63.484037335,13.0,2.98101987,2.98101987,1.0,1.8901315714134497,12.0,164.68412365,8.0,7.22950555,22.0323222455,8.0,22.28237701789436,39.792787090075564,8.0
True,violate,26.829054,flowers_animals_reptiles,Human,False,False,True,False,False,flowers_animals_reptiles^violate^invalid,0.78983112,3.4566548,0.5,0.00015675988408831546,-1.4911014,-13.439756,-1.1895694900000002,-2.1522049999999995,64.77486127,13.0,2.9109193099999997,2.9109193099999997,1.0,2.061807445037059,12.0,161.2473255,8.0,7.121911899999999,21.092282462500002,8.0,22.00951853136907,37.41110084930707,8.0
True,nonsense,45.26556,nonsense_zeff_zaff_zom,Human,True,True,False,False,True,nonsense_zeff_zaff_zom^nonsense^valid,0.826190125,3.3383641500000003,1.0,0.0003752730410606441,-0.2988921,-11.89146675,1.2291002,1.9690327500000002,64.578556365,13.0,2.867421,2.867421,0.7777777777777778,4.438700719392093,13.0,154.29274210299997,11.0,23.070633847000003,7.497410749999999,13.0,40.623939754034595,22.04034454670912,13.0
False,consistent,80.029896,politicians_dishonest_lie,Human,False,True,True,True,False,politicians_dishonest_lie^consistent^invalid,0.8282832200000001,2.41572515,0.5,0.00017147413329596852,-1.6312616,-13.7355145,-1.35396198,-2.0674230000000007,64.29544712500001,13.0,3.3701599700000004,3.3701599700000004,1.0,1.7801620809174568,13.5,165.6062234,8.0,7.93723475,22.5717142975,8.0,21.735643631445093,40.921978792226106,8.0
False,nonsense,31.330288,nonsense_zint_thade_snaff,Human,False,True,False,False,True,nonsense_zint_thade_snaff^nonsense^invalid,0.85853437,3.2361122,0.5,0.0001485019134905405,-1.35873845,-13.698061500000001,-1.00551703,-1.8457030000000003,63.68544054,13.0,2.884836125,2.884836125,1.0,2.184268974522732,12.0,167.19845325,8.0,8.56177155,20.998479505,8.0,23.43014372521873,39.545503464009016,8.0
True,consistent,15.715489,librarians_happy_healthy,Human,True,True,True,True,False,librarians_happy_healthy^consistent^valid,0.81471435,2.79135215,1.0,0.0004919143841524687,-0.28437661999999997,-11.720515500000001,1.30202863,2.2542614999999993,64.126964595,13.0,2.438344,2.3815022499999996,0.7222222222222222,4.3966854214538955,13.0,151.1338408655,11.0,22.584206684499996,7.506011749999998,13.0,40.42208294959718,22.97218112692118,13.0
False,consistent,17.998104,food_vegetables_healthy,Human,False,True,True,True,False,food_vegetables_healthy^consistent^invalid,0.80010553,3.44269365,0.5,0.00014042260272500496,-1.7151735499999998,-13.588034,-1.4599838099999998,-2.4291935000000002,65.68340365999998,13.0,3.181011405,3.181011405,1.0,1.8247961292316957,12.0,162.38700754999996,8.0,8.003593499999997,23.2718609715,8.0,22.59369901339862,39.5109209343055,8.0
False,nonsense,6.863229,nonsense_phrite_ing_pand,Human,True,False,False,False,True,nonsense_phrite_ing_pand^nonsense^valid,0.8776451350000001,3.47802355,1.0,0.0003892392724020494,-0.33281863,-11.7538845,1.10335637,1.8144739999999997,65.140000715,13.0,2.9024744999999994,2.9024744999999994,0.8333333333333334,4.270808168509651,13.0,152.99196145250002,11.0,20.3915064475,8.69206875,13.0,39.305111147970294,23.704698253611653,13.0
True,nonsense,15.331252,nonsense_paft_usp_cesk,Human,True,True,False,False,True,nonsense_paft_usp_cesk^nonsense^valid,0.90446385,3.0925508500000003,1.0,0.00036385357600297646,-0.36020477,-12.0545185,1.0078305800000003,1.8748474999999996,63.70888371,13.0,2.9272709999999993,2.9272709999999993,0.8333333333333334,4.22117993167058,13.0,155.55404756,11.0,21.895442390000003,7.775151399999999,13.0,39.79514013282285,22.991801159252574,13.0
True,nonsense,15.728944,nonsense_sclace_dact_yink,Human,True,True,False,False,True,nonsense_sclace_dact_yink^nonsense^valid,0.8292588000000001,3.38698765,1.0,0.00032939366503072876,-0.284816085,-12.1505455,1.3155842150000001,1.9092854999999993,64.37754075500001,13.0,2.8964644999999996,2.8964644999999996,0.7777777777777778,4.397219390962283,13.0,154.807185485,11.0,22.625491564999997,7.634923699999999,13.0,39.96590722489417,22.404252027135517,13.0
False,nonsense,33.962082,nonsense_blep_jict_zamp,Human,False,True,False,False,True,nonsense_blep_jict_zamp^nonsense^invalid,0.903665115,3.6107066999999997,0.5,0.00012940662591061247,-1.38791745,-13.86944,-1.03476904,-1.825532,65.00869826499999,13.0,3.032294425,3.032294425,1.0,2.0982665889638668,12.0,169.33324845,8.0,7.733370150000001,21.43827195,8.0,22.29918682480759,38.57487117335801,8.0
True,consistent,28.463895,guns_weapons_dangerous,Human,False,False,True,True,False,guns_weapons_dangerous^consistent^invalid,0.8124103650000001,3.52681745,0.5,0.00016155519136725022,-1.6824146,-13.37473275,-1.419377345,-2.088389750000001,65.246341985,13.0,3.092880115,3.092880115,1.0,1.851250707083089,12.0,162.11726545,8.0,7.87713325,22.8607597425,8.0,22.78206423757442,41.226552475374106,8.0
False,violate,17.880786,librarians_happy_healthy,Human,True,False,True,False,False,librarians_happy_healthy^violate^valid,0.792771605,2.9532844999999996,1.0,0.0004664763628768363,-0.25569205,-11.740565,1.45067025,2.1268580000000004,63.64685722499999,13.0,2.44684175,2.436256749999999,0.7222222222222222,4.440402660388335,13.0,149.601658461,11.0,23.182110839000003,7.307156999999999,13.0,41.26226717742991,22.061137462614298,13.0
True,violate,34.797288,gems_diamonds_transparent,Human,False,False,True,False,False,gems_diamonds_transparent^violate^invalid,0.80006635,3.4921516500000003,0.5,0.0001498924813805521,-1.5872069,-13.480996999999999,-1.3072939,-2.2550725,64.74042812500001,13.0,2.97899922,2.97899922,1.0,1.851528100172782,12.0,162.84346994999999,8.0,8.16023375,22.413309426999998,8.0,22.65525646655066,40.0872884258531,8.0
True,consistent,16.527067,guns_weapons_dangerous,Human,True,True,True,True,False,guns_weapons_dangerous^consistent^valid,0.77679162,3.5663824,1.0,0.000505075756261664,-0.24005200999999998,-11.321275,1.52967739,2.01926,65.19270562,13.0,2.408373,2.3540174999999994,0.7222222222222222,4.528580771028099,13.0,146.97860588999998,11.0,23.71855486,7.937384999999999,13.0,42.14477001469356,22.44426420098961,13.0
True,violate,20.20916,dragons_mythical_exist,Human,False,False,True,False,False,dragons_mythical_exist^violate^invalid,0.7496491999999999,2.7785035000000002,0.5,0.00015468943720704716,-1.7071033500000001,-13.6957835,-1.461802445,-2.080981499999999,63.269095475,13.0,2.9363595899999995,2.9363595899999995,1.0,2.019378182385685,12.0,165.12476145,8.0,8.051998000000001,21.815614513499995,8.0,21.918670240760562,40.2427733064133,8.0
True,nonsense,31.395652,nonsense_fleff_drap_ved,Human,False,False,False,False,True,nonsense_fleff_drap_ved^nonsense^invalid,0.8759138,3.1138594,0.5,0.00013458369876571117,-1.4099640999999998,-13.9619065,-1.069373145,-1.9967899999999998,63.891125015,13.0,2.7940208550000003,2.7940208550000003,1.0,2.1831661771123385,12.0,166.4123376,8.0,7.75694765,21.004694477999998,8.0,22.55367198278043,39.078348840882946,8.0
False,violate,28.592826,food_vegetables_healthy,Human,False,True,True,False,False,food_vegetables_healthy^violate^invalid,0.78112465,3.2349620000000003,0.5,0.00014774839048213578,-1.6968642,-13.5915095,-1.4428825500000002,-2.3488035,64.74213544,13.0,3.0974066799999997,3.0974066799999997,1.0,1.850973294237705,12.0,161.61133675000002,8.0,7.666856499999998,22.8085641475,8.0,22.947647193521895,40.004632493790545,8.0
False,nonsense,22.996629,nonsense_zint_thade_snaff,Human,False,True,False,False,True,nonsense_zint_thade_snaff^nonsense^invalid,0.85853437,3.2361122,0.5,0.0001485019134905405,-1.35873845,-13.698061500000001,-1.00551703,-1.8457030000000003,63.68544054,13.0,2.884836125,2.884836125,1.0,2.184268974522732,12.0,167.19845325,8.0,8.56177155,20.998479505,8.0,23.43014372521873,39.545503464009016,8.0
False,consistent,71.23107,librarians_happy_healthy,Human,False,True,True,True,False,librarians_happy_healthy^consistent^invalid,0.81077882,2.86364565,0.5,0.00014633701367139737,-1.58672145,-13.884556499999999,-1.30359647,-2.1702139999999996,64.17962105,13.0,3.1747808749999997,3.1747808749999997,1.0,1.7959304817817918,12.0,165.98963685,8.0,7.54508725,22.443929461999996,8.0,22.678905569012304,40.484153084258494,8.0
True,consistent,37.995533,flowers_animals_reptiles,Human,False,False,True,True,False,flowers_animals_reptiles^consistent^invalid,0.7930724650000001,3.36994125,0.5,0.00015659052515647358,-1.4768639000000001,-13.4603935,-1.1721248700000002,-2.1230985,64.783875005,13.0,2.90785598,2.90785598,1.0,2.1045563618247685,12.0,160.45622365000003,8.0,7.424930200000002,20.7282796025,8.0,22.678500411357568,37.413509304623446,8.0
False,consistent,28.161834,librarians_happy_healthy,Human,False,True,True,True,False,librarians_happy_healthy^consistent^invalid,0.81077882,2.86364565,0.5,0.00014633701367139737,-1.58672145,-13.884556499999999,-1.30359647,-2.1702139999999996,64.17962105,13.0,3.1747808749999997,3.1747808749999997,1.0,1.7959304817817918,12.0,165.98963685,8.0,7.54508725,22.443929461999996,8.0,22.678905569012304,40.484153084258494,8.0
True,consistent,17.595886,librarians_happy_healthy,Human,True,True,True,True,False,librarians_happy_healthy^consistent^valid,0.81471435,2.79135215,1.0,0.0004919143841524687,-0.28437661999999997,-11.720515500000001,1.30202863,2.2542614999999993,64.126964595,13.0,2.438344,2.3815022499999996,0.7222222222222222,4.3966854214538955,13.0,151.1338408655,11.0,22.584206684499996,7.506011749999998,13.0,40.42208294959718,22.97218112692118,13.0
False,consistent,21.498886,vehicles_mobile_buildings,Human,False,True,True,True,False,vehicles_mobile_buildings^consistent^invalid,0.82807165,3.10497555,0.5,0.00014688091992820756,-1.4844856,-13.7572515,-1.1739701949999999,-2.164491,64.318786655,13.0,2.8903951050000005,2.8903951050000005,1.0,2.0207245787134083,12.0,163.02613715,8.0,8.4129259,20.242011470999998,8.0,22.346142670880425,38.23088806238775,8.0
True,consistent,25.094806,dragons_mythical_exist,Human,True,True,True,True,False,dragons_mythical_exist^consistent^valid,0.8071744,2.96209065,1.0,0.0004851111013845727,-0.302964405,-11.566526249999999,1.190615645,2.0720477500000003,64.60009852,13.0,2.9147057500000004,2.9147057500000004,0.8333333333333334,4.31346333624011,13.0,151.9728535365,11.0,19.2227564135,8.30126085,13.0,38.30128428392334,22.76191214342742,13.0
True,violate,23.495682,guns_weapons_dangerous,Human,False,False,True,False,False,guns_weapons_dangerous^violate^invalid,0.7946191499999999,3.50548565,0.5,0.00016600288019406244,-1.70513735,-13.350233,-1.45038123,-2.049605999999999,65.00783326999999,13.0,3.1085120400000004,3.1085120400000004,1.0,1.935709526073782,12.0,162.142014,8.0,8.177556499999998,22.774843108,8.0,22.723768697616034,41.287929424110686,8.0
True,consistent,28.430331,whales_mammals_big,Human,True,True,True,True,False,whales_mammals_big^consistent^valid,0.7600514199999999,3.2517326,1.0,0.0005659421817598978,-0.244833055,-11.2161765,1.4792661950000001,2.2964579999999994,64.402853575,13.0,2.48740425,2.2691805,0.7222222222222222,4.526662934854758,13.0,148.5456935495,11.0,23.279946400500002,7.609150999999999,13.0,40.13314079630912,22.142916272990515,13.0
True,consistent,20.198344,dragons_mythical_exist,Human,True,True,True,True,False,dragons_mythical_exist^consistent^valid,0.8071744,2.96209065,1.0,0.0004851111013845727,-0.302964405,-11.566526249999999,1.190615645,2.0720477500000003,64.60009852,13.0,2.9147057500000004,2.9147057500000004,0.8333333333333334,4.31346333624011,13.0,151.9728535365,11.0,19.2227564135,8.30126085,13.0,38.30128428392334,22.76191214342742,13.0
True,violate,55.662572,flowers_animals_reptiles,Human,True,True,True,False,False,flowers_animals_reptiles^violate^valid,0.80292182,3.3558238,1.0,0.0005520707528027036,-0.30880313,-11.2413055,1.16198732,2.1635845,64.63901615,13.0,2.5027437500000005,2.5027437500000005,0.7777777777777778,4.440536215773072,13.0,146.821652865,11.0,20.915695235,7.22292175,13.0,37.687441679677896,22.361093211718455,13.0
False,violate,29.030088,vehicles_mobile_buildings,Human,False,True,True,False,False,vehicles_mobile_buildings^violate^invalid,0.796380615,3.4365609,0.5,0.00014751019756706514,-1.56110105,-13.61116625,-1.276182175,-2.0661727500000007,65.20478771500001,13.0,2.9812755000000006,2.9812755000000006,1.0,2.0182174514232227,12.0,163.76190105,8.0,8.029251200000001,20.849118045,8.0,21.886379179892852,38.69211878263657,8.0
True,nonsense,18.494869,nonsense_zeff_zaff_zom,Human,True,True,False,False,True,nonsense_zeff_zaff_zom^nonsense^valid,0.826190125,3.3383641500000003,1.0,0.0003752730410606441,-0.2988921,-11.89146675,1.2291002,1.9690327500000002,64.578556365,13.0,2.867421,2.867421,0.7777777777777778,4.438700719392093,13.0,154.29274210299997,11.0,23.070633847000003,7.497410749999999,13.0,40.623939754034595,22.04034454670912,13.0
True,nonsense,68.19701,nonsense_sclace_dact_yink,Human,True,True,False,False,True,nonsense_sclace_dact_yink^nonsense^valid,0.8292588000000001,3.38698765,1.0,0.00032939366503072876,-0.284816085,-12.1505455,1.3155842150000001,1.9092854999999993,64.37754075500001,13.0,2.8964644999999996,2.8964644999999996,0.7777777777777778,4.397219390962283,13.0,154.807185485,11.0,22.625491564999997,7.634923699999999,13.0,39.96590722489417,22.404252027135517,13.0
True,consistent,52.896575,gems_diamonds_transparent,Human,False,False,True,True,False,gems_diamonds_transparent^consistent^invalid,0.716960015,3.7114264,0.5,0.00015480785475218908,-1.81780245,-13.30370075,-1.596589995,-2.2649177499999995,65.87122969,13.0,3.1812115,3.1812115,1.0,1.891773828978951,12.0,164.2627568,8.0,7.96865575,24.874875655000004,8.0,21.551882908322263,40.956602366374625,8.0
False,consistent,16.563986,food_vegetables_healthy,Human,False,True,True,True,False,food_vegetables_healthy^consistent^invalid,0.80010553,3.44269365,0.5,0.00014042260272500496,-1.7151735499999998,-13.588034,-1.4599838099999998,-2.4291935000000002,65.68340365999998,13.0,3.181011405,3.181011405,1.0,1.8247961292316957,12.0,162.38700754999996,8.0,8.003593499999997,23.2718609715,8.0,22.59369901339862,39.5109209343055,8.0
True,violate,31.096071,vehicles_mobile_buildings,Human,False,False,True,False,False,vehicles_mobile_buildings^violate^invalid,0.796380615,3.4365609,0.5,0.00014751019756706514,-1.56110105,-13.61116625,-1.276182175,-2.0661727500000007,65.20478771500001,13.0,2.9812755000000006,2.9812755000000006,1.0,2.0182174514232227,12.0,163.76190105,8.0,8.029251200000001,20.849118045,8.0,21.886379179892852,38.69211878263657,8.0
True,violate,26.697533,plants_trees_tall,Human,False,False,True,False,False,plants_trees_tall^violate^invalid,0.793895095,3.51040315,0.5,0.00014996657004577623,-1.5793748,-13.490645,-1.299109455,-2.270526500000001,65.45802229499999,13.0,3.171338925,3.171338925,1.0,1.8511591116003463,12.0,162.3544972,8.0,7.527773,22.5921845265,8.0,22.149570838901894,38.92637442665298,8.0
True,consistent,25.430075,guns_weapons_dangerous,Human,False,False,True,True,False,guns_weapons_dangerous^consistent^invalid,0.8124103650000001,3.52681745,0.5,0.00016155519136725022,-1.6824146,-13.37473275,-1.419377345,-2.088389750000001,65.246341985,13.0,3.092880115,3.092880115,1.0,1.851250707083089,12.0,162.11726545,8.0,7.87713325,22.8607597425,8.0,22.78206423757442,41.226552475374106,8.0
True,nonsense,68.06476,nonsense_zint_thade_snaff,Human,False,False,False,False,True,nonsense_zint_thade_snaff^nonsense^invalid,0.85853437,3.2361122,0.5,0.0001485019134905405,-1.35873845,-13.698061500000001,-1.00551703,-1.8457030000000003,63.68544054,13.0,2.884836125,2.884836125,1.0,2.184268974522732,12.0,167.19845325,8.0,8.56177155,20.998479505,8.0,23.43014372521873,39.545503464009016,8.0
True,nonsense,33.198833,nonsense_phrite_ing_pand,Human,True,True,False,False,True,nonsense_phrite_ing_pand^nonsense^valid,0.8776451350000001,3.47802355,1.0,0.0003892392724020494,-0.33281863,-11.7538845,1.10335637,1.8144739999999997,65.140000715,13.0,2.9024744999999994,2.9024744999999994,0.8333333333333334,4.270808168509651,13.0,152.99196145250002,11.0,20.3915064475,8.69206875,13.0,39.305111147970294,23.704698253611653,13.0
False,consistent,15.164977,flowers_animals_reptiles,Human,False,True,True,True,False,flowers_animals_reptiles^consistent^invalid,0.7930724650000001,3.36994125,0.5,0.00015659052515647358,-1.4768639000000001,-13.4603935,-1.1721248700000002,-2.1230985,64.783875005,13.0,2.90785598,2.90785598,1.0,2.1045563618247685,12.0,160.45622365000003,8.0,7.424930200000002,20.7282796025,8.0,22.678500411357568,37.413509304623446,8.0
True,consistent,48.565366,dragons_mythical_exist,Human,True,True,True,True,False,dragons_mythical_exist^consistent^valid,0.8071744,2.96209065,1.0,0.0004851111013845727,-0.302964405,-11.566526249999999,1.190615645,2.0720477500000003,64.60009852,13.0,2.9147057500000004,2.9147057500000004,0.8333333333333334,4.31346333624011,13.0,151.9728535365,11.0,19.2227564135,8.30126085,13.0,38.30128428392334,22.76191214342742,13.0
False,nonsense,18.164139,nonsense_paft_usp_cesk,Human,True,False,False,False,True,nonsense_paft_usp_cesk^nonsense^valid,0.90446385,3.0925508500000003,1.0,0.00036385357600297646,-0.36020477,-12.0545185,1.0078305800000003,1.8748474999999996,63.70888371,13.0,2.9272709999999993,2.9272709999999993,0.8333333333333334,4.22117993167058,13.0,155.55404756,11.0,21.895442390000003,7.775151399999999,13.0,39.79514013282285,22.991801159252574,13.0
True,nonsense,115.764006,nonsense_shiff_yot_plusk,Human,True,True,False,False,True,nonsense_shiff_yot_plusk^nonsense^valid,0.85954905,3.3951676,1.0,0.00030728071375896084,-0.349083845,-12.270569,1.0218831050000001,1.6701089999999992,63.39859931499999,13.0,3.2967174999999997,3.2967174999999997,0.8333333333333334,4.2866594849637885,13.0,157.85406354599996,11.0,20.601034104,9.09310645,13.0,40.16672640586064,23.439003582831603,13.0
True,consistent,16.897307,dragons_mythical_exist,Human,True,True,True,True,False,dragons_mythical_exist^consistent^valid,0.8071744,2.96209065,1.0,0.0004851111013845727,-0.302964405,-11.566526249999999,1.190615645,2.0720477500000003,64.60009852,13.0,2.9147057500000004,2.9147057500000004,0.8333333333333334,4.31346333624011,13.0,151.9728535365,11.0,19.2227564135,8.30126085,13.0,38.30128428392334,22.76191214342742,13.0
True,violate,26.160408,plants_trees_tall,Human,False,False,True,False,False,plants_trees_tall^violate^invalid,0.793895095,3.51040315,0.5,0.00014996657004577623,-1.5793748,-13.490645,-1.299109455,-2.270526500000001,65.45802229499999,13.0,3.171338925,3.171338925,1.0,1.8511591116003463,12.0,162.3544972,8.0,7.527773,22.5921845265,8.0,22.149570838901894,38.92637442665298,8.0
True,consistent,43.631826,librarians_happy_healthy,Human,True,True,True,True,False,librarians_happy_healthy^consistent^valid,0.81471435,2.79135215,1.0,0.0004919143841524687,-0.28437661999999997,-11.720515500000001,1.30202863,2.2542614999999993,64.126964595,13.0,2.438344,2.3815022499999996,0.7222222222222222,4.3966854214538955,13.0,151.1338408655,11.0,22.584206684499996,7.506011749999998,13.0,40.42208294959718,22.97218112692118,13.0
False,nonsense,82.064449,nonsense_yuft_yab_sunt,Human,False,True,False,False,True,nonsense_yuft_yab_sunt^nonsense^invalid,0.88295135,3.0120839999999998,0.5,0.00014295678652680258,-1.3270173,-13.859286,-0.95926375,-1.7411775,63.11874042,13.0,2.7494775,2.7494775,1.0,2.2266491194044296,12.0,165.02993414999997,8.0,8.55459565,19.5054553475,8.0,23.809751960386652,39.47962059569814,8.0
True,nonsense,24.132617,nonsense_shiff_yot_plusk,Human,True,True,False,False,True,nonsense_shiff_yot_plusk^nonsense^valid,0.85954905,3.3951676,1.0,0.00030728071375896084,-0.349083845,-12.270569,1.0218831050000001,1.6701089999999992,63.39859931499999,13.0,3.2967174999999997,3.2967174999999997,0.8333333333333334,4.2866594849637885,13.0,157.85406354599996,11.0,20.601034104,9.09310645,13.0,40.16672640586064,23.439003582831603,13.0
True,nonsense,18.06448,nonsense_fleff_drap_ved,Human,False,False,False,False,True,nonsense_fleff_drap_ved^nonsense^invalid,0.8759138,3.1138594,0.5,0.00013458369876571117,-1.4099640999999998,-13.9619065,-1.069373145,-1.9967899999999998,63.891125015,13.0,2.7940208550000003,2.7940208550000003,1.0,2.1831661771123385,12.0,166.4123376,8.0,7.75694765,21.004694477999998,8.0,22.55367198278043,39.078348840882946,8.0
True,consistent,23.097163,guns_weapons_dangerous,Human,True,True,True,True,False,guns_weapons_dangerous^consistent^valid,0.77679162,3.5663824,1.0,0.000505075756261664,-0.24005200999999998,-11.321275,1.52967739,2.01926,65.19270562,13.0,2.408373,2.3540174999999994,0.7222222222222222,4.528580771028099,13.0,146.97860588999998,11.0,23.71855486,7.937384999999999,13.0,42.14477001469356,22.44426420098961,13.0
False,violate,53.231766,gems_diamonds_transparent,Human,False,True,True,False,False,gems_diamonds_transparent^violate^invalid,0.80006635,3.4921516500000003,0.5,0.0001498924813805521,-1.5872069,-13.480996999999999,-1.3072939,-2.2550725,64.74042812500001,13.0,2.97899922,2.97899922,1.0,1.851528100172782,12.0,162.84346994999999,8.0,8.16023375,22.413309426999998,8.0,22.65525646655066,40.0872884258531,8.0
False,consistent,58.949401,librarians_happy_healthy,Human,False,True,True,True,False,librarians_happy_healthy^consistent^invalid,0.81077882,2.86364565,0.5,0.00014633701367139737,-1.58672145,-13.884556499999999,-1.30359647,-2.1702139999999996,64.17962105,13.0,3.1747808749999997,3.1747808749999997,1.0,1.7959304817817918,12.0,165.98963685,8.0,7.54508725,22.443929461999996,8.0,22.678905569012304,40.484153084258494,8.0
True,violate,43.405749,flowers_animals_reptiles,Human,False,False,True,False,False,flowers_animals_reptiles^violate^invalid,0.78983112,3.4566548,0.5,0.00015675988408831546,-1.4911014,-13.439756,-1.1895694900000002,-2.1522049999999995,64.77486127,13.0,2.9109193099999997,2.9109193099999997,1.0,2.061807445037059,12.0,161.2473255,8.0,7.121911899999999,21.092282462500002,8.0,22.00951853136907,37.41110084930707,8.0
True,violate,36.097,librarians_happy_healthy,Human,True,True,True,False,False,librarians_happy_healthy^violate^valid,0.792771605,2.9532844999999996,1.0,0.0004664763628768363,-0.25569205,-11.740565,1.45067025,2.1268580000000004,63.64685722499999,13.0,2.44684175,2.436256749999999,0.7222222222222222,4.440402660388335,13.0,149.601658461,11.0,23.182110839000003,7.307156999999999,13.0,41.26226717742991,22.061137462614298,13.0
False,violate,15.964497,dragons_mythical_exist,Human,False,True,True,False,False,dragons_mythical_exist^violate^invalid,0.7496491999999999,2.7785035000000002,0.5,0.00015468943720704716,-1.7071033500000001,-13.6957835,-1.461802445,-2.080981499999999,63.269095475,13.0,2.9363595899999995,2.9363595899999995,1.0,2.019378182385685,12.0,165.12476145,8.0,8.051998000000001,21.815614513499995,8.0,21.918670240760562,40.2427733064133,8.0
True,violate,19.997153,food_vegetables_healthy,Human,False,False,True,False,False,food_vegetables_healthy^violate^invalid,0.78112465,3.2349620000000003,0.5,0.00014774839048213578,-1.6968642,-13.5915095,-1.4428825500000002,-2.3488035,64.74213544,13.0,3.0974066799999997,3.0974066799999997,1.0,1.850973294237705,12.0,161.61133675000002,8.0,7.666856499999998,22.8085641475,8.0,22.947647193521895,40.004632493790545,8.0
True,consistent,21.459737,guns_weapons_dangerous,Human,True,True,True,True,False,guns_weapons_dangerous^consistent^valid,0.77679162,3.5663824,1.0,0.000505075756261664,-0.24005200999999998,-11.321275,1.52967739,2.01926,65.19270562,13.0,2.408373,2.3540174999999994,0.7222222222222222,4.528580771028099,13.0,146.97860588999998,11.0,23.71855486,7.937384999999999,13.0,42.14477001469356,22.44426420098961,13.0
True,violate,26.845043,librarians_happy_healthy,Human,False,False,True,False,False,librarians_happy_healthy^violate^invalid,0.82843153,2.9045293,0.5,0.00014523853227303333,-1.5777782,-13.932103999999999,-1.2889213700000002,-2.225238,63.484037335,13.0,2.98101987,2.98101987,1.0,1.8901315714134497,12.0,164.68412365,8.0,7.22950555,22.0323222455,8.0,22.28237701789436,39.792787090075564,8.0
True,nonsense,56.598969,nonsense_blep_jict_zamp,Human,False,False,False,False,True,nonsense_blep_jict_zamp^nonsense^invalid,0.903665115,3.6107066999999997,0.5,0.00012940662591061247,-1.38791745,-13.86944,-1.03476904,-1.825532,65.00869826499999,13.0,3.032294425,3.032294425,1.0,2.0982665889638668,12.0,169.33324845,8.0,7.733370150000001,21.43827195,8.0,22.29918682480759,38.57487117335801,8.0
False,nonsense,32.524168,nonsense_paft_usp_cesk,Human,True,False,False,False,True,nonsense_paft_usp_cesk^nonsense^valid,0.90446385,3.0925508500000003,1.0,0.00036385357600297646,-0.36020477,-12.0545185,1.0078305800000003,1.8748474999999996,63.70888371,13.0,2.9272709999999993,2.9272709999999993,0.8333333333333334,4.22117993167058,13.0,155.55404756,11.0,21.895442390000003,7.775151399999999,13.0,39.79514013282285,22.991801159252574,13.0
True,consistent,24.964537,whales_mammals_big,Human,True,True,True,True,False,whales_mammals_big^consistent^valid,0.7600514199999999,3.2517326,1.0,0.0005659421817598978,-0.244833055,-11.2161765,1.4792661950000001,2.2964579999999994,64.402853575,13.0,2.48740425,2.2691805,0.7222222222222222,4.526662934854758,13.0,148.5456935495,11.0,23.279946400500002,7.609150999999999,13.0,40.13314079630912,22.142916272990515,13.0
True,violate,27.229783,gems_diamonds_transparent,Human,False,False,True,False,False,gems_diamonds_transparent^violate^invalid,0.80006635,3.4921516500000003,0.5,0.0001498924813805521,-1.5872069,-13.480996999999999,-1.3072939,-2.2550725,64.74042812500001,13.0,2.97899922,2.97899922,1.0,1.851528100172782,12.0,162.84346994999999,8.0,8.16023375,22.413309426999998,8.0,22.65525646655066,40.0872884258531,8.0
True,consistent,29.562605,librarians_happy_healthy,Human,True,True,True,True,False,librarians_happy_healthy^consistent^valid,0.81471435,2.79135215,1.0,0.0004919143841524687,-0.28437661999999997,-11.720515500000001,1.30202863,2.2542614999999993,64.126964595,13.0,2.438344,2.3815022499999996,0.7222222222222222,4.3966854214538955,13.0,151.1338408655,11.0,22.584206684499996,7.506011749999998,13.0,40.42208294959718,22.97218112692118,13.0
False,nonsense,115.764977,nonsense_zint_thade_snaff,Human,False,True,False,False,True,nonsense_zint_thade_snaff^nonsense^invalid,0.85853437,3.2361122,0.5,0.0001485019134905405,-1.35873845,-13.698061500000001,-1.00551703,-1.8457030000000003,63.68544054,13.0,2.884836125,2.884836125,1.0,2.184268974522732,12.0,167.19845325,8.0,8.56177155,20.998479505,8.0,23.43014372521873,39.545503464009016,8.0
False,consistent,36.296726,gems_diamonds_transparent,Human,False,True,True,True,False,gems_diamonds_transparent^consistent^invalid,0.716960015,3.7114264,0.5,0.00015480785475218908,-1.81780245,-13.30370075,-1.596589995,-2.2649177499999995,65.87122969,13.0,3.1812115,3.1812115,1.0,1.891773828978951,12.0,164.2627568,8.0,7.96865575,24.874875655000004,8.0,21.551882908322263,40.956602366374625,8.0
False,consistent,58.530414,librarians_happy_healthy,Human,False,True,True,True,False,librarians_happy_healthy^consistent^invalid,0.81077882,2.86364565,0.5,0.00014633701367139737,-1.58672145,-13.884556499999999,-1.30359647,-2.1702139999999996,64.17962105,13.0,3.1747808749999997,3.1747808749999997,1.0,1.7959304817817918,12.0,165.98963685,8.0,7.54508725,22.443929461999996,8.0,22.678905569012304,40.484153084258494,8.0
True,consistent,60.898852,vehicles_mobile_buildings,Human,False,False,True,True,False,vehicles_mobile_buildings^consistent^invalid,0.82807165,3.10497555,0.5,0.00014688091992820756,-1.4844856,-13.7572515,-1.1739701949999999,-2.164491,64.318786655,13.0,2.8903951050000005,2.8903951050000005,1.0,2.0207245787134083,12.0,163.02613715,8.0,8.4129259,20.242011470999998,8.0,22.346142670880425,38.23088806238775,8.0
True,violate,21.604721,guns_weapons_dangerous,Human,False,False,True,False,False,guns_weapons_dangerous^violate^invalid,0.7946191499999999,3.50548565,0.5,0.00016600288019406244,-1.70513735,-13.350233,-1.45038123,-2.049605999999999,65.00783326999999,13.0,3.1085120400000004,3.1085120400000004,1.0,1.935709526073782,12.0,162.142014,8.0,8.177556499999998,22.774843108,8.0,22.723768697616034,41.287929424110686,8.0
True,nonsense,54.197351,nonsense_sclace_dact_yink,Human,True,True,False,False,True,nonsense_sclace_dact_yink^nonsense^valid,0.8292588000000001,3.38698765,1.0,0.00032939366503072876,-0.284816085,-12.1505455,1.3155842150000001,1.9092854999999993,64.37754075500001,13.0,2.8964644999999996,2.8964644999999996,0.7777777777777778,4.397219390962283,13.0,154.807185485,11.0,22.625491564999997,7.634923699999999,13.0,39.96590722489417,22.404252027135517,13.0
True,nonsense,47.601065,nonsense_shrad_splect_dring,Human,True,True,False,False,True,nonsense_shrad_splect_dring^nonsense^valid,0.9150424500000001,3.3742295,1.0,0.00036229458927041045,-0.36611007500000003,-11.956315,0.987147325,1.9446754999999998,64.36049211,13.0,2.77952525,2.77952525,0.8333333333333334,4.269807825580074,13.0,154.984396102,11.0,22.572676148000003,7.6024691,13.0,40.053489229573486,22.78662454765672,13.0
False,violate,58.263148,flowers_animals_reptiles,Human,True,False,True,False,False,flowers_animals_reptiles^violate^valid,0.80292182,3.3558238,1.0,0.0005520707528027036,-0.30880313,-11.2413055,1.16198732,2.1635845,64.63901615,13.0,2.5027437500000005,2.5027437500000005,0.7777777777777778,4.440536215773072,13.0,146.821652865,11.0,20.915695235,7.22292175,13.0,37.687441679677896,22.361093211718455,13.0
True,nonsense,26.065583,nonsense_zeff_zaff_zom,Human,True,True,False,False,True,nonsense_zeff_zaff_zom^nonsense^valid,0.826190125,3.3383641500000003,1.0,0.0003752730410606441,-0.2988921,-11.89146675,1.2291002,1.9690327500000002,64.578556365,13.0,2.867421,2.867421,0.7777777777777778,4.438700719392093,13.0,154.29274210299997,11.0,23.070633847000003,7.497410749999999,13.0,40.623939754034595,22.04034454670912,13.0
False,consistent,33.330792,food_vegetables_healthy,Human,False,True,True,True,False,food_vegetables_healthy^consistent^invalid,0.80010553,3.44269365,0.5,0.00014042260272500496,-1.7151735499999998,-13.588034,-1.4599838099999998,-2.4291935000000002,65.68340365999998,13.0,3.181011405,3.181011405,1.0,1.8247961292316957,12.0,162.38700754999996,8.0,8.003593499999997,23.2718609715,8.0,22.59369901339862,39.5109209343055,8.0
False,nonsense,33.731715,nonsense_zint_thade_snaff,Human,False,True,False,False,True,nonsense_zint_thade_snaff^nonsense^invalid,0.85853437,3.2361122,0.5,0.0001485019134905405,-1.35873845,-13.698061500000001,-1.00551703,-1.8457030000000003,63.68544054,13.0,2.884836125,2.884836125,1.0,2.184268974522732,12.0,167.19845325,8.0,8.56177155,20.998479505,8.0,23.43014372521873,39.545503464009016,8.0
True,consistent,21.930702,guns_weapons_dangerous,Human,False,False,True,True,False,guns_weapons_dangerous^consistent^invalid,0.8124103650000001,3.52681745,0.5,0.00016155519136725022,-1.6824146,-13.37473275,-1.419377345,-2.088389750000001,65.246341985,13.0,3.092880115,3.092880115,1.0,1.851250707083089,12.0,162.11726545,8.0,7.87713325,22.8607597425,8.0,22.78206423757442,41.226552475374106,8.0
False,consistent,56.765465,librarians_happy_healthy,Human,False,True,True,True,False,librarians_happy_healthy^consistent^invalid,0.81077882,2.86364565,0.5,0.00014633701367139737,-1.58672145,-13.884556499999999,-1.30359647,-2.1702139999999996,64.17962105,13.0,3.1747808749999997,3.1747808749999997,1.0,1.7959304817817918,12.0,165.98963685,8.0,7.54508725,22.443929461999996,8.0,22.678905569012304,40.484153084258494,8.0
True,consistent,30.159837,politicians_dishonest_lie,Human,False,False,True,True,False,politicians_dishonest_lie^consistent^invalid,0.8282832200000001,2.41572515,0.5,0.00017147413329596852,-1.6312616,-13.7355145,-1.35396198,-2.0674230000000007,64.29544712500001,13.0,3.3701599700000004,3.3701599700000004,1.0,1.7801620809174568,13.5,165.6062234,8.0,7.93723475,22.5717142975,8.0,21.735643631445093,40.921978792226106,8.0
True,violate,19.531745,vehicles_mobile_buildings,Human,False,False,True,False,False,vehicles_mobile_buildings^violate^invalid,0.796380615,3.4365609,0.5,0.00014751019756706514,-1.56110105,-13.61116625,-1.276182175,-2.0661727500000007,65.20478771500001,13.0,2.9812755000000006,2.9812755000000006,1.0,2.0182174514232227,12.0,163.76190105,8.0,8.029251200000001,20.849118045,8.0,21.886379179892852,38.69211878263657,8.0
True,nonsense,34.79857,nonsense_yuft_yab_sunt,Human,False,False,False,False,True,nonsense_yuft_yab_sunt^nonsense^invalid,0.88295135,3.0120839999999998,0.5,0.00014295678652680258,-1.3270173,-13.859286,-0.95926375,-1.7411775,63.11874042,13.0,2.7494775,2.7494775,1.0,2.2266491194044296,12.0,165.02993414999997,8.0,8.55459565,19.5054553475,8.0,23.809751960386652,39.47962059569814,8.0
True,nonsense,59.732367,nonsense_shrad_splect_dring,Human,True,True,False,False,True,nonsense_shrad_splect_dring^nonsense^valid,0.9150424500000001,3.3742295,1.0,0.00036229458927041045,-0.36611007500000003,-11.956315,0.987147325,1.9446754999999998,64.36049211,13.0,2.77952525,2.77952525,0.8333333333333334,4.269807825580074,13.0,154.984396102,11.0,22.572676148000003,7.6024691,13.0,40.053489229573486,22.78662454765672,13.0
True,nonsense,41.132013,nonsense_phrite_ing_pand,Human,True,True,False,False,True,nonsense_phrite_ing_pand^nonsense^valid,0.8776451350000001,3.47802355,1.0,0.0003892392724020494,-0.33281863,-11.7538845,1.10335637,1.8144739999999997,65.140000715,13.0,2.9024744999999994,2.9024744999999994,0.8333333333333334,4.270808168509651,13.0,152.99196145250002,11.0,20.3915064475,8.69206875,13.0,39.305111147970294,23.704698253611653,13.0
True,consistent,17.997094,guns_weapons_dangerous,Human,True,True,True,True,False,guns_weapons_dangerous^consistent^valid,0.77679162,3.5663824,1.0,0.000505075756261664,-0.24005200999999998,-11.321275,1.52967739,2.01926,65.19270562,13.0,2.408373,2.3540174999999994,0.7222222222222222,4.528580771028099,13.0,146.97860588999998,11.0,23.71855486,7.937384999999999,13.0,42.14477001469356,22.44426420098961,13.0
False,consistent,42.16459,flowers_animals_reptiles,Human,False,True,True,True,False,flowers_animals_reptiles^consistent^invalid,0.7930724650000001,3.36994125,0.5,0.00015659052515647358,-1.4768639000000001,-13.4603935,-1.1721248700000002,-2.1230985,64.783875005,13.0,2.90785598,2.90785598,1.0,2.1045563618247685,12.0,160.45622365000003,8.0,7.424930200000002,20.7282796025,8.0,22.678500411357568,37.413509304623446,8.0
False,nonsense,26.63089,nonsense_fleff_drap_ved,Human,False,True,False,False,True,nonsense_fleff_drap_ved^nonsense^invalid,0.8759138,3.1138594,0.5,0.00013458369876571117,-1.4099640999999998,-13.9619065,-1.069373145,-1.9967899999999998,63.891125015,13.0,2.7940208550000003,2.7940208550000003,1.0,2.1831661771123385,12.0,166.4123376,8.0,7.75694765,21.004694477999998,8.0,22.55367198278043,39.078348840882946,8.0
True,nonsense,41.131398,nonsense_shiff_yot_plusk,Human,True,True,False,False,True,nonsense_shiff_yot_plusk^nonsense^valid,0.85954905,3.3951676,1.0,0.00030728071375896084,-0.349083845,-12.270569,1.0218831050000001,1.6701089999999992,63.39859931499999,13.0,3.2967174999999997,3.2967174999999997,0.8333333333333334,4.2866594849637885,13.0,157.85406354599996,11.0,20.601034104,9.09310645,13.0,40.16672640586064,23.439003582831603,13.0
True,violate,18.797654,librarians_happy_healthy,Human,False,False,True,False,False,librarians_happy_healthy^violate^invalid,0.82843153,2.9045293,0.5,0.00014523853227303333,-1.5777782,-13.932103999999999,-1.2889213700000002,-2.225238,63.484037335,13.0,2.98101987,2.98101987,1.0,1.8901315714134497,12.0,164.68412365,8.0,7.22950555,22.0323222455,8.0,22.28237701789436,39.792787090075564,8.0
True,violate,23.698428,vehicles_mobile_buildings,Human,False,False,True,False,False,vehicles_mobile_buildings^violate^invalid,0.796380615,3.4365609,0.5,0.00014751019756706514,-1.56110105,-13.61116625,-1.276182175,-2.0661727500000007,65.20478771500001,13.0,2.9812755000000006,2.9812755000000006,1.0,2.0182174514232227,12.0,163.76190105,8.0,8.029251200000001,20.849118045,8.0,21.886379179892852,38.69211878263657,8.0
True,consistent,26.564495,librarians_happy_healthy,Human,True,True,True,True,False,librarians_happy_healthy^consistent^valid,0.81471435,2.79135215,1.0,0.0004919143841524687,-0.28437661999999997,-11.720515500000001,1.30202863,2.2542614999999993,64.126964595,13.0,2.438344,2.3815022499999996,0.7222222222222222,4.3966854214538955,13.0,151.1338408655,11.0,22.584206684499996,7.506011749999998,13.0,40.42208294959718,22.97218112692118,13.0
True,consistent,24.797652,guns_weapons_dangerous,Human,True,True,True,True,False,guns_weapons_dangerous^consistent^valid,0.77679162,3.5663824,1.0,0.000505075756261664,-0.24005200999999998,-11.321275,1.52967739,2.01926,65.19270562,13.0,2.408373,2.3540174999999994,0.7222222222222222,4.528580771028099,13.0,146.97860588999998,11.0,23.71855486,7.937384999999999,13.0,42.14477001469356,22.44426420098961,13.0
True,violate,41.699174,plants_trees_tall,Human,False,False,True,False,False,plants_trees_tall^violate^invalid,0.793895095,3.51040315,0.5,0.00014996657004577623,-1.5793748,-13.490645,-1.299109455,-2.270526500000001,65.45802229499999,13.0,3.171338925,3.171338925,1.0,1.8511591116003463,12.0,162.3544972,8.0,7.527773,22.5921845265,8.0,22.149570838901894,38.92637442665298,8.0
True,violate,30.073649,librarians_happy_healthy,Human,True,True,True,False,False,librarians_happy_healthy^violate^valid,0.792771605,2.9532844999999996,1.0,0.0004664763628768363,-0.25569205,-11.740565,1.45067025,2.1268580000000004,63.64685722499999,13.0,2.44684175,2.436256749999999,0.7222222222222222,4.440402660388335,13.0,149.601658461,11.0,23.182110839000003,7.307156999999999,13.0,41.26226717742991,22.061137462614298,13.0
True,consistent,18.831501,dragons_mythical_exist,Human,True,True,True,True,False,dragons_mythical_exist^consistent^valid,0.8071744,2.96209065,1.0,0.0004851111013845727,-0.302964405,-11.566526249999999,1.190615645,2.0720477500000003,64.60009852,13.0,2.9147057500000004,2.9147057500000004,0.8333333333333334,4.31346333624011,13.0,151.9728535365,11.0,19.2227564135,8.30126085,13.0,38.30128428392334,22.76191214342742,13.0
True,violate,23.662732,food_vegetables_healthy,Human,False,False,True,False,False,food_vegetables_healthy^violate^invalid,0.78112465,3.2349620000000003,0.5,0.00014774839048213578,-1.6968642,-13.5915095,-1.4428825500000002,-2.3488035,64.74213544,13.0,3.0974066799999997,3.0974066799999997,1.0,1.850973294237705,12.0,161.61133675000002,8.0,7.666856499999998,22.8085641475,8.0,22.947647193521895,40.004632493790545,8.0
True,violate,30.564495,dragons_mythical_exist,Human,False,False,True,False,False,dragons_mythical_exist^violate^invalid,0.7496491999999999,2.7785035000000002,0.5,0.00015468943720704716,-1.7071033500000001,-13.6957835,-1.461802445,-2.080981499999999,63.269095475,13.0,2.9363595899999995,2.9363595899999995,1.0,2.019378182385685,12.0,165.12476145,8.0,8.051998000000001,21.815614513499995,8.0,21.918670240760562,40.2427733064133,8.0
True,nonsense,23.264165,nonsense_paft_usp_cesk,Human,True,True,False,False,True,nonsense_paft_usp_cesk^nonsense^valid,0.90446385,3.0925508500000003,1.0,0.00036385357600297646,-0.36020477,-12.0545185,1.0078305800000003,1.8748474999999996,63.70888371,13.0,2.9272709999999993,2.9272709999999993,0.8333333333333334,4.22117993167058,13.0,155.55404756,11.0,21.895442390000003,7.775151399999999,13.0,39.79514013282285,22.991801159252574,13.0
False,nonsense,36.665541,nonsense_blep_jict_zamp,Human,False,True,False,False,True,nonsense_blep_jict_zamp^nonsense^invalid,0.903665115,3.6107066999999997,0.5,0.00012940662591061247,-1.38791745,-13.86944,-1.03476904,-1.825532,65.00869826499999,13.0,3.032294425,3.032294425,1.0,2.0982665889638668,12.0,169.33324845,8.0,7.733370150000001,21.43827195,8.0,22.29918682480759,38.57487117335801,8.0
True,violate,30.565104,plants_trees_tall,Human,False,False,True,False,False,plants_trees_tall^violate^invalid,0.793895095,3.51040315,0.5,0.00014996657004577623,-1.5793748,-13.490645,-1.299109455,-2.270526500000001,65.45802229499999,13.0,3.171338925,3.171338925,1.0,1.8511591116003463,12.0,162.3544972,8.0,7.527773,22.5921845265,8.0,22.149570838901894,38.92637442665298,8.0
False,consistent,28.129813,librarians_happy_healthy,Human,True,False,True,True,False,librarians_happy_healthy^consistent^valid,0.81471435,2.79135215,1.0,0.0004919143841524687,-0.28437661999999997,-11.720515500000001,1.30202863,2.2542614999999993,64.126964595,13.0,2.438344,2.3815022499999996,0.7222222222222222,4.3966854214538955,13.0,151.1338408655,11.0,22.584206684499996,7.506011749999998,13.0,40.42208294959718,22.97218112692118,13.0
True,violate,23.898423,gems_diamonds_transparent,Human,False,False,True,False,False,gems_diamonds_transparent^violate^invalid,0.80006635,3.4921516500000003,0.5,0.0001498924813805521,-1.5872069,-13.480996999999999,-1.3072939,-2.2550725,64.74042812500001,13.0,2.97899922,2.97899922,1.0,1.851528100172782,12.0,162.84346994999999,8.0,8.16023375,22.413309426999998,8.0,22.65525646655066,40.0872884258531,8.0
True,violate,39.165505,gems_diamonds_transparent,Human,False,False,True,False,False,gems_diamonds_transparent^violate^invalid,0.80006635,3.4921516500000003,0.5,0.0001498924813805521,-1.5872069,-13.480996999999999,-1.3072939,-2.2550725,64.74042812500001,13.0,2.97899922,2.97899922,1.0,1.851528100172782,12.0,162.84346994999999,8.0,8.16023375,22.413309426999998,8.0,22.65525646655066,40.0872884258531,8.0
False,violate,28.031291,flowers_animals_reptiles,Human,False,True,True,False,False,flowers_animals_reptiles^violate^invalid,0.78983112,3.4566548,0.5,0.00015675988408831546,-1.4911014,-13.439756,-1.1895694900000002,-2.1522049999999995,64.77486127,13.0,2.9109193099999997,2.9109193099999997,1.0,2.061807445037059,12.0,161.2473255,8.0,7.121911899999999,21.092282462500002,8.0,22.00951853136907,37.41110084930707,8.0
True,consistent,26.330306,gems_diamonds_transparent,Human,False,False,True,True,False,gems_diamonds_transparent^consistent^invalid,0.716960015,3.7114264,0.5,0.00015480785475218908,-1.81780245,-13.30370075,-1.596589995,-2.2649177499999995,65.87122969,13.0,3.1812115,3.1812115,1.0,1.891773828978951,12.0,164.2627568,8.0,7.96865575,24.874875655000004,8.0,21.551882908322263,40.956602366374625,8.0
True,violate,85.931477,guns_weapons_dangerous,Human,False,False,True,False,False,guns_weapons_dangerous^violate^invalid,0.7946191499999999,3.50548565,0.5,0.00016600288019406244,-1.70513735,-13.350233,-1.45038123,-2.049605999999999,65.00783326999999,13.0,3.1085120400000004,3.1085120400000004,1.0,1.935709526073782,12.0,162.142014,8.0,8.177556499999998,22.774843108,8.0,22.723768697616034,41.287929424110686,8.0
False,consistent,11.932255,vehicles_mobile_buildings,Human,False,True,True,True,False,vehicles_mobile_buildings^consistent^invalid,0.82807165,3.10497555,0.5,0.00014688091992820756,-1.4844856,-13.7572515,-1.1739701949999999,-2.164491,64.318786655,13.0,2.8903951050000005,2.8903951050000005,1.0,2.0207245787134083,12.0,163.02613715,8.0,8.4129259,20.242011470999998,8.0,22.346142670880425,38.23088806238775,8.0
False,nonsense,58.598841,nonsense_zint_thade_snaff,Human,False,True,False,False,True,nonsense_zint_thade_snaff^nonsense^invalid,0.85853437,3.2361122,0.5,0.0001485019134905405,-1.35873845,-13.698061500000001,-1.00551703,-1.8457030000000003,63.68544054,13.0,2.884836125,2.884836125,1.0,2.184268974522732,12.0,167.19845325,8.0,8.56177155,20.998479505,8.0,23.43014372521873,39.545503464009016,8.0
