rt,response,task,item_id,entity_type,entity,correct,intuitive,question,prefix,population_correct,population_intuitive,population_ratio,display_correct_first,task_type,trial_type,trial_index,time_elapsed,subject_id,study_id,session_id,rng_seed,response_correct,response_position,rt_zscore,output_entropy,midpoint_entropy,output_rank_correct,midpoint_rank_correct,output_logprob_correct,midpoint_logprob_correct,output_logprobdiff,midpoint_logprobdiff,auc_entropy,layer_biggest_change_entropy,twostage_magnitude,twostage_magnitude_latter34,twostage_layer,auc_rank_correct,layer_biggest_change_rank_correct,auc_logprob_correct,layer_biggest_change_logprob_correct,auc_logprobdiff_pos,auc_logprobdiff_neg,layer_biggest_change_logprobdiff,auc_boosting_pos,auc_boosting_neg,layer_argmax_boosting
3519,f,capitals,27,state,Nebraska,Lincoln,Omaha,What is the capital of Nebraska?,The capital of Nebraska is,0.297,0.477,1.606060606,False,critical,html-keyboard-response,11,287997,subject_25,67d993866d1d7516d87e97de,67daffc85579c5693bbb7675,0.2876221160821377,0,left,-0.802189861519109,3.40945435,2.88149385,1.0,0.002427404976322155,-0.90226395,-9.880027,1.9579811500000002,-0.6194575000000002,166.84559195,14.0,6.48387735,5.795127749999999,0.9875,3.0583791478084397,38.0,334.6421603,20.0,16.19795,78.670469,18.0,81.67707104491953,87.8184827648541,24.0
2289,j,capitals,42,state,Wisconsin,Madison,Milwaukee,What is the capital of Wisconsin?,The capital of Wisconsin is,0.284,0.551,1.940140845,False,critical,html-keyboard-response,13,291289,subject_25,67d993866d1d7516d87e97de,67daffc85579c5693bbb7675,0.2876221160821377,1,right,-1.0465433403721245,3.13448335,2.23414315,1.0,0.006828316610925306,-0.760507775,-9.046759,3.316440125,1.0081592500000003,161.19694813,16.0,0.0,0.0,0.025,8.781973336626725,35.0,233.021284015,20.0,104.89291063499999,0.0,33.0,87.39257794461776,27.410622132151936,33.0
3544,j,capitals,5,country,Morrocco,Rabat,Marrakesh,What is the capital of Morrocco?,The capital of Morrocco is,2.02,1.085,0.5371287129,True,critical,html-keyboard-response,15,295837,subject_25,67d993866d1d7516d87e97de,67daffc85579c5693bbb7675,0.2876221160821377,0,right,-0.7972233273960803,4.06911815,3.926867,1.0,0.001930509063232023,-1.06717185,-9.534113999999999,2.73666185,-0.551412,192.02520429999998,22.5,5.353308500000001,3.0599705000000004,0.6125,7.031879522295083,33.0,303.121009725,22.5,42.028869125,59.422086599999986,14.5,71.26685811006843,54.04151717765417,23.0
2088,f,capitals,19,state,Kansas,Topeka,Wichita,What is the capital of Kansas?,The capital of Kansas is,0.125,0.395,3.16,True,critical,html-keyboard-response,17,298928,subject_25,67d993866d1d7516d87e97de,67daffc85579c5693bbb7675,0.2876221160821377,1,left,-1.086474274721276,3.69316615,2.64080265,1.0,0.010417797069994574,-1.07303922,-8.168856,1.73419138,-0.5498905999999999,162.288778245,35.0,2.9706022499999998,1.7607325999999994,0.5625,10.046628532789011,33.0,233.6914373035,18.0,65.7761040965,17.125884900000003,35.0,90.36345231361148,54.06264558247349,35.0
2077,j,capitals,14,state,California,Sacramento,Los Angeles,What is the capital of California?,The capital of California is,0.527,3.8,7.210626186,False,critical,html-keyboard-response,19,302009,subject_25,67d993866d1d7516d87e97de,67daffc85579c5693bbb7675,0.2876221160821377,1,right,-1.0886595497354086,2.8312225,3.369704,1.0,0.1,-0.63638328,-4.58591525,4.79400397,-0.5027754,142.854805135,14.5,5.676533999999999,5.419304,0.5875,18.10634188869909,22.0,220.35396464500002,17.5,113.277399355,50.27004185000001,25.5,97.10799675216575,25.585019619395112,25.0
4616,j,capitals,11,country,United Arab Emirates,Abu Dhabi,Dubai,What is the capital of the United Arab Emirates?,The capital of the United Arab Emirates is,1.6,3.1,1.9375,False,critical,html-keyboard-response,21,307627,subject_25,67d993866d1d7516d87e97de,67daffc85579c5693bbb7675,0.2876221160821377,1,right,-0.5842583442006065,3.6339115499999997,2.33935815,1.0,0.00522367703218767,-1.0856354000000001,-9.346349,2.50591525,-0.6000735000000006,159.839143965,14.0,3.36275555,3.36275555,0.65,9.84413945872573,31.0,260.0233028075,0.0,72.79101454250001,22.182172549999997,33.0,96.97781470445022,51.8589082146157,33.0
3127,f,capitals,31,state,New Mexico,Santa Fe,Albuquerque,What is the capital of New Mexico?,The capital of New Mexico is,0.0901,0.557,6.182019978,True,critical,html-keyboard-response,23,311757,subject_25,67d993866d1d7516d87e97de,67daffc85579c5693bbb7675,0.2876221160821377,1,left,-0.8800651165682002,3.0991414500000003,1.3244324,1.0,0.014238667183262301,-0.69803795,-9.098272999999999,2.46943,0.3069240000000004,166.6062263,18.0,5.093978,3.5249351500000006,0.525,8.033448780088444,31.0,260.480373305,20.0,49.826687745000015,48.39635365000001,19.0,84.180459503387,57.783921029115376,24.0
3226,j,capitals,36,state,Pennsylvania,Harrisburg,Philadelphia,What is the capital of Pennsylvania?,The capital of Pennsylvania is,0.05,1.517,30.34,True,critical,html-keyboard-response,25,315986,subject_25,67d993866d1d7516d87e97de,67daffc85579c5693bbb7675,0.2876221160821377,0,right,-0.8603976414410062,3.80286055,1.2945525999999998,1.0,0.005201455329470422,-0.971369375,-10.090643,2.9000446250000005,-0.7811735000000004,169.40291199,18.0,4.7394538,4.5681133,0.6625000000000001,12.812658898193753,26.5,280.7955821475,22.5,70.13658115249999,36.52358815000001,24.0,104.5548823855986,47.04693462155399,24.0
2929,j,capitals,24,state,Michigan,Lansing,Detroit,What is the capital of Michigan?,The capital of Michigan is,0.112,0.63,5.625,False,critical,html-keyboard-response,27,319918,subject_25,67d993866d1d7516d87e97de,67daffc85579c5693bbb7675,0.2876221160821377,1,right,-0.919400066822588,3.1715925,0.8199855199999999,1.0,0.020092460881934567,-0.8804468999999999,-8.9095815,2.08088635,-0.3318779999999997,162.992733545,18.0,2.8472903499999997,2.8472903499999997,0.7,7.4411319048798905,35.5,223.482275455,20.0,122.07790124499999,9.68996645,35.0,132.35050610599825,75.15181857684905,35.0
1827,f,capitals,35,state,Oregon,Salem,Portland,What is the capital of Oregon?,The capital of Oregon is,0.178,0.615,3.45505618,True,critical,html-keyboard-response,29,322747,subject_25,67d993866d1d7516d87e97de,67daffc85579c5693bbb7675,0.2876221160821377,1,left,-1.1383248909656962,3.87003685,0.9559546750000001,1.0,0.02684931506849315,-1.33495845,-8.585685999999999,2.0863518,0.6543089999999996,153.11513470199998,18.0,4.49311111,4.49311111,0.6875,9.833651245669653,33.5,221.757705704,20.0,88.948261346,12.927848335,34.0,127.8462239789101,66.26897622229141,34.0
3355,j,capitals,30,state,New Jersey,Trenton,Newark,What is the capital of New Jersey?,The capital of New Jersey is,0.0898,0.306,3.407572383,True,critical,html-keyboard-response,31,327106,subject_25,67d993866d1d7516d87e97de,67daffc85579c5693bbb7675,0.2876221160821377,0,right,-0.8347703253661778,3.3090056,1.82140345,1.0,0.0016363743403658628,-0.84072134,-10.924448,3.76701416,-4.2521546,156.04382572,18.0,6.901956650000001,6.901956650000001,0.725,8.925782555854742,34.5,273.68847277500004,22.0,47.345132775,80.49773385,24.5,88.88474869929352,60.16044669384837,28.5
3128,f,capitals,21,state,Louisiana,Baton Rouge,New Orleans,What is the capital of Louisiana?,The capital of Louisiana is,0.215,0.351,1.63255814,True,critical,html-keyboard-response,33,331237,subject_25,67d993866d1d7516d87e97de,67daffc85579c5693bbb7675,0.2876221160821377,1,left,-0.879866455203279,2.79039935,2.0269129,1.0,0.0034954039671020805,-0.60054295,-9.8353815,2.3737587500000004,-2.482563500000001,172.31991220000003,18.0,5.1981744999999995,3.793621,0.6875,7.716095282905707,34.5,282.68865437,20.0,29.084738729999994,68.09929645,24.5,62.8804213583455,54.76974795931437,27.0
3328,f,capitals,17,state,Florida,Tallahassee,Jacksonville,What is the capital of Florida?,The capital of Florida is,0.205,1.008,4.917073171,False,critical,html-keyboard-response,35,335567,subject_25,67d993866d1d7516d87e97de,67daffc85579c5693bbb7675,0.2876221160821377,0,left,-0.8401341822190488,3.563912,2.6319027999999998,1.0,0.008519591611479029,-0.95531795,-8.4452955,4.38171585,1.3466129999999996,162.1489442425,23.5,1.2571029,1.2571029,0.48750000000000004,9.093065063976583,33.0,222.1497324065,20.0,145.26711409350003,2.21744865,24.0,154.13877107879688,46.03097986487076,33.0
2785,f,capitals,38,state,Texas,Austin,Houston,What is the capital of Texas?,The capital of Texas is,0.989,2.324,2.349848332,True,critical,html-keyboard-response,37,339354,subject_25,67d993866d1d7516d87e97de,67daffc85579c5693bbb7675,0.2876221160821377,1,left,-0.9480073033712336,2.7289062,3.68736335,1.0,0.08712121212121213,-0.506320885,-4.40157605,4.012876565,1.53352215,151.14799460999998,11.0,0.08562525000000054,0.08562525000000054,0.35,19.22278273641858,20.0,198.241569792,15.0,136.22196335799998,0.08562525000000054,10.5,81.3456051528303,15.975005422746095,35.0
9323,j,capitals,29,state,New Hampshire,Concord,Manchester,What is the capital of New Hampshire?,The capital of New Hampshire is,0.0449,0.115,2.561247216,True,critical,html-keyboard-response,39,349680,subject_25,67d993866d1d7516d87e97de,67daffc85579c5693bbb7675,0.2876221160821377,0,right,0.3508407004832504,3.8924572,2.5146651,1.0,0.00224755864290748,-1.1561135,-10.1354995,2.64535425,0.8996589999999998,168.00271485000002,18.0,0.0,0.0,0.025,8.377304174979542,32.5,253.08660677999998,20.0,138.81277821999998,0.0,27.0,98.10982957505266,32.00701641793163,32.0
4664,f,capitals,8,country,South Africa,Pretoria,Johannesburg,What is the capital of South Africa?,The capital of South Africa is,3.0,6.4,2.133333333,False,critical,html-keyboard-response,41,355346,subject_25,67d993866d1d7516d87e97de,67daffc85579c5693bbb7675,0.2876221160821377,0,left,-0.5747225986843914,4.3614197,2.7407284,1.0,0.005607622617931896,-2.11893455,-8.995401000000001,2.2255171,-0.9749508000000002,168.89477075,14.0,4.743248,4.743248,0.8125,6.902744233458726,33.0,261.79318212500004,33.0,107.26548872500001,40.14546490000001,33.0,126.64268622248599,90.68654232034928,33.5
20521,j,capitals,25,state,Minnesota,St. Paul,Minneapolis,What is the capital of Minnesota?,The capital of Minnesota is,0.299,0.421,1.408026756,False,critical,html-keyboard-response,43,376872,subject_25,67d993866d1d7516d87e97de,67daffc85579c5693bbb7675,0.2876221160821377,1,right,2.5754506648702975,3.58195065,1.6521141,1.0,0.017392619479733817,-1.4853812,-8.023998,2.1170464,1.1057884999999996,150.791991795,18.0,6.11360015,6.11360015,0.875,3.3354361793014986,36.5,291.73495485,35.0,30.489669350000007,37.57722344999999,35.0,64.16242236428235,64.57921294960164,35.0
7963,j,capitals,18,state,Illinois,Springfield,Chicago,What is the capital of Illinois?,The capital of Illinois is,0.111,2.612,23.53153153,False,critical,html-keyboard-response,45,385838,subject_25,67d993866d1d7516d87e97de,67daffc85579c5693bbb7675,0.2876221160821377,1,right,0.0806612441904852,3.7229846,2.02082935,1.0,0.0037192282102461744,-1.0637694,-9.972052999999999,1.8728581000000002,-5.79218335,170.65176035000002,18.0,8.6360925,8.6360925,0.675,5.610516716755836,37.0,311.23248041500005,22.5,49.248491285,81.37087019,25.0,83.27137832278736,56.50312887381918,25.0
7317,f,capitals,13,state,Alaska,Juneau,Anchorage,What is the capital of Alaska?,The capital of Alaska is,0.0311,0.283,9.099678457,True,critical,html-keyboard-response,47,394158,subject_25,67d993866d1d7516d87e97de,67daffc85579c5693bbb7675,0.2876221160821377,1,left,-0.0476739975485781,4.0331867,1.032167785,1.0,0.0012974288388852195,-1.38228545,-12.390654,1.9327201,-2.1549560000000003,158.058188835,18.0,4.9375237,4.9375237,0.9624999999999999,2.4642328656242176,37.0,348.27460882,33.0,8.84634368,72.57630929999998,37.0,50.961827169017766,61.5026154449013,37.0
13838,f,capitals,37,state,South Dakota,Pierre,Sioux Falls,What is the capital of South Dakota?,The capital of South Dakota is,0.0138,0.215,15.57971014,True,critical,html-keyboard-response,49,408998,subject_25,67d993866d1d7516d87e97de,67daffc85579c5693bbb7675,0.2876221160821377,1,left,1.2477967631022464,3.88962435,1.9988037,1.0,0.006089036055923473,-1.041340035,-9.381435,2.440622765,3.5832957499999987,176.86631975,18.0,2.7437485000000006,2.3335944999999993,0.45,6.963136166388008,32.0,279.15120511,20.0,98.78975829,20.867091999999992,16.0,89.17083306707906,49.97454210007436,26.0
7825,j,capitals,28,state,Nevada,Carson City,Las Vegas,What is the capital of Nevada?,The capital of Nevada is,0.0576,0.67,11.63194444,False,critical,html-keyboard-response,51,417826,subject_25,67d993866d1d7516d87e97de,67daffc85579c5693bbb7675,0.2876221160821377,1,right,0.0532459758313664,3.21408655,2.2825403,1.0,0.009556159420289855,-0.7483732750000001,-8.5907935,3.2634109749999998,0.3897780000000006,154.31583923,24.0,0.6128969999999994,0.6128969999999994,0.46249999999999997,13.888110548784098,22.0,212.93093655299998,21.0,129.96025854700002,1.2335965999999998,27.5,151.10212968210539,49.69601040539513,33.0
19619,f,capitals,20,state,Kentucky,Frankfort,Louisville,What is the capital of Kentucky?,The capital of Kentucky is,0.0281,0.617,21.95729537,True,critical,html-keyboard-response,53,438447,subject_25,67d993866d1d7516d87e97de,67daffc85579c5693bbb7675,0.2876221160821377,1,left,2.3962581137114194,3.0547366,2.2666612,1.0,0.000659358843533807,-0.74241135,-11.6135325,2.1753297,-0.9483945,176.88001325,18.0,5.5287013,4.96804475,0.75,4.405366338069108,37.0,336.0411206,26.0,22.964224,60.86410575,26.0,72.27622371274914,51.10917786191476,26.0
5336,j,capitals,40,state,Virginia,Richmond,Virginia Beach,What is the capital of Virginia?,The capital of Virginia is,0.231,0.45,1.948051948,False,critical,html-keyboard-response,55,444786,subject_25,67d993866d1d7516d87e97de,67daffc85579c5693bbb7675,0.2876221160821377,1,right,-0.4412221614573779,4.120711549999999,3.5882533,1.0,0.02312889812889813,-1.16916945,-6.914387700000001,2.59017605,0.19082209999999966,175.71893075000003,18.5,2.56121715,2.56121715,0.7,5.77276122250901,38.0,284.03714405,20.0,35.25386895,25.267003600000002,18.0,46.35421140072588,30.54006897158279,36.0
8048,f,capitals,41,state,Washington,Olympia,Seattle,What is the capital of Washington?,The capital of Washington is,0.0558,0.765,13.70967742,True,critical,html-keyboard-response,57,453837,subject_25,67d993866d1d7516d87e97de,67daffc85579c5693bbb7675,0.2876221160821377,1,left,0.0975474602087831,2.4590736499999997,3.76935035,1.0,0.018367961457392352,-0.44257853999999996,-7.3950467,3.85359726,-2.2241997000000007,144.06035742999998,23.0,4.896856099999999,4.896856099999999,0.6625000000000001,14.217480554285576,25.5,250.7986976015,25.0,103.96332209849999,33.6275834,16.0,99.67318648330391,49.08176857829807,25.0
4128,f,capitals,1,country,Australia,Canberra,Sydney,What is the capital of Australia?,The capital of Australia is,0.483,5.249,10.86749482,False,critical,html-keyboard-response,59,458967,subject_25,67d993866d1d7516d87e97de,67daffc85579c5693bbb7675,0.2876221160821377,0,left,-0.6812050902821282,2.91766655,1.443579,1.0,0.013910060975609756,-0.732931825,-9.718684,2.424576675,-3.10026675,135.81862900000002,16.0,4.71659925,4.71659925,0.7,13.549338958870404,26.5,205.0319132245,16.0,133.7638296255,27.787327949999998,27.0,115.01755520776328,61.294825054348195,27.0
3389,j,capitals,7,country,Pakistan,Islamabad,Karachi,What is the capital of Pakistan?,The capital of Pakistan is,1.3,18.1,13.92307692,True,critical,html-keyboard-response,61,463359,subject_25,67d993866d1d7516d87e97de,67daffc85579c5693bbb7675,0.2876221160821377,0,right,-0.8280158389588587,3.8934075,2.6534792,1.0,0.0019266429313158284,-1.11515545,-10.314565,2.1734213999999996,-4.08459765,183.33887535,14.0,4.08459765,4.08459765,0.675,5.719409224572999,32.5,281.15069095,25.0,33.481899,38.1329444,25.0,81.74658055471438,60.49985834162654,25.0
10485,j,capitals,15,state,Connecticut,Hartford,Bridgeport,What is the capital of Connecticut?,The capital of Connecticut is,0.119,0.148,1.243697479,False,critical,html-keyboard-response,63,474847,subject_25,67d993866d1d7516d87e97de,67daffc85579c5693bbb7675,0.2876221160821377,1,right,0.5816852065216277,4.152413,2.4941535000000004,1.0,0.012903762903762904,-1.2379590999999999,-8.185617,4.8248759,4.25825,176.1870492,16.0,0.7039874999999993,0.7039874999999993,0.3,12.984765384964998,24.0,278.35317808,20.0,187.17906882,0.754308,10.5,97.3336617897597,26.70347104409089,31.0
8777,f,capitals,34,state,North Dakota,Bismarck,Fargo,What is the capital of North Dakota?,The capital of North Dakota is,0.076,0.138,1.815789474,True,critical,html-keyboard-response,65,484625,subject_25,67d993866d1d7516d87e97de,67daffc85579c5693bbb7675,0.2876221160821377,1,left,0.242371595236302,3.1886295000000002,1.6228072999999998,1.0,0.04464285714285714,-0.8373848349999999,-6.98899085,3.346709315,2.0134886500000007,158.9716758025,18.0,1.0428039999999998,1.0428039999999998,0.425,10.24716289924514,32.5,181.48586626009998,20.0,91.95245258989999,1.3760648999999998,25.0,78.67897042291708,25.245962637347155,34.5
11957,j,capitals,9,country,Switzerland,Bern,Zurich,What is the capital of Switzerland?,The capital of Switzerland is,0.448,1.455,3.247767857,False,critical,html-keyboard-response,67,497585,subject_25,67d993866d1d7516d87e97de,67daffc85579c5693bbb7675,0.2876221160821377,1,right,0.8741147356855618,4.1456575,2.41449345,0.5,0.0021505425701852632,-1.92965085,-10.040487,1.9507065,-3.461702700000001,159.68889725000002,14.0,4.6987805499999995,4.6987805499999995,0.725,3.5004306147470485,37.0,294.98176505000004,16.0,73.5494113,34.15059715,1.0,73.47320395691726,42.42957016076099,37.0
6636,j,capitals,39,state,Vermont,Montpelier,Burlington,What is the capital of Vermont?,The capital of Vermont is,0.0079,0.0444,5.620253165,False,critical,html-keyboard-response,69,505227,subject_25,67d993866d1d7516d87e97de,67daffc85579c5693bbb7675,0.2876221160821377,1,right,-0.1829623870598818,2.8268120999999997,0.75283587,1.0,0.0034998085574806164,-0.637835275,-11.6183655,2.518385875,0.32600349999999967,158.75225502,18.0,2.6147142499999996,2.5662552499999993,0.44999999999999996,6.6844704108256,35.0,288.368095275,20.0,52.797800275,17.347483000000004,23.0,87.53368163162845,59.445257727624245,23.0
8770,j,capitals,26,state,Montana,Helena,Billings,What is the capital of Montana?,The capital of Montana is,0.0359,0.123,3.426183844,False,critical,html-keyboard-response,71,514999,subject_25,67d993866d1d7516d87e97de,67daffc85579c5693bbb7675,0.2876221160821377,1,right,0.240980965681854,4.00716885,2.3871716000000003,1.0,0.0004472704898291971,-1.22599375,-12.036882250000001,2.2819052,-1.00467525,175.57409865,18.0,2.4909772499999994,2.1745497500000006,0.5875,6.831399328645267,33.0,299.00474067,20.0,76.68242387999999,24.127286050000002,24.0,98.87916742139757,43.100083383269855,28.5
4956,j,capitals,23,state,Maryland,Annapolis,Baltimore,What is the capital of Maryland?,The capital of Maryland is,0.0403,0.553,13.72208437,False,critical,html-keyboard-response,73,520958,subject_25,67d993866d1d7516d87e97de,67daffc85579c5693bbb7675,0.2876221160821377,1,right,-0.5167134801274152,3.6610867999999996,1.99519565,1.0,0.007435328135488201,-1.006010815,-9.066941499999999,2.3947849850000003,-2.0526531999999995,171.39884055,18.0,5.272523,5.272523,0.7124999999999999,8.627807633730525,31.0,269.905489795,21.0,82.80523015499999,30.549259500000005,17.5,88.24512507064568,61.977535890917494,35.0
9997,f,capitals,32,state,New York,Albany,New York,What is the capital of New York?,The capital of New York is,0.103,7.937,77.05825243,True,critical,html-keyboard-response,75,531958,subject_25,67d993866d1d7516d87e97de,67daffc85579c5693bbb7675,0.2876221160821377,1,left,0.4847384604401061,2.31160665,4.8018915,1.0,0.07179487179487179,-0.40196120999999996,-4.7547025000000005,3.14106469,-1.30574515,164.00049312,18.0,4.1901697,3.862285,0.6875,15.47453789415244,25.5,229.375925891,15.0,53.021560058999995,59.8069269,27.0,75.81720478275057,45.627494070248844,27.0
7474,f,capitals,33,state,North Carolina,Raleigh,Charlotte,What is the capital of North Carolina?,The capital of North Carolina is,0.494,0.935,1.892712551,True,critical,html-keyboard-response,77,540437,subject_25,67d993866d1d7516d87e97de,67daffc85579c5693bbb7675,0.2876221160821377,1,left,-0.0164841632559574,3.9989741,1.4837299000000002,1.0,0.017565485362095533,-1.2707921500000001,-8.2403645,2.6944252,2.3565879999999995,167.86508935,18.0,1.4855458000000001,1.4855458000000001,0.7124999999999999,8.574116496188747,32.5,209.911716892,20.0,142.86702770799997,5.01324945,7.0,125.69617107504936,62.09856014494803,35.0
9037,j,capitals,12,state,Alabama,Montgomery,Birmingham,What is the capital of Alabama?,The capital of Alabama is,0.192,0.194,1.010416667,False,critical,html-keyboard-response,79,550477,subject_25,67d993866d1d7516d87e97de,67daffc85579c5693bbb7675,0.2876221160821377,1,right,0.2940235501158013,3.1154528,2.2013875499999997,1.0,0.003584966270478638,-0.7024276,-9.767927,3.1901363,-1.4417109999999997,171.89705985,16.0,5.234766799999999,5.234766799999999,0.725,8.879740567094881,31.0,283.66813919000003,20.0,35.182526159999995,72.3701839,11.0,72.1080126268425,56.93717089653546,31.0
20637,f,capitals,10,country,Turkey,Ankara,Istanbul,What is the capital of Turkey?,The capital of Turkey is,5.55,16.24,2.926126126,True,critical,html-keyboard-response,81,572117,subject_25,67d993866d1d7516d87e97de,67daffc85579c5693bbb7675,0.2876221160821377,1,left,2.598495383201151,3.7206935999999997,3.6190253,1.0,0.0140625,-1.049432,-7.22749025,1.77928585,-1.0519376499999997,181.67489892999998,14.0,3.36303155,3.36303155,0.7875000000000001,7.10805059345744,34.0,232.28671097749998,0.0,68.73258667249999,23.91809185,34.0,109.98791459488866,68.21821684179301,34.0
9764,f,capitals,4,country,India,New Delhi,Mumbai,What is the capital of India?,The capital of India is,0.206,22.1,107.2815534,True,critical,html-keyboard-response,83,582887,subject_25,67d993866d1d7516d87e97de,67daffc85579c5693bbb7675,0.2876221160821377,1,left,0.4384503624134779,3.3890189,1.4282650000000001,1.0,0.06971153846153846,-1.1690336,-6.6849964,4.1036254,2.7211151000000005,151.45156923500002,14.0,2.3097963499999996,1.1339184999999992,0.425,9.901198823968304,30.0,227.81903473,16.0,94.28140192000001,13.430843800000002,8.0,81.85221999731655,37.65522312456052,32.0
9625,f,capitals,16,state,Delaware,Dover,Wilmington,What is the capital of Delaware?,The capital of Delaware is,0.0403,0.0722,1.791563275,True,critical,html-keyboard-response,85,593517,subject_25,67d993866d1d7516d87e97de,67daffc85579c5693bbb7675,0.2876221160821377,1,left,0.410836432689438,4.2341493,0.72218523,1.0,0.012666345999679333,-1.74989815,-9.680467,0.94623425,3.385187,168.90373542999998,18.0,0.0,0.0,0.025,6.774399509720723,34.0,229.367487715,20.0,115.99101648500002,0.0,34.5,110.70916324533087,58.08677270925415,34.5
17527,f,capitals,6,country,New Zealand,Wellington,Auckland,What is the capital of New Zealand?,The capital of New Zealand is,0.428,1.711,3.997663551,True,critical,html-keyboard-response,87,612046,subject_25,67d993866d1d7516d87e97de,67daffc85579c5693bbb7675,0.2876221160821377,1,left,1.980658538296372,4.244933850000001,2.3052439,1.0,0.008300041328006613,-1.7685506,-8.672815499999999,2.1210044999999997,0.577696500000001,145.06194,14.0,4.1641122,4.1641122,0.5,13.508204608971669,26.0,251.64753062350002,26.0,86.95005627649999,49.788739050000004,26.0,100.41858076823004,69.00830151646427,29.0
9827,j,capitals,2,country,Brazil,Brasilia,Rio de Janeiro,What is the capital of Brazil?,The capital of Brazil is,4.99,13.923,2.790180361,False,critical,html-keyboard-response,89,622876,subject_25,67d993866d1d7516d87e97de,67daffc85579c5693bbb7675,0.2876221160821377,1,right,0.4509660284035104,2.0599417,0.8546364200000001,1.0,0.010916269887353384,-0.37423359,-9.777523500000001,3.12931296,0.3757585000000008,171.91224647,18.0,3.580388749999999,2.5741565,0.55,9.253846674396854,34.0,298.44019958,15.0,47.51553901999999,30.58541265,22.0,58.33967382007255,24.97507531677988,22.0
7557,f,capitals,3,country,Canada,Ottawa,Toronto,What is the capital of Canada?,The capital of Canada is,1.465,6.491,4.430716724,False,critical,html-keyboard-response,91,631436,subject_25,67d993866d1d7516d87e97de,67daffc85579c5693bbb7675,0.2876221160821377,0,left,4.730032498053808e-06,3.41186485,1.57882065,1.0,0.09166666666666667,-0.8216695,-5.87537415,3.39860975,-1.0815602000000002,151.21389025500002,16.0,1.62056305,1.62056305,0.55,18.015003869553816,21.0,209.80200216699998,15.0,104.683861683,9.282030650000001,24.5,78.4247090436364,17.054693758663674,27.0
10558,j,capitals,22,state,Maine,Augusta,Portland,What is the capital of Maine?,The capital of Maine is,0.0192,0.0695,3.619791667,False,critical,html-keyboard-response,93,642998,subject_25,67d993866d1d7516d87e97de,67daffc85579c5693bbb7675,0.2876221160821377,1,right,0.5961874861608717,3.7875023,2.4801948,1.0,0.0016831873627990133,-1.0323926499999998,-10.4254775,2.0421341999999996,-1.8715164999999994,169.20454695,18.0,5.94090445,5.94090445,0.95,2.583690266418973,37.0,311.71045002,37.0,44.16688318,51.44942174999999,21.0,71.44560616098389,59.91154959685878,37.0
2719,j,capitals,6,country,New Zealand,Wellington,Auckland,What is the capital of New Zealand?,The capital of New Zealand is,0.428,1.711,3.997663551,False,critical,html-keyboard-response,7,29694,subject_11,67d993866d1d7516d87e97de,67f556ee7e72bf6aa696a5fc,0.1223368700143241,1,right,1.2111012908590917,4.244933850000001,2.3052439,1.0,0.008300041328006613,-1.7685506,-8.672815499999999,2.1210044999999997,0.577696500000001,145.06194,14.0,4.1641122,4.1641122,0.5,13.508204608971669,26.0,251.64753062350002,26.0,86.95005627649999,49.788739050000004,26.0,100.41858076823004,69.00830151646427,29.0
1696,f,capitals,19,state,Kansas,Topeka,Wichita,What is the capital of Kansas?,The capital of Kansas is,0.125,0.395,3.16,False,critical,html-keyboard-response,9,32403,subject_11,67d993866d1d7516d87e97de,67f556ee7e72bf6aa696a5fc,0.1223368700143241,0,left,-0.2524390849826108,3.69316615,2.64080265,1.0,0.010417797069994574,-1.07303922,-8.168856,1.73419138,-0.5498905999999999,162.288778245,35.0,2.9706022499999998,1.7607325999999994,0.5625,10.046628532789011,33.0,233.6914373035,18.0,65.7761040965,17.125884900000003,35.0,90.36345231361148,54.06264558247349,35.0
1584,f,capitals,42,state,Wisconsin,Madison,Milwaukee,What is the capital of Wisconsin?,The capital of Wisconsin is,0.284,0.551,1.940140845,True,critical,html-keyboard-response,11,34990,subject_11,67d993866d1d7516d87e97de,67f556ee7e72bf6aa696a5fc,0.1223368700143241,1,left,-0.4126702893758373,3.13448335,2.23414315,1.0,0.006828316610925306,-0.760507775,-9.046759,3.316440125,1.0081592500000003,161.19694813,16.0,0.0,0.0,0.025,8.781973336626725,35.0,233.021284015,20.0,104.89291063499999,0.0,33.0,87.39257794461776,27.410622132151936,33.0
2227,j,capitals,21,state,Louisiana,Baton Rouge,New Orleans,What is the capital of Louisiana?,The capital of Louisiana is,0.215,0.351,1.63255814,False,critical,html-keyboard-response,13,38229,subject_11,67d993866d1d7516d87e97de,67f556ee7e72bf6aa696a5fc,0.1223368700143241,1,right,0.5072285001317038,2.79039935,2.0269129,1.0,0.0034954039671020805,-0.60054295,-9.8353815,2.3737587500000004,-2.482563500000001,172.31991220000003,18.0,5.1981744999999995,3.793621,0.6875,7.716095282905707,34.5,282.68865437,20.0,29.084738729999994,68.09929645,24.5,62.8804213583455,54.76974795931437,27.0
1958,j,capitals,35,state,Oregon,Salem,Portland,What is the capital of Oregon?,The capital of Oregon is,0.178,0.615,3.45505618,False,critical,html-keyboard-response,15,41195,subject_11,67d993866d1d7516d87e97de,67f556ee7e72bf6aa696a5fc,0.1223368700143241,1,right,0.1223874824372582,3.87003685,0.9559546750000001,1.0,0.02684931506849315,-1.33495845,-8.585685999999999,2.0863518,0.6543089999999996,153.11513470199998,18.0,4.49311111,4.49311111,0.6875,9.833651245669653,33.5,221.757705704,20.0,88.948261346,12.927848335,34.0,127.8462239789101,66.26897622229141,34.0
1272,j,capitals,1,country,Australia,Canberra,Sydney,What is the capital of Australia?,The capital of Australia is,0.483,5.249,10.86749482,False,critical,html-keyboard-response,17,43475,subject_11,67d993866d1d7516d87e97de,67f556ee7e72bf6aa696a5fc,0.1223368700143241,1,right,-0.8590286444712538,2.91766655,1.443579,1.0,0.013910060975609756,-0.732931825,-9.718684,2.424576675,-3.10026675,135.81862900000002,16.0,4.71659925,4.71659925,0.7,13.549338958870404,26.5,205.0319132245,16.0,133.7638296255,27.787327949999998,27.0,115.01755520776328,61.294825054348195,27.0
4172,j,capitals,11,country,United Arab Emirates,Abu Dhabi,Dubai,What is the capital of the United Arab Emirates?,The capital of the United Arab Emirates is,1.6,3.1,1.9375,True,critical,html-keyboard-response,19,48659,subject_11,67d993866d1d7516d87e97de,67f556ee7e72bf6aa696a5fc,0.1223368700143241,0,right,3.289815040710503,3.6339115499999997,2.33935815,1.0,0.00522367703218767,-1.0856354000000001,-9.346349,2.50591525,-0.6000735000000006,159.839143965,14.0,3.36275555,3.36275555,0.65,9.84413945872573,31.0,260.0233028075,0.0,72.79101454250001,22.182172549999997,33.0,96.97781470445022,51.8589082146157,33.0
1368,f,capitals,2,country,Brazil,Brasilia,Rio de Janeiro,What is the capital of Brazil?,The capital of Brazil is,4.99,13.923,2.790180361,True,critical,html-keyboard-response,21,51038,subject_11,67d993866d1d7516d87e97de,67f556ee7e72bf6aa696a5fc,0.1223368700143241,1,left,-0.7216876121342026,2.0599417,0.8546364200000001,1.0,0.010916269887353384,-0.37423359,-9.777523500000001,3.12931296,0.3757585000000008,171.91224647,18.0,3.580388749999999,2.5741565,0.55,9.253846674396854,34.0,298.44019958,15.0,47.51553901999999,30.58541265,22.0,58.33967382007255,24.97507531677988,22.0
1905,f,capitals,31,state,New Mexico,Santa Fe,Albuquerque,What is the capital of New Mexico?,The capital of New Mexico is,0.0901,0.557,6.182019978,True,critical,html-keyboard-response,23,53955,subject_11,67d993866d1d7516d87e97de,67f556ee7e72bf6aa696a5fc,0.1223368700143241,1,left,0.0465637875011778,3.0991414500000003,1.3244324,1.0,0.014238667183262301,-0.69803795,-9.098272999999999,2.46943,0.3069240000000004,166.6062263,18.0,5.093978,3.5249351500000006,0.525,8.033448780088444,31.0,260.480373305,20.0,49.826687745000015,48.39635365000001,19.0,84.180459503387,57.783921029115376,24.0
1305,f,capitals,36,state,Pennsylvania,Harrisburg,Philadelphia,What is the capital of Pennsylvania?,The capital of Pennsylvania is,0.05,1.517,30.34,True,critical,html-keyboard-response,25,56277,subject_11,67d993866d1d7516d87e97de,67f556ee7e72bf6aa696a5fc,0.1223368700143241,1,left,-0.8118176646053925,3.80286055,1.2945525999999998,1.0,0.005201455329470422,-0.971369375,-10.090643,2.9000446250000005,-0.7811735000000004,169.40291199,18.0,4.7394538,4.5681133,0.6625000000000001,12.812658898193753,26.5,280.7955821475,22.5,70.13658115249999,36.52358815000001,24.0,104.5548823855986,47.04693462155399,24.0
2495,j,capitals,8,country,South Africa,Pretoria,Johannesburg,What is the capital of South Africa?,The capital of South Africa is,3.0,6.4,2.133333333,False,critical,html-keyboard-response,27,59782,subject_11,67d993866d1d7516d87e97de,67f556ee7e72bf6aa696a5fc,0.1223368700143241,1,right,0.8906388820726386,4.3614197,2.7407284,1.0,0.005607622617931896,-2.11893455,-8.995401000000001,2.2255171,-0.9749508000000002,168.89477075,14.0,4.743248,4.743248,0.8125,6.902744233458726,33.0,261.79318212500004,33.0,107.26548872500001,40.14546490000001,33.0,126.64268622248599,90.68654232034928,33.5
1321,j,capitals,22,state,Maine,Augusta,Portland,What is the capital of Maine?,The capital of Maine is,0.0192,0.0695,3.619791667,False,critical,html-keyboard-response,29,62110,subject_11,67d993866d1d7516d87e97de,67f556ee7e72bf6aa696a5fc,0.1223368700143241,1,right,-0.7889274925492172,3.7875023,2.4801948,1.0,0.0016831873627990133,-1.0323926499999998,-10.4254775,2.0421341999999996,-1.8715164999999994,169.20454695,18.0,5.94090445,5.94090445,0.95,2.583690266418973,37.0,311.71045002,37.0,44.16688318,51.44942174999999,21.0,71.44560616098389,59.91154959685878,37.0
1676,j,capitals,34,state,North Dakota,Bismarck,Fargo,What is the capital of North Dakota?,The capital of North Dakota is,0.076,0.138,1.815789474,False,critical,html-keyboard-response,31,64799,subject_11,67d993866d1d7516d87e97de,67f556ee7e72bf6aa696a5fc,0.1223368700143241,1,right,-0.2810518000528298,3.1886295000000002,1.6228072999999998,1.0,0.04464285714285714,-0.8373848349999999,-6.98899085,3.346709315,2.0134886500000007,158.9716758025,18.0,1.0428039999999998,1.0428039999999998,0.425,10.24716289924514,32.5,181.48586626009998,20.0,91.95245258989999,1.3760648999999998,25.0,78.67897042291708,25.245962637347155,34.5
1152,j,capitals,29,state,New Hampshire,Concord,Manchester,What is the capital of New Hampshire?,The capital of New Hampshire is,0.0449,0.115,2.561247216,False,critical,html-keyboard-response,33,66956,subject_11,67d993866d1d7516d87e97de,67f556ee7e72bf6aa696a5fc,0.1223368700143241,1,right,-1.030704934892568,3.8924572,2.5146651,1.0,0.00224755864290748,-1.1561135,-10.1354995,2.64535425,0.8996589999999998,168.00271485000002,18.0,0.0,0.0,0.025,8.377304174979542,32.5,253.08660677999998,20.0,138.81277821999998,0.0,27.0,98.10982957505266,32.00701641793163,32.0
1683,j,capitals,40,state,Virginia,Richmond,Virginia Beach,What is the capital of Virginia?,The capital of Virginia is,0.231,0.45,1.948051948,False,critical,html-keyboard-response,35,69654,subject_11,67d993866d1d7516d87e97de,67f556ee7e72bf6aa696a5fc,0.1223368700143241,1,right,-0.2710373497782531,4.120711549999999,3.5882533,1.0,0.02312889812889813,-1.16916945,-6.914387700000001,2.59017605,0.19082209999999966,175.71893075000003,18.5,2.56121715,2.56121715,0.7,5.77276122250901,38.0,284.03714405,20.0,35.25386895,25.267003600000002,18.0,46.35421140072588,30.54006897158279,36.0
2077,f,capitals,10,country,Turkey,Ankara,Istanbul,What is the capital of Turkey?,The capital of Turkey is,5.55,16.24,2.926126126,True,critical,html-keyboard-response,37,72734,subject_11,67d993866d1d7516d87e97de,67f556ee7e72bf6aa696a5fc,0.1223368700143241,1,left,0.2926331371050613,3.7206935999999997,3.6190253,1.0,0.0140625,-1.049432,-7.22749025,1.77928585,-1.0519376499999997,181.67489892999998,14.0,3.36303155,3.36303155,0.7875000000000001,7.10805059345744,34.0,232.28671097749998,0.0,68.73258667249999,23.91809185,34.0,109.98791459488866,68.21821684179301,34.0
2347,j,capitals,9,country,Switzerland,Bern,Zurich,What is the capital of Switzerland?,The capital of Switzerland is,0.448,1.455,3.247767857,False,critical,html-keyboard-response,39,76095,subject_11,67d993866d1d7516d87e97de,67f556ee7e72bf6aa696a5fc,0.1223368700143241,1,right,0.678904790553018,4.1456575,2.41449345,0.5,0.0021505425701852632,-1.92965085,-10.040487,1.9507065,-3.461702700000001,159.68889725000002,14.0,4.6987805499999995,4.6987805499999995,0.725,3.5004306147470485,37.0,294.98176505000004,16.0,73.5494113,34.15059715,1.0,73.47320395691726,42.42957016076099,37.0
1080,f,capitals,26,state,Montana,Helena,Billings,What is the capital of Montana?,The capital of Montana is,0.0359,0.123,3.426183844,True,critical,html-keyboard-response,41,78182,subject_11,67d993866d1d7516d87e97de,67f556ee7e72bf6aa696a5fc,0.1223368700143241,1,left,-1.1337107091453564,4.00716885,2.3871716000000003,1.0,0.0004472704898291971,-1.22599375,-12.036882250000001,2.2819052,-1.00467525,175.57409865,18.0,2.4909772499999994,2.1745497500000006,0.5875,6.831399328645267,33.0,299.00474067,20.0,76.68242387999999,24.127286050000002,24.0,98.87916742139757,43.100083383269855,28.5
2349,j,capitals,25,state,Minnesota,St. Paul,Minneapolis,What is the capital of Minnesota?,The capital of Minnesota is,0.299,0.421,1.408026756,False,critical,html-keyboard-response,43,81548,subject_11,67d993866d1d7516d87e97de,67f556ee7e72bf6aa696a5fc,0.1223368700143241,1,right,0.6817660620600399,3.58195065,1.6521141,1.0,0.017392619479733817,-1.4853812,-8.023998,2.1170464,1.1057884999999996,150.791991795,18.0,6.11360015,6.11360015,0.875,3.3354361793014986,36.5,291.73495485,35.0,30.489669350000007,37.57722344999999,35.0,64.16242236428235,64.57921294960164,35.0
1603,f,capitals,12,state,Alabama,Montgomery,Birmingham,What is the capital of Alabama?,The capital of Alabama is,0.192,0.194,1.010416667,False,critical,html-keyboard-response,45,84155,subject_11,67d993866d1d7516d87e97de,67f556ee7e72bf6aa696a5fc,0.1223368700143241,0,left,-0.3854882100591292,3.1154528,2.2013875499999997,1.0,0.003584966270478638,-0.7024276,-9.767927,3.1901363,-1.4417109999999997,171.89705985,16.0,5.234766799999999,5.234766799999999,0.725,8.879740567094881,31.0,283.66813919000003,20.0,35.182526159999995,72.3701839,11.0,72.1080126268425,56.93717089653546,31.0
1164,j,capitals,14,state,California,Sacramento,Los Angeles,What is the capital of California?,The capital of California is,0.527,3.8,7.210626186,False,critical,html-keyboard-response,47,86325,subject_11,67d993866d1d7516d87e97de,67f556ee7e72bf6aa696a5fc,0.1223368700143241,1,right,-1.0135373058504364,2.8312225,3.369704,1.0,0.1,-0.63638328,-4.58591525,4.79400397,-0.5027754,142.854805135,14.5,5.676533999999999,5.419304,0.5875,18.10634188869909,22.0,220.35396464500002,17.5,113.277399355,50.27004185000001,25.5,97.10799675216575,25.585019619395112,25.0
2184,f,capitals,27,state,Nebraska,Lincoln,Omaha,What is the capital of Nebraska?,The capital of Nebraska is,0.297,0.477,1.606060606,True,critical,html-keyboard-response,49,89516,subject_11,67d993866d1d7516d87e97de,67f556ee7e72bf6aa696a5fc,0.1223368700143241,1,left,0.445711162730733,3.40945435,2.88149385,1.0,0.002427404976322155,-0.90226395,-9.880027,1.9579811500000002,-0.6194575000000002,166.84559195,14.0,6.48387735,5.795127749999999,0.9875,3.0583791478084397,38.0,334.6421603,20.0,16.19795,78.670469,18.0,81.67707104491953,87.8184827648541,24.0
1340,j,capitals,3,country,Canada,Ottawa,Toronto,What is the capital of Canada?,The capital of Canada is,1.465,6.491,4.430716724,False,critical,html-keyboard-response,51,91862,subject_11,67d993866d1d7516d87e97de,67f556ee7e72bf6aa696a5fc,0.1223368700143241,1,right,-0.7617454132325092,3.41186485,1.57882065,1.0,0.09166666666666667,-0.8216695,-5.87537415,3.39860975,-1.0815602000000002,151.21389025500002,16.0,1.62056305,1.62056305,0.55,18.015003869553816,21.0,209.80200216699998,15.0,104.683861683,9.282030650000001,24.5,78.4247090436364,17.054693758663674,27.0
1283,f,capitals,39,state,Vermont,Montpelier,Burlington,What is the capital of Vermont?,The capital of Vermont is,0.0079,0.0444,5.620253165,True,critical,html-keyboard-response,53,94150,subject_11,67d993866d1d7516d87e97de,67f556ee7e72bf6aa696a5fc,0.1223368700143241,1,left,-0.8432916511826334,2.8268120999999997,0.75283587,1.0,0.0034998085574806164,-0.637835275,-11.6183655,2.518385875,0.32600349999999967,158.75225502,18.0,2.6147142499999996,2.5662552499999993,0.44999999999999996,6.6844704108256,35.0,288.368095275,20.0,52.797800275,17.347483000000004,23.0,87.53368163162845,59.445257727624245,23.0
1869,j,capitals,17,state,Florida,Tallahassee,Jacksonville,What is the capital of Florida?,The capital of Florida is,0.205,1.008,4.917073171,False,critical,html-keyboard-response,55,97037,subject_11,67d993866d1d7516d87e97de,67f556ee7e72bf6aa696a5fc,0.1223368700143241,1,right,-0.0049390996252163,3.563912,2.6319027999999998,1.0,0.008519591611479029,-0.95531795,-8.4452955,4.38171585,1.3466129999999996,162.1489442425,23.5,1.2571029,1.2571029,0.48750000000000004,9.093065063976583,33.0,222.1497324065,20.0,145.26711409350003,2.21744865,24.0,154.13877107879688,46.03097986487076,33.0
2059,j,capitals,5,country,Morrocco,Rabat,Marrakesh,What is the capital of Morrocco?,The capital of Morrocco is,2.02,1.085,0.5371287129,False,critical,html-keyboard-response,57,100109,subject_11,67d993866d1d7516d87e97de,67f556ee7e72bf6aa696a5fc,0.1223368700143241,1,right,0.2668816935418642,4.06911815,3.926867,1.0,0.001930509063232023,-1.06717185,-9.534113999999999,2.73666185,-0.551412,192.02520429999998,22.5,5.353308500000001,3.0599705000000004,0.6125,7.031879522295083,33.0,303.121009725,22.5,42.028869125,59.422086599999986,14.5,71.26685811006843,54.04151717765417,23.0
1832,j,capitals,4,country,India,New Delhi,Mumbai,What is the capital of India?,The capital of India is,0.206,22.1,107.2815534,True,critical,html-keyboard-response,59,102950,subject_11,67d993866d1d7516d87e97de,67f556ee7e72bf6aa696a5fc,0.1223368700143241,0,right,-0.0578726225051215,3.3890189,1.4282650000000001,1.0,0.06971153846153846,-1.1690336,-6.6849964,4.1036254,2.7211151000000005,151.45156923500002,14.0,2.3097963499999996,1.1339184999999992,0.425,9.901198823968304,30.0,227.81903473,16.0,94.28140192000001,13.430843800000002,8.0,81.85221999731655,37.65522312456052,32.0
2068,j,capitals,33,state,North Carolina,Raleigh,Charlotte,What is the capital of North Carolina?,The capital of North Carolina is,0.494,0.935,1.892712551,False,critical,html-keyboard-response,61,106023,subject_11,67d993866d1d7516d87e97de,67f556ee7e72bf6aa696a5fc,0.1223368700143241,1,right,0.2797574153234627,3.9989741,1.4837299000000002,1.0,0.017565485362095533,-1.2707921500000001,-8.2403645,2.6944252,2.3565879999999995,167.86508935,18.0,1.4855458000000001,1.4855458000000001,0.7124999999999999,8.574116496188747,32.5,209.911716892,20.0,142.86702770799997,5.01324945,7.0,125.69617107504936,62.09856014494803,35.0
3272,f,capitals,24,state,Michigan,Lansing,Detroit,What is the capital of Michigan?,The capital of Michigan is,0.112,0.63,5.625,True,critical,html-keyboard-response,63,110307,subject_11,67d993866d1d7516d87e97de,67f556ee7e72bf6aa696a5fc,0.1223368700143241,1,left,2.002242862550647,3.1715925,0.8199855199999999,1.0,0.020092460881934567,-0.8804468999999999,-8.9095815,2.08088635,-0.3318779999999997,162.992733545,18.0,2.8472903499999997,2.8472903499999997,0.7,7.4411319048798905,35.5,223.482275455,20.0,122.07790124499999,9.68996645,35.0,132.35050610599825,75.15181857684905,35.0
2875,f,capitals,13,state,Alaska,Juneau,Anchorage,What is the capital of Alaska?,The capital of Alaska is,0.0311,0.283,9.099678457,True,critical,html-keyboard-response,65,114198,subject_11,67d993866d1d7516d87e97de,67f556ee7e72bf6aa696a5fc,0.1223368700143241,1,left,1.4342804684067998,4.0331867,1.032167785,1.0,0.0012974288388852195,-1.38228545,-12.390654,1.9327201,-2.1549560000000003,158.058188835,18.0,4.9375237,4.9375237,0.9624999999999999,2.4642328656242176,37.0,348.27460882,33.0,8.84634368,72.57630929999998,37.0,50.961827169017766,61.5026154449013,37.0
1052,f,capitals,38,state,Texas,Austin,Houston,What is the capital of Texas?,The capital of Texas is,0.989,2.324,2.349848332,True,critical,html-keyboard-response,67,116253,subject_11,67d993866d1d7516d87e97de,67f556ee7e72bf6aa696a5fc,0.1223368700143241,1,left,-1.173768510243663,2.7289062,3.68736335,1.0,0.08712121212121213,-0.506320885,-4.40157605,4.012876565,1.53352215,151.14799460999998,11.0,0.08562525000000054,0.08562525000000054,0.35,19.22278273641858,20.0,198.241569792,15.0,136.22196335799998,0.08562525000000054,10.5,81.3456051528303,15.975005422746095,35.0
1496,j,capitals,37,state,South Dakota,Pierre,Sioux Falls,What is the capital of South Dakota?,The capital of South Dakota is,0.0138,0.215,15.57971014,False,critical,html-keyboard-response,69,118766,subject_11,67d993866d1d7516d87e97de,67f556ee7e72bf6aa696a5fc,0.1223368700143241,1,right,-0.5385662356848009,3.88962435,1.9988037,1.0,0.006089036055923473,-1.041340035,-9.381435,2.440622765,3.5832957499999987,176.86631975,18.0,2.7437485000000006,2.3335944999999993,0.45,6.963136166388008,32.0,279.15120511,20.0,98.78975829,20.867091999999992,16.0,89.17083306707906,49.97454210007436,26.0
1993,j,capitals,41,state,Washington,Olympia,Seattle,What is the capital of Washington?,The capital of Washington is,0.0558,0.765,13.70967742,True,critical,html-keyboard-response,71,121763,subject_11,67d993866d1d7516d87e97de,67f556ee7e72bf6aa696a5fc,0.1223368700143241,0,right,0.1724597338101414,2.4590736499999997,3.76935035,1.0,0.018367961457392352,-0.44257853999999996,-7.3950467,3.85359726,-2.2241997000000007,144.06035742999998,23.0,4.896856099999999,4.896856099999999,0.6625000000000001,14.217480554285576,25.5,250.7986976015,25.0,103.96332209849999,33.6275834,16.0,99.67318648330391,49.08176857829807,25.0
1226,f,capitals,16,state,Delaware,Dover,Wilmington,What is the capital of Delaware?,The capital of Delaware is,0.0403,0.0722,1.791563275,True,critical,html-keyboard-response,73,123999,subject_11,67d993866d1d7516d87e97de,67f556ee7e72bf6aa696a5fc,0.1223368700143241,1,left,-0.9248378891327576,4.2341493,0.72218523,1.0,0.012666345999679333,-1.74989815,-9.680467,0.94623425,3.385187,168.90373542999998,18.0,0.0,0.0,0.025,6.774399509720723,34.0,229.367487715,20.0,115.99101648500002,0.0,34.5,110.70916324533087,58.08677270925415,34.5
1527,f,capitals,18,state,Illinois,Springfield,Chicago,What is the capital of Illinois?,The capital of Illinois is,0.111,2.612,23.53153153,True,critical,html-keyboard-response,75,126534,subject_11,67d993866d1d7516d87e97de,67f556ee7e72bf6aa696a5fc,0.1223368700143241,1,left,-0.4942165273259614,3.7229846,2.02082935,1.0,0.0037192282102461744,-1.0637694,-9.972052999999999,1.8728581000000002,-5.79218335,170.65176035000002,18.0,8.6360925,8.6360925,0.675,5.610516716755836,37.0,311.23248041500005,22.5,49.248491285,81.37087019,25.0,83.27137832278736,56.50312887381918,25.0
2446,f,capitals,30,state,New Jersey,Trenton,Newark,What is the capital of New Jersey?,The capital of New Jersey is,0.0898,0.306,3.407572383,True,critical,html-keyboard-response,77,129997,subject_11,67d993866d1d7516d87e97de,67f556ee7e72bf6aa696a5fc,0.1223368700143241,1,left,0.820537730150602,3.3090056,1.82140345,1.0,0.0016363743403658628,-0.84072134,-10.924448,3.76701416,-4.2521546,156.04382572,18.0,6.901956650000001,6.901956650000001,0.725,8.925782555854742,34.5,273.68847277500004,22.0,47.345132775,80.49773385,24.5,88.88474869929352,60.16044669384837,28.5
1433,j,capitals,28,state,Nevada,Carson City,Las Vegas,What is the capital of Nevada?,The capital of Nevada is,0.0576,0.67,11.63194444,True,critical,html-keyboard-response,79,132438,subject_11,67d993866d1d7516d87e97de,67f556ee7e72bf6aa696a5fc,0.1223368700143241,0,right,-0.6286962881559908,3.21408655,2.2825403,1.0,0.009556159420289855,-0.7483732750000001,-8.5907935,3.2634109749999998,0.3897780000000006,154.31583923,24.0,0.6128969999999994,0.6128969999999994,0.46249999999999997,13.888110548784098,22.0,212.93093655299998,21.0,129.96025854700002,1.2335965999999998,27.5,151.10212968210539,49.69601040539513,33.0
1283,j,capitals,32,state,New York,Albany,New York,What is the capital of New York?,The capital of New York is,0.103,7.937,77.05825243,False,critical,html-keyboard-response,81,134734,subject_11,67d993866d1d7516d87e97de,67f556ee7e72bf6aa696a5fc,0.1223368700143241,1,right,-0.8432916511826334,2.31160665,4.8018915,1.0,0.07179487179487179,-0.40196120999999996,-4.7547025000000005,3.14106469,-1.30574515,164.00049312,18.0,4.1901697,3.862285,0.6875,15.47453789415244,25.5,229.375925891,15.0,53.021560058999995,59.8069269,27.0,75.81720478275057,45.627494070248844,27.0
3637,f,capitals,23,state,Maryland,Annapolis,Baltimore,What is the capital of Maryland?,The capital of Maryland is,0.0403,0.553,13.72208437,True,critical,html-keyboard-response,83,139388,subject_11,67d993866d1d7516d87e97de,67f556ee7e72bf6aa696a5fc,0.1223368700143241,1,left,2.5244249125821443,3.6610867999999996,1.99519565,1.0,0.007435328135488201,-1.006010815,-9.066941499999999,2.3947849850000003,-2.0526531999999995,171.39884055,18.0,5.272523,5.272523,0.7124999999999999,8.627807633730525,31.0,269.905489795,21.0,82.80523015499999,30.549259500000005,17.5,88.24512507064568,61.977535890917494,35.0
1628,j,capitals,15,state,Connecticut,Hartford,Bridgeport,What is the capital of Connecticut?,The capital of Connecticut is,0.119,0.148,1.243697479,False,critical,html-keyboard-response,85,142022,subject_11,67d993866d1d7516d87e97de,67f556ee7e72bf6aa696a5fc,0.1223368700143241,1,right,-0.3497223162213554,4.152413,2.4941535000000004,1.0,0.012903762903762904,-1.2379590999999999,-8.185617,4.8248759,4.25825,176.1870492,16.0,0.7039874999999993,0.7039874999999993,0.3,12.984765384964998,24.0,278.35317808,20.0,187.17906882,0.754308,10.5,97.3336617897597,26.70347104409089,31.0
1048,f,capitals,20,state,Kentucky,Frankfort,Louisville,What is the capital of Kentucky?,The capital of Kentucky is,0.0281,0.617,21.95729537,True,critical,html-keyboard-response,87,144087,subject_11,67d993866d1d7516d87e97de,67f556ee7e72bf6aa696a5fc,0.1223368700143241,1,left,-1.1794910532577068,3.0547366,2.2666612,1.0,0.000659358843533807,-0.74241135,-11.6135325,2.1753297,-0.9483945,176.88001325,18.0,5.5287013,4.96804475,0.75,4.405366338069108,37.0,336.0411206,26.0,22.964224,60.86410575,26.0,72.27622371274914,51.10917786191476,26.0
1939,f,capitals,7,country,Pakistan,Islamabad,Karachi,What is the capital of Pakistan?,The capital of Pakistan is,1.3,18.1,13.92307692,True,critical,html-keyboard-response,89,147044,subject_11,67d993866d1d7516d87e97de,67f556ee7e72bf6aa696a5fc,0.1223368700143241,1,left,0.0952054031205501,3.8934075,2.6534792,1.0,0.0019266429313158284,-1.11515545,-10.314565,2.1734213999999996,-4.08459765,183.33887535,14.0,4.08459765,4.08459765,0.675,5.719409224572999,32.5,281.15069095,25.0,33.481899,38.1329444,25.0,81.74658055471438,60.49985834162654,25.0
1702,f,capitals,20,state,Kentucky,Frankfort,Louisville,What is the capital of Kentucky?,The capital of Kentucky is,0.0281,0.617,21.95729537,True,critical,html-keyboard-response,7,58114,subject_14,67d993866d1d7516d87e97de,67f5520928787542c8c6bebc,0.1851916936155551,1,left,2.5273969233741407,3.0547366,2.2666612,1.0,0.000659358843533807,-0.74241135,-11.6135325,2.1753297,-0.9483945,176.88001325,18.0,5.5287013,4.96804475,0.75,4.405366338069108,37.0,336.0411206,26.0,22.964224,60.86410575,26.0,72.27622371274914,51.10917786191476,26.0
1305,j,capitals,8,country,South Africa,Pretoria,Johannesburg,What is the capital of South Africa?,The capital of South Africa is,3.0,6.4,2.133333333,False,critical,html-keyboard-response,9,60432,subject_14,67d993866d1d7516d87e97de,67f5520928787542c8c6bebc,0.1851916936155551,1,right,1.0210947358508031,4.3614197,2.7407284,1.0,0.005607622617931896,-2.11893455,-8.995401000000001,2.2255171,-0.9749508000000002,168.89477075,14.0,4.743248,4.743248,0.8125,6.902744233458726,33.0,261.79318212500004,33.0,107.26548872500001,40.14546490000001,33.0,126.64268622248599,90.68654232034928,33.5
935,f,capitals,11,country,United Arab Emirates,Abu Dhabi,Dubai,What is the capital of the United Arab Emirates?,The capital of the United Arab Emirates is,1.6,3.1,1.9375,True,critical,html-keyboard-response,11,62378,subject_14,67d993866d1d7516d87e97de,67f5520928787542c8c6bebc,0.1851916936155551,1,left,-0.3827637260727106,3.6339115499999997,2.33935815,1.0,0.00522367703218767,-1.0856354000000001,-9.346349,2.50591525,-0.6000735000000006,159.839143965,14.0,3.36275555,3.36275555,0.65,9.84413945872573,31.0,260.0233028075,0.0,72.79101454250001,22.182172549999997,33.0,96.97781470445022,51.8589082146157,33.0
916,j,capitals,28,state,Nevada,Carson City,Las Vegas,What is the capital of Nevada?,The capital of Nevada is,0.0576,0.67,11.63194444,False,critical,html-keyboard-response,13,64307,subject_14,67d993866d1d7516d87e97de,67f5520928787542c8c6bebc,0.1851916936155551,1,right,-0.4548537551985126,3.21408655,2.2825403,1.0,0.009556159420289855,-0.7483732750000001,-8.5907935,3.2634109749999998,0.3897780000000006,154.31583923,24.0,0.6128969999999994,0.6128969999999994,0.46249999999999997,13.888110548784098,22.0,212.93093655299998,21.0,129.96025854700002,1.2335965999999998,27.5,151.10212968210539,49.69601040539513,33.0
996,f,capitals,15,state,Connecticut,Hartford,Bridgeport,What is the capital of Connecticut?,The capital of Connecticut is,0.119,0.148,1.243697479,True,critical,html-keyboard-response,15,66306,subject_14,67d993866d1d7516d87e97de,67f5520928787542c8c6bebc,0.1851916936155551,1,left,-0.1513167904582934,4.152413,2.4941535000000004,1.0,0.012903762903762904,-1.2379590999999999,-8.185617,4.8248759,4.25825,176.1870492,16.0,0.7039874999999993,0.7039874999999993,0.3,12.984765384964998,24.0,278.35317808,20.0,187.17906882,0.754308,10.5,97.3336617897597,26.70347104409089,31.0
1476,j,capitals,3,country,Canada,Ottawa,Toronto,What is the capital of Canada?,The capital of Canada is,1.465,6.491,4.430716724,False,critical,html-keyboard-response,17,68786,subject_14,67d993866d1d7516d87e97de,67f5520928787542c8c6bebc,0.1851916936155551,1,right,1.6699049979830216,3.41186485,1.57882065,1.0,0.09166666666666667,-0.8216695,-5.87537415,3.39860975,-1.0815602000000002,151.21389025500002,16.0,1.62056305,1.62056305,0.55,18.015003869553816,21.0,209.80200216699998,15.0,104.683861683,9.282030650000001,24.5,78.4247090436364,17.054693758663674,27.0
1038,f,capitals,12,state,Alabama,Montgomery,Birmingham,What is the capital of Alabama?,The capital of Alabama is,0.192,0.194,1.010416667,True,critical,html-keyboard-response,19,70831,subject_14,67d993866d1d7516d87e97de,67f5520928787542c8c6bebc,0.1851916936155551,1,left,0.0080401160303216,3.1154528,2.2013875499999997,1.0,0.003584966270478638,-0.7024276,-9.767927,3.1901363,-1.4417109999999997,171.89705985,16.0,5.234766799999999,5.234766799999999,0.725,8.879740567094881,31.0,283.66813919000003,20.0,35.182526159999995,72.3701839,11.0,72.1080126268425,56.93717089653546,31.0
1099,f,capitals,34,state,North Dakota,Bismarck,Fargo,What is the capital of North Dakota?,The capital of North Dakota is,0.076,0.138,1.815789474,True,critical,html-keyboard-response,21,72943,subject_14,67d993866d1d7516d87e97de,67f5520928787542c8c6bebc,0.1851916936155551,1,left,0.2394870516447387,3.1886295000000002,1.6228072999999998,1.0,0.04464285714285714,-0.8373848349999999,-6.98899085,3.346709315,2.0134886500000007,158.9716758025,18.0,1.0428039999999998,1.0428039999999998,0.425,10.24716289924514,32.5,181.48586626009998,20.0,91.95245258989999,1.3760648999999998,25.0,78.67897042291708,25.245962637347155,34.5
768,j,capitals,17,state,Florida,Tallahassee,Jacksonville,What is the capital of Florida?,The capital of Florida is,0.205,1.008,4.917073171,False,critical,html-keyboard-response,23,74730,subject_14,67d993866d1d7516d87e97de,67f5520928787542c8c6bebc,0.1851916936155551,1,right,-1.016397139967918,3.563912,2.6319027999999998,1.0,0.008519591611479029,-0.95531795,-8.4452955,4.38171585,1.3466129999999996,162.1489442425,23.5,1.2571029,1.2571029,0.48750000000000004,9.093065063976583,33.0,222.1497324065,20.0,145.26711409350003,2.21744865,24.0,154.13877107879688,46.03097986487076,33.0
682,j,capitals,18,state,Illinois,Springfield,Chicago,What is the capital of Illinois?,The capital of Illinois is,0.111,2.612,23.53153153,False,critical,html-keyboard-response,25,76429,subject_14,67d993866d1d7516d87e97de,67f5520928787542c8c6bebc,0.1851916936155551,1,right,-1.3426993770636535,3.7229846,2.02082935,1.0,0.0037192282102461744,-1.0637694,-9.972052999999999,1.8728581000000002,-5.79218335,170.65176035000002,18.0,8.6360925,8.6360925,0.675,5.610516716755836,37.0,311.23248041500005,22.5,49.248491285,81.37087019,25.0,83.27137832278736,56.50312887381918,25.0
1037,j,capitals,33,state,North Carolina,Raleigh,Charlotte,What is the capital of North Carolina?,The capital of North Carolina is,0.494,0.935,1.892712551,False,critical,html-keyboard-response,27,78479,subject_14,67d993866d1d7516d87e97de,67f5520928787542c8c6bebc,0.1851916936155551,1,right,0.0042459039710688,3.9989741,1.4837299000000002,1.0,0.017565485362095533,-1.2707921500000001,-8.2403645,2.6944252,2.3565879999999995,167.86508935,18.0,1.4855458000000001,1.4855458000000001,0.7124999999999999,8.574116496188747,32.5,209.911716892,20.0,142.86702770799997,5.01324945,7.0,125.69617107504936,62.09856014494803,35.0
834,f,capitals,35,state,Oregon,Salem,Portland,What is the capital of Oregon?,The capital of Oregon is,0.178,0.615,3.45505618,True,critical,html-keyboard-response,29,80330,subject_14,67d993866d1d7516d87e97de,67f5520928787542c8c6bebc,0.1851916936155551,1,left,-0.7659791440572373,3.87003685,0.9559546750000001,1.0,0.02684931506849315,-1.33495845,-8.585685999999999,2.0863518,0.6543089999999996,153.11513470199998,18.0,4.49311111,4.49311111,0.6875,9.833651245669653,33.5,221.757705704,20.0,88.948261346,12.927848335,34.0,127.8462239789101,66.26897622229141,34.0
851,f,capitals,4,country,India,New Delhi,Mumbai,What is the capital of India?,The capital of India is,0.206,22.1,107.2815534,True,critical,html-keyboard-response,31,82196,subject_14,67d993866d1d7516d87e97de,67f5520928787542c8c6bebc,0.1851916936155551,1,left,-0.7014775390499407,3.3890189,1.4282650000000001,1.0,0.06971153846153846,-1.1690336,-6.6849964,4.1036254,2.7211151000000005,151.45156923500002,14.0,2.3097963499999996,1.1339184999999992,0.425,9.901198823968304,30.0,227.81903473,16.0,94.28140192000001,13.430843800000002,8.0,81.85221999731655,37.65522312456052,32.0
917,f,capitals,6,country,New Zealand,Wellington,Auckland,What is the capital of New Zealand?,The capital of New Zealand is,0.428,1.711,3.997663551,True,critical,html-keyboard-response,33,84128,subject_14,67d993866d1d7516d87e97de,67f5520928787542c8c6bebc,0.1851916936155551,1,left,-0.4510595431392599,4.244933850000001,2.3052439,1.0,0.008300041328006613,-1.7685506,-8.672815499999999,2.1210044999999997,0.577696500000001,145.06194,14.0,4.1641122,4.1641122,0.5,13.508204608971669,26.0,251.64753062350002,26.0,86.95005627649999,49.788739050000004,26.0,100.41858076823004,69.00830151646427,29.0
940,j,capitals,37,state,South Dakota,Pierre,Sioux Falls,What is the capital of South Dakota?,The capital of South Dakota is,0.0138,0.215,15.57971014,False,critical,html-keyboard-response,35,86070,subject_14,67d993866d1d7516d87e97de,67f5520928787542c8c6bebc,0.1851916936155551,1,right,-0.3637926657764468,3.88962435,1.9988037,1.0,0.006089036055923473,-1.041340035,-9.381435,2.440622765,3.5832957499999987,176.86631975,18.0,2.7437485000000006,2.3335944999999993,0.45,6.963136166388008,32.0,279.15120511,20.0,98.78975829,20.867091999999992,16.0,89.17083306707906,49.97454210007436,26.0
1156,j,capitals,5,country,Morrocco,Rabat,Marrakesh,What is the capital of Morrocco?,The capital of Morrocco is,2.02,1.085,0.5371287129,False,critical,html-keyboard-response,37,88235,subject_14,67d993866d1d7516d87e97de,67f5520928787542c8c6bebc,0.1851916936155551,1,right,0.4557571390221449,4.06911815,3.926867,1.0,0.001930509063232023,-1.06717185,-9.534113999999999,2.73666185,-0.551412,192.02520429999998,22.5,5.353308500000001,3.0599705000000004,0.6125,7.031879522295083,33.0,303.121009725,22.5,42.028869125,59.422086599999986,14.5,71.26685811006843,54.04151717765417,23.0
1052,j,capitals,39,state,Vermont,Montpelier,Burlington,What is the capital of Vermont?,The capital of Vermont is,0.0079,0.0444,5.620253165,False,critical,html-keyboard-response,39,90298,subject_14,67d993866d1d7516d87e97de,67f5520928787542c8c6bebc,0.1851916936155551,1,right,0.0611590848598599,2.8268120999999997,0.75283587,1.0,0.0034998085574806164,-0.637835275,-11.6183655,2.518385875,0.32600349999999967,158.75225502,18.0,2.6147142499999996,2.5662552499999993,0.44999999999999996,6.6844704108256,35.0,288.368095275,20.0,52.797800275,17.347483000000004,23.0,87.53368163162845,59.445257727624245,23.0
1028,j,capitals,40,state,Virginia,Richmond,Virginia Beach,What is the capital of Virginia?,The capital of Virginia is,0.231,0.45,1.948051948,False,critical,html-keyboard-response,41,92340,subject_14,67d993866d1d7516d87e97de,67f5520928787542c8c6bebc,0.1851916936155551,1,right,-0.0299020045622057,4.120711549999999,3.5882533,1.0,0.02312889812889813,-1.16916945,-6.914387700000001,2.59017605,0.19082209999999966,175.71893075000003,18.5,2.56121715,2.56121715,0.7,5.77276122250901,38.0,284.03714405,20.0,35.25386895,25.267003600000002,18.0,46.35421140072588,30.54006897158279,36.0
1539,j,capitals,29,state,New Hampshire,Concord,Manchester,What is the capital of New Hampshire?,The capital of New Hampshire is,0.0449,0.115,2.561247216,False,critical,html-keyboard-response,43,94883,subject_14,67d993866d1d7516d87e97de,67f5520928787542c8c6bebc,0.1851916936155551,1,right,1.9089403577159445,3.8924572,2.5146651,1.0,0.00224755864290748,-1.1561135,-10.1354995,2.64535425,0.8996589999999998,168.00271485000002,18.0,0.0,0.0,0.025,8.377304174979542,32.5,253.08660677999998,20.0,138.81277821999998,0.0,27.0,98.10982957505266,32.00701641793163,32.0
1161,j,capitals,30,state,New Jersey,Trenton,Newark,What is the capital of New Jersey?,The capital of New Jersey is,0.0898,0.306,3.407572383,False,critical,html-keyboard-response,45,97055,subject_14,67d993866d1d7516d87e97de,67f5520928787542c8c6bebc,0.1851916936155551,1,right,0.4747281993184086,3.3090056,1.82140345,1.0,0.0016363743403658628,-0.84072134,-10.924448,3.76701416,-4.2521546,156.04382572,18.0,6.901956650000001,6.901956650000001,0.725,8.925782555854742,34.5,273.68847277500004,22.0,47.345132775,80.49773385,24.5,88.88474869929352,60.16044669384837,28.5
861,f,capitals,13,state,Alaska,Juneau,Anchorage,What is the capital of Alaska?,The capital of Alaska is,0.0311,0.283,9.099678457,True,critical,html-keyboard-response,47,98922,subject_14,67d993866d1d7516d87e97de,67f5520928787542c8c6bebc,0.1851916936155551,1,left,-0.6635354184574134,4.0331867,1.032167785,1.0,0.0012974288388852195,-1.38228545,-12.390654,1.9327201,-2.1549560000000003,158.058188835,18.0,4.9375237,4.9375237,0.9624999999999999,2.4642328656242176,37.0,348.27460882,33.0,8.84634368,72.57630929999998,37.0,50.961827169017766,61.5026154449013,37.0
924,f,capitals,21,state,Louisiana,Baton Rouge,New Orleans,What is the capital of Louisiana?,The capital of Louisiana is,0.215,0.351,1.63255814,True,critical,html-keyboard-response,49,100851,subject_14,67d993866d1d7516d87e97de,67f5520928787542c8c6bebc,0.1851916936155551,1,left,-0.4245000587244907,2.79039935,2.0269129,1.0,0.0034954039671020805,-0.60054295,-9.8353815,2.3737587500000004,-2.482563500000001,172.31991220000003,18.0,5.1981744999999995,3.793621,0.6875,7.716095282905707,34.5,282.68865437,20.0,29.084738729999994,68.09929645,24.5,62.8804213583455,54.76974795931437,27.0
871,j,capitals,42,state,Wisconsin,Madison,Milwaukee,What is the capital of Wisconsin?,The capital of Wisconsin is,0.284,0.551,1.940140845,False,critical,html-keyboard-response,51,102731,subject_14,67d993866d1d7516d87e97de,67f5520928787542c8c6bebc,0.1851916936155551,1,right,-0.6255932978648859,3.13448335,2.23414315,1.0,0.006828316610925306,-0.760507775,-9.046759,3.316440125,1.0081592500000003,161.19694813,16.0,0.0,0.0,0.025,8.781973336626725,35.0,233.021284015,20.0,104.89291063499999,0.0,33.0,87.39257794461776,27.410622132151936,33.0
761,f,capitals,41,state,Washington,Olympia,Seattle,What is the capital of Washington?,The capital of Washington is,0.0558,0.765,13.70967742,True,critical,html-keyboard-response,53,104506,subject_14,67d993866d1d7516d87e97de,67f5520928787542c8c6bebc,0.1851916936155551,1,left,-1.042956624382687,2.4590736499999997,3.76935035,1.0,0.018367961457392352,-0.44257853999999996,-7.3950467,3.85359726,-2.2241997000000007,144.06035742999998,23.0,4.896856099999999,4.896856099999999,0.6625000000000001,14.217480554285576,25.5,250.7986976015,25.0,103.96332209849999,33.6275834,16.0,99.67318648330391,49.08176857829807,25.0
814,j,capitals,36,state,Pennsylvania,Harrisburg,Philadelphia,What is the capital of Pennsylvania?,The capital of Pennsylvania is,0.05,1.517,30.34,False,critical,html-keyboard-response,55,106328,subject_14,67d993866d1d7516d87e97de,67f5520928787542c8c6bebc,0.1851916936155551,1,right,-0.8418633852422921,3.80286055,1.2945525999999998,1.0,0.005201455329470422,-0.971369375,-10.090643,2.9000446250000005,-0.7811735000000004,169.40291199,18.0,4.7394538,4.5681133,0.6625000000000001,12.812658898193753,26.5,280.7955821475,22.5,70.13658115249999,36.52358815000001,24.0,104.5548823855986,47.04693462155399,24.0
945,j,capitals,22,state,Maine,Augusta,Portland,What is the capital of Maine?,The capital of Maine is,0.0192,0.0695,3.619791667,False,critical,html-keyboard-response,57,108291,subject_14,67d993866d1d7516d87e97de,67f5520928787542c8c6bebc,0.1851916936155551,1,right,-0.3448216054801832,3.7875023,2.4801948,1.0,0.0016831873627990133,-1.0323926499999998,-10.4254775,2.0421341999999996,-1.8715164999999994,169.20454695,18.0,5.94090445,5.94090445,0.95,2.583690266418973,37.0,311.71045002,37.0,44.16688318,51.44942174999999,21.0,71.44560616098389,59.91154959685878,37.0
786,f,capitals,38,state,Texas,Austin,Houston,What is the capital of Texas?,The capital of Texas is,0.989,2.324,2.349848332,True,critical,html-keyboard-response,59,110095,subject_14,67d993866d1d7516d87e97de,67f5520928787542c8c6bebc,0.1851916936155551,1,left,-0.9481013229013688,2.7289062,3.68736335,1.0,0.08712121212121213,-0.506320885,-4.40157605,4.012876565,1.53352215,151.14799460999998,11.0,0.08562525000000054,0.08562525000000054,0.35,19.22278273641858,20.0,198.241569792,15.0,136.22196335799998,0.08562525000000054,10.5,81.3456051528303,15.975005422746095,35.0
876,j,capitals,14,state,California,Sacramento,Los Angeles,What is the capital of California?,The capital of California is,0.527,3.8,7.210626186,False,critical,html-keyboard-response,61,111974,subject_14,67d993866d1d7516d87e97de,67f5520928787542c8c6bebc,0.1851916936155551,1,right,-0.6066222375686222,2.8312225,3.369704,1.0,0.1,-0.63638328,-4.58591525,4.79400397,-0.5027754,142.854805135,14.5,5.676533999999999,5.419304,0.5875,18.10634188869909,22.0,220.35396464500002,17.5,113.277399355,50.27004185000001,25.5,97.10799675216575,25.585019619395112,25.0
1005,j,capitals,23,state,Maryland,Annapolis,Baltimore,What is the capital of Maryland?,The capital of Maryland is,0.0403,0.553,13.72208437,False,critical,html-keyboard-response,63,113982,subject_14,67d993866d1d7516d87e97de,67f5520928787542c8c6bebc,0.1851916936155551,1,right,-0.1171688819250188,3.6610867999999996,1.99519565,1.0,0.007435328135488201,-1.006010815,-9.066941499999999,2.3947849850000003,-2.0526531999999995,171.39884055,18.0,5.272523,5.272523,0.7124999999999999,8.627807633730525,31.0,269.905489795,21.0,82.80523015499999,30.549259500000005,17.5,88.24512507064568,61.977535890917494,35.0
1114,f,capitals,27,state,Nebraska,Lincoln,Omaha,What is the capital of Nebraska?,The capital of Nebraska is,0.297,0.477,1.606060606,True,critical,html-keyboard-response,65,116112,subject_14,67d993866d1d7516d87e97de,67f5520928787542c8c6bebc,0.1851916936155551,1,left,0.2964002325335298,3.40945435,2.88149385,1.0,0.002427404976322155,-0.90226395,-9.880027,1.9579811500000002,-0.6194575000000002,166.84559195,14.0,6.48387735,5.795127749999999,0.9875,3.0583791478084397,38.0,334.6421603,20.0,16.19795,78.670469,18.0,81.67707104491953,87.8184827648541,24.0
874,j,capitals,24,state,Michigan,Lansing,Detroit,What is the capital of Michigan?,The capital of Michigan is,0.112,0.63,5.625,False,critical,html-keyboard-response,67,118002,subject_14,67d993866d1d7516d87e97de,67f5520928787542c8c6bebc,0.1851916936155551,1,right,-0.6142106616871277,3.1715925,0.8199855199999999,1.0,0.020092460881934567,-0.8804468999999999,-8.9095815,2.08088635,-0.3318779999999997,162.992733545,18.0,2.8472903499999997,2.8472903499999997,0.7,7.4411319048798905,35.5,223.482275455,20.0,122.07790124499999,9.68996645,35.0,132.35050610599825,75.15181857684905,35.0
1062,f,capitals,10,country,Turkey,Ankara,Istanbul,What is the capital of Turkey?,The capital of Turkey is,5.55,16.24,2.926126126,True,critical,html-keyboard-response,69,120072,subject_14,67d993866d1d7516d87e97de,67f5520928787542c8c6bebc,0.1851916936155551,1,left,0.0991012054523873,3.7206935999999997,3.6190253,1.0,0.0140625,-1.049432,-7.22749025,1.77928585,-1.0519376499999997,181.67489892999998,14.0,3.36303155,3.36303155,0.7875000000000001,7.10805059345744,34.0,232.28671097749998,0.0,68.73258667249999,23.91809185,34.0,109.98791459488866,68.21821684179301,34.0
939,f,capitals,31,state,New Mexico,Santa Fe,Albuquerque,What is the capital of New Mexico?,The capital of New Mexico is,0.0901,0.557,6.182019978,True,critical,html-keyboard-response,71,122017,subject_14,67d993866d1d7516d87e97de,67f5520928787542c8c6bebc,0.1851916936155551,1,left,-0.3675868778356996,3.0991414500000003,1.3244324,1.0,0.014238667183262301,-0.69803795,-9.098272999999999,2.46943,0.3069240000000004,166.6062263,18.0,5.093978,3.5249351500000006,0.525,8.033448780088444,31.0,260.480373305,20.0,49.826687745000015,48.39635365000001,19.0,84.180459503387,57.783921029115376,24.0
990,f,capitals,16,state,Delaware,Dover,Wilmington,What is the capital of Delaware?,The capital of Delaware is,0.0403,0.0722,1.791563275,True,critical,html-keyboard-response,73,124018,subject_14,67d993866d1d7516d87e97de,67f5520928787542c8c6bebc,0.1851916936155551,1,left,-0.1740820628138099,4.2341493,0.72218523,1.0,0.012666345999679333,-1.74989815,-9.680467,0.94623425,3.385187,168.90373542999998,18.0,0.0,0.0,0.025,6.774399509720723,34.0,229.367487715,20.0,115.99101648500002,0.0,34.5,110.70916324533087,58.08677270925415,34.5
969,f,capitals,26,state,Montana,Helena,Billings,What is the capital of Montana?,The capital of Montana is,0.0359,0.123,3.426183844,True,critical,html-keyboard-response,75,125990,subject_14,67d993866d1d7516d87e97de,67f5520928787542c8c6bebc,0.1851916936155551,1,left,-0.2537605160581174,4.00716885,2.3871716000000003,1.0,0.0004472704898291971,-1.22599375,-12.036882250000001,2.2819052,-1.00467525,175.57409865,18.0,2.4909772499999994,2.1745497500000006,0.5875,6.831399328645267,33.0,299.00474067,20.0,76.68242387999999,24.127286050000002,24.0,98.87916742139757,43.100083383269855,28.5
1075,f,capitals,19,state,Kansas,Topeka,Wichita,What is the capital of Kansas?,The capital of Kansas is,0.125,0.395,3.16,True,critical,html-keyboard-response,77,128082,subject_14,67d993866d1d7516d87e97de,67f5520928787542c8c6bebc,0.1851916936155551,1,left,0.1484259622226729,3.69316615,2.64080265,1.0,0.010417797069994574,-1.07303922,-8.168856,1.73419138,-0.5498905999999999,162.288778245,35.0,2.9706022499999998,1.7607325999999994,0.5625,10.046628532789011,33.0,233.6914373035,18.0,65.7761040965,17.125884900000003,35.0,90.36345231361148,54.06264558247349,35.0
855,f,capitals,25,state,Minnesota,St. Paul,Minneapolis,What is the capital of Minnesota?,The capital of Minnesota is,0.299,0.421,1.408026756,True,critical,html-keyboard-response,79,129950,subject_14,67d993866d1d7516d87e97de,67f5520928787542c8c6bebc,0.1851916936155551,1,left,-0.6863006908129298,3.58195065,1.6521141,1.0,0.017392619479733817,-1.4853812,-8.023998,2.1170464,1.1057884999999996,150.791991795,18.0,6.11360015,6.11360015,0.875,3.3354361793014986,36.5,291.73495485,35.0,30.489669350000007,37.57722344999999,35.0,64.16242236428235,64.57921294960164,35.0
2104,f,capitals,9,country,Switzerland,Bern,Zurich,What is the capital of Switzerland?,The capital of Switzerland is,0.448,1.455,3.247767857,True,critical,html-keyboard-response,81,133067,subject_14,67d993866d1d7516d87e97de,67f5520928787542c8c6bebc,0.1851916936155551,1,left,4.052670171193742,4.1456575,2.41449345,0.5,0.0021505425701852632,-1.92965085,-10.040487,1.9507065,-3.461702700000001,159.68889725000002,14.0,4.6987805499999995,4.6987805499999995,0.725,3.5004306147470485,37.0,294.98176505000004,16.0,73.5494113,34.15059715,1.0,73.47320395691726,42.42957016076099,37.0
982,j,capitals,32,state,New York,Albany,New York,What is the capital of New York?,The capital of New York is,0.103,7.937,77.05825243,False,critical,html-keyboard-response,83,135061,subject_14,67d993866d1d7516d87e97de,67f5520928787542c8c6bebc,0.1851916936155551,1,right,-0.2044357592878318,2.31160665,4.8018915,1.0,0.07179487179487179,-0.40196120999999996,-4.7547025000000005,3.14106469,-1.30574515,164.00049312,18.0,4.1901697,3.862285,0.6875,15.47453789415244,25.5,229.375925891,15.0,53.021560058999995,59.8069269,27.0,75.81720478275057,45.627494070248844,27.0
1084,f,capitals,1,country,Australia,Canberra,Sydney,What is the capital of Australia?,The capital of Australia is,0.483,5.249,10.86749482,True,critical,html-keyboard-response,85,137149,subject_14,67d993866d1d7516d87e97de,67f5520928787542c8c6bebc,0.1851916936155551,1,left,0.1825738707559476,2.91766655,1.443579,1.0,0.013910060975609756,-0.732931825,-9.718684,2.424576675,-3.10026675,135.81862900000002,16.0,4.71659925,4.71659925,0.7,13.549338958870404,26.5,205.0319132245,16.0,133.7638296255,27.787327949999998,27.0,115.01755520776328,61.294825054348195,27.0
1066,j,capitals,2,country,Brazil,Brasilia,Rio de Janeiro,What is the capital of Brazil?,The capital of Brazil is,4.99,13.923,2.790180361,False,critical,html-keyboard-response,87,139228,subject_14,67d993866d1d7516d87e97de,67f5520928787542c8c6bebc,0.1851916936155551,1,right,0.1142780536893983,2.0599417,0.8546364200000001,1.0,0.010916269887353384,-0.37423359,-9.777523500000001,3.12931296,0.3757585000000008,171.91224647,18.0,3.580388749999999,2.5741565,0.55,9.253846674396854,34.0,298.44019958,15.0,47.51553901999999,30.58541265,22.0,58.33967382007255,24.97507531677988,22.0
1118,j,capitals,7,country,Pakistan,Islamabad,Karachi,What is the capital of Pakistan?,The capital of Pakistan is,1.3,18.1,13.92307692,False,critical,html-keyboard-response,89,141363,subject_14,67d993866d1d7516d87e97de,67f5520928787542c8c6bebc,0.1851916936155551,1,right,0.3115770807705408,3.8934075,2.6534792,1.0,0.0019266429313158284,-1.11515545,-10.314565,2.1734213999999996,-4.08459765,183.33887535,14.0,4.08459765,4.08459765,0.675,5.719409224572999,32.5,281.15069095,25.0,33.481899,38.1329444,25.0,81.74658055471438,60.49985834162654,25.0
3068,j,capitals,16,state,Delaware,Dover,Wilmington,What is the capital of Delaware?,The capital of Delaware is,0.0403,0.0722,1.791563275,False,critical,html-keyboard-response,7,124274,subject_38,67d993866d1d7516d87e97de,67f5549f993bf9f3b7aad9cb,0.3027436892120891,1,right,2.178412063282033,4.2341493,0.72218523,1.0,0.012666345999679333,-1.74989815,-9.680467,0.94623425,3.385187,168.90373542999998,18.0,0.0,0.0,0.025,6.774399509720723,34.0,229.367487715,20.0,115.99101648500002,0.0,34.5,110.70916324533087,58.08677270925415,34.5
2379,j,capitals,25,state,Minnesota,St. Paul,Minneapolis,What is the capital of Minnesota?,The capital of Minnesota is,0.299,0.421,1.408026756,True,critical,html-keyboard-response,9,127657,subject_38,67d993866d1d7516d87e97de,67f5549f993bf9f3b7aad9cb,0.3027436892120891,0,right,1.295749350456938,3.58195065,1.6521141,1.0,0.017392619479733817,-1.4853812,-8.023998,2.1170464,1.1057884999999996,150.791991795,18.0,6.11360015,6.11360015,0.875,3.3354361793014986,36.5,291.73495485,35.0,30.489669350000007,37.57722344999999,35.0,64.16242236428235,64.57921294960164,35.0
1573,j,capitals,26,state,Montana,Helena,Billings,What is the capital of Montana?,The capital of Montana is,0.0359,0.123,3.426183844,True,critical,html-keyboard-response,11,130234,subject_38,67d993866d1d7516d87e97de,67f5549f993bf9f3b7aad9cb,0.3027436892120891,0,right,0.2632005165860718,4.00716885,2.3871716000000003,1.0,0.0004472704898291971,-1.22599375,-12.036882250000001,2.2819052,-1.00467525,175.57409865,18.0,2.4909772499999994,2.1745497500000006,0.5875,6.831399328645267,33.0,299.00474067,20.0,76.68242387999999,24.127286050000002,24.0,98.87916742139757,43.100083383269855,28.5
1642,f,capitals,33,state,North Carolina,Raleigh,Charlotte,What is the capital of North Carolina?,The capital of North Carolina is,0.494,0.935,1.892712551,False,critical,html-keyboard-response,13,132880,subject_38,67d993866d1d7516d87e97de,67f5549f993bf9f3b7aad9cb,0.3027436892120891,0,left,0.351594895664347,3.9989741,1.4837299000000002,1.0,0.017565485362095533,-1.2707921500000001,-8.2403645,2.6944252,2.3565879999999995,167.86508935,18.0,1.4855458000000001,1.4855458000000001,0.7124999999999999,8.574116496188747,32.5,209.911716892,20.0,142.86702770799997,5.01324945,7.0,125.69617107504936,62.09856014494803,35.0
1334,j,capitals,37,state,South Dakota,Pierre,Sioux Falls,What is the capital of South Dakota?,The capital of South Dakota is,0.0138,0.215,15.57971014,False,critical,html-keyboard-response,15,135218,subject_38,67d993866d1d7516d87e97de,67f5549f993bf9f3b7aad9cb,0.3027436892120891,1,right,-0.0429771152937507,3.88962435,1.9988037,1.0,0.006089036055923473,-1.041340035,-9.381435,2.440622765,3.5832957499999987,176.86631975,18.0,2.7437485000000006,2.3335944999999993,0.45,6.963136166388008,32.0,279.15120511,20.0,98.78975829,20.867091999999992,16.0,89.17083306707906,49.97454210007436,26.0
1055,j,capitals,6,country,New Zealand,Wellington,Auckland,What is the capital of New Zealand?,The capital of New Zealand is,0.428,1.711,3.997663551,True,critical,html-keyboard-response,17,137276,subject_38,67d993866d1d7516d87e97de,67f5549f993bf9f3b7aad9cb,0.3027436892120891,0,right,-0.4003978654798198,4.244933850000001,2.3052439,1.0,0.008300041328006613,-1.7685506,-8.672815499999999,2.1210044999999997,0.577696500000001,145.06194,14.0,4.1641122,4.1641122,0.5,13.508204608971669,26.0,251.64753062350002,26.0,86.95005627649999,49.788739050000004,26.0,100.41858076823004,69.00830151646427,29.0
1126,f,capitals,20,state,Kentucky,Frankfort,Louisville,What is the capital of Kentucky?,The capital of Kentucky is,0.0281,0.617,21.95729537,True,critical,html-keyboard-response,19,139411,subject_38,67d993866d1d7516d87e97de,67f5549f993bf9f3b7aad9cb,0.3027436892120891,1,left,-0.3094413304862323,3.0547366,2.2666612,1.0,0.000659358843533807,-0.74241135,-11.6135325,2.1753297,-0.9483945,176.88001325,18.0,5.5287013,4.96804475,0.75,4.405366338069108,37.0,336.0411206,26.0,22.964224,60.86410575,26.0,72.27622371274914,51.10917786191476,26.0
532,j,capitals,23,state,Maryland,Annapolis,Baltimore,What is the capital of Maryland?,The capital of Maryland is,0.0403,0.553,13.72208437,True,critical,html-keyboard-response,21,140947,subject_38,67d993866d1d7516d87e97de,67f5549f993bf9f3b7aad9cb,0.3027436892120891,0,right,-1.0704016373339922,3.6610867999999996,1.99519565,1.0,0.007435328135488201,-1.006010815,-9.066941499999999,2.3947849850000003,-2.0526531999999995,171.39884055,18.0,5.272523,5.272523,0.7124999999999999,8.627807633730525,31.0,269.905489795,21.0,82.80523015499999,30.549259500000005,17.5,88.24512507064568,61.977535890917494,35.0
534,f,capitals,15,state,Connecticut,Hartford,Bridgeport,What is the capital of Connecticut?,The capital of Connecticut is,0.119,0.148,1.243697479,False,critical,html-keyboard-response,23,142483,subject_38,67d993866d1d7516d87e97de,67f5549f993bf9f3b7aad9cb,0.3027436892120891,0,left,-1.06783948141868,4.152413,2.4941535000000004,1.0,0.012903762903762904,-1.2379590999999999,-8.185617,4.8248759,4.25825,176.1870492,16.0,0.7039874999999993,0.7039874999999993,0.3,12.984765384964998,24.0,278.35317808,20.0,187.17906882,0.754308,10.5,97.3336617897597,26.70347104409089,31.0
1109,f,capitals,34,state,North Dakota,Bismarck,Fargo,What is the capital of North Dakota?,The capital of North Dakota is,0.076,0.138,1.815789474,False,critical,html-keyboard-response,25,144596,subject_38,67d993866d1d7516d87e97de,67f5549f993bf9f3b7aad9cb,0.3027436892120891,0,left,-0.331219655766387,3.1886295000000002,1.6228072999999998,1.0,0.04464285714285714,-0.8373848349999999,-6.98899085,3.346709315,2.0134886500000007,158.9716758025,18.0,1.0428039999999998,1.0428039999999998,0.425,10.24716289924514,32.5,181.48586626009998,20.0,91.95245258989999,1.3760648999999998,25.0,78.67897042291708,25.245962637347155,34.5
1985,j,capitals,12,state,Alabama,Montgomery,Birmingham,What is the capital of Alabama?,The capital of Alabama is,0.192,0.194,1.010416667,True,critical,html-keyboard-response,27,147585,subject_38,67d993866d1d7516d87e97de,67f5549f993bf9f3b7aad9cb,0.3027436892120891,0,right,0.7910046351404104,3.1154528,2.2013875499999997,1.0,0.003584966270478638,-0.7024276,-9.767927,3.1901363,-1.4417109999999997,171.89705985,16.0,5.234766799999999,5.234766799999999,0.725,8.879740567094881,31.0,283.66813919000003,20.0,35.182526159999995,72.3701839,11.0,72.1080126268425,56.93717089653546,31.0
1812,j,capitals,40,state,Virginia,Richmond,Virginia Beach,What is the capital of Virginia?,The capital of Virginia is,0.231,0.45,1.948051948,True,critical,html-keyboard-response,29,150401,subject_38,67d993866d1d7516d87e97de,67f5549f993bf9f3b7aad9cb,0.3027436892120891,0,right,0.5693781484658945,4.120711549999999,3.5882533,1.0,0.02312889812889813,-1.16916945,-6.914387700000001,2.59017605,0.19082209999999966,175.71893075000003,18.5,2.56121715,2.56121715,0.7,5.77276122250901,38.0,284.03714405,20.0,35.25386895,25.267003600000002,18.0,46.35421140072588,30.54006897158279,36.0
1944,f,capitals,13,state,Alaska,Juneau,Anchorage,What is the capital of Alaska?,The capital of Alaska is,0.0311,0.283,9.099678457,False,critical,html-keyboard-response,31,153348,subject_38,67d993866d1d7516d87e97de,67f5549f993bf9f3b7aad9cb,0.3027436892120891,0,left,0.7384804388765078,4.0331867,1.032167785,1.0,0.0012974288388852195,-1.38228545,-12.390654,1.9327201,-2.1549560000000003,158.058188835,18.0,4.9375237,4.9375237,0.9624999999999999,2.4642328656242176,37.0,348.27460882,33.0,8.84634368,72.57630929999998,37.0,50.961827169017766,61.5026154449013,37.0
2235,j,capitals,5,country,Morrocco,Rabat,Marrakesh,What is the capital of Morrocco?,The capital of Morrocco is,2.02,1.085,0.5371287129,True,critical,html-keyboard-response,33,156586,subject_38,67d993866d1d7516d87e97de,67f5549f993bf9f3b7aad9cb,0.3027436892120891,0,right,1.1112741245544508,4.06911815,3.926867,1.0,0.001930509063232023,-1.06717185,-9.534113999999999,2.73666185,-0.551412,192.02520429999998,22.5,5.353308500000001,3.0599705000000004,0.6125,7.031879522295083,33.0,303.121009725,22.5,42.028869125,59.422086599999986,14.5,71.26685811006843,54.04151717765417,23.0
744,j,capitals,30,state,New Jersey,Trenton,Newark,What is the capital of New Jersey?,The capital of New Jersey is,0.0898,0.306,3.407572383,False,critical,html-keyboard-response,35,158334,subject_38,67d993866d1d7516d87e97de,67f5549f993bf9f3b7aad9cb,0.3027436892120891,1,right,-0.798813110310886,3.3090056,1.82140345,1.0,0.0016363743403658628,-0.84072134,-10.924448,3.76701416,-4.2521546,156.04382572,18.0,6.901956650000001,6.901956650000001,0.725,8.925782555854742,34.5,273.68847277500004,22.0,47.345132775,80.49773385,24.5,88.88474869929352,60.16044669384837,28.5
514,j,capitals,9,country,Switzerland,Bern,Zurich,What is the capital of Switzerland?,The capital of Switzerland is,0.448,1.455,3.247767857,False,critical,html-keyboard-response,37,159851,subject_38,67d993866d1d7516d87e97de,67f5549f993bf9f3b7aad9cb,0.3027436892120891,1,right,-1.0934610405718033,4.1456575,2.41449345,0.5,0.0021505425701852632,-1.92965085,-10.040487,1.9507065,-3.461702700000001,159.68889725000002,14.0,4.6987805499999995,4.6987805499999995,0.725,3.5004306147470485,37.0,294.98176505000004,16.0,73.5494113,34.15059715,1.0,73.47320395691726,42.42957016076099,37.0
361,f,capitals,19,state,Kansas,Topeka,Wichita,What is the capital of Kansas?,The capital of Kansas is,0.125,0.395,3.16,False,critical,html-keyboard-response,39,161214,subject_38,67d993866d1d7516d87e97de,67f5549f993bf9f3b7aad9cb,0.3027436892120891,0,left,-1.289465968093196,3.69316615,2.64080265,1.0,0.010417797069994574,-1.07303922,-8.168856,1.73419138,-0.5498905999999999,162.288778245,35.0,2.9706022499999998,1.7607325999999994,0.5625,10.046628532789011,33.0,233.6914373035,18.0,65.7761040965,17.125884900000003,35.0,90.36345231361148,54.06264558247349,35.0
1414,f,capitals,42,state,Wisconsin,Madison,Milwaukee,What is the capital of Wisconsin?,The capital of Wisconsin is,0.284,0.551,1.940140845,True,critical,html-keyboard-response,41,163632,subject_38,67d993866d1d7516d87e97de,67f5549f993bf9f3b7aad9cb,0.3027436892120891,1,left,0.0595091213187421,3.13448335,2.23414315,1.0,0.006828316610925306,-0.760507775,-9.046759,3.316440125,1.0081592500000003,161.19694813,16.0,0.0,0.0,0.025,8.781973336626725,35.0,233.021284015,20.0,104.89291063499999,0.0,33.0,87.39257794461776,27.410622132151936,33.0
561,j,capitals,10,country,Turkey,Ankara,Istanbul,What is the capital of Turkey?,The capital of Turkey is,5.55,16.24,2.926126126,False,critical,html-keyboard-response,43,165196,subject_38,67d993866d1d7516d87e97de,67f5549f993bf9f3b7aad9cb,0.3027436892120891,1,right,-1.0332503765619636,3.7206935999999997,3.6190253,1.0,0.0140625,-1.049432,-7.22749025,1.77928585,-1.0519376499999997,181.67489892999998,14.0,3.36303155,3.36303155,0.7875000000000001,7.10805059345744,34.0,232.28671097749998,0.0,68.73258667249999,23.91809185,34.0,109.98791459488866,68.21821684179301,34.0
492,f,capitals,7,country,Pakistan,Islamabad,Karachi,What is the capital of Pakistan?,The capital of Pakistan is,1.3,18.1,13.92307692,False,critical,html-keyboard-response,45,166691,subject_38,67d993866d1d7516d87e97de,67f5549f993bf9f3b7aad9cb,0.3027436892120891,0,left,-1.121644755640239,3.8934075,2.6534792,1.0,0.0019266429313158284,-1.11515545,-10.314565,2.1734213999999996,-4.08459765,183.33887535,14.0,4.08459765,4.08459765,0.675,5.719409224572999,32.5,281.15069095,25.0,33.481899,38.1329444,25.0,81.74658055471438,60.49985834162654,25.0
734,j,capitals,8,country,South Africa,Pretoria,Johannesburg,What is the capital of South Africa?,The capital of South Africa is,3.0,6.4,2.133333333,True,critical,html-keyboard-response,47,168428,subject_38,67d993866d1d7516d87e97de,67f5549f993bf9f3b7aad9cb,0.3027436892120891,0,right,-0.8116238898874476,4.3614197,2.7407284,1.0,0.005607622617931896,-2.11893455,-8.995401000000001,2.2255171,-0.9749508000000002,168.89477075,14.0,4.743248,4.743248,0.8125,6.902744233458726,33.0,261.79318212500004,33.0,107.26548872500001,40.14546490000001,33.0,126.64268622248599,90.68654232034928,33.5
1467,j,capitals,18,state,Illinois,Springfield,Chicago,What is the capital of Illinois?,The capital of Illinois is,0.111,2.612,23.53153153,False,critical,html-keyboard-response,49,170899,subject_38,67d993866d1d7516d87e97de,67f5549f993bf9f3b7aad9cb,0.3027436892120891,1,right,0.1274062530745187,3.7229846,2.02082935,1.0,0.0037192282102461744,-1.0637694,-9.972052999999999,1.8728581000000002,-5.79218335,170.65176035000002,18.0,8.6360925,8.6360925,0.675,5.610516716755836,37.0,311.23248041500005,22.5,49.248491285,81.37087019,25.0,83.27137832278736,56.50312887381918,25.0
1546,j,capitals,17,state,Florida,Tallahassee,Jacksonville,What is the capital of Florida?,The capital of Florida is,0.205,1.008,4.917073171,True,critical,html-keyboard-response,51,173448,subject_38,67d993866d1d7516d87e97de,67f5549f993bf9f3b7aad9cb,0.3027436892120891,0,right,0.2286114117293555,3.563912,2.6319027999999998,1.0,0.008519591611479029,-0.95531795,-8.4452955,4.38171585,1.3466129999999996,162.1489442425,23.5,1.2571029,1.2571029,0.48750000000000004,9.093065063976583,33.0,222.1497324065,20.0,145.26711409350003,2.21744865,24.0,154.13877107879688,46.03097986487076,33.0
2459,f,capitals,14,state,California,Sacramento,Los Angeles,What is the capital of California?,The capital of California is,0.527,3.8,7.210626186,False,critical,html-keyboard-response,53,176912,subject_38,67d993866d1d7516d87e97de,67f5549f993bf9f3b7aad9cb,0.3027436892120891,0,left,1.398235587069431,2.8312225,3.369704,1.0,0.1,-0.63638328,-4.58591525,4.79400397,-0.5027754,142.854805135,14.5,5.676533999999999,5.419304,0.5875,18.10634188869909,22.0,220.35396464500002,17.5,113.277399355,50.27004185000001,25.5,97.10799675216575,25.585019619395112,25.0
1340,j,capitals,27,state,Nebraska,Lincoln,Omaha,What is the capital of Nebraska?,The capital of Nebraska is,0.297,0.477,1.606060606,False,critical,html-keyboard-response,55,179255,subject_38,67d993866d1d7516d87e97de,67f5549f993bf9f3b7aad9cb,0.3027436892120891,1,right,-0.0352906475478137,3.40945435,2.88149385,1.0,0.002427404976322155,-0.90226395,-9.880027,1.9579811500000002,-0.6194575000000002,166.84559195,14.0,6.48387735,5.795127749999999,0.9875,3.0583791478084397,38.0,334.6421603,20.0,16.19795,78.670469,18.0,81.67707104491953,87.8184827648541,24.0
1433,j,capitals,41,state,Washington,Olympia,Seattle,What is the capital of Washington?,The capital of Washington is,0.0558,0.765,13.70967742,True,critical,html-keyboard-response,57,181692,subject_38,67d993866d1d7516d87e97de,67f5549f993bf9f3b7aad9cb,0.3027436892120891,0,right,0.0838496025142092,2.4590736499999997,3.76935035,1.0,0.018367961457392352,-0.44257853999999996,-7.3950467,3.85359726,-2.2241997000000007,144.06035742999998,23.0,4.896856099999999,4.896856099999999,0.6625000000000001,14.217480554285576,25.5,250.7986976015,25.0,103.96332209849999,33.6275834,16.0,99.67318648330391,49.08176857829807,25.0
4049,j,capitals,11,country,United Arab Emirates,Abu Dhabi,Dubai,What is the capital of the United Arab Emirates?,The capital of the United Arab Emirates is,1.6,3.1,1.9375,True,critical,html-keyboard-response,59,186745,subject_38,67d993866d1d7516d87e97de,67f5549f993bf9f3b7aad9cb,0.3027436892120891,0,right,3.4351495397427274,3.6339115499999997,2.33935815,1.0,0.00522367703218767,-1.0856354000000001,-9.346349,2.50591525,-0.6000735000000006,159.839143965,14.0,3.36275555,3.36275555,0.65,9.84413945872573,31.0,260.0233028075,0.0,72.79101454250001,22.182172549999997,33.0,96.97781470445022,51.8589082146157,33.0
479,f,capitals,38,state,Texas,Austin,Houston,What is the capital of Texas?,The capital of Texas is,0.989,2.324,2.349848332,False,critical,html-keyboard-response,61,188227,subject_38,67d993866d1d7516d87e97de,67f5549f993bf9f3b7aad9cb,0.3027436892120891,0,left,-1.1382987690897688,2.7289062,3.68736335,1.0,0.08712121212121213,-0.506320885,-4.40157605,4.012876565,1.53352215,151.14799460999998,11.0,0.08562525000000054,0.08562525000000054,0.35,19.22278273641858,20.0,198.241569792,15.0,136.22196335799998,0.08562525000000054,10.5,81.3456051528303,15.975005422746095,35.0
1088,f,capitals,21,state,Louisiana,Baton Rouge,New Orleans,What is the capital of Louisiana?,The capital of Louisiana is,0.215,0.351,1.63255814,False,critical,html-keyboard-response,63,190318,subject_38,67d993866d1d7516d87e97de,67f5549f993bf9f3b7aad9cb,0.3027436892120891,0,left,-0.3581222928771664,2.79039935,2.0269129,1.0,0.0034954039671020805,-0.60054295,-9.8353815,2.3737587500000004,-2.482563500000001,172.31991220000003,18.0,5.1981744999999995,3.793621,0.6875,7.716095282905707,34.5,282.68865437,20.0,29.084738729999994,68.09929645,24.5,62.8804213583455,54.76974795931437,27.0
1314,j,capitals,22,state,Maine,Augusta,Portland,What is the capital of Maine?,The capital of Maine is,0.0192,0.0695,3.619791667,True,critical,html-keyboard-response,65,192635,subject_38,67d993866d1d7516d87e97de,67f5549f993bf9f3b7aad9cb,0.3027436892120891,0,right,-0.0685986744468739,3.7875023,2.4801948,1.0,0.0016831873627990133,-1.0323926499999998,-10.4254775,2.0421341999999996,-1.8715164999999994,169.20454695,18.0,5.94090445,5.94090445,0.95,2.583690266418973,37.0,311.71045002,37.0,44.16688318,51.44942174999999,21.0,71.44560616098389,59.91154959685878,37.0
1541,f,capitals,31,state,New Mexico,Santa Fe,Albuquerque,What is the capital of New Mexico?,The capital of New Mexico is,0.0901,0.557,6.182019978,False,critical,html-keyboard-response,67,195178,subject_38,67d993866d1d7516d87e97de,67f5549f993bf9f3b7aad9cb,0.3027436892120891,0,left,0.2222060219410747,3.0991414500000003,1.3244324,1.0,0.014238667183262301,-0.69803795,-9.098272999999999,2.46943,0.3069240000000004,166.6062263,18.0,5.093978,3.5249351500000006,0.525,8.033448780088444,31.0,260.480373305,20.0,49.826687745000015,48.39635365000001,19.0,84.180459503387,57.783921029115376,24.0
769,j,capitals,3,country,Canada,Ottawa,Toronto,What is the capital of Canada?,The capital of Canada is,1.465,6.491,4.430716724,True,critical,html-keyboard-response,69,196954,subject_38,67d993866d1d7516d87e97de,67f5549f993bf9f3b7aad9cb,0.3027436892120891,0,right,-0.766786161369482,3.41186485,1.57882065,1.0,0.09166666666666667,-0.8216695,-5.87537415,3.39860975,-1.0815602000000002,151.21389025500002,16.0,1.62056305,1.62056305,0.55,18.015003869553816,21.0,209.80200216699998,15.0,104.683861683,9.282030650000001,24.5,78.4247090436364,17.054693758663674,27.0
557,f,capitals,1,country,Australia,Canberra,Sydney,What is the capital of Australia?,The capital of Australia is,0.483,5.249,10.86749482,True,critical,html-keyboard-response,71,198513,subject_38,67d993866d1d7516d87e97de,67f5549f993bf9f3b7aad9cb,0.3027436892120891,1,left,-1.0383746883925882,2.91766655,1.443579,1.0,0.013910060975609756,-0.732931825,-9.718684,2.424576675,-3.10026675,135.81862900000002,16.0,4.71659925,4.71659925,0.7,13.549338958870404,26.5,205.0319132245,16.0,133.7638296255,27.787327949999998,27.0,115.01755520776328,61.294825054348195,27.0
445,j,capitals,35,state,Oregon,Salem,Portland,What is the capital of Oregon?,The capital of Oregon is,0.178,0.615,3.45505618,False,critical,html-keyboard-response,73,199962,subject_38,67d993866d1d7516d87e97de,67f5549f993bf9f3b7aad9cb,0.3027436892120891,1,right,-1.1818554196500783,3.87003685,0.9559546750000001,1.0,0.02684931506849315,-1.33495845,-8.585685999999999,2.0863518,0.6543089999999996,153.11513470199998,18.0,4.49311111,4.49311111,0.6875,9.833651245669653,33.5,221.757705704,20.0,88.948261346,12.927848335,34.0,127.8462239789101,66.26897622229141,34.0
1381,j,capitals,39,state,Vermont,Montpelier,Burlington,What is the capital of Vermont?,The capital of Vermont is,0.0079,0.0444,5.620253165,True,critical,html-keyboard-response,75,202346,subject_38,67d993866d1d7516d87e97de,67f5549f993bf9f3b7aad9cb,0.3027436892120891,0,right,0.0172335487160888,2.8268120999999997,0.75283587,1.0,0.0034998085574806164,-0.637835275,-11.6183655,2.518385875,0.32600349999999967,158.75225502,18.0,2.6147142499999996,2.5662552499999993,0.44999999999999996,6.6844704108256,35.0,288.368095275,20.0,52.797800275,17.347483000000004,23.0,87.53368163162845,59.445257727624245,23.0
1129,f,capitals,36,state,Pennsylvania,Harrisburg,Philadelphia,What is the capital of Pennsylvania?,The capital of Pennsylvania is,0.05,1.517,30.34,False,critical,html-keyboard-response,77,204478,subject_38,67d993866d1d7516d87e97de,67f5549f993bf9f3b7aad9cb,0.3027436892120891,0,left,-0.3055980966132638,3.80286055,1.2945525999999998,1.0,0.005201455329470422,-0.971369375,-10.090643,2.9000446250000005,-0.7811735000000004,169.40291199,18.0,4.7394538,4.5681133,0.6625000000000001,12.812658898193753,26.5,280.7955821475,22.5,70.13658115249999,36.52358815000001,24.0,104.5548823855986,47.04693462155399,24.0
1245,j,capitals,28,state,Nevada,Carson City,Las Vegas,What is the capital of Nevada?,The capital of Nevada is,0.0576,0.67,11.63194444,False,critical,html-keyboard-response,79,206727,subject_38,67d993866d1d7516d87e97de,67f5549f993bf9f3b7aad9cb,0.3027436892120891,1,right,-0.1569930535251491,3.21408655,2.2825403,1.0,0.009556159420289855,-0.7483732750000001,-8.5907935,3.2634109749999998,0.3897780000000006,154.31583923,24.0,0.6128969999999994,0.6128969999999994,0.46249999999999997,13.888110548784098,22.0,212.93093655299998,21.0,129.96025854700002,1.2335965999999998,27.5,151.10212968210539,49.69601040539513,33.0
2821,j,capitals,32,state,New York,Albany,New York,What is the capital of New York?,The capital of New York is,0.103,7.937,77.05825243,True,critical,html-keyboard-response,81,210552,subject_38,67d993866d1d7516d87e97de,67f5549f993bf9f3b7aad9cb,0.3027436892120891,0,right,1.8619858077409617,2.31160665,4.8018915,1.0,0.07179487179487179,-0.40196120999999996,-4.7547025000000005,3.14106469,-1.30574515,164.00049312,18.0,4.1901697,3.862285,0.6875,15.47453789415244,25.5,229.375925891,15.0,53.021560058999995,59.8069269,27.0,75.81720478275057,45.627494070248844,27.0
1783,j,capitals,2,country,Brazil,Brasilia,Rio de Janeiro,What is the capital of Brazil?,The capital of Brazil is,4.99,13.923,2.790180361,False,critical,html-keyboard-response,83,213339,subject_38,67d993866d1d7516d87e97de,67f5549f993bf9f3b7aad9cb,0.3027436892120891,1,right,0.5322268876938658,2.0599417,0.8546364200000001,1.0,0.010916269887353384,-0.37423359,-9.777523500000001,3.12931296,0.3757585000000008,171.91224647,18.0,3.580388749999999,2.5741565,0.55,9.253846674396854,34.0,298.44019958,15.0,47.51553901999999,30.58541265,22.0,58.33967382007255,24.97507531677988,22.0
1240,j,capitals,24,state,Michigan,Lansing,Detroit,What is the capital of Michigan?,The capital of Michigan is,0.112,0.63,5.625,True,critical,html-keyboard-response,85,215582,subject_38,67d993866d1d7516d87e97de,67f5549f993bf9f3b7aad9cb,0.3027436892120891,0,right,-0.1633984433134299,3.1715925,0.8199855199999999,1.0,0.020092460881934567,-0.8804468999999999,-8.9095815,2.08088635,-0.3318779999999997,162.992733545,18.0,2.8472903499999997,2.8472903499999997,0.7,7.4411319048798905,35.5,223.482275455,20.0,122.07790124499999,9.68996645,35.0,132.35050610599825,75.15181857684905,35.0
1037,j,capitals,29,state,New Hampshire,Concord,Manchester,What is the capital of New Hampshire?,The capital of New Hampshire is,0.0449,0.115,2.561247216,True,critical,html-keyboard-response,87,217623,subject_38,67d993866d1d7516d87e97de,67f5549f993bf9f3b7aad9cb,0.3027436892120891,0,right,-0.4234572687176307,3.8924572,2.5146651,1.0,0.00224755864290748,-1.1561135,-10.1354995,2.64535425,0.8996589999999998,168.00271485000002,18.0,0.0,0.0,0.025,8.377304174979542,32.5,253.08660677999998,20.0,138.81277821999998,0.0,27.0,98.10982957505266,32.00701641793163,32.0
1166,j,capitals,4,country,India,New Delhi,Mumbai,What is the capital of India?,The capital of India is,0.206,22.1,107.2815534,True,critical,html-keyboard-response,89,219792,subject_38,67d993866d1d7516d87e97de,67f5549f993bf9f3b7aad9cb,0.3027436892120891,0,right,-0.2581982121799859,3.3890189,1.4282650000000001,1.0,0.06971153846153846,-1.1690336,-6.6849964,4.1036254,2.7211151000000005,151.45156923500002,14.0,2.3097963499999996,1.1339184999999992,0.425,9.901198823968304,30.0,227.81903473,16.0,94.28140192000001,13.430843800000002,8.0,81.85221999731655,37.65522312456052,32.0
2855,j,capitals,17,state,Florida,Tallahassee,Jacksonville,What is the capital of Florida?,The capital of Florida is,0.205,1.008,4.917073171,True,critical,html-keyboard-response,7,79576,subject_30,67d993866d1d7516d87e97de,67f55379f7cd013df69fe5f4,0.2581160959977725,0,right,-0.3393487163801892,3.563912,2.6319027999999998,1.0,0.008519591611479029,-0.95531795,-8.4452955,4.38171585,1.3466129999999996,162.1489442425,23.5,1.2571029,1.2571029,0.48750000000000004,9.093065063976583,33.0,222.1497324065,20.0,145.26711409350003,2.21744865,24.0,154.13877107879688,46.03097986487076,33.0
2725,j,capitals,14,state,California,Sacramento,Los Angeles,What is the capital of California?,The capital of California is,0.527,3.8,7.210626186,False,critical,html-keyboard-response,9,83317,subject_30,67d993866d1d7516d87e97de,67f55379f7cd013df69fe5f4,0.2581160959977725,1,right,-0.3485423750074045,2.8312225,3.369704,1.0,0.1,-0.63638328,-4.58591525,4.79400397,-0.5027754,142.854805135,14.5,5.676533999999999,5.419304,0.5875,18.10634188869909,22.0,220.35396464500002,17.5,113.277399355,50.27004185000001,25.5,97.10799675216575,25.585019619395112,25.0
2990,j,capitals,33,state,North Carolina,Raleigh,Charlotte,What is the capital of North Carolina?,The capital of North Carolina is,0.494,0.935,1.892712551,True,critical,html-keyboard-response,11,87323,subject_30,67d993866d1d7516d87e97de,67f55379f7cd013df69fe5f4,0.2581160959977725,0,right,-0.329801455498081,3.9989741,1.4837299000000002,1.0,0.017565485362095533,-1.2707921500000001,-8.2403645,2.6944252,2.3565879999999995,167.86508935,18.0,1.4855458000000001,1.4855458000000001,0.7124999999999999,8.574116496188747,32.5,209.911716892,20.0,142.86702770799997,5.01324945,7.0,125.69617107504936,62.09856014494803,35.0
2457,f,capitals,24,state,Michigan,Lansing,Detroit,What is the capital of Michigan?,The capital of Michigan is,0.112,0.63,5.625,False,critical,html-keyboard-response,13,90798,subject_30,67d993866d1d7516d87e97de,67f55379f7cd013df69fe5f4,0.2581160959977725,0,left,-0.3674954558696637,3.1715925,0.8199855199999999,1.0,0.020092460881934567,-0.8804468999999999,-8.9095815,2.08088635,-0.3318779999999997,162.992733545,18.0,2.8472903499999997,2.8472903499999997,0.7,7.4411319048798905,35.5,223.482275455,20.0,122.07790124499999,9.68996645,35.0,132.35050610599825,75.15181857684905,35.0
4837,j,capitals,4,country,India,New Delhi,Mumbai,What is the capital of India?,The capital of India is,0.206,22.1,107.2815534,False,critical,html-keyboard-response,15,96650,subject_30,67d993866d1d7516d87e97de,67f55379f7cd013df69fe5f4,0.2581160959977725,1,right,-0.1991807825406453,3.3890189,1.4282650000000001,1.0,0.06971153846153846,-1.1690336,-6.6849964,4.1036254,2.7211151000000005,151.45156923500002,14.0,2.3097963499999996,1.1339184999999992,0.425,9.901198823968304,30.0,227.81903473,16.0,94.28140192000001,13.430843800000002,8.0,81.85221999731655,37.65522312456052,32.0
4049,f,capitals,13,state,Alaska,Juneau,Anchorage,What is the capital of Alaska?,The capital of Alaska is,0.0311,0.283,9.099678457,True,critical,html-keyboard-response,17,101712,subject_30,67d993866d1d7516d87e97de,67f55379f7cd013df69fe5f4,0.2581160959977725,1,left,-0.2549084979117657,4.0331867,1.032167785,1.0,0.0012974288388852195,-1.38228545,-12.390654,1.9327201,-2.1549560000000003,158.058188835,18.0,4.9375237,4.9375237,0.9624999999999999,2.4642328656242176,37.0,348.27460882,33.0,8.84634368,72.57630929999998,37.0,50.961827169017766,61.5026154449013,37.0
3557,j,capitals,12,state,Alabama,Montgomery,Birmingham,What is the capital of Alabama?,The capital of Alabama is,0.192,0.194,1.010416667,True,critical,html-keyboard-response,19,106288,subject_30,67d993866d1d7516d87e97de,67f55379f7cd013df69fe5f4,0.2581160959977725,0,right,-0.2897029597932267,3.1154528,2.2013875499999997,1.0,0.003584966270478638,-0.7024276,-9.767927,3.1901363,-1.4417109999999997,171.89705985,16.0,5.234766799999999,5.234766799999999,0.725,8.879740567094881,31.0,283.66813919000003,20.0,35.182526159999995,72.3701839,11.0,72.1080126268425,56.93717089653546,31.0
3670,j,capitals,6,country,New Zealand,Wellington,Auckland,What is the capital of New Zealand?,The capital of New Zealand is,0.428,1.711,3.997663551,False,critical,html-keyboard-response,21,110974,subject_30,67d993866d1d7516d87e97de,67f55379f7cd013df69fe5f4,0.2581160959977725,1,right,-0.2817115488326472,4.244933850000001,2.3052439,1.0,0.008300041328006613,-1.7685506,-8.672815499999999,2.1210044999999997,0.577696500000001,145.06194,14.0,4.1641122,4.1641122,0.5,13.508204608971669,26.0,251.64753062350002,26.0,86.95005627649999,49.788739050000004,26.0,100.41858076823004,69.00830151646427,29.0
5219,j,capitals,2,country,Brazil,Brasilia,Rio de Janeiro,What is the capital of Brazil?,The capital of Brazil is,4.99,13.923,2.790180361,False,critical,html-keyboard-response,23,117203,subject_30,67d993866d1d7516d87e97de,67f55379f7cd013df69fe5f4,0.2581160959977725,1,right,-0.1721655702668281,2.0599417,0.8546364200000001,1.0,0.010916269887353384,-0.37423359,-9.777523500000001,3.12931296,0.3757585000000008,171.91224647,18.0,3.580388749999999,2.5741565,0.55,9.253846674396854,34.0,298.44019958,15.0,47.51553901999999,30.58541265,22.0,58.33967382007255,24.97507531677988,22.0
4654,f,capitals,35,state,Oregon,Salem,Portland,What is the capital of Oregon?,The capital of Oregon is,0.178,0.615,3.45505618,False,critical,html-keyboard-response,25,122864,subject_30,67d993866d1d7516d87e97de,67f55379f7cd013df69fe5f4,0.2581160959977725,0,left,-0.2121226250697253,3.87003685,0.9559546750000001,1.0,0.02684931506849315,-1.33495845,-8.585685999999999,2.0863518,0.6543089999999996,153.11513470199998,18.0,4.49311111,4.49311111,0.6875,9.833651245669653,33.5,221.757705704,20.0,88.948261346,12.927848335,34.0,127.8462239789101,66.26897622229141,34.0
2399,j,capitals,25,state,Minnesota,St. Paul,Minneapolis,What is the capital of Minnesota?,The capital of Minnesota is,0.299,0.421,1.408026756,True,critical,html-keyboard-response,27,126280,subject_30,67d993866d1d7516d87e97de,67f55379f7cd013df69fe5f4,0.2581160959977725,0,right,-0.3715972420264213,3.58195065,1.6521141,1.0,0.017392619479733817,-1.4853812,-8.023998,2.1170464,1.1057884999999996,150.791991795,18.0,6.11360015,6.11360015,0.875,3.3354361793014986,36.5,291.73495485,35.0,30.489669350000007,37.57722344999999,35.0,64.16242236428235,64.57921294960164,35.0
3732,f,capitals,7,country,Pakistan,Islamabad,Karachi,What is the capital of Pakistan?,The capital of Pakistan is,1.3,18.1,13.92307692,True,critical,html-keyboard-response,29,131017,subject_30,67d993866d1d7516d87e97de,67f55379f7cd013df69fe5f4,0.2581160959977725,1,left,-0.2773268808719753,3.8934075,2.6534792,1.0,0.0019266429313158284,-1.11515545,-10.314565,2.1734213999999996,-4.08459765,183.33887535,14.0,4.08459765,4.08459765,0.675,5.719409224572999,32.5,281.15069095,25.0,33.481899,38.1329444,25.0,81.74658055471438,60.49985834162654,25.0
3496,f,capitals,16,state,Delaware,Dover,Wilmington,What is the capital of Delaware?,The capital of Delaware is,0.0403,0.0722,1.791563275,False,critical,html-keyboard-response,31,135529,subject_30,67d993866d1d7516d87e97de,67f55379f7cd013df69fe5f4,0.2581160959977725,0,left,-0.29401690730292,4.2341493,0.72218523,1.0,0.012666345999679333,-1.74989815,-9.680467,0.94623425,3.385187,168.90373542999998,18.0,0.0,0.0,0.025,6.774399509720723,34.0,229.367487715,20.0,115.99101648500002,0.0,34.5,110.70916324533087,58.08677270925415,34.5
1864,j,capitals,10,country,Turkey,Ankara,Istanbul,What is the capital of Turkey?,The capital of Turkey is,5.55,16.24,2.926126126,True,critical,html-keyboard-response,33,138396,subject_30,67d993866d1d7516d87e97de,67f55379f7cd013df69fe5f4,0.2581160959977725,0,right,-0.4094326832999611,3.7206935999999997,3.6190253,1.0,0.0140625,-1.049432,-7.22749025,1.77928585,-1.0519376499999997,181.67489892999998,14.0,3.36303155,3.36303155,0.7875000000000001,7.10805059345744,34.0,232.28671097749998,0.0,68.73258667249999,23.91809185,34.0,109.98791459488866,68.21821684179301,34.0
2903,j,capitals,5,country,Morrocco,Rabat,Marrakesh,What is the capital of Morrocco?,The capital of Morrocco is,2.02,1.085,0.5371287129,False,critical,html-keyboard-response,35,142308,subject_30,67d993866d1d7516d87e97de,67f55379f7cd013df69fe5f4,0.2581160959977725,1,right,-0.3359541347332174,4.06911815,3.926867,1.0,0.001930509063232023,-1.06717185,-9.534113999999999,2.73666185,-0.551412,192.02520429999998,22.5,5.353308500000001,3.0599705000000004,0.6125,7.031879522295083,33.0,303.121009725,22.5,42.028869125,59.422086599999986,14.5,71.26685811006843,54.04151717765417,23.0
5411,f,capitals,19,state,Kansas,Topeka,Wichita,What is the capital of Kansas?,The capital of Kansas is,0.125,0.395,3.16,True,critical,html-keyboard-response,37,148732,subject_30,67d993866d1d7516d87e97de,67f55379f7cd013df69fe5f4,0.2581160959977725,1,left,-0.1585872436789409,3.69316615,2.64080265,1.0,0.010417797069994574,-1.07303922,-8.168856,1.73419138,-0.5498905999999999,162.288778245,35.0,2.9706022499999998,1.7607325999999994,0.5625,10.046628532789011,33.0,233.6914373035,18.0,65.7761040965,17.125884900000003,35.0,90.36345231361148,54.06264558247349,35.0
5331,j,capitals,28,state,Nevada,Carson City,Las Vegas,What is the capital of Nevada?,The capital of Nevada is,0.0576,0.67,11.63194444,True,critical,html-keyboard-response,39,155068,subject_30,67d993866d1d7516d87e97de,67f55379f7cd013df69fe5f4,0.2581160959977725,0,right,-0.1642448797572272,3.21408655,2.2825403,1.0,0.009556159420289855,-0.7483732750000001,-8.5907935,3.2634109749999998,0.3897780000000006,154.31583923,24.0,0.6128969999999994,0.6128969999999994,0.46249999999999997,13.888110548784098,22.0,212.93093655299998,21.0,129.96025854700002,1.2335965999999998,27.5,151.10212968210539,49.69601040539513,33.0
5639,j,capitals,39,state,Vermont,Montpelier,Burlington,What is the capital of Vermont?,The capital of Vermont is,0.0079,0.0444,5.620253165,False,critical,html-keyboard-response,41,161724,subject_30,67d993866d1d7516d87e97de,67f55379f7cd013df69fe5f4,0.2581160959977725,1,right,-0.1424629808558248,2.8268120999999997,0.75283587,1.0,0.0034998085574806164,-0.637835275,-11.6183655,2.518385875,0.32600349999999967,158.75225502,18.0,2.6147142499999996,2.5662552499999993,0.44999999999999996,6.6844704108256,35.0,288.368095275,20.0,52.797800275,17.347483000000004,23.0,87.53368163162845,59.445257727624245,23.0
4426,f,capitals,36,state,Pennsylvania,Harrisburg,Philadelphia,What is the capital of Pennsylvania?,The capital of Pennsylvania is,0.05,1.517,30.34,False,critical,html-keyboard-response,43,167164,subject_30,67d993866d1d7516d87e97de,67f55379f7cd013df69fe5f4,0.2581160959977725,0,left,-0.2282468878928414,3.80286055,1.2945525999999998,1.0,0.005201455329470422,-0.971369375,-10.090643,2.9000446250000005,-0.7811735000000004,169.40291199,18.0,4.7394538,4.5681133,0.6625000000000001,12.812658898193753,26.5,280.7955821475,22.5,70.13658115249999,36.52358815000001,24.0,104.5548823855986,47.04693462155399,24.0
7541,j,capitals,38,state,Texas,Austin,Houston,What is the capital of Texas?,The capital of Texas is,0.989,2.324,2.349848332,True,critical,html-keyboard-response,45,175723,subject_30,67d993866d1d7516d87e97de,67f55379f7cd013df69fe5f4,0.2581160959977725,0,right,-0.0079526830945673,2.7289062,3.68736335,1.0,0.08712121212121213,-0.506320885,-4.40157605,4.012876565,1.53352215,151.14799460999998,11.0,0.08562525000000054,0.08562525000000054,0.35,19.22278273641858,20.0,198.241569792,15.0,136.22196335799998,0.08562525000000054,10.5,81.3456051528303,15.975005422746095,35.0
3983,f,capitals,23,state,Maryland,Annapolis,Baltimore,What is the capital of Maryland?,The capital of Maryland is,0.0403,0.553,13.72208437,False,critical,html-keyboard-response,47,180714,subject_30,67d993866d1d7516d87e97de,67f55379f7cd013df69fe5f4,0.2581160959977725,0,left,-0.2595760476763519,3.6610867999999996,1.99519565,1.0,0.007435328135488201,-1.006010815,-9.066941499999999,2.3947849850000003,-2.0526531999999995,171.39884055,18.0,5.272523,5.272523,0.7124999999999999,8.627807633730525,31.0,269.905489795,21.0,82.80523015499999,30.549259500000005,17.5,88.24512507064568,61.977535890917494,35.0
10188,f,capitals,18,state,Illinois,Springfield,Chicago,What is the capital of Illinois?,The capital of Illinois is,0.111,2.612,23.53153153,True,critical,html-keyboard-response,49,191917,subject_30,67d993866d1d7516d87e97de,67f55379f7cd013df69fe5f4,0.2581160959977725,1,left,0.1792443506457316,3.7229846,2.02082935,1.0,0.0037192282102461744,-1.0637694,-9.972052999999999,1.8728581000000002,-5.79218335,170.65176035000002,18.0,8.6360925,8.6360925,0.675,5.610516716755836,37.0,311.23248041500005,22.5,49.248491285,81.37087019,25.0,83.27137832278736,56.50312887381918,25.0
4677,j,capitals,41,state,Washington,Olympia,Seattle,What is the capital of Washington?,The capital of Washington is,0.0558,0.765,13.70967742,True,critical,html-keyboard-response,51,197604,subject_30,67d993866d1d7516d87e97de,67f55379f7cd013df69fe5f4,0.2581160959977725,0,right,-0.210496054697218,2.4590736499999997,3.76935035,1.0,0.018367961457392352,-0.44257853999999996,-7.3950467,3.85359726,-2.2241997000000007,144.06035742999998,23.0,4.896856099999999,4.896856099999999,0.6625000000000001,14.217480554285576,25.5,250.7986976015,25.0,103.96332209849999,33.6275834,16.0,99.67318648330391,49.08176857829807,25.0
4009,f,capitals,40,state,Virginia,Richmond,Virginia Beach,What is the capital of Virginia?,The capital of Virginia is,0.231,0.45,1.948051948,False,critical,html-keyboard-response,53,202617,subject_30,67d993866d1d7516d87e97de,67f55379f7cd013df69fe5f4,0.2581160959977725,0,left,-0.2577373159509089,4.120711549999999,3.5882533,1.0,0.02312889812889813,-1.16916945,-6.914387700000001,2.59017605,0.19082209999999966,175.71893075000003,18.5,2.56121715,2.56121715,0.7,5.77276122250901,38.0,284.03714405,20.0,35.25386895,25.267003600000002,18.0,46.35421140072588,30.54006897158279,36.0
2011,j,capitals,9,country,Switzerland,Bern,Zurich,What is the capital of Switzerland?,The capital of Switzerland is,0.448,1.455,3.247767857,True,critical,html-keyboard-response,57,301949,subject_30,67d993866d1d7516d87e97de,67f55379f7cd013df69fe5f4,0.2581160959977725,0,right,-0.39903677700611,4.1456575,2.41449345,0.5,0.0021505425701852632,-1.92965085,-10.040487,1.9507065,-3.461702700000001,159.68889725000002,14.0,4.6987805499999995,4.6987805499999995,0.725,3.5004306147470485,37.0,294.98176505000004,16.0,73.5494113,34.15059715,1.0,73.47320395691726,42.42957016076099,37.0
10851,j,capitals,22,state,Maine,Augusta,Portland,What is the capital of Maine?,The capital of Maine is,0.0192,0.0695,3.619791667,False,critical,html-keyboard-response,59,313814,subject_30,67d993866d1d7516d87e97de,67f55379f7cd013df69fe5f4,0.2581160959977725,1,right,0.2261320096445296,3.7875023,2.4801948,1.0,0.0016831873627990133,-1.0323926499999998,-10.4254775,2.0421341999999996,-1.8715164999999994,169.20454695,18.0,5.94090445,5.94090445,0.95,2.583690266418973,37.0,311.71045002,37.0,44.16688318,51.44942174999999,21.0,71.44560616098389,59.91154959685878,37.0
10424,j,capitals,34,state,North Dakota,Bismarck,Fargo,What is the capital of North Dakota?,The capital of North Dakota is,0.076,0.138,1.815789474,False,critical,html-keyboard-response,61,325251,subject_30,67d993866d1d7516d87e97de,67f55379f7cd013df69fe5f4,0.2581160959977725,1,right,0.1959343770766763,3.1886295000000002,1.6228072999999998,1.0,0.04464285714285714,-0.8373848349999999,-6.98899085,3.346709315,2.0134886500000007,158.9716758025,18.0,1.0428039999999998,1.0428039999999998,0.425,10.24716289924514,32.5,181.48586626009998,20.0,91.95245258989999,1.3760648999999998,25.0,78.67897042291708,25.245962637347155,34.5
7485,f,capitals,21,state,Louisiana,Baton Rouge,New Orleans,What is the capital of Louisiana?,The capital of Louisiana is,0.215,0.351,1.63255814,True,critical,html-keyboard-response,63,333741,subject_30,67d993866d1d7516d87e97de,67f55379f7cd013df69fe5f4,0.2581160959977725,1,left,-0.0119130283493677,2.79039935,2.0269129,1.0,0.0034954039671020805,-0.60054295,-9.8353815,2.3737587500000004,-2.482563500000001,172.31991220000003,18.0,5.1981744999999995,3.793621,0.6875,7.716095282905707,34.5,282.68865437,20.0,29.084738729999994,68.09929645,24.5,62.8804213583455,54.76974795931437,27.0
12110,j,capitals,30,state,New Jersey,Trenton,Newark,What is the capital of New Jersey?,The capital of New Jersey is,0.0898,0.306,3.407572383,False,critical,html-keyboard-response,65,346855,subject_30,67d993866d1d7516d87e97de,67f55379f7cd013df69fe5f4,0.2581160959977725,1,right,0.3151690574265607,3.3090056,1.82140345,1.0,0.0016363743403658628,-0.84072134,-10.924448,3.76701416,-4.2521546,156.04382572,18.0,6.901956650000001,6.901956650000001,0.725,8.925782555854742,34.5,273.68847277500004,22.0,47.345132775,80.49773385,24.5,88.88474869929352,60.16044669384837,28.5
4432,f,capitals,42,state,Wisconsin,Madison,Milwaukee,What is the capital of Wisconsin?,The capital of Wisconsin is,0.284,0.551,1.940140845,True,critical,html-keyboard-response,67,352296,subject_30,67d993866d1d7516d87e97de,67f55379f7cd013df69fe5f4,0.2581160959977725,1,left,-0.2278225651869699,3.13448335,2.23414315,1.0,0.006828316610925306,-0.760507775,-9.046759,3.316440125,1.0081592500000003,161.19694813,16.0,0.0,0.0,0.025,8.781973336626725,35.0,233.021284015,20.0,104.89291063499999,0.0,33.0,87.39257794461776,27.410622132151936,33.0
8685,j,capitals,27,state,Nebraska,Lincoln,Omaha,What is the capital of Nebraska?,The capital of Nebraska is,0.297,0.477,1.606060606,False,critical,html-keyboard-response,69,361996,subject_30,67d993866d1d7516d87e97de,67f55379f7cd013df69fe5f4,0.2581160959977725,1,right,0.0729515128249271,3.40945435,2.88149385,1.0,0.002427404976322155,-0.90226395,-9.880027,1.9579811500000002,-0.6194575000000002,166.84559195,14.0,6.48387735,5.795127749999999,0.9875,3.0583791478084397,38.0,334.6421603,20.0,16.19795,78.670469,18.0,81.67707104491953,87.8184827648541,24.0
2367,j,capitals,1,country,Australia,Canberra,Sydney,What is the capital of Australia?,The capital of Australia is,0.483,5.249,10.86749482,True,critical,html-keyboard-response,71,365382,subject_30,67d993866d1d7516d87e97de,67f55379f7cd013df69fe5f4,0.2581160959977725,0,right,-0.3738602964577358,2.91766655,1.443579,1.0,0.013910060975609756,-0.732931825,-9.718684,2.424576675,-3.10026675,135.81862900000002,16.0,4.71659925,4.71659925,0.7,13.549338958870404,26.5,205.0319132245,16.0,133.7638296255,27.787327949999998,27.0,115.01755520776328,61.294825054348195,27.0
1378,j,capitals,8,country,South Africa,Pretoria,Johannesburg,What is the capital of South Africa?,The capital of South Africa is,3.0,6.4,2.133333333,True,critical,html-keyboard-response,73,367771,subject_30,67d993866d1d7516d87e97de,67f55379f7cd013df69fe5f4,0.2581160959977725,0,right,-0.4438028224755506,4.3614197,2.7407284,1.0,0.005607622617931896,-2.11893455,-8.995401000000001,2.2255171,-0.9749508000000002,168.89477075,14.0,4.743248,4.743248,0.8125,6.902744233458726,33.0,261.79318212500004,33.0,107.26548872500001,40.14546490000001,33.0,126.64268622248599,90.68654232034928,33.5
7876,f,capitals,20,state,Kentucky,Frankfort,Louisville,What is the capital of Kentucky?,The capital of Kentucky is,0.0281,0.617,21.95729537,True,critical,html-keyboard-response,75,376658,subject_30,67d993866d1d7516d87e97de,67f55379f7cd013df69fe5f4,0.2581160959977725,1,left,0.0157386679832566,3.0547366,2.2666612,1.0,0.000659358843533807,-0.74241135,-11.6135325,2.1753297,-0.9483945,176.88001325,18.0,5.5287013,4.96804475,0.75,4.405366338069108,37.0,336.0411206,26.0,22.964224,60.86410575,26.0,72.27622371274914,51.10917786191476,26.0
8156,j,capitals,37,state,South Dakota,Pierre,Sioux Falls,What is the capital of South Dakota?,The capital of South Dakota is,0.0138,0.215,15.57971014,False,critical,html-keyboard-response,77,385829,subject_30,67d993866d1d7516d87e97de,67f55379f7cd013df69fe5f4,0.2581160959977725,1,right,0.0355403942572588,3.88962435,1.9988037,1.0,0.006089036055923473,-1.041340035,-9.381435,2.440622765,3.5832957499999987,176.86631975,18.0,2.7437485000000006,2.3335944999999993,0.45,6.963136166388008,32.0,279.15120511,20.0,98.78975829,20.867091999999992,16.0,89.17083306707906,49.97454210007436,26.0
8249,j,capitals,3,country,Canada,Ottawa,Toronto,What is the capital of Canada?,The capital of Canada is,1.465,6.491,4.430716724,False,critical,html-keyboard-response,79,395084,subject_30,67d993866d1d7516d87e97de,67f55379f7cd013df69fe5f4,0.2581160959977725,1,right,0.0421173961982666,3.41186485,1.57882065,1.0,0.09166666666666667,-0.8216695,-5.87537415,3.39860975,-1.0815602000000002,151.21389025500002,16.0,1.62056305,1.62056305,0.55,18.015003869553816,21.0,209.80200216699998,15.0,104.683861683,9.282030650000001,24.5,78.4247090436364,17.054693758663674,27.0
4760,f,capitals,15,state,Connecticut,Hartford,Bridgeport,What is the capital of Connecticut?,The capital of Connecticut is,0.119,0.148,1.243697479,True,critical,html-keyboard-response,81,400848,subject_30,67d993866d1d7516d87e97de,67f55379f7cd013df69fe5f4,0.2581160959977725,1,left,-0.2046262572659959,4.152413,2.4941535000000004,1.0,0.012903762903762904,-1.2379590999999999,-8.185617,4.8248759,4.25825,176.1870492,16.0,0.7039874999999993,0.7039874999999993,0.3,12.984765384964998,24.0,278.35317808,20.0,187.17906882,0.754308,10.5,97.3336617897597,26.70347104409089,31.0
8280,j,capitals,32,state,New York,Albany,New York,What is the capital of New York?,The capital of New York is,0.103,7.937,77.05825243,False,critical,html-keyboard-response,83,410143,subject_30,67d993866d1d7516d87e97de,67f55379f7cd013df69fe5f4,0.2581160959977725,1,right,0.0443097301786026,2.31160665,4.8018915,1.0,0.07179487179487179,-0.40196120999999996,-4.7547025000000005,3.14106469,-1.30574515,164.00049312,18.0,4.1901697,3.862285,0.6875,15.47453789415244,25.5,229.375925891,15.0,53.021560058999995,59.8069269,27.0,75.81720478275057,45.627494070248844,27.0
10855,f,capitals,26,state,Montana,Helena,Billings,What is the capital of Montana?,The capital of Montana is,0.0359,0.123,3.426183844,True,critical,html-keyboard-response,85,422012,subject_30,67d993866d1d7516d87e97de,67f55379f7cd013df69fe5f4,0.2581160959977725,1,left,0.2264148914484439,4.00716885,2.3871716000000003,1.0,0.0004472704898291971,-1.22599375,-12.036882250000001,2.2819052,-1.00467525,175.57409865,18.0,2.4909772499999994,2.1745497500000006,0.5875,6.831399328645267,33.0,299.00474067,20.0,76.68242387999999,24.127286050000002,24.0,98.87916742139757,43.100083383269855,28.5
7883,j,capitals,29,state,New Hampshire,Concord,Manchester,What is the capital of New Hampshire?,The capital of New Hampshire is,0.0449,0.115,2.561247216,False,critical,html-keyboard-response,87,430898,subject_30,67d993866d1d7516d87e97de,67f55379f7cd013df69fe5f4,0.2581160959977725,1,right,0.0162337111401067,3.8924572,2.5146651,1.0,0.00224755864290748,-1.1561135,-10.1354995,2.64535425,0.8996589999999998,168.00271485000002,18.0,0.0,0.0,0.025,8.377304174979542,32.5,253.08660677999998,20.0,138.81277821999998,0.0,27.0,98.10982957505266,32.00701641793163,32.0
7732,j,capitals,11,country,United Arab Emirates,Abu Dhabi,Dubai,What is the capital of the United Arab Emirates?,The capital of the United Arab Emirates is,1.6,3.1,1.9375,True,critical,html-keyboard-response,89,439634,subject_30,67d993866d1d7516d87e97de,67f55379f7cd013df69fe5f4,0.2581160959977725,0,right,0.0055549230423412,3.6339115499999997,2.33935815,1.0,0.00522367703218767,-1.0856354000000001,-9.346349,2.50591525,-0.6000735000000006,159.839143965,14.0,3.36275555,3.36275555,0.65,9.84413945872573,31.0,260.0233028075,0.0,72.79101454250001,22.182172549999997,33.0,96.97781470445022,51.8589082146157,33.0
1656,f,capitals,22,state,Maine,Augusta,Portland,What is the capital of Maine?,The capital of Maine is,0.0192,0.0695,3.619791667,False,critical,html-keyboard-response,7,37067,subject_28,67d993866d1d7516d87e97de,67f5594f1e1942f068f623fb,0.1506499290180857,0,left,0.2783012955730868,3.7875023,2.4801948,1.0,0.0016831873627990133,-1.0323926499999998,-10.4254775,2.0421341999999996,-1.8715164999999994,169.20454695,18.0,5.94090445,5.94090445,0.95,2.583690266418973,37.0,311.71045002,37.0,44.16688318,51.44942174999999,21.0,71.44560616098389,59.91154959685878,37.0
1318,f,capitals,42,state,Wisconsin,Madison,Milwaukee,What is the capital of Wisconsin?,The capital of Wisconsin is,0.284,0.551,1.940140845,True,critical,html-keyboard-response,9,39389,subject_28,67d993866d1d7516d87e97de,67f5594f1e1942f068f623fb,0.1506499290180857,1,left,-0.4987964998548324,3.13448335,2.23414315,1.0,0.006828316610925306,-0.760507775,-9.046759,3.316440125,1.0081592500000003,161.19694813,16.0,0.0,0.0,0.025,8.781973336626725,35.0,233.021284015,20.0,104.89291063499999,0.0,33.0,87.39257794461776,27.410622132151936,33.0
1325,f,capitals,31,state,New Mexico,Santa Fe,Albuquerque,What is the capital of New Mexico?,The capital of New Mexico is,0.0901,0.557,6.182019978,False,critical,html-keyboard-response,11,41718,subject_28,67d993866d1d7516d87e97de,67f5594f1e1942f068f623fb,0.1506499290180857,0,left,-0.4827027585294021,3.0991414500000003,1.3244324,1.0,0.014238667183262301,-0.69803795,-9.098272999999999,2.46943,0.3069240000000004,166.6062263,18.0,5.093978,3.5249351500000006,0.525,8.033448780088444,31.0,260.480373305,20.0,49.826687745000015,48.39635365000001,19.0,84.180459503387,57.783921029115376,24.0
2482,f,capitals,23,state,Maryland,Annapolis,Baltimore,What is the capital of Maryland?,The capital of Maryland is,0.0403,0.553,13.72208437,True,critical,html-keyboard-response,13,45205,subject_28,67d993866d1d7516d87e97de,67f5594f1e1942f068f623fb,0.1506499290180857,1,left,2.17736277197386,3.6610867999999996,1.99519565,1.0,0.007435328135488201,-1.006010815,-9.066941499999999,2.3947849850000003,-2.0526531999999995,171.39884055,18.0,5.272523,5.272523,0.7124999999999999,8.627807633730525,31.0,269.905489795,21.0,82.80523015499999,30.549259500000005,17.5,88.24512507064568,61.977535890917494,35.0
2414,f,capitals,11,country,United Arab Emirates,Abu Dhabi,Dubai,What is the capital of the United Arab Emirates?,The capital of the United Arab Emirates is,1.6,3.1,1.9375,True,critical,html-keyboard-response,15,48623,subject_28,67d993866d1d7516d87e97de,67f5594f1e1942f068f623fb,0.1506499290180857,1,left,2.021023570526823,3.6339115499999997,2.33935815,1.0,0.00522367703218767,-1.0856354000000001,-9.346349,2.50591525,-0.6000735000000006,159.839143965,14.0,3.36275555,3.36275555,0.65,9.84413945872573,31.0,260.0233028075,0.0,72.79101454250001,22.182172549999997,33.0,96.97781470445022,51.8589082146157,33.0
1042,f,capitals,35,state,Oregon,Salem,Portland,What is the capital of Oregon?,The capital of Oregon is,0.178,0.615,3.45505618,False,critical,html-keyboard-response,17,50669,subject_28,67d993866d1d7516d87e97de,67f5594f1e1942f068f623fb,0.1506499290180857,0,left,-1.133349729257512,3.87003685,0.9559546750000001,1.0,0.02684931506849315,-1.33495845,-8.585685999999999,2.0863518,0.6543089999999996,153.11513470199998,18.0,4.49311111,4.49311111,0.6875,9.833651245669653,33.5,221.757705704,20.0,88.948261346,12.927848335,34.0,127.8462239789101,66.26897622229141,34.0
1287,j,capitals,28,state,Nevada,Carson City,Las Vegas,What is the capital of Nevada?,The capital of Nevada is,0.0576,0.67,11.63194444,False,critical,html-keyboard-response,19,52960,subject_28,67d993866d1d7516d87e97de,67f5594f1e1942f068f623fb,0.1506499290180857,1,right,-0.5700687828674522,3.21408655,2.2825403,1.0,0.009556159420289855,-0.7483732750000001,-8.5907935,3.2634109749999998,0.3897780000000006,154.31583923,24.0,0.6128969999999994,0.6128969999999994,0.46249999999999997,13.888110548784098,22.0,212.93093655299998,21.0,129.96025854700002,1.2335965999999998,27.5,151.10212968210539,49.69601040539513,33.0
1163,f,capitals,5,country,Morrocco,Rabat,Marrakesh,What is the capital of Morrocco?,The capital of Morrocco is,2.02,1.085,0.5371287129,True,critical,html-keyboard-response,21,55126,subject_28,67d993866d1d7516d87e97de,67f5594f1e1942f068f623fb,0.1506499290180857,1,left,-0.8551579149179315,4.06911815,3.926867,1.0,0.001930509063232023,-1.06717185,-9.534113999999999,2.73666185,-0.551412,192.02520429999998,22.5,5.353308500000001,3.0599705000000004,0.6125,7.031879522295083,33.0,303.121009725,22.5,42.028869125,59.422086599999986,14.5,71.26685811006843,54.04151717765417,23.0
1362,j,capitals,1,country,Australia,Canberra,Sydney,What is the capital of Australia?,The capital of Australia is,0.483,5.249,10.86749482,True,critical,html-keyboard-response,23,57492,subject_28,67d993866d1d7516d87e97de,67f5594f1e1942f068f623fb,0.1506499290180857,0,right,-0.3976358400949849,2.91766655,1.443579,1.0,0.013910060975609756,-0.732931825,-9.718684,2.424576675,-3.10026675,135.81862900000002,16.0,4.71659925,4.71659925,0.7,13.549338958870404,26.5,205.0319132245,16.0,133.7638296255,27.787327949999998,27.0,115.01755520776328,61.294825054348195,27.0
2364,f,capitals,17,state,Florida,Tallahassee,Jacksonville,What is the capital of Florida?,The capital of Florida is,0.205,1.008,4.917073171,False,critical,html-keyboard-response,25,60860,subject_28,67d993866d1d7516d87e97de,67f5594f1e1942f068f623fb,0.1506499290180857,0,left,1.906068275345178,3.563912,2.6319027999999998,1.0,0.008519591611479029,-0.95531795,-8.4452955,4.38171585,1.3466129999999996,162.1489442425,23.5,1.2571029,1.2571029,0.48750000000000004,9.093065063976583,33.0,222.1497324065,20.0,145.26711409350003,2.21744865,24.0,154.13877107879688,46.03097986487076,33.0
1285,j,capitals,39,state,Vermont,Montpelier,Burlington,What is the capital of Vermont?,The capital of Vermont is,0.0079,0.0444,5.620253165,True,critical,html-keyboard-response,27,63149,subject_28,67d993866d1d7516d87e97de,67f5594f1e1942f068f623fb,0.1506499290180857,0,right,-0.574666994674718,2.8268120999999997,0.75283587,1.0,0.0034998085574806164,-0.637835275,-11.6183655,2.518385875,0.32600349999999967,158.75225502,18.0,2.6147142499999996,2.5662552499999993,0.44999999999999996,6.6844704108256,35.0,288.368095275,20.0,52.797800275,17.347483000000004,23.0,87.53368163162845,59.445257727624245,23.0
1129,f,capitals,24,state,Michigan,Lansing,Detroit,What is the capital of Michigan?,The capital of Michigan is,0.112,0.63,5.625,False,critical,html-keyboard-response,29,65282,subject_28,67d993866d1d7516d87e97de,67f5594f1e1942f068f623fb,0.1506499290180857,0,left,-0.93332751564145,3.1715925,0.8199855199999999,1.0,0.020092460881934567,-0.8804468999999999,-8.9095815,2.08088635,-0.3318779999999997,162.992733545,18.0,2.8472903499999997,2.8472903499999997,0.7,7.4411319048798905,35.5,223.482275455,20.0,122.07790124499999,9.68996645,35.0,132.35050610599825,75.15181857684905,35.0
1555,f,capitals,15,state,Connecticut,Hartford,Bridgeport,What is the capital of Connecticut?,The capital of Connecticut is,0.119,0.148,1.243697479,False,critical,html-keyboard-response,31,67840,subject_28,67d993866d1d7516d87e97de,67f5594f1e1942f068f623fb,0.1506499290180857,0,left,0.0460915993061642,4.152413,2.4941535000000004,1.0,0.012903762903762904,-1.2379590999999999,-8.185617,4.8248759,4.25825,176.1870492,16.0,0.7039874999999993,0.7039874999999993,0.3,12.984765384964998,24.0,278.35317808,20.0,187.17906882,0.754308,10.5,97.3336617897597,26.70347104409089,31.0
1468,j,capitals,41,state,Washington,Olympia,Seattle,What is the capital of Washington?,The capital of Washington is,0.0558,0.765,13.70967742,True,critical,html-keyboard-response,33,70312,subject_28,67d993866d1d7516d87e97de,67f5594f1e1942f068f623fb,0.1506499290180857,0,right,-0.1539306143098978,2.4590736499999997,3.76935035,1.0,0.018367961457392352,-0.44257853999999996,-7.3950467,3.85359726,-2.2241997000000007,144.06035742999998,23.0,4.896856099999999,4.896856099999999,0.6625000000000001,14.217480554285576,25.5,250.7986976015,25.0,103.96332209849999,33.6275834,16.0,99.67318648330391,49.08176857829807,25.0
1315,f,capitals,27,state,Nebraska,Lincoln,Omaha,What is the capital of Nebraska?,The capital of Nebraska is,0.297,0.477,1.606060606,False,critical,html-keyboard-response,35,72631,subject_28,67d993866d1d7516d87e97de,67f5594f1e1942f068f623fb,0.1506499290180857,0,left,-0.5056938175657311,3.40945435,2.88149385,1.0,0.002427404976322155,-0.90226395,-9.880027,1.9579811500000002,-0.6194575000000002,166.84559195,14.0,6.48387735,5.795127749999999,0.9875,3.0583791478084397,38.0,334.6421603,20.0,16.19795,78.670469,18.0,81.67707104491953,87.8184827648541,24.0
1711,j,capitals,2,country,Brazil,Brasilia,Rio de Janeiro,What is the capital of Brazil?,The capital of Brazil is,4.99,13.923,2.790180361,True,critical,html-keyboard-response,37,75346,subject_28,67d993866d1d7516d87e97de,67f5594f1e1942f068f623fb,0.1506499290180857,0,right,0.4047521202728962,2.0599417,0.8546364200000001,1.0,0.010916269887353384,-0.37423359,-9.777523500000001,3.12931296,0.3757585000000008,171.91224647,18.0,3.580388749999999,2.5741565,0.55,9.253846674396854,34.0,298.44019958,15.0,47.51553901999999,30.58541265,22.0,58.33967382007255,24.97507531677988,22.0
1404,j,capitals,16,state,Delaware,Dover,Wilmington,What is the capital of Delaware?,The capital of Delaware is,0.0403,0.0722,1.791563275,False,critical,html-keyboard-response,39,77753,subject_28,67d993866d1d7516d87e97de,67f5594f1e1942f068f623fb,0.1506499290180857,1,right,-0.3010733921424032,4.2341493,0.72218523,1.0,0.012666345999679333,-1.74989815,-9.680467,0.94623425,3.385187,168.90373542999998,18.0,0.0,0.0,0.025,6.774399509720723,34.0,229.367487715,20.0,115.99101648500002,0.0,34.5,110.70916324533087,58.08677270925415,34.5
1428,j,capitals,26,state,Montana,Helena,Billings,What is the capital of Montana?,The capital of Montana is,0.0359,0.123,3.426183844,True,critical,html-keyboard-response,41,80185,subject_28,67d993866d1d7516d87e97de,67f5594f1e1942f068f623fb,0.1506499290180857,0,right,-0.2458948504552137,4.00716885,2.3871716000000003,1.0,0.0004472704898291971,-1.22599375,-12.036882250000001,2.2819052,-1.00467525,175.57409865,18.0,2.4909772499999994,2.1745497500000006,0.5875,6.831399328645267,33.0,299.00474067,20.0,76.68242387999999,24.127286050000002,24.0,98.87916742139757,43.100083383269855,28.5
1651,j,capitals,33,state,North Carolina,Raleigh,Charlotte,What is the capital of North Carolina?,The capital of North Carolina is,0.494,0.935,1.892712551,False,critical,html-keyboard-response,43,82839,subject_28,67d993866d1d7516d87e97de,67f5594f1e1942f068f623fb,0.1506499290180857,1,right,0.2668057660549224,3.9989741,1.4837299000000002,1.0,0.017565485362095533,-1.2707921500000001,-8.2403645,2.6944252,2.3565879999999995,167.86508935,18.0,1.4855458000000001,1.4855458000000001,0.7124999999999999,8.574116496188747,32.5,209.911716892,20.0,142.86702770799997,5.01324945,7.0,125.69617107504936,62.09856014494803,35.0
1368,f,capitals,8,country,South Africa,Pretoria,Johannesburg,What is the capital of South Africa?,The capital of South Africa is,3.0,6.4,2.133333333,False,critical,html-keyboard-response,45,85211,subject_28,67d993866d1d7516d87e97de,67f5594f1e1942f068f623fb,0.1506499290180857,0,left,-0.3838412046731875,4.3614197,2.7407284,1.0,0.005607622617931896,-2.11893455,-8.995401000000001,2.2255171,-0.9749508000000002,168.89477075,14.0,4.743248,4.743248,0.8125,6.902744233458726,33.0,261.79318212500004,33.0,107.26548872500001,40.14546490000001,33.0,126.64268622248599,90.68654232034928,33.5
1541,j,capitals,10,country,Turkey,Ankara,Istanbul,What is the capital of Turkey?,The capital of Turkey is,5.55,16.24,2.926126126,False,critical,html-keyboard-response,47,87756,subject_28,67d993866d1d7516d87e97de,67f5594f1e1942f068f623fb,0.1506499290180857,1,right,0.0139041166553036,3.7206935999999997,3.6190253,1.0,0.0140625,-1.049432,-7.22749025,1.77928585,-1.0519376499999997,181.67489892999998,14.0,3.36303155,3.36303155,0.7875000000000001,7.10805059345744,34.0,232.28671097749998,0.0,68.73258667249999,23.91809185,34.0,109.98791459488866,68.21821684179301,34.0
1818,j,capitals,20,state,Kentucky,Frankfort,Louisville,What is the capital of Kentucky?,The capital of Kentucky is,0.0281,0.617,21.95729537,True,critical,html-keyboard-response,49,90577,subject_28,67d993866d1d7516d87e97de,67f5594f1e1942f068f623fb,0.1506499290180857,0,right,0.6507564519616162,3.0547366,2.2666612,1.0,0.000659358843533807,-0.74241135,-11.6135325,2.1753297,-0.9483945,176.88001325,18.0,5.5287013,4.96804475,0.75,4.405366338069108,37.0,336.0411206,26.0,22.964224,60.86410575,26.0,72.27622371274914,51.10917786191476,26.0
1306,f,capitals,9,country,Switzerland,Bern,Zurich,What is the capital of Switzerland?,The capital of Switzerland is,0.448,1.455,3.247767857,False,critical,html-keyboard-response,51,92886,subject_28,67d993866d1d7516d87e97de,67f5594f1e1942f068f623fb,0.1506499290180857,0,left,-0.5263857706984272,4.1456575,2.41449345,0.5,0.0021505425701852632,-1.92965085,-10.040487,1.9507065,-3.461702700000001,159.68889725000002,14.0,4.6987805499999995,4.6987805499999995,0.725,3.5004306147470485,37.0,294.98176505000004,16.0,73.5494113,34.15059715,1.0,73.47320395691726,42.42957016076099,37.0
1486,f,capitals,34,state,North Dakota,Bismarck,Fargo,What is the capital of North Dakota?,The capital of North Dakota is,0.076,0.138,1.815789474,False,critical,html-keyboard-response,53,95376,subject_28,67d993866d1d7516d87e97de,67f5594f1e1942f068f623fb,0.1506499290180857,0,left,-0.1125467080445056,3.1886295000000002,1.6228072999999998,1.0,0.04464285714285714,-0.8373848349999999,-6.98899085,3.346709315,2.0134886500000007,158.9716758025,18.0,1.0428039999999998,1.0428039999999998,0.425,10.24716289924514,32.5,181.48586626009998,20.0,91.95245258989999,1.3760648999999998,25.0,78.67897042291708,25.245962637347155,34.5
1283,j,capitals,40,state,Virginia,Richmond,Virginia Beach,What is the capital of Virginia?,The capital of Virginia is,0.231,0.45,1.948051948,False,critical,html-keyboard-response,55,97662,subject_28,67d993866d1d7516d87e97de,67f5594f1e1942f068f623fb,0.1506499290180857,1,right,-0.5792652064819838,4.120711549999999,3.5882533,1.0,0.02312889812889813,-1.16916945,-6.914387700000001,2.59017605,0.19082209999999966,175.71893075000003,18.5,2.56121715,2.56121715,0.7,5.77276122250901,38.0,284.03714405,20.0,35.25386895,25.267003600000002,18.0,46.35421140072588,30.54006897158279,36.0
1826,f,capitals,30,state,New Jersey,Trenton,Newark,What is the capital of New Jersey?,The capital of New Jersey is,0.0898,0.306,3.407572383,True,critical,html-keyboard-response,57,100492,subject_28,67d993866d1d7516d87e97de,67f5594f1e1942f068f623fb,0.1506499290180857,1,left,0.6691492991906794,3.3090056,1.82140345,1.0,0.0016363743403658628,-0.84072134,-10.924448,3.76701416,-4.2521546,156.04382572,18.0,6.901956650000001,6.901956650000001,0.725,8.925782555854742,34.5,273.68847277500004,22.0,47.345132775,80.49773385,24.5,88.88474869929352,60.16044669384837,28.5
1368,f,capitals,18,state,Illinois,Springfield,Chicago,What is the capital of Illinois?,The capital of Illinois is,0.111,2.612,23.53153153,True,critical,html-keyboard-response,59,102863,subject_28,67d993866d1d7516d87e97de,67f5594f1e1942f068f623fb,0.1506499290180857,1,left,-0.3838412046731875,3.7229846,2.02082935,1.0,0.0037192282102461744,-1.0637694,-9.972052999999999,1.8728581000000002,-5.79218335,170.65176035000002,18.0,8.6360925,8.6360925,0.675,5.610516716755836,37.0,311.23248041500005,22.5,49.248491285,81.37087019,25.0,83.27137832278736,56.50312887381918,25.0
1075,j,capitals,3,country,Canada,Ottawa,Toronto,What is the capital of Canada?,The capital of Canada is,1.465,6.491,4.430716724,True,critical,html-keyboard-response,61,104941,subject_28,67d993866d1d7516d87e97de,67f5594f1e1942f068f623fb,0.1506499290180857,0,right,-1.0574792344376265,3.41186485,1.57882065,1.0,0.09166666666666667,-0.8216695,-5.87537415,3.39860975,-1.0815602000000002,151.21389025500002,16.0,1.62056305,1.62056305,0.55,18.015003869553816,21.0,209.80200216699998,15.0,104.683861683,9.282030650000001,24.5,78.4247090436364,17.054693758663674,27.0
1540,j,capitals,4,country,India,New Delhi,Mumbai,What is the capital of India?,The capital of India is,0.206,22.1,107.2815534,True,critical,html-keyboard-response,63,107485,subject_28,67d993866d1d7516d87e97de,67f5594f1e1942f068f623fb,0.1506499290180857,0,right,0.0116050107516707,3.3890189,1.4282650000000001,1.0,0.06971153846153846,-1.1690336,-6.6849964,4.1036254,2.7211151000000005,151.45156923500002,14.0,2.3097963499999996,1.1339184999999992,0.425,9.901198823968304,30.0,227.81903473,16.0,94.28140192000001,13.430843800000002,8.0,81.85221999731655,37.65522312456052,32.0
1279,j,capitals,37,state,South Dakota,Pierre,Sioux Falls,What is the capital of South Dakota?,The capital of South Dakota is,0.0138,0.215,15.57971014,True,critical,html-keyboard-response,65,109767,subject_28,67d993866d1d7516d87e97de,67f5594f1e1942f068f623fb,0.1506499290180857,0,right,-0.5884616300965154,3.88962435,1.9988037,1.0,0.006089036055923473,-1.041340035,-9.381435,2.440622765,3.5832957499999987,176.86631975,18.0,2.7437485000000006,2.3335944999999993,0.45,6.963136166388008,32.0,279.15120511,20.0,98.78975829,20.867091999999992,16.0,89.17083306707906,49.97454210007436,26.0
1121,f,capitals,7,country,Pakistan,Islamabad,Karachi,What is the capital of Pakistan?,The capital of Pakistan is,1.3,18.1,13.92307692,True,critical,html-keyboard-response,67,111892,subject_28,67d993866d1d7516d87e97de,67f5594f1e1942f068f623fb,0.1506499290180857,1,left,-0.9517203628705132,3.8934075,2.6534792,1.0,0.0019266429313158284,-1.11515545,-10.314565,2.1734213999999996,-4.08459765,183.33887535,14.0,4.08459765,4.08459765,0.675,5.719409224572999,32.5,281.15069095,25.0,33.481899,38.1329444,25.0,81.74658055471438,60.49985834162654,25.0
1241,f,capitals,29,state,New Hampshire,Concord,Manchester,What is the capital of New Hampshire?,The capital of New Hampshire is,0.0449,0.115,2.561247216,False,critical,html-keyboard-response,69,114136,subject_28,67d993866d1d7516d87e97de,67f5594f1e1942f068f623fb,0.1506499290180857,0,left,-0.6758276544345655,3.8924572,2.5146651,1.0,0.00224755864290748,-1.1561135,-10.1354995,2.64535425,0.8996589999999998,168.00271485000002,18.0,0.0,0.0,0.025,8.377304174979542,32.5,253.08660677999998,20.0,138.81277821999998,0.0,27.0,98.10982957505266,32.00701641793163,32.0
1165,f,capitals,6,country,New Zealand,Wellington,Auckland,What is the capital of New Zealand?,The capital of New Zealand is,0.428,1.711,3.997663551,True,critical,html-keyboard-response,71,116304,subject_28,67d993866d1d7516d87e97de,67f5594f1e1942f068f623fb,0.1506499290180857,1,left,-0.8505597031106656,4.244933850000001,2.3052439,1.0,0.008300041328006613,-1.7685506,-8.672815499999999,2.1210044999999997,0.577696500000001,145.06194,14.0,4.1641122,4.1641122,0.5,13.508204608971669,26.0,251.64753062350002,26.0,86.95005627649999,49.788739050000004,26.0,100.41858076823004,69.00830151646427,29.0
1564,j,capitals,38,state,Texas,Austin,Houston,What is the capital of Texas?,The capital of Texas is,0.989,2.324,2.349848332,False,critical,html-keyboard-response,73,118873,subject_28,67d993866d1d7516d87e97de,67f5594f1e1942f068f623fb,0.1506499290180857,1,right,0.0667835524388603,2.7289062,3.68736335,1.0,0.08712121212121213,-0.506320885,-4.40157605,4.012876565,1.53352215,151.14799460999998,11.0,0.08562525000000054,0.08562525000000054,0.35,19.22278273641858,20.0,198.241569792,15.0,136.22196335799998,0.08562525000000054,10.5,81.3456051528303,15.975005422746095,35.0
1686,f,capitals,36,state,Pennsylvania,Harrisburg,Philadelphia,What is the capital of Pennsylvania?,The capital of Pennsylvania is,0.05,1.517,30.34,True,critical,html-keyboard-response,75,121563,subject_28,67d993866d1d7516d87e97de,67f5594f1e1942f068f623fb,0.1506499290180857,1,left,0.3472744726820738,3.80286055,1.2945525999999998,1.0,0.005201455329470422,-0.971369375,-10.090643,2.9000446250000005,-0.7811735000000004,169.40291199,18.0,4.7394538,4.5681133,0.6625000000000001,12.812658898193753,26.5,280.7955821475,22.5,70.13658115249999,36.52358815000001,24.0,104.5548823855986,47.04693462155399,24.0
1190,f,capitals,32,state,New York,Albany,New York,What is the capital of New York?,The capital of New York is,0.103,7.937,77.05825243,False,critical,html-keyboard-response,77,123757,subject_28,67d993866d1d7516d87e97de,67f5594f1e1942f068f623fb,0.1506499290180857,0,left,-0.7930820555198432,2.31160665,4.8018915,1.0,0.07179487179487179,-0.40196120999999996,-4.7547025000000005,3.14106469,-1.30574515,164.00049312,18.0,4.1901697,3.862285,0.6875,15.47453789415244,25.5,229.375925891,15.0,53.021560058999995,59.8069269,27.0,75.81720478275057,45.627494070248844,27.0
2708,j,capitals,12,state,Alabama,Montgomery,Birmingham,What is the capital of Alabama?,The capital of Alabama is,0.192,0.194,1.010416667,True,critical,html-keyboard-response,79,127468,subject_28,67d993866d1d7516d87e97de,67f5594f1e1942f068f623fb,0.1506499290180857,0,right,2.696960706194895,3.1154528,2.2013875499999997,1.0,0.003584966270478638,-0.7024276,-9.767927,3.1901363,-1.4417109999999997,171.89705985,16.0,5.234766799999999,5.234766799999999,0.725,8.879740567094881,31.0,283.66813919000003,20.0,35.182526159999995,72.3701839,11.0,72.1080126268425,56.93717089653546,31.0
1332,j,capitals,14,state,California,Sacramento,Los Angeles,What is the capital of California?,The capital of California is,0.527,3.8,7.210626186,False,critical,html-keyboard-response,81,129804,subject_28,67d993866d1d7516d87e97de,67f5594f1e1942f068f623fb,0.1506499290180857,1,right,-0.4666090172039718,2.8312225,3.369704,1.0,0.1,-0.63638328,-4.58591525,4.79400397,-0.5027754,142.854805135,14.5,5.676533999999999,5.419304,0.5875,18.10634188869909,22.0,220.35396464500002,17.5,113.277399355,50.27004185000001,25.5,97.10799675216575,25.585019619395112,25.0
2852,f,capitals,25,state,Minnesota,St. Paul,Minneapolis,What is the capital of Minnesota?,The capital of Minnesota is,0.299,0.421,1.408026756,True,critical,html-keyboard-response,83,133660,subject_28,67d993866d1d7516d87e97de,67f5594f1e1942f068f623fb,0.1506499290180857,1,left,3.028031956318032,3.58195065,1.6521141,1.0,0.017392619479733817,-1.4853812,-8.023998,2.1170464,1.1057884999999996,150.791991795,18.0,6.11360015,6.11360015,0.875,3.3354361793014986,36.5,291.73495485,35.0,30.489669350000007,37.57722344999999,35.0,64.16242236428235,64.57921294960164,35.0
1206,f,capitals,13,state,Alaska,Juneau,Anchorage,What is the capital of Alaska?,The capital of Alaska is,0.0311,0.283,9.099678457,False,critical,html-keyboard-response,85,135870,subject_28,67d993866d1d7516d87e97de,67f5594f1e1942f068f623fb,0.1506499290180857,0,left,-0.7562963610617169,4.0331867,1.032167785,1.0,0.0012974288388852195,-1.38228545,-12.390654,1.9327201,-2.1549560000000003,158.058188835,18.0,4.9375237,4.9375237,0.9624999999999999,2.4642328656242176,37.0,348.27460882,33.0,8.84634368,72.57630929999998,37.0,50.961827169017766,61.5026154449013,37.0
1736,j,capitals,21,state,Louisiana,Baton Rouge,New Orleans,What is the capital of Louisiana?,The capital of Louisiana is,0.215,0.351,1.63255814,False,critical,html-keyboard-response,87,138609,subject_28,67d993866d1d7516d87e97de,67f5594f1e1942f068f623fb,0.1506499290180857,1,right,0.4622297678637186,2.79039935,2.0269129,1.0,0.0034954039671020805,-0.60054295,-9.8353815,2.3737587500000004,-2.482563500000001,172.31991220000003,18.0,5.1981744999999995,3.793621,0.6875,7.716095282905707,34.5,282.68865437,20.0,29.084738729999994,68.09929645,24.5,62.8804213583455,54.76974795931437,27.0
1418,j,capitals,19,state,Kansas,Topeka,Wichita,What is the capital of Kansas?,The capital of Kansas is,0.125,0.395,3.16,True,critical,html-keyboard-response,89,141030,subject_28,67d993866d1d7516d87e97de,67f5594f1e1942f068f623fb,0.1506499290180857,0,right,-0.2688859094915427,3.69316615,2.64080265,1.0,0.010417797069994574,-1.07303922,-8.168856,1.73419138,-0.5498905999999999,162.288778245,35.0,2.9706022499999998,1.7607325999999994,0.5625,10.046628532789011,33.0,233.6914373035,18.0,65.7761040965,17.125884900000003,35.0,90.36345231361148,54.06264558247349,35.0
2337,f,capitals,33,state,North Carolina,Raleigh,Charlotte,What is the capital of North Carolina?,The capital of North Carolina is,0.494,0.935,1.892712551,False,critical,html-keyboard-response,7,375576,subject_24,67d993866d1d7516d87e97de,67dafc88e5fd277b68528422,0.4115900751875853,0,left,-0.2634545298254268,3.9989741,1.4837299000000002,1.0,0.017565485362095533,-1.2707921500000001,-8.2403645,2.6944252,2.3565879999999995,167.86508935,18.0,1.4855458000000001,1.4855458000000001,0.7124999999999999,8.574116496188747,32.5,209.911716892,20.0,142.86702770799997,5.01324945,7.0,125.69617107504936,62.09856014494803,35.0
1761,f,capitals,9,country,Switzerland,Bern,Zurich,What is the capital of Switzerland?,The capital of Switzerland is,0.448,1.455,3.247767857,False,critical,html-keyboard-response,9,378342,subject_24,67d993866d1d7516d87e97de,67dafc88e5fd277b68528422,0.4115900751875853,0,left,-0.7628662196496495,4.1456575,2.41449345,0.5,0.0021505425701852632,-1.92965085,-10.040487,1.9507065,-3.461702700000001,159.68889725000002,14.0,4.6987805499999995,4.6987805499999995,0.725,3.5004306147470485,37.0,294.98176505000004,16.0,73.5494113,34.15059715,1.0,73.47320395691726,42.42957016076099,37.0
2321,j,capitals,14,state,California,Sacramento,Los Angeles,What is the capital of California?,The capital of California is,0.527,3.8,7.210626186,True,critical,html-keyboard-response,11,381667,subject_24,67d993866d1d7516d87e97de,67dafc88e5fd277b68528422,0.4115900751875853,0,right,-0.2773270767649886,2.8312225,3.369704,1.0,0.1,-0.63638328,-4.58591525,4.79400397,-0.5027754,142.854805135,14.5,5.676533999999999,5.419304,0.5875,18.10634188869909,22.0,220.35396464500002,17.5,113.277399355,50.27004185000001,25.5,97.10799675216575,25.585019619395112,25.0
2567,j,capitals,29,state,New Hampshire,Concord,Manchester,What is the capital of New Hampshire?,The capital of New Hampshire is,0.0449,0.115,2.561247216,True,critical,html-keyboard-response,13,385238,subject_24,67d993866d1d7516d87e97de,67dafc88e5fd277b68528422,0.4115900751875853,0,right,-0.0640366675692268,3.8924572,2.5146651,1.0,0.00224755864290748,-1.1561135,-10.1354995,2.64535425,0.8996589999999998,168.00271485000002,18.0,0.0,0.0,0.025,8.377304174979542,32.5,253.08660677999998,20.0,138.81277821999998,0.0,27.0,98.10982957505266,32.00701641793163,32.0
2382,j,capitals,8,country,South Africa,Pretoria,Johannesburg,What is the capital of South Africa?,The capital of South Africa is,3.0,6.4,2.133333333,True,critical,html-keyboard-response,15,388622,subject_24,67d993866d1d7516d87e97de,67dafc88e5fd277b68528422,0.4115900751875853,0,right,-0.2244379915579094,4.3614197,2.7407284,1.0,0.005607622617931896,-2.11893455,-8.995401000000001,2.2255171,-0.9749508000000002,168.89477075,14.0,4.743248,4.743248,0.8125,6.902744233458726,33.0,261.79318212500004,33.0,107.26548872500001,40.14546490000001,33.0,126.64268622248599,90.68654232034928,33.5
2960,j,capitals,15,state,Connecticut,Hartford,Bridgeport,What is the capital of Connecticut?,The capital of Connecticut is,0.119,0.148,1.243697479,True,critical,html-keyboard-response,17,392586,subject_24,67d993866d1d7516d87e97de,67dafc88e5fd277b68528422,0.4115900751875853,0,right,0.2767077666337584,4.152413,2.4941535000000004,1.0,0.012903762903762904,-1.2379590999999999,-8.185617,4.8248759,4.25825,176.1870492,16.0,0.7039874999999993,0.7039874999999993,0.3,12.984765384964998,24.0,278.35317808,20.0,187.17906882,0.754308,10.5,97.3336617897597,26.70347104409089,31.0
2491,f,capitals,27,state,Nebraska,Lincoln,Omaha,What is the capital of Nebraska?,The capital of Nebraska is,0.297,0.477,1.606060606,False,critical,html-keyboard-response,19,396161,subject_24,67d993866d1d7516d87e97de,67dafc88e5fd277b68528422,0.4115900751875853,0,left,-0.129931265532145,3.40945435,2.88149385,1.0,0.002427404976322155,-0.90226395,-9.880027,1.9579811500000002,-0.6194575000000002,166.84559195,14.0,6.48387735,5.795127749999999,0.9875,3.0583791478084397,38.0,334.6421603,20.0,16.19795,78.670469,18.0,81.67707104491953,87.8184827648541,24.0
2928,j,capitals,35,state,Oregon,Salem,Portland,What is the capital of Oregon?,The capital of Oregon is,0.178,0.615,3.45505618,False,critical,html-keyboard-response,21,400092,subject_24,67d993866d1d7516d87e97de,67dafc88e5fd277b68528422,0.4115900751875853,1,right,0.248962672754635,3.87003685,0.9559546750000001,1.0,0.02684931506849315,-1.33495845,-8.585685999999999,2.0863518,0.6543089999999996,153.11513470199998,18.0,4.49311111,4.49311111,0.6875,9.833651245669653,33.5,221.757705704,20.0,88.948261346,12.927848335,34.0,127.8462239789101,66.26897622229141,34.0
3354,f,capitals,30,state,New Jersey,Trenton,Newark,What is the capital of New Jersey?,The capital of New Jersey is,0.0898,0.306,3.407572383,False,critical,html-keyboard-response,23,404446,subject_24,67d993866d1d7516d87e97de,67dafc88e5fd277b68528422,0.4115900751875853,0,left,0.6183192350204664,3.3090056,1.82140345,1.0,0.0016363743403658628,-0.84072134,-10.924448,3.76701416,-4.2521546,156.04382572,18.0,6.901956650000001,6.901956650000001,0.725,8.925782555854742,34.5,273.68847277500004,22.0,47.345132775,80.49773385,24.5,88.88474869929352,60.16044669384837,28.5
2363,j,capitals,13,state,Alaska,Juneau,Anchorage,What is the capital of Alaska?,The capital of Alaska is,0.0311,0.283,9.099678457,False,critical,html-keyboard-response,25,407810,subject_24,67d993866d1d7516d87e97de,67dafc88e5fd277b68528422,0.4115900751875853,1,right,-0.240911641048639,4.0331867,1.032167785,1.0,0.0012974288388852195,-1.38228545,-12.390654,1.9327201,-2.1549560000000003,158.058188835,18.0,4.9375237,4.9375237,0.9624999999999999,2.4642328656242176,37.0,348.27460882,33.0,8.84634368,72.57630929999998,37.0,50.961827169017766,61.5026154449013,37.0
2697,f,capitals,18,state,Illinois,Springfield,Chicago,What is the capital of Illinois?,The capital of Illinois is,0.111,2.612,23.53153153,False,critical,html-keyboard-response,27,411511,subject_24,67d993866d1d7516d87e97de,67dafc88e5fd277b68528422,0.4115900751875853,0,left,0.0486777763147123,3.7229846,2.02082935,1.0,0.0037192282102461744,-1.0637694,-9.972052999999999,1.8728581000000002,-5.79218335,170.65176035000002,18.0,8.6360925,8.6360925,0.675,5.610516716755836,37.0,311.23248041500005,22.5,49.248491285,81.37087019,25.0,83.27137832278736,56.50312887381918,25.0
2067,j,capitals,24,state,Michigan,Lansing,Detroit,What is the capital of Michigan?,The capital of Michigan is,0.112,0.63,5.625,False,critical,html-keyboard-response,29,414581,subject_24,67d993866d1d7516d87e97de,67dafc88e5fd277b68528422,0.4115900751875853,1,right,-0.4975537594305312,3.1715925,0.8199855199999999,1.0,0.020092460881934567,-0.8804468999999999,-8.9095815,2.08088635,-0.3318779999999997,162.992733545,18.0,2.8472903499999997,2.8472903499999997,0.7,7.4411319048798905,35.5,223.482275455,20.0,122.07790124499999,9.68996645,35.0,132.35050610599825,75.15181857684905,35.0
2671,j,capitals,20,state,Kentucky,Frankfort,Louisville,What is the capital of Kentucky?,The capital of Kentucky is,0.0281,0.617,21.95729537,True,critical,html-keyboard-response,31,418254,subject_24,67d993866d1d7516d87e97de,67dafc88e5fd277b68528422,0.4115900751875853,0,right,0.0261348875379245,3.0547366,2.2666612,1.0,0.000659358843533807,-0.74241135,-11.6135325,2.1753297,-0.9483945,176.88001325,18.0,5.5287013,4.96804475,0.75,4.405366338069108,37.0,336.0411206,26.0,22.964224,60.86410575,26.0,72.27622371274914,51.10917786191476,26.0
2782,f,capitals,31,state,New Mexico,Santa Fe,Albuquerque,What is the capital of New Mexico?,The capital of New Mexico is,0.0901,0.557,6.182019978,False,critical,html-keyboard-response,33,422036,subject_24,67d993866d1d7516d87e97de,67dafc88e5fd277b68528422,0.4115900751875853,0,left,0.1223756819311341,3.0991414500000003,1.3244324,1.0,0.014238667183262301,-0.69803795,-9.098272999999999,2.46943,0.3069240000000004,166.6062263,18.0,5.093978,3.5249351500000006,0.525,8.033448780088444,31.0,260.480373305,20.0,49.826687745000015,48.39635365000001,19.0,84.180459503387,57.783921029115376,24.0
2360,f,capitals,39,state,Vermont,Montpelier,Burlington,What is the capital of Vermont?,The capital of Vermont is,0.0079,0.0444,5.620253165,True,critical,html-keyboard-response,35,425399,subject_24,67d993866d1d7516d87e97de,67dafc88e5fd277b68528422,0.4115900751875853,1,left,-0.2435127435998068,2.8268120999999997,0.75283587,1.0,0.0034998085574806164,-0.637835275,-11.6183655,2.518385875,0.32600349999999967,158.75225502,18.0,2.6147142499999996,2.5662552499999993,0.44999999999999996,6.6844704108256,35.0,288.368095275,20.0,52.797800275,17.347483000000004,23.0,87.53368163162845,59.445257727624245,23.0
2450,j,capitals,16,state,Delaware,Dover,Wilmington,What is the capital of Delaware?,The capital of Delaware is,0.0403,0.0722,1.791563275,False,critical,html-keyboard-response,37,428853,subject_24,67d993866d1d7516d87e97de,67dafc88e5fd277b68528422,0.4115900751875853,1,right,-0.165479667064772,4.2341493,0.72218523,1.0,0.012666345999679333,-1.74989815,-9.680467,0.94623425,3.385187,168.90373542999998,18.0,0.0,0.0,0.025,6.774399509720723,34.0,229.367487715,20.0,115.99101648500002,0.0,34.5,110.70916324533087,58.08677270925415,34.5
4088,j,capitals,7,country,Pakistan,Islamabad,Karachi,What is the capital of Pakistan?,The capital of Pakistan is,1.3,18.1,13.92307692,False,critical,html-keyboard-response,39,433943,subject_24,67d993866d1d7516d87e97de,67dafc88e5fd277b68528422,0.4115900751875853,1,right,1.2547223258728613,3.8934075,2.6534792,1.0,0.0019266429313158284,-1.11515545,-10.314565,2.1734213999999996,-4.08459765,183.33887535,14.0,4.08459765,4.08459765,0.675,5.719409224572999,32.5,281.15069095,25.0,33.481899,38.1329444,25.0,81.74658055471438,60.49985834162654,25.0
3562,j,capitals,32,state,New York,Albany,New York,What is the capital of New York?,The capital of New York is,0.103,7.937,77.05825243,True,critical,html-keyboard-response,41,438507,subject_24,67d993866d1d7516d87e97de,67dafc88e5fd277b68528422,0.4115900751875853,0,right,0.798662345234769,2.31160665,4.8018915,1.0,0.07179487179487179,-0.40196120999999996,-4.7547025000000005,3.14106469,-1.30574515,164.00049312,18.0,4.1901697,3.862285,0.6875,15.47453789415244,25.5,229.375925891,15.0,53.021560058999995,59.8069269,27.0,75.81720478275057,45.627494070248844,27.0
2145,f,capitals,17,state,Florida,Tallahassee,Jacksonville,What is the capital of Florida?,The capital of Florida is,0.205,1.008,4.917073171,False,critical,html-keyboard-response,43,441654,subject_24,67d993866d1d7516d87e97de,67dafc88e5fd277b68528422,0.4115900751875853,0,left,-0.4299250931001677,3.563912,2.6319027999999998,1.0,0.008519591611479029,-0.95531795,-8.4452955,4.38171585,1.3466129999999996,162.1489442425,23.5,1.2571029,1.2571029,0.48750000000000004,9.093065063976583,33.0,222.1497324065,20.0,145.26711409350003,2.21744865,24.0,154.13877107879688,46.03097986487076,33.0
1801,j,capitals,36,state,Pennsylvania,Harrisburg,Philadelphia,What is the capital of Pennsylvania?,The capital of Pennsylvania is,0.05,1.517,30.34,True,critical,html-keyboard-response,45,444457,subject_24,67d993866d1d7516d87e97de,67dafc88e5fd277b68528422,0.4115900751875853,0,right,-0.7281848523007451,3.80286055,1.2945525999999998,1.0,0.005201455329470422,-0.971369375,-10.090643,2.9000446250000005,-0.7811735000000004,169.40291199,18.0,4.7394538,4.5681133,0.6625000000000001,12.812658898193753,26.5,280.7955821475,22.5,70.13658115249999,36.52358815000001,24.0,104.5548823855986,47.04693462155399,24.0
2464,f,capitals,28,state,Nevada,Carson City,Las Vegas,What is the capital of Nevada?,The capital of Nevada is,0.0576,0.67,11.63194444,True,critical,html-keyboard-response,47,447970,subject_24,67d993866d1d7516d87e97de,67dafc88e5fd277b68528422,0.4115900751875853,1,left,-0.1533411884926555,3.21408655,2.2825403,1.0,0.009556159420289855,-0.7483732750000001,-8.5907935,3.2634109749999998,0.3897780000000006,154.31583923,24.0,0.6128969999999994,0.6128969999999994,0.46249999999999997,13.888110548784098,22.0,212.93093655299998,21.0,129.96025854700002,1.2335965999999998,27.5,151.10212968210539,49.69601040539513,33.0
1846,j,capitals,10,country,Turkey,Ankara,Istanbul,What is the capital of Turkey?,The capital of Turkey is,5.55,16.24,2.926126126,True,critical,html-keyboard-response,49,450819,subject_24,67d993866d1d7516d87e97de,67dafc88e5fd277b68528422,0.4115900751875853,0,right,-0.6891683140332278,3.7206935999999997,3.6190253,1.0,0.0140625,-1.049432,-7.22749025,1.77928585,-1.0519376499999997,181.67489892999998,14.0,3.36303155,3.36303155,0.7875000000000001,7.10805059345744,34.0,232.28671097749998,0.0,68.73258667249999,23.91809185,34.0,109.98791459488866,68.21821684179301,34.0
3598,f,capitals,4,country,India,New Delhi,Mumbai,What is the capital of India?,The capital of India is,0.206,22.1,107.2815534,False,critical,html-keyboard-response,51,455420,subject_24,67d993866d1d7516d87e97de,67dafc88e5fd277b68528422,0.4115900751875853,0,left,0.8298755758487829,3.3890189,1.4282650000000001,1.0,0.06971153846153846,-1.1690336,-6.6849964,4.1036254,2.7211151000000005,151.45156923500002,14.0,2.3097963499999996,1.1339184999999992,0.425,9.901198823968304,30.0,227.81903473,16.0,94.28140192000001,13.430843800000002,8.0,81.85221999731655,37.65522312456052,32.0
7092,j,capitals,6,country,New Zealand,Wellington,Auckland,What is the capital of New Zealand?,The capital of New Zealand is,0.428,1.711,3.997663551,True,critical,html-keyboard-response,53,463512,subject_24,67d993866d1d7516d87e97de,67dafc88e5fd277b68528422,0.4115900751875853,0,right,3.8592930137755777,4.244933850000001,2.3052439,1.0,0.008300041328006613,-1.7685506,-8.672815499999999,2.1210044999999997,0.577696500000001,145.06194,14.0,4.1641122,4.1641122,0.5,13.508204608971669,26.0,251.64753062350002,26.0,86.95005627649999,49.788739050000004,26.0,100.41858076823004,69.00830151646427,29.0
2173,f,capitals,22,state,Maine,Augusta,Portland,What is the capital of Maine?,The capital of Maine is,0.0192,0.0695,3.619791667,False,critical,html-keyboard-response,55,466688,subject_24,67d993866d1d7516d87e97de,67dafc88e5fd277b68528422,0.4115900751875853,0,left,-0.4056481359559347,3.7875023,2.4801948,1.0,0.0016831873627990133,-1.0323926499999998,-10.4254775,2.0421341999999996,-1.8715164999999994,169.20454695,18.0,5.94090445,5.94090445,0.95,2.583690266418973,37.0,311.71045002,37.0,44.16688318,51.44942174999999,21.0,71.44560616098389,59.91154959685878,37.0
1988,f,capitals,19,state,Kansas,Topeka,Wichita,What is the capital of Kansas?,The capital of Kansas is,0.125,0.395,3.16,False,critical,html-keyboard-response,57,469803,subject_24,67d993866d1d7516d87e97de,67dafc88e5fd277b68528422,0.4115900751875853,0,left,-0.5660494599446173,3.69316615,2.64080265,1.0,0.010417797069994574,-1.07303922,-8.168856,1.73419138,-0.5498905999999999,162.288778245,35.0,2.9706022499999998,1.7607325999999994,0.5625,10.046628532789011,33.0,233.6914373035,18.0,65.7761040965,17.125884900000003,35.0,90.36345231361148,54.06264558247349,35.0
1803,f,capitals,26,state,Montana,Helena,Billings,What is the capital of Montana?,The capital of Montana is,0.0359,0.123,3.426183844,True,critical,html-keyboard-response,59,472607,subject_24,67d993866d1d7516d87e97de,67dafc88e5fd277b68528422,0.4115900751875853,1,left,-0.7264507839332999,4.00716885,2.3871716000000003,1.0,0.0004472704898291971,-1.22599375,-12.036882250000001,2.2819052,-1.00467525,175.57409865,18.0,2.4909772499999994,2.1745497500000006,0.5875,6.831399328645267,33.0,299.00474067,20.0,76.68242387999999,24.127286050000002,24.0,98.87916742139757,43.100083383269855,28.5
1833,j,capitals,1,country,Australia,Canberra,Sydney,What is the capital of Australia?,The capital of Australia is,0.483,5.249,10.86749482,True,critical,html-keyboard-response,61,475441,subject_24,67d993866d1d7516d87e97de,67dafc88e5fd277b68528422,0.4115900751875853,0,right,-0.7004397584216216,2.91766655,1.443579,1.0,0.013910060975609756,-0.732931825,-9.718684,2.424576675,-3.10026675,135.81862900000002,16.0,4.71659925,4.71659925,0.7,13.549338958870404,26.5,205.0319132245,16.0,133.7638296255,27.787327949999998,27.0,115.01755520776328,61.294825054348195,27.0
2252,j,capitals,37,state,South Dakota,Pierre,Sioux Falls,What is the capital of South Dakota?,The capital of South Dakota is,0.0138,0.215,15.57971014,True,critical,html-keyboard-response,63,478695,subject_24,67d993866d1d7516d87e97de,67dafc88e5fd277b68528422,0.4115900751875853,0,right,-0.3371524354418486,3.88962435,1.9988037,1.0,0.006089036055923473,-1.041340035,-9.381435,2.440622765,3.5832957499999987,176.86631975,18.0,2.7437485000000006,2.3335944999999993,0.45,6.963136166388008,32.0,279.15120511,20.0,98.78975829,20.867091999999992,16.0,89.17083306707906,49.97454210007436,26.0
3948,f,capitals,42,state,Wisconsin,Madison,Milwaukee,What is the capital of Wisconsin?,The capital of Wisconsin is,0.284,0.551,1.940140845,False,critical,html-keyboard-response,65,483646,subject_24,67d993866d1d7516d87e97de,67dafc88e5fd277b68528422,0.4115900751875853,0,left,1.133337540151696,3.13448335,2.23414315,1.0,0.006828316610925306,-0.760507775,-9.046759,3.316440125,1.0081592500000003,161.19694813,16.0,0.0,0.0,0.025,8.781973336626725,35.0,233.021284015,20.0,104.89291063499999,0.0,33.0,87.39257794461776,27.410622132151936,33.0
1710,j,capitals,21,state,Louisiana,Baton Rouge,New Orleans,What is the capital of Louisiana?,The capital of Louisiana is,0.215,0.351,1.63255814,True,critical,html-keyboard-response,67,486359,subject_24,67d993866d1d7516d87e97de,67dafc88e5fd277b68528422,0.4115900751875853,0,right,-0.8070849630195025,2.79039935,2.0269129,1.0,0.0034954039671020805,-0.60054295,-9.8353815,2.3737587500000004,-2.482563500000001,172.31991220000003,18.0,5.1981744999999995,3.793621,0.6875,7.716095282905707,34.5,282.68865437,20.0,29.084738729999994,68.09929645,24.5,62.8804213583455,54.76974795931437,27.0
1469,f,capitals,3,country,Canada,Ottawa,Toronto,What is the capital of Canada?,The capital of Canada is,1.465,6.491,4.430716724,False,critical,html-keyboard-response,69,488830,subject_24,67d993866d1d7516d87e97de,67dafc88e5fd277b68528422,0.4115900751875853,0,left,-1.0160402012966512,3.41186485,1.57882065,1.0,0.09166666666666667,-0.8216695,-5.87537415,3.39860975,-1.0815602000000002,151.21389025500002,16.0,1.62056305,1.62056305,0.55,18.015003869553816,21.0,209.80200216699998,15.0,104.683861683,9.282030650000001,24.5,78.4247090436364,17.054693758663674,27.0
1731,f,capitals,2,country,Brazil,Brasilia,Rio de Janeiro,What is the capital of Brazil?,The capital of Brazil is,4.99,13.923,2.790180361,False,critical,html-keyboard-response,71,491564,subject_24,67d993866d1d7516d87e97de,67dafc88e5fd277b68528422,0.4115900751875853,0,left,-0.7888772451613277,2.0599417,0.8546364200000001,1.0,0.010916269887353384,-0.37423359,-9.777523500000001,3.12931296,0.3757585000000008,171.91224647,18.0,3.580388749999999,2.5741565,0.55,9.253846674396854,34.0,298.44019958,15.0,47.51553901999999,30.58541265,22.0,58.33967382007255,24.97507531677988,22.0
2907,j,capitals,5,country,Morrocco,Rabat,Marrakesh,What is the capital of Morrocco?,The capital of Morrocco is,2.02,1.085,0.5371287129,False,critical,html-keyboard-response,73,495472,subject_24,67d993866d1d7516d87e97de,67dafc88e5fd277b68528422,0.4115900751875853,1,right,0.2307549548964602,4.06911815,3.926867,1.0,0.001930509063232023,-1.06717185,-9.534113999999999,2.73666185,-0.551412,192.02520429999998,22.5,5.353308500000001,3.0599705000000004,0.6125,7.031879522295083,33.0,303.121009725,22.5,42.028869125,59.422086599999986,14.5,71.26685811006843,54.04151717765417,23.0
6449,f,capitals,11,country,United Arab Emirates,Abu Dhabi,Dubai,What is the capital of the United Arab Emirates?,The capital of the United Arab Emirates is,1.6,3.1,1.9375,False,critical,html-keyboard-response,75,502924,subject_24,67d993866d1d7516d87e97de,67dafc88e5fd277b68528422,0.4115900751875853,0,left,3.3017900336419403,3.6339115499999997,2.33935815,1.0,0.00522367703218767,-1.0856354000000001,-9.346349,2.50591525,-0.6000735000000006,159.839143965,14.0,3.36275555,3.36275555,0.65,9.84413945872573,31.0,260.0233028075,0.0,72.79101454250001,22.182172549999997,33.0,96.97781470445022,51.8589082146157,33.0
2916,f,capitals,23,state,Maryland,Annapolis,Baltimore,What is the capital of Maryland?,The capital of Maryland is,0.0403,0.553,13.72208437,True,critical,html-keyboard-response,77,506841,subject_24,67d993866d1d7516d87e97de,67dafc88e5fd277b68528422,0.4115900751875853,1,left,0.2385582625499636,3.6610867999999996,1.99519565,1.0,0.007435328135488201,-1.006010815,-9.066941499999999,2.3947849850000003,-2.0526531999999995,171.39884055,18.0,5.272523,5.272523,0.7124999999999999,8.627807633730525,31.0,269.905489795,21.0,82.80523015499999,30.549259500000005,17.5,88.24512507064568,61.977535890917494,35.0
1470,f,capitals,38,state,Texas,Austin,Houston,What is the capital of Texas?,The capital of Texas is,0.989,2.324,2.349848332,True,critical,html-keyboard-response,79,509393,subject_24,67d993866d1d7516d87e97de,67dafc88e5fd277b68528422,0.4115900751875853,1,left,-1.0151731671129287,2.7289062,3.68736335,1.0,0.08712121212121213,-0.506320885,-4.40157605,4.012876565,1.53352215,151.14799460999998,11.0,0.08562525000000054,0.08562525000000054,0.35,19.22278273641858,20.0,198.241569792,15.0,136.22196335799998,0.08562525000000054,10.5,81.3456051528303,15.975005422746095,35.0
3132,j,capitals,25,state,Minnesota,St. Paul,Minneapolis,What is the capital of Minnesota?,The capital of Minnesota is,0.299,0.421,1.408026756,True,critical,html-keyboard-response,81,513528,subject_24,67d993866d1d7516d87e97de,67dafc88e5fd277b68528422,0.4115900751875853,0,right,0.4258376462340472,3.58195065,1.6521141,1.0,0.017392619479733817,-1.4853812,-8.023998,2.1170464,1.1057884999999996,150.791991795,18.0,6.11360015,6.11360015,0.875,3.3354361793014986,36.5,291.73495485,35.0,30.489669350000007,37.57722344999999,35.0,64.16242236428235,64.57921294960164,35.0
1900,j,capitals,40,state,Virginia,Richmond,Virginia Beach,What is the capital of Virginia?,The capital of Virginia is,0.231,0.45,1.948051948,True,critical,html-keyboard-response,83,516430,subject_24,67d993866d1d7516d87e97de,67dafc88e5fd277b68528422,0.4115900751875853,0,right,-0.6423484681122069,4.120711549999999,3.5882533,1.0,0.02312889812889813,-1.16916945,-6.914387700000001,2.59017605,0.19082209999999966,175.71893075000003,18.5,2.56121715,2.56121715,0.7,5.77276122250901,38.0,284.03714405,20.0,35.25386895,25.267003600000002,18.0,46.35421140072588,30.54006897158279,36.0
1394,f,capitals,34,state,North Dakota,Bismarck,Fargo,What is the capital of North Dakota?,The capital of North Dakota is,0.076,0.138,1.815789474,False,critical,html-keyboard-response,85,518826,subject_24,67d993866d1d7516d87e97de,67dafc88e5fd277b68528422,0.4115900751875853,0,left,-1.081067765075847,3.1886295000000002,1.6228072999999998,1.0,0.04464285714285714,-0.8373848349999999,-6.98899085,3.346709315,2.0134886500000007,158.9716758025,18.0,1.0428039999999998,1.0428039999999998,0.425,10.24716289924514,32.5,181.48586626009998,20.0,91.95245258989999,1.3760648999999998,25.0,78.67897042291708,25.245962637347155,34.5
1505,j,capitals,41,state,Washington,Olympia,Seattle,What is the capital of Washington?,The capital of Washington is,0.0558,0.765,13.70967742,True,critical,html-keyboard-response,87,521332,subject_24,67d993866d1d7516d87e97de,67dafc88e5fd277b68528422,0.4115900751875853,0,right,-0.9848269706826374,2.4590736499999997,3.76935035,1.0,0.018367961457392352,-0.44257853999999996,-7.3950467,3.85359726,-2.2241997000000007,144.06035742999998,23.0,4.896856099999999,4.896856099999999,0.6625000000000001,14.217480554285576,25.5,250.7986976015,25.0,103.96332209849999,33.6275834,16.0,99.67318648330391,49.08176857829807,25.0
3249,j,capitals,12,state,Alabama,Montgomery,Birmingham,What is the capital of Alabama?,The capital of Alabama is,0.192,0.194,1.010416667,True,critical,html-keyboard-response,89,525584,subject_24,67d993866d1d7516d87e97de,67dafc88e5fd277b68528422,0.4115900751875853,0,right,0.5272806457295924,3.1154528,2.2013875499999997,1.0,0.003584966270478638,-0.7024276,-9.767927,3.1901363,-1.4417109999999997,171.89705985,16.0,5.234766799999999,5.234766799999999,0.725,8.879740567094881,31.0,283.66813919000003,20.0,35.182526159999995,72.3701839,11.0,72.1080126268425,56.93717089653546,31.0
2133,f,capitals,40,state,Virginia,Richmond,Virginia Beach,What is the capital of Virginia?,The capital of Virginia is,0.231,0.45,1.948051948,True,critical,html-keyboard-response,11,183349,subject_7,67d993866d1d7516d87e97de,67db016e566ddc888e6ce5d4,0.7259458047283218,1,left,-1.3202056006589953,4.120711549999999,3.5882533,1.0,0.02312889812889813,-1.16916945,-6.914387700000001,2.59017605,0.19082209999999966,175.71893075000003,18.5,2.56121715,2.56121715,0.7,5.77276122250901,38.0,284.03714405,20.0,35.25386895,25.267003600000002,18.0,46.35421140072588,30.54006897158279,36.0
1765,j,capitals,15,state,Connecticut,Hartford,Bridgeport,What is the capital of Connecticut?,The capital of Connecticut is,0.119,0.148,1.243697479,False,critical,html-keyboard-response,13,186133,subject_7,67d993866d1d7516d87e97de,67db016e566ddc888e6ce5d4,0.7259458047283218,1,right,-1.4553369086137602,4.152413,2.4941535000000004,1.0,0.012903762903762904,-1.2379590999999999,-8.185617,4.8248759,4.25825,176.1870492,16.0,0.7039874999999993,0.7039874999999993,0.3,12.984765384964998,24.0,278.35317808,20.0,187.17906882,0.754308,10.5,97.3336617897597,26.70347104409089,31.0
2735,f,capitals,1,country,Australia,Canberra,Sydney,What is the capital of Australia?,The capital of Australia is,0.483,5.249,10.86749482,False,critical,html-keyboard-response,15,189877,subject_7,67d993866d1d7516d87e97de,67db016e566ddc888e6ce5d4,0.7259458047283218,0,left,-1.0991484066677764,2.91766655,1.443579,1.0,0.013910060975609756,-0.732931825,-9.718684,2.424576675,-3.10026675,135.81862900000002,16.0,4.71659925,4.71659925,0.7,13.549338958870404,26.5,205.0319132245,16.0,133.7638296255,27.787327949999998,27.0,115.01755520776328,61.294825054348195,27.0
2603,j,capitals,19,state,Kansas,Topeka,Wichita,What is the capital of Kansas?,The capital of Kansas is,0.125,0.395,3.16,True,critical,html-keyboard-response,17,193494,subject_7,67d993866d1d7516d87e97de,67db016e566ddc888e6ce5d4,0.7259458047283218,0,right,-1.1476194193037246,3.69316615,2.64080265,1.0,0.010417797069994574,-1.07303922,-8.168856,1.73419138,-0.5498905999999999,162.288778245,35.0,2.9706022499999998,1.7607325999999994,0.5625,10.046628532789011,33.0,233.6914373035,18.0,65.7761040965,17.125884900000003,35.0,90.36345231361148,54.06264558247349,35.0
3117,f,capitals,6,country,New Zealand,Wellington,Auckland,What is the capital of New Zealand?,The capital of New Zealand is,0.428,1.711,3.997663551,True,critical,html-keyboard-response,19,197613,subject_7,67d993866d1d7516d87e97de,67db016e566ddc888e6ce5d4,0.7259458047283218,1,left,-0.9588762337364714,4.244933850000001,2.3052439,1.0,0.008300041328006613,-1.7685506,-8.672815499999999,2.1210044999999997,0.577696500000001,145.06194,14.0,4.1641122,4.1641122,0.5,13.508204608971669,26.0,251.64753062350002,26.0,86.95005627649999,49.788739050000004,26.0,100.41858076823004,69.00830151646427,29.0
1689,j,capitals,10,country,Turkey,Ankara,Istanbul,What is the capital of Turkey?,The capital of Turkey is,5.55,16.24,2.926126126,True,critical,html-keyboard-response,21,200317,subject_7,67d993866d1d7516d87e97de,67db016e566ddc888e6ce5d4,0.7259458047283218,0,right,-1.4832444613435487,3.7206935999999997,3.6190253,1.0,0.0140625,-1.049432,-7.22749025,1.77928585,-1.0519376499999997,181.67489892999998,14.0,3.36303155,3.36303155,0.7875000000000001,7.10805059345744,34.0,232.28671097749998,0.0,68.73258667249999,23.91809185,34.0,109.98791459488866,68.21821684179301,34.0
2778,f,capitals,36,state,Pennsylvania,Harrisburg,Philadelphia,What is the capital of Pennsylvania?,The capital of Pennsylvania is,0.05,1.517,30.34,True,critical,html-keyboard-response,23,204102,subject_7,67d993866d1d7516d87e97de,67db016e566ddc888e6ce5d4,0.7259458047283218,1,left,-1.083358607096975,3.80286055,1.2945525999999998,1.0,0.005201455329470422,-0.971369375,-10.090643,2.9000446250000005,-0.7811735000000004,169.40291199,18.0,4.7394538,4.5681133,0.6625000000000001,12.812658898193753,26.5,280.7955821475,22.5,70.13658115249999,36.52358815000001,24.0,104.5548823855986,47.04693462155399,24.0
8411,j,capitals,20,state,Kentucky,Frankfort,Louisville,What is the capital of Kentucky?,The capital of Kentucky is,0.0281,0.617,21.95729537,False,critical,html-keyboard-response,25,213517,subject_7,67d993866d1d7516d87e97de,67db016e566ddc888e6ce5d4,0.7259458047283218,1,right,0.9851051366780016,3.0547366,2.2666612,1.0,0.000659358843533807,-0.74241135,-11.6135325,2.1753297,-0.9483945,176.88001325,18.0,5.5287013,4.96804475,0.75,4.405366338069108,37.0,336.0411206,26.0,22.964224,60.86410575,26.0,72.27622371274914,51.10917786191476,26.0
7586,j,capitals,35,state,Oregon,Salem,Portland,What is the capital of Oregon?,The capital of Oregon is,0.178,0.615,3.45505618,False,critical,html-keyboard-response,27,222109,subject_7,67d993866d1d7516d87e97de,67db016e566ddc888e6ce5d4,0.7259458047283218,1,right,0.6821613077033245,3.87003685,0.9559546750000001,1.0,0.02684931506849315,-1.33495845,-8.585685999999999,2.0863518,0.6543089999999996,153.11513470199998,18.0,4.49311111,4.49311111,0.6875,9.833651245669653,33.5,221.757705704,20.0,88.948261346,12.927848335,34.0,127.8462239789101,66.26897622229141,34.0
1856,j,capitals,24,state,Michigan,Lansing,Detroit,What is the capital of Michigan?,The capital of Michigan is,0.112,0.63,5.625,False,critical,html-keyboard-response,29,224973,subject_7,67d993866d1d7516d87e97de,67db016e566ddc888e6ce5d4,0.7259458047283218,1,right,-1.4219212862662505,3.1715925,0.8199855199999999,1.0,0.020092460881934567,-0.8804468999999999,-8.9095815,2.08088635,-0.3318779999999997,162.992733545,18.0,2.8472903499999997,2.8472903499999997,0.7,7.4411319048798905,35.5,223.482275455,20.0,122.07790124499999,9.68996645,35.0,132.35050610599825,75.15181857684905,35.0
8739,j,capitals,38,state,Texas,Austin,Houston,What is the capital of Texas?,The capital of Texas is,0.989,2.324,2.349848332,False,critical,html-keyboard-response,31,234725,subject_7,67d993866d1d7516d87e97de,67db016e566ddc888e6ce5d4,0.7259458047283218,1,right,1.1055482589855097,2.7289062,3.68736335,1.0,0.08712121212121213,-0.506320885,-4.40157605,4.012876565,1.53352215,151.14799460999998,11.0,0.08562525000000054,0.08562525000000054,0.35,19.22278273641858,20.0,198.241569792,15.0,136.22196335799998,0.08562525000000054,10.5,81.3456051528303,15.975005422746095,35.0
7040,j,capitals,28,state,Nevada,Carson City,Las Vegas,What is the capital of Nevada?,The capital of Nevada is,0.0576,0.67,11.63194444,False,critical,html-keyboard-response,33,242781,subject_7,67d993866d1d7516d87e97de,67db016e566ddc888e6ce5d4,0.7259458047283218,1,right,0.4816675736182655,3.21408655,2.2825403,1.0,0.009556159420289855,-0.7483732750000001,-8.5907935,3.2634109749999998,0.3897780000000006,154.31583923,24.0,0.6128969999999994,0.6128969999999994,0.46249999999999997,13.888110548784098,22.0,212.93093655299998,21.0,129.96025854700002,1.2335965999999998,27.5,151.10212968210539,49.69601040539513,33.0
5771,j,capitals,21,state,Louisiana,Baton Rouge,New Orleans,What is the capital of Louisiana?,The capital of Louisiana is,0.215,0.351,1.63255814,False,critical,html-keyboard-response,35,249566,subject_7,67d993866d1d7516d87e97de,67db016e566ddc888e6ce5d4,0.7259458047283218,1,right,0.015684883959035,2.79039935,2.0269129,1.0,0.0034954039671020805,-0.60054295,-9.8353815,2.3737587500000004,-2.482563500000001,172.31991220000003,18.0,5.1981744999999995,3.793621,0.6875,7.716095282905707,34.5,282.68865437,20.0,29.084738729999994,68.09929645,24.5,62.8804213583455,54.76974795931437,27.0
6098,j,capitals,12,state,Alabama,Montgomery,Birmingham,What is the capital of Alabama?,The capital of Alabama is,0.192,0.194,1.010416667,False,critical,html-keyboard-response,37,256677,subject_7,67d993866d1d7516d87e97de,67db016e566ddc888e6ce5d4,0.7259458047283218,1,right,0.1357608016253616,3.1154528,2.2013875499999997,1.0,0.003584966270478638,-0.7024276,-9.767927,3.1901363,-1.4417109999999997,171.89705985,16.0,5.234766799999999,5.234766799999999,0.725,8.879740567094881,31.0,283.66813919000003,20.0,35.182526159999995,72.3701839,11.0,72.1080126268425,56.93717089653546,31.0
5610,j,capitals,23,state,Maryland,Annapolis,Baltimore,What is the capital of Maryland?,The capital of Maryland is,0.0403,0.553,13.72208437,False,critical,html-keyboard-response,39,263294,subject_7,67d993866d1d7516d87e97de,67db016e566ddc888e6ce5d4,0.7259458047283218,1,right,-0.0434350632711746,3.6610867999999996,1.99519565,1.0,0.007435328135488201,-1.006010815,-9.066941499999999,2.3947849850000003,-2.0526531999999995,171.39884055,18.0,5.272523,5.272523,0.7124999999999999,8.627807633730525,31.0,269.905489795,21.0,82.80523015499999,30.549259500000005,17.5,88.24512507064568,61.977535890917494,35.0
6601,f,capitals,39,state,Vermont,Montpelier,Burlington,What is the capital of Vermont?,The capital of Vermont is,0.0079,0.0444,5.620253165,True,critical,html-keyboard-response,41,270910,subject_7,67d993866d1d7516d87e97de,67db016e566ddc888e6ce5d4,0.7259458047283218,1,left,0.3204647361396192,2.8268120999999997,0.75283587,1.0,0.0034998085574806164,-0.637835275,-11.6183655,2.518385875,0.32600349999999967,158.75225502,18.0,2.6147142499999996,2.5662552499999993,0.44999999999999996,6.6844704108256,35.0,288.368095275,20.0,52.797800275,17.347483000000004,23.0,87.53368163162845,59.445257727624245,23.0
5892,f,capitals,18,state,Illinois,Springfield,Chicago,What is the capital of Illinois?,The capital of Illinois is,0.111,2.612,23.53153153,True,critical,html-keyboard-response,43,277806,subject_7,67d993866d1d7516d87e97de,67db016e566ddc888e6ce5d4,0.7259458047283218,1,left,0.0601166455419877,3.7229846,2.02082935,1.0,0.0037192282102461744,-1.0637694,-9.972052999999999,1.8728581000000002,-5.79218335,170.65176035000002,18.0,8.6360925,8.6360925,0.675,5.610516716755836,37.0,311.23248041500005,22.5,49.248491285,81.37087019,25.0,83.27137832278736,56.50312887381918,25.0
14459,f,capitals,8,country,South Africa,Pretoria,Johannesburg,What is the capital of South Africa?,The capital of South Africa is,3.0,6.4,2.133333333,True,critical,html-keyboard-response,45,293270,subject_7,67d993866d1d7516d87e97de,67db016e566ddc888e6ce5d4,0.7259458047283218,1,left,3.2059588065432703,4.3614197,2.7407284,1.0,0.005607622617931896,-2.11893455,-8.995401000000001,2.2255171,-0.9749508000000002,168.89477075,14.0,4.743248,4.743248,0.8125,6.902744233458726,33.0,261.79318212500004,33.0,107.26548872500001,40.14546490000001,33.0,126.64268622248599,90.68654232034928,33.5
6896,j,capitals,2,country,Brazil,Brasilia,Rio de Janeiro,What is the capital of Brazil?,The capital of Brazil is,4.99,13.923,2.790180361,False,critical,html-keyboard-response,47,301173,subject_7,67d993866d1d7516d87e97de,67db016e566ddc888e6ce5d4,0.7259458047283218,1,right,0.4287901052881401,2.0599417,0.8546364200000001,1.0,0.010916269887353384,-0.37423359,-9.777523500000001,3.12931296,0.3757585000000008,171.91224647,18.0,3.580388749999999,2.5741565,0.55,9.253846674396854,34.0,298.44019958,15.0,47.51553901999999,30.58541265,22.0,58.33967382007255,24.97507531677988,22.0
5605,f,capitals,9,country,Switzerland,Bern,Zurich,What is the capital of Switzerland?,The capital of Switzerland is,0.448,1.455,3.247767857,True,critical,html-keyboard-response,49,307790,subject_7,67d993866d1d7516d87e97de,67db016e566ddc888e6ce5d4,0.7259458047283218,1,left,-0.0452710864770817,4.1456575,2.41449345,0.5,0.0021505425701852632,-1.92965085,-10.040487,1.9507065,-3.461702700000001,159.68889725000002,14.0,4.6987805499999995,4.6987805499999995,0.725,3.5004306147470485,37.0,294.98176505000004,16.0,73.5494113,34.15059715,1.0,73.47320395691726,42.42957016076099,37.0
6440,f,capitals,25,state,Minnesota,St. Paul,Minneapolis,What is the capital of Minnesota?,The capital of Minnesota is,0.299,0.421,1.408026756,True,critical,html-keyboard-response,51,315245,subject_7,67d993866d1d7516d87e97de,67db016e566ddc888e6ce5d4,0.7259458047283218,1,left,0.2613447889094095,3.58195065,1.6521141,1.0,0.017392619479733817,-1.4853812,-8.023998,2.1170464,1.1057884999999996,150.791991795,18.0,6.11360015,6.11360015,0.875,3.3354361793014986,36.5,291.73495485,35.0,30.489669350000007,37.57722344999999,35.0,64.16242236428235,64.57921294960164,35.0
5315,j,capitals,33,state,North Carolina,Raleigh,Charlotte,What is the capital of North Carolina?,The capital of North Carolina is,0.494,0.935,1.892712551,False,critical,html-keyboard-response,53,321566,subject_7,67d993866d1d7516d87e97de,67db016e566ddc888e6ce5d4,0.7259458047283218,1,right,-0.1517604324196954,3.9989741,1.4837299000000002,1.0,0.017565485362095533,-1.2707921500000001,-8.2403645,2.6944252,2.3565879999999995,167.86508935,18.0,1.4855458000000001,1.4855458000000001,0.7124999999999999,8.574116496188747,32.5,209.911716892,20.0,142.86702770799997,5.01324945,7.0,125.69617107504936,62.09856014494803,35.0
5884,j,capitals,7,country,Pakistan,Islamabad,Karachi,What is the capital of Pakistan?,The capital of Pakistan is,1.3,18.1,13.92307692,False,critical,html-keyboard-response,55,328462,subject_7,67d993866d1d7516d87e97de,67db016e566ddc888e6ce5d4,0.7259458047283218,1,right,0.0571790084125363,3.8934075,2.6534792,1.0,0.0019266429313158284,-1.11515545,-10.314565,2.1734213999999996,-4.08459765,183.33887535,14.0,4.08459765,4.08459765,0.675,5.719409224572999,32.5,281.15069095,25.0,33.481899,38.1329444,25.0,81.74658055471438,60.49985834162654,25.0
5262,j,capitals,13,state,Alaska,Juneau,Anchorage,What is the capital of Alaska?,The capital of Alaska is,0.0311,0.283,9.099678457,False,critical,html-keyboard-response,57,334742,subject_7,67d993866d1d7516d87e97de,67db016e566ddc888e6ce5d4,0.7259458047283218,1,right,-0.1712222784023111,4.0331867,1.032167785,1.0,0.0012974288388852195,-1.38228545,-12.390654,1.9327201,-2.1549560000000003,158.058188835,18.0,4.9375237,4.9375237,0.9624999999999999,2.4642328656242176,37.0,348.27460882,33.0,8.84634368,72.57630929999998,37.0,50.961827169017766,61.5026154449013,37.0
4297,j,capitals,17,state,Florida,Tallahassee,Jacksonville,What is the capital of Florida?,The capital of Florida is,0.205,1.008,4.917073171,False,critical,html-keyboard-response,59,340046,subject_7,67d993866d1d7516d87e97de,67db016e566ddc888e6ce5d4,0.7259458047283218,1,right,-0.5255747571423879,3.563912,2.6319027999999998,1.0,0.008519591611479029,-0.95531795,-8.4452955,4.38171585,1.3466129999999996,162.1489442425,23.5,1.2571029,1.2571029,0.48750000000000004,9.093065063976583,33.0,222.1497324065,20.0,145.26711409350003,2.21744865,24.0,154.13877107879688,46.03097986487076,33.0
8304,f,capitals,5,country,Morrocco,Rabat,Marrakesh,What is the capital of Morrocco?,The capital of Morrocco is,2.02,1.085,0.5371287129,True,critical,html-keyboard-response,61,349366,subject_7,67d993866d1d7516d87e97de,67db016e566ddc888e6ce5d4,0.7259458047283218,1,left,0.9458142400715888,4.06911815,3.926867,1.0,0.001930509063232023,-1.06717185,-9.534113999999999,2.73666185,-0.551412,192.02520429999998,22.5,5.353308500000001,3.0599705000000004,0.6125,7.031879522295083,33.0,303.121009725,22.5,42.028869125,59.422086599999986,14.5,71.26685811006843,54.04151717765417,23.0
5042,f,capitals,16,state,Delaware,Dover,Wilmington,What is the capital of Delaware?,The capital of Delaware is,0.0403,0.0722,1.791563275,True,critical,html-keyboard-response,63,355414,subject_7,67d993866d1d7516d87e97de,67db016e566ddc888e6ce5d4,0.7259458047283218,1,left,-0.2520072994622249,4.2341493,0.72218523,1.0,0.012666345999679333,-1.74989815,-9.680467,0.94623425,3.385187,168.90373542999998,18.0,0.0,0.0,0.025,6.774399509720723,34.0,229.367487715,20.0,115.99101648500002,0.0,34.5,110.70916324533087,58.08677270925415,34.5
5545,j,capitals,14,state,California,Sacramento,Los Angeles,What is the capital of California?,The capital of California is,0.527,3.8,7.210626186,False,critical,html-keyboard-response,65,361966,subject_7,67d993866d1d7516d87e97de,67db016e566ddc888e6ce5d4,0.7259458047283218,1,right,-0.0673033649479673,2.8312225,3.369704,1.0,0.1,-0.63638328,-4.58591525,4.79400397,-0.5027754,142.854805135,14.5,5.676533999999999,5.419304,0.5875,18.10634188869909,22.0,220.35396464500002,17.5,113.277399355,50.27004185000001,25.5,97.10799675216575,25.585019619395112,25.0
4882,f,capitals,26,state,Montana,Helena,Billings,What is the capital of Montana?,The capital of Montana is,0.0359,0.123,3.426183844,True,critical,html-keyboard-response,67,367854,subject_7,67d993866d1d7516d87e97de,67db016e566ddc888e6ce5d4,0.7259458047283218,1,left,-0.3107600420512532,4.00716885,2.3871716000000003,1.0,0.0004472704898291971,-1.22599375,-12.036882250000001,2.2819052,-1.00467525,175.57409865,18.0,2.4909772499999994,2.1745497500000006,0.5875,6.831399328645267,33.0,299.00474067,20.0,76.68242387999999,24.127286050000002,24.0,98.87916742139757,43.100083383269855,28.5
4958,f,capitals,41,state,Washington,Olympia,Seattle,What is the capital of Washington?,The capital of Washington is,0.0558,0.765,13.70967742,True,critical,html-keyboard-response,69,373822,subject_7,67d993866d1d7516d87e97de,67db016e566ddc888e6ce5d4,0.7259458047283218,1,left,-0.2828524893214648,2.4590736499999997,3.76935035,1.0,0.018367961457392352,-0.44257853999999996,-7.3950467,3.85359726,-2.2241997000000007,144.06035742999998,23.0,4.896856099999999,4.896856099999999,0.6625000000000001,14.217480554285576,25.5,250.7986976015,25.0,103.96332209849999,33.6275834,16.0,99.67318648330391,49.08176857829807,25.0
5744,j,capitals,29,state,New Hampshire,Concord,Manchester,What is the capital of New Hampshire?,The capital of New Hampshire is,0.0449,0.115,2.561247216,False,critical,html-keyboard-response,71,380582,subject_7,67d993866d1d7516d87e97de,67db016e566ddc888e6ce5d4,0.7259458047283218,1,right,0.0057703586471365,3.8924572,2.5146651,1.0,0.00224755864290748,-1.1561135,-10.1354995,2.64535425,0.8996589999999998,168.00271485000002,18.0,0.0,0.0,0.025,8.377304174979542,32.5,253.08660677999998,20.0,138.81277821999998,0.0,27.0,98.10982957505266,32.00701641793163,32.0
5117,j,capitals,42,state,Wisconsin,Madison,Milwaukee,What is the capital of Wisconsin?,The capital of Wisconsin is,0.284,0.551,1.940140845,False,critical,html-keyboard-response,73,386710,subject_7,67d993866d1d7516d87e97de,67db016e566ddc888e6ce5d4,0.7259458047283218,1,right,-0.2244669513736179,3.13448335,2.23414315,1.0,0.006828316610925306,-0.760507775,-9.046759,3.316440125,1.0081592500000003,161.19694813,16.0,0.0,0.0,0.025,8.781973336626725,35.0,233.021284015,20.0,104.89291063499999,0.0,33.0,87.39257794461776,27.410622132151936,33.0
4991,j,capitals,27,state,Nebraska,Lincoln,Omaha,What is the capital of Nebraska?,The capital of Nebraska is,0.297,0.477,1.606060606,False,critical,html-keyboard-response,75,392710,subject_7,67d993866d1d7516d87e97de,67db016e566ddc888e6ce5d4,0.7259458047283218,1,right,-0.2707347361624777,3.40945435,2.88149385,1.0,0.002427404976322155,-0.90226395,-9.880027,1.9579811500000002,-0.6194575000000002,166.84559195,14.0,6.48387735,5.795127749999999,0.9875,3.0583791478084397,38.0,334.6421603,20.0,16.19795,78.670469,18.0,81.67707104491953,87.8184827648541,24.0
15193,f,capitals,3,country,Canada,Ottawa,Toronto,What is the capital of Canada?,The capital of Canada is,1.465,6.491,4.430716724,True,critical,html-keyboard-response,77,408910,subject_7,67d993866d1d7516d87e97de,67db016e566ddc888e6ce5d4,0.7259458047283218,1,left,3.4754870131704374,3.41186485,1.57882065,1.0,0.09166666666666667,-0.8216695,-5.87537415,3.39860975,-1.0815602000000002,151.21389025500002,16.0,1.62056305,1.62056305,0.55,18.015003869553816,21.0,209.80200216699998,15.0,104.683861683,9.282030650000001,24.5,78.4247090436364,17.054693758663674,27.0
5876,f,capitals,37,state,South Dakota,Pierre,Sioux Falls,What is the capital of South Dakota?,The capital of South Dakota is,0.0138,0.215,15.57971014,True,critical,html-keyboard-response,79,415790,subject_7,67d993866d1d7516d87e97de,67db016e566ddc888e6ce5d4,0.7259458047283218,1,left,0.0542413712830848,3.88962435,1.9988037,1.0,0.006089036055923473,-1.041340035,-9.381435,2.440622765,3.5832957499999987,176.86631975,18.0,2.7437485000000006,2.3335944999999993,0.45,6.963136166388008,32.0,279.15120511,20.0,98.78975829,20.867091999999992,16.0,89.17083306707906,49.97454210007436,26.0
5577,f,capitals,31,state,New Mexico,Santa Fe,Albuquerque,What is the capital of New Mexico?,The capital of New Mexico is,0.0901,0.557,6.182019978,True,critical,html-keyboard-response,81,422374,subject_7,67d993866d1d7516d87e97de,67db016e566ddc888e6ce5d4,0.7259458047283218,1,left,-0.0555528164301616,3.0991414500000003,1.3244324,1.0,0.014238667183262301,-0.69803795,-9.098272999999999,2.46943,0.3069240000000004,166.6062263,18.0,5.093978,3.5249351500000006,0.525,8.033448780088444,31.0,260.480373305,20.0,49.826687745000015,48.39635365000001,19.0,84.180459503387,57.783921029115376,24.0
5112,f,capitals,32,state,New York,Albany,New York,What is the capital of New York?,The capital of New York is,0.103,7.937,77.05825243,True,critical,html-keyboard-response,83,428492,subject_7,67d993866d1d7516d87e97de,67db016e566ddc888e6ce5d4,0.7259458047283218,1,left,-0.2263029745795251,2.31160665,4.8018915,1.0,0.07179487179487179,-0.40196120999999996,-4.7547025000000005,3.14106469,-1.30574515,164.00049312,18.0,4.1901697,3.862285,0.6875,15.47453789415244,25.5,229.375925891,15.0,53.021560058999995,59.8069269,27.0,75.81720478275057,45.627494070248844,27.0
5233,j,capitals,4,country,India,New Delhi,Mumbai,What is the capital of India?,The capital of India is,0.206,22.1,107.2815534,False,critical,html-keyboard-response,85,434734,subject_7,67d993866d1d7516d87e97de,67db016e566ddc888e6ce5d4,0.7259458047283218,1,right,-0.1818712129965724,3.3890189,1.4282650000000001,1.0,0.06971153846153846,-1.1690336,-6.6849964,4.1036254,2.7211151000000005,151.45156923500002,14.0,2.3097963499999996,1.1339184999999992,0.425,9.901198823968304,30.0,227.81903473,16.0,94.28140192000001,13.430843800000002,8.0,81.85221999731655,37.65522312456052,32.0
5877,f,capitals,34,state,North Dakota,Bismarck,Fargo,What is the capital of North Dakota?,The capital of North Dakota is,0.076,0.138,1.815789474,True,critical,html-keyboard-response,87,441621,subject_7,67d993866d1d7516d87e97de,67db016e566ddc888e6ce5d4,0.7259458047283218,1,left,0.0546085759242663,3.1886295000000002,1.6228072999999998,1.0,0.04464285714285714,-0.8373848349999999,-6.98899085,3.346709315,2.0134886500000007,158.9716758025,18.0,1.0428039999999998,1.0428039999999998,0.425,10.24716289924514,32.5,181.48586626009998,20.0,91.95245258989999,1.3760648999999998,25.0,78.67897042291708,25.245962637347155,34.5
8239,f,capitals,11,country,United Arab Emirates,Abu Dhabi,Dubai,What is the capital of the United Arab Emirates?,The capital of the United Arab Emirates is,1.6,3.1,1.9375,True,critical,html-keyboard-response,89,450869,subject_7,67d993866d1d7516d87e97de,67db016e566ddc888e6ce5d4,0.7259458047283218,1,left,0.921945938394796,3.6339115499999997,2.33935815,1.0,0.00522367703218767,-1.0856354000000001,-9.346349,2.50591525,-0.6000735000000006,159.839143965,14.0,3.36275555,3.36275555,0.65,9.84413945872573,31.0,260.0233028075,0.0,72.79101454250001,22.182172549999997,33.0,96.97781470445022,51.8589082146157,33.0
5566,f,capitals,22,state,Maine,Augusta,Portland,What is the capital of Maine?,The capital of Maine is,0.0192,0.0695,3.619791667,True,critical,html-keyboard-response,91,457445,subject_7,67d993866d1d7516d87e97de,67db016e566ddc888e6ce5d4,0.7259458047283218,1,left,-0.0595920674831573,3.7875023,2.4801948,1.0,0.0016831873627990133,-1.0323926499999998,-10.4254775,2.0421341999999996,-1.8715164999999994,169.20454695,18.0,5.94090445,5.94090445,0.95,2.583690266418973,37.0,311.71045002,37.0,44.16688318,51.44942174999999,21.0,71.44560616098389,59.91154959685878,37.0
4750,j,capitals,30,state,New Jersey,Trenton,Newark,What is the capital of New Jersey?,The capital of New Jersey is,0.0898,0.306,3.407572383,False,critical,html-keyboard-response,93,463197,subject_7,67d993866d1d7516d87e97de,67db016e566ddc888e6ce5d4,0.7259458047283218,1,right,-0.3592310546872015,3.3090056,1.82140345,1.0,0.0016363743403658628,-0.84072134,-10.924448,3.76701416,-4.2521546,156.04382572,18.0,6.901956650000001,6.901956650000001,0.725,8.925782555854742,34.5,273.68847277500004,22.0,47.345132775,80.49773385,24.5,88.88474869929352,60.16044669384837,28.5
4692,f,capitals,5,country,Morrocco,Rabat,Marrakesh,What is the capital of Morrocco?,The capital of Morrocco is,2.02,1.085,0.5371287129,True,critical,html-keyboard-response,7,47508,subject_31,67d993866d1d7516d87e97de,67daff042e85e568ce9b462c,0.1309822314454309,1,left,-1.0347425661349694,4.06911815,3.926867,1.0,0.001930509063232023,-1.06717185,-9.534113999999999,2.73666185,-0.551412,192.02520429999998,22.5,5.353308500000001,3.0599705000000004,0.6125,7.031879522295083,33.0,303.121009725,22.5,42.028869125,59.422086599999986,14.5,71.26685811006843,54.04151717765417,23.0
3481,f,capitals,36,state,Pennsylvania,Harrisburg,Philadelphia,What is the capital of Pennsylvania?,The capital of Pennsylvania is,0.05,1.517,30.34,True,critical,html-keyboard-response,9,51998,subject_31,67d993866d1d7516d87e97de,67daff042e85e568ce9b462c,0.1309822314454309,1,left,-1.291517365359981,3.80286055,1.2945525999999998,1.0,0.005201455329470422,-0.971369375,-10.090643,2.9000446250000005,-0.7811735000000004,169.40291199,18.0,4.7394538,4.5681133,0.6625000000000001,12.812658898193753,26.5,280.7955821475,22.5,70.13658115249999,36.52358815000001,24.0,104.5548823855986,47.04693462155399,24.0
3980,j,capitals,7,country,Pakistan,Islamabad,Karachi,What is the capital of Pakistan?,The capital of Pakistan is,1.3,18.1,13.92307692,False,critical,html-keyboard-response,11,56996,subject_31,67d993866d1d7516d87e97de,67daff042e85e568ce9b462c,0.1309822314454309,1,right,-1.185711729676017,3.8934075,2.6534792,1.0,0.0019266429313158284,-1.11515545,-10.314565,2.1734213999999996,-4.08459765,183.33887535,14.0,4.08459765,4.08459765,0.675,5.719409224572999,32.5,281.15069095,25.0,33.481899,38.1329444,25.0,81.74658055471438,60.49985834162654,25.0
3212,j,capitals,22,state,Maine,Augusta,Portland,What is the capital of Maine?,The capital of Maine is,0.0192,0.0695,3.619791667,True,critical,html-keyboard-response,13,61212,subject_31,67d993866d1d7516d87e97de,67daff042e85e568ce9b462c,0.1309822314454309,0,right,-1.3485548723719778,3.7875023,2.4801948,1.0,0.0016831873627990133,-1.0323926499999998,-10.4254775,2.0421341999999996,-1.8715164999999994,169.20454695,18.0,5.94090445,5.94090445,0.95,2.583690266418973,37.0,311.71045002,37.0,44.16688318,51.44942174999999,21.0,71.44560616098389,59.91154959685878,37.0
3025,j,capitals,40,state,Virginia,Richmond,Virginia Beach,What is the capital of Virginia?,The capital of Virginia is,0.231,0.45,1.948051948,False,critical,html-keyboard-response,15,65254,subject_31,67d993866d1d7516d87e97de,67daff042e85e568ce9b462c,0.1309822314454309,1,right,-1.388205481335708,4.120711549999999,3.5882533,1.0,0.02312889812889813,-1.16916945,-6.914387700000001,2.59017605,0.19082209999999966,175.71893075000003,18.5,2.56121715,2.56121715,0.7,5.77276122250901,38.0,284.03714405,20.0,35.25386895,25.267003600000002,18.0,46.35421140072588,30.54006897158279,36.0
4832,j,capitals,31,state,New Mexico,Santa Fe,Albuquerque,What is the capital of New Mexico?,The capital of New Mexico is,0.0901,0.557,6.182019978,True,critical,html-keyboard-response,17,71093,subject_31,67d993866d1d7516d87e97de,67daff042e85e568ce9b462c,0.1309822314454309,0,right,-1.0050576182476847,3.0991414500000003,1.3244324,1.0,0.014238667183262301,-0.69803795,-9.098272999999999,2.46943,0.3069240000000004,166.6062263,18.0,5.093978,3.5249351500000006,0.525,8.033448780088444,31.0,260.480373305,20.0,49.826687745000015,48.39635365000001,19.0,84.180459503387,57.783921029115376,24.0
3860,j,capitals,24,state,Michigan,Lansing,Detroit,What is the capital of Michigan?,The capital of Michigan is,0.112,0.63,5.625,True,critical,html-keyboard-response,19,75966,subject_31,67d993866d1d7516d87e97de,67daff042e85e568ce9b462c,0.1309822314454309,0,right,-1.2111559707222606,3.1715925,0.8199855199999999,1.0,0.020092460881934567,-0.8804468999999999,-8.9095815,2.08088635,-0.3318779999999997,162.992733545,18.0,2.8472903499999997,2.8472903499999997,0.7,7.4411319048798905,35.5,223.482275455,20.0,122.07790124499999,9.68996645,35.0,132.35050610599825,75.15181857684905,35.0
2860,j,capitals,9,country,Switzerland,Bern,Zurich,What is the capital of Switzerland?,The capital of Switzerland is,0.448,1.455,3.247767857,True,critical,html-keyboard-response,21,79836,subject_31,67d993866d1d7516d87e97de,67daff042e85e568ce9b462c,0.1309822314454309,0,right,-1.4231913127742932,4.1456575,2.41449345,0.5,0.0021505425701852632,-1.92965085,-10.040487,1.9507065,-3.461702700000001,159.68889725000002,14.0,4.6987805499999995,4.6987805499999995,0.725,3.5004306147470485,37.0,294.98176505000004,16.0,73.5494113,34.15059715,1.0,73.47320395691726,42.42957016076099,37.0
24587,j,capitals,26,state,Montana,Helena,Billings,What is the capital of Montana?,The capital of Montana is,0.0359,0.123,3.426183844,False,critical,html-keyboard-response,23,105438,subject_31,67d993866d1d7516d87e97de,67daff042e85e568ce9b462c,0.1309822314454309,1,right,3.1837005639902207,4.00716885,2.3871716000000003,1.0,0.0004472704898291971,-1.22599375,-12.036882250000001,2.2819052,-1.00467525,175.57409865,18.0,2.4909772499999994,2.1745497500000006,0.5875,6.831399328645267,33.0,299.00474067,20.0,76.68242387999999,24.127286050000002,24.0,98.87916742139757,43.100083383269855,28.5
10547,j,capitals,35,state,Oregon,Salem,Portland,What is the capital of Oregon?,The capital of Oregon is,0.178,0.615,3.45505618,False,critical,html-keyboard-response,25,117005,subject_31,67d993866d1d7516d87e97de,67daff042e85e568ce9b462c,0.1309822314454309,1,right,0.2067243615796819,3.87003685,0.9559546750000001,1.0,0.02684931506849315,-1.33495845,-8.585685999999999,2.0863518,0.6543089999999996,153.11513470199998,18.0,4.49311111,4.49311111,0.6875,9.833651245669653,33.5,221.757705704,20.0,88.948261346,12.927848335,34.0,127.8462239789101,66.26897622229141,34.0
11029,j,capitals,6,country,New Zealand,Wellington,Auckland,What is the capital of New Zealand?,The capital of New Zealand is,0.428,1.711,3.997663551,False,critical,html-keyboard-response,27,129047,subject_31,67d993866d1d7516d87e97de,67daff042e85e568ce9b462c,0.1309822314454309,1,right,0.3089253964487616,4.244933850000001,2.3052439,1.0,0.008300041328006613,-1.7685506,-8.672815499999999,2.1210044999999997,0.577696500000001,145.06194,14.0,4.1641122,4.1641122,0.5,13.508204608971669,26.0,251.64753062350002,26.0,86.95005627649999,49.788739050000004,26.0,100.41858076823004,69.00830151646427,29.0
23732,f,capitals,41,state,Washington,Olympia,Seattle,What is the capital of Washington?,The capital of Washington is,0.0558,0.765,13.70967742,False,critical,html-keyboard-response,29,153796,subject_31,67d993866d1d7516d87e97de,67daff042e85e568ce9b462c,0.1309822314454309,0,left,3.002410346535733,2.4590736499999997,3.76935035,1.0,0.018367961457392352,-0.44257853999999996,-7.3950467,3.85359726,-2.2241997000000007,144.06035742999998,23.0,4.896856099999999,4.896856099999999,0.6625000000000001,14.217480554285576,25.5,250.7986976015,25.0,103.96332209849999,33.6275834,16.0,99.67318648330391,49.08176857829807,25.0
15026,j,capitals,16,state,Delaware,Dover,Wilmington,What is the capital of Delaware?,The capital of Delaware is,0.0403,0.0722,1.791563275,False,critical,html-keyboard-response,31,169838,subject_31,67d993866d1d7516d87e97de,67daff042e85e568ce9b462c,0.1309822314454309,1,right,1.1564306586307362,4.2341493,0.72218523,1.0,0.012666345999679333,-1.74989815,-9.680467,0.94623425,3.385187,168.90373542999998,18.0,0.0,0.0,0.025,6.774399509720723,34.0,229.367487715,20.0,115.99101648500002,0.0,34.5,110.70916324533087,58.08677270925415,34.5
14504,j,capitals,8,country,South Africa,Pretoria,Johannesburg,What is the capital of South Africa?,The capital of South Africa is,3.0,6.4,2.133333333,False,critical,html-keyboard-response,33,185356,subject_31,67d993866d1d7516d87e97de,67daff042e85e568ce9b462c,0.1309822314454309,1,right,1.0457482100795752,4.3614197,2.7407284,1.0,0.005607622617931896,-2.11893455,-8.995401000000001,2.2255171,-0.9749508000000002,168.89477075,14.0,4.743248,4.743248,0.8125,6.902744233458726,33.0,261.79318212500004,33.0,107.26548872500001,40.14546490000001,33.0,126.64268622248599,90.68654232034928,33.5
9389,f,capitals,25,state,Minnesota,St. Paul,Minneapolis,What is the capital of Minnesota?,The capital of Minnesota is,0.299,0.421,1.408026756,True,critical,html-keyboard-response,35,195758,subject_31,67d993866d1d7516d87e97de,67daff042e85e568ce9b462c,0.1309822314454309,1,left,-0.0388125645165719,3.58195065,1.6521141,1.0,0.017392619479733817,-1.4853812,-8.023998,2.1170464,1.1057884999999996,150.791991795,18.0,6.11360015,6.11360015,0.875,3.3354361793014986,36.5,291.73495485,35.0,30.489669350000007,37.57722344999999,35.0,64.16242236428235,64.57921294960164,35.0
8926,j,capitals,14,state,California,Sacramento,Los Angeles,What is the capital of California?,The capital of California is,0.527,3.8,7.210626186,False,critical,html-keyboard-response,37,205702,subject_31,67d993866d1d7516d87e97de,67daff042e85e568ce9b462c,0.1309822314454309,1,right,-0.136984927886663,2.8312225,3.369704,1.0,0.1,-0.63638328,-4.58591525,4.79400397,-0.5027754,142.854805135,14.5,5.676533999999999,5.419304,0.5875,18.10634188869909,22.0,220.35396464500002,17.5,113.277399355,50.27004185000001,25.5,97.10799675216575,25.585019619395112,25.0
11893,f,capitals,27,state,Nebraska,Lincoln,Omaha,What is the capital of Nebraska?,The capital of Nebraska is,0.297,0.477,1.606060606,True,critical,html-keyboard-response,39,218613,subject_31,67d993866d1d7516d87e97de,67daff042e85e568ce9b462c,0.1309822314454309,1,left,0.4921239319817179,3.40945435,2.88149385,1.0,0.002427404976322155,-0.90226395,-9.880027,1.9579811500000002,-0.6194575000000002,166.84559195,14.0,6.48387735,5.795127749999999,0.9875,3.0583791478084397,38.0,334.6421603,20.0,16.19795,78.670469,18.0,81.67707104491953,87.8184827648541,24.0
9709,j,capitals,18,state,Illinois,Springfield,Chicago,What is the capital of Illinois?,The capital of Illinois is,0.111,2.612,23.53153153,False,critical,html-keyboard-response,41,229324,subject_31,67d993866d1d7516d87e97de,67daff042e85e568ce9b462c,0.1309822314454309,1,right,0.0290387449400785,3.7229846,2.02082935,1.0,0.0037192282102461744,-1.0637694,-9.972052999999999,1.8728581000000002,-5.79218335,170.65176035000002,18.0,8.6360925,8.6360925,0.675,5.610516716755836,37.0,311.23248041500005,22.5,49.248491285,81.37087019,25.0,83.27137832278736,56.50312887381918,25.0
11978,f,capitals,1,country,Australia,Canberra,Sydney,What is the capital of Australia?,The capital of Australia is,0.483,5.249,10.86749482,True,critical,html-keyboard-response,43,242310,subject_31,67d993866d1d7516d87e97de,67daff042e85e568ce9b462c,0.1309822314454309,1,left,0.5101469360561406,2.91766655,1.443579,1.0,0.013910060975609756,-0.732931825,-9.718684,2.424576675,-3.10026675,135.81862900000002,16.0,4.71659925,4.71659925,0.7,13.549338958870404,26.5,205.0319132245,16.0,133.7638296255,27.787327949999998,27.0,115.01755520776328,61.294825054348195,27.0
13204,j,capitals,21,state,Louisiana,Baton Rouge,New Orleans,What is the capital of Louisiana?,The capital of Louisiana is,0.215,0.351,1.63255814,False,critical,html-keyboard-response,45,256516,subject_31,67d993866d1d7516d87e97de,67daff042e85e568ce9b462c,0.1309822314454309,1,right,0.7701022654119327,2.79039935,2.0269129,1.0,0.0034954039671020805,-0.60054295,-9.8353815,2.3737587500000004,-2.482563500000001,172.31991220000003,18.0,5.1981744999999995,3.793621,0.6875,7.716095282905707,34.5,282.68865437,20.0,29.084738729999994,68.09929645,24.5,62.8804213583455,54.76974795931437,27.0
11304,j,capitals,12,state,Alabama,Montgomery,Birmingham,What is the capital of Alabama?,The capital of Alabama is,0.192,0.194,1.010416667,False,critical,html-keyboard-response,47,268830,subject_31,67d993866d1d7516d87e97de,67daff042e85e568ce9b462c,0.1309822314454309,1,right,0.3672351155130706,3.1154528,2.2013875499999997,1.0,0.003584966270478638,-0.7024276,-9.767927,3.1901363,-1.4417109999999997,171.89705985,16.0,5.234766799999999,5.234766799999999,0.725,8.879740567094881,31.0,283.66813919000003,20.0,35.182526159999995,72.3701839,11.0,72.1080126268425,56.93717089653546,31.0
11657,j,capitals,29,state,New Hampshire,Concord,Manchester,What is the capital of New Hampshire?,The capital of New Hampshire is,0.0449,0.115,2.561247216,False,critical,html-keyboard-response,49,281502,subject_31,67d993866d1d7516d87e97de,67daff042e85e568ce9b462c,0.1309822314454309,1,right,0.4420835912574382,3.8924572,2.5146651,1.0,0.00224755864290748,-1.1561135,-10.1354995,2.64535425,0.8996589999999998,168.00271485000002,18.0,0.0,0.0,0.025,8.377304174979542,32.5,253.08660677999998,20.0,138.81277821999998,0.0,27.0,98.10982957505266,32.00701641793163,32.0
10530,f,capitals,42,state,Wisconsin,Madison,Milwaukee,What is the capital of Wisconsin?,The capital of Wisconsin is,0.284,0.551,1.940140845,True,critical,html-keyboard-response,51,293045,subject_31,67d993866d1d7516d87e97de,67daff042e85e568ce9b462c,0.1309822314454309,1,left,0.2031197607647973,3.13448335,2.23414315,1.0,0.006828316610925306,-0.760507775,-9.046759,3.316440125,1.0081592500000003,161.19694813,16.0,0.0,0.0,0.025,8.781973336626725,35.0,233.021284015,20.0,104.89291063499999,0.0,33.0,87.39257794461776,27.410622132151936,33.0
9144,f,capitals,32,state,New York,Albany,New York,What is the capital of New York?,The capital of New York is,0.103,7.937,77.05825243,False,critical,html-keyboard-response,53,303206,subject_31,67d993866d1d7516d87e97de,67daff042e85e568ce9b462c,0.1309822314454309,0,left,-0.0907612233193199,2.31160665,4.8018915,1.0,0.07179487179487179,-0.40196120999999996,-4.7547025000000005,3.14106469,-1.30574515,164.00049312,18.0,4.1901697,3.862285,0.6875,15.47453789415244,25.5,229.375925891,15.0,53.021560058999995,59.8069269,27.0,75.81720478275057,45.627494070248844,27.0
8884,j,capitals,33,state,North Carolina,Raleigh,Charlotte,What is the capital of North Carolina?,The capital of North Carolina is,0.494,0.935,1.892712551,False,critical,html-keyboard-response,55,313093,subject_31,67d993866d1d7516d87e97de,67daff042e85e568ce9b462c,0.1309822314454309,1,right,-0.1458904122528484,3.9989741,1.4837299000000002,1.0,0.017565485362095533,-1.2707921500000001,-8.2403645,2.6944252,2.3565879999999995,167.86508935,18.0,1.4855458000000001,1.4855458000000001,0.7124999999999999,8.574116496188747,32.5,209.911716892,20.0,142.86702770799997,5.01324945,7.0,125.69617107504936,62.09856014494803,35.0
9986,f,capitals,39,state,Vermont,Montpelier,Burlington,What is the capital of Vermont?,The capital of Vermont is,0.0079,0.0444,5.620253165,True,critical,html-keyboard-response,57,324085,subject_31,67d993866d1d7516d87e97de,67daff042e85e568ce9b462c,0.1309822314454309,1,left,0.0877725346884915,2.8268120999999997,0.75283587,1.0,0.0034998085574806164,-0.637835275,-11.6183655,2.518385875,0.32600349999999967,158.75225502,18.0,2.6147142499999996,2.5662552499999993,0.44999999999999996,6.6844704108256,35.0,288.368095275,20.0,52.797800275,17.347483000000004,23.0,87.53368163162845,59.445257727624245,23.0
9244,j,capitals,13,state,Alaska,Juneau,Anchorage,What is the capital of Alaska?,The capital of Alaska is,0.0311,0.283,9.099678457,False,critical,html-keyboard-response,59,334341,subject_31,67d993866d1d7516d87e97de,67daff042e85e568ce9b462c,0.1309822314454309,1,right,-0.0695576891141166,4.0331867,1.032167785,1.0,0.0012974288388852195,-1.38228545,-12.390654,1.9327201,-2.1549560000000003,158.058188835,18.0,4.9375237,4.9375237,0.9624999999999999,2.4642328656242176,37.0,348.27460882,33.0,8.84634368,72.57630929999998,37.0,50.961827169017766,61.5026154449013,37.0
11053,f,capitals,30,state,New Jersey,Trenton,Newark,What is the capital of New Jersey?,The capital of New Jersey is,0.0898,0.306,3.407572383,True,critical,html-keyboard-response,61,346404,subject_31,67d993866d1d7516d87e97de,67daff042e85e568ce9b462c,0.1309822314454309,1,left,0.3140142446580104,3.3090056,1.82140345,1.0,0.0016363743403658628,-0.84072134,-10.924448,3.76701416,-4.2521546,156.04382572,18.0,6.901956650000001,6.901956650000001,0.725,8.925782555854742,34.5,273.68847277500004,22.0,47.345132775,80.49773385,24.5,88.88474869929352,60.16044669384837,28.5
8492,f,capitals,17,state,Florida,Tallahassee,Jacksonville,What is the capital of Florida?,The capital of Florida is,0.205,1.008,4.917073171,True,critical,html-keyboard-response,63,355909,subject_31,67d993866d1d7516d87e97de,67daff042e85e568ce9b462c,0.1309822314454309,1,left,-0.2290082663372452,3.563912,2.6319027999999998,1.0,0.008519591611479029,-0.95531795,-8.4452955,4.38171585,1.3466129999999996,162.1489442425,23.5,1.2571029,1.2571029,0.48750000000000004,9.093065063976583,33.0,222.1497324065,20.0,145.26711409350003,2.21744865,24.0,154.13877107879688,46.03097986487076,33.0
9917,f,capitals,37,state,South Dakota,Pierre,Sioux Falls,What is the capital of South Dakota?,The capital of South Dakota is,0.0138,0.215,15.57971014,True,critical,html-keyboard-response,65,366845,subject_31,67d993866d1d7516d87e97de,67daff042e85e568ce9b462c,0.1309822314454309,1,left,0.0731420960869013,3.88962435,1.9988037,1.0,0.006089036055923473,-1.041340035,-9.381435,2.440622765,3.5832957499999987,176.86631975,18.0,2.7437485000000006,2.3335944999999993,0.45,6.963136166388008,32.0,279.15120511,20.0,98.78975829,20.867091999999992,16.0,89.17083306707906,49.97454210007436,26.0
9677,f,capitals,4,country,India,New Delhi,Mumbai,What is the capital of India?,The capital of India is,0.206,22.1,107.2815534,True,critical,html-keyboard-response,67,377540,subject_31,67d993866d1d7516d87e97de,67daff042e85e568ce9b462c,0.1309822314454309,1,left,0.0222536139944134,3.3890189,1.4282650000000001,1.0,0.06971153846153846,-1.1690336,-6.6849964,4.1036254,2.7211151000000005,151.45156923500002,14.0,2.3097963499999996,1.1339184999999992,0.425,9.901198823968304,30.0,227.81903473,16.0,94.28140192000001,13.430843800000002,8.0,81.85221999731655,37.65522312456052,32.0
10659,j,capitals,20,state,Kentucky,Frankfort,Louisville,What is the capital of Kentucky?,The capital of Kentucky is,0.0281,0.617,21.95729537,False,critical,html-keyboard-response,69,389211,subject_31,67d993866d1d7516d87e97de,67daff042e85e568ce9b462c,0.1309822314454309,1,right,0.2304723198895095,3.0547366,2.2666612,1.0,0.000659358843533807,-0.74241135,-11.6135325,2.1753297,-0.9483945,176.88001325,18.0,5.5287013,4.96804475,0.75,4.405366338069108,37.0,336.0411206,26.0,22.964224,60.86410575,26.0,72.27622371274914,51.10917786191476,26.0
13113,f,capitals,19,state,Kansas,Topeka,Wichita,What is the capital of Kansas?,The capital of Kansas is,0.125,0.395,3.16,True,critical,html-keyboard-response,71,403325,subject_31,67d993866d1d7516d87e97de,67daff042e85e568ce9b462c,0.1309822314454309,1,left,0.7508070492851977,3.69316615,2.64080265,1.0,0.010417797069994574,-1.07303922,-8.168856,1.73419138,-0.5498905999999999,162.288778245,35.0,2.9706022499999998,1.7607325999999994,0.5625,10.046628532789011,33.0,233.6914373035,18.0,65.7761040965,17.125884900000003,35.0,90.36345231361148,54.06264558247349,35.0
10516,j,capitals,10,country,Turkey,Ankara,Istanbul,What is the capital of Turkey?,The capital of Turkey is,5.55,16.24,2.926126126,False,critical,html-keyboard-response,73,414852,subject_31,67d993866d1d7516d87e97de,67daff042e85e568ce9b462c,0.1309822314454309,1,right,0.2001512659760689,3.7206935999999997,3.6190253,1.0,0.0140625,-1.049432,-7.22749025,1.77928585,-1.0519376499999997,181.67489892999998,14.0,3.36303155,3.36303155,0.7875000000000001,7.10805059345744,34.0,232.28671097749998,0.0,68.73258667249999,23.91809185,34.0,109.98791459488866,68.21821684179301,34.0
9347,j,capitals,11,country,United Arab Emirates,Abu Dhabi,Dubai,What is the capital of the United Arab Emirates?,The capital of the United Arab Emirates is,1.6,3.1,1.9375,False,critical,html-keyboard-response,75,425212,subject_31,67d993866d1d7516d87e97de,67daff042e85e568ce9b462c,0.1309822314454309,1,right,-0.0477180488827573,3.6339115499999997,2.33935815,1.0,0.00522367703218767,-1.0856354000000001,-9.346349,2.50591525,-0.6000735000000006,159.839143965,14.0,3.36275555,3.36275555,0.65,9.84413945872573,31.0,260.0233028075,0.0,72.79101454250001,22.182172549999997,33.0,96.97781470445022,51.8589082146157,33.0
9296,f,capitals,23,state,Maryland,Annapolis,Baltimore,What is the capital of Maryland?,The capital of Maryland is,0.0403,0.553,13.72208437,True,critical,html-keyboard-response,77,435516,subject_31,67d993866d1d7516d87e97de,67daff042e85e568ce9b462c,0.1309822314454309,1,left,-0.0585318513274109,3.6610867999999996,1.99519565,1.0,0.007435328135488201,-1.006010815,-9.066941499999999,2.3947849850000003,-2.0526531999999995,171.39884055,18.0,5.272523,5.272523,0.7124999999999999,8.627807633730525,31.0,269.905489795,21.0,82.80523015499999,30.549259500000005,17.5,88.24512507064568,61.977535890917494,35.0
14017,j,capitals,34,state,North Dakota,Bismarck,Fargo,What is the capital of North Dakota?,The capital of North Dakota is,0.076,0.138,1.815789474,False,critical,html-keyboard-response,79,450541,subject_31,67d993866d1d7516d87e97de,67daff042e85e568ce9b462c,0.1309822314454309,1,right,0.9424869985002352,3.1886295000000002,1.6228072999999998,1.0,0.04464285714285714,-0.8373848349999999,-6.98899085,3.346709315,2.0134886500000007,158.9716758025,18.0,1.0428039999999998,1.0428039999999998,0.425,10.24716289924514,32.5,181.48586626009998,20.0,91.95245258989999,1.3760648999999998,25.0,78.67897042291708,25.245962637347155,34.5
4003,j,capitals,3,country,Canada,Ottawa,Toronto,What is the capital of Canada?,The capital of Canada is,1.465,6.491,4.430716724,True,critical,html-keyboard-response,81,455547,subject_31,67d993866d1d7516d87e97de,67daff042e85e568ce9b462c,0.1309822314454309,0,right,-1.18083491680882,3.41186485,1.57882065,1.0,0.09166666666666667,-0.8216695,-5.87537415,3.39860975,-1.0815602000000002,151.21389025500002,16.0,1.62056305,1.62056305,0.55,18.015003869553816,21.0,209.80200216699998,15.0,104.683861683,9.282030650000001,24.5,78.4247090436364,17.054693758663674,27.0
8962,f,capitals,15,state,Connecticut,Hartford,Bridgeport,What is the capital of Connecticut?,The capital of Connecticut is,0.119,0.148,1.243697479,True,critical,html-keyboard-response,83,465517,subject_31,67d993866d1d7516d87e97de,67daff042e85e568ce9b462c,0.1309822314454309,1,left,-0.1293516555727898,4.152413,2.4941535000000004,1.0,0.012903762903762904,-1.2379590999999999,-8.185617,4.8248759,4.25825,176.1870492,16.0,0.7039874999999993,0.7039874999999993,0.3,12.984765384964998,24.0,278.35317808,20.0,187.17906882,0.754308,10.5,97.3336617897597,26.70347104409089,31.0
7956,j,capitals,28,state,Nevada,Carson City,Las Vegas,What is the capital of Nevada?,The capital of Nevada is,0.0576,0.67,11.63194444,False,critical,html-keyboard-response,85,474485,subject_31,67d993866d1d7516d87e97de,67daff042e85e568ce9b462c,0.1309822314454309,1,right,-0.3426592096771347,3.21408655,2.2825403,1.0,0.009556159420289855,-0.7483732750000001,-8.5907935,3.2634109749999998,0.3897780000000006,154.31583923,24.0,0.6128969999999994,0.6128969999999994,0.46249999999999997,13.888110548784098,22.0,212.93093655299998,21.0,129.96025854700002,1.2335965999999998,27.5,151.10212968210539,49.69601040539513,33.0
6234,f,capitals,38,state,Texas,Austin,Houston,What is the capital of Texas?,The capital of Texas is,0.989,2.324,2.349848332,True,critical,html-keyboard-response,87,481733,subject_31,67d993866d1d7516d87e97de,67daff042e85e568ce9b462c,0.1309822314454309,1,left,-0.707784068690735,2.7289062,3.68736335,1.0,0.08712121212121213,-0.506320885,-4.40157605,4.012876565,1.53352215,151.14799460999998,11.0,0.08562525000000054,0.08562525000000054,0.35,19.22278273641858,20.0,198.241569792,15.0,136.22196335799998,0.08562525000000054,10.5,81.3456051528303,15.975005422746095,35.0
3569,f,capitals,2,country,Brazil,Brasilia,Rio de Janeiro,What is the capital of Brazil?,The capital of Brazil is,4.99,13.923,2.790180361,True,critical,html-keyboard-response,89,486315,subject_31,67d993866d1d7516d87e97de,67daff042e85e568ce9b462c,0.1309822314454309,1,left,-1.272858255259402,2.0599417,0.8546364200000001,1.0,0.010916269887353384,-0.37423359,-9.777523500000001,3.12931296,0.3757585000000008,171.91224647,18.0,3.580388749999999,2.5741565,0.55,9.253846674396854,34.0,298.44019958,15.0,47.51553901999999,30.58541265,22.0,58.33967382007255,24.97507531677988,22.0
11911,f,capitals,28,state,Nevada,Carson City,Las Vegas,What is the capital of Nevada?,The capital of Nevada is,0.0576,0.67,11.63194444,True,critical,html-keyboard-response,7,186715,subject_33,67d993866d1d7516d87e97de,67f553f147984fc1e4ce680b,0.8204237476026546,1,left,-0.0034795525213807,3.21408655,2.2825403,1.0,0.009556159420289855,-0.7483732750000001,-8.5907935,3.2634109749999998,0.3897780000000006,154.31583923,24.0,0.6128969999999994,0.6128969999999994,0.46249999999999997,13.888110548784098,22.0,212.93093655299998,21.0,129.96025854700002,1.2335965999999998,27.5,151.10212968210539,49.69601040539513,33.0
11299,f,capitals,1,country,Australia,Canberra,Sydney,What is the capital of Australia?,The capital of Australia is,0.483,5.249,10.86749482,True,critical,html-keyboard-response,9,199020,subject_33,67d993866d1d7516d87e97de,67f553f147984fc1e4ce680b,0.8204237476026546,1,left,-0.1138973525331986,2.91766655,1.443579,1.0,0.013910060975609756,-0.732931825,-9.718684,2.424576675,-3.10026675,135.81862900000002,16.0,4.71659925,4.71659925,0.7,13.549338958870404,26.5,205.0319132245,16.0,133.7638296255,27.787327949999998,27.0,115.01755520776328,61.294825054348195,27.0
3208,f,capitals,4,country,India,New Delhi,Mumbai,What is the capital of India?,The capital of India is,0.206,22.1,107.2815534,False,critical,html-keyboard-response,11,203246,subject_33,67d993866d1d7516d87e97de,67f553f147984fc1e4ce680b,0.8204237476026546,0,left,-1.5736856203364973,3.3890189,1.4282650000000001,1.0,0.06971153846153846,-1.1690336,-6.6849964,4.1036254,2.7211151000000005,151.45156923500002,14.0,2.3097963499999996,1.1339184999999992,0.425,9.901198823968304,30.0,227.81903473,16.0,94.28140192000001,13.430843800000002,8.0,81.85221999731655,37.65522312456052,32.0
11444,j,capitals,14,state,California,Sacramento,Los Angeles,What is the capital of California?,The capital of California is,0.527,3.8,7.210626186,False,critical,html-keyboard-response,13,215696,subject_33,67d993866d1d7516d87e97de,67f553f147984fc1e4ce680b,0.8204237476026546,1,right,-0.0877362724650391,2.8312225,3.369704,1.0,0.1,-0.63638328,-4.58591525,4.79400397,-0.5027754,142.854805135,14.5,5.676533999999999,5.419304,0.5875,18.10634188869909,22.0,220.35396464500002,17.5,113.277399355,50.27004185000001,25.5,97.10799675216575,25.585019619395112,25.0
10748,f,capitals,33,state,North Carolina,Raleigh,Charlotte,What is the capital of North Carolina?,The capital of North Carolina is,0.494,0.935,1.892712551,True,critical,html-keyboard-response,15,227449,subject_33,67d993866d1d7516d87e97de,67f553f147984fc1e4ce680b,0.8204237476026546,1,left,-0.2133094567922046,3.9989741,1.4837299000000002,1.0,0.017565485362095533,-1.2707921500000001,-8.2403645,2.6944252,2.3565879999999995,167.86508935,18.0,1.4855458000000001,1.4855458000000001,0.7124999999999999,8.574116496188747,32.5,209.911716892,20.0,142.86702770799997,5.01324945,7.0,125.69617107504936,62.09856014494803,35.0
12056,j,capitals,34,state,North Dakota,Bismarck,Fargo,What is the capital of North Dakota?,The capital of North Dakota is,0.076,0.138,1.815789474,False,critical,html-keyboard-response,17,240509,subject_33,67d993866d1d7516d87e97de,67f553f147984fc1e4ce680b,0.8204237476026546,1,right,0.0226815275467787,3.1886295000000002,1.6228072999999998,1.0,0.04464285714285714,-0.8373848349999999,-6.98899085,3.346709315,2.0134886500000007,158.9716758025,18.0,1.0428039999999998,1.0428039999999998,0.425,10.24716289924514,32.5,181.48586626009998,20.0,91.95245258989999,1.3760648999999998,25.0,78.67897042291708,25.245962637347155,34.5
13717,j,capitals,20,state,Kentucky,Frankfort,Louisville,What is the capital of Kentucky?,The capital of Kentucky is,0.0281,0.617,21.95729537,False,critical,html-keyboard-response,19,255237,subject_33,67d993866d1d7516d87e97de,67f553f147984fc1e4ce680b,0.8204237476026546,1,right,0.3223612102585917,3.0547366,2.2666612,1.0,0.000659358843533807,-0.74241135,-11.6135325,2.1753297,-0.9483945,176.88001325,18.0,5.5287013,4.96804475,0.75,4.405366338069108,37.0,336.0411206,26.0,22.964224,60.86410575,26.0,72.27622371274914,51.10917786191476,26.0
12873,f,capitals,41,state,Washington,Olympia,Seattle,What is the capital of Washington?,The capital of Washington is,0.0558,0.765,13.70967742,True,critical,html-keyboard-response,21,269128,subject_33,67d993866d1d7516d87e97de,67f553f147984fc1e4ce680b,0.8204237476026546,1,left,0.1700856821377186,2.4590736499999997,3.76935035,1.0,0.018367961457392352,-0.44257853999999996,-7.3950467,3.85359726,-2.2241997000000007,144.06035742999998,23.0,4.896856099999999,4.896856099999999,0.6625000000000001,14.217480554285576,25.5,250.7986976015,25.0,103.96332209849999,33.6275834,16.0,99.67318648330391,49.08176857829807,25.0
10342,f,capitals,18,state,Illinois,Springfield,Chicago,What is the capital of Illinois?,The capital of Illinois is,0.111,2.612,23.53153153,True,critical,html-keyboard-response,23,280480,subject_33,67d993866d1d7516d87e97de,67f553f147984fc1e4ce680b,0.8204237476026546,1,left,-0.2865604809830511,3.7229846,2.02082935,1.0,0.0037192282102461744,-1.0637694,-9.972052999999999,1.8728581000000002,-5.79218335,170.65176035000002,18.0,8.6360925,8.6360925,0.675,5.610516716755836,37.0,311.23248041500005,22.5,49.248491285,81.37087019,25.0,83.27137832278736,56.50312887381918,25.0
10356,j,capitals,15,state,Connecticut,Hartford,Bridgeport,What is the capital of Connecticut?,The capital of Connecticut is,0.119,0.148,1.243697479,False,critical,html-keyboard-response,25,291848,subject_33,67d993866d1d7516d87e97de,67f553f147984fc1e4ce680b,0.8204237476026546,1,right,-0.2840345835971599,4.152413,2.4941535000000004,1.0,0.012903762903762904,-1.2379590999999999,-8.185617,4.8248759,4.25825,176.1870492,16.0,0.7039874999999993,0.7039874999999993,0.3,12.984765384964998,24.0,278.35317808,20.0,187.17906882,0.754308,10.5,97.3336617897597,26.70347104409089,31.0
11957,f,capitals,29,state,New Hampshire,Concord,Manchester,What is the capital of New Hampshire?,The capital of New Hampshire is,0.0449,0.115,2.561247216,True,critical,html-keyboard-response,27,304820,subject_33,67d993866d1d7516d87e97de,67f553f147984fc1e4ce680b,0.8204237476026546,1,left,0.0048198246036905,3.8924572,2.5146651,1.0,0.00224755864290748,-1.1561135,-10.1354995,2.64535425,0.8996589999999998,168.00271485000002,18.0,0.0,0.0,0.025,8.377304174979542,32.5,253.08660677999998,20.0,138.81277821999998,0.0,27.0,98.10982957505266,32.00701641793163,32.0
14158,j,capitals,12,state,Alabama,Montgomery,Birmingham,What is the capital of Alabama?,The capital of Alabama is,0.192,0.194,1.010416667,False,critical,html-keyboard-response,29,319996,subject_33,67d993866d1d7516d87e97de,67f553f147984fc1e4ce680b,0.8204237476026546,1,right,0.4019269779141664,3.1154528,2.2013875499999997,1.0,0.003584966270478638,-0.7024276,-9.767927,3.1901363,-1.4417109999999997,171.89705985,16.0,5.234766799999999,5.234766799999999,0.725,8.879740567094881,31.0,283.66813919000003,20.0,35.182526159999995,72.3701839,11.0,72.1080126268425,56.93717089653546,31.0
11540,f,capitals,13,state,Alaska,Juneau,Anchorage,What is the capital of Alaska?,The capital of Alaska is,0.0311,0.283,9.099678457,True,critical,html-keyboard-response,31,332544,subject_33,67d993866d1d7516d87e97de,67f553f147984fc1e4ce680b,0.8204237476026546,1,left,-0.0704158332474991,4.0331867,1.032167785,1.0,0.0012974288388852195,-1.38228545,-12.390654,1.9327201,-2.1549560000000003,158.058188835,18.0,4.9375237,4.9375237,0.9624999999999999,2.4642328656242176,37.0,348.27460882,33.0,8.84634368,72.57630929999998,37.0,50.961827169017766,61.5026154449013,37.0
7687,f,capitals,8,country,South Africa,Pretoria,Johannesburg,What is the capital of South Africa?,The capital of South Africa is,3.0,6.4,2.133333333,True,critical,html-keyboard-response,33,341243,subject_33,67d993866d1d7516d87e97de,67f553f147984fc1e4ce680b,0.8204237476026546,1,left,-0.7655788780931435,4.3614197,2.7407284,1.0,0.005607622617931896,-2.11893455,-8.995401000000001,2.2255171,-0.9749508000000002,168.89477075,14.0,4.743248,4.743248,0.8125,6.902744233458726,33.0,261.79318212500004,33.0,107.26548872500001,40.14546490000001,33.0,126.64268622248599,90.68654232034928,33.5
14425,j,capitals,36,state,Pennsylvania,Harrisburg,Philadelphia,What is the capital of Pennsylvania?,The capital of Pennsylvania is,0.05,1.517,30.34,False,critical,html-keyboard-response,35,356683,subject_33,67d993866d1d7516d87e97de,67f553f147984fc1e4ce680b,0.8204237476026546,1,right,0.4500994494879497,3.80286055,1.2945525999999998,1.0,0.005201455329470422,-0.971369375,-10.090643,2.9000446250000005,-0.7811735000000004,169.40291199,18.0,4.7394538,4.5681133,0.6625000000000001,12.812658898193753,26.5,280.7955821475,22.5,70.13658115249999,36.52358815000001,24.0,104.5548823855986,47.04693462155399,24.0
21779,f,capitals,16,state,Delaware,Dover,Wilmington,What is the capital of Delaware?,The capital of Delaware is,0.0403,0.0722,1.791563275,True,critical,html-keyboard-response,37,379482,subject_33,67d993866d1d7516d87e97de,67f553f147984fc1e4ce680b,0.8204237476026546,1,left,1.7769172620482585,4.2341493,0.72218523,1.0,0.012666345999679333,-1.74989815,-9.680467,0.94623425,3.385187,168.90373542999998,18.0,0.0,0.0,0.025,6.774399509720723,34.0,229.367487715,20.0,115.99101648500002,0.0,34.5,110.70916324533087,58.08677270925415,34.5
10463,f,capitals,35,state,Oregon,Salem,Portland,What is the capital of Oregon?,The capital of Oregon is,0.178,0.615,3.45505618,True,critical,html-keyboard-response,39,390951,subject_33,67d993866d1d7516d87e97de,67f553f147984fc1e4ce680b,0.8204237476026546,1,left,-0.2647295107192767,3.87003685,0.9559546750000001,1.0,0.02684931506849315,-1.33495845,-8.585685999999999,2.0863518,0.6543089999999996,153.11513470199998,18.0,4.49311111,4.49311111,0.6875,9.833651245669653,33.5,221.757705704,20.0,88.948261346,12.927848335,34.0,127.8462239789101,66.26897622229141,34.0
12714,f,capitals,7,country,Pakistan,Islamabad,Karachi,What is the capital of Pakistan?,The capital of Pakistan is,1.3,18.1,13.92307692,False,critical,html-keyboard-response,41,404682,subject_33,67d993866d1d7516d87e97de,67f553f147984fc1e4ce680b,0.8204237476026546,0,left,0.1413987046836679,3.8934075,2.6534792,1.0,0.0019266429313158284,-1.11515545,-10.314565,2.1734213999999996,-4.08459765,183.33887535,14.0,4.08459765,4.08459765,0.675,5.719409224572999,32.5,281.15069095,25.0,33.481899,38.1329444,25.0,81.74658055471438,60.49985834162654,25.0
10203,j,capitals,22,state,Maine,Augusta,Portland,What is the capital of Maine?,The capital of Maine is,0.0192,0.0695,3.619791667,False,critical,html-keyboard-response,43,415898,subject_33,67d993866d1d7516d87e97de,67f553f147984fc1e4ce680b,0.8204237476026546,1,right,-0.3116390336001143,3.7875023,2.4801948,1.0,0.0016831873627990133,-1.0323926499999998,-10.4254775,2.0421341999999996,-1.8715164999999994,169.20454695,18.0,5.94090445,5.94090445,0.95,2.583690266418973,37.0,311.71045002,37.0,44.16688318,51.44942174999999,21.0,71.44560616098389,59.91154959685878,37.0
21298,f,capitals,38,state,Texas,Austin,Houston,What is the capital of Texas?,The capital of Texas is,0.989,2.324,2.349848332,True,critical,html-keyboard-response,45,438208,subject_33,67d993866d1d7516d87e97de,67f553f147984fc1e4ce680b,0.8204237476026546,1,left,1.690134644718709,2.7289062,3.68736335,1.0,0.08712121212121213,-0.506320885,-4.40157605,4.012876565,1.53352215,151.14799460999998,11.0,0.08562525000000054,0.08562525000000054,0.35,19.22278273641858,20.0,198.241569792,15.0,136.22196335799998,0.08562525000000054,10.5,81.3456051528303,15.975005422746095,35.0
12388,j,capitals,6,country,New Zealand,Wellington,Auckland,What is the capital of New Zealand?,The capital of New Zealand is,0.428,1.711,3.997663551,True,critical,html-keyboard-response,47,451601,subject_33,67d993866d1d7516d87e97de,67f553f147984fc1e4ce680b,0.8204237476026546,0,right,0.0825813798407714,4.244933850000001,2.3052439,1.0,0.008300041328006613,-1.7685506,-8.672815499999999,2.1210044999999997,0.577696500000001,145.06194,14.0,4.1641122,4.1641122,0.5,13.508204608971669,26.0,251.64753062350002,26.0,86.95005627649999,49.788739050000004,26.0,100.41858076823004,69.00830151646427,29.0
12672,j,capitals,3,country,Canada,Ottawa,Toronto,What is the capital of Canada?,The capital of Canada is,1.465,6.491,4.430716724,False,critical,html-keyboard-response,49,465284,subject_33,67d993866d1d7516d87e97de,67f553f147984fc1e4ce680b,0.8204237476026546,1,right,0.1338210125259941,3.41186485,1.57882065,1.0,0.09166666666666667,-0.8216695,-5.87537415,3.39860975,-1.0815602000000002,151.21389025500002,16.0,1.62056305,1.62056305,0.55,18.015003869553816,21.0,209.80200216699998,15.0,104.683861683,9.282030650000001,24.5,78.4247090436364,17.054693758663674,27.0
4536,f,capitals,11,country,United Arab Emirates,Abu Dhabi,Dubai,What is the capital of the United Arab Emirates?,The capital of the United Arab Emirates is,1.6,3.1,1.9375,False,critical,html-keyboard-response,51,470824,subject_33,67d993866d1d7516d87e97de,67f553f147984fc1e4ce680b,0.8204237476026546,0,left,-1.3340862111605265,3.6339115499999997,2.33935815,1.0,0.00522367703218767,-1.0856354000000001,-9.346349,2.50591525,-0.6000735000000006,159.839143965,14.0,3.36275555,3.36275555,0.65,9.84413945872573,31.0,260.0233028075,0.0,72.79101454250001,22.182172549999997,33.0,96.97781470445022,51.8589082146157,33.0
16603,j,capitals,42,state,Wisconsin,Madison,Milwaukee,What is the capital of Wisconsin?,The capital of Wisconsin is,0.284,0.551,1.940140845,False,critical,html-keyboard-response,53,488433,subject_33,67d993866d1d7516d87e97de,67f553f147984fc1e4ce680b,0.8204237476026546,1,right,0.8430569142358899,3.13448335,2.23414315,1.0,0.006828316610925306,-0.760507775,-9.046759,3.316440125,1.0081592500000003,161.19694813,16.0,0.0,0.0,0.025,8.781973336626725,35.0,233.021284015,20.0,104.89291063499999,0.0,33.0,87.39257794461776,27.410622132151936,33.0
12093,f,capitals,24,state,Michigan,Lansing,Detroit,What is the capital of Michigan?,The capital of Michigan is,0.112,0.63,5.625,True,critical,html-keyboard-response,55,501538,subject_33,67d993866d1d7516d87e97de,67f553f147984fc1e4ce680b,0.8204237476026546,1,left,0.0293571134952056,3.1715925,0.8199855199999999,1.0,0.020092460881934567,-0.8804468999999999,-8.9095815,2.08088635,-0.3318779999999997,162.992733545,18.0,2.8472903499999997,2.8472903499999997,0.7,7.4411319048798905,35.5,223.482275455,20.0,122.07790124499999,9.68996645,35.0,132.35050610599825,75.15181857684905,35.0
5296,j,capitals,5,country,Morrocco,Rabat,Marrakesh,What is the capital of Morrocco?,The capital of Morrocco is,2.02,1.085,0.5371287129,False,critical,html-keyboard-response,57,507838,subject_33,67d993866d1d7516d87e97de,67f553f147984fc1e4ce680b,0.8204237476026546,1,right,-1.1969660673550009,4.06911815,3.926867,1.0,0.001930509063232023,-1.06717185,-9.534113999999999,2.73666185,-0.551412,192.02520429999998,22.5,5.353308500000001,3.0599705000000004,0.6125,7.031879522295083,33.0,303.121009725,22.5,42.028869125,59.422086599999986,14.5,71.26685811006843,54.04151717765417,23.0
4696,f,capitals,10,country,Turkey,Ankara,Istanbul,What is the capital of Turkey?,The capital of Turkey is,5.55,16.24,2.926126126,False,critical,html-keyboard-response,59,513551,subject_33,67d993866d1d7516d87e97de,67f553f147984fc1e4ce680b,0.8204237476026546,0,left,-1.3052188124646262,3.7206935999999997,3.6190253,1.0,0.0140625,-1.049432,-7.22749025,1.77928585,-1.0519376499999997,181.67489892999998,14.0,3.36303155,3.36303155,0.7875000000000001,7.10805059345744,34.0,232.28671097749998,0.0,68.73258667249999,23.91809185,34.0,109.98791459488866,68.21821684179301,34.0
5585,j,capitals,31,state,New Mexico,Santa Fe,Albuquerque,What is the capital of New Mexico?,The capital of New Mexico is,0.0901,0.557,6.182019978,False,critical,html-keyboard-response,61,520148,subject_33,67d993866d1d7516d87e97de,67f553f147984fc1e4ce680b,0.8204237476026546,1,right,-1.1448243284605313,3.0991414500000003,1.3244324,1.0,0.014238667183262301,-0.69803795,-9.098272999999999,2.46943,0.3069240000000004,166.6062263,18.0,5.093978,3.5249351500000006,0.525,8.033448780088444,31.0,260.480373305,20.0,49.826687745000015,48.39635365000001,19.0,84.180459503387,57.783921029115376,24.0
11663,j,capitals,32,state,New York,Albany,New York,What is the capital of New York?,The capital of New York is,0.103,7.937,77.05825243,False,critical,html-keyboard-response,63,532819,subject_33,67d993866d1d7516d87e97de,67f553f147984fc1e4ce680b,0.8204237476026546,1,right,-0.0482240205000258,2.31160665,4.8018915,1.0,0.07179487179487179,-0.40196120999999996,-4.7547025000000005,3.14106469,-1.30574515,164.00049312,18.0,4.1901697,3.862285,0.6875,15.47453789415244,25.5,229.375925891,15.0,53.021560058999995,59.8069269,27.0,75.81720478275057,45.627494070248844,27.0
14502,j,capitals,30,state,New Jersey,Trenton,Newark,What is the capital of New Jersey?,The capital of New Jersey is,0.0898,0.306,3.407572383,False,critical,html-keyboard-response,65,548339,subject_33,67d993866d1d7516d87e97de,67f553f147984fc1e4ce680b,0.8204237476026546,1,right,0.4639918851103516,3.3090056,1.82140345,1.0,0.0016363743403658628,-0.84072134,-10.924448,3.76701416,-4.2521546,156.04382572,18.0,6.901956650000001,6.901956650000001,0.725,8.925782555854742,34.5,273.68847277500004,22.0,47.345132775,80.49773385,24.5,88.88474869929352,60.16044669384837,28.5
4687,f,capitals,21,state,Louisiana,Baton Rouge,New Orleans,What is the capital of Louisiana?,The capital of Louisiana is,0.215,0.351,1.63255814,True,critical,html-keyboard-response,67,554046,subject_33,67d993866d1d7516d87e97de,67f553f147984fc1e4ce680b,0.8204237476026546,1,left,-1.3068426036412706,2.79039935,2.0269129,1.0,0.0034954039671020805,-0.60054295,-9.8353815,2.3737587500000004,-2.482563500000001,172.31991220000003,18.0,5.1981744999999995,3.793621,0.6875,7.716095282905707,34.5,282.68865437,20.0,29.084738729999994,68.09929645,24.5,62.8804213583455,54.76974795931437,27.0
9588,f,capitals,25,state,Minnesota,St. Paul,Minneapolis,What is the capital of Minnesota?,The capital of Minnesota is,0.299,0.421,1.408026756,True,critical,html-keyboard-response,69,564654,subject_33,67d993866d1d7516d87e97de,67f553f147984fc1e4ce680b,0.8204237476026546,1,left,-0.4225980973374804,3.58195065,1.6521141,1.0,0.017392619479733817,-1.4853812,-8.023998,2.1170464,1.1057884999999996,150.791991795,18.0,6.11360015,6.11360015,0.875,3.3354361793014986,36.5,291.73495485,35.0,30.489669350000007,37.57722344999999,35.0,64.16242236428235,64.57921294960164,35.0
33839,j,capitals,37,state,South Dakota,Pierre,Sioux Falls,What is the capital of South Dakota?,The capital of South Dakota is,0.0138,0.215,15.57971014,False,critical,html-keyboard-response,71,599504,subject_33,67d993866d1d7516d87e97de,67f553f147984fc1e4ce680b,0.8204237476026546,1,right,3.952797438751729,3.88962435,1.9988037,1.0,0.006089036055923473,-1.041340035,-9.381435,2.440622765,3.5832957499999987,176.86631975,18.0,2.7437485000000006,2.3335944999999993,0.45,6.963136166388008,32.0,279.15120511,20.0,98.78975829,20.867091999999992,16.0,89.17083306707906,49.97454210007436,26.0
24817,f,capitals,39,state,Vermont,Montpelier,Burlington,What is the capital of Vermont?,The capital of Vermont is,0.0079,0.0444,5.620253165,True,critical,html-keyboard-response,73,625330,subject_33,67d993866d1d7516d87e97de,67f553f147984fc1e4ce680b,0.8204237476026546,1,left,2.325036994786662,2.8268120999999997,0.75283587,1.0,0.0034998085574806164,-0.637835275,-11.6183655,2.518385875,0.32600349999999967,158.75225502,18.0,2.6147142499999996,2.5662552499999993,0.44999999999999996,6.6844704108256,35.0,288.368095275,20.0,52.797800275,17.347483000000004,23.0,87.53368163162845,59.445257727624245,23.0
9836,f,capitals,27,state,Nebraska,Lincoln,Omaha,What is the capital of Nebraska?,The capital of Nebraska is,0.297,0.477,1.606060606,True,critical,html-keyboard-response,75,636182,subject_33,67d993866d1d7516d87e97de,67f553f147984fc1e4ce680b,0.8204237476026546,1,left,-0.3778536293588352,3.40945435,2.88149385,1.0,0.002427404976322155,-0.90226395,-9.880027,1.9579811500000002,-0.6194575000000002,166.84559195,14.0,6.48387735,5.795127749999999,0.9875,3.0583791478084397,38.0,334.6421603,20.0,16.19795,78.670469,18.0,81.67707104491953,87.8184827648541,24.0
8071,j,capitals,2,country,Brazil,Brasilia,Rio de Janeiro,What is the capital of Brazil?,The capital of Brazil is,4.99,13.923,2.790180361,True,critical,html-keyboard-response,77,645263,subject_33,67d993866d1d7516d87e97de,67f553f147984fc1e4ce680b,0.8204237476026546,0,right,-0.6962971212229833,2.0599417,0.8546364200000001,1.0,0.010916269887353384,-0.37423359,-9.777523500000001,3.12931296,0.3757585000000008,171.91224647,18.0,3.580388749999999,2.5741565,0.55,9.253846674396854,34.0,298.44019958,15.0,47.51553901999999,30.58541265,22.0,58.33967382007255,24.97507531677988,22.0
9991,f,capitals,23,state,Maryland,Annapolis,Baltimore,What is the capital of Maryland?,The capital of Maryland is,0.0403,0.553,13.72208437,True,critical,html-keyboard-response,79,656259,subject_33,67d993866d1d7516d87e97de,67f553f147984fc1e4ce680b,0.8204237476026546,1,left,-0.349888336872182,3.6610867999999996,1.99519565,1.0,0.007435328135488201,-1.006010815,-9.066941499999999,2.3947849850000003,-2.0526531999999995,171.39884055,18.0,5.272523,5.272523,0.7124999999999999,8.627807633730525,31.0,269.905489795,21.0,82.80523015499999,30.549259500000005,17.5,88.24512507064568,61.977535890917494,35.0
11196,j,capitals,26,state,Montana,Helena,Billings,What is the capital of Montana?,The capital of Montana is,0.0359,0.123,3.426183844,False,critical,html-keyboard-response,81,668473,subject_33,67d993866d1d7516d87e97de,67f553f147984fc1e4ce680b,0.8204237476026546,1,right,-0.1324807404436843,4.00716885,2.3871716000000003,1.0,0.0004472704898291971,-1.22599375,-12.036882250000001,2.2819052,-1.00467525,175.57409865,18.0,2.4909772499999994,2.1745497500000006,0.5875,6.831399328645267,33.0,299.00474067,20.0,76.68242387999999,24.127286050000002,24.0,98.87916742139757,43.100083383269855,28.5
11113,j,capitals,40,state,Virginia,Richmond,Virginia Beach,What is the capital of Virginia?,The capital of Virginia is,0.231,0.45,1.948051948,False,critical,html-keyboard-response,83,680606,subject_33,67d993866d1d7516d87e97de,67f553f147984fc1e4ce680b,0.8204237476026546,1,right,-0.1474557035171825,4.120711549999999,3.5882533,1.0,0.02312889812889813,-1.16916945,-6.914387700000001,2.59017605,0.19082209999999966,175.71893075000003,18.5,2.56121715,2.56121715,0.7,5.77276122250901,38.0,284.03714405,20.0,35.25386895,25.267003600000002,18.0,46.35421140072588,30.54006897158279,36.0
10537,j,capitals,17,state,Florida,Tallahassee,Jacksonville,What is the capital of Florida?,The capital of Florida is,0.205,1.008,4.917073171,False,critical,html-keyboard-response,85,692156,subject_33,67d993866d1d7516d87e97de,67f553f147984fc1e4ce680b,0.8204237476026546,1,right,-0.2513783388224229,3.563912,2.6319027999999998,1.0,0.008519591611479029,-0.95531795,-8.4452955,4.38171585,1.3466129999999996,162.1489442425,23.5,1.2571029,1.2571029,0.48750000000000004,9.093065063976583,33.0,222.1497324065,20.0,145.26711409350003,2.21744865,24.0,154.13877107879688,46.03097986487076,33.0
10740,f,capitals,9,country,Switzerland,Bern,Zurich,What is the capital of Switzerland?,The capital of Switzerland is,0.448,1.455,3.247767857,True,critical,html-keyboard-response,87,703902,subject_33,67d993866d1d7516d87e97de,67f553f147984fc1e4ce680b,0.8204237476026546,1,left,-0.2147528267269996,4.1456575,2.41449345,0.5,0.0021505425701852632,-1.92965085,-10.040487,1.9507065,-3.461702700000001,159.68889725000002,14.0,4.6987805499999995,4.6987805499999995,0.725,3.5004306147470485,37.0,294.98176505000004,16.0,73.5494113,34.15059715,1.0,73.47320395691726,42.42957016076099,37.0
12445,f,capitals,19,state,Kansas,Topeka,Wichita,What is the capital of Kansas?,The capital of Kansas is,0.125,0.395,3.16,True,critical,html-keyboard-response,89,717363,subject_33,67d993866d1d7516d87e97de,67f553f147984fc1e4ce680b,0.8204237476026546,1,left,0.0928653906261858,3.69316615,2.64080265,1.0,0.010417797069994574,-1.07303922,-8.168856,1.73419138,-0.5498905999999999,162.288778245,35.0,2.9706022499999998,1.7607325999999994,0.5625,10.046628532789011,33.0,233.6914373035,18.0,65.7761040965,17.125884900000003,35.0,90.36345231361148,54.06264558247349,35.0
2150,f,capitals,12,state,Alabama,Montgomery,Birmingham,What is the capital of Alabama?,The capital of Alabama is,0.192,0.194,1.010416667,True,critical,html-keyboard-response,11,118309,subject_37,67d993866d1d7516d87e97de,67f5504b8097e457094e6b73,0.3737577148631503,1,left,0.5943521936578277,3.1154528,2.2013875499999997,1.0,0.003584966270478638,-0.7024276,-9.767927,3.1901363,-1.4417109999999997,171.89705985,16.0,5.234766799999999,5.234766799999999,0.725,8.879740567094881,31.0,283.66813919000003,20.0,35.182526159999995,72.3701839,11.0,72.1080126268425,56.93717089653546,31.0
1292,f,capitals,42,state,Wisconsin,Madison,Milwaukee,What is the capital of Wisconsin?,The capital of Wisconsin is,0.284,0.551,1.940140845,False,critical,html-keyboard-response,13,120613,subject_37,67d993866d1d7516d87e97de,67f5504b8097e457094e6b73,0.3737577148631503,0,left,-0.2207051033455011,3.13448335,2.23414315,1.0,0.006828316610925306,-0.760507775,-9.046759,3.316440125,1.0081592500000003,161.19694813,16.0,0.0,0.0,0.025,8.781973336626725,35.0,233.021284015,20.0,104.89291063499999,0.0,33.0,87.39257794461776,27.410622132151936,33.0
846,j,capitals,33,state,North Carolina,Raleigh,Charlotte,What is the capital of North Carolina?,The capital of North Carolina is,0.494,0.935,1.892712551,True,critical,html-keyboard-response,15,122468,subject_37,67d993866d1d7516d87e97de,67f5504b8097e457094e6b73,0.3737577148631503,0,right,-0.644382905750495,3.9989741,1.4837299000000002,1.0,0.017565485362095533,-1.2707921500000001,-8.2403645,2.6944252,2.3565879999999995,167.86508935,18.0,1.4855458000000001,1.4855458000000001,0.7124999999999999,8.574116496188747,32.5,209.911716892,20.0,142.86702770799997,5.01324945,7.0,125.69617107504936,62.09856014494803,35.0
973,j,capitals,23,state,Maryland,Annapolis,Baltimore,What is the capital of Maryland?,The capital of Maryland is,0.0403,0.553,13.72208437,True,critical,html-keyboard-response,17,124450,subject_37,67d993866d1d7516d87e97de,67f5504b8097e457094e6b73,0.3737577148631503,0,right,-0.5237392265903286,3.6610867999999996,1.99519565,1.0,0.007435328135488201,-1.006010815,-9.066941499999999,2.3947849850000003,-2.0526531999999995,171.39884055,18.0,5.272523,5.272523,0.7124999999999999,8.627807633730525,31.0,269.905489795,21.0,82.80523015499999,30.549259500000005,17.5,88.24512507064568,61.977535890917494,35.0
727,j,capitals,16,state,Delaware,Dover,Wilmington,What is the capital of Delaware?,The capital of Delaware is,0.0403,0.0722,1.791563275,False,critical,html-keyboard-response,19,126185,subject_37,67d993866d1d7516d87e97de,67f5504b8097e457094e6b73,0.3737577148631503,1,right,-0.7574269830738004,4.2341493,0.72218523,1.0,0.012666345999679333,-1.74989815,-9.680467,0.94623425,3.385187,168.90373542999998,18.0,0.0,0.0,0.025,6.774399509720723,34.0,229.367487715,20.0,115.99101648500002,0.0,34.5,110.70916324533087,58.08677270925415,34.5
600,f,capitals,6,country,New Zealand,Wellington,Auckland,What is the capital of New Zealand?,The capital of New Zealand is,0.428,1.711,3.997663551,True,critical,html-keyboard-response,21,127795,subject_37,67d993866d1d7516d87e97de,67f5504b8097e457094e6b73,0.3737577148631503,1,left,-0.8780706622339668,4.244933850000001,2.3052439,1.0,0.008300041328006613,-1.7685506,-8.672815499999999,2.1210044999999997,0.577696500000001,145.06194,14.0,4.1641122,4.1641122,0.5,13.508204608971669,26.0,251.64753062350002,26.0,86.95005627649999,49.788739050000004,26.0,100.41858076823004,69.00830151646427,29.0
807,j,capitals,18,state,Illinois,Springfield,Chicago,What is the capital of Illinois?,The capital of Illinois is,0.111,2.612,23.53153153,False,critical,html-keyboard-response,23,129622,subject_37,67d993866d1d7516d87e97de,67f5504b8097e457094e6b73,0.3737577148631503,1,right,-0.6814309647051917,3.7229846,2.02082935,1.0,0.0037192282102461744,-1.0637694,-9.972052999999999,1.8728581000000002,-5.79218335,170.65176035000002,18.0,8.6360925,8.6360925,0.675,5.610516716755836,37.0,311.23248041500005,22.5,49.248491285,81.37087019,25.0,83.27137832278736,56.50312887381918,25.0
779,j,capitals,24,state,Michigan,Lansing,Detroit,What is the capital of Michigan?,The capital of Michigan is,0.112,0.63,5.625,False,critical,html-keyboard-response,25,131415,subject_37,67d993866d1d7516d87e97de,67f5504b8097e457094e6b73,0.3737577148631503,1,right,-0.7080295711342047,3.1715925,0.8199855199999999,1.0,0.020092460881934567,-0.8804468999999999,-8.9095815,2.08088635,-0.3318779999999997,162.992733545,18.0,2.8472903499999997,2.8472903499999997,0.7,7.4411319048798905,35.5,223.482275455,20.0,122.07790124499999,9.68996645,35.0,132.35050610599825,75.15181857684905,35.0
1012,j,capitals,1,country,Australia,Canberra,Sydney,What is the capital of Australia?,The capital of Australia is,0.483,5.249,10.86749482,False,critical,html-keyboard-response,27,133443,subject_37,67d993866d1d7516d87e97de,67f5504b8097e457094e6b73,0.3737577148631503,1,right,-0.4866911676356317,2.91766655,1.443579,1.0,0.013910060975609756,-0.732931825,-9.718684,2.424576675,-3.10026675,135.81862900000002,16.0,4.71659925,4.71659925,0.7,13.549338958870404,26.5,205.0319132245,16.0,133.7638296255,27.787327949999998,27.0,115.01755520776328,61.294825054348195,27.0
3914,j,capitals,14,state,California,Sacramento,Los Angeles,What is the capital of California?,The capital of California is,0.527,3.8,7.210626186,True,critical,html-keyboard-response,29,138359,subject_37,67d993866d1d7516d87e97de,67f5504b8097e457094e6b73,0.3737577148631503,0,right,2.270064398685651,2.8312225,3.369704,1.0,0.1,-0.63638328,-4.58591525,4.79400397,-0.5027754,142.854805135,14.5,5.676533999999999,5.419304,0.5875,18.10634188869909,22.0,220.35396464500002,17.5,113.277399355,50.27004185000001,25.5,97.10799675216575,25.585019619395112,25.0
1849,j,capitals,31,state,New Mexico,Santa Fe,Albuquerque,What is the capital of New Mexico?,The capital of New Mexico is,0.0901,0.557,6.182019978,False,critical,html-keyboard-response,31,141216,subject_37,67d993866d1d7516d87e97de,67f5504b8097e457094e6b73,0.3737577148631503,1,right,0.3084171745459372,3.0991414500000003,1.3244324,1.0,0.014238667183262301,-0.69803795,-9.098272999999999,2.46943,0.3069240000000004,166.6062263,18.0,5.093978,3.5249351500000006,0.525,8.033448780088444,31.0,260.480373305,20.0,49.826687745000015,48.39635365000001,19.0,84.180459503387,57.783921029115376,24.0
1208,f,capitals,36,state,Pennsylvania,Harrisburg,Philadelphia,What is the capital of Pennsylvania?,The capital of Pennsylvania is,0.05,1.517,30.34,False,critical,html-keyboard-response,33,143435,subject_37,67d993866d1d7516d87e97de,67f5504b8097e457094e6b73,0.3737577148631503,0,left,-0.3005009226325403,3.80286055,1.2945525999999998,1.0,0.005201455329470422,-0.971369375,-10.090643,2.9000446250000005,-0.7811735000000004,169.40291199,18.0,4.7394538,4.5681133,0.6625000000000001,12.812658898193753,26.5,280.7955821475,22.5,70.13658115249999,36.52358815000001,24.0,104.5548823855986,47.04693462155399,24.0
2197,f,capitals,38,state,Texas,Austin,Houston,What is the capital of Texas?,The capital of Texas is,0.989,2.324,2.349848332,False,critical,html-keyboard-response,35,146637,subject_37,67d993866d1d7516d87e97de,67f5504b8097e457094e6b73,0.3737577148631503,0,left,0.6389998544493852,2.7289062,3.68736335,1.0,0.08712121212121213,-0.506320885,-4.40157605,4.012876565,1.53352215,151.14799460999998,11.0,0.08562525000000054,0.08562525000000054,0.35,19.22278273641858,20.0,198.241569792,15.0,136.22196335799998,0.08562525000000054,10.5,81.3456051528303,15.975005422746095,35.0
1460,j,capitals,30,state,New Jersey,Trenton,Newark,What is the capital of New Jersey?,The capital of New Jersey is,0.0898,0.306,3.407572383,False,critical,html-keyboard-response,37,149107,subject_37,67d993866d1d7516d87e97de,67f5504b8097e457094e6b73,0.3737577148631503,1,right,-0.0611134647714227,3.3090056,1.82140345,1.0,0.0016363743403658628,-0.84072134,-10.924448,3.76701416,-4.2521546,156.04382572,18.0,6.901956650000001,6.901956650000001,0.725,8.925782555854742,34.5,273.68847277500004,22.0,47.345132775,80.49773385,24.5,88.88474869929352,60.16044669384837,28.5
1323,j,capitals,2,country,Brazil,Brasilia,Rio de Janeiro,What is the capital of Brazil?,The capital of Brazil is,4.99,13.923,2.790180361,False,critical,html-keyboard-response,39,151441,subject_37,67d993866d1d7516d87e97de,67f5504b8097e457094e6b73,0.3737577148631503,1,right,-0.1912566462276652,2.0599417,0.8546364200000001,1.0,0.010916269887353384,-0.37423359,-9.777523500000001,3.12931296,0.3757585000000008,171.91224647,18.0,3.580388749999999,2.5741565,0.55,9.253846674396854,34.0,298.44019958,15.0,47.51553901999999,30.58541265,22.0,58.33967382007255,24.97507531677988,22.0
1315,f,capitals,39,state,Vermont,Montpelier,Burlington,What is the capital of Vermont?,The capital of Vermont is,0.0079,0.0444,5.620253165,True,critical,html-keyboard-response,41,153762,subject_37,67d993866d1d7516d87e97de,67f5504b8097e457094e6b73,0.3737577148631503,1,left,-0.1988562480645261,2.8268120999999997,0.75283587,1.0,0.0034998085574806164,-0.637835275,-11.6183655,2.518385875,0.32600349999999967,158.75225502,18.0,2.6147142499999996,2.5662552499999993,0.44999999999999996,6.6844704108256,35.0,288.368095275,20.0,52.797800275,17.347483000000004,23.0,87.53368163162845,59.445257727624245,23.0
2972,j,capitals,35,state,Oregon,Salem,Portland,What is the capital of Oregon?,The capital of Oregon is,0.178,0.615,3.45505618,True,critical,html-keyboard-response,43,157749,subject_37,67d993866d1d7516d87e97de,67f5504b8097e457094e6b73,0.3737577148631503,0,right,1.3752112823952825,3.87003685,0.9559546750000001,1.0,0.02684931506849315,-1.33495845,-8.585685999999999,2.0863518,0.6543089999999996,153.11513470199998,18.0,4.49311111,4.49311111,0.6875,9.833651245669653,33.5,221.757705704,20.0,88.948261346,12.927848335,34.0,127.8462239789101,66.26897622229141,34.0
1937,f,capitals,22,state,Maine,Augusta,Portland,What is the capital of Maine?,The capital of Maine is,0.0192,0.0695,3.619791667,False,critical,html-keyboard-response,45,160696,subject_37,67d993866d1d7516d87e97de,67f5504b8097e457094e6b73,0.3737577148631503,0,left,0.3920127947514069,3.7875023,2.4801948,1.0,0.0016831873627990133,-1.0323926499999998,-10.4254775,2.0421341999999996,-1.8715164999999994,169.20454695,18.0,5.94090445,5.94090445,0.95,2.583690266418973,37.0,311.71045002,37.0,44.16688318,51.44942174999999,21.0,71.44560616098389,59.91154959685878,37.0
4830,j,capitals,4,country,India,New Delhi,Mumbai,What is the capital of India?,The capital of India is,0.206,22.1,107.2815534,False,critical,html-keyboard-response,47,166541,subject_37,67d993866d1d7516d87e97de,67f5504b8097e457094e6b73,0.3737577148631503,1,right,3.1402188090062206,3.3890189,1.4282650000000001,1.0,0.06971153846153846,-1.1690336,-6.6849964,4.1036254,2.7211151000000005,151.45156923500002,14.0,2.3097963499999996,1.1339184999999992,0.425,9.901198823968304,30.0,227.81903473,16.0,94.28140192000001,13.430843800000002,8.0,81.85221999731655,37.65522312456052,32.0
1907,f,capitals,41,state,Washington,Olympia,Seattle,What is the capital of Washington?,The capital of Washington is,0.0558,0.765,13.70967742,True,critical,html-keyboard-response,49,169460,subject_37,67d993866d1d7516d87e97de,67f5504b8097e457094e6b73,0.3737577148631503,1,left,0.3635142878631786,2.4590736499999997,3.76935035,1.0,0.018367961457392352,-0.44257853999999996,-7.3950467,3.85359726,-2.2241997000000007,144.06035742999998,23.0,4.896856099999999,4.896856099999999,0.6625000000000001,14.217480554285576,25.5,250.7986976015,25.0,103.96332209849999,33.6275834,16.0,99.67318648330391,49.08176857829807,25.0
2324,f,capitals,9,country,Switzerland,Bern,Zurich,What is the capital of Switzerland?,The capital of Switzerland is,0.448,1.455,3.247767857,False,critical,html-keyboard-response,51,172789,subject_37,67d993866d1d7516d87e97de,67f5504b8097e457094e6b73,0.3737577148631503,0,left,0.7596435336095516,4.1456575,2.41449345,0.5,0.0021505425701852632,-1.92965085,-10.040487,1.9507065,-3.461702700000001,159.68889725000002,14.0,4.6987805499999995,4.6987805499999995,0.725,3.5004306147470485,37.0,294.98176505000004,16.0,73.5494113,34.15059715,1.0,73.47320395691726,42.42957016076099,37.0
1153,j,capitals,19,state,Kansas,Topeka,Wichita,What is the capital of Kansas?,The capital of Kansas is,0.125,0.395,3.16,True,critical,html-keyboard-response,53,174950,subject_37,67d993866d1d7516d87e97de,67f5504b8097e457094e6b73,0.3737577148631503,0,right,-0.3527481852609588,3.69316615,2.64080265,1.0,0.010417797069994574,-1.07303922,-8.168856,1.73419138,-0.5498905999999999,162.288778245,35.0,2.9706022499999998,1.7607325999999994,0.5625,10.046628532789011,33.0,233.6914373035,18.0,65.7761040965,17.125884900000003,35.0,90.36345231361148,54.06264558247349,35.0
1269,j,capitals,20,state,Kentucky,Frankfort,Louisville,What is the capital of Kentucky?,The capital of Kentucky is,0.0281,0.617,21.95729537,True,critical,html-keyboard-response,55,177231,subject_37,67d993866d1d7516d87e97de,67f5504b8097e457094e6b73,0.3737577148631503,0,right,-0.2425539586264761,3.0547366,2.2666612,1.0,0.000659358843533807,-0.74241135,-11.6135325,2.1753297,-0.9483945,176.88001325,18.0,5.5287013,4.96804475,0.75,4.405366338069108,37.0,336.0411206,26.0,22.964224,60.86410575,26.0,72.27622371274914,51.10917786191476,26.0
5482,f,capitals,11,country,United Arab Emirates,Abu Dhabi,Dubai,What is the capital of the United Arab Emirates?,The capital of the United Arab Emirates is,1.6,3.1,1.9375,True,critical,html-keyboard-response,57,183724,subject_37,67d993866d1d7516d87e97de,67f5504b8097e457094e6b73,0.3737577148631503,1,left,3.759586358710382,3.6339115499999997,2.33935815,1.0,0.00522367703218767,-1.0856354000000001,-9.346349,2.50591525,-0.6000735000000006,159.839143965,14.0,3.36275555,3.36275555,0.65,9.84413945872573,31.0,260.0233028075,0.0,72.79101454250001,22.182172549999997,33.0,96.97781470445022,51.8589082146157,33.0
1382,j,capitals,8,country,South Africa,Pretoria,Johannesburg,What is the capital of South Africa?,The capital of South Africa is,3.0,6.4,2.133333333,False,critical,html-keyboard-response,59,186111,subject_37,67d993866d1d7516d87e97de,67f5504b8097e457094e6b73,0.3737577148631503,1,right,-0.1352095826808163,4.3614197,2.7407284,1.0,0.005607622617931896,-2.11893455,-8.995401000000001,2.2255171,-0.9749508000000002,168.89477075,14.0,4.743248,4.743248,0.8125,6.902744233458726,33.0,261.79318212500004,33.0,107.26548872500001,40.14546490000001,33.0,126.64268622248599,90.68654232034928,33.5
1459,j,capitals,28,state,Nevada,Carson City,Las Vegas,What is the capital of Nevada?,The capital of Nevada is,0.0576,0.67,11.63194444,False,critical,html-keyboard-response,61,188580,subject_37,67d993866d1d7516d87e97de,67f5504b8097e457094e6b73,0.3737577148631503,1,right,-0.0620634150010304,3.21408655,2.2825403,1.0,0.009556159420289855,-0.7483732750000001,-8.5907935,3.2634109749999998,0.3897780000000006,154.31583923,24.0,0.6128969999999994,0.6128969999999994,0.46249999999999997,13.888110548784098,22.0,212.93093655299998,21.0,129.96025854700002,1.2335965999999998,27.5,151.10212968210539,49.69601040539513,33.0
694,j,capitals,10,country,Turkey,Ankara,Istanbul,What is the capital of Turkey?,The capital of Turkey is,5.55,16.24,2.926126126,False,critical,html-keyboard-response,63,190281,subject_37,67d993866d1d7516d87e97de,67f5504b8097e457094e6b73,0.3737577148631503,1,right,-0.7887753406508515,3.7206935999999997,3.6190253,1.0,0.0140625,-1.049432,-7.22749025,1.77928585,-1.0519376499999997,181.67489892999998,14.0,3.36303155,3.36303155,0.7875000000000001,7.10805059345744,34.0,232.28671097749998,0.0,68.73258667249999,23.91809185,34.0,109.98791459488866,68.21821684179301,34.0
918,j,capitals,25,state,Minnesota,St. Paul,Minneapolis,What is the capital of Minnesota?,The capital of Minnesota is,0.299,0.421,1.408026756,True,critical,html-keyboard-response,65,192208,subject_37,67d993866d1d7516d87e97de,67f5504b8097e457094e6b73,0.3737577148631503,0,right,-0.5759864892187471,3.58195065,1.6521141,1.0,0.017392619479733817,-1.4853812,-8.023998,2.1170464,1.1057884999999996,150.791991795,18.0,6.11360015,6.11360015,0.875,3.3354361793014986,36.5,291.73495485,35.0,30.489669350000007,37.57722344999999,35.0,64.16242236428235,64.57921294960164,35.0
657,f,capitals,26,state,Montana,Helena,Billings,What is the capital of Montana?,The capital of Montana is,0.0359,0.123,3.426183844,False,critical,html-keyboard-response,67,193868,subject_37,67d993866d1d7516d87e97de,67f5504b8097e457094e6b73,0.3737577148631503,0,left,-0.8239234991463331,4.00716885,2.3871716000000003,1.0,0.0004472704898291971,-1.22599375,-12.036882250000001,2.2819052,-1.00467525,175.57409865,18.0,2.4909772499999994,2.1745497500000006,0.5875,6.831399328645267,33.0,299.00474067,20.0,76.68242387999999,24.127286050000002,24.0,98.87916742139757,43.100083383269855,28.5
844,j,capitals,32,state,New York,Albany,New York,What is the capital of New York?,The capital of New York is,0.103,7.937,77.05825243,True,critical,html-keyboard-response,69,195720,subject_37,67d993866d1d7516d87e97de,67f5504b8097e457094e6b73,0.3737577148631503,0,right,-0.6462828062097101,2.31160665,4.8018915,1.0,0.07179487179487179,-0.40196120999999996,-4.7547025000000005,3.14106469,-1.30574515,164.00049312,18.0,4.1901697,3.862285,0.6875,15.47453789415244,25.5,229.375925891,15.0,53.021560058999995,59.8069269,27.0,75.81720478275057,45.627494070248844,27.0
1023,j,capitals,27,state,Nebraska,Lincoln,Omaha,What is the capital of Nebraska?,The capital of Nebraska is,0.297,0.477,1.606060606,True,critical,html-keyboard-response,71,197751,subject_37,67d993866d1d7516d87e97de,67f5504b8097e457094e6b73,0.3737577148631503,0,right,-0.476241715109948,3.40945435,2.88149385,1.0,0.002427404976322155,-0.90226395,-9.880027,1.9579811500000002,-0.6194575000000002,166.84559195,14.0,6.48387735,5.795127749999999,0.9875,3.0583791478084397,38.0,334.6421603,20.0,16.19795,78.670469,18.0,81.67707104491953,87.8184827648541,24.0
1016,j,capitals,13,state,Alaska,Juneau,Anchorage,What is the capital of Alaska?,The capital of Alaska is,0.0311,0.283,9.099678457,True,critical,html-keyboard-response,73,199774,subject_37,67d993866d1d7516d87e97de,67f5504b8097e457094e6b73,0.3737577148631503,0,right,-0.4828913667172013,4.0331867,1.032167785,1.0,0.0012974288388852195,-1.38228545,-12.390654,1.9327201,-2.1549560000000003,158.058188835,18.0,4.9375237,4.9375237,0.9624999999999999,2.4642328656242176,37.0,348.27460882,33.0,8.84634368,72.57630929999998,37.0,50.961827169017766,61.5026154449013,37.0
1908,j,capitals,7,country,Pakistan,Islamabad,Karachi,What is the capital of Pakistan?,The capital of Pakistan is,1.3,18.1,13.92307692,False,critical,html-keyboard-response,75,202693,subject_37,67d993866d1d7516d87e97de,67f5504b8097e457094e6b73,0.3737577148631503,1,right,0.3644642380927861,3.8934075,2.6534792,1.0,0.0019266429313158284,-1.11515545,-10.314565,2.1734213999999996,-4.08459765,183.33887535,14.0,4.08459765,4.08459765,0.675,5.719409224572999,32.5,281.15069095,25.0,33.481899,38.1329444,25.0,81.74658055471438,60.49985834162654,25.0
1515,j,capitals,37,state,South Dakota,Pierre,Sioux Falls,What is the capital of South Dakota?,The capital of South Dakota is,0.0138,0.215,15.57971014,True,critical,html-keyboard-response,77,205214,subject_37,67d993866d1d7516d87e97de,67f5504b8097e457094e6b73,0.3737577148631503,0,right,-0.0088662021430042,3.88962435,1.9988037,1.0,0.006089036055923473,-1.041340035,-9.381435,2.440622765,3.5832957499999987,176.86631975,18.0,2.7437485000000006,2.3335944999999993,0.45,6.963136166388008,32.0,279.15120511,20.0,98.78975829,20.867091999999992,16.0,89.17083306707906,49.97454210007436,26.0
865,f,capitals,3,country,Canada,Ottawa,Toronto,What is the capital of Canada?,The capital of Canada is,1.465,6.491,4.430716724,True,critical,html-keyboard-response,79,207091,subject_37,67d993866d1d7516d87e97de,67f5504b8097e457094e6b73,0.3737577148631503,1,left,-0.6263338513879504,3.41186485,1.57882065,1.0,0.09166666666666667,-0.8216695,-5.87537415,3.39860975,-1.0815602000000002,151.21389025500002,16.0,1.62056305,1.62056305,0.55,18.015003869553816,21.0,209.80200216699998,15.0,104.683861683,9.282030650000001,24.5,78.4247090436364,17.054693758663674,27.0
1176,f,capitals,34,state,North Dakota,Bismarck,Fargo,What is the capital of North Dakota?,The capital of North Dakota is,0.076,0.138,1.815789474,True,critical,html-keyboard-response,81,209281,subject_37,67d993866d1d7516d87e97de,67f5504b8097e457094e6b73,0.3737577148631503,1,left,-0.3308993299799838,3.1886295000000002,1.6228072999999998,1.0,0.04464285714285714,-0.8373848349999999,-6.98899085,3.346709315,2.0134886500000007,158.9716758025,18.0,1.0428039999999998,1.0428039999999998,0.425,10.24716289924514,32.5,181.48586626009998,20.0,91.95245258989999,1.3760648999999998,25.0,78.67897042291708,25.245962637347155,34.5
1017,f,capitals,5,country,Morrocco,Rabat,Marrakesh,What is the capital of Morrocco?,The capital of Morrocco is,2.02,1.085,0.5371287129,False,critical,html-keyboard-response,83,211305,subject_37,67d993866d1d7516d87e97de,67f5504b8097e457094e6b73,0.3737577148631503,0,left,-0.4819414164875937,4.06911815,3.926867,1.0,0.001930509063232023,-1.06717185,-9.534113999999999,2.73666185,-0.551412,192.02520429999998,22.5,5.353308500000001,3.0599705000000004,0.6125,7.031879522295083,33.0,303.121009725,22.5,42.028869125,59.422086599999986,14.5,71.26685811006843,54.04151717765417,23.0
1144,j,capitals,40,state,Virginia,Richmond,Virginia Beach,What is the capital of Virginia?,The capital of Virginia is,0.231,0.45,1.948051948,True,critical,html-keyboard-response,85,213454,subject_37,67d993866d1d7516d87e97de,67f5504b8097e457094e6b73,0.3737577148631503,0,right,-0.3612977373274273,4.120711549999999,3.5882533,1.0,0.02312889812889813,-1.16916945,-6.914387700000001,2.59017605,0.19082209999999966,175.71893075000003,18.5,2.56121715,2.56121715,0.7,5.77276122250901,38.0,284.03714405,20.0,35.25386895,25.267003600000002,18.0,46.35421140072588,30.54006897158279,36.0
1162,j,capitals,29,state,New Hampshire,Concord,Manchester,What is the capital of New Hampshire?,The capital of New Hampshire is,0.0449,0.115,2.561247216,False,critical,html-keyboard-response,87,215623,subject_37,67d993866d1d7516d87e97de,67f5504b8097e457094e6b73,0.3737577148631503,1,right,-0.3441986331944904,3.8924572,2.5146651,1.0,0.00224755864290748,-1.1561135,-10.1354995,2.64535425,0.8996589999999998,168.00271485000002,18.0,0.0,0.0,0.025,8.377304174979542,32.5,253.08660677999998,20.0,138.81277821999998,0.0,27.0,98.10982957505266,32.00701641793163,32.0
1260,f,capitals,17,state,Florida,Tallahassee,Jacksonville,What is the capital of Florida?,The capital of Florida is,0.205,1.008,4.917073171,True,critical,html-keyboard-response,89,217892,subject_37,67d993866d1d7516d87e97de,67f5504b8097e457094e6b73,0.3737577148631503,1,left,-0.2511035106929447,3.563912,2.6319027999999998,1.0,0.008519591611479029,-0.95531795,-8.4452955,4.38171585,1.3466129999999996,162.1489442425,23.5,1.2571029,1.2571029,0.48750000000000004,9.093065063976583,33.0,222.1497324065,20.0,145.26711409350003,2.21744865,24.0,154.13877107879688,46.03097986487076,33.0
737,j,capitals,21,state,Louisiana,Baton Rouge,New Orleans,What is the capital of Louisiana?,The capital of Louisiana is,0.215,0.351,1.63255814,False,critical,html-keyboard-response,91,219635,subject_37,67d993866d1d7516d87e97de,67f5504b8097e457094e6b73,0.3737577148631503,1,right,-0.7479274807777243,2.79039935,2.0269129,1.0,0.0034954039671020805,-0.60054295,-9.8353815,2.3737587500000004,-2.482563500000001,172.31991220000003,18.0,5.1981744999999995,3.793621,0.6875,7.716095282905707,34.5,282.68865437,20.0,29.084738729999994,68.09929645,24.5,62.8804213583455,54.76974795931437,27.0
919,j,capitals,15,state,Connecticut,Hartford,Bridgeport,What is the capital of Connecticut?,The capital of Connecticut is,0.119,0.148,1.243697479,True,critical,html-keyboard-response,93,221567,subject_37,67d993866d1d7516d87e97de,67f5504b8097e457094e6b73,0.3737577148631503,0,right,-0.5750365389891394,4.152413,2.4941535000000004,1.0,0.012903762903762904,-1.2379590999999999,-8.185617,4.8248759,4.25825,176.1870492,16.0,0.7039874999999993,0.7039874999999993,0.3,12.984765384964998,24.0,278.35317808,20.0,187.17906882,0.754308,10.5,97.3336617897597,26.70347104409089,31.0
13735,f,capitals,15,state,Connecticut,Hartford,Bridgeport,What is the capital of Connecticut?,The capital of Connecticut is,0.119,0.148,1.243697479,True,critical,html-keyboard-response,7,118445,subject_22,67d993866d1d7516d87e97de,67f551c80905150518bb44d6,0.5022942977992455,1,left,0.9951432062604436,4.152413,2.4941535000000004,1.0,0.012903762903762904,-1.2379590999999999,-8.185617,4.8248759,4.25825,176.1870492,16.0,0.7039874999999993,0.7039874999999993,0.3,12.984765384964998,24.0,278.35317808,20.0,187.17906882,0.754308,10.5,97.3336617897597,26.70347104409089,31.0
13205,j,capitals,34,state,North Dakota,Bismarck,Fargo,What is the capital of North Dakota?,The capital of North Dakota is,0.076,0.138,1.815789474,False,critical,html-keyboard-response,9,132662,subject_22,67d993866d1d7516d87e97de,67f551c80905150518bb44d6,0.5022942977992455,1,right,0.9015347151456996,3.1886295000000002,1.6228072999999998,1.0,0.04464285714285714,-0.8373848349999999,-6.98899085,3.346709315,2.0134886500000007,158.9716758025,18.0,1.0428039999999998,1.0428039999999998,0.425,10.24716289924514,32.5,181.48586626009998,20.0,91.95245258989999,1.3760648999999998,25.0,78.67897042291708,25.245962637347155,34.5
16622,f,capitals,29,state,New Hampshire,Concord,Manchester,What is the capital of New Hampshire?,The capital of New Hampshire is,0.0449,0.115,2.561247216,True,critical,html-keyboard-response,11,150291,subject_22,67d993866d1d7516d87e97de,67f551c80905150518bb44d6,0.5022942977992455,1,left,1.505044553143964,3.8924572,2.5146651,1.0,0.00224755864290748,-1.1561135,-10.1354995,2.64535425,0.8996589999999998,168.00271485000002,18.0,0.0,0.0,0.025,8.377304174979542,32.5,253.08660677999998,20.0,138.81277821999998,0.0,27.0,98.10982957505266,32.00701641793163,32.0
13053,j,capitals,8,country,South Africa,Pretoria,Johannesburg,What is the capital of South Africa?,The capital of South Africa is,3.0,6.4,2.133333333,False,critical,html-keyboard-response,13,164355,subject_22,67d993866d1d7516d87e97de,67f551c80905150518bb44d6,0.5022942977992455,1,right,0.8746885063731692,4.3614197,2.7407284,1.0,0.005607622617931896,-2.11893455,-8.995401000000001,2.2255171,-0.9749508000000002,168.89477075,14.0,4.743248,4.743248,0.8125,6.902744233458726,33.0,261.79318212500004,33.0,107.26548872500001,40.14546490000001,33.0,126.64268622248599,90.68654232034928,33.5
10402,j,capitals,6,country,New Zealand,Wellington,Auckland,What is the capital of New Zealand?,The capital of New Zealand is,0.428,1.711,3.997663551,False,critical,html-keyboard-response,15,175767,subject_22,67d993866d1d7516d87e97de,67f551c80905150518bb44d6,0.5022942977992455,1,right,0.4064694310048932,4.244933850000001,2.3052439,1.0,0.008300041328006613,-1.7685506,-8.672815499999999,2.1210044999999997,0.577696500000001,145.06194,14.0,4.1641122,4.1641122,0.5,13.508204608971669,26.0,251.64753062350002,26.0,86.95005627649999,49.788739050000004,26.0,100.41858076823004,69.00830151646427,29.0
10642,j,capitals,1,country,Australia,Canberra,Sydney,What is the capital of Australia?,The capital of Australia is,0.483,5.249,10.86749482,False,critical,html-keyboard-response,17,187412,subject_22,67d993866d1d7516d87e97de,67f551c80905150518bb44d6,0.5022942977992455,1,right,0.4488581816983621,2.91766655,1.443579,1.0,0.013910060975609756,-0.732931825,-9.718684,2.424576675,-3.10026675,135.81862900000002,16.0,4.71659925,4.71659925,0.7,13.549338958870404,26.5,205.0319132245,16.0,133.7638296255,27.787327949999998,27.0,115.01755520776328,61.294825054348195,27.0
10570,f,capitals,23,state,Maryland,Annapolis,Baltimore,What is the capital of Maryland?,The capital of Maryland is,0.0403,0.553,13.72208437,True,critical,html-keyboard-response,19,198999,subject_22,67d993866d1d7516d87e97de,67f551c80905150518bb44d6,0.5022942977992455,1,left,0.4361415564903215,3.6610867999999996,1.99519565,1.0,0.007435328135488201,-1.006010815,-9.066941499999999,2.3947849850000003,-2.0526531999999995,171.39884055,18.0,5.272523,5.272523,0.7124999999999999,8.627807633730525,31.0,269.905489795,21.0,82.80523015499999,30.549259500000005,17.5,88.24512507064568,61.977535890917494,35.0
9444,j,capitals,7,country,Pakistan,Islamabad,Karachi,What is the capital of Pakistan?,The capital of Pakistan is,1.3,18.1,13.92307692,False,critical,html-keyboard-response,21,209449,subject_22,67d993866d1d7516d87e97de,67f551c80905150518bb44d6,0.5022942977992455,1,right,0.2372676678201295,3.8934075,2.6534792,1.0,0.0019266429313158284,-1.11515545,-10.314565,2.1734213999999996,-4.08459765,183.33887535,14.0,4.08459765,4.08459765,0.675,5.719409224572999,32.5,281.15069095,25.0,33.481899,38.1329444,25.0,81.74658055471438,60.49985834162654,25.0
7899,j,capitals,2,country,Brazil,Brasilia,Rio de Janeiro,What is the capital of Brazil?,The capital of Brazil is,4.99,13.923,2.790180361,False,critical,html-keyboard-response,23,218356,subject_22,67d993866d1d7516d87e97de,67f551c80905150518bb44d6,0.5022942977992455,1,right,-0.0356099147690769,2.0599417,0.8546364200000001,1.0,0.010916269887353384,-0.37423359,-9.777523500000001,3.12931296,0.3757585000000008,171.91224647,18.0,3.580388749999999,2.5741565,0.55,9.253846674396854,34.0,298.44019958,15.0,47.51553901999999,30.58541265,22.0,58.33967382007255,24.97507531677988,22.0
15231,j,capitals,26,state,Montana,Helena,Billings,What is the capital of Montana?,The capital of Montana is,0.0359,0.123,3.426183844,False,critical,html-keyboard-response,25,234591,subject_22,67d993866d1d7516d87e97de,67f551c80905150518bb44d6,0.5022942977992455,1,right,1.2593664189164,4.00716885,2.3871716000000003,1.0,0.0004472704898291971,-1.22599375,-12.036882250000001,2.2819052,-1.00467525,175.57409865,18.0,2.4909772499999994,2.1745497500000006,0.5875,6.831399328645267,33.0,299.00474067,20.0,76.68242387999999,24.127286050000002,24.0,98.87916742139757,43.100083383269855,28.5
11086,f,capitals,13,state,Alaska,Juneau,Anchorage,What is the capital of Alaska?,The capital of Alaska is,0.0311,0.283,9.099678457,True,critical,html-keyboard-response,27,246689,subject_22,67d993866d1d7516d87e97de,67f551c80905150518bb44d6,0.5022942977992455,1,left,0.5272773704812798,4.0331867,1.032167785,1.0,0.0012974288388852195,-1.38228545,-12.390654,1.9327201,-2.1549560000000003,158.058188835,18.0,4.9375237,4.9375237,0.9624999999999999,2.4642328656242176,37.0,348.27460882,33.0,8.84634368,72.57630929999998,37.0,50.961827169017766,61.5026154449013,37.0
8986,j,capitals,28,state,Nevada,Carson City,Las Vegas,What is the capital of Nevada?,The capital of Nevada is,0.0576,0.67,11.63194444,False,critical,html-keyboard-response,29,256690,subject_22,67d993866d1d7516d87e97de,67f551c80905150518bb44d6,0.5022942977992455,1,right,0.1563758019134263,3.21408655,2.2825403,1.0,0.009556159420289855,-0.7483732750000001,-8.5907935,3.2634109749999998,0.3897780000000006,154.31583923,24.0,0.6128969999999994,0.6128969999999994,0.46249999999999997,13.888110548784098,22.0,212.93093655299998,21.0,129.96025854700002,1.2335965999999998,27.5,151.10212968210539,49.69601040539513,33.0
14443,j,capitals,9,country,Switzerland,Bern,Zurich,What is the capital of Switzerland?,The capital of Switzerland is,0.448,1.455,3.247767857,False,critical,html-keyboard-response,31,272150,subject_22,67d993866d1d7516d87e97de,67f551c80905150518bb44d6,0.5022942977992455,1,right,1.120190020806177,4.1456575,2.41449345,0.5,0.0021505425701852632,-1.92965085,-10.040487,1.9507065,-3.461702700000001,159.68889725000002,14.0,4.6987805499999995,4.6987805499999995,0.725,3.5004306147470485,37.0,294.98176505000004,16.0,73.5494113,34.15059715,1.0,73.47320395691726,42.42957016076099,37.0
20333,f,capitals,20,state,Kentucky,Frankfort,Louisville,What is the capital of Kentucky?,The capital of Kentucky is,0.0281,0.617,21.95729537,True,critical,html-keyboard-response,33,293496,subject_22,67d993866d1d7516d87e97de,67f551c80905150518bb44d6,0.5022942977992455,1,left,2.160480610741728,3.0547366,2.2666612,1.0,0.000659358843533807,-0.74241135,-11.6135325,2.1753297,-0.9483945,176.88001325,18.0,5.5287013,4.96804475,0.75,4.405366338069108,37.0,336.0411206,26.0,22.964224,60.86410575,26.0,72.27622371274914,51.10917786191476,26.0
13921,f,capitals,27,state,Nebraska,Lincoln,Omaha,What is the capital of Nebraska?,The capital of Nebraska is,0.297,0.477,1.606060606,True,critical,html-keyboard-response,35,308422,subject_22,67d993866d1d7516d87e97de,67f551c80905150518bb44d6,0.5022942977992455,1,left,1.027994488047882,3.40945435,2.88149385,1.0,0.002427404976322155,-0.90226395,-9.880027,1.9579811500000002,-0.6194575000000002,166.84559195,14.0,6.48387735,5.795127749999999,0.9875,3.0583791478084397,38.0,334.6421603,20.0,16.19795,78.670469,18.0,81.67707104491953,87.8184827648541,24.0
3094,f,capitals,14,state,California,Sacramento,Los Angeles,What is the capital of California?,The capital of California is,0.527,3.8,7.210626186,False,critical,html-keyboard-response,37,312529,subject_22,67d993866d1d7516d87e97de,67f551c80905150518bb44d6,0.5022942977992455,0,left,-0.8842680276112369,2.8312225,3.369704,1.0,0.1,-0.63638328,-4.58591525,4.79400397,-0.5027754,142.854805135,14.5,5.676533999999999,5.419304,0.5875,18.10634188869909,22.0,220.35396464500002,17.5,113.277399355,50.27004185000001,25.5,97.10799675216575,25.585019619395112,25.0
15817,f,capitals,21,state,Louisiana,Baton Rouge,New Orleans,What is the capital of Louisiana?,The capital of Louisiana is,0.215,0.351,1.63255814,True,critical,html-keyboard-response,39,329348,subject_22,67d993866d1d7516d87e97de,67f551c80905150518bb44d6,0.5022942977992455,1,left,1.3628656185262868,2.79039935,2.0269129,1.0,0.0034954039671020805,-0.60054295,-9.8353815,2.3737587500000004,-2.482563500000001,172.31991220000003,18.0,5.1981744999999995,3.793621,0.6875,7.716095282905707,34.5,282.68865437,20.0,29.084738729999994,68.09929645,24.5,62.8804213583455,54.76974795931437,27.0
17314,j,capitals,39,state,Vermont,Montpelier,Burlington,What is the capital of Vermont?,The capital of Vermont is,0.0079,0.0444,5.620253165,False,critical,html-keyboard-response,41,347665,subject_22,67d993866d1d7516d87e97de,67f551c80905150518bb44d6,0.5022942977992455,1,right,1.6272654509767994,2.8268120999999997,0.75283587,1.0,0.0034998085574806164,-0.637835275,-11.6183655,2.518385875,0.32600349999999967,158.75225502,18.0,2.6147142499999996,2.5662552499999993,0.44999999999999996,6.6844704108256,35.0,288.368095275,20.0,52.797800275,17.347483000000004,23.0,87.53368163162845,59.445257727624245,23.0
5928,j,capitals,11,country,United Arab Emirates,Abu Dhabi,Dubai,What is the capital of the United Arab Emirates?,The capital of the United Arab Emirates is,1.6,3.1,1.9375,True,critical,html-keyboard-response,43,354608,subject_22,67d993866d1d7516d87e97de,67f551c80905150518bb44d6,0.5022942977992455,0,right,-0.3837275298391908,3.6339115499999997,2.33935815,1.0,0.00522367703218767,-1.0856354000000001,-9.346349,2.50591525,-0.6000735000000006,159.839143965,14.0,3.36275555,3.36275555,0.65,9.84413945872573,31.0,260.0233028075,0.0,72.79101454250001,22.182172549999997,33.0,96.97781470445022,51.8589082146157,33.0
4457,f,capitals,35,state,Oregon,Salem,Portland,What is the capital of Oregon?,The capital of Oregon is,0.178,0.615,3.45505618,False,critical,html-keyboard-response,45,360074,subject_22,67d993866d1d7516d87e97de,67f551c80905150518bb44d6,0.5022942977992455,0,left,-0.6435352476312444,3.87003685,0.9559546750000001,1.0,0.02684931506849315,-1.33495845,-8.585685999999999,2.0863518,0.6543089999999996,153.11513470199998,18.0,4.49311111,4.49311111,0.6875,9.833651245669653,33.5,221.757705704,20.0,88.948261346,12.927848335,34.0,127.8462239789101,66.26897622229141,34.0
12157,f,capitals,18,state,Illinois,Springfield,Chicago,What is the capital of Illinois?,The capital of Illinois is,0.111,2.612,23.53153153,True,critical,html-keyboard-response,47,373242,subject_22,67d993866d1d7516d87e97de,67f551c80905150518bb44d6,0.5022942977992455,1,left,0.7164371704508851,3.7229846,2.02082935,1.0,0.0037192282102461744,-1.0637694,-9.972052999999999,1.8728581000000002,-5.79218335,170.65176035000002,18.0,8.6360925,8.6360925,0.675,5.610516716755836,37.0,311.23248041500005,22.5,49.248491285,81.37087019,25.0,83.27137832278736,56.50312887381918,25.0
11409,j,capitals,37,state,South Dakota,Pierre,Sioux Falls,What is the capital of South Dakota?,The capital of South Dakota is,0.0138,0.215,15.57971014,False,critical,html-keyboard-response,49,385657,subject_22,67d993866d1d7516d87e97de,67f551c80905150518bb44d6,0.5022942977992455,1,right,0.5843255641229067,3.88962435,1.9988037,1.0,0.006089036055923473,-1.041340035,-9.381435,2.440622765,3.5832957499999987,176.86631975,18.0,2.7437485000000006,2.3335944999999993,0.45,6.963136166388008,32.0,279.15120511,20.0,98.78975829,20.867091999999992,16.0,89.17083306707906,49.97454210007436,26.0
12293,j,capitals,30,state,New Jersey,Trenton,Newark,What is the capital of New Jersey?,The capital of New Jersey is,0.0898,0.306,3.407572383,False,critical,html-keyboard-response,51,398968,subject_22,67d993866d1d7516d87e97de,67f551c80905150518bb44d6,0.5022942977992455,1,right,0.7404574625105175,3.3090056,1.82140345,1.0,0.0016363743403658628,-0.84072134,-10.924448,3.76701416,-4.2521546,156.04382572,18.0,6.901956650000001,6.901956650000001,0.725,8.925782555854742,34.5,273.68847277500004,22.0,47.345132775,80.49773385,24.5,88.88474869929352,60.16044669384837,28.5
6866,f,capitals,4,country,India,New Delhi,Mumbai,What is the capital of India?,The capital of India is,0.206,22.1,107.2815534,True,critical,html-keyboard-response,53,406840,subject_22,67d993866d1d7516d87e97de,67f551c80905150518bb44d6,0.5022942977992455,1,left,-0.2180581625455496,3.3890189,1.4282650000000001,1.0,0.06971153846153846,-1.1690336,-6.6849964,4.1036254,2.7211151000000005,151.45156923500002,14.0,2.3097963499999996,1.1339184999999992,0.425,9.901198823968304,30.0,227.81903473,16.0,94.28140192000001,13.430843800000002,8.0,81.85221999731655,37.65522312456052,32.0
15149,j,capitals,16,state,Delaware,Dover,Wilmington,What is the capital of Delaware?,The capital of Delaware is,0.0403,0.0722,1.791563275,False,critical,html-keyboard-response,55,422991,subject_22,67d993866d1d7516d87e97de,67f551c80905150518bb44d6,0.5022942977992455,1,right,1.2448835957627982,4.2341493,0.72218523,1.0,0.012666345999679333,-1.74989815,-9.680467,0.94623425,3.385187,168.90373542999998,18.0,0.0,0.0,0.025,6.774399509720723,34.0,229.367487715,20.0,115.99101648500002,0.0,34.5,110.70916324533087,58.08677270925415,34.5
3916,f,capitals,41,state,Washington,Olympia,Seattle,What is the capital of Washington?,The capital of Washington is,0.0558,0.765,13.70967742,True,critical,html-keyboard-response,57,427924,subject_22,67d993866d1d7516d87e97de,67f551c80905150518bb44d6,0.5022942977992455,1,left,-0.7390865564861057,2.4590736499999997,3.76935035,1.0,0.018367961457392352,-0.44257853999999996,-7.3950467,3.85359726,-2.2241997000000007,144.06035742999998,23.0,4.896856099999999,4.896856099999999,0.6625000000000001,14.217480554285576,25.5,250.7986976015,25.0,103.96332209849999,33.6275834,16.0,99.67318648330391,49.08176857829807,25.0
3027,f,capitals,36,state,Pennsylvania,Harrisburg,Philadelphia,What is the capital of Pennsylvania?,The capital of Pennsylvania is,0.05,1.517,30.34,True,critical,html-keyboard-response,59,431953,subject_22,67d993866d1d7516d87e97de,67f551c80905150518bb44d6,0.5022942977992455,1,left,-0.896101553846497,3.80286055,1.2945525999999998,1.0,0.005201455329470422,-0.971369375,-10.090643,2.9000446250000005,-0.7811735000000004,169.40291199,18.0,4.7394538,4.5681133,0.6625000000000001,12.812658898193753,26.5,280.7955821475,22.5,70.13658115249999,36.52358815000001,24.0,104.5548823855986,47.04693462155399,24.0
2871,f,capitals,31,state,New Mexico,Santa Fe,Albuquerque,What is the capital of New Mexico?,The capital of New Mexico is,0.0901,0.557,6.182019978,True,critical,html-keyboard-response,61,435827,subject_22,67d993866d1d7516d87e97de,67f551c80905150518bb44d6,0.5022942977992455,1,left,-0.923654241797252,3.0991414500000003,1.3244324,1.0,0.014238667183262301,-0.69803795,-9.098272999999999,2.46943,0.3069240000000004,166.6062263,18.0,5.093978,3.5249351500000006,0.525,8.033448780088444,31.0,260.480373305,20.0,49.826687745000015,48.39635365000001,19.0,84.180459503387,57.783921029115376,24.0
2192,j,capitals,5,country,Morrocco,Rabat,Marrakesh,What is the capital of Morrocco?,The capital of Morrocco is,2.02,1.085,0.5371287129,True,critical,html-keyboard-response,63,439026,subject_22,67d993866d1d7516d87e97de,67f551c80905150518bb44d6,0.5022942977992455,0,right,-1.0435790823008575,4.06911815,3.926867,1.0,0.001930509063232023,-1.06717185,-9.534113999999999,2.73666185,-0.551412,192.02520429999998,22.5,5.353308500000001,3.0599705000000004,0.6125,7.031879522295083,33.0,303.121009725,22.5,42.028869125,59.422086599999986,14.5,71.26685811006843,54.04151717765417,23.0
2955,f,capitals,38,state,Texas,Austin,Houston,What is the capital of Texas?,The capital of Texas is,0.989,2.324,2.349848332,True,critical,html-keyboard-response,65,442985,subject_22,67d993866d1d7516d87e97de,67f551c80905150518bb44d6,0.5022942977992455,1,left,-0.9088181790545375,2.7289062,3.68736335,1.0,0.08712121212121213,-0.506320885,-4.40157605,4.012876565,1.53352215,151.14799460999998,11.0,0.08562525000000054,0.08562525000000054,0.35,19.22278273641858,20.0,198.241569792,15.0,136.22196335799998,0.08562525000000054,10.5,81.3456051528303,15.975005422746095,35.0
1815,f,capitals,40,state,Virginia,Richmond,Virginia Beach,What is the capital of Virginia?,The capital of Virginia is,0.231,0.45,1.948051948,False,critical,html-keyboard-response,67,445812,subject_22,67d993866d1d7516d87e97de,67f551c80905150518bb44d6,0.5022942977992455,0,left,-1.1101647448485152,4.120711549999999,3.5882533,1.0,0.02312889812889813,-1.16916945,-6.914387700000001,2.59017605,0.19082209999999966,175.71893075000003,18.5,2.56121715,2.56121715,0.7,5.77276122250901,38.0,284.03714405,20.0,35.25386895,25.267003600000002,18.0,46.35421140072588,30.54006897158279,36.0
1705,f,capitals,24,state,Michigan,Lansing,Detroit,What is the capital of Michigan?,The capital of Michigan is,0.112,0.63,5.625,False,critical,html-keyboard-response,69,448522,subject_22,67d993866d1d7516d87e97de,67f551c80905150518bb44d6,0.5022942977992455,0,left,-1.1295929222496883,3.1715925,0.8199855199999999,1.0,0.020092460881934567,-0.8804468999999999,-8.9095815,2.08088635,-0.3318779999999997,162.992733545,18.0,2.8472903499999997,2.8472903499999997,0.7,7.4411319048798905,35.5,223.482275455,20.0,122.07790124499999,9.68996645,35.0,132.35050610599825,75.15181857684905,35.0
1591,j,capitals,10,country,Turkey,Ankara,Istanbul,What is the capital of Turkey?,The capital of Turkey is,5.55,16.24,2.926126126,True,critical,html-keyboard-response,71,451123,subject_22,67d993866d1d7516d87e97de,67f551c80905150518bb44d6,0.5022942977992455,0,right,-1.1497275788290864,3.7206935999999997,3.6190253,1.0,0.0140625,-1.049432,-7.22749025,1.77928585,-1.0519376499999997,181.67489892999998,14.0,3.36303155,3.36303155,0.7875000000000001,7.10805059345744,34.0,232.28671097749998,0.0,68.73258667249999,23.91809185,34.0,109.98791459488866,68.21821684179301,34.0
1586,j,capitals,22,state,Maine,Augusta,Portland,What is the capital of Maine?,The capital of Maine is,0.0192,0.0695,3.619791667,True,critical,html-keyboard-response,73,453724,subject_22,67d993866d1d7516d87e97de,67f551c80905150518bb44d6,0.5022942977992455,0,right,-1.150610677801867,3.7875023,2.4801948,1.0,0.0016831873627990133,-1.0323926499999998,-10.4254775,2.0421341999999996,-1.8715164999999994,169.20454695,18.0,5.94090445,5.94090445,0.95,2.583690266418973,37.0,311.71045002,37.0,44.16688318,51.44942174999999,21.0,71.44560616098389,59.91154959685878,37.0
1260,j,capitals,32,state,New York,Albany,New York,What is the capital of New York?,The capital of New York is,0.103,7.937,77.05825243,True,critical,html-keyboard-response,75,455992,subject_22,67d993866d1d7516d87e97de,67f551c80905150518bb44d6,0.5022942977992455,0,right,-1.2081887308271624,2.31160665,4.8018915,1.0,0.07179487179487179,-0.40196120999999996,-4.7547025000000005,3.14106469,-1.30574515,164.00049312,18.0,4.1901697,3.862285,0.6875,15.47453789415244,25.5,229.375925891,15.0,53.021560058999995,59.8069269,27.0,75.81720478275057,45.627494070248844,27.0
1920,f,capitals,17,state,Florida,Tallahassee,Jacksonville,What is the capital of Florida?,The capital of Florida is,0.205,1.008,4.917073171,False,critical,html-keyboard-response,77,458927,subject_22,67d993866d1d7516d87e97de,67f551c80905150518bb44d6,0.5022942977992455,0,left,-1.0916196664201223,3.563912,2.6319027999999998,1.0,0.008519591611479029,-0.95531795,-8.4452955,4.38171585,1.3466129999999996,162.1489442425,23.5,1.2571029,1.2571029,0.48750000000000004,9.093065063976583,33.0,222.1497324065,20.0,145.26711409350003,2.21744865,24.0,154.13877107879688,46.03097986487076,33.0
1698,j,capitals,25,state,Minnesota,St. Paul,Minneapolis,What is the capital of Minnesota?,The capital of Minnesota is,0.299,0.421,1.408026756,True,critical,html-keyboard-response,79,461633,subject_22,67d993866d1d7516d87e97de,67f551c80905150518bb44d6,0.5022942977992455,0,right,-1.1308292608115815,3.58195065,1.6521141,1.0,0.017392619479733817,-1.4853812,-8.023998,2.1170464,1.1057884999999996,150.791991795,18.0,6.11360015,6.11360015,0.875,3.3354361793014986,36.5,291.73495485,35.0,30.489669350000007,37.57722344999999,35.0,64.16242236428235,64.57921294960164,35.0
1264,f,capitals,33,state,North Carolina,Raleigh,Charlotte,What is the capital of North Carolina?,The capital of North Carolina is,0.494,0.935,1.892712551,False,critical,html-keyboard-response,81,463909,subject_22,67d993866d1d7516d87e97de,67f551c80905150518bb44d6,0.5022942977992455,0,left,-1.207482251648938,3.9989741,1.4837299000000002,1.0,0.017565485362095533,-1.2707921500000001,-8.2403645,2.6944252,2.3565879999999995,167.86508935,18.0,1.4855458000000001,1.4855458000000001,0.7124999999999999,8.574116496188747,32.5,209.911716892,20.0,142.86702770799997,5.01324945,7.0,125.69617107504936,62.09856014494803,35.0
383,f,capitals,19,state,Kansas,Topeka,Wichita,What is the capital of Kansas?,The capital of Kansas is,0.125,0.395,3.16,True,critical,html-keyboard-response,83,465301,subject_22,67d993866d1d7516d87e97de,67f551c80905150518bb44d6,0.5022942977992455,1,left,-1.3630842906528802,3.69316615,2.64080265,1.0,0.010417797069994574,-1.07303922,-8.168856,1.73419138,-0.5498905999999999,162.288778245,35.0,2.9706022499999998,1.7607325999999994,0.5625,10.046628532789011,33.0,233.6914373035,18.0,65.7761040965,17.125884900000003,35.0,90.36345231361148,54.06264558247349,35.0
1610,f,capitals,12,state,Alabama,Montgomery,Birmingham,What is the capital of Alabama?,The capital of Alabama is,0.192,0.194,1.010416667,False,critical,html-keyboard-response,85,467917,subject_22,67d993866d1d7516d87e97de,67f551c80905150518bb44d6,0.5022942977992455,0,left,-1.14637180273252,3.1154528,2.2013875499999997,1.0,0.003584966270478638,-0.7024276,-9.767927,3.1901363,-1.4417109999999997,171.89705985,16.0,5.234766799999999,5.234766799999999,0.725,8.879740567094881,31.0,283.66813919000003,20.0,35.182526159999995,72.3701839,11.0,72.1080126268425,56.93717089653546,31.0
8410,j,capitals,3,country,Canada,Ottawa,Toronto,What is the capital of Canada?,The capital of Canada is,1.465,6.491,4.430716724,False,critical,html-keyboard-response,87,477341,subject_22,67d993866d1d7516d87e97de,67f551c80905150518bb44d6,0.5022942977992455,1,right,0.0546428002491007,3.41186485,1.57882065,1.0,0.09166666666666667,-0.8216695,-5.87537415,3.39860975,-1.0815602000000002,151.21389025500002,16.0,1.62056305,1.62056305,0.55,18.015003869553816,21.0,209.80200216699998,15.0,104.683861683,9.282030650000001,24.5,78.4247090436364,17.054693758663674,27.0
7967,f,capitals,42,state,Wisconsin,Madison,Milwaukee,What is the capital of Wisconsin?,The capital of Wisconsin is,0.284,0.551,1.940140845,True,critical,html-keyboard-response,89,486319,subject_22,67d993866d1d7516d87e97de,67f551c80905150518bb44d6,0.5022942977992455,1,left,-0.0235997687392607,3.13448335,2.23414315,1.0,0.006828316610925306,-0.760507775,-9.046759,3.316440125,1.0081592500000003,161.19694813,16.0,0.0,0.0,0.025,8.781973336626725,35.0,233.021284015,20.0,104.89291063499999,0.0,33.0,87.39257794461776,27.410622132151936,33.0
2054,f,capitals,12,state,Alabama,Montgomery,Birmingham,What is the capital of Alabama?,The capital of Alabama is,0.192,0.194,1.010416667,False,critical,html-keyboard-response,7,49921,subject_10,67d993866d1d7516d87e97de,67f55669f837ba443d96a637,0.8740789947351859,0,left,0.5386652771961125,3.1154528,2.2013875499999997,1.0,0.003584966270478638,-0.7024276,-9.767927,3.1901363,-1.4417109999999997,171.89705985,16.0,5.234766799999999,5.234766799999999,0.725,8.879740567094881,31.0,283.66813919000003,20.0,35.182526159999995,72.3701839,11.0,72.1080126268425,56.93717089653546,31.0
2069,j,capitals,39,state,Vermont,Montpelier,Burlington,What is the capital of Vermont?,The capital of Vermont is,0.0079,0.0444,5.620253165,False,critical,html-keyboard-response,9,53002,subject_10,67d993866d1d7516d87e97de,67f55669f837ba443d96a637,0.8740789947351859,1,right,0.5780752324433023,2.8268120999999997,0.75283587,1.0,0.0034998085574806164,-0.637835275,-11.6183655,2.518385875,0.32600349999999967,158.75225502,18.0,2.6147142499999996,2.5662552499999993,0.44999999999999996,6.6844704108256,35.0,288.368095275,20.0,52.797800275,17.347483000000004,23.0,87.53368163162845,59.445257727624245,23.0
2378,f,capitals,37,state,South Dakota,Pierre,Sioux Falls,What is the capital of South Dakota?,The capital of South Dakota is,0.0138,0.215,15.57971014,False,critical,html-keyboard-response,11,56386,subject_10,67d993866d1d7516d87e97de,67f55669f837ba443d96a637,0.8740789947351859,0,left,1.3899203105354103,3.88962435,1.9988037,1.0,0.006089036055923473,-1.041340035,-9.381435,2.440622765,3.5832957499999987,176.86631975,18.0,2.7437485000000006,2.3335944999999993,0.45,6.963136166388008,32.0,279.15120511,20.0,98.78975829,20.867091999999992,16.0,89.17083306707906,49.97454210007436,26.0
1744,f,capitals,23,state,Maryland,Annapolis,Baltimore,What is the capital of Maryland?,The capital of Maryland is,0.0403,0.553,13.72208437,True,critical,html-keyboard-response,13,59144,subject_10,67d993866d1d7516d87e97de,67f55669f837ba443d96a637,0.8740789947351859,1,left,-0.2758071312458084,3.6610867999999996,1.99519565,1.0,0.007435328135488201,-1.006010815,-9.066941499999999,2.3947849850000003,-2.0526531999999995,171.39884055,18.0,5.272523,5.272523,0.7124999999999999,8.627807633730525,31.0,269.905489795,21.0,82.80523015499999,30.549259500000005,17.5,88.24512507064568,61.977535890917494,35.0
1611,f,capitals,18,state,Illinois,Springfield,Chicago,What is the capital of Illinois?,The capital of Illinois is,0.111,2.612,23.53153153,False,critical,html-keyboard-response,15,61761,subject_10,67d993866d1d7516d87e97de,67f55669f837ba443d96a637,0.8740789947351859,0,left,-0.6252420677708906,3.7229846,2.02082935,1.0,0.0037192282102461744,-1.0637694,-9.972052999999999,1.8728581000000002,-5.79218335,170.65176035000002,18.0,8.6360925,8.6360925,0.675,5.610516716755836,37.0,311.23248041500005,22.5,49.248491285,81.37087019,25.0,83.27137832278736,56.50312887381918,25.0
2629,f,capitals,13,state,Alaska,Juneau,Anchorage,What is the capital of Alaska?,The capital of Alaska is,0.0311,0.283,9.099678457,True,critical,html-keyboard-response,17,65402,subject_10,67d993866d1d7516d87e97de,67f55669f837ba443d96a637,0.8740789947351859,1,left,2.0493802283383853,4.0331867,1.032167785,1.0,0.0012974288388852195,-1.38228545,-12.390654,1.9327201,-2.1549560000000003,158.058188835,18.0,4.9375237,4.9375237,0.9624999999999999,2.4642328656242176,37.0,348.27460882,33.0,8.84634368,72.57630929999998,37.0,50.961827169017766,61.5026154449013,37.0
2020,f,capitals,14,state,California,Sacramento,Los Angeles,What is the capital of California?,The capital of California is,0.527,3.8,7.210626186,False,critical,html-keyboard-response,19,68434,subject_10,67d993866d1d7516d87e97de,67f55669f837ba443d96a637,0.8740789947351859,0,left,0.4493360453024824,2.8312225,3.369704,1.0,0.1,-0.63638328,-4.58591525,4.79400397,-0.5027754,142.854805135,14.5,5.676533999999999,5.419304,0.5875,18.10634188869909,22.0,220.35396464500002,17.5,113.277399355,50.27004185000001,25.5,97.10799675216575,25.585019619395112,25.0
1736,j,capitals,17,state,Florida,Tallahassee,Jacksonville,What is the capital of Florida?,The capital of Florida is,0.205,1.008,4.917073171,True,critical,html-keyboard-response,21,71178,subject_10,67d993866d1d7516d87e97de,67f55669f837ba443d96a637,0.8740789947351859,0,right,-0.2968257740443096,3.563912,2.6319027999999998,1.0,0.008519591611479029,-0.95531795,-8.4452955,4.38171585,1.3466129999999996,162.1489442425,23.5,1.2571029,1.2571029,0.48750000000000004,9.093065063976583,33.0,222.1497324065,20.0,145.26711409350003,2.21744865,24.0,154.13877107879688,46.03097986487076,33.0
1689,f,capitals,15,state,Connecticut,Hartford,Bridgeport,What is the capital of Connecticut?,The capital of Connecticut is,0.119,0.148,1.243697479,True,critical,html-keyboard-response,23,73880,subject_10,67d993866d1d7516d87e97de,67f55669f837ba443d96a637,0.8740789947351859,1,left,-0.420310300485504,4.152413,2.4941535000000004,1.0,0.012903762903762904,-1.2379590999999999,-8.185617,4.8248759,4.25825,176.1870492,16.0,0.7039874999999993,0.7039874999999993,0.3,12.984765384964998,24.0,278.35317808,20.0,187.17906882,0.754308,10.5,97.3336617897597,26.70347104409089,31.0
1430,f,capitals,22,state,Maine,Augusta,Portland,What is the capital of Maine?,The capital of Maine is,0.0192,0.0695,3.619791667,False,critical,html-keyboard-response,25,76320,subject_10,67d993866d1d7516d87e97de,67f55669f837ba443d96a637,0.8740789947351859,0,left,-1.10078886108698,3.7875023,2.4801948,1.0,0.0016831873627990133,-1.0323926499999998,-10.4254775,2.0421341999999996,-1.8715164999999994,169.20454695,18.0,5.94090445,5.94090445,0.95,2.583690266418973,37.0,311.71045002,37.0,44.16688318,51.44942174999999,21.0,71.44560616098389,59.91154959685878,37.0
1545,j,capitals,20,state,Kentucky,Frankfort,Louisville,What is the capital of Kentucky?,The capital of Kentucky is,0.0281,0.617,21.95729537,True,critical,html-keyboard-response,27,78874,subject_10,67d993866d1d7516d87e97de,67f55669f837ba443d96a637,0.8740789947351859,0,right,-0.7986458708585255,3.0547366,2.2666612,1.0,0.000659358843533807,-0.74241135,-11.6135325,2.1753297,-0.9483945,176.88001325,18.0,5.5287013,4.96804475,0.75,4.405366338069108,37.0,336.0411206,26.0,22.964224,60.86410575,26.0,72.27622371274914,51.10917786191476,26.0
1798,f,capitals,28,state,Nevada,Carson City,Las Vegas,What is the capital of Nevada?,The capital of Nevada is,0.0576,0.67,11.63194444,False,critical,html-keyboard-response,29,81674,subject_10,67d993866d1d7516d87e97de,67f55669f837ba443d96a637,0.8740789947351859,0,left,-0.1339312923559254,3.21408655,2.2825403,1.0,0.009556159420289855,-0.7483732750000001,-8.5907935,3.2634109749999998,0.3897780000000006,154.31583923,24.0,0.6128969999999994,0.6128969999999994,0.46249999999999997,13.888110548784098,22.0,212.93093655299998,21.0,129.96025854700002,1.2335965999999998,27.5,151.10212968210539,49.69601040539513,33.0
1467,j,capitals,21,state,Louisiana,Baton Rouge,New Orleans,What is the capital of Louisiana?,The capital of Louisiana is,0.215,0.351,1.63255814,True,critical,html-keyboard-response,31,84154,subject_10,67d993866d1d7516d87e97de,67f55669f837ba443d96a637,0.8740789947351859,0,right,-1.003577638143912,2.79039935,2.0269129,1.0,0.0034954039671020805,-0.60054295,-9.8353815,2.3737587500000004,-2.482563500000001,172.31991220000003,18.0,5.1981744999999995,3.793621,0.6875,7.716095282905707,34.5,282.68865437,20.0,29.084738729999994,68.09929645,24.5,62.8804213583455,54.76974795931437,27.0
1724,j,capitals,30,state,New Jersey,Trenton,Newark,What is the capital of New Jersey?,The capital of New Jersey is,0.0898,0.306,3.407572383,True,critical,html-keyboard-response,33,86882,subject_10,67d993866d1d7516d87e97de,67f55669f837ba443d96a637,0.8740789947351859,0,right,-0.3283537382420614,3.3090056,1.82140345,1.0,0.0016363743403658628,-0.84072134,-10.924448,3.76701416,-4.2521546,156.04382572,18.0,6.901956650000001,6.901956650000001,0.725,8.925782555854742,34.5,273.68847277500004,22.0,47.345132775,80.49773385,24.5,88.88474869929352,60.16044669384837,28.5
1684,j,capitals,24,state,Michigan,Lansing,Detroit,What is the capital of Michigan?,The capital of Michigan is,0.112,0.63,5.625,True,critical,html-keyboard-response,35,89577,subject_10,67d993866d1d7516d87e97de,67f55669f837ba443d96a637,0.8740789947351859,0,right,-0.4334469522345673,3.1715925,0.8199855199999999,1.0,0.020092460881934567,-0.8804468999999999,-8.9095815,2.08088635,-0.3318779999999997,162.992733545,18.0,2.8472903499999997,2.8472903499999997,0.7,7.4411319048798905,35.5,223.482275455,20.0,122.07790124499999,9.68996645,35.0,132.35050610599825,75.15181857684905,35.0
1783,j,capitals,5,country,Morrocco,Rabat,Marrakesh,What is the capital of Morrocco?,The capital of Morrocco is,2.02,1.085,0.5371287129,True,critical,html-keyboard-response,37,92368,subject_10,67d993866d1d7516d87e97de,67f55669f837ba443d96a637,0.8740789947351859,0,right,-0.1733412476031151,4.06911815,3.926867,1.0,0.001930509063232023,-1.06717185,-9.534113999999999,2.73666185,-0.551412,192.02520429999998,22.5,5.353308500000001,3.0599705000000004,0.6125,7.031879522295083,33.0,303.121009725,22.5,42.028869125,59.422086599999986,14.5,71.26685811006843,54.04151717765417,23.0
2561,j,capitals,3,country,Canada,Ottawa,Toronto,What is the capital of Canada?,The capital of Canada is,1.465,6.491,4.430716724,True,critical,html-keyboard-response,39,95946,subject_10,67d993866d1d7516d87e97de,67f55669f837ba443d96a637,0.8740789947351859,0,right,1.8707217645511252,3.41186485,1.57882065,1.0,0.09166666666666667,-0.8216695,-5.87537415,3.39860975,-1.0815602000000002,151.21389025500002,16.0,1.62056305,1.62056305,0.55,18.015003869553816,21.0,209.80200216699998,15.0,104.683861683,9.282030650000001,24.5,78.4247090436364,17.054693758663674,27.0
1835,f,capitals,1,country,Australia,Canberra,Sydney,What is the capital of Australia?,The capital of Australia is,0.483,5.249,10.86749482,False,critical,html-keyboard-response,41,98794,subject_10,67d993866d1d7516d87e97de,67f55669f837ba443d96a637,0.8740789947351859,0,left,-0.0367200694128574,2.91766655,1.443579,1.0,0.013910060975609756,-0.732931825,-9.718684,2.424576675,-3.10026675,135.81862900000002,16.0,4.71659925,4.71659925,0.7,13.549338958870404,26.5,205.0319132245,16.0,133.7638296255,27.787327949999998,27.0,115.01755520776328,61.294825054348195,27.0
1623,f,capitals,8,country,South Africa,Pretoria,Johannesburg,What is the capital of South Africa?,The capital of South Africa is,3.0,6.4,2.133333333,False,critical,html-keyboard-response,43,101425,subject_10,67d993866d1d7516d87e97de,67f55669f837ba443d96a637,0.8740789947351859,0,left,-0.5937141035731388,4.3614197,2.7407284,1.0,0.005607622617931896,-2.11893455,-8.995401000000001,2.2255171,-0.9749508000000002,168.89477075,14.0,4.743248,4.743248,0.8125,6.902744233458726,33.0,261.79318212500004,33.0,107.26548872500001,40.14546490000001,33.0,126.64268622248599,90.68654232034928,33.5
1931,f,capitals,4,country,India,New Delhi,Mumbai,What is the capital of India?,The capital of India is,0.206,22.1,107.2815534,False,critical,html-keyboard-response,45,104360,subject_10,67d993866d1d7516d87e97de,67f55669f837ba443d96a637,0.8740789947351859,0,left,0.2155036441691568,3.3890189,1.4282650000000001,1.0,0.06971153846153846,-1.1690336,-6.6849964,4.1036254,2.7211151000000005,151.45156923500002,14.0,2.3097963499999996,1.1339184999999992,0.425,9.901198823968304,30.0,227.81903473,16.0,94.28140192000001,13.430843800000002,8.0,81.85221999731655,37.65522312456052,32.0
1667,f,capitals,27,state,Nebraska,Lincoln,Omaha,What is the capital of Nebraska?,The capital of Nebraska is,0.297,0.477,1.606060606,False,critical,html-keyboard-response,47,107034,subject_10,67d993866d1d7516d87e97de,67f55669f837ba443d96a637,0.8740789947351859,0,left,-0.4781115681813823,3.40945435,2.88149385,1.0,0.002427404976322155,-0.90226395,-9.880027,1.9579811500000002,-0.6194575000000002,166.84559195,14.0,6.48387735,5.795127749999999,0.9875,3.0583791478084397,38.0,334.6421603,20.0,16.19795,78.670469,18.0,81.67707104491953,87.8184827648541,24.0
1473,j,capitals,9,country,Switzerland,Bern,Zurich,What is the capital of Switzerland?,The capital of Switzerland is,0.448,1.455,3.247767857,False,critical,html-keyboard-response,49,109513,subject_10,67d993866d1d7516d87e97de,67f55669f837ba443d96a637,0.8740789947351859,1,right,-0.987813656045036,4.1456575,2.41449345,0.5,0.0021505425701852632,-1.92965085,-10.040487,1.9507065,-3.461702700000001,159.68889725000002,14.0,4.6987805499999995,4.6987805499999995,0.725,3.5004306147470485,37.0,294.98176505000004,16.0,73.5494113,34.15059715,1.0,73.47320395691726,42.42957016076099,37.0
1793,j,capitals,36,state,Pennsylvania,Harrisburg,Philadelphia,What is the capital of Pennsylvania?,The capital of Pennsylvania is,0.05,1.517,30.34,True,critical,html-keyboard-response,51,112314,subject_10,67d993866d1d7516d87e97de,67f55669f837ba443d96a637,0.8740789947351859,0,right,-0.1470679441049886,3.80286055,1.2945525999999998,1.0,0.005201455329470422,-0.971369375,-10.090643,2.9000446250000005,-0.7811735000000004,169.40291199,18.0,4.7394538,4.5681133,0.6625000000000001,12.812658898193753,26.5,280.7955821475,22.5,70.13658115249999,36.52358815000001,24.0,104.5548823855986,47.04693462155399,24.0
1777,j,capitals,33,state,North Carolina,Raleigh,Charlotte,What is the capital of North Carolina?,The capital of North Carolina is,0.494,0.935,1.892712551,False,critical,html-keyboard-response,53,115096,subject_10,67d993866d1d7516d87e97de,67f55669f837ba443d96a637,0.8740789947351859,1,right,-0.189105229701991,3.9989741,1.4837299000000002,1.0,0.017565485362095533,-1.2707921500000001,-8.2403645,2.6944252,2.3565879999999995,167.86508935,18.0,1.4855458000000001,1.4855458000000001,0.7124999999999999,8.574116496188747,32.5,209.911716892,20.0,142.86702770799997,5.01324945,7.0,125.69617107504936,62.09856014494803,35.0
1749,j,capitals,11,country,United Arab Emirates,Abu Dhabi,Dubai,What is the capital of the United Arab Emirates?,The capital of the United Arab Emirates is,1.6,3.1,1.9375,True,critical,html-keyboard-response,55,117849,subject_10,67d993866d1d7516d87e97de,67f55669f837ba443d96a637,0.8740789947351859,0,right,-0.2626704794967451,3.6339115499999997,2.33935815,1.0,0.00522367703218767,-1.0856354000000001,-9.346349,2.50591525,-0.6000735000000006,159.839143965,14.0,3.36275555,3.36275555,0.65,9.84413945872573,31.0,260.0233028075,0.0,72.79101454250001,22.182172549999997,33.0,96.97781470445022,51.8589082146157,33.0
1749,f,capitals,25,state,Minnesota,St. Paul,Minneapolis,What is the capital of Minnesota?,The capital of Minnesota is,0.299,0.421,1.408026756,True,critical,html-keyboard-response,57,120610,subject_10,67d993866d1d7516d87e97de,67f55669f837ba443d96a637,0.8740789947351859,1,left,-0.2626704794967451,3.58195065,1.6521141,1.0,0.017392619479733817,-1.4853812,-8.023998,2.1170464,1.1057884999999996,150.791991795,18.0,6.11360015,6.11360015,0.875,3.3354361793014986,36.5,291.73495485,35.0,30.489669350000007,37.57722344999999,35.0,64.16242236428235,64.57921294960164,35.0
1488,j,capitals,34,state,North Dakota,Bismarck,Fargo,What is the capital of North Dakota?,The capital of North Dakota is,0.076,0.138,1.815789474,True,critical,html-keyboard-response,59,123104,subject_10,67d993866d1d7516d87e97de,67f55669f837ba443d96a637,0.8740789947351859,0,right,-0.9484037007978464,3.1886295000000002,1.6228072999999998,1.0,0.04464285714285714,-0.8373848349999999,-6.98899085,3.346709315,2.0134886500000007,158.9716758025,18.0,1.0428039999999998,1.0428039999999998,0.425,10.24716289924514,32.5,181.48586626009998,20.0,91.95245258989999,1.3760648999999998,25.0,78.67897042291708,25.245962637347155,34.5
2127,f,capitals,42,state,Wisconsin,Madison,Milwaukee,What is the capital of Wisconsin?,The capital of Wisconsin is,0.284,0.551,1.940140845,True,critical,html-keyboard-response,61,126242,subject_10,67d993866d1d7516d87e97de,67f55669f837ba443d96a637,0.8740789947351859,1,left,0.7304603927324358,3.13448335,2.23414315,1.0,0.006828316610925306,-0.760507775,-9.046759,3.316440125,1.0081592500000003,161.19694813,16.0,0.0,0.0,0.025,8.781973336626725,35.0,233.021284015,20.0,104.89291063499999,0.0,33.0,87.39257794461776,27.410622132151936,33.0
2252,j,capitals,31,state,New Mexico,Santa Fe,Albuquerque,What is the capital of New Mexico?,The capital of New Mexico is,0.0901,0.557,6.182019978,False,critical,html-keyboard-response,63,129506,subject_10,67d993866d1d7516d87e97de,67f55669f837ba443d96a637,0.8740789947351859,1,right,1.058876686459017,3.0991414500000003,1.3244324,1.0,0.014238667183262301,-0.69803795,-9.098272999999999,2.46943,0.3069240000000004,166.6062263,18.0,5.093978,3.5249351500000006,0.525,8.033448780088444,31.0,260.480373305,20.0,49.826687745000015,48.39635365000001,19.0,84.180459503387,57.783921029115376,24.0
1373,f,capitals,19,state,Kansas,Topeka,Wichita,What is the capital of Kansas?,The capital of Kansas is,0.125,0.395,3.16,True,critical,html-keyboard-response,65,131890,subject_10,67d993866d1d7516d87e97de,67f55669f837ba443d96a637,0.8740789947351859,1,left,-1.2505466910263008,3.69316615,2.64080265,1.0,0.010417797069994574,-1.07303922,-8.168856,1.73419138,-0.5498905999999999,162.288778245,35.0,2.9706022499999998,1.7607325999999994,0.5625,10.046628532789011,33.0,233.6914373035,18.0,65.7761040965,17.125884900000003,35.0,90.36345231361148,54.06264558247349,35.0
1548,f,capitals,10,country,Turkey,Ankara,Istanbul,What is the capital of Turkey?,The capital of Turkey is,5.55,16.24,2.926126126,False,critical,html-keyboard-response,67,134441,subject_10,67d993866d1d7516d87e97de,67f55669f837ba443d96a637,0.8740789947351859,0,left,-0.7907638798090875,3.7206935999999997,3.6190253,1.0,0.0140625,-1.049432,-7.22749025,1.77928585,-1.0519376499999997,181.67489892999998,14.0,3.36303155,3.36303155,0.7875000000000001,7.10805059345744,34.0,232.28671097749998,0.0,68.73258667249999,23.91809185,34.0,109.98791459488866,68.21821684179301,34.0
1810,j,capitals,41,state,Washington,Olympia,Seattle,What is the capital of Washington?,The capital of Washington is,0.0558,0.765,13.70967742,True,critical,html-keyboard-response,69,137266,subject_10,67d993866d1d7516d87e97de,67f55669f837ba443d96a637,0.8740789947351859,0,right,-0.1024033281581736,2.4590736499999997,3.76935035,1.0,0.018367961457392352,-0.44257853999999996,-7.3950467,3.85359726,-2.2241997000000007,144.06035742999998,23.0,4.896856099999999,4.896856099999999,0.6625000000000001,14.217480554285576,25.5,250.7986976015,25.0,103.96332209849999,33.6275834,16.0,99.67318648330391,49.08176857829807,25.0
1790,j,capitals,16,state,Delaware,Dover,Wilmington,What is the capital of Delaware?,The capital of Delaware is,0.0403,0.0722,1.791563275,True,critical,html-keyboard-response,71,140072,subject_10,67d993866d1d7516d87e97de,67f55669f837ba443d96a637,0.8740789947351859,0,right,-0.1549499351544266,4.2341493,0.72218523,1.0,0.012666345999679333,-1.74989815,-9.680467,0.94623425,3.385187,168.90373542999998,18.0,0.0,0.0,0.025,6.774399509720723,34.0,229.367487715,20.0,115.99101648500002,0.0,34.5,110.70916324533087,58.08677270925415,34.5
1560,j,capitals,35,state,Oregon,Salem,Portland,What is the capital of Oregon?,The capital of Oregon is,0.178,0.615,3.45505618,True,critical,html-keyboard-response,73,142649,subject_10,67d993866d1d7516d87e97de,67f55669f837ba443d96a637,0.8740789947351859,0,right,-0.7592359156113356,3.87003685,0.9559546750000001,1.0,0.02684931506849315,-1.33495845,-8.585685999999999,2.0863518,0.6543089999999996,153.11513470199998,18.0,4.49311111,4.49311111,0.6875,9.833651245669653,33.5,221.757705704,20.0,88.948261346,12.927848335,34.0,127.8462239789101,66.26897622229141,34.0
1723,j,capitals,29,state,New Hampshire,Concord,Manchester,What is the capital of New Hampshire?,The capital of New Hampshire is,0.0449,0.115,2.561247216,False,critical,html-keyboard-response,75,145378,subject_10,67d993866d1d7516d87e97de,67f55669f837ba443d96a637,0.8740789947351859,1,right,-0.330981068591874,3.8924572,2.5146651,1.0,0.00224755864290748,-1.1561135,-10.1354995,2.64535425,0.8996589999999998,168.00271485000002,18.0,0.0,0.0,0.025,8.377304174979542,32.5,253.08660677999998,20.0,138.81277821999998,0.0,27.0,98.10982957505266,32.00701641793163,32.0
3454,f,capitals,6,country,New Zealand,Wellington,Auckland,What is the capital of New Zealand?,The capital of New Zealand is,0.428,1.711,3.997663551,False,critical,html-keyboard-response,77,149842,subject_10,67d993866d1d7516d87e97de,67f55669f837ba443d96a637,0.8740789947351859,0,left,4.21692776693382,4.244933850000001,2.3052439,1.0,0.008300041328006613,-1.7685506,-8.672815499999999,2.1210044999999997,0.577696500000001,145.06194,14.0,4.1641122,4.1641122,0.5,13.508204608971669,26.0,251.64753062350002,26.0,86.95005627649999,49.788739050000004,26.0,100.41858076823004,69.00830151646427,29.0
1855,j,capitals,40,state,Virginia,Richmond,Virginia Beach,What is the capital of Virginia?,The capital of Virginia is,0.231,0.45,1.948051948,False,critical,html-keyboard-response,79,152714,subject_10,67d993866d1d7516d87e97de,67f55669f837ba443d96a637,0.8740789947351859,1,right,0.0158265375833955,4.120711549999999,3.5882533,1.0,0.02312889812889813,-1.16916945,-6.914387700000001,2.59017605,0.19082209999999966,175.71893075000003,18.5,2.56121715,2.56121715,0.7,5.77276122250901,38.0,284.03714405,20.0,35.25386895,25.267003600000002,18.0,46.35421140072588,30.54006897158279,36.0
2218,j,capitals,2,country,Brazil,Brasilia,Rio de Janeiro,What is the capital of Brazil?,The capital of Brazil is,4.99,13.923,2.790180361,True,critical,html-keyboard-response,81,155938,subject_10,67d993866d1d7516d87e97de,67f55669f837ba443d96a637,0.8740789947351859,0,right,0.9695474545653868,2.0599417,0.8546364200000001,1.0,0.010916269887353384,-0.37423359,-9.777523500000001,3.12931296,0.3757585000000008,171.91224647,18.0,3.580388749999999,2.5741565,0.55,9.253846674396854,34.0,298.44019958,15.0,47.51553901999999,30.58541265,22.0,58.33967382007255,24.97507531677988,22.0
1635,j,capitals,38,state,Texas,Austin,Houston,What is the capital of Texas?,The capital of Texas is,0.989,2.324,2.349848332,True,critical,html-keyboard-response,83,158585,subject_10,67d993866d1d7516d87e97de,67f55669f837ba443d96a637,0.8740789947351859,0,right,-0.5621861393753871,2.7289062,3.68736335,1.0,0.08712121212121213,-0.506320885,-4.40157605,4.012876565,1.53352215,151.14799460999998,11.0,0.08562525000000054,0.08562525000000054,0.35,19.22278273641858,20.0,198.241569792,15.0,136.22196335799998,0.08562525000000054,10.5,81.3456051528303,15.975005422746095,35.0
1858,j,capitals,32,state,New York,Albany,New York,What is the capital of New York?,The capital of New York is,0.103,7.937,77.05825243,False,critical,html-keyboard-response,85,161450,subject_10,67d993866d1d7516d87e97de,67f55669f837ba443d96a637,0.8740789947351859,1,right,0.0237085286328334,2.31160665,4.8018915,1.0,0.07179487179487179,-0.40196120999999996,-4.7547025000000005,3.14106469,-1.30574515,164.00049312,18.0,4.1901697,3.862285,0.6875,15.47453789415244,25.5,229.375925891,15.0,53.021560058999995,59.8069269,27.0,75.81720478275057,45.627494070248844,27.0
1804,j,capitals,7,country,Pakistan,Islamabad,Karachi,What is the capital of Pakistan?,The capital of Pakistan is,1.3,18.1,13.92307692,False,critical,html-keyboard-response,87,164258,subject_10,67d993866d1d7516d87e97de,67f55669f837ba443d96a637,0.8740789947351859,1,right,-0.1181673102570495,3.8934075,2.6534792,1.0,0.0019266429313158284,-1.11515545,-10.314565,2.1734213999999996,-4.08459765,183.33887535,14.0,4.08459765,4.08459765,0.675,5.719409224572999,32.5,281.15069095,25.0,33.481899,38.1329444,25.0,81.74658055471438,60.49985834162654,25.0
1643,f,capitals,26,state,Montana,Helena,Billings,What is the capital of Montana?,The capital of Montana is,0.0359,0.123,3.426183844,False,critical,html-keyboard-response,89,166913,subject_10,67d993866d1d7516d87e97de,67f55669f837ba443d96a637,0.8740789947351859,0,left,-0.5411674965768859,4.00716885,2.3871716000000003,1.0,0.0004472704898291971,-1.22599375,-12.036882250000001,2.2819052,-1.00467525,175.57409865,18.0,2.4909772499999994,2.1745497500000006,0.5875,6.831399328645267,33.0,299.00474067,20.0,76.68242387999999,24.127286050000002,24.0,98.87916742139757,43.100083383269855,28.5
2767,f,capitals,26,state,Montana,Helena,Billings,What is the capital of Montana?,The capital of Montana is,0.0359,0.123,3.426183844,True,critical,html-keyboard-response,7,54729,subject_1,67d993866d1d7516d87e97de,67f55341b5d9f135e79aab13,0.5628683827477375,1,left,0.5863706153311302,4.00716885,2.3871716000000003,1.0,0.0004472704898291971,-1.22599375,-12.036882250000001,2.2819052,-1.00467525,175.57409865,18.0,2.4909772499999994,2.1745497500000006,0.5875,6.831399328645267,33.0,299.00474067,20.0,76.68242387999999,24.127286050000002,24.0,98.87916742139757,43.100083383269855,28.5
2057,f,capitals,21,state,Louisiana,Baton Rouge,New Orleans,What is the capital of Louisiana?,The capital of Louisiana is,0.215,0.351,1.63255814,True,critical,html-keyboard-response,9,57801,subject_1,67d993866d1d7516d87e97de,67f55341b5d9f135e79aab13,0.5628683827477375,1,left,-0.4533232691482548,2.79039935,2.0269129,1.0,0.0034954039671020805,-0.60054295,-9.8353815,2.3737587500000004,-2.482563500000001,172.31991220000003,18.0,5.1981744999999995,3.793621,0.6875,7.716095282905707,34.5,282.68865437,20.0,29.084738729999994,68.09929645,24.5,62.8804213583455,54.76974795931437,27.0
2154,j,capitals,6,country,New Zealand,Wellington,Auckland,What is the capital of New Zealand?,The capital of New Zealand is,0.428,1.711,3.997663551,True,critical,html-keyboard-response,11,60969,subject_1,67d993866d1d7516d87e97de,67f55341b5d9f135e79aab13,0.5628683827477375,0,right,-0.311280583522198,4.244933850000001,2.3052439,1.0,0.008300041328006613,-1.7685506,-8.672815499999999,2.1210044999999997,0.577696500000001,145.06194,14.0,4.1641122,4.1641122,0.5,13.508204608971669,26.0,251.64753062350002,26.0,86.95005627649999,49.788739050000004,26.0,100.41858076823004,69.00830151646427,29.0
1986,j,capitals,42,state,Wisconsin,Madison,Milwaukee,What is the capital of Wisconsin?,The capital of Wisconsin is,0.284,0.551,1.940140845,False,critical,html-keyboard-response,13,63969,subject_1,67d993866d1d7516d87e97de,67f55341b5d9f135e79aab13,0.5628683827477375,1,right,-0.5572926575961934,3.13448335,2.23414315,1.0,0.006828316610925306,-0.760507775,-9.046759,3.316440125,1.0081592500000003,161.19694813,16.0,0.0,0.0,0.025,8.781973336626725,35.0,233.021284015,20.0,104.89291063499999,0.0,33.0,87.39257794461776,27.410622132151936,33.0
3639,f,capitals,19,state,Kansas,Topeka,Wichita,What is the capital of Kansas?,The capital of Kansas is,0.125,0.395,3.16,True,critical,html-keyboard-response,15,68626,subject_1,67d993866d1d7516d87e97de,67f55341b5d9f135e79aab13,0.5628683827477375,1,left,1.863290428381868,3.69316615,2.64080265,1.0,0.010417797069994574,-1.07303922,-8.168856,1.73419138,-0.5498905999999999,162.288778245,35.0,2.9706022499999998,1.7607325999999994,0.5625,10.046628532789011,33.0,233.6914373035,18.0,65.7761040965,17.125884900000003,35.0,90.36345231361148,54.06264558247349,35.0
2463,j,capitals,4,country,India,New Delhi,Mumbai,What is the capital of India?,The capital of India is,0.206,22.1,107.2815534,False,critical,html-keyboard-response,17,72098,subject_1,67d993866d1d7516d87e97de,67f55341b5d9f135e79aab13,0.5628683827477375,1,right,0.1412059098639005,3.3890189,1.4282650000000001,1.0,0.06971153846153846,-1.1690336,-6.6849964,4.1036254,2.7211151000000005,151.45156923500002,14.0,2.3097963499999996,1.1339184999999992,0.425,9.901198823968304,30.0,227.81903473,16.0,94.28140192000001,13.430843800000002,8.0,81.85221999731655,37.65522312456052,32.0
2035,f,capitals,34,state,North Dakota,Bismarck,Fargo,What is the capital of North Dakota?,The capital of North Dakota is,0.076,0.138,1.815789474,True,critical,html-keyboard-response,19,75138,subject_1,67d993866d1d7516d87e97de,67f55341b5d9f135e79aab13,0.5628683827477375,1,left,-0.485539135991278,3.1886295000000002,1.6228072999999998,1.0,0.04464285714285714,-0.8373848349999999,-6.98899085,3.346709315,2.0134886500000007,158.9716758025,18.0,1.0428039999999998,1.0428039999999998,0.425,10.24716289924514,32.5,181.48586626009998,20.0,91.95245258989999,1.3760648999999998,25.0,78.67897042291708,25.245962637347155,34.5
3256,j,capitals,12,state,Alabama,Montgomery,Birmingham,What is the capital of Alabama?,The capital of Alabama is,0.192,0.194,1.010416667,True,critical,html-keyboard-response,21,79402,subject_1,67d993866d1d7516d87e97de,67f55341b5d9f135e79aab13,0.5628683827477375,0,right,1.3024414737965095,3.1154528,2.2013875499999997,1.0,0.003584966270478638,-0.7024276,-9.767927,3.1901363,-1.4417109999999997,171.89705985,16.0,5.234766799999999,5.234766799999999,0.725,8.879740567094881,31.0,283.66813919000003,20.0,35.182526159999995,72.3701839,11.0,72.1080126268425,56.93717089653546,31.0
1771,j,capitals,9,country,Switzerland,Bern,Zurich,What is the capital of Switzerland?,The capital of Switzerland is,0.448,1.455,3.247767857,False,critical,html-keyboard-response,23,82186,subject_1,67d993866d1d7516d87e97de,67f55341b5d9f135e79aab13,0.5628683827477375,1,right,-0.8721295381075564,4.1456575,2.41449345,0.5,0.0021505425701852632,-1.92965085,-10.040487,1.9507065,-3.461702700000001,159.68889725000002,14.0,4.6987805499999995,4.6987805499999995,0.725,3.5004306147470485,37.0,294.98176505000004,16.0,73.5494113,34.15059715,1.0,73.47320395691726,42.42957016076099,37.0
2574,j,capitals,38,state,Texas,Austin,Houston,What is the capital of Texas?,The capital of Texas is,0.989,2.324,2.349848332,False,critical,html-keyboard-response,25,85762,subject_1,67d993866d1d7516d87e97de,67f55341b5d9f135e79aab13,0.5628683827477375,1,right,0.3037496016627903,2.7289062,3.68736335,1.0,0.08712121212121213,-0.506320885,-4.40157605,4.012876565,1.53352215,151.14799460999998,11.0,0.08562525000000054,0.08562525000000054,0.35,19.22278273641858,20.0,198.241569792,15.0,136.22196335799998,0.08562525000000054,10.5,81.3456051528303,15.975005422746095,35.0
2370,f,capitals,39,state,Vermont,Montpelier,Burlington,What is the capital of Vermont?,The capital of Vermont is,0.0079,0.0444,5.620253165,False,critical,html-keyboard-response,27,89137,subject_1,67d993866d1d7516d87e97de,67f55341b5d9f135e79aab13,0.5628683827477375,0,left,0.0050206545729388,2.8268120999999997,0.75283587,1.0,0.0034998085574806164,-0.637835275,-11.6183655,2.518385875,0.32600349999999967,158.75225502,18.0,2.6147142499999996,2.5662552499999993,0.44999999999999996,6.6844704108256,35.0,288.368095275,20.0,52.797800275,17.347483000000004,23.0,87.53368163162845,59.445257727624245,23.0
3580,j,capitals,29,state,New Hampshire,Concord,Manchester,What is the capital of New Hampshire?,The capital of New Hampshire is,0.0449,0.115,2.561247216,True,critical,html-keyboard-response,29,93721,subject_1,67d993866d1d7516d87e97de,67f55341b5d9f135e79aab13,0.5628683827477375,0,right,1.776893330939215,3.8924572,2.5146651,1.0,0.00224755864290748,-1.1561135,-10.1354995,2.64535425,0.8996589999999998,168.00271485000002,18.0,0.0,0.0,0.025,8.377304174979542,32.5,253.08660677999998,20.0,138.81277821999998,0.0,27.0,98.10982957505266,32.00701641793163,32.0
4154,j,capitals,28,state,Nevada,Carson City,Las Vegas,What is the capital of Nevada?,The capital of Nevada is,0.0576,0.67,11.63194444,False,critical,html-keyboard-response,31,98953,subject_1,67d993866d1d7516d87e97de,67f55341b5d9f135e79aab13,0.5628683827477375,1,right,2.6174345840253657,3.21408655,2.2825403,1.0,0.009556159420289855,-0.7483732750000001,-8.5907935,3.2634109749999998,0.3897780000000006,154.31583923,24.0,0.6128969999999994,0.6128969999999994,0.46249999999999997,13.888110548784098,22.0,212.93093655299998,21.0,129.96025854700002,1.2335965999999998,27.5,151.10212968210539,49.69601040539513,33.0
1900,j,capitals,14,state,California,Sacramento,Los Angeles,What is the capital of California?,The capital of California is,0.527,3.8,7.210626186,False,critical,html-keyboard-response,33,101857,subject_1,67d993866d1d7516d87e97de,67f55341b5d9f135e79aab13,0.5628683827477375,1,right,-0.6832274098007386,2.8312225,3.369704,1.0,0.1,-0.63638328,-4.58591525,4.79400397,-0.5027754,142.854805135,14.5,5.676533999999999,5.419304,0.5875,18.10634188869909,22.0,220.35396464500002,17.5,113.277399355,50.27004185000001,25.5,97.10799675216575,25.585019619395112,25.0
2005,j,capitals,35,state,Oregon,Salem,Portland,What is the capital of Oregon?,The capital of Oregon is,0.178,0.615,3.45505618,False,critical,html-keyboard-response,35,104873,subject_1,67d993866d1d7516d87e97de,67f55341b5d9f135e79aab13,0.5628683827477375,1,right,-0.5294698635044915,3.87003685,0.9559546750000001,1.0,0.02684931506849315,-1.33495845,-8.585685999999999,2.0863518,0.6543089999999996,153.11513470199998,18.0,4.49311111,4.49311111,0.6875,9.833651245669653,33.5,221.757705704,20.0,88.948261346,12.927848335,34.0,127.8462239789101,66.26897622229141,34.0
3002,f,capitals,13,state,Alaska,Juneau,Anchorage,What is the capital of Alaska?,The capital of Alaska is,0.0311,0.283,9.099678457,True,critical,html-keyboard-response,37,108881,subject_1,67d993866d1d7516d87e97de,67f55341b5d9f135e79aab13,0.5628683827477375,1,left,0.930494647517969,4.0331867,1.032167785,1.0,0.0012974288388852195,-1.38228545,-12.390654,1.9327201,-2.1549560000000003,158.058188835,18.0,4.9375237,4.9375237,0.9624999999999999,2.4642328656242176,37.0,348.27460882,33.0,8.84634368,72.57630929999998,37.0,50.961827169017766,61.5026154449013,37.0
3374,f,capitals,20,state,Kentucky,Frankfort,Louisville,What is the capital of Kentucky?,The capital of Kentucky is,0.0281,0.617,21.95729537,True,critical,html-keyboard-response,39,113265,subject_1,67d993866d1d7516d87e97de,67f55341b5d9f135e79aab13,0.5628683827477375,1,left,1.4752356686818158,3.0547366,2.2666612,1.0,0.000659358843533807,-0.74241135,-11.6135325,2.1753297,-0.9483945,176.88001325,18.0,5.5287013,4.96804475,0.75,4.405366338069108,37.0,336.0411206,26.0,22.964224,60.86410575,26.0,72.27622371274914,51.10917786191476,26.0
2777,f,capitals,18,state,Illinois,Springfield,Chicago,What is the capital of Illinois?,The capital of Illinois is,0.111,2.612,23.53153153,True,critical,html-keyboard-response,41,117058,subject_1,67d993866d1d7516d87e97de,67f55341b5d9f135e79aab13,0.5628683827477375,1,left,0.6010141911688681,3.7229846,2.02082935,1.0,0.0037192282102461744,-1.0637694,-9.972052999999999,1.8728581000000002,-5.79218335,170.65176035000002,18.0,8.6360925,8.6360925,0.675,5.610516716755836,37.0,311.23248041500005,22.5,49.248491285,81.37087019,25.0,83.27137832278736,56.50312887381918,25.0
2359,f,capitals,30,state,New Jersey,Trenton,Newark,What is the capital of New Jersey?,The capital of New Jersey is,0.0898,0.306,3.407572383,False,critical,html-keyboard-response,43,120432,subject_1,67d993866d1d7516d87e97de,67f55341b5d9f135e79aab13,0.5628683827477375,0,left,-0.0110872788485727,3.3090056,1.82140345,1.0,0.0016363743403658628,-0.84072134,-10.924448,3.76701416,-4.2521546,156.04382572,18.0,6.901956650000001,6.901956650000001,0.725,8.925782555854742,34.5,273.68847277500004,22.0,47.345132775,80.49773385,24.5,88.88474869929352,60.16044669384837,28.5
1356,f,capitals,32,state,New York,Albany,New York,What is the capital of New York?,The capital of New York is,0.103,7.937,77.05825243,True,critical,html-keyboard-response,45,122801,subject_1,67d993866d1d7516d87e97de,67f55341b5d9f135e79aab13,0.5628683827477375,1,left,-1.479837935373676,2.31160665,4.8018915,1.0,0.07179487179487179,-0.40196120999999996,-4.7547025000000005,3.14106469,-1.30574515,164.00049312,18.0,4.1901697,3.862285,0.6875,15.47453789415244,25.5,229.375925891,15.0,53.021560058999995,59.8069269,27.0,75.81720478275057,45.627494070248844,27.0
1436,j,capitals,24,state,Michigan,Lansing,Detroit,What is the capital of Michigan?,The capital of Michigan is,0.112,0.63,5.625,False,critical,html-keyboard-response,47,125242,subject_1,67d993866d1d7516d87e97de,67f55341b5d9f135e79aab13,0.5628683827477375,1,right,-1.3626893286717734,3.1715925,0.8199855199999999,1.0,0.020092460881934567,-0.8804468999999999,-8.9095815,2.08088635,-0.3318779999999997,162.992733545,18.0,2.8472903499999997,2.8472903499999997,0.7,7.4411319048798905,35.5,223.482275455,20.0,122.07790124499999,9.68996645,35.0,132.35050610599825,75.15181857684905,35.0
2241,j,capitals,33,state,North Carolina,Raleigh,Charlotte,What is the capital of North Carolina?,The capital of North Carolina is,0.494,0.935,1.892712551,False,critical,html-keyboard-response,49,128490,subject_1,67d993866d1d7516d87e97de,67f55341b5d9f135e79aab13,0.5628683827477375,1,right,-0.1838814737338789,3.9989741,1.4837299000000002,1.0,0.017565485362095533,-1.2707921500000001,-8.2403645,2.6944252,2.3565879999999995,167.86508935,18.0,1.4855458000000001,1.4855458000000001,0.7124999999999999,8.574116496188747,32.5,209.911716892,20.0,142.86702770799997,5.01324945,7.0,125.69617107504936,62.09856014494803,35.0
1420,j,capitals,36,state,Pennsylvania,Harrisburg,Philadelphia,What is the capital of Pennsylvania?,The capital of Pennsylvania is,0.05,1.517,30.34,False,critical,html-keyboard-response,51,130914,subject_1,67d993866d1d7516d87e97de,67f55341b5d9f135e79aab13,0.5628683827477375,1,right,-1.386119050012154,3.80286055,1.2945525999999998,1.0,0.005201455329470422,-0.971369375,-10.090643,2.9000446250000005,-0.7811735000000004,169.40291199,18.0,4.7394538,4.5681133,0.6625000000000001,12.812658898193753,26.5,280.7955821475,22.5,70.13658115249999,36.52358815000001,24.0,104.5548823855986,47.04693462155399,24.0
3624,j,capitals,11,country,United Arab Emirates,Abu Dhabi,Dubai,What is the capital of the United Arab Emirates?,The capital of the United Arab Emirates is,1.6,3.1,1.9375,False,critical,html-keyboard-response,53,135545,subject_1,67d993866d1d7516d87e97de,67f55341b5d9f135e79aab13,0.5628683827477375,1,right,1.8413250646252612,3.6339115499999997,2.33935815,1.0,0.00522367703218767,-1.0856354000000001,-9.346349,2.50591525,-0.6000735000000006,159.839143965,14.0,3.36275555,3.36275555,0.65,9.84413945872573,31.0,260.0233028075,0.0,72.79101454250001,22.182172549999997,33.0,96.97781470445022,51.8589082146157,33.0
1526,f,capitals,41,state,Washington,Olympia,Seattle,What is the capital of Washington?,The capital of Washington is,0.0558,0.765,13.70967742,True,critical,html-keyboard-response,55,138074,subject_1,67d993866d1d7516d87e97de,67f55341b5d9f135e79aab13,0.5628683827477375,1,left,-1.230897146132133,2.4590736499999997,3.76935035,1.0,0.018367961457392352,-0.44257853999999996,-7.3950467,3.85359726,-2.2241997000000007,144.06035742999998,23.0,4.896856099999999,4.896856099999999,0.6625000000000001,14.217480554285576,25.5,250.7986976015,25.0,103.96332209849999,33.6275834,16.0,99.67318648330391,49.08176857829807,25.0
1885,f,capitals,31,state,New Mexico,Santa Fe,Albuquerque,What is the capital of New Mexico?,The capital of New Mexico is,0.0901,0.557,6.182019978,True,critical,html-keyboard-response,57,140969,subject_1,67d993866d1d7516d87e97de,67f55341b5d9f135e79aab13,0.5628683827477375,1,left,-0.7051927735573453,3.0991414500000003,1.3244324,1.0,0.014238667183262301,-0.69803795,-9.098272999999999,2.46943,0.3069240000000004,166.6062263,18.0,5.093978,3.5249351500000006,0.525,8.033448780088444,31.0,260.480373305,20.0,49.826687745000015,48.39635365000001,19.0,84.180459503387,57.783921029115376,24.0
1881,f,capitals,22,state,Maine,Augusta,Portland,What is the capital of Maine?,The capital of Maine is,0.0192,0.0695,3.619791667,True,critical,html-keyboard-response,59,143866,subject_1,67d993866d1d7516d87e97de,67f55341b5d9f135e79aab13,0.5628683827477375,1,left,-0.7110502038924404,3.7875023,2.4801948,1.0,0.0016831873627990133,-1.0323926499999998,-10.4254775,2.0421341999999996,-1.8715164999999994,169.20454695,18.0,5.94090445,5.94090445,0.95,2.583690266418973,37.0,311.71045002,37.0,44.16688318,51.44942174999999,21.0,71.44560616098389,59.91154959685878,37.0
2337,f,capitals,7,country,Pakistan,Islamabad,Karachi,What is the capital of Pakistan?,The capital of Pakistan is,1.3,18.1,13.92307692,False,critical,html-keyboard-response,61,147218,subject_1,67d993866d1d7516d87e97de,67f55341b5d9f135e79aab13,0.5628683827477375,0,left,-0.0433031456915959,3.8934075,2.6534792,1.0,0.0019266429313158284,-1.11515545,-10.314565,2.1734213999999996,-4.08459765,183.33887535,14.0,4.08459765,4.08459765,0.675,5.719409224572999,32.5,281.15069095,25.0,33.481899,38.1329444,25.0,81.74658055471438,60.49985834162654,25.0
1645,j,capitals,3,country,Canada,Ottawa,Toronto,What is the capital of Canada?,The capital of Canada is,1.465,6.491,4.430716724,False,critical,html-keyboard-response,63,149873,subject_1,67d993866d1d7516d87e97de,67f55341b5d9f135e79aab13,0.5628683827477375,1,right,-1.056638593663053,3.41186485,1.57882065,1.0,0.09166666666666667,-0.8216695,-5.87537415,3.39860975,-1.0815602000000002,151.21389025500002,16.0,1.62056305,1.62056305,0.55,18.015003869553816,21.0,209.80200216699998,15.0,104.683861683,9.282030650000001,24.5,78.4247090436364,17.054693758663674,27.0
2249,f,capitals,25,state,Minnesota,St. Paul,Minneapolis,What is the capital of Minnesota?,The capital of Minnesota is,0.299,0.421,1.408026756,True,critical,html-keyboard-response,65,153129,subject_1,67d993866d1d7516d87e97de,67f55341b5d9f135e79aab13,0.5628683827477375,1,left,-0.1721666130636887,3.58195065,1.6521141,1.0,0.017392619479733817,-1.4853812,-8.023998,2.1170464,1.1057884999999996,150.791991795,18.0,6.11360015,6.11360015,0.875,3.3354361793014986,36.5,291.73495485,35.0,30.489669350000007,37.57722344999999,35.0,64.16242236428235,64.57921294960164,35.0
3286,j,capitals,16,state,Delaware,Dover,Wilmington,What is the capital of Delaware?,The capital of Delaware is,0.0403,0.0722,1.791563275,True,critical,html-keyboard-response,67,157426,subject_1,67d993866d1d7516d87e97de,67f55341b5d9f135e79aab13,0.5628683827477375,0,right,1.346372201309723,4.2341493,0.72218523,1.0,0.012666345999679333,-1.74989815,-9.680467,0.94623425,3.385187,168.90373542999998,18.0,0.0,0.0,0.025,6.774399509720723,34.0,229.367487715,20.0,115.99101648500002,0.0,34.5,110.70916324533087,58.08677270925415,34.5
2984,j,capitals,10,country,Turkey,Ankara,Istanbul,What is the capital of Turkey?,The capital of Turkey is,5.55,16.24,2.926126126,False,critical,html-keyboard-response,69,161425,subject_1,67d993866d1d7516d87e97de,67f55341b5d9f135e79aab13,0.5628683827477375,1,right,0.9041362110100408,3.7206935999999997,3.6190253,1.0,0.0140625,-1.049432,-7.22749025,1.77928585,-1.0519376499999997,181.67489892999998,14.0,3.36303155,3.36303155,0.7875000000000001,7.10805059345744,34.0,232.28671097749998,0.0,68.73258667249999,23.91809185,34.0,109.98791459488866,68.21821684179301,34.0
2798,f,capitals,2,country,Brazil,Brasilia,Rio de Janeiro,What is the capital of Brazil?,The capital of Brazil is,4.99,13.923,2.790180361,True,critical,html-keyboard-response,71,165233,subject_1,67d993866d1d7516d87e97de,67f55341b5d9f135e79aab13,0.5628683827477375,1,left,0.6317657004281175,2.0599417,0.8546364200000001,1.0,0.010916269887353384,-0.37423359,-9.777523500000001,3.12931296,0.3757585000000008,171.91224647,18.0,3.580388749999999,2.5741565,0.55,9.253846674396854,34.0,298.44019958,15.0,47.51553901999999,30.58541265,22.0,58.33967382007255,24.97507531677988,22.0
2196,j,capitals,5,country,Morrocco,Rabat,Marrakesh,What is the capital of Morrocco?,The capital of Morrocco is,2.02,1.085,0.5371287129,True,critical,html-keyboard-response,73,168441,subject_1,67d993866d1d7516d87e97de,67f55341b5d9f135e79aab13,0.5628683827477375,0,right,-0.2497775650036991,4.06911815,3.926867,1.0,0.001930509063232023,-1.06717185,-9.534113999999999,2.73666185,-0.551412,192.02520429999998,22.5,5.353308500000001,3.0599705000000004,0.6125,7.031879522295083,33.0,303.121009725,22.5,42.028869125,59.422086599999986,14.5,71.26685811006843,54.04151717765417,23.0
2272,f,capitals,40,state,Virginia,Richmond,Virginia Beach,What is the capital of Virginia?,The capital of Virginia is,0.231,0.45,1.948051948,True,critical,html-keyboard-response,75,171721,subject_1,67d993866d1d7516d87e97de,67f55341b5d9f135e79aab13,0.5628683827477375,1,left,-0.1384863886368917,4.120711549999999,3.5882533,1.0,0.02312889812889813,-1.16916945,-6.914387700000001,2.59017605,0.19082209999999966,175.71893075000003,18.5,2.56121715,2.56121715,0.7,5.77276122250901,38.0,284.03714405,20.0,35.25386895,25.267003600000002,18.0,46.35421140072588,30.54006897158279,36.0
2132,j,capitals,15,state,Connecticut,Hartford,Bridgeport,What is the capital of Connecticut?,The capital of Connecticut is,0.119,0.148,1.243697479,True,critical,html-keyboard-response,77,174865,subject_1,67d993866d1d7516d87e97de,67f55341b5d9f135e79aab13,0.5628683827477375,0,right,-0.3434964503652212,4.152413,2.4941535000000004,1.0,0.012903762903762904,-1.2379590999999999,-8.185617,4.8248759,4.25825,176.1870492,16.0,0.7039874999999993,0.7039874999999993,0.3,12.984765384964998,24.0,278.35317808,20.0,187.17906882,0.754308,10.5,97.3336617897597,26.70347104409089,31.0
1969,j,capitals,1,country,Australia,Canberra,Sydney,What is the capital of Australia?,The capital of Australia is,0.483,5.249,10.86749482,False,critical,html-keyboard-response,79,177842,subject_1,67d993866d1d7516d87e97de,67f55341b5d9f135e79aab13,0.5628683827477375,1,right,-0.5821867365203477,2.91766655,1.443579,1.0,0.013910060975609756,-0.732931825,-9.718684,2.424576675,-3.10026675,135.81862900000002,16.0,4.71659925,4.71659925,0.7,13.549338958870404,26.5,205.0319132245,16.0,133.7638296255,27.787327949999998,27.0,115.01755520776328,61.294825054348195,27.0
2037,j,capitals,17,state,Florida,Tallahassee,Jacksonville,What is the capital of Florida?,The capital of Florida is,0.205,1.008,4.917073171,False,critical,html-keyboard-response,81,180890,subject_1,67d993866d1d7516d87e97de,67f55341b5d9f135e79aab13,0.5628683827477375,1,right,-0.4826104208237304,3.563912,2.6319027999999998,1.0,0.008519591611479029,-0.95531795,-8.4452955,4.38171585,1.3466129999999996,162.1489442425,23.5,1.2571029,1.2571029,0.48750000000000004,9.093065063976583,33.0,222.1497324065,20.0,145.26711409350003,2.21744865,24.0,154.13877107879688,46.03097986487076,33.0
1873,j,capitals,27,state,Nebraska,Lincoln,Omaha,What is the capital of Nebraska?,The capital of Nebraska is,0.297,0.477,1.606060606,False,critical,html-keyboard-response,83,183770,subject_1,67d993866d1d7516d87e97de,67f55341b5d9f135e79aab13,0.5628683827477375,1,right,-0.7227650645626307,3.40945435,2.88149385,1.0,0.002427404976322155,-0.90226395,-9.880027,1.9579811500000002,-0.6194575000000002,166.84559195,14.0,6.48387735,5.795127749999999,0.9875,3.0583791478084397,38.0,334.6421603,20.0,16.19795,78.670469,18.0,81.67707104491953,87.8184827648541,24.0
1733,f,capitals,37,state,South Dakota,Pierre,Sioux Falls,What is the capital of South Dakota?,The capital of South Dakota is,0.0138,0.215,15.57971014,True,critical,html-keyboard-response,85,186506,subject_1,67d993866d1d7516d87e97de,67f55341b5d9f135e79aab13,0.5628683827477375,1,left,-0.9277751262909602,3.88962435,1.9988037,1.0,0.006089036055923473,-1.041340035,-9.381435,2.440622765,3.5832957499999987,176.86631975,18.0,2.7437485000000006,2.3335944999999993,0.45,6.963136166388008,32.0,279.15120511,20.0,98.78975829,20.867091999999992,16.0,89.17083306707906,49.97454210007436,26.0
1627,j,capitals,23,state,Maryland,Annapolis,Baltimore,What is the capital of Maryland?,The capital of Maryland is,0.0403,0.553,13.72208437,False,critical,html-keyboard-response,87,189138,subject_1,67d993866d1d7516d87e97de,67f55341b5d9f135e79aab13,0.5628683827477375,1,right,-1.082997030170981,3.6610867999999996,1.99519565,1.0,0.007435328135488201,-1.006010815,-9.066941499999999,2.3947849850000003,-2.0526531999999995,171.39884055,18.0,5.272523,5.272523,0.7124999999999999,8.627807633730525,31.0,269.905489795,21.0,82.80523015499999,30.549259500000005,17.5,88.24512507064568,61.977535890917494,35.0
2666,f,capitals,8,country,South Africa,Pretoria,Johannesburg,What is the capital of South Africa?,The capital of South Africa is,3.0,6.4,2.133333333,False,critical,html-keyboard-response,89,192818,subject_1,67d993866d1d7516d87e97de,67f55341b5d9f135e79aab13,0.5628683827477375,0,left,0.4384704993699783,4.3614197,2.7407284,1.0,0.005607622617931896,-2.11893455,-8.995401000000001,2.2255171,-0.9749508000000002,168.89477075,14.0,4.743248,4.743248,0.8125,6.902744233458726,33.0,261.79318212500004,33.0,107.26548872500001,40.14546490000001,33.0,126.64268622248599,90.68654232034928,33.5
2458,f,capitals,37,state,South Dakota,Pierre,Sioux Falls,What is the capital of South Dakota?,The capital of South Dakota is,0.0138,0.215,15.57971014,True,critical,html-keyboard-response,7,77788,subject_29,67d993866d1d7516d87e97de,67f55007091bbde6621adf14,0.1861289460922268,1,left,0.115305621798477,3.88962435,1.9988037,1.0,0.006089036055923473,-1.041340035,-9.381435,2.440622765,3.5832957499999987,176.86631975,18.0,2.7437485000000006,2.3335944999999993,0.45,6.963136166388008,32.0,279.15120511,20.0,98.78975829,20.867091999999992,16.0,89.17083306707906,49.97454210007436,26.0
1663,j,capitals,39,state,Vermont,Montpelier,Burlington,What is the capital of Vermont?,The capital of Vermont is,0.0079,0.0444,5.620253165,False,critical,html-keyboard-response,9,80467,subject_29,67d993866d1d7516d87e97de,67f55007091bbde6621adf14,0.1861289460922268,1,right,-0.6877929830932925,2.8268120999999997,0.75283587,1.0,0.0034998085574806164,-0.637835275,-11.6183655,2.518385875,0.32600349999999967,158.75225502,18.0,2.6147142499999996,2.5662552499999993,0.44999999999999996,6.6844704108256,35.0,288.368095275,20.0,52.797800275,17.347483000000004,23.0,87.53368163162845,59.445257727624245,23.0
1794,f,capitals,42,state,Wisconsin,Madison,Milwaukee,What is the capital of Wisconsin?,The capital of Wisconsin is,0.284,0.551,1.940140845,True,critical,html-keyboard-response,11,83265,subject_29,67d993866d1d7516d87e97de,67f55007091bbde6621adf14,0.1861289460922268,1,left,-0.5554584959979192,3.13448335,2.23414315,1.0,0.006828316610925306,-0.760507775,-9.046759,3.316440125,1.0081592500000003,161.19694813,16.0,0.0,0.0,0.025,8.781973336626725,35.0,233.021284015,20.0,104.89291063499999,0.0,33.0,87.39257794461776,27.410622132151936,33.0
2342,j,capitals,7,country,Pakistan,Islamabad,Karachi,What is the capital of Pakistan?,The capital of Pakistan is,1.3,18.1,13.92307692,False,critical,html-keyboard-response,13,86625,subject_29,67d993866d1d7516d87e97de,67f55007091bbde6621adf14,0.1861289460922268,1,right,-0.0018760614310138,3.8934075,2.6534792,1.0,0.0019266429313158284,-1.11515545,-10.314565,2.1734213999999996,-4.08459765,183.33887535,14.0,4.08459765,4.08459765,0.675,5.719409224572999,32.5,281.15069095,25.0,33.481899,38.1329444,25.0,81.74658055471438,60.49985834162654,25.0
2048,j,capitals,8,country,South Africa,Pretoria,Johannesburg,What is the capital of South Africa?,The capital of South Africa is,3.0,6.4,2.133333333,False,critical,html-keyboard-response,15,89681,subject_29,67d993866d1d7516d87e97de,67f55007091bbde6621adf14,0.1861289460922268,1,right,-0.2988710172023097,4.3614197,2.7407284,1.0,0.005607622617931896,-2.11893455,-8.995401000000001,2.2255171,-0.9749508000000002,168.89477075,14.0,4.743248,4.743248,0.8125,6.902744233458726,33.0,261.79318212500004,33.0,107.26548872500001,40.14546490000001,33.0,126.64268622248599,90.68654232034928,33.5
2928,j,capitals,25,state,Minnesota,St. Paul,Minneapolis,What is the capital of Minnesota?,The capital of Minnesota is,0.299,0.421,1.408026756,True,critical,html-keyboard-response,17,93624,subject_29,67d993866d1d7516d87e97de,67f55007091bbde6621adf14,0.1861289460922268,0,right,0.5900934762627937,3.58195065,1.6521141,1.0,0.017392619479733817,-1.4853812,-8.023998,2.1170464,1.1057884999999996,150.791991795,18.0,6.11360015,6.11360015,0.875,3.3354361793014986,36.5,291.73495485,35.0,30.489669350000007,37.57722344999999,35.0,64.16242236428235,64.57921294960164,35.0
2323,f,capitals,20,state,Kentucky,Frankfort,Louisville,What is the capital of Kentucky?,The capital of Kentucky is,0.0281,0.617,21.95729537,True,critical,html-keyboard-response,19,96954,subject_29,67d993866d1d7516d87e97de,67f55007091bbde6621adf14,0.1861289460922268,1,left,-0.0210696129944649,3.0547366,2.2666612,1.0,0.000659358843533807,-0.74241135,-11.6135325,2.1753297,-0.9483945,176.88001325,18.0,5.5287013,4.96804475,0.75,4.405366338069108,37.0,336.0411206,26.0,22.964224,60.86410575,26.0,72.27622371274914,51.10917786191476,26.0
5303,j,capitals,26,state,Montana,Helena,Billings,What is the capital of Montana?,The capital of Montana is,0.0359,0.123,3.426183844,False,critical,html-keyboard-response,21,103262,subject_29,67d993866d1d7516d87e97de,67f55007091bbde6621adf14,0.1861289460922268,1,right,2.989287421694181,4.00716885,2.3871716000000003,1.0,0.0004472704898291971,-1.22599375,-12.036882250000001,2.2819052,-1.00467525,175.57409865,18.0,2.4909772499999994,2.1745497500000006,0.5875,6.831399328645267,33.0,299.00474067,20.0,76.68242387999999,24.127286050000002,24.0,98.87916742139757,43.100083383269855,28.5
2909,j,capitals,19,state,Kansas,Topeka,Wichita,What is the capital of Kansas?,The capital of Kansas is,0.125,0.395,3.16,False,critical,html-keyboard-response,23,107186,subject_29,67d993866d1d7516d87e97de,67f55007091bbde6621adf14,0.1861289460922268,1,right,0.5708999246993426,3.69316615,2.64080265,1.0,0.010417797069994574,-1.07303922,-8.168856,1.73419138,-0.5498905999999999,162.288778245,35.0,2.9706022499999998,1.7607325999999994,0.5625,10.046628532789011,33.0,233.6914373035,18.0,65.7761040965,17.125884900000003,35.0,90.36345231361148,54.06264558247349,35.0
1737,f,capitals,21,state,Louisiana,Baton Rouge,New Orleans,What is the capital of Louisiana?,The capital of Louisiana is,0.215,0.351,1.63255814,True,critical,html-keyboard-response,25,109929,subject_29,67d993866d1d7516d87e97de,67f55007091bbde6621adf14,0.1861289460922268,1,left,-0.6130391506882724,2.79039935,2.0269129,1.0,0.0034954039671020805,-0.60054295,-9.8353815,2.3737587500000004,-2.482563500000001,172.31991220000003,18.0,5.1981744999999995,3.793621,0.6875,7.716095282905707,34.5,282.68865437,20.0,29.084738729999994,68.09929645,24.5,62.8804213583455,54.76974795931437,27.0
2180,f,capitals,3,country,Canada,Ottawa,Toronto,What is the capital of Canada?,The capital of Canada is,1.465,6.491,4.430716724,False,critical,html-keyboard-response,27,113124,subject_29,67d993866d1d7516d87e97de,67f55007091bbde6621adf14,0.1861289460922268,0,left,-0.1655263431825442,3.41186485,1.57882065,1.0,0.09166666666666667,-0.8216695,-5.87537415,3.39860975,-1.0815602000000002,151.21389025500002,16.0,1.62056305,1.62056305,0.55,18.015003869553816,21.0,209.80200216699998,15.0,104.683861683,9.282030650000001,24.5,78.4247090436364,17.054693758663674,27.0
2276,j,capitals,31,state,New Mexico,Santa Fe,Albuquerque,What is the capital of New Mexico?,The capital of New Mexico is,0.0901,0.557,6.182019978,False,critical,html-keyboard-response,29,116403,subject_29,67d993866d1d7516d87e97de,67f55007091bbde6621adf14,0.1861289460922268,1,right,-0.0685483984408965,3.0991414500000003,1.3244324,1.0,0.014238667183262301,-0.69803795,-9.098272999999999,2.46943,0.3069240000000004,166.6062263,18.0,5.093978,3.5249351500000006,0.525,8.033448780088444,31.0,260.480373305,20.0,49.826687745000015,48.39635365000001,19.0,84.180459503387,57.783921029115376,24.0
1797,f,capitals,35,state,Oregon,Salem,Portland,What is the capital of Oregon?,The capital of Oregon is,0.178,0.615,3.45505618,True,critical,html-keyboard-response,31,119216,subject_29,67d993866d1d7516d87e97de,67f55007091bbde6621adf14,0.1861289460922268,1,left,-0.5524279352247426,3.87003685,0.9559546750000001,1.0,0.02684931506849315,-1.33495845,-8.585685999999999,2.0863518,0.6543089999999996,153.11513470199998,18.0,4.49311111,4.49311111,0.6875,9.833651245669653,33.5,221.757705704,20.0,88.948261346,12.927848335,34.0,127.8462239789101,66.26897622229141,34.0
1511,j,capitals,28,state,Nevada,Carson City,Las Vegas,What is the capital of Nevada?,The capital of Nevada is,0.0576,0.67,11.63194444,False,critical,html-keyboard-response,33,121730,subject_29,67d993866d1d7516d87e97de,67f55007091bbde6621adf14,0.1861289460922268,1,right,-0.8413413956009013,3.21408655,2.2825403,1.0,0.009556159420289855,-0.7483732750000001,-8.5907935,3.2634109749999998,0.3897780000000006,154.31583923,24.0,0.6128969999999994,0.6128969999999994,0.46249999999999997,13.888110548784098,22.0,212.93093655299998,21.0,129.96025854700002,1.2335965999999998,27.5,151.10212968210539,49.69601040539513,33.0
2137,f,capitals,5,country,Morrocco,Rabat,Marrakesh,What is the capital of Morrocco?,The capital of Morrocco is,2.02,1.085,0.5371287129,True,critical,html-keyboard-response,35,124881,subject_29,67d993866d1d7516d87e97de,67f55007091bbde6621adf14,0.1861289460922268,1,left,-0.2089643809314072,4.06911815,3.926867,1.0,0.001930509063232023,-1.06717185,-9.534113999999999,2.73666185,-0.551412,192.02520429999998,22.5,5.353308500000001,3.0599705000000004,0.6125,7.031879522295083,33.0,303.121009725,22.5,42.028869125,59.422086599999986,14.5,71.26685811006843,54.04151717765417,23.0
4307,f,capitals,9,country,Switzerland,Bern,Zurich,What is the capital of Switzerland?,The capital of Switzerland is,0.448,1.455,3.247767857,True,critical,html-keyboard-response,37,130201,subject_29,67d993866d1d7516d87e97de,67f55007091bbde6621adf14,0.1861289460922268,1,left,1.9831412449995864,4.1456575,2.41449345,0.5,0.0021505425701852632,-1.92965085,-10.040487,1.9507065,-3.461702700000001,159.68889725000002,14.0,4.6987805499999995,4.6987805499999995,0.725,3.5004306147470485,37.0,294.98176505000004,16.0,73.5494113,34.15059715,1.0,73.47320395691726,42.42957016076099,37.0
1500,f,capitals,36,state,Pennsylvania,Harrisburg,Philadelphia,What is the capital of Pennsylvania?,The capital of Pennsylvania is,0.05,1.517,30.34,True,critical,html-keyboard-response,39,132705,subject_29,67d993866d1d7516d87e97de,67f55007091bbde6621adf14,0.1861289460922268,1,left,-0.852453451769215,3.80286055,1.2945525999999998,1.0,0.005201455329470422,-0.971369375,-10.090643,2.9000446250000005,-0.7811735000000004,169.40291199,18.0,4.7394538,4.5681133,0.6625000000000001,12.812658898193753,26.5,280.7955821475,22.5,70.13658115249999,36.52358815000001,24.0,104.5548823855986,47.04693462155399,24.0
2686,j,capitals,2,country,Brazil,Brasilia,Rio de Janeiro,What is the capital of Brazil?,The capital of Brazil is,4.99,13.923,2.790180361,False,critical,html-keyboard-response,41,136404,subject_29,67d993866d1d7516d87e97de,67f55007091bbde6621adf14,0.1861289460922268,1,right,0.3456282405598903,2.0599417,0.8546364200000001,1.0,0.010916269887353384,-0.37423359,-9.777523500000001,3.12931296,0.3757585000000008,171.91224647,18.0,3.580388749999999,2.5741565,0.55,9.253846674396854,34.0,298.44019958,15.0,47.51553901999999,30.58541265,22.0,58.33967382007255,24.97507531677988,22.0
2656,f,capitals,34,state,North Dakota,Bismarck,Fargo,What is the capital of North Dakota?,The capital of North Dakota is,0.076,0.138,1.815789474,True,critical,html-keyboard-response,43,140073,subject_29,67d993866d1d7516d87e97de,67f55007091bbde6621adf14,0.1861289460922268,1,left,0.3153226328281254,3.1886295000000002,1.6228072999999998,1.0,0.04464285714285714,-0.8373848349999999,-6.98899085,3.346709315,2.0134886500000007,158.9716758025,18.0,1.0428039999999998,1.0428039999999998,0.425,10.24716289924514,32.5,181.48586626009998,20.0,91.95245258989999,1.3760648999999998,25.0,78.67897042291708,25.245962637347155,34.5
2360,f,capitals,11,country,United Arab Emirates,Abu Dhabi,Dubai,What is the capital of the United Arab Emirates?,The capital of the United Arab Emirates is,1.6,3.1,1.9375,False,critical,html-keyboard-response,45,143438,subject_29,67d993866d1d7516d87e97de,67f55007091bbde6621adf14,0.1861289460922268,0,left,0.0163073032080451,3.6339115499999997,2.33935815,1.0,0.00522367703218767,-1.0856354000000001,-9.346349,2.50591525,-0.6000735000000006,159.839143965,14.0,3.36275555,3.36275555,0.65,9.84413945872573,31.0,260.0233028075,0.0,72.79101454250001,22.182172549999997,33.0,96.97781470445022,51.8589082146157,33.0
2871,j,capitals,16,state,Delaware,Dover,Wilmington,What is the capital of Delaware?,The capital of Delaware is,0.0403,0.0722,1.791563275,False,critical,html-keyboard-response,47,147323,subject_29,67d993866d1d7516d87e97de,67f55007091bbde6621adf14,0.1861289460922268,1,right,0.5325128215724404,4.2341493,0.72218523,1.0,0.012666345999679333,-1.74989815,-9.680467,0.94623425,3.385187,168.90373542999998,18.0,0.0,0.0,0.025,6.774399509720723,34.0,229.367487715,20.0,115.99101648500002,0.0,34.5,110.70916324533087,58.08677270925415,34.5
2489,f,capitals,12,state,Alabama,Montgomery,Birmingham,What is the capital of Alabama?,The capital of Alabama is,0.192,0.194,1.010416667,True,critical,html-keyboard-response,49,150828,subject_29,67d993866d1d7516d87e97de,67f55007091bbde6621adf14,0.1861289460922268,1,left,0.1466214164546341,3.1154528,2.2013875499999997,1.0,0.003584966270478638,-0.7024276,-9.767927,3.1901363,-1.4417109999999997,171.89705985,16.0,5.234766799999999,5.234766799999999,0.725,8.879740567094881,31.0,283.66813919000003,20.0,35.182526159999995,72.3701839,11.0,72.1080126268425,56.93717089653546,31.0
2413,f,capitals,10,country,Turkey,Ankara,Istanbul,What is the capital of Turkey?,The capital of Turkey is,5.55,16.24,2.926126126,True,critical,html-keyboard-response,51,154256,subject_29,67d993866d1d7516d87e97de,67f55007091bbde6621adf14,0.1861289460922268,1,left,0.0698472102008297,3.7206935999999997,3.6190253,1.0,0.0140625,-1.049432,-7.22749025,1.77928585,-1.0519376499999997,181.67489892999998,14.0,3.36303155,3.36303155,0.7875000000000001,7.10805059345744,34.0,232.28671097749998,0.0,68.73258667249999,23.91809185,34.0,109.98791459488866,68.21821684179301,34.0
2615,f,capitals,4,country,India,New Delhi,Mumbai,What is the capital of India?,The capital of India is,0.206,22.1,107.2815534,True,critical,html-keyboard-response,53,157878,subject_29,67d993866d1d7516d87e97de,67f55007091bbde6621adf14,0.1861289460922268,1,left,0.2739049689280466,3.3890189,1.4282650000000001,1.0,0.06971153846153846,-1.1690336,-6.6849964,4.1036254,2.7211151000000005,151.45156923500002,14.0,2.3097963499999996,1.1339184999999992,0.425,9.901198823968304,30.0,227.81903473,16.0,94.28140192000001,13.430843800000002,8.0,81.85221999731655,37.65522312456052,32.0
1669,j,capitals,23,state,Maryland,Annapolis,Baltimore,What is the capital of Maryland?,The capital of Maryland is,0.0403,0.553,13.72208437,False,critical,html-keyboard-response,55,160564,subject_29,67d993866d1d7516d87e97de,67f55007091bbde6621adf14,0.1861289460922268,1,right,-0.6817318615469395,3.6610867999999996,1.99519565,1.0,0.007435328135488201,-1.006010815,-9.066941499999999,2.3947849850000003,-2.0526531999999995,171.39884055,18.0,5.272523,5.272523,0.7124999999999999,8.627807633730525,31.0,269.905489795,21.0,82.80523015499999,30.549259500000005,17.5,88.24512507064568,61.977535890917494,35.0
1506,j,capitals,24,state,Michigan,Lansing,Detroit,What is the capital of Michigan?,The capital of Michigan is,0.112,0.63,5.625,False,critical,html-keyboard-response,57,163074,subject_29,67d993866d1d7516d87e97de,67f55007091bbde6621adf14,0.1861289460922268,1,right,-0.8463923302228621,3.1715925,0.8199855199999999,1.0,0.020092460881934567,-0.8804468999999999,-8.9095815,2.08088635,-0.3318779999999997,162.992733545,18.0,2.8472903499999997,2.8472903499999997,0.7,7.4411319048798905,35.5,223.482275455,20.0,122.07790124499999,9.68996645,35.0,132.35050610599825,75.15181857684905,35.0
1152,f,capitals,18,state,Illinois,Springfield,Chicago,What is the capital of Illinois?,The capital of Illinois is,0.111,2.612,23.53153153,True,critical,html-keyboard-response,59,165229,subject_29,67d993866d1d7516d87e97de,67f55007091bbde6621adf14,0.1861289460922268,1,left,-1.2039985014576875,3.7229846,2.02082935,1.0,0.0037192282102461744,-1.0637694,-9.972052999999999,1.8728581000000002,-5.79218335,170.65176035000002,18.0,8.6360925,8.6360925,0.675,5.610516716755836,37.0,311.23248041500005,22.5,49.248491285,81.37087019,25.0,83.27137832278736,56.50312887381918,25.0
1641,f,capitals,13,state,Alaska,Juneau,Anchorage,What is the capital of Alaska?,The capital of Alaska is,0.0311,0.283,9.099678457,True,critical,html-keyboard-response,61,167884,subject_29,67d993866d1d7516d87e97de,67f55007091bbde6621adf14,0.1861289460922268,1,left,-0.7100170954299201,4.0331867,1.032167785,1.0,0.0012974288388852195,-1.38228545,-12.390654,1.9327201,-2.1549560000000003,158.058188835,18.0,4.9375237,4.9375237,0.9624999999999999,2.4642328656242176,37.0,348.27460882,33.0,8.84634368,72.57630929999998,37.0,50.961827169017766,61.5026154449013,37.0
2012,f,capitals,1,country,Australia,Canberra,Sydney,What is the capital of Australia?,The capital of Australia is,0.483,5.249,10.86749482,True,critical,html-keyboard-response,63,170908,subject_29,67d993866d1d7516d87e97de,67f55007091bbde6621adf14,0.1861289460922268,1,left,-0.3352377464804276,2.91766655,1.443579,1.0,0.013910060975609756,-0.732931825,-9.718684,2.424576675,-3.10026675,135.81862900000002,16.0,4.71659925,4.71659925,0.7,13.549338958870404,26.5,205.0319132245,16.0,133.7638296255,27.787327949999998,27.0,115.01755520776328,61.294825054348195,27.0
1990,f,capitals,6,country,New Zealand,Wellington,Auckland,What is the capital of New Zealand?,The capital of New Zealand is,0.428,1.711,3.997663551,False,critical,html-keyboard-response,65,173911,subject_29,67d993866d1d7516d87e97de,67f55007091bbde6621adf14,0.1861289460922268,0,left,-0.3574618588170552,4.244933850000001,2.3052439,1.0,0.008300041328006613,-1.7685506,-8.672815499999999,2.1210044999999997,0.577696500000001,145.06194,14.0,4.1641122,4.1641122,0.5,13.508204608971669,26.0,251.64753062350002,26.0,86.95005627649999,49.788739050000004,26.0,100.41858076823004,69.00830151646427,29.0
1523,j,capitals,22,state,Maine,Augusta,Portland,What is the capital of Maine?,The capital of Maine is,0.0192,0.0695,3.619791667,False,critical,html-keyboard-response,67,176446,subject_29,67d993866d1d7516d87e97de,67f55007091bbde6621adf14,0.1861289460922268,1,right,-0.8292191525081953,3.7875023,2.4801948,1.0,0.0016831873627990133,-1.0323926499999998,-10.4254775,2.0421341999999996,-1.8715164999999994,169.20454695,18.0,5.94090445,5.94090445,0.95,2.583690266418973,37.0,311.71045002,37.0,44.16688318,51.44942174999999,21.0,71.44560616098389,59.91154959685878,37.0
2003,f,capitals,15,state,Connecticut,Hartford,Bridgeport,What is the capital of Connecticut?,The capital of Connecticut is,0.119,0.148,1.243697479,True,critical,html-keyboard-response,69,179464,subject_29,67d993866d1d7516d87e97de,67f55007091bbde6621adf14,0.1861289460922268,1,left,-0.3443294287999571,4.152413,2.4941535000000004,1.0,0.012903762903762904,-1.2379590999999999,-8.185617,4.8248759,4.25825,176.1870492,16.0,0.7039874999999993,0.7039874999999993,0.3,12.984765384964998,24.0,278.35317808,20.0,187.17906882,0.754308,10.5,97.3336617897597,26.70347104409089,31.0
1233,f,capitals,32,state,New York,Albany,New York,What is the capital of New York?,The capital of New York is,0.103,7.937,77.05825243,True,critical,html-keyboard-response,71,181709,subject_29,67d993866d1d7516d87e97de,67f55007091bbde6621adf14,0.1861289460922268,1,left,-1.1221733605819226,2.31160665,4.8018915,1.0,0.07179487179487179,-0.40196120999999996,-4.7547025000000005,3.14106469,-1.30574515,164.00049312,18.0,4.1901697,3.862285,0.6875,15.47453789415244,25.5,229.375925891,15.0,53.021560058999995,59.8069269,27.0,75.81720478275057,45.627494070248844,27.0
3006,j,capitals,38,state,Texas,Austin,Houston,What is the capital of Texas?,The capital of Texas is,0.989,2.324,2.349848332,False,critical,html-keyboard-response,73,185721,subject_29,67d993866d1d7516d87e97de,67f55007091bbde6621adf14,0.1861289460922268,1,right,0.6688880563653824,2.7289062,3.68736335,1.0,0.08712121212121213,-0.506320885,-4.40157605,4.012876565,1.53352215,151.14799460999998,11.0,0.08562525000000054,0.08562525000000054,0.35,19.22278273641858,20.0,198.241569792,15.0,136.22196335799998,0.08562525000000054,10.5,81.3456051528303,15.975005422746095,35.0
1657,j,capitals,40,state,Virginia,Richmond,Virginia Beach,What is the capital of Virginia?,The capital of Virginia is,0.231,0.45,1.948051948,False,critical,html-keyboard-response,75,188382,subject_29,67d993866d1d7516d87e97de,67f55007091bbde6621adf14,0.1861289460922268,1,right,-0.6938541046396455,4.120711549999999,3.5882533,1.0,0.02312889812889813,-1.16916945,-6.914387700000001,2.59017605,0.19082209999999966,175.71893075000003,18.5,2.56121715,2.56121715,0.7,5.77276122250901,38.0,284.03714405,20.0,35.25386895,25.267003600000002,18.0,46.35421140072588,30.54006897158279,36.0
1670,j,capitals,30,state,New Jersey,Trenton,Newark,What is the capital of New Jersey?,The capital of New Jersey is,0.0898,0.306,3.407572383,False,critical,html-keyboard-response,77,191070,subject_29,67d993866d1d7516d87e97de,67f55007091bbde6621adf14,0.1861289460922268,1,right,-0.6807216746225474,3.3090056,1.82140345,1.0,0.0016363743403658628,-0.84072134,-10.924448,3.76701416,-4.2521546,156.04382572,18.0,6.901956650000001,6.901956650000001,0.725,8.925782555854742,34.5,273.68847277500004,22.0,47.345132775,80.49773385,24.5,88.88474869929352,60.16044669384837,28.5
2134,j,capitals,41,state,Washington,Olympia,Seattle,What is the capital of Washington?,The capital of Washington is,0.0558,0.765,13.70967742,False,critical,html-keyboard-response,79,194211,subject_29,67d993866d1d7516d87e97de,67f55007091bbde6621adf14,0.1861289460922268,1,right,-0.2119949417045837,2.4590736499999997,3.76935035,1.0,0.018367961457392352,-0.44257853999999996,-7.3950467,3.85359726,-2.2241997000000007,144.06035742999998,23.0,4.896856099999999,4.896856099999999,0.6625000000000001,14.217480554285576,25.5,250.7986976015,25.0,103.96332209849999,33.6275834,16.0,99.67318648330391,49.08176857829807,25.0
1934,j,capitals,14,state,California,Sacramento,Los Angeles,What is the capital of California?,The capital of California is,0.527,3.8,7.210626186,False,critical,html-keyboard-response,81,197148,subject_29,67d993866d1d7516d87e97de,67f55007091bbde6621adf14,0.1861289460922268,1,right,-0.4140323265830163,2.8312225,3.369704,1.0,0.1,-0.63638328,-4.58591525,4.79400397,-0.5027754,142.854805135,14.5,5.676533999999999,5.419304,0.5875,18.10634188869909,22.0,220.35396464500002,17.5,113.277399355,50.27004185000001,25.5,97.10799675216575,25.585019619395112,25.0
5549,f,capitals,29,state,New Hampshire,Concord,Manchester,What is the capital of New Hampshire?,The capital of New Hampshire is,0.0449,0.115,2.561247216,True,critical,html-keyboard-response,83,203710,subject_29,67d993866d1d7516d87e97de,67f55007091bbde6621adf14,0.1861289460922268,1,left,3.237793405094653,3.8924572,2.5146651,1.0,0.00224755864290748,-1.1561135,-10.1354995,2.64535425,0.8996589999999998,168.00271485000002,18.0,0.0,0.0,0.025,8.377304174979542,32.5,253.08660677999998,20.0,138.81277821999998,0.0,27.0,98.10982957505266,32.00701641793163,32.0
2098,f,capitals,33,state,North Carolina,Raleigh,Charlotte,What is the capital of North Carolina?,The capital of North Carolina is,0.494,0.935,1.892712551,True,critical,html-keyboard-response,85,206814,subject_29,67d993866d1d7516d87e97de,67f55007091bbde6621adf14,0.1861289460922268,1,left,-0.2483616709827016,3.9989741,1.4837299000000002,1.0,0.017565485362095533,-1.2707921500000001,-8.2403645,2.6944252,2.3565879999999995,167.86508935,18.0,1.4855458000000001,1.4855458000000001,0.7124999999999999,8.574116496188747,32.5,209.911716892,20.0,142.86702770799997,5.01324945,7.0,125.69617107504936,62.09856014494803,35.0
1655,f,capitals,27,state,Nebraska,Lincoln,Omaha,What is the capital of Nebraska?,The capital of Nebraska is,0.297,0.477,1.606060606,True,critical,html-keyboard-response,87,209474,subject_29,67d993866d1d7516d87e97de,67f55007091bbde6621adf14,0.1861289460922268,1,left,-0.6958744784884299,3.40945435,2.88149385,1.0,0.002427404976322155,-0.90226395,-9.880027,1.9579811500000002,-0.6194575000000002,166.84559195,14.0,6.48387735,5.795127749999999,0.9875,3.0583791478084397,38.0,334.6421603,20.0,16.19795,78.670469,18.0,81.67707104491953,87.8184827648541,24.0
4707,j,capitals,17,state,Florida,Tallahassee,Jacksonville,What is the capital of Florida?,The capital of Florida is,0.205,1.008,4.917073171,False,critical,html-keyboard-response,89,215196,subject_29,67d993866d1d7516d87e97de,67f55007091bbde6621adf14,0.1861289460922268,1,right,2.3872160147564516,3.563912,2.6319027999999998,1.0,0.008519591611479029,-0.95531795,-8.4452955,4.38171585,1.3466129999999996,162.1489442425,23.5,1.2571029,1.2571029,0.48750000000000004,9.093065063976583,33.0,222.1497324065,20.0,145.26711409350003,2.21744865,24.0,154.13877107879688,46.03097986487076,33.0
3533,f,capitals,22,state,Maine,Augusta,Portland,What is the capital of Maine?,The capital of Maine is,0.0192,0.0695,3.619791667,False,critical,html-keyboard-response,7,55465,subject_13,67d993866d1d7516d87e97de,67f54edd7f11c2933de057d7,0.1903685215847766,0,left,1.1832734935562637,3.7875023,2.4801948,1.0,0.0016831873627990133,-1.0323926499999998,-10.4254775,2.0421341999999996,-1.8715164999999994,169.20454695,18.0,5.94090445,5.94090445,0.95,2.583690266418973,37.0,311.71045002,37.0,44.16688318,51.44942174999999,21.0,71.44560616098389,59.91154959685878,37.0
2015,j,capitals,5,country,Morrocco,Rabat,Marrakesh,What is the capital of Morrocco?,The capital of Morrocco is,2.02,1.085,0.5371287129,True,critical,html-keyboard-response,9,58498,subject_13,67d993866d1d7516d87e97de,67f54edd7f11c2933de057d7,0.1903685215847766,0,right,-0.8084046535257672,4.06911815,3.926867,1.0,0.001930509063232023,-1.06717185,-9.534113999999999,2.73666185,-0.551412,192.02520429999998,22.5,5.353308500000001,3.0599705000000004,0.6125,7.031879522295083,33.0,303.121009725,22.5,42.028869125,59.422086599999986,14.5,71.26685811006843,54.04151717765417,23.0
2827,j,capitals,2,country,Brazil,Brasilia,Rio de Janeiro,What is the capital of Brazil?,The capital of Brazil is,4.99,13.923,2.790180361,True,critical,html-keyboard-response,11,62335,subject_13,67d993866d1d7516d87e97de,67f54edd7f11c2933de057d7,0.1903685215847766,0,right,0.2569725898409055,2.0599417,0.8546364200000001,1.0,0.010916269887353384,-0.37423359,-9.777523500000001,3.12931296,0.3757585000000008,171.91224647,18.0,3.580388749999999,2.5741565,0.55,9.253846674396854,34.0,298.44019958,15.0,47.51553901999999,30.58541265,22.0,58.33967382007255,24.97507531677988,22.0
3467,f,capitals,11,country,United Arab Emirates,Abu Dhabi,Dubai,What is the capital of the United Arab Emirates?,The capital of the United Arab Emirates is,1.6,3.1,1.9375,False,critical,html-keyboard-response,13,66822,subject_13,67d993866d1d7516d87e97de,67f54edd7f11c2933de057d7,0.1903685215847766,0,left,1.0966787915092189,3.6339115499999997,2.33935815,1.0,0.00522367703218767,-1.0856354000000001,-9.346349,2.50591525,-0.6000735000000006,159.839143965,14.0,3.36275555,3.36275555,0.65,9.84413945872573,31.0,260.0233028075,0.0,72.79101454250001,22.182172549999997,33.0,96.97781470445022,51.8589082146157,33.0
3742,f,capitals,4,country,India,New Delhi,Mumbai,What is the capital of India?,The capital of India is,0.206,22.1,107.2815534,False,critical,html-keyboard-response,15,71571,subject_13,67d993866d1d7516d87e97de,67f54edd7f11c2933de057d7,0.1903685215847766,0,left,1.4574900500385723,3.3890189,1.4282650000000001,1.0,0.06971153846153846,-1.1690336,-6.6849964,4.1036254,2.7211151000000005,151.45156923500002,14.0,2.3097963499999996,1.1339184999999992,0.425,9.901198823968304,30.0,227.81903473,16.0,94.28140192000001,13.430843800000002,8.0,81.85221999731655,37.65522312456052,32.0
4549,j,capitals,21,state,Louisiana,Baton Rouge,New Orleans,What is the capital of Louisiana?,The capital of Louisiana is,0.215,0.351,1.63255814,False,critical,html-keyboard-response,17,77126,subject_13,67d993866d1d7516d87e97de,67f54edd7f11c2933de057d7,0.1903685215847766,1,right,2.516307088704711,2.79039935,2.0269129,1.0,0.0034954039671020805,-0.60054295,-9.8353815,2.3737587500000004,-2.482563500000001,172.31991220000003,18.0,5.1981744999999995,3.793621,0.6875,7.716095282905707,34.5,282.68865437,20.0,29.084738729999994,68.09929645,24.5,62.8804213583455,54.76974795931437,27.0
4184,f,capitals,20,state,Kentucky,Frankfort,Louisville,What is the capital of Kentucky?,The capital of Kentucky is,0.0281,0.617,21.95729537,False,critical,html-keyboard-response,19,82322,subject_13,67d993866d1d7516d87e97de,67f54edd7f11c2933de057d7,0.1903685215847766,0,left,2.0374121455657512,3.0547366,2.2666612,1.0,0.000659358843533807,-0.74241135,-11.6135325,2.1753297,-0.9483945,176.88001325,18.0,5.5287013,4.96804475,0.75,4.405366338069108,37.0,336.0411206,26.0,22.964224,60.86410575,26.0,72.27622371274914,51.10917786191476,26.0
3270,j,capitals,38,state,Texas,Austin,Houston,What is the capital of Texas?,The capital of Texas is,0.989,2.324,2.349848332,True,critical,html-keyboard-response,21,86596,subject_13,67d993866d1d7516d87e97de,67f54edd7f11c2933de057d7,0.1903685215847766,0,right,0.8382067263081912,2.7289062,3.68736335,1.0,0.08712121212121213,-0.506320885,-4.40157605,4.012876565,1.53352215,151.14799460999998,11.0,0.08562525000000054,0.08562525000000054,0.35,19.22278273641858,20.0,198.241569792,15.0,136.22196335799998,0.08562525000000054,10.5,81.3456051528303,15.975005422746095,35.0
2895,f,capitals,16,state,Delaware,Dover,Wilmington,What is the capital of Delaware?,The capital of Delaware is,0.0403,0.0722,1.791563275,False,critical,html-keyboard-response,23,90504,subject_13,67d993866d1d7516d87e97de,67f54edd7f11c2933de057d7,0.1903685215847766,0,left,0.3461913737681638,4.2341493,0.72218523,1.0,0.012666345999679333,-1.74989815,-9.680467,0.94623425,3.385187,168.90373542999998,18.0,0.0,0.0,0.025,6.774399509720723,34.0,229.367487715,20.0,115.99101648500002,0.0,34.5,110.70916324533087,58.08677270925415,34.5
2904,j,capitals,7,country,Pakistan,Islamabad,Karachi,What is the capital of Pakistan?,The capital of Pakistan is,1.3,18.1,13.92307692,False,critical,html-keyboard-response,25,94422,subject_13,67d993866d1d7516d87e97de,67f54edd7f11c2933de057d7,0.1903685215847766,1,right,0.3579997422291244,3.8934075,2.6534792,1.0,0.0019266429313158284,-1.11515545,-10.314565,2.1734213999999996,-4.08459765,183.33887535,14.0,4.08459765,4.08459765,0.675,5.719409224572999,32.5,281.15069095,25.0,33.481899,38.1329444,25.0,81.74658055471438,60.49985834162654,25.0
1764,j,capitals,1,country,Australia,Canberra,Sydney,What is the capital of Australia?,The capital of Australia is,0.483,5.249,10.86749482,True,critical,html-keyboard-response,27,97204,subject_13,67d993866d1d7516d87e97de,67f54edd7f11c2933de057d7,0.1903685215847766,0,right,-1.137726929492559,2.91766655,1.443579,1.0,0.013910060975609756,-0.732931825,-9.718684,2.424576675,-3.10026675,135.81862900000002,16.0,4.71659925,4.71659925,0.7,13.549338958870404,26.5,205.0319132245,16.0,133.7638296255,27.787327949999998,27.0,115.01755520776328,61.294825054348195,27.0
2265,j,capitals,6,country,New Zealand,Wellington,Auckland,What is the capital of New Zealand?,The capital of New Zealand is,0.428,1.711,3.997663551,True,critical,html-keyboard-response,29,100479,subject_13,67d993866d1d7516d87e97de,67f54edd7f11c2933de057d7,0.1903685215847766,0,right,-0.4803944184990822,4.244933850000001,2.3052439,1.0,0.008300041328006613,-1.7685506,-8.672815499999999,2.1210044999999997,0.577696500000001,145.06194,14.0,4.1641122,4.1641122,0.5,13.508204608971669,26.0,251.64753062350002,26.0,86.95005627649999,49.788739050000004,26.0,100.41858076823004,69.00830151646427,29.0
2399,j,capitals,29,state,New Hampshire,Concord,Manchester,What is the capital of New Hampshire?,The capital of New Hampshire is,0.0449,0.115,2.561247216,True,critical,html-keyboard-response,31,103881,subject_13,67d993866d1d7516d87e97de,67f54edd7f11c2933de057d7,0.1903685215847766,0,right,-0.3045809325247791,3.8924572,2.5146651,1.0,0.00224755864290748,-1.1561135,-10.1354995,2.64535425,0.8996589999999998,168.00271485000002,18.0,0.0,0.0,0.025,8.377304174979542,32.5,253.08660677999998,20.0,138.81277821999998,0.0,27.0,98.10982957505266,32.00701641793163,32.0
1659,j,capitals,14,state,California,Sacramento,Los Angeles,What is the capital of California?,The capital of California is,0.527,3.8,7.210626186,False,critical,html-keyboard-response,33,106555,subject_13,67d993866d1d7516d87e97de,67f54edd7f11c2933de057d7,0.1903685215847766,1,right,-1.2754912282037665,2.8312225,3.369704,1.0,0.1,-0.63638328,-4.58591525,4.79400397,-0.5027754,142.854805135,14.5,5.676533999999999,5.419304,0.5875,18.10634188869909,22.0,220.35396464500002,17.5,113.277399355,50.27004185000001,25.5,97.10799675216575,25.585019619395112,25.0
2397,f,capitals,13,state,Alaska,Juneau,Anchorage,What is the capital of Alaska?,The capital of Alaska is,0.0311,0.283,9.099678457,False,critical,html-keyboard-response,35,109964,subject_13,67d993866d1d7516d87e97de,67f54edd7f11c2933de057d7,0.1903685215847766,0,left,-0.3072050144049926,4.0331867,1.032167785,1.0,0.0012974288388852195,-1.38228545,-12.390654,1.9327201,-2.1549560000000003,158.058188835,18.0,4.9375237,4.9375237,0.9624999999999999,2.4642328656242176,37.0,348.27460882,33.0,8.84634368,72.57630929999998,37.0,50.961827169017766,61.5026154449013,37.0
2549,j,capitals,23,state,Maryland,Annapolis,Baltimore,What is the capital of Maryland?,The capital of Maryland is,0.0403,0.553,13.72208437,True,critical,html-keyboard-response,37,113524,subject_13,67d993866d1d7516d87e97de,67f54edd7f11c2933de057d7,0.1903685215847766,0,right,-0.1077747915087681,3.6610867999999996,1.99519565,1.0,0.007435328135488201,-1.006010815,-9.066941499999999,2.3947849850000003,-2.0526531999999995,171.39884055,18.0,5.272523,5.272523,0.7124999999999999,8.627807633730525,31.0,269.905489795,21.0,82.80523015499999,30.549259500000005,17.5,88.24512507064568,61.977535890917494,35.0
3482,f,capitals,30,state,New Jersey,Trenton,Newark,What is the capital of New Jersey?,The capital of New Jersey is,0.0898,0.306,3.407572383,True,critical,html-keyboard-response,39,118021,subject_13,67d993866d1d7516d87e97de,67f54edd7f11c2933de057d7,0.1903685215847766,1,left,1.11635940561082,3.3090056,1.82140345,1.0,0.0016363743403658628,-0.84072134,-10.924448,3.76701416,-4.2521546,156.04382572,18.0,6.901956650000001,6.901956650000001,0.725,8.925782555854742,34.5,273.68847277500004,22.0,47.345132775,80.49773385,24.5,88.88474869929352,60.16044669384837,28.5
2396,f,capitals,31,state,New Mexico,Santa Fe,Albuquerque,What is the capital of New Mexico?,The capital of New Mexico is,0.0901,0.557,6.182019978,False,critical,html-keyboard-response,41,121430,subject_13,67d993866d1d7516d87e97de,67f54edd7f11c2933de057d7,0.1903685215847766,0,left,-0.3085170553450993,3.0991414500000003,1.3244324,1.0,0.014238667183262301,-0.69803795,-9.098272999999999,2.46943,0.3069240000000004,166.6062263,18.0,5.093978,3.5249351500000006,0.525,8.033448780088444,31.0,260.480373305,20.0,49.826687745000015,48.39635365000001,19.0,84.180459503387,57.783921029115376,24.0
3268,f,capitals,18,state,Illinois,Springfield,Chicago,What is the capital of Illinois?,The capital of Illinois is,0.111,2.612,23.53153153,True,critical,html-keyboard-response,43,125710,subject_13,67d993866d1d7516d87e97de,67f54edd7f11c2933de057d7,0.1903685215847766,1,left,0.8355826444279777,3.7229846,2.02082935,1.0,0.0037192282102461744,-1.0637694,-9.972052999999999,1.8728581000000002,-5.79218335,170.65176035000002,18.0,8.6360925,8.6360925,0.675,5.610516716755836,37.0,311.23248041500005,22.5,49.248491285,81.37087019,25.0,83.27137832278736,56.50312887381918,25.0
2130,j,capitals,40,state,Virginia,Richmond,Virginia Beach,What is the capital of Virginia?,The capital of Virginia is,0.231,0.45,1.948051948,False,critical,html-keyboard-response,45,128850,subject_13,67d993866d1d7516d87e97de,67f54edd7f11c2933de057d7,0.1903685215847766,1,right,-0.6575199454134921,4.120711549999999,3.5882533,1.0,0.02312889812889813,-1.16916945,-6.914387700000001,2.59017605,0.19082209999999966,175.71893075000003,18.5,2.56121715,2.56121715,0.7,5.77276122250901,38.0,284.03714405,20.0,35.25386895,25.267003600000002,18.0,46.35421140072588,30.54006897158279,36.0
2691,j,capitals,32,state,New York,Albany,New York,What is the capital of New York?,The capital of New York is,0.103,7.937,77.05825243,False,critical,html-keyboard-response,47,132556,subject_13,67d993866d1d7516d87e97de,67f54edd7f11c2933de057d7,0.1903685215847766,1,right,0.0785350219863888,2.31160665,4.8018915,1.0,0.07179487179487179,-0.40196120999999996,-4.7547025000000005,3.14106469,-1.30574515,164.00049312,18.0,4.1901697,3.862285,0.6875,15.47453789415244,25.5,229.375925891,15.0,53.021560058999995,59.8069269,27.0,75.81720478275057,45.627494070248844,27.0
4207,f,capitals,41,state,Washington,Olympia,Seattle,What is the capital of Washington?,The capital of Washington is,0.0558,0.765,13.70967742,False,critical,html-keyboard-response,49,137779,subject_13,67d993866d1d7516d87e97de,67f54edd7f11c2933de057d7,0.1903685215847766,0,left,2.0675890871882063,2.4590736499999997,3.76935035,1.0,0.018367961457392352,-0.44257853999999996,-7.3950467,3.85359726,-2.2241997000000007,144.06035742999998,23.0,4.896856099999999,4.896856099999999,0.6625000000000001,14.217480554285576,25.5,250.7986976015,25.0,103.96332209849999,33.6275834,16.0,99.67318648330391,49.08176857829807,25.0
3092,f,capitals,24,state,Michigan,Lansing,Detroit,What is the capital of Michigan?,The capital of Michigan is,0.112,0.63,5.625,True,critical,html-keyboard-response,51,141882,subject_13,67d993866d1d7516d87e97de,67f54edd7f11c2933de057d7,0.1903685215847766,1,left,0.6046634389691915,3.1715925,0.8199855199999999,1.0,0.020092460881934567,-0.8804468999999999,-8.9095815,2.08088635,-0.3318779999999997,162.992733545,18.0,2.8472903499999997,2.8472903499999997,0.7,7.4411319048798905,35.5,223.482275455,20.0,122.07790124499999,9.68996645,35.0,132.35050610599825,75.15181857684905,35.0
1867,j,capitals,37,state,South Dakota,Pierre,Sioux Falls,What is the capital of South Dakota?,The capital of South Dakota is,0.0138,0.215,15.57971014,True,critical,html-keyboard-response,53,144757,subject_13,67d993866d1d7516d87e97de,67f54edd7f11c2933de057d7,0.1903685215847766,0,right,-1.0025867126615646,3.88962435,1.9988037,1.0,0.006089036055923473,-1.041340035,-9.381435,2.440622765,3.5832957499999987,176.86631975,18.0,2.7437485000000006,2.3335944999999993,0.45,6.963136166388008,32.0,279.15120511,20.0,98.78975829,20.867091999999992,16.0,89.17083306707906,49.97454210007436,26.0
3436,f,capitals,17,state,Florida,Tallahassee,Jacksonville,What is the capital of Florida?,The capital of Florida is,0.205,1.008,4.917073171,False,critical,html-keyboard-response,55,149197,subject_13,67d993866d1d7516d87e97de,67f54edd7f11c2933de057d7,0.1903685215847766,0,left,1.05600552236591,3.563912,2.6319027999999998,1.0,0.008519591611479029,-0.95531795,-8.4452955,4.38171585,1.3466129999999996,162.1489442425,23.5,1.2571029,1.2571029,0.48750000000000004,9.093065063976583,33.0,222.1497324065,20.0,145.26711409350003,2.21744865,24.0,154.13877107879688,46.03097986487076,33.0
1935,j,capitals,8,country,South Africa,Pretoria,Johannesburg,What is the capital of South Africa?,The capital of South Africa is,3.0,6.4,2.133333333,True,critical,html-keyboard-response,57,152148,subject_13,67d993866d1d7516d87e97de,67f54edd7f11c2933de057d7,0.1903685215847766,0,right,-0.9133679287343064,4.3614197,2.7407284,1.0,0.005607622617931896,-2.11893455,-8.995401000000001,2.2255171,-0.9749508000000002,168.89477075,14.0,4.743248,4.743248,0.8125,6.902744233458726,33.0,261.79318212500004,33.0,107.26548872500001,40.14546490000001,33.0,126.64268622248599,90.68654232034928,33.5
2861,j,capitals,33,state,North Carolina,Raleigh,Charlotte,What is the capital of North Carolina?,The capital of North Carolina is,0.494,0.935,1.892712551,True,critical,html-keyboard-response,59,156021,subject_13,67d993866d1d7516d87e97de,67f54edd7f11c2933de057d7,0.1903685215847766,0,right,0.3015819818045346,3.9989741,1.4837299000000002,1.0,0.017565485362095533,-1.2707921500000001,-8.2403645,2.6944252,2.3565879999999995,167.86508935,18.0,1.4855458000000001,1.4855458000000001,0.7124999999999999,8.574116496188747,32.5,209.911716892,20.0,142.86702770799997,5.01324945,7.0,125.69617107504936,62.09856014494803,35.0
2247,f,capitals,9,country,Switzerland,Bern,Zurich,What is the capital of Switzerland?,The capital of Switzerland is,0.448,1.455,3.247767857,False,critical,html-keyboard-response,61,159282,subject_13,67d993866d1d7516d87e97de,67f54edd7f11c2933de057d7,0.1903685215847766,0,left,-0.5040111554210036,4.1456575,2.41449345,0.5,0.0021505425701852632,-1.92965085,-10.040487,1.9507065,-3.461702700000001,159.68889725000002,14.0,4.6987805499999995,4.6987805499999995,0.725,3.5004306147470485,37.0,294.98176505000004,16.0,73.5494113,34.15059715,1.0,73.47320395691726,42.42957016076099,37.0
1893,j,capitals,3,country,Canada,Ottawa,Toronto,What is the capital of Canada?,The capital of Canada is,1.465,6.491,4.430716724,True,critical,html-keyboard-response,63,162180,subject_13,67d993866d1d7516d87e97de,67f54edd7f11c2933de057d7,0.1903685215847766,0,right,-0.9684736482187896,3.41186485,1.57882065,1.0,0.09166666666666667,-0.8216695,-5.87537415,3.39860975,-1.0815602000000002,151.21389025500002,16.0,1.62056305,1.62056305,0.55,18.015003869553816,21.0,209.80200216699998,15.0,104.683861683,9.282030650000001,24.5,78.4247090436364,17.054693758663674,27.0
2789,j,capitals,36,state,Pennsylvania,Harrisburg,Philadelphia,What is the capital of Pennsylvania?,The capital of Pennsylvania is,0.05,1.517,30.34,False,critical,html-keyboard-response,65,165981,subject_13,67d993866d1d7516d87e97de,67f54edd7f11c2933de057d7,0.1903685215847766,1,right,0.2071150341168493,3.80286055,1.2945525999999998,1.0,0.005201455329470422,-0.971369375,-10.090643,2.9000446250000005,-0.7811735000000004,169.40291199,18.0,4.7394538,4.5681133,0.6625000000000001,12.812658898193753,26.5,280.7955821475,22.5,70.13658115249999,36.52358815000001,24.0,104.5548823855986,47.04693462155399,24.0
2083,j,capitals,19,state,Kansas,Topeka,Wichita,What is the capital of Kansas?,The capital of Kansas is,0.125,0.395,3.16,True,critical,html-keyboard-response,67,169076,subject_13,67d993866d1d7516d87e97de,67f54edd7f11c2933de057d7,0.1903685215847766,0,right,-0.7191858695985088,3.69316615,2.64080265,1.0,0.010417797069994574,-1.07303922,-8.168856,1.73419138,-0.5498905999999999,162.288778245,35.0,2.9706022499999998,1.7607325999999994,0.5625,10.046628532789011,33.0,233.6914373035,18.0,65.7761040965,17.125884900000003,35.0,90.36345231361148,54.06264558247349,35.0
1706,f,capitals,42,state,Wisconsin,Madison,Milwaukee,What is the capital of Wisconsin?,The capital of Wisconsin is,0.284,0.551,1.940140845,False,critical,html-keyboard-response,69,171796,subject_13,67d993866d1d7516d87e97de,67f54edd7f11c2933de057d7,0.1903685215847766,0,left,-1.2138253040187497,3.13448335,2.23414315,1.0,0.006828316610925306,-0.760507775,-9.046759,3.316440125,1.0081592500000003,161.19694813,16.0,0.0,0.0,0.025,8.781973336626725,35.0,233.021284015,20.0,104.89291063499999,0.0,33.0,87.39257794461776,27.410622132151936,33.0
2465,j,capitals,35,state,Oregon,Salem,Portland,What is the capital of Oregon?,The capital of Oregon is,0.178,0.615,3.45505618,True,critical,html-keyboard-response,71,175269,subject_13,67d993866d1d7516d87e97de,67f54edd7f11c2933de057d7,0.1903685215847766,0,right,-0.2179862304777343,3.87003685,0.9559546750000001,1.0,0.02684931506849315,-1.33495845,-8.585685999999999,2.0863518,0.6543089999999996,153.11513470199998,18.0,4.49311111,4.49311111,0.6875,9.833651245669653,33.5,221.757705704,20.0,88.948261346,12.927848335,34.0,127.8462239789101,66.26897622229141,34.0
2230,f,capitals,26,state,Montana,Helena,Billings,What is the capital of Montana?,The capital of Montana is,0.0359,0.123,3.426183844,True,critical,html-keyboard-response,73,178517,subject_13,67d993866d1d7516d87e97de,67f54edd7f11c2933de057d7,0.1903685215847766,1,left,-0.5263158514028181,4.00716885,2.3871716000000003,1.0,0.0004472704898291971,-1.22599375,-12.036882250000001,2.2819052,-1.00467525,175.57409865,18.0,2.4909772499999994,2.1745497500000006,0.5875,6.831399328645267,33.0,299.00474067,20.0,76.68242387999999,24.127286050000002,24.0,98.87916742139757,43.100083383269855,28.5
1498,j,capitals,10,country,Turkey,Ankara,Istanbul,What is the capital of Turkey?,The capital of Turkey is,5.55,16.24,2.926126126,True,critical,html-keyboard-response,75,181022,subject_13,67d993866d1d7516d87e97de,67f54edd7f11c2933de057d7,0.1903685215847766,0,right,-1.4867298195609515,3.7206935999999997,3.6190253,1.0,0.0140625,-1.049432,-7.22749025,1.77928585,-1.0519376499999997,181.67489892999998,14.0,3.36303155,3.36303155,0.7875000000000001,7.10805059345744,34.0,232.28671097749998,0.0,68.73258667249999,23.91809185,34.0,109.98791459488866,68.21821684179301,34.0
2457,j,capitals,15,state,Connecticut,Hartford,Bridgeport,What is the capital of Connecticut?,The capital of Connecticut is,0.119,0.148,1.243697479,False,critical,html-keyboard-response,77,184493,subject_13,67d993866d1d7516d87e97de,67f54edd7f11c2933de057d7,0.1903685215847766,1,right,-0.2284825579985882,4.152413,2.4941535000000004,1.0,0.012903762903762904,-1.2379590999999999,-8.185617,4.8248759,4.25825,176.1870492,16.0,0.7039874999999993,0.7039874999999993,0.3,12.984765384964998,24.0,278.35317808,20.0,187.17906882,0.754308,10.5,97.3336617897597,26.70347104409089,31.0
2579,f,capitals,39,state,Vermont,Montpelier,Burlington,What is the capital of Vermont?,The capital of Vermont is,0.0079,0.0444,5.620253165,False,critical,html-keyboard-response,79,188083,subject_13,67d993866d1d7516d87e97de,67f54edd7f11c2933de057d7,0.1903685215847766,0,left,-0.0684135633055659,2.8268120999999997,0.75283587,1.0,0.0034998085574806164,-0.637835275,-11.6183655,2.518385875,0.32600349999999967,158.75225502,18.0,2.6147142499999996,2.5662552499999993,0.44999999999999996,6.6844704108256,35.0,288.368095275,20.0,52.797800275,17.347483000000004,23.0,87.53368163162845,59.445257727624245,23.0
1445,f,capitals,28,state,Nevada,Carson City,Las Vegas,What is the capital of Nevada?,The capital of Nevada is,0.0576,0.67,11.63194444,True,critical,html-keyboard-response,81,190541,subject_13,67d993866d1d7516d87e97de,67f54edd7f11c2933de057d7,0.1903685215847766,1,left,-1.5562679893866087,3.21408655,2.2825403,1.0,0.009556159420289855,-0.7483732750000001,-8.5907935,3.2634109749999998,0.3897780000000006,154.31583923,24.0,0.6128969999999994,0.6128969999999994,0.46249999999999997,13.888110548784098,22.0,212.93093655299998,21.0,129.96025854700002,1.2335965999999998,27.5,151.10212968210539,49.69601040539513,33.0
2392,f,capitals,25,state,Minnesota,St. Paul,Minneapolis,What is the capital of Minnesota?,The capital of Minnesota is,0.299,0.421,1.408026756,True,critical,html-keyboard-response,83,193941,subject_13,67d993866d1d7516d87e97de,67f54edd7f11c2933de057d7,0.1903685215847766,1,left,-0.3137652191055263,3.58195065,1.6521141,1.0,0.017392619479733817,-1.4853812,-8.023998,2.1170464,1.1057884999999996,150.791991795,18.0,6.11360015,6.11360015,0.875,3.3354361793014986,36.5,291.73495485,35.0,30.489669350000007,37.57722344999999,35.0,64.16242236428235,64.57921294960164,35.0
1928,j,capitals,27,state,Nebraska,Lincoln,Omaha,What is the capital of Nebraska?,The capital of Nebraska is,0.297,0.477,1.606060606,False,critical,html-keyboard-response,85,196878,subject_13,67d993866d1d7516d87e97de,67f54edd7f11c2933de057d7,0.1903685215847766,1,right,-0.9225522153150536,3.40945435,2.88149385,1.0,0.002427404976322155,-0.90226395,-9.880027,1.9579811500000002,-0.6194575000000002,166.84559195,14.0,6.48387735,5.795127749999999,0.9875,3.0583791478084397,38.0,334.6421603,20.0,16.19795,78.670469,18.0,81.67707104491953,87.8184827648541,24.0
1877,f,capitals,34,state,North Dakota,Bismarck,Fargo,What is the capital of North Dakota?,The capital of North Dakota is,0.076,0.138,1.815789474,True,critical,html-keyboard-response,87,199761,subject_13,67d993866d1d7516d87e97de,67f54edd7f11c2933de057d7,0.1903685215847766,1,left,-0.9894663032604972,3.1886295000000002,1.6228072999999998,1.0,0.04464285714285714,-0.8373848349999999,-6.98899085,3.346709315,2.0134886500000007,158.9716758025,18.0,1.0428039999999998,1.0428039999999998,0.425,10.24716289924514,32.5,181.48586626009998,20.0,91.95245258989999,1.3760648999999998,25.0,78.67897042291708,25.245962637347155,34.5
3135,j,capitals,12,state,Alabama,Montgomery,Birmingham,What is the capital of Alabama?,The capital of Alabama is,0.192,0.194,1.010416667,False,critical,html-keyboard-response,89,203912,subject_13,67d993866d1d7516d87e97de,67f54edd7f11c2933de057d7,0.1903685215847766,1,right,0.6610811993937813,3.1154528,2.2013875499999997,1.0,0.003584966270478638,-0.7024276,-9.767927,3.1901363,-1.4417109999999997,171.89705985,16.0,5.234766799999999,5.234766799999999,0.725,8.879740567094881,31.0,283.66813919000003,20.0,35.182526159999995,72.3701839,11.0,72.1080126268425,56.93717089653546,31.0
3323,j,capitals,11,country,United Arab Emirates,Abu Dhabi,Dubai,What is the capital of the United Arab Emirates?,The capital of the United Arab Emirates is,1.6,3.1,1.9375,False,critical,html-keyboard-response,7,122462,subject_39,67d993866d1d7516d87e97de,67f54fd9e85702fe33a171fc,0.9550883523334456,1,right,-1.1328366922913686,3.6339115499999997,2.33935815,1.0,0.00522367703218767,-1.0856354000000001,-9.346349,2.50591525,-0.6000735000000006,159.839143965,14.0,3.36275555,3.36275555,0.65,9.84413945872573,31.0,260.0233028075,0.0,72.79101454250001,22.182172549999997,33.0,96.97781470445022,51.8589082146157,33.0
38762,j,capitals,16,state,Delaware,Dover,Wilmington,What is the capital of Delaware?,The capital of Delaware is,0.0403,0.0722,1.791563275,False,critical,html-keyboard-response,9,162226,subject_39,67d993866d1d7516d87e97de,67f54fd9e85702fe33a171fc,0.9550883523334456,1,right,2.651042658092774,4.2341493,0.72218523,1.0,0.012666345999679333,-1.74989815,-9.680467,0.94623425,3.385187,168.90373542999998,18.0,0.0,0.0,0.025,6.774399509720723,34.0,229.367487715,20.0,115.99101648500002,0.0,34.5,110.70916324533087,58.08677270925415,34.5
19727,j,capitals,17,state,Florida,Tallahassee,Jacksonville,What is the capital of Florida?,The capital of Florida is,0.205,1.008,4.917073171,True,critical,html-keyboard-response,11,182956,subject_39,67d993866d1d7516d87e97de,67f54fd9e85702fe33a171fc,0.9550883523334456,0,right,0.618644920161056,3.563912,2.6319027999999998,1.0,0.008519591611479029,-0.95531795,-8.4452955,4.38171585,1.3466129999999996,162.1489442425,23.5,1.2571029,1.2571029,0.48750000000000004,9.093065063976583,33.0,222.1497324065,20.0,145.26711409350003,2.21744865,24.0,154.13877107879688,46.03097986487076,33.0
15279,f,capitals,12,state,Alabama,Montgomery,Birmingham,What is the capital of Alabama?,The capital of Alabama is,0.192,0.194,1.010416667,True,critical,html-keyboard-response,13,199237,subject_39,67d993866d1d7516d87e97de,67f54fd9e85702fe33a171fc,0.9550883523334456,1,left,0.143724765796975,3.1154528,2.2013875499999997,1.0,0.003584966270478638,-0.7024276,-9.767927,3.1901363,-1.4417109999999997,171.89705985,16.0,5.234766799999999,5.234766799999999,0.725,8.879740567094881,31.0,283.66813919000003,20.0,35.182526159999995,72.3701839,11.0,72.1080126268425,56.93717089653546,31.0
19345,f,capitals,29,state,New Hampshire,Concord,Manchester,What is the capital of New Hampshire?,The capital of New Hampshire is,0.0449,0.115,2.561247216,False,critical,html-keyboard-response,15,219585,subject_39,67d993866d1d7516d87e97de,67f54fd9e85702fe33a171fc,0.9550883523334456,0,left,0.5778581622997523,3.8924572,2.5146651,1.0,0.00224755864290748,-1.1561135,-10.1354995,2.64535425,0.8996589999999998,168.00271485000002,18.0,0.0,0.0,0.025,8.377304174979542,32.5,253.08660677999998,20.0,138.81277821999998,0.0,27.0,98.10982957505266,32.00701641793163,32.0
20018,f,capitals,23,state,Maryland,Annapolis,Baltimore,What is the capital of Maryland?,The capital of Maryland is,0.0403,0.553,13.72208437,True,critical,html-keyboard-response,17,240605,subject_39,67d993866d1d7516d87e97de,67f54fd9e85702fe33a171fc,0.9550883523334456,1,left,0.6497154608355047,3.6610867999999996,1.99519565,1.0,0.007435328135488201,-1.006010815,-9.066941499999999,2.3947849850000003,-2.0526531999999995,171.39884055,18.0,5.272523,5.272523,0.7124999999999999,8.627807633730525,31.0,269.905489795,21.0,82.80523015499999,30.549259500000005,17.5,88.24512507064568,61.977535890917494,35.0
31346,f,capitals,40,state,Virginia,Richmond,Virginia Beach,What is the capital of Virginia?,The capital of Virginia is,0.231,0.45,1.948051948,True,critical,html-keyboard-response,19,272954,subject_39,67d993866d1d7516d87e97de,67f54fd9e85702fe33a171fc,0.9550883523334456,1,left,1.859224343172804,4.120711549999999,3.5882533,1.0,0.02312889812889813,-1.16916945,-6.914387700000001,2.59017605,0.19082209999999966,175.71893075000003,18.5,2.56121715,2.56121715,0.7,5.77276122250901,38.0,284.03714405,20.0,35.25386895,25.267003600000002,18.0,46.35421140072588,30.54006897158279,36.0
22603,f,capitals,24,state,Michigan,Lansing,Detroit,What is the capital of Michigan?,The capital of Michigan is,0.112,0.63,5.625,True,critical,html-keyboard-response,21,296559,subject_39,67d993866d1d7516d87e97de,67f54fd9e85702fe33a171fc,0.9550883523334456,1,left,0.9257200919126516,3.1715925,0.8199855199999999,1.0,0.020092460881934567,-0.8804468999999999,-8.9095815,2.08088635,-0.3318779999999997,162.992733545,18.0,2.8472903499999997,2.8472903499999997,0.7,7.4411319048798905,35.5,223.482275455,20.0,122.07790124499999,9.68996645,35.0,132.35050610599825,75.15181857684905,35.0
15651,j,capitals,31,state,New Mexico,Santa Fe,Albuquerque,What is the capital of New Mexico?,The capital of New Mexico is,0.0901,0.557,6.182019978,False,critical,html-keyboard-response,23,313212,subject_39,67d993866d1d7516d87e97de,67f54fd9e85702fe33a171fc,0.9550883523334456,1,right,0.1834438074838991,3.0991414500000003,1.3244324,1.0,0.014238667183262301,-0.69803795,-9.098272999999999,2.46943,0.3069240000000004,166.6062263,18.0,5.093978,3.5249351500000006,0.525,8.033448780088444,31.0,260.480373305,20.0,49.826687745000015,48.39635365000001,19.0,84.180459503387,57.783921029115376,24.0
5204,f,capitals,7,country,Pakistan,Islamabad,Karachi,What is the capital of Pakistan?,The capital of Pakistan is,1.3,18.1,13.92307692,False,critical,html-keyboard-response,25,319419,subject_39,67d993866d1d7516d87e97de,67f54fd9e85702fe33a171fc,0.9550883523334456,0,left,-0.931999279890551,3.8934075,2.6534792,1.0,0.0019266429313158284,-1.11515545,-10.314565,2.1734213999999996,-4.08459765,183.33887535,14.0,4.08459765,4.08459765,0.675,5.719409224572999,32.5,281.15069095,25.0,33.481899,38.1329444,25.0,81.74658055471438,60.49985834162654,25.0
15082,f,capitals,30,state,New Jersey,Trenton,Newark,What is the capital of New Jersey?,The capital of New Jersey is,0.0898,0.306,3.407572383,True,critical,html-keyboard-response,27,335502,subject_39,67d993866d1d7516d87e97de,67f54fd9e85702fe33a171fc,0.9550883523334456,1,left,0.1226907571616953,3.3090056,1.82140345,1.0,0.0016363743403658628,-0.84072134,-10.924448,3.76701416,-4.2521546,156.04382572,18.0,6.901956650000001,6.901956650000001,0.725,8.925782555854742,34.5,273.68847277500004,22.0,47.345132775,80.49773385,24.5,88.88474869929352,60.16044669384837,28.5
17489,j,capitals,37,state,South Dakota,Pierre,Sioux Falls,What is the capital of South Dakota?,The capital of South Dakota is,0.0138,0.215,15.57971014,True,critical,html-keyboard-response,29,353993,subject_39,67d993866d1d7516d87e97de,67f54fd9e85702fe33a171fc,0.9550883523334456,0,right,0.379690040334884,3.88962435,1.9988037,1.0,0.006089036055923473,-1.041340035,-9.381435,2.440622765,3.5832957499999987,176.86631975,18.0,2.7437485000000006,2.3335944999999993,0.45,6.963136166388008,32.0,279.15120511,20.0,98.78975829,20.867091999999992,16.0,89.17083306707906,49.97454210007436,26.0
2678,j,capitals,3,country,Canada,Ottawa,Toronto,What is the capital of Canada?,The capital of Canada is,1.465,6.491,4.430716724,True,critical,html-keyboard-response,31,357674,subject_39,67d993866d1d7516d87e97de,67f54fd9e85702fe33a171fc,0.9550883523334456,0,right,-1.2017043855388578,3.41186485,1.57882065,1.0,0.09166666666666667,-0.8216695,-5.87537415,3.39860975,-1.0815602000000002,151.21389025500002,16.0,1.62056305,1.62056305,0.55,18.015003869553816,21.0,209.80200216699998,15.0,104.683861683,9.282030650000001,24.5,78.4247090436364,17.054693758663674,27.0
18664,j,capitals,15,state,Connecticut,Hartford,Bridgeport,What is the capital of Connecticut?,The capital of Connecticut is,0.119,0.148,1.243697479,False,critical,html-keyboard-response,33,377339,subject_39,67d993866d1d7516d87e97de,67f54fd9e85702fe33a171fc,0.9550883523334456,1,right,0.5051466908244963,4.152413,2.4941535000000004,1.0,0.012903762903762904,-1.2379590999999999,-8.185617,4.8248759,4.25825,176.1870492,16.0,0.7039874999999993,0.7039874999999993,0.3,12.984765384964998,24.0,278.35317808,20.0,187.17906882,0.754308,10.5,97.3336617897597,26.70347104409089,31.0
17210,f,capitals,22,state,Maine,Augusta,Portland,What is the capital of Maine?,The capital of Maine is,0.0192,0.0695,3.619791667,True,critical,html-keyboard-response,35,395551,subject_39,67d993866d1d7516d87e97de,67f54fd9e85702fe33a171fc,0.9550883523334456,1,left,0.349900759069691,3.7875023,2.4801948,1.0,0.0016831873627990133,-1.0323926499999998,-10.4254775,2.0421341999999996,-1.8715164999999994,169.20454695,18.0,5.94090445,5.94090445,0.95,2.583690266418973,37.0,311.71045002,37.0,44.16688318,51.44942174999999,21.0,71.44560616098389,59.91154959685878,37.0
22731,j,capitals,33,state,North Carolina,Raleigh,Charlotte,What is the capital of North Carolina?,The capital of North Carolina is,0.494,0.935,1.892712551,False,critical,html-keyboard-response,37,419284,subject_39,67d993866d1d7516d87e97de,67f54fd9e85702fe33a171fc,0.9550883523334456,1,right,0.9393868589447114,3.9989741,1.4837299000000002,1.0,0.017565485362095533,-1.2707921500000001,-8.2403645,2.6944252,2.3565879999999995,167.86508935,18.0,1.4855458000000001,1.4855458000000001,0.7124999999999999,8.574116496188747,32.5,209.911716892,20.0,142.86702770799997,5.01324945,7.0,125.69617107504936,62.09856014494803,35.0
2898,j,capitals,2,country,Brazil,Brasilia,Rio de Janeiro,What is the capital of Brazil?,The capital of Brazil is,4.99,13.923,2.790180361,True,critical,html-keyboard-response,39,423184,subject_39,67d993866d1d7516d87e97de,67f54fd9e85702fe33a171fc,0.9550883523334456,0,right,-1.178214629702505,2.0599417,0.8546364200000001,1.0,0.010916269887353384,-0.37423359,-9.777523500000001,3.12931296,0.3757585000000008,171.91224647,18.0,3.580388749999999,2.5741565,0.55,9.253846674396854,34.0,298.44019958,15.0,47.51553901999999,30.58541265,22.0,58.33967382007255,24.97507531677988,22.0
2068,j,capitals,9,country,Switzerland,Bern,Zurich,What is the capital of Switzerland?,The capital of Switzerland is,0.448,1.455,3.247767857,True,critical,html-keyboard-response,41,426253,subject_39,67d993866d1d7516d87e97de,67f54fd9e85702fe33a171fc,0.9550883523334456,0,right,-1.2668350721760182,4.1456575,2.41449345,0.5,0.0021505425701852632,-1.92965085,-10.040487,1.9507065,-3.461702700000001,159.68889725000002,14.0,4.6987805499999995,4.6987805499999995,0.725,3.5004306147470485,37.0,294.98176505000004,16.0,73.5494113,34.15059715,1.0,73.47320395691726,42.42957016076099,37.0
2059,f,capitals,8,country,South Africa,Pretoria,Johannesburg,What is the capital of South Africa?,The capital of South Africa is,3.0,6.4,2.133333333,False,critical,html-keyboard-response,43,429314,subject_39,67d993866d1d7516d87e97de,67f54fd9e85702fe33a171fc,0.9550883523334456,0,left,-1.2677960167329598,4.3614197,2.7407284,1.0,0.005607622617931896,-2.11893455,-8.995401000000001,2.2255171,-0.9749508000000002,168.89477075,14.0,4.743248,4.743248,0.8125,6.902744233458726,33.0,261.79318212500004,33.0,107.26548872500001,40.14546490000001,33.0,126.64268622248599,90.68654232034928,33.5
20399,j,capitals,13,state,Alaska,Juneau,Anchorage,What is the capital of Alaska?,The capital of Alaska is,0.0311,0.283,9.099678457,False,critical,html-keyboard-response,45,450714,subject_39,67d993866d1d7516d87e97de,67f54fd9e85702fe33a171fc,0.9550883523334456,1,right,0.6903954470793704,4.0331867,1.032167785,1.0,0.0012974288388852195,-1.38228545,-12.390654,1.9327201,-2.1549560000000003,158.058188835,18.0,4.9375237,4.9375237,0.9624999999999999,2.4642328656242176,37.0,348.27460882,33.0,8.84634368,72.57630929999998,37.0,50.961827169017766,61.5026154449013,37.0
2680,f,capitals,14,state,California,Sacramento,Los Angeles,What is the capital of California?,The capital of California is,0.527,3.8,7.210626186,False,critical,html-keyboard-response,47,454395,subject_39,67d993866d1d7516d87e97de,67f54fd9e85702fe33a171fc,0.9550883523334456,0,left,-1.2014908423039818,2.8312225,3.369704,1.0,0.1,-0.63638328,-4.58591525,4.79400397,-0.5027754,142.854805135,14.5,5.676533999999999,5.419304,0.5875,18.10634188869909,22.0,220.35396464500002,17.5,113.277399355,50.27004185000001,25.5,97.10799675216575,25.585019619395112,25.0
14193,f,capitals,28,state,Nevada,Carson City,Las Vegas,What is the capital of Nevada?,The capital of Nevada is,0.0576,0.67,11.63194444,True,critical,html-keyboard-response,49,469590,subject_39,67d993866d1d7516d87e97de,67f54fd9e85702fe33a171fc,0.9550883523334456,1,left,0.0277707892593419,3.21408655,2.2825403,1.0,0.009556159420289855,-0.7483732750000001,-8.5907935,3.2634109749999998,0.3897780000000006,154.31583923,24.0,0.6128969999999994,0.6128969999999994,0.46249999999999997,13.888110548784098,22.0,212.93093655299998,21.0,129.96025854700002,1.2335965999999998,27.5,151.10212968210539,49.69601040539513,33.0
18729,j,capitals,42,state,Wisconsin,Madison,Milwaukee,What is the capital of Wisconsin?,The capital of Wisconsin is,0.284,0.551,1.940140845,False,critical,html-keyboard-response,51,489321,subject_39,67d993866d1d7516d87e97de,67f54fd9e85702fe33a171fc,0.9550883523334456,1,right,0.5120868459579642,3.13448335,2.23414315,1.0,0.006828316610925306,-0.760507775,-9.046759,3.316440125,1.0081592500000003,161.19694813,16.0,0.0,0.0,0.025,8.781973336626725,35.0,233.021284015,20.0,104.89291063499999,0.0,33.0,87.39257794461776,27.410622132151936,33.0
17567,j,capitals,32,state,New York,Albany,New York,What is the capital of New York?,The capital of New York is,0.103,7.937,77.05825243,False,critical,html-keyboard-response,53,507891,subject_39,67d993866d1d7516d87e97de,67f54fd9e85702fe33a171fc,0.9550883523334456,1,right,0.3880182264950454,2.31160665,4.8018915,1.0,0.07179487179487179,-0.40196120999999996,-4.7547025000000005,3.14106469,-1.30574515,164.00049312,18.0,4.1901697,3.862285,0.6875,15.47453789415244,25.5,229.375925891,15.0,53.021560058999995,59.8069269,27.0,75.81720478275057,45.627494070248844,27.0
19855,j,capitals,41,state,Washington,Olympia,Seattle,What is the capital of Washington?,The capital of Washington is,0.0558,0.765,13.70967742,False,critical,html-keyboard-response,55,528748,subject_39,67d993866d1d7516d87e97de,67f54fd9e85702fe33a171fc,0.9550883523334456,1,right,0.6323116871931159,2.4590736499999997,3.76935035,1.0,0.018367961457392352,-0.44257853999999996,-7.3950467,3.85359726,-2.2241997000000007,144.06035742999998,23.0,4.896856099999999,4.896856099999999,0.6625000000000001,14.217480554285576,25.5,250.7986976015,25.0,103.96332209849999,33.6275834,16.0,99.67318648330391,49.08176857829807,25.0
2201,j,capitals,4,country,India,New Delhi,Mumbai,What is the capital of India?,The capital of India is,0.206,22.1,107.2815534,True,critical,html-keyboard-response,57,531951,subject_39,67d993866d1d7516d87e97de,67f54fd9e85702fe33a171fc,0.9550883523334456,0,right,-1.2526344470567683,3.3890189,1.4282650000000001,1.0,0.06971153846153846,-1.1690336,-6.6849964,4.1036254,2.7211151000000005,151.45156923500002,14.0,2.3097963499999996,1.1339184999999992,0.425,9.901198823968304,30.0,227.81903473,16.0,94.28140192000001,13.430843800000002,8.0,81.85221999731655,37.65522312456052,32.0
1346,f,capitals,35,state,Oregon,Salem,Portland,What is the capital of Oregon?,The capital of Oregon is,0.178,0.615,3.45505618,False,critical,html-keyboard-response,59,534299,subject_39,67d993866d1d7516d87e97de,67f54fd9e85702fe33a171fc,0.9550883523334456,0,left,-1.343924179966231,3.87003685,0.9559546750000001,1.0,0.02684931506849315,-1.33495845,-8.585685999999999,2.0863518,0.6543089999999996,153.11513470199998,18.0,4.49311111,4.49311111,0.6875,9.833651245669653,33.5,221.757705704,20.0,88.948261346,12.927848335,34.0,127.8462239789101,66.26897622229141,34.0
18442,f,capitals,20,state,Kentucky,Frankfort,Louisville,What is the capital of Kentucky?,The capital of Kentucky is,0.0281,0.617,21.95729537,True,critical,html-keyboard-response,61,553743,subject_39,67d993866d1d7516d87e97de,67f54fd9e85702fe33a171fc,0.9550883523334456,1,left,0.4814433917532673,3.0547366,2.2666612,1.0,0.000659358843533807,-0.74241135,-11.6135325,2.1753297,-0.9483945,176.88001325,18.0,5.5287013,4.96804475,0.75,4.405366338069108,37.0,336.0411206,26.0,22.964224,60.86410575,26.0,72.27622371274914,51.10917786191476,26.0
2048,j,capitals,5,country,Morrocco,Rabat,Marrakesh,What is the capital of Morrocco?,The capital of Morrocco is,2.02,1.085,0.5371287129,False,critical,html-keyboard-response,63,556793,subject_39,67d993866d1d7516d87e97de,67f54fd9e85702fe33a171fc,0.9550883523334456,1,right,-1.2689705045247774,4.06911815,3.926867,1.0,0.001930509063232023,-1.06717185,-9.534113999999999,2.73666185,-0.551412,192.02520429999998,22.5,5.353308500000001,3.0599705000000004,0.6125,7.031879522295083,33.0,303.121009725,22.5,42.028869125,59.422086599999986,14.5,71.26685811006843,54.04151717765417,23.0
25056,j,capitals,19,state,Kansas,Topeka,Wichita,What is the capital of Kansas?,The capital of Kansas is,0.125,0.395,3.16,False,critical,html-keyboard-response,65,582851,subject_39,67d993866d1d7516d87e97de,67f54fd9e85702fe33a171fc,0.9550883523334456,1,right,1.187630869487987,3.69316615,2.64080265,1.0,0.010417797069994574,-1.07303922,-8.168856,1.73419138,-0.5498905999999999,162.288778245,35.0,2.9706022499999998,1.7607325999999994,0.5625,10.046628532789011,33.0,233.6914373035,18.0,65.7761040965,17.125884900000003,35.0,90.36345231361148,54.06264558247349,35.0
16015,f,capitals,18,state,Illinois,Springfield,Chicago,What is the capital of Illinois?,The capital of Illinois is,0.111,2.612,23.53153153,True,critical,html-keyboard-response,67,599868,subject_39,67d993866d1d7516d87e97de,67f54fd9e85702fe33a171fc,0.9550883523334456,1,left,0.2223086762313194,3.7229846,2.02082935,1.0,0.0037192282102461744,-1.0637694,-9.972052999999999,1.8728581000000002,-5.79218335,170.65176035000002,18.0,8.6360925,8.6360925,0.675,5.610516716755836,37.0,311.23248041500005,22.5,49.248491285,81.37087019,25.0,83.27137832278736,56.50312887381918,25.0
10122,j,capitals,21,state,Louisiana,Baton Rouge,New Orleans,What is the capital of Louisiana?,The capital of Louisiana is,0.215,0.351,1.63255814,True,critical,html-keyboard-response,69,610993,subject_39,67d993866d1d7516d87e97de,67f54fd9e85702fe33a171fc,0.9550883523334456,0,right,-0.4068964653306251,2.79039935,2.0269129,1.0,0.0034954039671020805,-0.60054295,-9.8353815,2.3737587500000004,-2.482563500000001,172.31991220000003,18.0,5.1981744999999995,3.793621,0.6875,7.716095282905707,34.5,282.68865437,20.0,29.084738729999994,68.09929645,24.5,62.8804213583455,54.76974795931437,27.0
1646,j,capitals,6,country,New Zealand,Wellington,Auckland,What is the capital of New Zealand?,The capital of New Zealand is,0.428,1.711,3.997663551,True,critical,html-keyboard-response,71,613642,subject_39,67d993866d1d7516d87e97de,67f54fd9e85702fe33a171fc,0.9550883523334456,0,right,-1.3118926947348406,4.244933850000001,2.3052439,1.0,0.008300041328006613,-1.7685506,-8.672815499999999,2.1210044999999997,0.577696500000001,145.06194,14.0,4.1641122,4.1641122,0.5,13.508204608971669,26.0,251.64753062350002,26.0,86.95005627649999,49.788739050000004,26.0,100.41858076823004,69.00830151646427,29.0
1510,j,capitals,38,state,Texas,Austin,Houston,What is the capital of Texas?,The capital of Texas is,0.989,2.324,2.349848332,False,critical,html-keyboard-response,73,616154,subject_39,67d993866d1d7516d87e97de,67f54fd9e85702fe33a171fc,0.9550883523334456,1,right,-1.3264136347064042,2.7289062,3.68736335,1.0,0.08712121212121213,-0.506320885,-4.40157605,4.012876565,1.53352215,151.14799460999998,11.0,0.08562525000000054,0.08562525000000054,0.35,19.22278273641858,20.0,198.241569792,15.0,136.22196335799998,0.08562525000000054,10.5,81.3456051528303,15.975005422746095,35.0
19912,j,capitals,25,state,Minnesota,St. Paul,Minneapolis,What is the capital of Minnesota?,The capital of Minnesota is,0.299,0.421,1.408026756,False,critical,html-keyboard-response,75,637067,subject_39,67d993866d1d7516d87e97de,67f54fd9e85702fe33a171fc,0.9550883523334456,1,right,0.6383976693870801,3.58195065,1.6521141,1.0,0.017392619479733817,-1.4853812,-8.023998,2.1170464,1.1057884999999996,150.791991795,18.0,6.11360015,6.11360015,0.875,3.3354361793014986,36.5,291.73495485,35.0,30.489669350000007,37.57722344999999,35.0,64.16242236428235,64.57921294960164,35.0
2045,j,capitals,27,state,Nebraska,Lincoln,Omaha,What is the capital of Nebraska?,The capital of Nebraska is,0.297,0.477,1.606060606,False,critical,html-keyboard-response,77,640113,subject_39,67d993866d1d7516d87e97de,67f54fd9e85702fe33a171fc,0.9550883523334456,1,right,-1.2692908193770915,3.40945435,2.88149385,1.0,0.002427404976322155,-0.90226395,-9.880027,1.9579811500000002,-0.6194575000000002,166.84559195,14.0,6.48387735,5.795127749999999,0.9875,3.0583791478084397,38.0,334.6421603,20.0,16.19795,78.670469,18.0,81.67707104491953,87.8184827648541,24.0
2345,f,capitals,34,state,North Dakota,Bismarck,Fargo,What is the capital of North Dakota?,The capital of North Dakota is,0.076,0.138,1.815789474,True,critical,html-keyboard-response,79,643461,subject_39,67d993866d1d7516d87e97de,67f54fd9e85702fe33a171fc,0.9550883523334456,1,left,-1.237259334145701,3.1886295000000002,1.6228072999999998,1.0,0.04464285714285714,-0.8373848349999999,-6.98899085,3.346709315,2.0134886500000007,158.9716758025,18.0,1.0428039999999998,1.0428039999999998,0.425,10.24716289924514,32.5,181.48586626009998,20.0,91.95245258989999,1.3760648999999998,25.0,78.67897042291708,25.245962637347155,34.5
24068,f,capitals,26,state,Montana,Helena,Billings,What is the capital of Montana?,The capital of Montana is,0.0359,0.123,3.426183844,True,critical,html-keyboard-response,81,668532,subject_39,67d993866d1d7516d87e97de,67f54fd9e85702fe33a171fc,0.9550883523334456,1,left,1.0821405114592744,4.00716885,2.3871716000000003,1.0,0.0004472704898291971,-1.22599375,-12.036882250000001,2.2819052,-1.00467525,175.57409865,18.0,2.4909772499999994,2.1745497500000006,0.5875,6.831399328645267,33.0,299.00474067,20.0,76.68242387999999,24.127286050000002,24.0,98.87916742139757,43.100083383269855,28.5
17540,f,capitals,39,state,Vermont,Montpelier,Burlington,What is the capital of Vermont?,The capital of Vermont is,0.0079,0.0444,5.620253165,True,critical,html-keyboard-response,83,687074,subject_39,67d993866d1d7516d87e97de,67f54fd9e85702fe33a171fc,0.9550883523334456,1,left,0.3851353928242204,2.8268120999999997,0.75283587,1.0,0.0034998085574806164,-0.637835275,-11.6183655,2.518385875,0.32600349999999967,158.75225502,18.0,2.6147142499999996,2.5662552499999993,0.44999999999999996,6.6844704108256,35.0,288.368095275,20.0,52.797800275,17.347483000000004,23.0,87.53368163162845,59.445257727624245,23.0
22078,j,capitals,36,state,Pennsylvania,Harrisburg,Philadelphia,What is the capital of Pennsylvania?,The capital of Pennsylvania is,0.05,1.517,30.34,True,critical,html-keyboard-response,85,710154,subject_39,67d993866d1d7516d87e97de,67f54fd9e85702fe33a171fc,0.9550883523334456,0,right,0.8696649927577185,3.80286055,1.2945525999999998,1.0,0.005201455329470422,-0.971369375,-10.090643,2.9000446250000005,-0.7811735000000004,169.40291199,18.0,4.7394538,4.5681133,0.6625000000000001,12.812658898193753,26.5,280.7955821475,22.5,70.13658115249999,36.52358815000001,24.0,104.5548823855986,47.04693462155399,24.0
16955,f,capitals,1,country,Australia,Canberra,Sydney,What is the capital of Australia?,The capital of Australia is,0.483,5.249,10.86749482,False,critical,html-keyboard-response,87,728111,subject_39,67d993866d1d7516d87e97de,67f54fd9e85702fe33a171fc,0.9550883523334456,0,left,0.3226739966230091,2.91766655,1.443579,1.0,0.013910060975609756,-0.732931825,-9.718684,2.424576675,-3.10026675,135.81862900000002,16.0,4.71659925,4.71659925,0.7,13.549338958870404,26.5,205.0319132245,16.0,133.7638296255,27.787327949999998,27.0,115.01755520776328,61.294825054348195,27.0
16293,j,capitals,10,country,Turkey,Ankara,Istanbul,What is the capital of Turkey?,The capital of Turkey is,5.55,16.24,2.926126126,False,critical,html-keyboard-response,89,745406,subject_39,67d993866d1d7516d87e97de,67f54fd9e85702fe33a171fc,0.9550883523334456,1,right,0.2519911858790744,3.7206935999999997,3.6190253,1.0,0.0140625,-1.049432,-7.22749025,1.77928585,-1.0519376499999997,181.67489892999998,14.0,3.36303155,3.36303155,0.7875000000000001,7.10805059345744,34.0,232.28671097749998,0.0,68.73258667249999,23.91809185,34.0,109.98791459488866,68.21821684179301,34.0
4615,j,capitals,41,state,Washington,Olympia,Seattle,What is the capital of Washington?,The capital of Washington is,0.0558,0.765,13.70967742,False,critical,html-keyboard-response,11,90189,subject_3,67d993866d1d7516d87e97de,67f551c74b27a832a4e249da,0.0300374819571467,1,right,2.519739260057003,2.4590736499999997,3.76935035,1.0,0.018367961457392352,-0.44257853999999996,-7.3950467,3.85359726,-2.2241997000000007,144.06035742999998,23.0,4.896856099999999,4.896856099999999,0.6625000000000001,14.217480554285576,25.5,250.7986976015,25.0,103.96332209849999,33.6275834,16.0,99.67318648330391,49.08176857829807,25.0
2814,j,capitals,15,state,Connecticut,Hartford,Bridgeport,What is the capital of Connecticut?,The capital of Connecticut is,0.119,0.148,1.243697479,True,critical,html-keyboard-response,13,94013,subject_3,67d993866d1d7516d87e97de,67f551c74b27a832a4e249da,0.0300374819571467,0,right,0.3123629240457015,4.152413,2.4941535000000004,1.0,0.012903762903762904,-1.2379590999999999,-8.185617,4.8248759,4.25825,176.1870492,16.0,0.7039874999999993,0.7039874999999993,0.3,12.984765384964998,24.0,278.35317808,20.0,187.17906882,0.754308,10.5,97.3336617897597,26.70347104409089,31.0
3225,j,capitals,16,state,Delaware,Dover,Wilmington,What is the capital of Delaware?,The capital of Delaware is,0.0403,0.0722,1.791563275,False,critical,html-keyboard-response,15,98253,subject_3,67d993866d1d7516d87e97de,67f551c74b27a832a4e249da,0.0300374819571467,1,right,0.816100666466937,4.2341493,0.72218523,1.0,0.012666345999679333,-1.74989815,-9.680467,0.94623425,3.385187,168.90373542999998,18.0,0.0,0.0,0.025,6.774399509720723,34.0,229.367487715,20.0,115.99101648500002,0.0,34.5,110.70916324533087,58.08677270925415,34.5
3082,j,capitals,8,country,South Africa,Pretoria,Johannesburg,What is the capital of South Africa?,The capital of South Africa is,3.0,6.4,2.133333333,True,critical,html-keyboard-response,17,102349,subject_3,67d993866d1d7516d87e97de,67f551c74b27a832a4e249da,0.0300374819571467,0,right,0.640834250004074,4.3614197,2.7407284,1.0,0.005607622617931896,-2.11893455,-8.995401000000001,2.2255171,-0.9749508000000002,168.89477075,14.0,4.743248,4.743248,0.8125,6.902744233458726,33.0,261.79318212500004,33.0,107.26548872500001,40.14546490000001,33.0,126.64268622248599,90.68654232034928,33.5
2293,j,capitals,36,state,Pennsylvania,Harrisburg,Philadelphia,What is the capital of Pennsylvania?,The capital of Pennsylvania is,0.05,1.517,30.34,True,critical,html-keyboard-response,19,105653,subject_3,67d993866d1d7516d87e97de,67f551c74b27a832a4e249da,0.0300374819571467,0,right,-0.3261951387315823,3.80286055,1.2945525999999998,1.0,0.005201455329470422,-0.971369375,-10.090643,2.9000446250000005,-0.7811735000000004,169.40291199,18.0,4.7394538,4.5681133,0.6625000000000001,12.812658898193753,26.5,280.7955821475,22.5,70.13658115249999,36.52358815000001,24.0,104.5548823855986,47.04693462155399,24.0
2078,j,capitals,12,state,Alabama,Montgomery,Birmingham,What is the capital of Alabama?,The capital of Alabama is,0.192,0.194,1.010416667,True,critical,html-keyboard-response,21,108741,subject_3,67d993866d1d7516d87e97de,67f551c74b27a832a4e249da,0.0300374819571467,0,right,-0.5897075830638587,3.1154528,2.2013875499999997,1.0,0.003584966270478638,-0.7024276,-9.767927,3.1901363,-1.4417109999999997,171.89705985,16.0,5.234766799999999,5.234766799999999,0.725,8.879740567094881,31.0,283.66813919000003,20.0,35.182526159999995,72.3701839,11.0,72.1080126268425,56.93717089653546,31.0
2085,j,capitals,31,state,New Mexico,Santa Fe,Albuquerque,What is the capital of New Mexico?,The capital of New Mexico is,0.0901,0.557,6.182019978,False,critical,html-keyboard-response,23,111829,subject_3,67d993866d1d7516d87e97de,67f551c74b27a832a4e249da,0.0300374819571467,1,right,-0.5811281081321102,3.0991414500000003,1.3244324,1.0,0.014238667183262301,-0.69803795,-9.098272999999999,2.46943,0.3069240000000004,166.6062263,18.0,5.093978,3.5249351500000006,0.525,8.033448780088444,31.0,260.480373305,20.0,49.826687745000015,48.39635365000001,19.0,84.180459503387,57.783921029115376,24.0
2304,f,capitals,19,state,Kansas,Topeka,Wichita,What is the capital of Kansas?,The capital of Kansas is,0.125,0.395,3.16,False,critical,html-keyboard-response,25,115149,subject_3,67d993866d1d7516d87e97de,67f551c74b27a832a4e249da,0.0300374819571467,0,left,-0.3127131066959774,3.69316615,2.64080265,1.0,0.010417797069994574,-1.07303922,-8.168856,1.73419138,-0.5498905999999999,162.288778245,35.0,2.9706022499999998,1.7607325999999994,0.5625,10.046628532789011,33.0,233.6914373035,18.0,65.7761040965,17.125884900000003,35.0,90.36345231361148,54.06264558247349,35.0
4342,f,capitals,10,country,Turkey,Ankara,Istanbul,What is the capital of Turkey?,The capital of Turkey is,5.55,16.24,2.926126126,True,critical,html-keyboard-response,27,120509,subject_3,67d993866d1d7516d87e97de,67f551c74b27a832a4e249da,0.0300374819571467,1,left,2.1851397377188104,3.7206935999999997,3.6190253,1.0,0.0140625,-1.049432,-7.22749025,1.77928585,-1.0519376499999997,181.67489892999998,14.0,3.36303155,3.36303155,0.7875000000000001,7.10805059345744,34.0,232.28671097749998,0.0,68.73258667249999,23.91809185,34.0,109.98791459488866,68.21821684179301,34.0
3536,j,capitals,21,state,Louisiana,Baton Rouge,New Orleans,What is the capital of Louisiana?,The capital of Louisiana is,0.215,0.351,1.63255814,True,critical,html-keyboard-response,29,125053,subject_3,67d993866d1d7516d87e97de,67f551c74b27a832a4e249da,0.0300374819571467,0,right,1.1972744812917648,2.79039935,2.0269129,1.0,0.0034954039671020805,-0.60054295,-9.8353815,2.3737587500000004,-2.482563500000001,172.31991220000003,18.0,5.1981744999999995,3.793621,0.6875,7.716095282905707,34.5,282.68865437,20.0,29.084738729999994,68.09929645,24.5,62.8804213583455,54.76974795931437,27.0
2966,f,capitals,37,state,South Dakota,Pierre,Sioux Falls,What is the capital of South Dakota?,The capital of South Dakota is,0.0138,0.215,15.57971014,False,critical,html-keyboard-response,31,129029,subject_3,67d993866d1d7516d87e97de,67f551c74b27a832a4e249da,0.0300374819571467,0,left,0.4986600939922412,3.88962435,1.9988037,1.0,0.006089036055923473,-1.041340035,-9.381435,2.440622765,3.5832957499999987,176.86631975,18.0,2.7437485000000006,2.3335944999999993,0.45,6.963136166388008,32.0,279.15120511,20.0,98.78975829,20.867091999999992,16.0,89.17083306707906,49.97454210007436,26.0
1989,f,capitals,6,country,New Zealand,Wellington,Auckland,What is the capital of New Zealand?,The capital of New Zealand is,0.428,1.711,3.997663551,False,critical,html-keyboard-response,33,132021,subject_3,67d993866d1d7516d87e97de,67f551c74b27a832a4e249da,0.0300374819571467,0,left,-0.6987894786246616,4.244933850000001,2.3052439,1.0,0.008300041328006613,-1.7685506,-8.672815499999999,2.1210044999999997,0.577696500000001,145.06194,14.0,4.1641122,4.1641122,0.5,13.508204608971669,26.0,251.64753062350002,26.0,86.95005627649999,49.788739050000004,26.0,100.41858076823004,69.00830151646427,29.0
2037,j,capitals,27,state,Nebraska,Lincoln,Omaha,What is the capital of Nebraska?,The capital of Nebraska is,0.297,0.477,1.606060606,True,critical,html-keyboard-response,35,135061,subject_3,67d993866d1d7516d87e97de,67f551c74b27a832a4e249da,0.0300374819571467,0,right,-0.6399587933783859,3.40945435,2.88149385,1.0,0.002427404976322155,-0.90226395,-9.880027,1.9579811500000002,-0.6194575000000002,166.84559195,14.0,6.48387735,5.795127749999999,0.9875,3.0583791478084397,38.0,334.6421603,20.0,16.19795,78.670469,18.0,81.67707104491953,87.8184827648541,24.0
1853,f,capitals,39,state,Vermont,Montpelier,Burlington,What is the capital of Vermont?,The capital of Vermont is,0.0079,0.0444,5.620253165,True,critical,html-keyboard-response,37,137925,subject_3,67d993866d1d7516d87e97de,67f551c74b27a832a4e249da,0.0300374819571467,1,left,-0.865476420155776,2.8268120999999997,0.75283587,1.0,0.0034998085574806164,-0.637835275,-11.6183655,2.518385875,0.32600349999999967,158.75225502,18.0,2.6147142499999996,2.5662552499999993,0.44999999999999996,6.6844704108256,35.0,288.368095275,20.0,52.797800275,17.347483000000004,23.0,87.53368163162845,59.445257727624245,23.0
3065,f,capitals,26,state,Montana,Helena,Billings,What is the capital of Montana?,The capital of Montana is,0.0359,0.123,3.426183844,True,critical,html-keyboard-response,39,141997,subject_3,67d993866d1d7516d87e97de,67f551c74b27a832a4e249da,0.0300374819571467,1,left,0.6199983823126848,4.00716885,2.3871716000000003,1.0,0.0004472704898291971,-1.22599375,-12.036882250000001,2.2819052,-1.00467525,175.57409865,18.0,2.4909772499999994,2.1745497500000006,0.5875,6.831399328645267,33.0,299.00474067,20.0,76.68242387999999,24.127286050000002,24.0,98.87916742139757,43.100083383269855,28.5
1587,j,capitals,17,state,Florida,Tallahassee,Jacksonville,What is the capital of Florida?,The capital of Florida is,0.205,1.008,4.917073171,True,critical,html-keyboard-response,41,144597,subject_3,67d993866d1d7516d87e97de,67f551c74b27a832a4e249da,0.0300374819571467,0,right,-1.1914964675622204,3.563912,2.6319027999999998,1.0,0.008519591611479029,-0.95531795,-8.4452955,4.38171585,1.3466129999999996,162.1489442425,23.5,1.2571029,1.2571029,0.48750000000000004,9.093065063976583,33.0,222.1497324065,20.0,145.26711409350003,2.21744865,24.0,154.13877107879688,46.03097986487076,33.0
2489,f,capitals,13,state,Alaska,Juneau,Anchorage,What is the capital of Alaska?,The capital of Alaska is,0.0311,0.283,9.099678457,False,critical,html-keyboard-response,43,148093,subject_3,67d993866d1d7516d87e97de,67f551c74b27a832a4e249da,0.0300374819571467,0,left,-0.0859698406426233,4.0331867,1.032167785,1.0,0.0012974288388852195,-1.38228545,-12.390654,1.9327201,-2.1549560000000003,158.058188835,18.0,4.9375237,4.9375237,0.9624999999999999,2.4642328656242176,37.0,348.27460882,33.0,8.84634368,72.57630929999998,37.0,50.961827169017766,61.5026154449013,37.0
1561,j,capitals,4,country,India,New Delhi,Mumbai,What is the capital of India?,The capital of India is,0.206,22.1,107.2815534,False,critical,html-keyboard-response,45,150661,subject_3,67d993866d1d7516d87e97de,67f551c74b27a832a4e249da,0.0300374819571467,1,right,-1.2233630887372864,3.3890189,1.4282650000000001,1.0,0.06971153846153846,-1.1690336,-6.6849964,4.1036254,2.7211151000000005,151.45156923500002,14.0,2.3097963499999996,1.1339184999999992,0.425,9.901198823968304,30.0,227.81903473,16.0,94.28140192000001,13.430843800000002,8.0,81.85221999731655,37.65522312456052,32.0
2186,f,capitals,30,state,New Jersey,Trenton,Newark,What is the capital of New Jersey?,The capital of New Jersey is,0.0898,0.306,3.407572383,False,critical,html-keyboard-response,47,153861,subject_3,67d993866d1d7516d87e97de,67f551c74b27a832a4e249da,0.0300374819571467,0,left,-0.4573385412597385,3.3090056,1.82140345,1.0,0.0016363743403658628,-0.84072134,-10.924448,3.76701416,-4.2521546,156.04382572,18.0,6.901956650000001,6.901956650000001,0.725,8.925782555854742,34.5,273.68847277500004,22.0,47.345132775,80.49773385,24.5,88.88474869929352,60.16044669384837,28.5
2636,f,capitals,38,state,Texas,Austin,Houston,What is the capital of Texas?,The capital of Texas is,0.989,2.324,2.349848332,True,critical,html-keyboard-response,49,157509,subject_3,67d993866d1d7516d87e97de,67f551c74b27a832a4e249da,0.0300374819571467,1,left,0.0941991329240959,2.7289062,3.68736335,1.0,0.08712121212121213,-0.506320885,-4.40157605,4.012876565,1.53352215,151.14799460999998,11.0,0.08562525000000054,0.08562525000000054,0.35,19.22278273641858,20.0,198.241569792,15.0,136.22196335799998,0.08562525000000054,10.5,81.3456051528303,15.975005422746095,35.0
4263,j,capitals,32,state,New York,Albany,New York,What is the capital of New York?,The capital of New York is,0.103,7.937,77.05825243,True,critical,html-keyboard-response,51,162789,subject_3,67d993866d1d7516d87e97de,67f551c74b27a832a4e249da,0.0300374819571467,0,right,2.0883142349176484,2.31160665,4.8018915,1.0,0.07179487179487179,-0.40196120999999996,-4.7547025000000005,3.14106469,-1.30574515,164.00049312,18.0,4.1901697,3.862285,0.6875,15.47453789415244,25.5,229.375925891,15.0,53.021560058999995,59.8069269,27.0,75.81720478275057,45.627494070248844,27.0
2991,j,capitals,23,state,Maryland,Annapolis,Baltimore,What is the capital of Maryland?,The capital of Maryland is,0.0403,0.553,13.72208437,True,critical,html-keyboard-response,53,166789,subject_3,67d993866d1d7516d87e97de,67f551c74b27a832a4e249da,0.0300374819571467,0,right,0.5293010758913431,3.6610867999999996,1.99519565,1.0,0.007435328135488201,-1.006010815,-9.066941499999999,2.3947849850000003,-2.0526531999999995,171.39884055,18.0,5.272523,5.272523,0.7124999999999999,8.627807633730525,31.0,269.905489795,21.0,82.80523015499999,30.549259500000005,17.5,88.24512507064568,61.977535890917494,35.0
2297,f,capitals,18,state,Illinois,Springfield,Chicago,What is the capital of Illinois?,The capital of Illinois is,0.111,2.612,23.53153153,False,critical,html-keyboard-response,55,170093,subject_3,67d993866d1d7516d87e97de,67f551c74b27a832a4e249da,0.0300374819571467,0,left,-0.321292581627726,3.7229846,2.02082935,1.0,0.0037192282102461744,-1.0637694,-9.972052999999999,1.8728581000000002,-5.79218335,170.65176035000002,18.0,8.6360925,8.6360925,0.675,5.610516716755836,37.0,311.23248041500005,22.5,49.248491285,81.37087019,25.0,83.27137832278736,56.50312887381918,25.0
1770,f,capitals,35,state,Oregon,Salem,Portland,What is the capital of Oregon?,The capital of Oregon is,0.178,0.615,3.45505618,False,critical,html-keyboard-response,57,172877,subject_3,67d993866d1d7516d87e97de,67f551c74b27a832a4e249da,0.0300374819571467,0,left,-0.9672044800607944,3.87003685,0.9559546750000001,1.0,0.02684931506849315,-1.33495845,-8.585685999999999,2.0863518,0.6543089999999996,153.11513470199998,18.0,4.49311111,4.49311111,0.6875,9.833651245669653,33.5,221.757705704,20.0,88.948261346,12.927848335,34.0,127.8462239789101,66.26897622229141,34.0
1755,f,capitals,3,country,Canada,Ottawa,Toronto,What is the capital of Canada?,The capital of Canada is,1.465,6.491,4.430716724,True,critical,html-keyboard-response,59,175645,subject_3,67d993866d1d7516d87e97de,67f551c74b27a832a4e249da,0.0300374819571467,1,left,-0.9855890692002556,3.41186485,1.57882065,1.0,0.09166666666666667,-0.8216695,-5.87537415,3.39860975,-1.0815602000000002,151.21389025500002,16.0,1.62056305,1.62056305,0.55,18.015003869553816,21.0,209.80200216699998,15.0,104.683861683,9.282030650000001,24.5,78.4247090436364,17.054693758663674,27.0
4626,f,capitals,11,country,United Arab Emirates,Abu Dhabi,Dubai,What is the capital of the United Arab Emirates?,The capital of the United Arab Emirates is,1.6,3.1,1.9375,True,critical,html-keyboard-response,61,181277,subject_3,67d993866d1d7516d87e97de,67f551c74b27a832a4e249da,0.0300374819571467,1,left,2.533221292092608,3.6339115499999997,2.33935815,1.0,0.00522367703218767,-1.0856354000000001,-9.346349,2.50591525,-0.6000735000000006,159.839143965,14.0,3.36275555,3.36275555,0.65,9.84413945872573,31.0,260.0233028075,0.0,72.79101454250001,22.182172549999997,33.0,96.97781470445022,51.8589082146157,33.0
2577,j,capitals,5,country,Morrocco,Rabat,Marrakesh,What is the capital of Morrocco?,The capital of Morrocco is,2.02,1.085,0.5371287129,True,critical,html-keyboard-response,63,184869,subject_3,67d993866d1d7516d87e97de,67f551c74b27a832a4e249da,0.0300374819571467,0,right,0.0218864156422154,4.06911815,3.926867,1.0,0.001930509063232023,-1.06717185,-9.534113999999999,2.73666185,-0.551412,192.02520429999998,22.5,5.353308500000001,3.0599705000000004,0.6125,7.031879522295083,33.0,303.121009725,22.5,42.028869125,59.422086599999986,14.5,71.26685811006843,54.04151717765417,23.0
1825,j,capitals,40,state,Virginia,Richmond,Virginia Beach,What is the capital of Virginia?,The capital of Virginia is,0.231,0.45,1.948051948,False,critical,html-keyboard-response,65,187701,subject_3,67d993866d1d7516d87e97de,67f551c74b27a832a4e249da,0.0300374819571467,1,right,-0.8997943198827701,4.120711549999999,3.5882533,1.0,0.02312889812889813,-1.16916945,-6.914387700000001,2.59017605,0.19082209999999966,175.71893075000003,18.5,2.56121715,2.56121715,0.7,5.77276122250901,38.0,284.03714405,20.0,35.25386895,25.267003600000002,18.0,46.35421140072588,30.54006897158279,36.0
2446,j,capitals,29,state,New Hampshire,Concord,Manchester,What is the capital of New Hampshire?,The capital of New Hampshire is,0.0449,0.115,2.561247216,False,critical,html-keyboard-response,67,191157,subject_3,67d993866d1d7516d87e97de,67f551c74b27a832a4e249da,0.0300374819571467,1,right,-0.1386723295090786,3.8924572,2.5146651,1.0,0.00224755864290748,-1.1561135,-10.1354995,2.64535425,0.8996589999999998,168.00271485000002,18.0,0.0,0.0,0.025,8.377304174979542,32.5,253.08660677999998,20.0,138.81277821999998,0.0,27.0,98.10982957505266,32.00701641793163,32.0
2625,j,capitals,25,state,Minnesota,St. Paul,Minneapolis,What is the capital of Minnesota?,The capital of Minnesota is,0.299,0.421,1.408026756,True,critical,html-keyboard-response,69,194797,subject_3,67d993866d1d7516d87e97de,67f551c74b27a832a4e249da,0.0300374819571467,0,right,0.080717100888491,3.58195065,1.6521141,1.0,0.017392619479733817,-1.4853812,-8.023998,2.1170464,1.1057884999999996,150.791991795,18.0,6.11360015,6.11360015,0.875,3.3354361793014986,36.5,291.73495485,35.0,30.489669350000007,37.57722344999999,35.0,64.16242236428235,64.57921294960164,35.0
1417,f,capitals,28,state,Nevada,Carson City,Las Vegas,What is the capital of Nevada?,The capital of Nevada is,0.0576,0.67,11.63194444,False,critical,html-keyboard-response,71,197229,subject_3,67d993866d1d7516d87e97de,67f551c74b27a832a4e249da,0.0300374819571467,0,left,-1.3998551444761134,3.21408655,2.2825403,1.0,0.009556159420289855,-0.7483732750000001,-8.5907935,3.2634109749999998,0.3897780000000006,154.31583923,24.0,0.6128969999999994,0.6128969999999994,0.46249999999999997,13.888110548784098,22.0,212.93093655299998,21.0,129.96025854700002,1.2335965999999998,27.5,151.10212968210539,49.69601040539513,33.0
3280,j,capitals,34,state,North Dakota,Bismarck,Fargo,What is the capital of North Dakota?,The capital of North Dakota is,0.076,0.138,1.815789474,True,critical,html-keyboard-response,73,201517,subject_3,67d993866d1d7516d87e97de,67f551c74b27a832a4e249da,0.0300374819571467,0,right,0.8835108266449613,3.1886295000000002,1.6228072999999998,1.0,0.04464285714285714,-0.8373848349999999,-6.98899085,3.346709315,2.0134886500000007,158.9716758025,18.0,1.0428039999999998,1.0428039999999998,0.425,10.24716289924514,32.5,181.48586626009998,20.0,91.95245258989999,1.3760648999999998,25.0,78.67897042291708,25.245962637347155,34.5
2206,f,capitals,33,state,North Carolina,Raleigh,Charlotte,What is the capital of North Carolina?,The capital of North Carolina is,0.494,0.935,1.892712551,False,critical,html-keyboard-response,75,204725,subject_3,67d993866d1d7516d87e97de,67f551c74b27a832a4e249da,0.0300374819571467,0,left,-0.432825755740457,3.9989741,1.4837299000000002,1.0,0.017565485362095533,-1.2707921500000001,-8.2403645,2.6944252,2.3565879999999995,167.86508935,18.0,1.4855458000000001,1.4855458000000001,0.7124999999999999,8.574116496188747,32.5,209.911716892,20.0,142.86702770799997,5.01324945,7.0,125.69617107504936,62.09856014494803,35.0
2991,f,capitals,14,state,California,Sacramento,Los Angeles,What is the capital of California?,The capital of California is,0.527,3.8,7.210626186,False,critical,html-keyboard-response,77,208733,subject_3,67d993866d1d7516d87e97de,67f551c74b27a832a4e249da,0.0300374819571467,0,left,0.5293010758913431,2.8312225,3.369704,1.0,0.1,-0.63638328,-4.58591525,4.79400397,-0.5027754,142.854805135,14.5,5.676533999999999,5.419304,0.5875,18.10634188869909,22.0,220.35396464500002,17.5,113.277399355,50.27004185000001,25.5,97.10799675216575,25.585019619395112,25.0
1988,f,capitals,22,state,Maine,Augusta,Portland,What is the capital of Maine?,The capital of Maine is,0.0192,0.0695,3.619791667,True,critical,html-keyboard-response,79,211733,subject_3,67d993866d1d7516d87e97de,67f551c74b27a832a4e249da,0.0300374819571467,1,left,-0.7000151179006256,3.7875023,2.4801948,1.0,0.0016831873627990133,-1.0323926499999998,-10.4254775,2.0421341999999996,-1.8715164999999994,169.20454695,18.0,5.94090445,5.94090445,0.95,2.583690266418973,37.0,311.71045002,37.0,44.16688318,51.44942174999999,21.0,71.44560616098389,59.91154959685878,37.0
1874,f,capitals,24,state,Michigan,Lansing,Detroit,What is the capital of Michigan?,The capital of Michigan is,0.112,0.63,5.625,False,critical,html-keyboard-response,81,214621,subject_3,67d993866d1d7516d87e97de,67f551c74b27a832a4e249da,0.0300374819571467,0,left,-0.8397379953605304,3.1715925,0.8199855199999999,1.0,0.020092460881934567,-0.8804468999999999,-8.9095815,2.08088635,-0.3318779999999997,162.992733545,18.0,2.8472903499999997,2.8472903499999997,0.7,7.4411319048798905,35.5,223.482275455,20.0,122.07790124499999,9.68996645,35.0,132.35050610599825,75.15181857684905,35.0
2322,f,capitals,9,country,Switzerland,Bern,Zurich,What is the capital of Switzerland?,The capital of Switzerland is,0.448,1.455,3.247767857,False,critical,html-keyboard-response,83,217949,subject_3,67d993866d1d7516d87e97de,67f551c74b27a832a4e249da,0.0300374819571467,0,left,-0.2906515997286241,4.1456575,2.41449345,0.5,0.0021505425701852632,-1.92965085,-10.040487,1.9507065,-3.461702700000001,159.68889725000002,14.0,4.6987805499999995,4.6987805499999995,0.725,3.5004306147470485,37.0,294.98176505000004,16.0,73.5494113,34.15059715,1.0,73.47320395691726,42.42957016076099,37.0
3095,j,capitals,20,state,Kentucky,Frankfort,Louisville,What is the capital of Kentucky?,The capital of Kentucky is,0.0281,0.617,21.95729537,False,critical,html-keyboard-response,85,222061,subject_3,67d993866d1d7516d87e97de,67f551c74b27a832a4e249da,0.0300374819571467,1,right,0.656767560591607,3.0547366,2.2666612,1.0,0.000659358843533807,-0.74241135,-11.6135325,2.1753297,-0.9483945,176.88001325,18.0,5.5287013,4.96804475,0.75,4.405366338069108,37.0,336.0411206,26.0,22.964224,60.86410575,26.0,72.27622371274914,51.10917786191476,26.0
2450,j,capitals,2,country,Brazil,Brasilia,Rio de Janeiro,What is the capital of Brazil?,The capital of Brazil is,4.99,13.923,2.790180361,False,critical,html-keyboard-response,87,225525,subject_3,67d993866d1d7516d87e97de,67f551c74b27a832a4e249da,0.0300374819571467,1,right,-0.1337697724052223,2.0599417,0.8546364200000001,1.0,0.010916269887353384,-0.37423359,-9.777523500000001,3.12931296,0.3757585000000008,171.91224647,18.0,3.580388749999999,2.5741565,0.55,9.253846674396854,34.0,298.44019958,15.0,47.51553901999999,30.58541265,22.0,58.33967382007255,24.97507531677988,22.0
2030,j,capitals,42,state,Wisconsin,Madison,Milwaukee,What is the capital of Wisconsin?,The capital of Wisconsin is,0.284,0.551,1.940140845,True,critical,html-keyboard-response,89,228565,subject_3,67d993866d1d7516d87e97de,67f551c74b27a832a4e249da,0.0300374819571467,0,right,-0.6485382683101345,3.13448335,2.23414315,1.0,0.006828316610925306,-0.760507775,-9.046759,3.316440125,1.0081592500000003,161.19694813,16.0,0.0,0.0,0.025,8.781973336626725,35.0,233.021284015,20.0,104.89291063499999,0.0,33.0,87.39257794461776,27.410622132151936,33.0
2405,j,capitals,7,country,Pakistan,Islamabad,Karachi,What is the capital of Pakistan?,The capital of Pakistan is,1.3,18.1,13.92307692,False,critical,html-keyboard-response,91,231981,subject_3,67d993866d1d7516d87e97de,67f551c74b27a832a4e249da,0.0300374819571467,1,right,-0.1889235398236057,3.8934075,2.6534792,1.0,0.0019266429313158284,-1.11515545,-10.314565,2.1734213999999996,-4.08459765,183.33887535,14.0,4.08459765,4.08459765,0.675,5.719409224572999,32.5,281.15069095,25.0,33.481899,38.1329444,25.0,81.74658055471438,60.49985834162654,25.0
1508,j,capitals,1,country,Australia,Canberra,Sydney,What is the capital of Australia?,The capital of Australia is,0.483,5.249,10.86749482,True,critical,html-keyboard-response,93,234493,subject_3,67d993866d1d7516d87e97de,67f551c74b27a832a4e249da,0.0300374819571467,0,right,-1.2883219703633824,2.91766655,1.443579,1.0,0.013910060975609756,-0.732931825,-9.718684,2.424576675,-3.10026675,135.81862900000002,16.0,4.71659925,4.71659925,0.7,13.549338958870404,26.5,205.0319132245,16.0,133.7638296255,27.787327949999998,27.0,115.01755520776328,61.294825054348195,27.0
4090,f,capitals,28,state,Nevada,Carson City,Las Vegas,What is the capital of Nevada?,The capital of Nevada is,0.0576,0.67,11.63194444,True,critical,html-keyboard-response,7,180477,subject_40,67d993866d1d7516d87e97de,67f557715c897569330c570e,0.0375486109350182,1,left,0.4614733405074066,3.21408655,2.2825403,1.0,0.009556159420289855,-0.7483732750000001,-8.5907935,3.2634109749999998,0.3897780000000006,154.31583923,24.0,0.6128969999999994,0.6128969999999994,0.46249999999999997,13.888110548784098,22.0,212.93093655299998,21.0,129.96025854700002,1.2335965999999998,27.5,151.10212968210539,49.69601040539513,33.0
2355,j,capitals,10,country,Turkey,Ankara,Istanbul,What is the capital of Turkey?,The capital of Turkey is,5.55,16.24,2.926126126,True,critical,html-keyboard-response,9,183839,subject_40,67d993866d1d7516d87e97de,67f557715c897569330c570e,0.0375486109350182,0,right,-0.2552266237461039,3.7206935999999997,3.6190253,1.0,0.0140625,-1.049432,-7.22749025,1.77928585,-1.0519376499999997,181.67489892999998,14.0,3.36303155,3.36303155,0.7875000000000001,7.10805059345744,34.0,232.28671097749998,0.0,68.73258667249999,23.91809185,34.0,109.98791459488866,68.21821684179301,34.0
2326,j,capitals,8,country,South Africa,Pretoria,Johannesburg,What is the capital of South Africa?,The capital of South Africa is,3.0,6.4,2.133333333,True,critical,html-keyboard-response,11,187180,subject_40,67d993866d1d7516d87e97de,67f557715c897569330c570e,0.0375486109350182,0,right,-0.2672060467797361,4.3614197,2.7407284,1.0,0.005607622617931896,-2.11893455,-8.995401000000001,2.2255171,-0.9749508000000002,168.89477075,14.0,4.743248,4.743248,0.8125,6.902744233458726,33.0,261.79318212500004,33.0,107.26548872500001,40.14546490000001,33.0,126.64268622248599,90.68654232034928,33.5
6143,f,capitals,41,state,Washington,Olympia,Seattle,What is the capital of Washington?,The capital of Washington is,0.0558,0.765,13.70967742,False,critical,html-keyboard-response,13,194331,subject_40,67d993866d1d7516d87e97de,67f557715c897569330c570e,0.0375486109350182,0,left,1.3095338745779872,2.4590736499999997,3.76935035,1.0,0.018367961457392352,-0.44257853999999996,-7.3950467,3.85359726,-2.2241997000000007,144.06035742999998,23.0,4.896856099999999,4.896856099999999,0.6625000000000001,14.217480554285576,25.5,250.7986976015,25.0,103.96332209849999,33.6275834,16.0,99.67318648330391,49.08176857829807,25.0
2818,f,capitals,33,state,North Carolina,Raleigh,Charlotte,What is the capital of North Carolina?,The capital of North Carolina is,0.494,0.935,1.892712551,False,critical,html-keyboard-response,15,198153,subject_40,67d993866d1d7516d87e97de,67f557715c897569330c570e,0.0375486109350182,0,left,-0.0639689387608731,3.9989741,1.4837299000000002,1.0,0.017565485362095533,-1.2707921500000001,-8.2403645,2.6944252,2.3565879999999995,167.86508935,18.0,1.4855458000000001,1.4855458000000001,0.7124999999999999,8.574116496188747,32.5,209.911716892,20.0,142.86702770799997,5.01324945,7.0,125.69617107504936,62.09856014494803,35.0
1924,f,capitals,30,state,New Jersey,Trenton,Newark,What is the capital of New Jersey?,The capital of New Jersey is,0.0898,0.306,3.407572383,True,critical,html-keyboard-response,17,201084,subject_40,67d993866d1d7516d87e97de,67f557715c897569330c570e,0.0375486109350182,1,left,-0.4332656350390509,3.3090056,1.82140345,1.0,0.0016363743403658628,-0.84072134,-10.924448,3.76701416,-4.2521546,156.04382572,18.0,6.901956650000001,6.901956650000001,0.725,8.925782555854742,34.5,273.68847277500004,22.0,47.345132775,80.49773385,24.5,88.88474869929352,60.16044669384837,28.5
1758,j,capitals,19,state,Kansas,Topeka,Wichita,What is the capital of Kansas?,The capital of Kansas is,0.125,0.395,3.16,True,critical,html-keyboard-response,19,203856,subject_40,67d993866d1d7516d87e97de,67f557715c897569330c570e,0.0375486109350182,0,right,-0.501837504817773,3.69316615,2.64080265,1.0,0.010417797069994574,-1.07303922,-8.168856,1.73419138,-0.5498905999999999,162.288778245,35.0,2.9706022499999998,1.7607325999999994,0.5625,10.046628532789011,33.0,233.6914373035,18.0,65.7761040965,17.125884900000003,35.0,90.36345231361148,54.06264558247349,35.0
2239,j,capitals,37,state,South Dakota,Pierre,Sioux Falls,What is the capital of South Dakota?,The capital of South Dakota is,0.0138,0.215,15.57971014,False,critical,html-keyboard-response,21,207104,subject_40,67d993866d1d7516d87e97de,67f557715c897569330c570e,0.0375486109350182,1,right,-0.3031443158806325,3.88962435,1.9988037,1.0,0.006089036055923473,-1.041340035,-9.381435,2.440622765,3.5832957499999987,176.86631975,18.0,2.7437485000000006,2.3335944999999993,0.45,6.963136166388008,32.0,279.15120511,20.0,98.78975829,20.867091999999992,16.0,89.17083306707906,49.97454210007436,26.0
1732,j,capitals,6,country,New Zealand,Wellington,Auckland,What is the capital of New Zealand?,The capital of New Zealand is,0.428,1.711,3.997663551,False,critical,html-keyboard-response,23,209846,subject_40,67d993866d1d7516d87e97de,67f557715c897569330c570e,0.0375486109350182,1,right,-0.5125776771927536,4.244933850000001,2.3052439,1.0,0.008300041328006613,-1.7685506,-8.672815499999999,2.1210044999999997,0.577696500000001,145.06194,14.0,4.1641122,4.1641122,0.5,13.508204608971669,26.0,251.64753062350002,26.0,86.95005627649999,49.788739050000004,26.0,100.41858076823004,69.00830151646427,29.0
4354,f,capitals,2,country,Brazil,Brasilia,Rio de Janeiro,What is the capital of Brazil?,The capital of Brazil is,4.99,13.923,2.790180361,True,critical,html-keyboard-response,25,215216,subject_40,67d993866d1d7516d87e97de,67f557715c897569330c570e,0.0375486109350182,1,left,0.5705273984687478,2.0599417,0.8546364200000001,1.0,0.010916269887353384,-0.37423359,-9.777523500000001,3.12931296,0.3757585000000008,171.91224647,18.0,3.580388749999999,2.5741565,0.55,9.253846674396854,34.0,298.44019958,15.0,47.51553901999999,30.58541265,22.0,58.33967382007255,24.97507531677988,22.0
1769,j,capitals,32,state,New York,Albany,New York,What is the capital of New York?,The capital of New York is,0.103,7.937,77.05825243,True,critical,html-keyboard-response,27,217999,subject_40,67d993866d1d7516d87e97de,67f557715c897569330c570e,0.0375486109350182,0,right,-0.4972935857360504,2.31160665,4.8018915,1.0,0.07179487179487179,-0.40196120999999996,-4.7547025000000005,3.14106469,-1.30574515,164.00049312,18.0,4.1901697,3.862285,0.6875,15.47453789415244,25.5,229.375925891,15.0,53.021560058999995,59.8069269,27.0,75.81720478275057,45.627494070248844,27.0
10134,j,capitals,36,state,Pennsylvania,Harrisburg,Philadelphia,What is the capital of Pennsylvania?,The capital of Pennsylvania is,0.05,1.517,30.34,True,critical,html-keyboard-response,29,229152,subject_40,67d993866d1d7516d87e97de,67f557715c897569330c570e,0.0375486109350182,0,right,2.9581503341375033,3.80286055,1.2945525999999998,1.0,0.005201455329470422,-0.971369375,-10.090643,2.9000446250000005,-0.7811735000000004,169.40291199,18.0,4.7394538,4.5681133,0.6625000000000001,12.812658898193753,26.5,280.7955821475,22.5,70.13658115249999,36.52358815000001,24.0,104.5548823855986,47.04693462155399,24.0
1401,f,capitals,34,state,North Dakota,Bismarck,Fargo,What is the capital of North Dakota?,The capital of North Dakota is,0.076,0.138,1.815789474,False,critical,html-keyboard-response,31,231568,subject_40,67d993866d1d7516d87e97de,67f557715c897569330c570e,0.0375486109350182,0,left,-0.6493083331973137,3.1886295000000002,1.6228072999999998,1.0,0.04464285714285714,-0.8373848349999999,-6.98899085,3.346709315,2.0134886500000007,158.9716758025,18.0,1.0428039999999998,1.0428039999999998,0.425,10.24716289924514,32.5,181.48586626009998,20.0,91.95245258989999,1.3760648999999998,25.0,78.67897042291708,25.245962637347155,34.5
2175,j,capitals,40,state,Virginia,Richmond,Virginia Beach,What is the capital of Virginia?,The capital of Virginia is,0.231,0.45,1.948051948,False,critical,html-keyboard-response,33,234747,subject_40,67d993866d1d7516d87e97de,67f557715c897569330c570e,0.0375486109350182,1,right,-0.3295816632652001,4.120711549999999,3.5882533,1.0,0.02312889812889813,-1.16916945,-6.914387700000001,2.59017605,0.19082209999999966,175.71893075000003,18.5,2.56121715,2.56121715,0.7,5.77276122250901,38.0,284.03714405,20.0,35.25386895,25.267003600000002,18.0,46.35421140072588,30.54006897158279,36.0
4357,f,capitals,11,country,United Arab Emirates,Abu Dhabi,Dubai,What is the capital of the United Arab Emirates?,The capital of the United Arab Emirates is,1.6,3.1,1.9375,True,critical,html-keyboard-response,35,240121,subject_40,67d993866d1d7516d87e97de,67f557715c897569330c570e,0.0375486109350182,1,left,0.5717666491273994,3.6339115499999997,2.33935815,1.0,0.00522367703218767,-1.0856354000000001,-9.346349,2.50591525,-0.6000735000000006,159.839143965,14.0,3.36275555,3.36275555,0.65,9.84413945872573,31.0,260.0233028075,0.0,72.79101454250001,22.182172549999997,33.0,96.97781470445022,51.8589082146157,33.0
1277,j,capitals,17,state,Florida,Tallahassee,Jacksonville,What is the capital of Florida?,The capital of Florida is,0.205,1.008,4.917073171,True,critical,html-keyboard-response,37,242411,subject_40,67d993866d1d7516d87e97de,67f557715c897569330c570e,0.0375486109350182,0,right,-0.7005306937549134,3.563912,2.6319027999999998,1.0,0.008519591611479029,-0.95531795,-8.4452955,4.38171585,1.3466129999999996,162.1489442425,23.5,1.2571029,1.2571029,0.48750000000000004,9.093065063976583,33.0,222.1497324065,20.0,145.26711409350003,2.21744865,24.0,154.13877107879688,46.03097986487076,33.0
2388,j,capitals,22,state,Maine,Augusta,Portland,What is the capital of Maine?,The capital of Maine is,0.0192,0.0695,3.619791667,True,critical,html-keyboard-response,39,245805,subject_40,67d993866d1d7516d87e97de,67f557715c897569330c570e,0.0375486109350182,0,right,-0.2415948665009362,3.7875023,2.4801948,1.0,0.0016831873627990133,-1.0323926499999998,-10.4254775,2.0421341999999996,-1.8715164999999994,169.20454695,18.0,5.94090445,5.94090445,0.95,2.583690266418973,37.0,311.71045002,37.0,44.16688318,51.44942174999999,21.0,71.44560616098389,59.91154959685878,37.0
1456,f,capitals,7,country,Pakistan,Islamabad,Karachi,What is the capital of Pakistan?,The capital of Pakistan is,1.3,18.1,13.92307692,False,critical,html-keyboard-response,41,248273,subject_40,67d993866d1d7516d87e97de,67f557715c897569330c570e,0.0375486109350182,0,left,-0.6265887377887011,3.8934075,2.6534792,1.0,0.0019266429313158284,-1.11515545,-10.314565,2.1734213999999996,-4.08459765,183.33887535,14.0,4.08459765,4.08459765,0.675,5.719409224572999,32.5,281.15069095,25.0,33.481899,38.1329444,25.0,81.74658055471438,60.49985834162654,25.0
2356,j,capitals,18,state,Illinois,Springfield,Chicago,What is the capital of Illinois?,The capital of Illinois is,0.111,2.612,23.53153153,True,critical,html-keyboard-response,43,251643,subject_40,67d993866d1d7516d87e97de,67f557715c897569330c570e,0.0375486109350182,0,right,-0.25481354019322,3.7229846,2.02082935,1.0,0.0037192282102461744,-1.0637694,-9.972052999999999,1.8728581000000002,-5.79218335,170.65176035000002,18.0,8.6360925,8.6360925,0.675,5.610516716755836,37.0,311.23248041500005,22.5,49.248491285,81.37087019,25.0,83.27137832278736,56.50312887381918,25.0
1943,f,capitals,14,state,California,Sacramento,Los Angeles,What is the capital of California?,The capital of California is,0.527,3.8,7.210626186,False,critical,html-keyboard-response,45,254591,subject_40,67d993866d1d7516d87e97de,67f557715c897569330c570e,0.0375486109350182,0,left,-0.4254170475342574,2.8312225,3.369704,1.0,0.1,-0.63638328,-4.58591525,4.79400397,-0.5027754,142.854805135,14.5,5.676533999999999,5.419304,0.5875,18.10634188869909,22.0,220.35396464500002,17.5,113.277399355,50.27004185000001,25.5,97.10799675216575,25.585019619395112,25.0
14343,j,capitals,24,state,Michigan,Lansing,Detroit,What is the capital of Michigan?,The capital of Michigan is,0.112,0.63,5.625,True,critical,html-keyboard-response,47,269948,subject_40,67d993866d1d7516d87e97de,67f557715c897569330c570e,0.0375486109350182,0,right,4.696819008225702,3.1715925,0.8199855199999999,1.0,0.020092460881934567,-0.8804468999999999,-8.9095815,2.08088635,-0.3318779999999997,162.992733545,18.0,2.8472903499999997,2.8472903499999997,0.7,7.4411319048798905,35.5,223.482275455,20.0,122.07790124499999,9.68996645,35.0,132.35050610599825,75.15181857684905,35.0
3063,j,capitals,9,country,Switzerland,Bern,Zurich,What is the capital of Switzerland?,The capital of Switzerland is,0.448,1.455,3.247767857,True,critical,html-keyboard-response,49,274018,subject_40,67d993866d1d7516d87e97de,67f557715c897569330c570e,0.0375486109350182,0,right,0.0372365316956744,4.1456575,2.41449345,0.5,0.0021505425701852632,-1.92965085,-10.040487,1.9507065,-3.461702700000001,159.68889725000002,14.0,4.6987805499999995,4.6987805499999995,0.725,3.5004306147470485,37.0,294.98176505000004,16.0,73.5494113,34.15059715,1.0,73.47320395691726,42.42957016076099,37.0
2518,f,capitals,12,state,Alabama,Montgomery,Birmingham,What is the capital of Alabama?,The capital of Alabama is,0.192,0.194,1.010416667,False,critical,html-keyboard-response,51,277541,subject_40,67d993866d1d7516d87e97de,67f557715c897569330c570e,0.0375486109350182,0,left,-0.1878940046260334,3.1154528,2.2013875499999997,1.0,0.003584966270478638,-0.7024276,-9.767927,3.1901363,-1.4417109999999997,171.89705985,16.0,5.234766799999999,5.234766799999999,0.725,8.879740567094881,31.0,283.66813919000003,20.0,35.182526159999995,72.3701839,11.0,72.1080126268425,56.93717089653546,31.0
2535,f,capitals,29,state,New Hampshire,Concord,Manchester,What is the capital of New Hampshire?,The capital of New Hampshire is,0.0449,0.115,2.561247216,True,critical,html-keyboard-response,53,281080,subject_40,67d993866d1d7516d87e97de,67f557715c897569330c570e,0.0375486109350182,1,left,-0.1808715842270077,3.8924572,2.5146651,1.0,0.00224755864290748,-1.1561135,-10.1354995,2.64535425,0.8996589999999998,168.00271485000002,18.0,0.0,0.0,0.025,8.377304174979542,32.5,253.08660677999998,20.0,138.81277821999998,0.0,27.0,98.10982957505266,32.00701641793163,32.0
2054,f,capitals,27,state,Nebraska,Lincoln,Omaha,What is the capital of Nebraska?,The capital of Nebraska is,0.297,0.477,1.606060606,False,critical,html-keyboard-response,55,284139,subject_40,67d993866d1d7516d87e97de,67f557715c897569330c570e,0.0375486109350182,0,left,-0.3795647731641481,3.40945435,2.88149385,1.0,0.002427404976322155,-0.90226395,-9.880027,1.9579811500000002,-0.6194575000000002,166.84559195,14.0,6.48387735,5.795127749999999,0.9875,3.0583791478084397,38.0,334.6421603,20.0,16.19795,78.670469,18.0,81.67707104491953,87.8184827648541,24.0
2283,f,capitals,42,state,Wisconsin,Madison,Milwaukee,What is the capital of Wisconsin?,The capital of Wisconsin is,0.284,0.551,1.940140845,True,critical,html-keyboard-response,57,287429,subject_40,67d993866d1d7516d87e97de,67f557715c897569330c570e,0.0375486109350182,1,left,-0.2849686395537424,3.13448335,2.23414315,1.0,0.006828316610925306,-0.760507775,-9.046759,3.316440125,1.0081592500000003,161.19694813,16.0,0.0,0.0,0.025,8.781973336626725,35.0,233.021284015,20.0,104.89291063499999,0.0,33.0,87.39257794461776,27.410622132151936,33.0
1951,j,capitals,16,state,Delaware,Dover,Wilmington,What is the capital of Delaware?,The capital of Delaware is,0.0403,0.0722,1.791563275,True,critical,html-keyboard-response,59,290385,subject_40,67d993866d1d7516d87e97de,67f557715c897569330c570e,0.0375486109350182,0,right,-0.4221123791111865,4.2341493,0.72218523,1.0,0.012666345999679333,-1.74989815,-9.680467,0.94623425,3.385187,168.90373542999998,18.0,0.0,0.0,0.025,6.774399509720723,34.0,229.367487715,20.0,115.99101648500002,0.0,34.5,110.70916324533087,58.08677270925415,34.5
1280,j,capitals,31,state,New Mexico,Santa Fe,Albuquerque,What is the capital of New Mexico?,The capital of New Mexico is,0.0901,0.557,6.182019978,False,critical,html-keyboard-response,61,292676,subject_40,67d993866d1d7516d87e97de,67f557715c897569330c570e,0.0375486109350182,1,right,-0.6992914430962618,3.0991414500000003,1.3244324,1.0,0.014238667183262301,-0.69803795,-9.098272999999999,2.46943,0.3069240000000004,166.6062263,18.0,5.093978,3.5249351500000006,0.525,8.033448780088444,31.0,260.480373305,20.0,49.826687745000015,48.39635365000001,19.0,84.180459503387,57.783921029115376,24.0
3821,f,capitals,23,state,Maryland,Annapolis,Baltimore,What is the capital of Maryland?,The capital of Maryland is,0.0403,0.553,13.72208437,False,critical,html-keyboard-response,63,297506,subject_40,67d993866d1d7516d87e97de,67f557715c897569330c570e,0.0375486109350182,0,left,0.3503538647816462,3.6610867999999996,1.99519565,1.0,0.007435328135488201,-1.006010815,-9.066941499999999,2.3947849850000003,-2.0526531999999995,171.39884055,18.0,5.272523,5.272523,0.7124999999999999,8.627807633730525,31.0,269.905489795,21.0,82.80523015499999,30.549259500000005,17.5,88.24512507064568,61.977535890917494,35.0
6261,f,capitals,1,country,Australia,Canberra,Sydney,What is the capital of Australia?,The capital of Australia is,0.483,5.249,10.86749482,False,critical,html-keyboard-response,65,304778,subject_40,67d993866d1d7516d87e97de,67f557715c897569330c570e,0.0375486109350182,0,left,1.3582777338182837,2.91766655,1.443579,1.0,0.013910060975609756,-0.732931825,-9.718684,2.424576675,-3.10026675,135.81862900000002,16.0,4.71659925,4.71659925,0.7,13.549338958870404,26.5,205.0319132245,16.0,133.7638296255,27.787327949999998,27.0,115.01755520776328,61.294825054348195,27.0
2780,f,capitals,21,state,Louisiana,Baton Rouge,New Orleans,What is the capital of Louisiana?,The capital of Louisiana is,0.215,0.351,1.63255814,False,critical,html-keyboard-response,67,308574,subject_40,67d993866d1d7516d87e97de,67f557715c897569330c570e,0.0375486109350182,0,left,-0.0796661137704601,2.79039935,2.0269129,1.0,0.0034954039671020805,-0.60054295,-9.8353815,2.3737587500000004,-2.482563500000001,172.31991220000003,18.0,5.1981744999999995,3.793621,0.6875,7.716095282905707,34.5,282.68865437,20.0,29.084738729999994,68.09929645,24.5,62.8804213583455,54.76974795931437,27.0
1678,j,capitals,35,state,Oregon,Salem,Portland,What is the capital of Oregon?,The capital of Oregon is,0.178,0.615,3.45505618,True,critical,html-keyboard-response,69,311263,subject_40,67d993866d1d7516d87e97de,67f557715c897569330c570e,0.0375486109350182,0,right,-0.5348841890484825,3.87003685,0.9559546750000001,1.0,0.02684931506849315,-1.33495845,-8.585685999999999,2.0863518,0.6543089999999996,153.11513470199998,18.0,4.49311111,4.49311111,0.6875,9.833651245669653,33.5,221.757705704,20.0,88.948261346,12.927848335,34.0,127.8462239789101,66.26897622229141,34.0
1893,f,capitals,39,state,Vermont,Montpelier,Burlington,What is the capital of Vermont?,The capital of Vermont is,0.0079,0.0444,5.620253165,False,critical,html-keyboard-response,71,314161,subject_40,67d993866d1d7516d87e97de,67f557715c897569330c570e,0.0375486109350182,0,left,-0.4460712251784508,2.8268120999999997,0.75283587,1.0,0.0034998085574806164,-0.637835275,-11.6183655,2.518385875,0.32600349999999967,158.75225502,18.0,2.6147142499999996,2.5662552499999993,0.44999999999999996,6.6844704108256,35.0,288.368095275,20.0,52.797800275,17.347483000000004,23.0,87.53368163162845,59.445257727624245,23.0
1921,f,capitals,3,country,Canada,Ottawa,Toronto,What is the capital of Canada?,The capital of Canada is,1.465,6.491,4.430716724,False,critical,html-keyboard-response,73,317101,subject_40,67d993866d1d7516d87e97de,67f557715c897569330c570e,0.0375486109350182,0,left,-0.4345048856977025,3.41186485,1.57882065,1.0,0.09166666666666667,-0.8216695,-5.87537415,3.39860975,-1.0815602000000002,151.21389025500002,16.0,1.62056305,1.62056305,0.55,18.015003869553816,21.0,209.80200216699998,15.0,104.683861683,9.282030650000001,24.5,78.4247090436364,17.054693758663674,27.0
2404,f,capitals,4,country,India,New Delhi,Mumbai,What is the capital of India?,The capital of India is,0.206,22.1,107.2815534,False,critical,html-keyboard-response,75,320519,subject_40,67d993866d1d7516d87e97de,67f557715c897569330c570e,0.0375486109350182,0,left,-0.2349855296547944,3.3890189,1.4282650000000001,1.0,0.06971153846153846,-1.1690336,-6.6849964,4.1036254,2.7211151000000005,151.45156923500002,14.0,2.3097963499999996,1.1339184999999992,0.425,9.901198823968304,30.0,227.81903473,16.0,94.28140192000001,13.430843800000002,8.0,81.85221999731655,37.65522312456052,32.0
2597,f,capitals,38,state,Texas,Austin,Houston,What is the capital of Texas?,The capital of Texas is,0.989,2.324,2.349848332,False,critical,html-keyboard-response,77,324122,subject_40,67d993866d1d7516d87e97de,67f557715c897569330c570e,0.0375486109350182,0,left,-0.1552604039482079,2.7289062,3.68736335,1.0,0.08712121212121213,-0.506320885,-4.40157605,4.012876565,1.53352215,151.14799460999998,11.0,0.08562525000000054,0.08562525000000054,0.35,19.22278273641858,20.0,198.241569792,15.0,136.22196335799998,0.08562525000000054,10.5,81.3456051528303,15.975005422746095,35.0
2526,j,capitals,13,state,Alaska,Juneau,Anchorage,What is the capital of Alaska?,The capital of Alaska is,0.0311,0.283,9.099678457,True,critical,html-keyboard-response,79,327662,subject_40,67d993866d1d7516d87e97de,67f557715c897569330c570e,0.0375486109350182,0,right,-0.1845893362029625,4.0331867,1.032167785,1.0,0.0012974288388852195,-1.38228545,-12.390654,1.9327201,-2.1549560000000003,158.058188835,18.0,4.9375237,4.9375237,0.9624999999999999,2.4642328656242176,37.0,348.27460882,33.0,8.84634368,72.57630929999998,37.0,50.961827169017766,61.5026154449013,37.0
2367,j,capitals,5,country,Morrocco,Rabat,Marrakesh,What is the capital of Morrocco?,The capital of Morrocco is,2.02,1.085,0.5371287129,False,critical,html-keyboard-response,81,331042,subject_40,67d993866d1d7516d87e97de,67f557715c897569330c570e,0.0375486109350182,1,right,-0.2502696211114975,4.06911815,3.926867,1.0,0.001930509063232023,-1.06717185,-9.534113999999999,2.73666185,-0.551412,192.02520429999998,22.5,5.353308500000001,3.0599705000000004,0.6125,7.031879522295083,33.0,303.121009725,22.5,42.028869125,59.422086599999986,14.5,71.26685811006843,54.04151717765417,23.0
2543,f,capitals,15,state,Connecticut,Hartford,Bridgeport,What is the capital of Connecticut?,The capital of Connecticut is,0.119,0.148,1.243697479,False,critical,html-keyboard-response,83,334597,subject_40,67d993866d1d7516d87e97de,67f557715c897569330c570e,0.0375486109350182,0,left,-0.1775669158039368,4.152413,2.4941535000000004,1.0,0.012903762903762904,-1.2379590999999999,-8.185617,4.8248759,4.25825,176.1870492,16.0,0.7039874999999993,0.7039874999999993,0.3,12.984765384964998,24.0,278.35317808,20.0,187.17906882,0.754308,10.5,97.3336617897597,26.70347104409089,31.0
1967,f,capitals,20,state,Kentucky,Frankfort,Louisville,What is the capital of Kentucky?,The capital of Kentucky is,0.0281,0.617,21.95729537,True,critical,html-keyboard-response,85,337575,subject_40,67d993866d1d7516d87e97de,67f557715c897569330c570e,0.0375486109350182,1,left,-0.4155030422650446,3.0547366,2.2666612,1.0,0.000659358843533807,-0.74241135,-11.6135325,2.1753297,-0.9483945,176.88001325,18.0,5.5287013,4.96804475,0.75,4.405366338069108,37.0,336.0411206,26.0,22.964224,60.86410575,26.0,72.27622371274914,51.10917786191476,26.0
1308,j,capitals,26,state,Montana,Helena,Billings,What is the capital of Montana?,The capital of Montana is,0.0359,0.123,3.426183844,True,critical,html-keyboard-response,87,339894,subject_40,67d993866d1d7516d87e97de,67f557715c897569330c570e,0.0375486109350182,0,right,-0.6877251036155134,4.00716885,2.3871716000000003,1.0,0.0004472704898291971,-1.22599375,-12.036882250000001,2.2819052,-1.00467525,175.57409865,18.0,2.4909772499999994,2.1745497500000006,0.5875,6.831399328645267,33.0,299.00474067,20.0,76.68242387999999,24.127286050000002,24.0,98.87916742139757,43.100083383269855,28.5
1772,f,capitals,25,state,Minnesota,St. Paul,Minneapolis,What is the capital of Minnesota?,The capital of Minnesota is,0.299,0.421,1.408026756,False,critical,html-keyboard-response,89,342684,subject_40,67d993866d1d7516d87e97de,67f557715c897569330c570e,0.0375486109350182,0,left,-0.4960543350773988,3.58195065,1.6521141,1.0,0.017392619479733817,-1.4853812,-8.023998,2.1170464,1.1057884999999996,150.791991795,18.0,6.11360015,6.11360015,0.875,3.3354361793014986,36.5,291.73495485,35.0,30.489669350000007,37.57722344999999,35.0,64.16242236428235,64.57921294960164,35.0
3391,j,capitals,31,state,New Mexico,Santa Fe,Albuquerque,What is the capital of New Mexico?,The capital of New Mexico is,0.0901,0.557,6.182019978,False,critical,html-keyboard-response,7,29210,subject_5,67d993866d1d7516d87e97de,67dafa2c9205c56ffe1e34e9,0.6318016865263707,1,right,1.688414254923789,3.0991414500000003,1.3244324,1.0,0.014238667183262301,-0.69803795,-9.098272999999999,2.46943,0.3069240000000004,166.6062263,18.0,5.093978,3.5249351500000006,0.525,8.033448780088444,31.0,260.480373305,20.0,49.826687745000015,48.39635365000001,19.0,84.180459503387,57.783921029115376,24.0
2155,f,capitals,36,state,Pennsylvania,Harrisburg,Philadelphia,What is the capital of Pennsylvania?,The capital of Pennsylvania is,0.05,1.517,30.34,True,critical,html-keyboard-response,9,32369,subject_5,67d993866d1d7516d87e97de,67dafa2c9205c56ffe1e34e9,0.6318016865263707,1,left,-0.3240986216743868,3.80286055,1.2945525999999998,1.0,0.005201455329470422,-0.971369375,-10.090643,2.9000446250000005,-0.7811735000000004,169.40291199,18.0,4.7394538,4.5681133,0.6625000000000001,12.812658898193753,26.5,280.7955821475,22.5,70.13658115249999,36.52358815000001,24.0,104.5548823855986,47.04693462155399,24.0
1569,j,capitals,17,state,Florida,Tallahassee,Jacksonville,What is the capital of Florida?,The capital of Florida is,0.205,1.008,4.917073171,False,critical,html-keyboard-response,11,34946,subject_5,67d993866d1d7516d87e97de,67dafa2c9205c56ffe1e34e9,0.6318016865263707,1,right,-1.2782511667282146,3.563912,2.6319027999999998,1.0,0.008519591611479029,-0.95531795,-8.4452955,4.38171585,1.3466129999999996,162.1489442425,23.5,1.2571029,1.2571029,0.48750000000000004,9.093065063976583,33.0,222.1497324065,20.0,145.26711409350003,2.21744865,24.0,154.13877107879688,46.03097986487076,33.0
2003,j,capitals,14,state,California,Sacramento,Los Angeles,What is the capital of California?,The capital of California is,0.527,3.8,7.210626186,False,critical,html-keyboard-response,13,37953,subject_5,67d993866d1d7516d87e97de,67dafa2c9205c56ffe1e34e9,0.6318016865263707,1,right,-0.5715921145893729,2.8312225,3.369704,1.0,0.1,-0.63638328,-4.58591525,4.79400397,-0.5027754,142.854805135,14.5,5.676533999999999,5.419304,0.5875,18.10634188869909,22.0,220.35396464500002,17.5,113.277399355,50.27004185000001,25.5,97.10799675216575,25.585019619395112,25.0
2193,f,capitals,8,country,South Africa,Pretoria,Johannesburg,What is the capital of South Africa?,The capital of South Africa is,3.0,6.4,2.133333333,False,critical,html-keyboard-response,15,41161,subject_5,67d993866d1d7516d87e97de,67dafa2c9205c56ffe1e34e9,0.6318016865263707,0,left,-0.2622252484456403,4.3614197,2.7407284,1.0,0.005607622617931896,-2.11893455,-8.995401000000001,2.2255171,-0.9749508000000002,168.89477075,14.0,4.743248,4.743248,0.8125,6.902744233458726,33.0,261.79318212500004,33.0,107.26548872500001,40.14546490000001,33.0,126.64268622248599,90.68654232034928,33.5
3008,j,capitals,1,country,Australia,Canberra,Sydney,What is the capital of Australia?,The capital of Australia is,0.483,5.249,10.86749482,True,critical,html-keyboard-response,17,45177,subject_5,67d993866d1d7516d87e97de,67dafa2c9205c56ffe1e34e9,0.6318016865263707,0,right,1.0647957826445809,2.91766655,1.443579,1.0,0.013910060975609756,-0.732931825,-9.718684,2.424576675,-3.10026675,135.81862900000002,16.0,4.71659925,4.71659925,0.7,13.549338958870404,26.5,205.0319132245,16.0,133.7638296255,27.787327949999998,27.0,115.01755520776328,61.294825054348195,27.0
3065,f,capitals,5,country,Morrocco,Rabat,Marrakesh,What is the capital of Morrocco?,The capital of Morrocco is,2.02,1.085,0.5371287129,True,critical,html-keyboard-response,19,49259,subject_5,67d993866d1d7516d87e97de,67dafa2c9205c56ffe1e34e9,0.6318016865263707,1,left,1.1576058424877005,4.06911815,3.926867,1.0,0.001930509063232023,-1.06717185,-9.534113999999999,2.73666185,-0.551412,192.02520429999998,22.5,5.353308500000001,3.0599705000000004,0.6125,7.031879522295083,33.0,303.121009725,22.5,42.028869125,59.422086599999986,14.5,71.26685811006843,54.04151717765417,23.0
1936,f,capitals,40,state,Virginia,Richmond,Virginia Beach,What is the capital of Virginia?,The capital of Virginia is,0.231,0.45,1.948051948,True,critical,html-keyboard-response,21,52201,subject_5,67d993866d1d7516d87e97de,67dafa2c9205c56ffe1e34e9,0.6318016865263707,1,left,-0.6806846410716364,4.120711549999999,3.5882533,1.0,0.02312889812889813,-1.16916945,-6.914387700000001,2.59017605,0.19082209999999966,175.71893075000003,18.5,2.56121715,2.56121715,0.7,5.77276122250901,38.0,284.03714405,20.0,35.25386895,25.267003600000002,18.0,46.35421140072588,30.54006897158279,36.0
1889,j,capitals,21,state,Louisiana,Baton Rouge,New Orleans,What is the capital of Louisiana?,The capital of Louisiana is,0.215,0.351,1.63255814,False,critical,html-keyboard-response,23,55097,subject_5,67d993866d1d7516d87e97de,67dafa2c9205c56ffe1e34e9,0.6318016865263707,1,right,-0.7572122342756124,2.79039935,2.0269129,1.0,0.0034954039671020805,-0.60054295,-9.8353815,2.3737587500000004,-2.482563500000001,172.31991220000003,18.0,5.1981744999999995,3.793621,0.6875,7.716095282905707,34.5,282.68865437,20.0,29.084738729999994,68.09929645,24.5,62.8804213583455,54.76974795931437,27.0
1633,f,capitals,15,state,Connecticut,Hartford,Bridgeport,What is the capital of Connecticut?,The capital of Connecticut is,0.119,0.148,1.243697479,True,critical,html-keyboard-response,25,57746,subject_5,67d993866d1d7516d87e97de,67dafa2c9205c56ffe1e34e9,0.6318016865263707,1,left,-1.1740433802376942,4.152413,2.4941535000000004,1.0,0.012903762903762904,-1.2379590999999999,-8.185617,4.8248759,4.25825,176.1870492,16.0,0.7039874999999993,0.7039874999999993,0.3,12.984765384964998,24.0,278.35317808,20.0,187.17906882,0.754308,10.5,97.3336617897597,26.70347104409089,31.0
1926,f,capitals,13,state,Alaska,Juneau,Anchorage,What is the capital of Alaska?,The capital of Alaska is,0.0311,0.283,9.099678457,True,critical,html-keyboard-response,27,60713,subject_5,67d993866d1d7516d87e97de,67dafa2c9205c56ffe1e34e9,0.6318016865263707,1,left,-0.6969671077107802,4.0331867,1.032167785,1.0,0.0012974288388852195,-1.38228545,-12.390654,1.9327201,-2.1549560000000003,158.058188835,18.0,4.9375237,4.9375237,0.9624999999999999,2.4642328656242176,37.0,348.27460882,33.0,8.84634368,72.57630929999998,37.0,50.961827169017766,61.5026154449013,37.0
1484,f,capitals,16,state,Delaware,Dover,Wilmington,What is the capital of Delaware?,The capital of Delaware is,0.0403,0.0722,1.791563275,True,critical,html-keyboard-response,29,63201,subject_5,67d993866d1d7516d87e97de,67dafa2c9205c56ffe1e34e9,0.6318016865263707,1,left,-1.416652133160937,4.2341493,0.72218523,1.0,0.012666345999679333,-1.74989815,-9.680467,0.94623425,3.385187,168.90373542999998,18.0,0.0,0.0,0.025,6.774399509720723,34.0,229.367487715,20.0,115.99101648500002,0.0,34.5,110.70916324533087,58.08677270925415,34.5
1635,j,capitals,20,state,Kentucky,Frankfort,Louisville,What is the capital of Kentucky?,The capital of Kentucky is,0.0281,0.617,21.95729537,False,critical,html-keyboard-response,31,65841,subject_5,67d993866d1d7516d87e97de,67dafa2c9205c56ffe1e34e9,0.6318016865263707,1,right,-1.1707868869098654,3.0547366,2.2666612,1.0,0.000659358843533807,-0.74241135,-11.6135325,2.1753297,-0.9483945,176.88001325,18.0,5.5287013,4.96804475,0.75,4.405366338069108,37.0,336.0411206,26.0,22.964224,60.86410575,26.0,72.27622371274914,51.10917786191476,26.0
2015,j,capitals,41,state,Washington,Olympia,Seattle,What is the capital of Washington?,The capital of Washington is,0.0558,0.765,13.70967742,False,critical,html-keyboard-response,33,68874,subject_5,67d993866d1d7516d87e97de,67dafa2c9205c56ffe1e34e9,0.6318016865263707,1,right,-0.5520531546224002,2.4590736499999997,3.76935035,1.0,0.018367961457392352,-0.44257853999999996,-7.3950467,3.85359726,-2.2241997000000007,144.06035742999998,23.0,4.896856099999999,4.896856099999999,0.6625000000000001,14.217480554285576,25.5,250.7986976015,25.0,103.96332209849999,33.6275834,16.0,99.67318648330391,49.08176857829807,25.0
3038,j,capitals,6,country,New Zealand,Wellington,Auckland,What is the capital of New Zealand?,The capital of New Zealand is,0.428,1.711,3.997663551,True,critical,html-keyboard-response,35,72927,subject_5,67d993866d1d7516d87e97de,67dafa2c9205c56ffe1e34e9,0.6318016865263707,0,right,1.1136431825620123,4.244933850000001,2.3052439,1.0,0.008300041328006613,-1.7685506,-8.672815499999999,2.1210044999999997,0.577696500000001,145.06194,14.0,4.1641122,4.1641122,0.5,13.508204608971669,26.0,251.64753062350002,26.0,86.95005627649999,49.788739050000004,26.0,100.41858076823004,69.00830151646427,29.0
1509,f,capitals,42,state,Wisconsin,Madison,Milwaukee,What is the capital of Wisconsin?,The capital of Wisconsin is,0.284,0.551,1.940140845,True,critical,html-keyboard-response,37,75441,subject_5,67d993866d1d7516d87e97de,67dafa2c9205c56ffe1e34e9,0.6318016865263707,1,left,-1.375945966563077,3.13448335,2.23414315,1.0,0.006828316610925306,-0.760507775,-9.046759,3.316440125,1.0081592500000003,161.19694813,16.0,0.0,0.0,0.025,8.781973336626725,35.0,233.021284015,20.0,104.89291063499999,0.0,33.0,87.39257794461776,27.410622132151936,33.0
1870,j,capitals,24,state,Michigan,Lansing,Detroit,What is the capital of Michigan?,The capital of Michigan is,0.112,0.63,5.625,False,critical,html-keyboard-response,39,78329,subject_5,67d993866d1d7516d87e97de,67dafa2c9205c56ffe1e34e9,0.6318016865263707,1,right,-0.7881489208899857,3.1715925,0.8199855199999999,1.0,0.020092460881934567,-0.8804468999999999,-8.9095815,2.08088635,-0.3318779999999997,162.992733545,18.0,2.8472903499999997,2.8472903499999997,0.7,7.4411319048798905,35.5,223.482275455,20.0,122.07790124499999,9.68996645,35.0,132.35050610599825,75.15181857684905,35.0
2326,f,capitals,26,state,Montana,Helena,Billings,What is the capital of Montana?,The capital of Montana is,0.0359,0.123,3.426183844,True,critical,html-keyboard-response,41,81657,subject_5,67d993866d1d7516d87e97de,67dafa2c9205c56ffe1e34e9,0.6318016865263707,1,left,-0.0456684421450275,4.00716885,2.3871716000000003,1.0,0.0004472704898291971,-1.22599375,-12.036882250000001,2.2819052,-1.00467525,175.57409865,18.0,2.4909772499999994,2.1745497500000006,0.5875,6.831399328645267,33.0,299.00474067,20.0,76.68242387999999,24.127286050000002,24.0,98.87916742139757,43.100083383269855,28.5
2440,f,capitals,30,state,New Jersey,Trenton,Newark,What is the capital of New Jersey?,The capital of New Jersey is,0.0898,0.306,3.407572383,True,critical,html-keyboard-response,43,85106,subject_5,67d993866d1d7516d87e97de,67dafa2c9205c56ffe1e34e9,0.6318016865263707,1,left,0.139951677541212,3.3090056,1.82140345,1.0,0.0016363743403658628,-0.84072134,-10.924448,3.76701416,-4.2521546,156.04382572,18.0,6.901956650000001,6.901956650000001,0.725,8.925782555854742,34.5,273.68847277500004,22.0,47.345132775,80.49773385,24.5,88.88474869929352,60.16044669384837,28.5
2544,j,capitals,38,state,Texas,Austin,Houston,What is the capital of Texas?,The capital of Texas is,0.989,2.324,2.349848332,False,critical,html-keyboard-response,45,88656,subject_5,67d993866d1d7516d87e97de,67dafa2c9205c56ffe1e34e9,0.6318016865263707,1,right,0.3092893305883077,2.7289062,3.68736335,1.0,0.08712121212121213,-0.506320885,-4.40157605,4.012876565,1.53352215,151.14799460999998,11.0,0.08562525000000054,0.08562525000000054,0.35,19.22278273641858,20.0,198.241569792,15.0,136.22196335799998,0.08562525000000054,10.5,81.3456051528303,15.975005422746095,35.0
1933,f,capitals,39,state,Vermont,Montpelier,Burlington,What is the capital of Vermont?,The capital of Vermont is,0.0079,0.0444,5.620253165,True,critical,html-keyboard-response,47,91601,subject_5,67d993866d1d7516d87e97de,67dafa2c9205c56ffe1e34e9,0.6318016865263707,1,left,-0.6855693810633796,2.8268120999999997,0.75283587,1.0,0.0034998085574806164,-0.637835275,-11.6183655,2.518385875,0.32600349999999967,158.75225502,18.0,2.6147142499999996,2.5662552499999993,0.44999999999999996,6.6844704108256,35.0,288.368095275,20.0,52.797800275,17.347483000000004,23.0,87.53368163162845,59.445257727624245,23.0
2342,j,capitals,29,state,New Hampshire,Concord,Manchester,What is the capital of New Hampshire?,The capital of New Hampshire is,0.0449,0.115,2.561247216,False,critical,html-keyboard-response,49,94953,subject_5,67d993866d1d7516d87e97de,67dafa2c9205c56ffe1e34e9,0.6318016865263707,1,right,-0.0196164955223974,3.8924572,2.5146651,1.0,0.00224755864290748,-1.1561135,-10.1354995,2.64535425,0.8996589999999998,168.00271485000002,18.0,0.0,0.0,0.025,8.377304174979542,32.5,253.08660677999998,20.0,138.81277821999998,0.0,27.0,98.10982957505266,32.00701641793163,32.0
2873,f,capitals,25,state,Minnesota,St. Paul,Minneapolis,What is the capital of Minnesota?,The capital of Minnesota is,0.299,0.421,1.408026756,True,critical,html-keyboard-response,51,98840,subject_5,67d993866d1d7516d87e97de,67dafa2c9205c56ffe1e34e9,0.6318016865263707,1,left,0.8449824830161393,3.58195065,1.6521141,1.0,0.017392619479733817,-1.4853812,-8.023998,2.1170464,1.1057884999999996,150.791991795,18.0,6.11360015,6.11360015,0.875,3.3354361793014986,36.5,291.73495485,35.0,30.489669350000007,37.57722344999999,35.0,64.16242236428235,64.57921294960164,35.0
2217,j,capitals,19,state,Kansas,Topeka,Wichita,What is the capital of Kansas?,The capital of Kansas is,0.125,0.395,3.16,False,critical,html-keyboard-response,53,102129,subject_5,67d993866d1d7516d87e97de,67dafa2c9205c56ffe1e34e9,0.6318016865263707,1,right,-0.2231473285116951,3.69316615,2.64080265,1.0,0.010417797069994574,-1.07303922,-8.168856,1.73419138,-0.5498905999999999,162.288778245,35.0,2.9706022499999998,1.7607325999999994,0.5625,10.046628532789011,33.0,233.6914373035,18.0,65.7761040965,17.125884900000003,35.0,90.36345231361148,54.06264558247349,35.0
2222,f,capitals,3,country,Canada,Ottawa,Toronto,What is the capital of Canada?,The capital of Canada is,1.465,6.491,4.430716724,False,critical,html-keyboard-response,55,105352,subject_5,67d993866d1d7516d87e97de,67dafa2c9205c56ffe1e34e9,0.6318016865263707,0,left,-0.2150060951921232,3.41186485,1.57882065,1.0,0.09166666666666667,-0.8216695,-5.87537415,3.39860975,-1.0815602000000002,151.21389025500002,16.0,1.62056305,1.62056305,0.55,18.015003869553816,21.0,209.80200216699998,15.0,104.683861683,9.282030650000001,24.5,78.4247090436364,17.054693758663674,27.0
3111,f,capitals,12,state,Alabama,Montgomery,Birmingham,What is the capital of Alabama?,The capital of Alabama is,0.192,0.194,1.010416667,True,critical,html-keyboard-response,57,109481,subject_5,67d993866d1d7516d87e97de,67dafa2c9205c56ffe1e34e9,0.6318016865263707,1,left,1.232505189027762,3.1154528,2.2013875499999997,1.0,0.003584966270478638,-0.7024276,-9.767927,3.1901363,-1.4417109999999997,171.89705985,16.0,5.234766799999999,5.234766799999999,0.725,8.879740567094881,31.0,283.66813919000003,20.0,35.182526159999995,72.3701839,11.0,72.1080126268425,56.93717089653546,31.0
2385,f,capitals,28,state,Nevada,Carson City,Las Vegas,What is the capital of Nevada?,The capital of Nevada is,0.0576,0.67,11.63194444,True,critical,html-keyboard-response,59,112870,subject_5,67d993866d1d7516d87e97de,67dafa2c9205c56ffe1e34e9,0.6318016865263707,1,left,0.0503981110259209,3.21408655,2.2825403,1.0,0.009556159420289855,-0.7483732750000001,-8.5907935,3.2634109749999998,0.3897780000000006,154.31583923,24.0,0.6128969999999994,0.6128969999999994,0.46249999999999997,13.888110548784098,22.0,212.93093655299998,21.0,129.96025854700002,1.2335965999999998,27.5,151.10212968210539,49.69601040539513,33.0
2200,j,capitals,27,state,Nebraska,Lincoln,Omaha,What is the capital of Nebraska?,The capital of Nebraska is,0.297,0.477,1.606060606,True,critical,html-keyboard-response,61,116080,subject_5,67d993866d1d7516d87e97de,67dafa2c9205c56ffe1e34e9,0.6318016865263707,0,right,-0.2508275217982396,3.40945435,2.88149385,1.0,0.002427404976322155,-0.90226395,-9.880027,1.9579811500000002,-0.6194575000000002,166.84559195,14.0,6.48387735,5.795127749999999,0.9875,3.0583791478084397,38.0,334.6421603,20.0,16.19795,78.670469,18.0,81.67707104491953,87.8184827648541,24.0
1500,j,capitals,32,state,New York,Albany,New York,What is the capital of New York?,The capital of New York is,0.103,7.937,77.05825243,False,critical,html-keyboard-response,63,118609,subject_5,67d993866d1d7516d87e97de,67dafa2c9205c56ffe1e34e9,0.6318016865263707,1,right,-1.3906001865383069,2.31160665,4.8018915,1.0,0.07179487179487179,-0.40196120999999996,-4.7547025000000005,3.14106469,-1.30574515,164.00049312,18.0,4.1901697,3.862285,0.6875,15.47453789415244,25.5,229.375925891,15.0,53.021560058999995,59.8069269,27.0,75.81720478275057,45.627494070248844,27.0
1951,j,capitals,10,country,Turkey,Ankara,Istanbul,What is the capital of Turkey?,The capital of Turkey is,5.55,16.24,2.926126126,True,critical,html-keyboard-response,65,121575,subject_5,67d993866d1d7516d87e97de,67dafa2c9205c56ffe1e34e9,0.6318016865263707,0,right,-0.6562609411129207,3.7206935999999997,3.6190253,1.0,0.0140625,-1.049432,-7.22749025,1.77928585,-1.0519376499999997,181.67489892999998,14.0,3.36303155,3.36303155,0.7875000000000001,7.10805059345744,34.0,232.28671097749998,0.0,68.73258667249999,23.91809185,34.0,109.98791459488866,68.21821684179301,34.0
2731,f,capitals,4,country,India,New Delhi,Mumbai,What is the capital of India?,The capital of India is,0.206,22.1,107.2815534,False,critical,html-keyboard-response,67,125321,subject_5,67d993866d1d7516d87e97de,67dafa2c9205c56ffe1e34e9,0.6318016865263707,0,left,0.6137714567402971,3.3890189,1.4282650000000001,1.0,0.06971153846153846,-1.1690336,-6.6849964,4.1036254,2.7211151000000005,151.45156923500002,14.0,2.3097963499999996,1.1339184999999992,0.425,9.901198823968304,30.0,227.81903473,16.0,94.28140192000001,13.430843800000002,8.0,81.85221999731655,37.65522312456052,32.0
1548,j,capitals,18,state,Illinois,Springfield,Chicago,What is the capital of Illinois?,The capital of Illinois is,0.111,2.612,23.53153153,False,critical,html-keyboard-response,69,127882,subject_5,67d993866d1d7516d87e97de,67dafa2c9205c56ffe1e34e9,0.6318016865263707,1,right,-1.3124443466704163,3.7229846,2.02082935,1.0,0.0037192282102461744,-1.0637694,-9.972052999999999,1.8728581000000002,-5.79218335,170.65176035000002,18.0,8.6360925,8.6360925,0.675,5.610516716755836,37.0,311.23248041500005,22.5,49.248491285,81.37087019,25.0,83.27137832278736,56.50312887381918,25.0
3763,j,capitals,23,state,Maryland,Annapolis,Baltimore,What is the capital of Maryland?,The capital of Maryland is,0.0403,0.553,13.72208437,False,critical,html-keyboard-response,71,132657,subject_5,67d993866d1d7516d87e97de,67dafa2c9205c56ffe1e34e9,0.6318016865263707,1,right,2.294122013899939,3.6610867999999996,1.99519565,1.0,0.007435328135488201,-1.006010815,-9.066941499999999,2.3947849850000003,-2.0526531999999995,171.39884055,18.0,5.272523,5.272523,0.7124999999999999,8.627807633730525,31.0,269.905489795,21.0,82.80523015499999,30.549259500000005,17.5,88.24512507064568,61.977535890917494,35.0
3343,j,capitals,7,country,Pakistan,Islamabad,Karachi,What is the capital of Pakistan?,The capital of Pakistan is,1.3,18.1,13.92307692,False,critical,html-keyboard-response,73,137010,subject_5,67d993866d1d7516d87e97de,67dafa2c9205c56ffe1e34e9,0.6318016865263707,1,right,1.6102584150558987,3.8934075,2.6534792,1.0,0.0019266429313158284,-1.11515545,-10.314565,2.1734213999999996,-4.08459765,183.33887535,14.0,4.08459765,4.08459765,0.675,5.719409224572999,32.5,281.15069095,25.0,33.481899,38.1329444,25.0,81.74658055471438,60.49985834162654,25.0
2509,f,capitals,9,country,Switzerland,Bern,Zurich,What is the capital of Switzerland?,The capital of Switzerland is,0.448,1.455,3.247767857,False,critical,html-keyboard-response,75,140528,subject_5,67d993866d1d7516d87e97de,67dafa2c9205c56ffe1e34e9,0.6318016865263707,0,left,0.2523006973513043,4.1456575,2.41449345,0.5,0.0021505425701852632,-1.92965085,-10.040487,1.9507065,-3.461702700000001,159.68889725000002,14.0,4.6987805499999995,4.6987805499999995,0.725,3.5004306147470485,37.0,294.98176505000004,16.0,73.5494113,34.15059715,1.0,73.47320395691726,42.42957016076099,37.0
1707,j,capitals,22,state,Maine,Augusta,Portland,What is the capital of Maine?,The capital of Maine is,0.0192,0.0695,3.619791667,False,critical,html-keyboard-response,77,143249,subject_5,67d993866d1d7516d87e97de,67dafa2c9205c56ffe1e34e9,0.6318016865263707,1,right,-1.0535531271080298,3.7875023,2.4801948,1.0,0.0016831873627990133,-1.0323926499999998,-10.4254775,2.0421341999999996,-1.8715164999999994,169.20454695,18.0,5.94090445,5.94090445,0.95,2.583690266418973,37.0,311.71045002,37.0,44.16688318,51.44942174999999,21.0,71.44560616098389,59.91154959685878,37.0
2932,f,capitals,35,state,Oregon,Salem,Portland,What is the capital of Oregon?,The capital of Oregon is,0.178,0.615,3.45505618,True,critical,html-keyboard-response,79,147193,subject_5,67d993866d1d7516d87e97de,67dafa2c9205c56ffe1e34e9,0.6318016865263707,1,left,0.9410490361870878,3.87003685,0.9559546750000001,1.0,0.02684931506849315,-1.33495845,-8.585685999999999,2.0863518,0.6543089999999996,153.11513470199998,18.0,4.49311111,4.49311111,0.6875,9.833651245669653,33.5,221.757705704,20.0,88.948261346,12.927848335,34.0,127.8462239789101,66.26897622229141,34.0
2643,f,capitals,37,state,South Dakota,Pierre,Sioux Falls,What is the capital of South Dakota?,The capital of South Dakota is,0.0138,0.215,15.57971014,True,critical,html-keyboard-response,81,150850,subject_5,67d993866d1d7516d87e97de,67dafa2c9205c56ffe1e34e9,0.6318016865263707,1,left,0.4704857503158315,3.88962435,1.9988037,1.0,0.006089036055923473,-1.041340035,-9.381435,2.440622765,3.5832957499999987,176.86631975,18.0,2.7437485000000006,2.3335944999999993,0.45,6.963136166388008,32.0,279.15120511,20.0,98.78975829,20.867091999999992,16.0,89.17083306707906,49.97454210007436,26.0
3437,f,capitals,33,state,North Carolina,Raleigh,Charlotte,What is the capital of North Carolina?,The capital of North Carolina is,0.494,0.935,1.892712551,True,critical,html-keyboard-response,83,155291,subject_5,67d993866d1d7516d87e97de,67dafa2c9205c56ffe1e34e9,0.6318016865263707,1,left,1.7633136014638506,3.9989741,1.4837299000000002,1.0,0.017565485362095533,-1.2707921500000001,-8.2403645,2.6944252,2.3565879999999995,167.86508935,18.0,1.4855458000000001,1.4855458000000001,0.7124999999999999,8.574116496188747,32.5,209.911716892,20.0,142.86702770799997,5.01324945,7.0,125.69617107504936,62.09856014494803,35.0
2883,j,capitals,34,state,North Dakota,Bismarck,Fargo,What is the capital of North Dakota?,The capital of North Dakota is,0.076,0.138,1.815789474,False,critical,html-keyboard-response,85,159176,subject_5,67d993866d1d7516d87e97de,67dafa2c9205c56ffe1e34e9,0.6318016865263707,1,right,0.8612649496552831,3.1886295000000002,1.6228072999999998,1.0,0.04464285714285714,-0.8373848349999999,-6.98899085,3.346709315,2.0134886500000007,158.9716758025,18.0,1.0428039999999998,1.0428039999999998,0.425,10.24716289924514,32.5,181.48586626009998,20.0,91.95245258989999,1.3760648999999998,25.0,78.67897042291708,25.245962637347155,34.5
3063,j,capitals,11,country,United Arab Emirates,Abu Dhabi,Dubai,What is the capital of the United Arab Emirates?,The capital of the United Arab Emirates is,1.6,3.1,1.9375,True,critical,html-keyboard-response,87,163242,subject_5,67d993866d1d7516d87e97de,67dafa2c9205c56ffe1e34e9,0.6318016865263707,0,right,1.1543493491598718,3.6339115499999997,2.33935815,1.0,0.00522367703218767,-1.0856354000000001,-9.346349,2.50591525,-0.6000735000000006,159.839143965,14.0,3.36275555,3.36275555,0.65,9.84413945872573,31.0,260.0233028075,0.0,72.79101454250001,22.182172549999997,33.0,96.97781470445022,51.8589082146157,33.0
1948,f,capitals,2,country,Brazil,Brasilia,Rio de Janeiro,What is the capital of Brazil?,The capital of Brazil is,4.99,13.923,2.790180361,False,critical,html-keyboard-response,89,166193,subject_5,67d993866d1d7516d87e97de,67dafa2c9205c56ffe1e34e9,0.6318016865263707,0,left,-0.6611456811046639,2.0599417,0.8546364200000001,1.0,0.010916269887353384,-0.37423359,-9.777523500000001,3.12931296,0.3757585000000008,171.91224647,18.0,3.580388749999999,2.5741565,0.55,9.253846674396854,34.0,298.44019958,15.0,47.51553901999999,30.58541265,22.0,58.33967382007255,24.97507531677988,22.0
1410,j,capitals,39,state,Vermont,Montpelier,Burlington,What is the capital of Vermont?,The capital of Vermont is,0.0079,0.0444,5.620253165,False,critical,html-keyboard-response,7,22663,subject_6,67d993866d1d7516d87e97de,67f54f7c3dcd7be72d7f8b07,0.9713996778653378,1,right,-1.346285626237574,2.8268120999999997,0.75283587,1.0,0.0034998085574806164,-0.637835275,-11.6183655,2.518385875,0.32600349999999967,158.75225502,18.0,2.6147142499999996,2.5662552499999993,0.44999999999999996,6.6844704108256,35.0,288.368095275,20.0,52.797800275,17.347483000000004,23.0,87.53368163162845,59.445257727624245,23.0
2475,j,capitals,28,state,Nevada,Carson City,Las Vegas,What is the capital of Nevada?,The capital of Nevada is,0.0576,0.67,11.63194444,True,critical,html-keyboard-response,9,26149,subject_6,67d993866d1d7516d87e97de,67f54f7c3dcd7be72d7f8b07,0.9713996778653378,0,right,0.3952151708244197,3.21408655,2.2825403,1.0,0.009556159420289855,-0.7483732750000001,-8.5907935,3.2634109749999998,0.3897780000000006,154.31583923,24.0,0.6128969999999994,0.6128969999999994,0.46249999999999997,13.888110548784098,22.0,212.93093655299998,21.0,129.96025854700002,1.2335965999999998,27.5,151.10212968210539,49.69601040539513,33.0
2296,f,capitals,12,state,Alabama,Montgomery,Birmingham,What is the capital of Alabama?,The capital of Alabama is,0.192,0.194,1.010416667,True,critical,html-keyboard-response,11,29460,subject_6,67d993866d1d7516d87e97de,67f54f7c3dcd7be72d7f8b07,0.9713996778653378,1,left,0.1025122199567231,3.1154528,2.2013875499999997,1.0,0.003584966270478638,-0.7024276,-9.767927,3.1901363,-1.4417109999999997,171.89705985,16.0,5.234766799999999,5.234766799999999,0.725,8.879740567094881,31.0,283.66813919000003,20.0,35.182526159999995,72.3701839,11.0,72.1080126268425,56.93717089653546,31.0
2641,f,capitals,29,state,New Hampshire,Concord,Manchester,What is the capital of New Hampshire?,The capital of New Hampshire is,0.0449,0.115,2.561247216,False,critical,html-keyboard-response,13,33111,subject_6,67d993866d1d7516d87e97de,67f54f7c3dcd7be72d7f8b07,0.9713996778653378,0,left,0.6666603654838479,3.8924572,2.5146651,1.0,0.00224755864290748,-1.1561135,-10.1354995,2.64535425,0.8996589999999998,168.00271485000002,18.0,0.0,0.0,0.025,8.377304174979542,32.5,253.08660677999998,20.0,138.81277821999998,0.0,27.0,98.10982957505266,32.00701641793163,32.0
2053,f,capitals,38,state,Texas,Austin,Houston,What is the capital of Texas?,The capital of Texas is,0.989,2.324,2.349848332,True,critical,html-keyboard-response,15,36170,subject_6,67d993866d1d7516d87e97de,67f54f7c3dcd7be72d7f8b07,0.9713996778653378,1,left,-0.2948442999362951,2.7289062,3.68736335,1.0,0.08712121212121213,-0.506320885,-4.40157605,4.012876565,1.53352215,151.14799460999998,11.0,0.08562525000000054,0.08562525000000054,0.35,19.22278273641858,20.0,198.241569792,15.0,136.22196335799998,0.08562525000000054,10.5,81.3456051528303,15.975005422746095,35.0
1766,j,capitals,3,country,Canada,Ottawa,Toronto,What is the capital of Canada?,The capital of Canada is,1.465,6.491,4.430716724,False,critical,html-keyboard-response,17,38951,subject_6,67d993866d1d7516d87e97de,67f54f7c3dcd7be72d7f8b07,0.9713996778653378,1,right,-0.7641501485342221,3.41186485,1.57882065,1.0,0.09166666666666667,-0.8216695,-5.87537415,3.39860975,-1.0815602000000002,151.21389025500002,16.0,1.62056305,1.62056305,0.55,18.015003869553816,21.0,209.80200216699998,15.0,104.683861683,9.282030650000001,24.5,78.4247090436364,17.054693758663674,27.0
2800,j,capitals,7,country,Pakistan,Islamabad,Karachi,What is the capital of Pakistan?,The capital of Pakistan is,1.3,18.1,13.92307692,True,critical,html-keyboard-response,19,42755,subject_6,67d993866d1d7516d87e97de,67f54f7c3dcd7be72d7f8b07,0.9713996778653378,0,right,0.9266590760311314,3.8934075,2.6534792,1.0,0.0019266429313158284,-1.11515545,-10.314565,2.1734213999999996,-4.08459765,183.33887535,14.0,4.08459765,4.08459765,0.675,5.719409224572999,32.5,281.15069095,25.0,33.481899,38.1329444,25.0,81.74658055471438,60.49985834162654,25.0
2344,f,capitals,33,state,North Carolina,Raleigh,Charlotte,What is the capital of North Carolina?,The capital of North Carolina is,0.494,0.935,1.892712551,False,critical,html-keyboard-response,21,46108,subject_6,67d993866d1d7516d87e97de,67f54f7c3dcd7be72d7f8b07,0.9713996778653378,0,left,0.1810023967257144,3.9989741,1.4837299000000002,1.0,0.017565485362095533,-1.2707921500000001,-8.2403645,2.6944252,2.3565879999999995,167.86508935,18.0,1.4855458000000001,1.4855458000000001,0.7124999999999999,8.574116496188747,32.5,209.911716892,20.0,142.86702770799997,5.01324945,7.0,125.69617107504936,62.09856014494803,35.0
3371,j,capitals,42,state,Wisconsin,Madison,Milwaukee,What is the capital of Wisconsin?,The capital of Wisconsin is,0.284,0.551,1.940140845,False,critical,html-keyboard-response,23,50486,subject_6,67d993866d1d7516d87e97de,67f54f7c3dcd7be72d7f8b07,0.9713996778653378,1,right,1.8603651371789232,3.13448335,2.23414315,1.0,0.006828316610925306,-0.760507775,-9.046759,3.316440125,1.0081592500000003,161.19694813,16.0,0.0,0.0,0.025,8.781973336626725,35.0,233.021284015,20.0,104.89291063499999,0.0,33.0,87.39257794461776,27.410622132151936,33.0
2147,j,capitals,40,state,Virginia,Richmond,Virginia Beach,What is the capital of Virginia?,The capital of Virginia is,0.231,0.45,1.948051948,False,critical,html-keyboard-response,25,53650,subject_6,67d993866d1d7516d87e97de,67f54f7c3dcd7be72d7f8b07,0.9713996778653378,1,right,-0.1411343704303539,4.120711549999999,3.5882533,1.0,0.02312889812889813,-1.16916945,-6.914387700000001,2.59017605,0.19082209999999966,175.71893075000003,18.5,2.56121715,2.56121715,0.7,5.77276122250901,38.0,284.03714405,20.0,35.25386895,25.267003600000002,18.0,46.35421140072588,30.54006897158279,36.0
1592,j,capitals,10,country,Turkey,Ankara,Istanbul,What is the capital of Turkey?,The capital of Turkey is,5.55,16.24,2.926126126,True,critical,html-keyboard-response,27,56250,subject_6,67d993866d1d7516d87e97de,67f54f7c3dcd7be72d7f8b07,0.9713996778653378,0,right,-1.0486770393218154,3.7206935999999997,3.6190253,1.0,0.0140625,-1.049432,-7.22749025,1.77928585,-1.0519376499999997,181.67489892999998,14.0,3.36303155,3.36303155,0.7875000000000001,7.10805059345744,34.0,232.28671097749998,0.0,68.73258667249999,23.91809185,34.0,109.98791459488866,68.21821684179301,34.0
2480,f,capitals,11,country,United Arab Emirates,Abu Dhabi,Dubai,What is the capital of the United Arab Emirates?,The capital of the United Arab Emirates is,1.6,3.1,1.9375,True,critical,html-keyboard-response,29,59737,subject_6,67d993866d1d7516d87e97de,67f54f7c3dcd7be72d7f8b07,0.9713996778653378,1,left,0.403391230904523,3.6339115499999997,2.33935815,1.0,0.00522367703218767,-1.0856354000000001,-9.346349,2.50591525,-0.6000735000000006,159.839143965,14.0,3.36275555,3.36275555,0.65,9.84413945872573,31.0,260.0233028075,0.0,72.79101454250001,22.182172549999997,33.0,96.97781470445022,51.8589082146157,33.0
1483,f,capitals,17,state,Florida,Tallahassee,Jacksonville,What is the capital of Florida?,The capital of Florida is,0.205,1.008,4.917073171,True,critical,html-keyboard-response,31,62231,subject_6,67d993866d1d7516d87e97de,67f54f7c3dcd7be72d7f8b07,0.9713996778653378,1,left,-1.2269151490680663,3.563912,2.6319027999999998,1.0,0.008519591611479029,-0.95531795,-8.4452955,4.38171585,1.3466129999999996,162.1489442425,23.5,1.2571029,1.2571029,0.48750000000000004,9.093065063976583,33.0,222.1497324065,20.0,145.26711409350003,2.21744865,24.0,154.13877107879688,46.03097986487076,33.0
2425,f,capitals,25,state,Minnesota,St. Paul,Minneapolis,What is the capital of Minnesota?,The capital of Minnesota is,0.299,0.421,1.408026756,True,critical,html-keyboard-response,33,65662,subject_6,67d993866d1d7516d87e97de,67f54f7c3dcd7be72d7f8b07,0.9713996778653378,1,left,0.3134545700233871,3.58195065,1.6521141,1.0,0.017392619479733817,-1.4853812,-8.023998,2.1170464,1.1057884999999996,150.791991795,18.0,6.11360015,6.11360015,0.875,3.3354361793014986,36.5,291.73495485,35.0,30.489669350000007,37.57722344999999,35.0,64.16242236428235,64.57921294960164,35.0
3882,j,capitals,19,state,Kansas,Topeka,Wichita,What is the capital of Kansas?,The capital of Kansas is,0.125,0.395,3.16,True,critical,html-keyboard-response,35,70552,subject_6,67d993866d1d7516d87e97de,67f54f7c3dcd7be72d7f8b07,0.9713996778653378,0,right,2.695958477365476,3.69316615,2.64080265,1.0,0.010417797069994574,-1.07303922,-8.168856,1.73419138,-0.5498905999999999,162.288778245,35.0,2.9706022499999998,1.7607325999999994,0.5625,10.046628532789011,33.0,233.6914373035,18.0,65.7761040965,17.125884900000003,35.0,90.36345231361148,54.06264558247349,35.0
2813,f,capitals,6,country,New Zealand,Wellington,Auckland,What is the capital of New Zealand?,The capital of New Zealand is,0.428,1.711,3.997663551,True,critical,html-keyboard-response,37,74381,subject_6,67d993866d1d7516d87e97de,67f54f7c3dcd7be72d7f8b07,0.9713996778653378,1,left,0.9479168322394,4.244933850000001,2.3052439,1.0,0.008300041328006613,-1.7685506,-8.672815499999999,2.1210044999999997,0.577696500000001,145.06194,14.0,4.1641122,4.1641122,0.5,13.508204608971669,26.0,251.64753062350002,26.0,86.95005627649999,49.788739050000004,26.0,100.41858076823004,69.00830151646427,29.0
2893,f,capitals,5,country,Morrocco,Rabat,Marrakesh,What is the capital of Morrocco?,The capital of Morrocco is,2.02,1.085,0.5371287129,True,critical,html-keyboard-response,39,78282,subject_6,67d993866d1d7516d87e97de,67f54f7c3dcd7be72d7f8b07,0.9713996778653378,1,left,1.078733793521052,4.06911815,3.926867,1.0,0.001930509063232023,-1.06717185,-9.534113999999999,2.73666185,-0.551412,192.02520429999998,22.5,5.353308500000001,3.0599705000000004,0.6125,7.031879522295083,33.0,303.121009725,22.5,42.028869125,59.422086599999986,14.5,71.26685811006843,54.04151717765417,23.0
2093,f,capitals,4,country,India,New Delhi,Mumbai,What is the capital of India?,The capital of India is,0.206,22.1,107.2815534,False,critical,html-keyboard-response,41,81381,subject_6,67d993866d1d7516d87e97de,67f54f7c3dcd7be72d7f8b07,0.9713996778653378,0,left,-0.229435819295469,3.3890189,1.4282650000000001,1.0,0.06971153846153846,-1.1690336,-6.6849964,4.1036254,2.7211151000000005,151.45156923500002,14.0,2.3097963499999996,1.1339184999999992,0.425,9.901198823968304,30.0,227.81903473,16.0,94.28140192000001,13.430843800000002,8.0,81.85221999731655,37.65522312456052,32.0
2762,j,capitals,21,state,Louisiana,Baton Rouge,New Orleans,What is the capital of Louisiana?,The capital of Louisiana is,0.215,0.351,1.63255814,False,critical,html-keyboard-response,43,85154,subject_6,67d993866d1d7516d87e97de,67f54f7c3dcd7be72d7f8b07,0.9713996778653378,1,right,0.8645210194223467,2.79039935,2.0269129,1.0,0.0034954039671020805,-0.60054295,-9.8353815,2.3737587500000004,-2.482563500000001,172.31991220000003,18.0,5.1981744999999995,3.793621,0.6875,7.716095282905707,34.5,282.68865437,20.0,29.084738729999994,68.09929645,24.5,62.8804213583455,54.76974795931437,27.0
2717,f,capitals,15,state,Connecticut,Hartford,Bridgeport,What is the capital of Connecticut?,The capital of Connecticut is,0.119,0.148,1.243697479,True,critical,html-keyboard-response,45,88875,subject_6,67d993866d1d7516d87e97de,67f54f7c3dcd7be72d7f8b07,0.9713996778653378,1,left,0.7909364787014174,4.152413,2.4941535000000004,1.0,0.012903762903762904,-1.2379590999999999,-8.185617,4.8248759,4.25825,176.1870492,16.0,0.7039874999999993,0.7039874999999993,0.3,12.984765384964998,24.0,278.35317808,20.0,187.17906882,0.754308,10.5,97.3336617897597,26.70347104409089,31.0
2056,f,capitals,9,country,Switzerland,Bern,Zurich,What is the capital of Switzerland?,The capital of Switzerland is,0.448,1.455,3.247767857,False,critical,html-keyboard-response,47,91945,subject_6,67d993866d1d7516d87e97de,67f54f7c3dcd7be72d7f8b07,0.9713996778653378,0,left,-0.2899386638882332,4.1456575,2.41449345,0.5,0.0021505425701852632,-1.92965085,-10.040487,1.9507065,-3.461702700000001,159.68889725000002,14.0,4.6987805499999995,4.6987805499999995,0.725,3.5004306147470485,37.0,294.98176505000004,16.0,73.5494113,34.15059715,1.0,73.47320395691726,42.42957016076099,37.0
1664,f,capitals,2,country,Brazil,Brasilia,Rio de Janeiro,What is the capital of Brazil?,The capital of Brazil is,4.99,13.923,2.790180361,False,critical,html-keyboard-response,49,94626,subject_6,67d993866d1d7516d87e97de,67f54f7c3dcd7be72d7f8b07,0.9713996778653378,0,left,-0.9309417741683286,2.0599417,0.8546364200000001,1.0,0.010916269887353384,-0.37423359,-9.777523500000001,3.12931296,0.3757585000000008,171.91224647,18.0,3.580388749999999,2.5741565,0.55,9.253846674396854,34.0,298.44019958,15.0,47.51553901999999,30.58541265,22.0,58.33967382007255,24.97507531677988,22.0
3324,j,capitals,35,state,Oregon,Salem,Portland,What is the capital of Oregon?,The capital of Oregon is,0.178,0.615,3.45505618,True,critical,html-keyboard-response,51,98957,subject_6,67d993866d1d7516d87e97de,67f54f7c3dcd7be72d7f8b07,0.9713996778653378,0,right,1.7835101724259528,3.87003685,0.9559546750000001,1.0,0.02684931506849315,-1.33495845,-8.585685999999999,2.0863518,0.6543089999999996,153.11513470199998,18.0,4.49311111,4.49311111,0.6875,9.833651245669653,33.5,221.757705704,20.0,88.948261346,12.927848335,34.0,127.8462239789101,66.26897622229141,34.0
1422,f,capitals,13,state,Alaska,Juneau,Anchorage,What is the capital of Alaska?,The capital of Alaska is,0.0311,0.283,9.099678457,True,critical,html-keyboard-response,53,101390,subject_6,67d993866d1d7516d87e97de,67f54f7c3dcd7be72d7f8b07,0.9713996778653378,1,left,-1.3266630820453262,4.0331867,1.032167785,1.0,0.0012974288388852195,-1.38228545,-12.390654,1.9327201,-2.1549560000000003,158.058188835,18.0,4.9375237,4.9375237,0.9624999999999999,2.4642328656242176,37.0,348.27460882,33.0,8.84634368,72.57630929999998,37.0,50.961827169017766,61.5026154449013,37.0
1768,j,capitals,20,state,Kentucky,Frankfort,Louisville,What is the capital of Kentucky?,The capital of Kentucky is,0.0281,0.617,21.95729537,True,critical,html-keyboard-response,55,104169,subject_6,67d993866d1d7516d87e97de,67f54f7c3dcd7be72d7f8b07,0.9713996778653378,0,right,-0.7608797245021808,3.0547366,2.2666612,1.0,0.000659358843533807,-0.74241135,-11.6135325,2.1753297,-0.9483945,176.88001325,18.0,5.5287013,4.96804475,0.75,4.405366338069108,37.0,336.0411206,26.0,22.964224,60.86410575,26.0,72.27622371274914,51.10917786191476,26.0
2666,j,capitals,23,state,Maryland,Annapolis,Baltimore,What is the capital of Maryland?,The capital of Maryland is,0.0403,0.553,13.72208437,True,critical,html-keyboard-response,57,107847,subject_6,67d993866d1d7516d87e97de,67f54f7c3dcd7be72d7f8b07,0.9713996778653378,0,right,0.7075406658843642,3.6610867999999996,1.99519565,1.0,0.007435328135488201,-1.006010815,-9.066941499999999,2.3947849850000003,-2.0526531999999995,171.39884055,18.0,5.272523,5.272523,0.7124999999999999,8.627807633730525,31.0,269.905489795,21.0,82.80523015499999,30.549259500000005,17.5,88.24512507064568,61.977535890917494,35.0
2084,f,capitals,24,state,Michigan,Lansing,Detroit,What is the capital of Michigan?,The capital of Michigan is,0.112,0.63,5.625,False,critical,html-keyboard-response,59,110944,subject_6,67d993866d1d7516d87e97de,67f54f7c3dcd7be72d7f8b07,0.9713996778653378,0,left,-0.2441527274396549,3.1715925,0.8199855199999999,1.0,0.020092460881934567,-0.8804468999999999,-8.9095815,2.08088635,-0.3318779999999997,162.992733545,18.0,2.8472903499999997,2.8472903499999997,0.7,7.4411319048798905,35.5,223.482275455,20.0,122.07790124499999,9.68996645,35.0,132.35050610599825,75.15181857684905,35.0
1363,j,capitals,26,state,Montana,Helena,Billings,What is the capital of Montana?,The capital of Montana is,0.0359,0.123,3.426183844,False,critical,html-keyboard-response,61,113321,subject_6,67d993866d1d7516d87e97de,67f54f7c3dcd7be72d7f8b07,0.9713996778653378,1,right,-1.4231405909905446,4.00716885,2.3871716000000003,1.0,0.0004472704898291971,-1.22599375,-12.036882250000001,2.2819052,-1.00467525,175.57409865,18.0,2.4909772499999994,2.1745497500000006,0.5875,6.831399328645267,33.0,299.00474067,20.0,76.68242387999999,24.127286050000002,24.0,98.87916742139757,43.100083383269855,28.5
2665,f,capitals,30,state,New Jersey,Trenton,Newark,What is the capital of New Jersey?,The capital of New Jersey is,0.0898,0.306,3.407572383,False,critical,html-keyboard-response,63,117001,subject_6,67d993866d1d7516d87e97de,67f54f7c3dcd7be72d7f8b07,0.9713996778653378,0,left,0.7059054538683435,3.3090056,1.82140345,1.0,0.0016363743403658628,-0.84072134,-10.924448,3.76701416,-4.2521546,156.04382572,18.0,6.901956650000001,6.901956650000001,0.725,8.925782555854742,34.5,273.68847277500004,22.0,47.345132775,80.49773385,24.5,88.88474869929352,60.16044669384837,28.5
2400,j,capitals,36,state,Pennsylvania,Harrisburg,Philadelphia,What is the capital of Pennsylvania?,The capital of Pennsylvania is,0.05,1.517,30.34,False,critical,html-keyboard-response,65,120417,subject_6,67d993866d1d7516d87e97de,67f54f7c3dcd7be72d7f8b07,0.9713996778653378,1,right,0.2725742696228709,3.80286055,1.2945525999999998,1.0,0.005201455329470422,-0.971369375,-10.090643,2.9000446250000005,-0.7811735000000004,169.40291199,18.0,4.7394538,4.5681133,0.6625000000000001,12.812658898193753,26.5,280.7955821475,22.5,70.13658115249999,36.52358815000001,24.0,104.5548823855986,47.04693462155399,24.0
2132,f,capitals,18,state,Illinois,Springfield,Chicago,What is the capital of Illinois?,The capital of Illinois is,0.111,2.612,23.53153153,True,critical,html-keyboard-response,67,123567,subject_6,67d993866d1d7516d87e97de,67f54f7c3dcd7be72d7f8b07,0.9713996778653378,1,left,-0.1656625506706636,3.7229846,2.02082935,1.0,0.0037192282102461744,-1.0637694,-9.972052999999999,1.8728581000000002,-5.79218335,170.65176035000002,18.0,8.6360925,8.6360925,0.675,5.610516716755836,37.0,311.23248041500005,22.5,49.248491285,81.37087019,25.0,83.27137832278736,56.50312887381918,25.0
1708,j,capitals,37,state,South Dakota,Pierre,Sioux Falls,What is the capital of South Dakota?,The capital of South Dakota is,0.0138,0.215,15.57971014,False,critical,html-keyboard-response,69,126292,subject_6,67d993866d1d7516d87e97de,67f54f7c3dcd7be72d7f8b07,0.9713996778653378,1,right,-0.8589924454634199,3.88962435,1.9988037,1.0,0.006089036055923473,-1.041340035,-9.381435,2.440622765,3.5832957499999987,176.86631975,18.0,2.7437485000000006,2.3335944999999993,0.45,6.963136166388008,32.0,279.15120511,20.0,98.78975829,20.867091999999992,16.0,89.17083306707906,49.97454210007436,26.0
1893,j,capitals,41,state,Washington,Olympia,Seattle,What is the capital of Washington?,The capital of Washington is,0.0558,0.765,13.70967742,False,critical,html-keyboard-response,71,129195,subject_6,67d993866d1d7516d87e97de,67f54f7c3dcd7be72d7f8b07,0.9713996778653378,1,right,-0.5564782224995993,2.4590736499999997,3.76935035,1.0,0.018367961457392352,-0.44257853999999996,-7.3950467,3.85359726,-2.2241997000000007,144.06035742999998,23.0,4.896856099999999,4.896856099999999,0.6625000000000001,14.217480554285576,25.5,250.7986976015,25.0,103.96332209849999,33.6275834,16.0,99.67318648330391,49.08176857829807,25.0
2166,f,capitals,31,state,New Mexico,Santa Fe,Albuquerque,What is the capital of New Mexico?,The capital of New Mexico is,0.0901,0.557,6.182019978,True,critical,html-keyboard-response,73,132371,subject_6,67d993866d1d7516d87e97de,67f54f7c3dcd7be72d7f8b07,0.9713996778653378,1,left,-0.1100653421259615,3.0991414500000003,1.3244324,1.0,0.014238667183262301,-0.69803795,-9.098272999999999,2.46943,0.3069240000000004,166.6062263,18.0,5.093978,3.5249351500000006,0.525,8.033448780088444,31.0,260.480373305,20.0,49.826687745000015,48.39635365000001,19.0,84.180459503387,57.783921029115376,24.0
1661,f,capitals,27,state,Nebraska,Lincoln,Omaha,What is the capital of Nebraska?,The capital of Nebraska is,0.297,0.477,1.606060606,True,critical,html-keyboard-response,75,135035,subject_6,67d993866d1d7516d87e97de,67f54f7c3dcd7be72d7f8b07,0.9713996778653378,1,left,-0.9358474102163904,3.40945435,2.88149385,1.0,0.002427404976322155,-0.90226395,-9.880027,1.9579811500000002,-0.6194575000000002,166.84559195,14.0,6.48387735,5.795127749999999,0.9875,3.0583791478084397,38.0,334.6421603,20.0,16.19795,78.670469,18.0,81.67707104491953,87.8184827648541,24.0
1853,f,capitals,32,state,New York,Albany,New York,What is the capital of New York?,The capital of New York is,0.103,7.937,77.05825243,True,critical,html-keyboard-response,77,137896,subject_6,67d993866d1d7516d87e97de,67f54f7c3dcd7be72d7f8b07,0.9713996778653378,1,left,-0.6218867031404254,2.31160665,4.8018915,1.0,0.07179487179487179,-0.40196120999999996,-4.7547025000000005,3.14106469,-1.30574515,164.00049312,18.0,4.1901697,3.862285,0.6875,15.47453789415244,25.5,229.375925891,15.0,53.021560058999995,59.8069269,27.0,75.81720478275057,45.627494070248844,27.0
3381,j,capitals,22,state,Maine,Augusta,Portland,What is the capital of Maine?,The capital of Maine is,0.0192,0.0695,3.619791667,False,critical,html-keyboard-response,79,142282,subject_6,67d993866d1d7516d87e97de,67f54f7c3dcd7be72d7f8b07,0.9713996778653378,1,right,1.87671725733913,3.7875023,2.4801948,1.0,0.0016831873627990133,-1.0323926499999998,-10.4254775,2.0421341999999996,-1.8715164999999994,169.20454695,18.0,5.94090445,5.94090445,0.95,2.583690266418973,37.0,311.71045002,37.0,44.16688318,51.44942174999999,21.0,71.44560616098389,59.91154959685878,37.0
1891,j,capitals,14,state,California,Sacramento,Los Angeles,What is the capital of California?,The capital of California is,0.527,3.8,7.210626186,False,critical,html-keyboard-response,81,145187,subject_6,67d993866d1d7516d87e97de,67f54f7c3dcd7be72d7f8b07,0.9713996778653378,1,right,-0.5597486465316407,2.8312225,3.369704,1.0,0.1,-0.63638328,-4.58591525,4.79400397,-0.5027754,142.854805135,14.5,5.676533999999999,5.419304,0.5875,18.10634188869909,22.0,220.35396464500002,17.5,113.277399355,50.27004185000001,25.5,97.10799675216575,25.585019619395112,25.0
2510,f,capitals,34,state,North Dakota,Bismarck,Fargo,What is the capital of North Dakota?,The capital of North Dakota is,0.076,0.138,1.815789474,False,critical,html-keyboard-response,83,148706,subject_6,67d993866d1d7516d87e97de,67f54f7c3dcd7be72d7f8b07,0.9713996778653378,0,left,0.4524475913851425,3.1886295000000002,1.6228072999999998,1.0,0.04464285714285714,-0.8373848349999999,-6.98899085,3.346709315,2.0134886500000007,158.9716758025,18.0,1.0428039999999998,1.0428039999999998,0.425,10.24716289924514,32.5,181.48586626009998,20.0,91.95245258989999,1.3760648999999998,25.0,78.67897042291708,25.245962637347155,34.5
1616,f,capitals,1,country,Australia,Canberra,Sydney,What is the capital of Australia?,The capital of Australia is,0.483,5.249,10.86749482,False,critical,html-keyboard-response,85,151338,subject_6,67d993866d1d7516d87e97de,67f54f7c3dcd7be72d7f8b07,0.9713996778653378,0,left,-1.0094319509373195,2.91766655,1.443579,1.0,0.013910060975609756,-0.732931825,-9.718684,2.424576675,-3.10026675,135.81862900000002,16.0,4.71659925,4.71659925,0.7,13.549338958870404,26.5,205.0319132245,16.0,133.7638296255,27.787327949999998,27.0,115.01755520776328,61.294825054348195,27.0
1871,f,capitals,16,state,Delaware,Dover,Wilmington,What is the capital of Delaware?,The capital of Delaware is,0.0403,0.0722,1.791563275,False,critical,html-keyboard-response,87,154222,subject_6,67d993866d1d7516d87e97de,67f54f7c3dcd7be72d7f8b07,0.9713996778653378,0,left,-0.5924528868520537,4.2341493,0.72218523,1.0,0.012666345999679333,-1.74989815,-9.680467,0.94623425,3.385187,168.90373542999998,18.0,0.0,0.0,0.025,6.774399509720723,34.0,229.367487715,20.0,115.99101648500002,0.0,34.5,110.70916324533087,58.08677270925415,34.5
1262,j,capitals,8,country,South Africa,Pretoria,Johannesburg,What is the capital of South Africa?,The capital of South Africa is,3.0,6.4,2.133333333,True,critical,html-keyboard-response,89,156503,subject_6,67d993866d1d7516d87e97de,67f54f7c3dcd7be72d7f8b07,0.9713996778653378,0,right,-1.5882970046086304,4.3614197,2.7407284,1.0,0.005607622617931896,-2.11893455,-8.995401000000001,2.2255171,-0.9749508000000002,168.89477075,14.0,4.743248,4.743248,0.8125,6.902744233458726,33.0,261.79318212500004,33.0,107.26548872500001,40.14546490000001,33.0,126.64268622248599,90.68654232034928,33.5
2902,j,capitals,24,state,Michigan,Lansing,Detroit,What is the capital of Michigan?,The capital of Michigan is,0.112,0.63,5.625,True,critical,html-keyboard-response,7,41134,subject_4,67d993866d1d7516d87e97de,67f556e5f837ba443d96a658,0.8075171345124827,0,right,1.7751138592885312,3.1715925,0.8199855199999999,1.0,0.020092460881934567,-0.8804468999999999,-8.9095815,2.08088635,-0.3318779999999997,162.992733545,18.0,2.8472903499999997,2.8472903499999997,0.7,7.4411319048798905,35.5,223.482275455,20.0,122.07790124499999,9.68996645,35.0,132.35050610599825,75.15181857684905,35.0
2553,f,capitals,15,state,Connecticut,Hartford,Bridgeport,What is the capital of Connecticut?,The capital of Connecticut is,0.119,0.148,1.243697479,True,critical,html-keyboard-response,9,44692,subject_4,67d993866d1d7516d87e97de,67f556e5f837ba443d96a658,0.8075171345124827,1,left,1.1456171023946595,4.152413,2.4941535000000004,1.0,0.012903762903762904,-1.2379590999999999,-8.185617,4.8248759,4.25825,176.1870492,16.0,0.7039874999999993,0.7039874999999993,0.3,12.984765384964998,24.0,278.35317808,20.0,187.17906882,0.754308,10.5,97.3336617897597,26.70347104409089,31.0
3157,j,capitals,28,state,Nevada,Carson City,Las Vegas,What is the capital of Nevada?,The capital of Nevada is,0.0576,0.67,11.63194444,True,critical,html-keyboard-response,11,48853,subject_4,67d993866d1d7516d87e97de,67f556e5f837ba443d96a658,0.8075171345124827,0,right,2.2350613464172913,3.21408655,2.2825403,1.0,0.009556159420289855,-0.7483732750000001,-8.5907935,3.2634109749999998,0.3897780000000006,154.31583923,24.0,0.6128969999999994,0.6128969999999994,0.46249999999999997,13.888110548784098,22.0,212.93093655299998,21.0,129.96025854700002,1.2335965999999998,27.5,151.10212968210539,49.69601040539513,33.0
2064,f,capitals,5,country,Morrocco,Rabat,Marrakesh,What is the capital of Morrocco?,The capital of Morrocco is,2.02,1.085,0.5371287129,False,critical,html-keyboard-response,13,51921,subject_4,67d993866d1d7516d87e97de,67f556e5f837ba443d96a658,0.8075171345124827,0,left,0.2636001564889196,4.06911815,3.926867,1.0,0.001930509063232023,-1.06717185,-9.534113999999999,2.73666185,-0.551412,192.02520429999998,22.5,5.353308500000001,3.0599705000000004,0.6125,7.031879522295083,33.0,303.121009725,22.5,42.028869125,59.422086599999986,14.5,71.26685811006843,54.04151717765417,23.0
1953,f,capitals,12,state,Alabama,Montgomery,Birmingham,What is the capital of Alabama?,The capital of Alabama is,0.192,0.194,1.010416667,False,critical,html-keyboard-response,15,54880,subject_4,67d993866d1d7516d87e97de,67f556e5f837ba443d96a658,0.8075171345124827,0,left,0.063387720915224,3.1154528,2.2013875499999997,1.0,0.003584966270478638,-0.7024276,-9.767927,3.1901363,-1.4417109999999997,171.89705985,16.0,5.234766799999999,5.234766799999999,0.725,8.879740567094881,31.0,283.66813919000003,20.0,35.182526159999995,72.3701839,11.0,72.1080126268425,56.93717089653546,31.0
2490,f,capitals,18,state,Illinois,Springfield,Chicago,What is the capital of Illinois?,The capital of Illinois is,0.111,2.612,23.53153153,False,critical,html-keyboard-response,17,58374,subject_4,67d993866d1d7516d87e97de,67f556e5f837ba443d96a658,0.8075171345124827,0,left,1.0319830173393187,3.7229846,2.02082935,1.0,0.0037192282102461744,-1.0637694,-9.972052999999999,1.8728581000000002,-5.79218335,170.65176035000002,18.0,8.6360925,8.6360925,0.675,5.610516716755836,37.0,311.23248041500005,22.5,49.248491285,81.37087019,25.0,83.27137832278736,56.50312887381918,25.0
2147,f,capitals,26,state,Montana,Helena,Billings,What is the capital of Montana?,The capital of Montana is,0.0359,0.123,3.426183844,False,critical,html-keyboard-response,19,61526,subject_4,67d993866d1d7516d87e97de,67f556e5f837ba443d96a658,0.8075171345124827,0,left,0.4133085542602415,4.00716885,2.3871716000000003,1.0,0.0004472704898291971,-1.22599375,-12.036882250000001,2.2819052,-1.00467525,175.57409865,18.0,2.4909772499999994,2.1745497500000006,0.5875,6.831399328645267,33.0,299.00474067,20.0,76.68242387999999,24.127286050000002,24.0,98.87916742139757,43.100083383269855,28.5
1802,f,capitals,21,state,Louisiana,Baton Rouge,New Orleans,What is the capital of Louisiana?,The capital of Louisiana is,0.215,0.351,1.63255814,True,critical,html-keyboard-response,21,64332,subject_4,67d993866d1d7516d87e97de,67f556e5f837ba443d96a658,0.8075171345124827,1,left,-0.2089733400904339,2.79039935,2.0269129,1.0,0.0034954039671020805,-0.60054295,-9.8353815,2.3737587500000004,-2.482563500000001,172.31991220000003,18.0,5.1981744999999995,3.793621,0.6875,7.716095282905707,34.5,282.68865437,20.0,29.084738729999994,68.09929645,24.5,62.8804213583455,54.76974795931437,27.0
2431,j,capitals,37,state,South Dakota,Pierre,Sioux Falls,What is the capital of South Dakota?,The capital of South Dakota is,0.0138,0.215,15.57971014,True,critical,html-keyboard-response,23,67768,subject_4,67d993866d1d7516d87e97de,67f556e5f837ba443d96a658,0.8075171345124827,0,right,0.9255637948271744,3.88962435,1.9988037,1.0,0.006089036055923473,-1.041340035,-9.381435,2.440622765,3.5832957499999987,176.86631975,18.0,2.7437485000000006,2.3335944999999993,0.45,6.963136166388008,32.0,279.15120511,20.0,98.78975829,20.867091999999992,16.0,89.17083306707906,49.97454210007436,26.0
1792,j,capitals,16,state,Delaware,Dover,Wilmington,What is the capital of Delaware?,The capital of Delaware is,0.0403,0.0722,1.791563275,True,critical,html-keyboard-response,25,70565,subject_4,67d993866d1d7516d87e97de,67f556e5f837ba443d96a658,0.8075171345124827,0,right,-0.2270104964484245,4.2341493,0.72218523,1.0,0.012666345999679333,-1.74989815,-9.680467,0.94623425,3.385187,168.90373542999998,18.0,0.0,0.0,0.025,6.774399509720723,34.0,229.367487715,20.0,115.99101648500002,0.0,34.5,110.70916324533087,58.08677270925415,34.5
1664,f,capitals,27,state,Nebraska,Lincoln,Omaha,What is the capital of Nebraska?,The capital of Nebraska is,0.297,0.477,1.606060606,True,critical,html-keyboard-response,27,73234,subject_4,67d993866d1d7516d87e97de,67f556e5f837ba443d96a658,0.8075171345124827,1,left,-0.4578860978307041,3.40945435,2.88149385,1.0,0.002427404976322155,-0.90226395,-9.880027,1.9579811500000002,-0.6194575000000002,166.84559195,14.0,6.48387735,5.795127749999999,0.9875,3.0583791478084397,38.0,334.6421603,20.0,16.19795,78.670469,18.0,81.67707104491953,87.8184827648541,24.0
1232,f,capitals,7,country,Pakistan,Islamabad,Karachi,What is the capital of Pakistan?,The capital of Pakistan is,1.3,18.1,13.92307692,True,critical,html-keyboard-response,29,75469,subject_4,67d993866d1d7516d87e97de,67f556e5f837ba443d96a658,0.8075171345124827,1,left,-1.2370912524958977,3.8934075,2.6534792,1.0,0.0019266429313158284,-1.11515545,-10.314565,2.1734213999999996,-4.08459765,183.33887535,14.0,4.08459765,4.08459765,0.675,5.719409224572999,32.5,281.15069095,25.0,33.481899,38.1329444,25.0,81.74658055471438,60.49985834162654,25.0
1567,f,capitals,32,state,New York,Albany,New York,What is the capital of New York?,The capital of New York is,0.103,7.937,77.05825243,False,critical,html-keyboard-response,31,78040,subject_4,67d993866d1d7516d87e97de,67f556e5f837ba443d96a658,0.8075171345124827,0,left,-0.6328465145032128,2.31160665,4.8018915,1.0,0.07179487179487179,-0.40196120999999996,-4.7547025000000005,3.14106469,-1.30574515,164.00049312,18.0,4.1901697,3.862285,0.6875,15.47453789415244,25.5,229.375925891,15.0,53.021560058999995,59.8069269,27.0,75.81720478275057,45.627494070248844,27.0
1455,f,capitals,9,country,Switzerland,Bern,Zurich,What is the capital of Switzerland?,The capital of Switzerland is,0.448,1.455,3.247767857,False,critical,html-keyboard-response,33,80500,subject_4,67d993866d1d7516d87e97de,67f556e5f837ba443d96a658,0.8075171345124827,0,left,-0.8348626657127075,4.1456575,2.41449345,0.5,0.0021505425701852632,-1.92965085,-10.040487,1.9507065,-3.461702700000001,159.68889725000002,14.0,4.6987805499999995,4.6987805499999995,0.725,3.5004306147470485,37.0,294.98176505000004,16.0,73.5494113,34.15059715,1.0,73.47320395691726,42.42957016076099,37.0
2289,f,capitals,35,state,Oregon,Salem,Portland,What is the capital of Oregon?,The capital of Oregon is,0.178,0.615,3.45505618,True,critical,html-keyboard-response,35,83793,subject_4,67d993866d1d7516d87e97de,67f556e5f837ba443d96a658,0.8075171345124827,1,left,0.669436174543708,3.87003685,0.9559546750000001,1.0,0.02684931506849315,-1.33495845,-8.585685999999999,2.0863518,0.6543089999999996,153.11513470199998,18.0,4.49311111,4.49311111,0.6875,9.833651245669653,33.5,221.757705704,20.0,88.948261346,12.927848335,34.0,127.8462239789101,66.26897622229141,34.0
1799,j,capitals,38,state,Texas,Austin,Houston,What is the capital of Texas?,The capital of Texas is,0.989,2.324,2.349848332,False,critical,html-keyboard-response,37,86596,subject_4,67d993866d1d7516d87e97de,67f556e5f837ba443d96a658,0.8075171345124827,1,right,-0.214384486997831,2.7289062,3.68736335,1.0,0.08712121212121213,-0.506320885,-4.40157605,4.012876565,1.53352215,151.14799460999998,11.0,0.08562525000000054,0.08562525000000054,0.35,19.22278273641858,20.0,198.241569792,15.0,136.22196335799998,0.08562525000000054,10.5,81.3456051528303,15.975005422746095,35.0
1478,f,capitals,13,state,Alaska,Juneau,Anchorage,What is the capital of Alaska?,The capital of Alaska is,0.0311,0.283,9.099678457,False,critical,html-keyboard-response,39,89078,subject_4,67d993866d1d7516d87e97de,67f556e5f837ba443d96a658,0.8075171345124827,0,left,-0.793377206089329,4.0331867,1.032167785,1.0,0.0012974288388852195,-1.38228545,-12.390654,1.9327201,-2.1549560000000003,158.058188835,18.0,4.9375237,4.9375237,0.9624999999999999,2.4642328656242176,37.0,348.27460882,33.0,8.84634368,72.57630929999998,37.0,50.961827169017766,61.5026154449013,37.0
2266,f,capitals,41,state,Washington,Olympia,Seattle,What is the capital of Washington?,The capital of Washington is,0.0558,0.765,13.70967742,False,critical,html-keyboard-response,41,92348,subject_4,67d993866d1d7516d87e97de,67f556e5f837ba443d96a658,0.8075171345124827,0,left,0.6279507149203295,2.4590736499999997,3.76935035,1.0,0.018367961457392352,-0.44257853999999996,-7.3950467,3.85359726,-2.2241997000000007,144.06035742999998,23.0,4.896856099999999,4.896856099999999,0.6625000000000001,14.217480554285576,25.5,250.7986976015,25.0,103.96332209849999,33.6275834,16.0,99.67318648330391,49.08176857829807,25.0
2275,f,capitals,42,state,Wisconsin,Madison,Milwaukee,What is the capital of Wisconsin?,The capital of Wisconsin is,0.284,0.551,1.940140845,True,critical,html-keyboard-response,43,95627,subject_4,67d993866d1d7516d87e97de,67f556e5f837ba443d96a658,0.8075171345124827,1,left,0.6441841556425211,3.13448335,2.23414315,1.0,0.006828316610925306,-0.760507775,-9.046759,3.316440125,1.0081592500000003,161.19694813,16.0,0.0,0.0,0.025,8.781973336626725,35.0,233.021284015,20.0,104.89291063499999,0.0,33.0,87.39257794461776,27.410622132151936,33.0
1448,j,capitals,30,state,New Jersey,Trenton,Newark,What is the capital of New Jersey?,The capital of New Jersey is,0.0898,0.306,3.407572383,True,critical,html-keyboard-response,45,98079,subject_4,67d993866d1d7516d87e97de,67f556e5f837ba443d96a658,0.8075171345124827,0,right,-0.8474886751633008,3.3090056,1.82140345,1.0,0.0016363743403658628,-0.84072134,-10.924448,3.76701416,-4.2521546,156.04382572,18.0,6.901956650000001,6.901956650000001,0.725,8.925782555854742,34.5,273.68847277500004,22.0,47.345132775,80.49773385,24.5,88.88474869929352,60.16044669384837,28.5
1500,j,capitals,40,state,Virginia,Richmond,Virginia Beach,What is the capital of Virginia?,The capital of Virginia is,0.231,0.45,1.948051948,False,critical,html-keyboard-response,47,100584,subject_4,67d993866d1d7516d87e97de,67f556e5f837ba443d96a658,0.8075171345124827,1,right,-0.7536954621017498,4.120711549999999,3.5882533,1.0,0.02312889812889813,-1.16916945,-6.914387700000001,2.59017605,0.19082209999999966,175.71893075000003,18.5,2.56121715,2.56121715,0.7,5.77276122250901,38.0,284.03714405,20.0,35.25386895,25.267003600000002,18.0,46.35421140072588,30.54006897158279,36.0
1392,j,capitals,34,state,North Dakota,Bismarck,Fargo,What is the capital of North Dakota?,The capital of North Dakota is,0.076,0.138,1.815789474,False,critical,html-keyboard-response,49,102980,subject_4,67d993866d1d7516d87e97de,67f556e5f837ba443d96a658,0.8075171345124827,1,right,-0.9484967507680482,3.1886295000000002,1.6228072999999998,1.0,0.04464285714285714,-0.8373848349999999,-6.98899085,3.346709315,2.0134886500000007,158.9716758025,18.0,1.0428039999999998,1.0428039999999998,0.425,10.24716289924514,32.5,181.48586626009998,20.0,91.95245258989999,1.3760648999999998,25.0,78.67897042291708,25.245962637347155,34.5
2691,f,capitals,22,state,Maine,Augusta,Portland,What is the capital of Maine?,The capital of Maine is,0.0192,0.0695,3.619791667,False,critical,html-keyboard-response,51,106675,subject_4,67d993866d1d7516d87e97de,67f556e5f837ba443d96a658,0.8075171345124827,0,left,1.3945298601349296,3.7875023,2.4801948,1.0,0.0016831873627990133,-1.0323926499999998,-10.4254775,2.0421341999999996,-1.8715164999999994,169.20454695,18.0,5.94090445,5.94090445,0.95,2.583690266418973,37.0,311.71045002,37.0,44.16688318,51.44942174999999,21.0,71.44560616098389,59.91154959685878,37.0
1730,j,capitals,10,country,Turkey,Ankara,Istanbul,What is the capital of Turkey?,The capital of Turkey is,5.55,16.24,2.926126126,True,critical,html-keyboard-response,53,109408,subject_4,67d993866d1d7516d87e97de,67f556e5f837ba443d96a658,0.8075171345124827,0,right,-0.3388408658679662,3.7206935999999997,3.6190253,1.0,0.0140625,-1.049432,-7.22749025,1.77928585,-1.0519376499999997,181.67489892999998,14.0,3.36303155,3.36303155,0.7875000000000001,7.10805059345744,34.0,232.28671097749998,0.0,68.73258667249999,23.91809185,34.0,109.98791459488866,68.21821684179301,34.0
2023,j,capitals,4,country,India,New Delhi,Mumbai,What is the capital of India?,The capital of India is,0.206,22.1,107.2815534,False,critical,html-keyboard-response,55,112436,subject_4,67d993866d1d7516d87e97de,67f556e5f837ba443d96a658,0.8075171345124827,1,right,0.1896478154211581,3.3890189,1.4282650000000001,1.0,0.06971153846153846,-1.1690336,-6.6849964,4.1036254,2.7211151000000005,151.45156923500002,14.0,2.3097963499999996,1.1339184999999992,0.425,9.901198823968304,30.0,227.81903473,16.0,94.28140192000001,13.430843800000002,8.0,81.85221999731655,37.65522312456052,32.0
1828,j,capitals,14,state,California,Sacramento,Los Angeles,What is the capital of California?,The capital of California is,0.527,3.8,7.210626186,True,critical,html-keyboard-response,57,115268,subject_4,67d993866d1d7516d87e97de,67f556e5f837ba443d96a658,0.8075171345124827,0,right,-0.1620767335596583,2.8312225,3.369704,1.0,0.1,-0.63638328,-4.58591525,4.79400397,-0.5027754,142.854805135,14.5,5.676533999999999,5.419304,0.5875,18.10634188869909,22.0,220.35396464500002,17.5,113.277399355,50.27004185000001,25.5,97.10799675216575,25.585019619395112,25.0
1409,j,capitals,6,country,New Zealand,Wellington,Auckland,What is the capital of New Zealand?,The capital of New Zealand is,0.428,1.711,3.997663551,True,critical,html-keyboard-response,59,117681,subject_4,67d993866d1d7516d87e97de,67f556e5f837ba443d96a658,0.8075171345124827,0,right,-0.9178335849594642,4.244933850000001,2.3052439,1.0,0.008300041328006613,-1.7685506,-8.672815499999999,2.1210044999999997,0.577696500000001,145.06194,14.0,4.1641122,4.1641122,0.5,13.508204608971669,26.0,251.64753062350002,26.0,86.95005627649999,49.788739050000004,26.0,100.41858076823004,69.00830151646427,29.0
1183,j,capitals,39,state,Vermont,Montpelier,Burlington,What is the capital of Vermont?,The capital of Vermont is,0.0079,0.0444,5.620253165,True,critical,html-keyboard-response,61,119868,subject_4,67d993866d1d7516d87e97de,67f556e5f837ba443d96a658,0.8075171345124827,0,right,-1.3254733186500516,2.8268120999999997,0.75283587,1.0,0.0034998085574806164,-0.637835275,-11.6183655,2.518385875,0.32600349999999967,158.75225502,18.0,2.6147142499999996,2.5662552499999993,0.44999999999999996,6.6844704108256,35.0,288.368095275,20.0,52.797800275,17.347483000000004,23.0,87.53368163162845,59.445257727624245,23.0
965,f,capitals,1,country,Australia,Canberra,Sydney,What is the capital of Australia?,The capital of Australia is,0.483,5.249,10.86749482,False,critical,html-keyboard-response,63,121839,subject_4,67d993866d1d7516d87e97de,67f556e5f837ba443d96a658,0.8075171345124827,0,left,-1.7186833272542466,2.91766655,1.443579,1.0,0.013910060975609756,-0.732931825,-9.718684,2.424576675,-3.10026675,135.81862900000002,16.0,4.71659925,4.71659925,0.7,13.549338958870404,26.5,205.0319132245,16.0,133.7638296255,27.787327949999998,27.0,115.01755520776328,61.294825054348195,27.0
1040,f,capitals,8,country,South Africa,Pretoria,Johannesburg,What is the capital of South Africa?,The capital of South Africa is,3.0,6.4,2.133333333,False,critical,html-keyboard-response,65,123883,subject_4,67d993866d1d7516d87e97de,67f556e5f837ba443d96a658,0.8075171345124827,0,left,-1.583404654569317,4.3614197,2.7407284,1.0,0.005607622617931896,-2.11893455,-8.995401000000001,2.2255171,-0.9749508000000002,168.89477075,14.0,4.743248,4.743248,0.8125,6.902744233458726,33.0,261.79318212500004,33.0,107.26548872500001,40.14546490000001,33.0,126.64268622248599,90.68654232034928,33.5
2720,f,capitals,25,state,Minnesota,St. Paul,Minneapolis,What is the capital of Minnesota?,The capital of Minnesota is,0.299,0.421,1.408026756,True,critical,html-keyboard-response,67,127608,subject_4,67d993866d1d7516d87e97de,67f556e5f837ba443d96a658,0.8075171345124827,1,left,1.4468376135731025,3.58195065,1.6521141,1.0,0.017392619479733817,-1.4853812,-8.023998,2.1170464,1.1057884999999996,150.791991795,18.0,6.11360015,6.11360015,0.875,3.3354361793014986,36.5,291.73495485,35.0,30.489669350000007,37.57722344999999,35.0,64.16242236428235,64.57921294960164,35.0
1093,f,capitals,23,state,Maryland,Annapolis,Baltimore,What is the capital of Maryland?,The capital of Maryland is,0.0403,0.553,13.72208437,False,critical,html-keyboard-response,69,129706,subject_4,67d993866d1d7516d87e97de,67f556e5f837ba443d96a658,0.8075171345124827,0,left,-1.4878077258719669,3.6610867999999996,1.99519565,1.0,0.007435328135488201,-1.006010815,-9.066941499999999,2.3947849850000003,-2.0526531999999995,171.39884055,18.0,5.272523,5.272523,0.7124999999999999,8.627807633730525,31.0,269.905489795,21.0,82.80523015499999,30.549259500000005,17.5,88.24512507064568,61.977535890917494,35.0
1685,f,capitals,33,state,North Carolina,Raleigh,Charlotte,What is the capital of North Carolina?,The capital of North Carolina is,0.494,0.935,1.892712551,False,critical,html-keyboard-response,71,132395,subject_4,67d993866d1d7516d87e97de,67f556e5f837ba443d96a658,0.8075171345124827,0,left,-0.4200080694789238,3.9989741,1.4837299000000002,1.0,0.017565485362095533,-1.2707921500000001,-8.2403645,2.6944252,2.3565879999999995,167.86508935,18.0,1.4855458000000001,1.4855458000000001,0.7124999999999999,8.574116496188747,32.5,209.911716892,20.0,142.86702770799997,5.01324945,7.0,125.69617107504936,62.09856014494803,35.0
2612,f,capitals,29,state,New Hampshire,Concord,Manchester,What is the capital of New Hampshire?,The capital of New Hampshire is,0.0449,0.115,2.561247216,False,critical,html-keyboard-response,73,136012,subject_4,67d993866d1d7516d87e97de,67f556e5f837ba443d96a658,0.8075171345124827,0,left,1.252036324906804,3.8924572,2.5146651,1.0,0.00224755864290748,-1.1561135,-10.1354995,2.64535425,0.8996589999999998,168.00271485000002,18.0,0.0,0.0,0.025,8.377304174979542,32.5,253.08660677999998,20.0,138.81277821999998,0.0,27.0,98.10982957505266,32.00701641793163,32.0
2363,j,capitals,11,country,United Arab Emirates,Abu Dhabi,Dubai,What is the capital of the United Arab Emirates?,The capital of the United Arab Emirates is,1.6,3.1,1.9375,True,critical,html-keyboard-response,75,139378,subject_4,67d993866d1d7516d87e97de,67f556e5f837ba443d96a658,0.8075171345124827,0,right,0.8029111315928383,3.6339115499999997,2.33935815,1.0,0.00522367703218767,-1.0856354000000001,-9.346349,2.50591525,-0.6000735000000006,159.839143965,14.0,3.36275555,3.36275555,0.65,9.84413945872573,31.0,260.0233028075,0.0,72.79101454250001,22.182172549999997,33.0,96.97781470445022,51.8589082146157,33.0
2527,j,capitals,36,state,Pennsylvania,Harrisburg,Philadelphia,What is the capital of Pennsylvania?,The capital of Pennsylvania is,0.05,1.517,30.34,True,critical,html-keyboard-response,77,142910,subject_4,67d993866d1d7516d87e97de,67f556e5f837ba443d96a658,0.8075171345124827,0,right,1.098720495863884,3.80286055,1.2945525999999998,1.0,0.005201455329470422,-0.971369375,-10.090643,2.9000446250000005,-0.7811735000000004,169.40291199,18.0,4.7394538,4.5681133,0.6625000000000001,12.812658898193753,26.5,280.7955821475,22.5,70.13658115249999,36.52358815000001,24.0,104.5548823855986,47.04693462155399,24.0
1206,f,capitals,31,state,New Mexico,Santa Fe,Albuquerque,What is the capital of New Mexico?,The capital of New Mexico is,0.0901,0.557,6.182019978,False,critical,html-keyboard-response,79,145119,subject_4,67d993866d1d7516d87e97de,67f556e5f837ba443d96a658,0.8075171345124827,0,left,-1.2839878590266731,3.0991414500000003,1.3244324,1.0,0.014238667183262301,-0.69803795,-9.098272999999999,2.46943,0.3069240000000004,166.6062263,18.0,5.093978,3.5249351500000006,0.525,8.033448780088444,31.0,260.480373305,20.0,49.826687745000015,48.39635365000001,19.0,84.180459503387,57.783921029115376,24.0
2432,f,capitals,19,state,Kansas,Topeka,Wichita,What is the capital of Kansas?,The capital of Kansas is,0.125,0.395,3.16,False,critical,html-keyboard-response,81,148556,subject_4,67d993866d1d7516d87e97de,67f556e5f837ba443d96a658,0.8075171345124827,0,left,0.9273675104629734,3.69316615,2.64080265,1.0,0.010417797069994574,-1.07303922,-8.168856,1.73419138,-0.5498905999999999,162.288778245,35.0,2.9706022499999998,1.7607325999999994,0.5625,10.046628532789011,33.0,233.6914373035,18.0,65.7761040965,17.125884900000003,35.0,90.36345231361148,54.06264558247349,35.0
1719,j,capitals,17,state,Florida,Tallahassee,Jacksonville,What is the capital of Florida?,The capital of Florida is,0.205,1.008,4.917073171,True,critical,html-keyboard-response,83,151279,subject_4,67d993866d1d7516d87e97de,67f556e5f837ba443d96a658,0.8075171345124827,0,right,-0.3586817378617558,3.563912,2.6319027999999998,1.0,0.008519591611479029,-0.95531795,-8.4452955,4.38171585,1.3466129999999996,162.1489442425,23.5,1.2571029,1.2571029,0.48750000000000004,9.093065063976583,33.0,222.1497324065,20.0,145.26711409350003,2.21744865,24.0,154.13877107879688,46.03097986487076,33.0
2244,j,capitals,20,state,Kentucky,Frankfort,Louisville,What is the capital of Kentucky?,The capital of Kentucky is,0.0281,0.617,21.95729537,True,critical,html-keyboard-response,85,154527,subject_4,67d993866d1d7516d87e97de,67f556e5f837ba443d96a658,0.8075171345124827,0,right,0.5882689709327502,3.0547366,2.2666612,1.0,0.000659358843533807,-0.74241135,-11.6135325,2.1753297,-0.9483945,176.88001325,18.0,5.5287013,4.96804475,0.75,4.405366338069108,37.0,336.0411206,26.0,22.964224,60.86410575,26.0,72.27622371274914,51.10917786191476,26.0
2100,j,capitals,3,country,Canada,Ottawa,Toronto,What is the capital of Canada?,The capital of Canada is,1.465,6.491,4.430716724,True,critical,html-keyboard-response,87,157631,subject_4,67d993866d1d7516d87e97de,67f556e5f837ba443d96a658,0.8075171345124827,0,right,0.3285339193776857,3.41186485,1.57882065,1.0,0.09166666666666667,-0.8216695,-5.87537415,3.39860975,-1.0815602000000002,151.21389025500002,16.0,1.62056305,1.62056305,0.55,18.015003869553816,21.0,209.80200216699998,15.0,104.683861683,9.282030650000001,24.5,78.4247090436364,17.054693758663674,27.0
1324,f,capitals,2,country,Brazil,Brasilia,Rio de Janeiro,What is the capital of Brazil?,The capital of Brazil is,4.99,13.923,2.790180361,False,critical,html-keyboard-response,89,159959,subject_4,67d993866d1d7516d87e97de,67f556e5f837ba443d96a658,0.8075171345124827,0,left,-1.0711494140023845,2.0599417,0.8546364200000001,1.0,0.010916269887353384,-0.37423359,-9.777523500000001,3.12931296,0.3757585000000008,171.91224647,18.0,3.580388749999999,2.5741565,0.55,9.253846674396854,34.0,298.44019958,15.0,47.51553901999999,30.58541265,22.0,58.33967382007255,24.97507531677988,22.0
3439,j,capitals,11,country,United Arab Emirates,Abu Dhabi,Dubai,What is the capital of the United Arab Emirates?,The capital of the United Arab Emirates is,1.6,3.1,1.9375,True,critical,html-keyboard-response,7,45711,subject_12,67d993866d1d7516d87e97de,67dafabad67546f6b694a1bd,0.4948754483420534,0,right,1.0117046697442973,3.6339115499999997,2.33935815,1.0,0.00522367703218767,-1.0856354000000001,-9.346349,2.50591525,-0.6000735000000006,159.839143965,14.0,3.36275555,3.36275555,0.65,9.84413945872573,31.0,260.0233028075,0.0,72.79101454250001,22.182172549999997,33.0,96.97781470445022,51.8589082146157,33.0
2686,j,capitals,25,state,Minnesota,St. Paul,Minneapolis,What is the capital of Minnesota?,The capital of Minnesota is,0.299,0.421,1.408026756,False,critical,html-keyboard-response,9,49414,subject_12,67d993866d1d7516d87e97de,67dafabad67546f6b694a1bd,0.4948754483420534,1,right,0.1070658084439172,3.58195065,1.6521141,1.0,0.017392619479733817,-1.4853812,-8.023998,2.1170464,1.1057884999999996,150.791991795,18.0,6.11360015,6.11360015,0.875,3.3354361793014986,36.5,291.73495485,35.0,30.489669350000007,37.57722344999999,35.0,64.16242236428235,64.57921294960164,35.0
2838,j,capitals,34,state,North Dakota,Bismarck,Fargo,What is the capital of North Dakota?,The capital of North Dakota is,0.076,0.138,1.815789474,False,critical,html-keyboard-response,11,53259,subject_12,67d993866d1d7516d87e97de,67dafabad67546f6b694a1bd,0.4948754483420534,1,right,0.2896755121858266,3.1886295000000002,1.6228072999999998,1.0,0.04464285714285714,-0.8373848349999999,-6.98899085,3.346709315,2.0134886500000007,158.9716758025,18.0,1.0428039999999998,1.0428039999999998,0.425,10.24716289924514,32.5,181.48586626009998,20.0,91.95245258989999,1.3760648999999998,25.0,78.67897042291708,25.245962637347155,34.5
3001,f,capitals,17,state,Florida,Tallahassee,Jacksonville,What is the capital of Florida?,The capital of Florida is,0.205,1.008,4.917073171,False,critical,html-keyboard-response,13,57281,subject_12,67d993866d1d7516d87e97de,67dafabad67546f6b694a1bd,0.4948754483420534,0,left,0.4855003918564268,3.563912,2.6319027999999998,1.0,0.008519591611479029,-0.95531795,-8.4452955,4.38171585,1.3466129999999996,162.1489442425,23.5,1.2571029,1.2571029,0.48750000000000004,9.093065063976583,33.0,222.1497324065,20.0,145.26711409350003,2.21744865,24.0,154.13877107879688,46.03097986487076,33.0
2965,j,capitals,30,state,New Jersey,Trenton,Newark,What is the capital of New Jersey?,The capital of New Jersey is,0.0898,0.306,3.407572383,True,critical,html-keyboard-response,15,61254,subject_12,67d993866d1d7516d87e97de,67dafabad67546f6b694a1bd,0.4948754483420534,0,right,0.4422507251807114,3.3090056,1.82140345,1.0,0.0016363743403658628,-0.84072134,-10.924448,3.76701416,-4.2521546,156.04382572,18.0,6.901956650000001,6.901956650000001,0.725,8.925782555854742,34.5,273.68847277500004,22.0,47.345132775,80.49773385,24.5,88.88474869929352,60.16044669384837,28.5
3205,j,capitals,36,state,Pennsylvania,Harrisburg,Philadelphia,What is the capital of Pennsylvania?,The capital of Pennsylvania is,0.05,1.517,30.34,False,critical,html-keyboard-response,17,65472,subject_12,67d993866d1d7516d87e97de,67dafabad67546f6b694a1bd,0.4948754483420534,1,right,0.7305818363521472,3.80286055,1.2945525999999998,1.0,0.005201455329470422,-0.971369375,-10.090643,2.9000446250000005,-0.7811735000000004,169.40291199,18.0,4.7394538,4.5681133,0.6625000000000001,12.812658898193753,26.5,280.7955821475,22.5,70.13658115249999,36.52358815000001,24.0,104.5548823855986,47.04693462155399,24.0
2339,j,capitals,42,state,Wisconsin,Madison,Milwaukee,What is the capital of Wisconsin?,The capital of Wisconsin is,0.284,0.551,1.940140845,False,critical,html-keyboard-response,19,68821,subject_12,67d993866d1d7516d87e97de,67dafabad67546f6b694a1bd,0.4948754483420534,1,right,-0.3098129231247838,3.13448335,2.23414315,1.0,0.006828316610925306,-0.760507775,-9.046759,3.316440125,1.0081592500000003,161.19694813,16.0,0.0,0.0,0.025,8.781973336626725,35.0,233.021284015,20.0,104.89291063499999,0.0,33.0,87.39257794461776,27.410622132151936,33.0
2379,f,capitals,6,country,New Zealand,Wellington,Auckland,What is the capital of New Zealand?,The capital of New Zealand is,0.428,1.711,3.997663551,False,critical,html-keyboard-response,21,72223,subject_12,67d993866d1d7516d87e97de,67dafabad67546f6b694a1bd,0.4948754483420534,0,left,-0.2617577379295445,4.244933850000001,2.3052439,1.0,0.008300041328006613,-1.7685506,-8.672815499999999,2.1210044999999997,0.577696500000001,145.06194,14.0,4.1641122,4.1641122,0.5,13.508204608971669,26.0,251.64753062350002,26.0,86.95005627649999,49.788739050000004,26.0,100.41858076823004,69.00830151646427,29.0
3916,f,capitals,31,state,New Mexico,Santa Fe,Albuquerque,What is the capital of New Mexico?,The capital of New Mexico is,0.0901,0.557,6.182019978,False,critical,html-keyboard-response,23,77157,subject_12,67d993866d1d7516d87e97de,67dafabad67546f6b694a1bd,0.4948754483420534,0,left,1.584762753197526,3.0991414500000003,1.3244324,1.0,0.014238667183262301,-0.69803795,-9.098272999999999,2.46943,0.3069240000000004,166.6062263,18.0,5.093978,3.5249351500000006,0.525,8.033448780088444,31.0,260.480373305,20.0,49.826687745000015,48.39635365000001,19.0,84.180459503387,57.783921029115376,24.0
3294,j,capitals,29,state,New Hampshire,Concord,Manchester,What is the capital of New Hampshire?,The capital of New Hampshire is,0.0449,0.115,2.561247216,True,critical,html-keyboard-response,25,81462,subject_12,67d993866d1d7516d87e97de,67dafabad67546f6b694a1bd,0.4948754483420534,0,right,0.8375046234115547,3.8924572,2.5146651,1.0,0.00224755864290748,-1.1561135,-10.1354995,2.64535425,0.8996589999999998,168.00271485000002,18.0,0.0,0.0,0.025,8.377304174979542,32.5,253.08660677999998,20.0,138.81277821999998,0.0,27.0,98.10982957505266,32.00701641793163,32.0
1949,j,capitals,23,state,Maryland,Annapolis,Baltimore,What is the capital of Maryland?,The capital of Maryland is,0.0403,0.553,13.72208437,True,critical,html-keyboard-response,27,84430,subject_12,67d993866d1d7516d87e97de,67dafabad67546f6b694a1bd,0.4948754483420534,0,right,-0.7783509787783671,3.6610867999999996,1.99519565,1.0,0.007435328135488201,-1.006010815,-9.066941499999999,2.3947849850000003,-2.0526531999999995,171.39884055,18.0,5.272523,5.272523,0.7124999999999999,8.627807633730525,31.0,269.905489795,21.0,82.80523015499999,30.549259500000005,17.5,88.24512507064568,61.977535890917494,35.0
2831,f,capitals,4,country,India,New Delhi,Mumbai,What is the capital of India?,The capital of India is,0.206,22.1,107.2815534,False,critical,html-keyboard-response,29,88271,subject_12,67d993866d1d7516d87e97de,67dafabad67546f6b694a1bd,0.4948754483420534,0,left,0.2812658547766597,3.3890189,1.4282650000000001,1.0,0.06971153846153846,-1.1690336,-6.6849964,4.1036254,2.7211151000000005,151.45156923500002,14.0,2.3097963499999996,1.1339184999999992,0.425,9.901198823968304,30.0,227.81903473,16.0,94.28140192000001,13.430843800000002,8.0,81.85221999731655,37.65522312456052,32.0
2399,j,capitals,7,country,Pakistan,Islamabad,Karachi,What is the capital of Pakistan?,The capital of Pakistan is,1.3,18.1,13.92307692,False,critical,html-keyboard-response,31,91680,subject_12,67d993866d1d7516d87e97de,67dafabad67546f6b694a1bd,0.4948754483420534,1,right,-0.2377301453319248,3.8934075,2.6534792,1.0,0.0019266429313158284,-1.11515545,-10.314565,2.1734213999999996,-4.08459765,183.33887535,14.0,4.08459765,4.08459765,0.675,5.719409224572999,32.5,281.15069095,25.0,33.481899,38.1329444,25.0,81.74658055471438,60.49985834162654,25.0
2382,j,capitals,15,state,Connecticut,Hartford,Bridgeport,What is the capital of Connecticut?,The capital of Connecticut is,0.119,0.148,1.243697479,True,critical,html-keyboard-response,33,95069,subject_12,67d993866d1d7516d87e97de,67dafabad67546f6b694a1bd,0.4948754483420534,0,right,-0.2581535990399015,4.152413,2.4941535000000004,1.0,0.012903762903762904,-1.2379590999999999,-8.185617,4.8248759,4.25825,176.1870492,16.0,0.7039874999999993,0.7039874999999993,0.3,12.984765384964998,24.0,278.35317808,20.0,187.17906882,0.754308,10.5,97.3336617897597,26.70347104409089,31.0
3055,j,capitals,21,state,Louisiana,Baton Rouge,New Orleans,What is the capital of Louisiana?,The capital of Louisiana is,0.215,0.351,1.63255814,True,critical,html-keyboard-response,35,99127,subject_12,67d993866d1d7516d87e97de,67dafabad67546f6b694a1bd,0.4948754483420534,0,right,0.5503748918699999,2.79039935,2.0269129,1.0,0.0034954039671020805,-0.60054295,-9.8353815,2.3737587500000004,-2.482563500000001,172.31991220000003,18.0,5.1981744999999995,3.793621,0.6875,7.716095282905707,34.5,282.68865437,20.0,29.084738729999994,68.09929645,24.5,62.8804213583455,54.76974795931437,27.0
1999,j,capitals,37,state,South Dakota,Pierre,Sioux Falls,What is the capital of South Dakota?,The capital of South Dakota is,0.0138,0.215,15.57971014,True,critical,html-keyboard-response,37,102149,subject_12,67d993866d1d7516d87e97de,67dafabad67546f6b694a1bd,0.4948754483420534,0,right,-0.718281997284318,3.88962435,1.9988037,1.0,0.006089036055923473,-1.041340035,-9.381435,2.440622765,3.5832957499999987,176.86631975,18.0,2.7437485000000006,2.3335944999999993,0.45,6.963136166388008,32.0,279.15120511,20.0,98.78975829,20.867091999999992,16.0,89.17083306707906,49.97454210007436,26.0
3012,f,capitals,39,state,Vermont,Montpelier,Burlington,What is the capital of Vermont?,The capital of Vermont is,0.0079,0.0444,5.620253165,False,critical,html-keyboard-response,39,106182,subject_12,67d993866d1d7516d87e97de,67dafabad67546f6b694a1bd,0.4948754483420534,0,left,0.4987155677851176,2.8268120999999997,0.75283587,1.0,0.0034998085574806164,-0.637835275,-11.6183655,2.518385875,0.32600349999999967,158.75225502,18.0,2.6147142499999996,2.5662552499999993,0.44999999999999996,6.6844704108256,35.0,288.368095275,20.0,52.797800275,17.347483000000004,23.0,87.53368163162845,59.445257727624245,23.0
2930,j,capitals,38,state,Texas,Austin,Houston,What is the capital of Texas?,The capital of Texas is,0.989,2.324,2.349848332,False,critical,html-keyboard-response,41,110120,subject_12,67d993866d1d7516d87e97de,67dafabad67546f6b694a1bd,0.4948754483420534,1,right,0.400202438134877,2.7289062,3.68736335,1.0,0.08712121212121213,-0.506320885,-4.40157605,4.012876565,1.53352215,151.14799460999998,11.0,0.08562525000000054,0.08562525000000054,0.35,19.22278273641858,20.0,198.241569792,15.0,136.22196335799998,0.08562525000000054,10.5,81.3456051528303,15.975005422746095,35.0
2943,j,capitals,5,country,Morrocco,Rabat,Marrakesh,What is the capital of Morrocco?,The capital of Morrocco is,2.02,1.085,0.5371287129,False,critical,html-keyboard-response,43,114084,subject_12,67d993866d1d7516d87e97de,67dafabad67546f6b694a1bd,0.4948754483420534,1,right,0.4158203733233298,4.06911815,3.926867,1.0,0.001930509063232023,-1.06717185,-9.534113999999999,2.73666185,-0.551412,192.02520429999998,22.5,5.353308500000001,3.0599705000000004,0.6125,7.031879522295083,33.0,303.121009725,22.5,42.028869125,59.422086599999986,14.5,71.26685811006843,54.04151717765417,23.0
2261,f,capitals,35,state,Oregon,Salem,Portland,What is the capital of Oregon?,The capital of Oregon is,0.178,0.615,3.45505618,False,critical,html-keyboard-response,45,117350,subject_12,67d993866d1d7516d87e97de,67dafabad67546f6b694a1bd,0.4948754483420534,0,left,-0.4035205342555004,3.87003685,0.9559546750000001,1.0,0.02684931506849315,-1.33495845,-8.585685999999999,2.0863518,0.6543089999999996,153.11513470199998,18.0,4.49311111,4.49311111,0.6875,9.833651245669653,33.5,221.757705704,20.0,88.948261346,12.927848335,34.0,127.8462239789101,66.26897622229141,34.0
1604,j,capitals,27,state,Nebraska,Lincoln,Omaha,What is the capital of Nebraska?,The capital of Nebraska is,0.297,0.477,1.606060606,True,critical,html-keyboard-response,47,119974,subject_12,67d993866d1d7516d87e97de,67dafabad67546f6b694a1bd,0.4948754483420534,0,right,-1.1928269510873062,3.40945435,2.88149385,1.0,0.002427404976322155,-0.90226395,-9.880027,1.9579811500000002,-0.6194575000000002,166.84559195,14.0,6.48387735,5.795127749999999,0.9875,3.0583791478084397,38.0,334.6421603,20.0,16.19795,78.670469,18.0,81.67707104491953,87.8184827648541,24.0
4760,f,capitals,26,state,Montana,Helena,Billings,What is the capital of Montana?,The capital of Montana is,0.0359,0.123,3.426183844,False,critical,html-keyboard-response,49,125749,subject_12,67d993866d1d7516d87e97de,67dafabad67546f6b694a1bd,0.4948754483420534,0,left,2.598727160817075,4.00716885,2.3871716000000003,1.0,0.0004472704898291971,-1.22599375,-12.036882250000001,2.2819052,-1.00467525,175.57409865,18.0,2.4909772499999994,2.1745497500000006,0.5875,6.831399328645267,33.0,299.00474067,20.0,76.68242387999999,24.127286050000002,24.0,98.87916742139757,43.100083383269855,28.5
2558,f,capitals,16,state,Delaware,Dover,Wilmington,What is the capital of Delaware?,The capital of Delaware is,0.0403,0.0722,1.791563275,False,critical,html-keyboard-response,51,129318,subject_12,67d993866d1d7516d87e97de,67dafabad67546f6b694a1bd,0.4948754483420534,0,left,-0.0467107841808485,4.2341493,0.72218523,1.0,0.012666345999679333,-1.74989815,-9.680467,0.94623425,3.385187,168.90373542999998,18.0,0.0,0.0,0.025,6.774399509720723,34.0,229.367487715,20.0,115.99101648500002,0.0,34.5,110.70916324533087,58.08677270925415,34.5
3916,j,capitals,1,country,Australia,Canberra,Sydney,What is the capital of Australia?,The capital of Australia is,0.483,5.249,10.86749482,True,critical,html-keyboard-response,53,134245,subject_12,67d993866d1d7516d87e97de,67dafabad67546f6b694a1bd,0.4948754483420534,0,right,1.584762753197526,2.91766655,1.443579,1.0,0.013910060975609756,-0.732931825,-9.718684,2.424576675,-3.10026675,135.81862900000002,16.0,4.71659925,4.71659925,0.7,13.549338958870404,26.5,205.0319132245,16.0,133.7638296255,27.787327949999998,27.0,115.01755520776328,61.294825054348195,27.0
3020,f,capitals,12,state,Alabama,Montgomery,Birmingham,What is the capital of Alabama?,The capital of Alabama is,0.192,0.194,1.010416667,False,critical,html-keyboard-response,55,138278,subject_12,67d993866d1d7516d87e97de,67dafabad67546f6b694a1bd,0.4948754483420534,0,left,0.5083266048241655,3.1154528,2.2013875499999997,1.0,0.003584966270478638,-0.7024276,-9.767927,3.1901363,-1.4417109999999997,171.89705985,16.0,5.234766799999999,5.234766799999999,0.725,8.879740567094881,31.0,283.66813919000003,20.0,35.182526159999995,72.3701839,11.0,72.1080126268425,56.93717089653546,31.0
1561,j,capitals,14,state,California,Sacramento,Los Angeles,What is the capital of California?,The capital of California is,0.527,3.8,7.210626186,True,critical,html-keyboard-response,57,140863,subject_12,67d993866d1d7516d87e97de,67dafabad67546f6b694a1bd,0.4948754483420534,0,right,-1.2444862751721883,2.8312225,3.369704,1.0,0.1,-0.63638328,-4.58591525,4.79400397,-0.5027754,142.854805135,14.5,5.676533999999999,5.419304,0.5875,18.10634188869909,22.0,220.35396464500002,17.5,113.277399355,50.27004185000001,25.5,97.10799675216575,25.585019619395112,25.0
3229,j,capitals,40,state,Virginia,Richmond,Virginia Beach,What is the capital of Virginia?,The capital of Virginia is,0.231,0.45,1.948051948,False,critical,html-keyboard-response,59,145109,subject_12,67d993866d1d7516d87e97de,67dafabad67546f6b694a1bd,0.4948754483420534,1,right,0.7594149474692908,4.120711549999999,3.5882533,1.0,0.02312889812889813,-1.16916945,-6.914387700000001,2.59017605,0.19082209999999966,175.71893075000003,18.5,2.56121715,2.56121715,0.7,5.77276122250901,38.0,284.03714405,20.0,35.25386895,25.267003600000002,18.0,46.35421140072588,30.54006897158279,36.0
4734,f,capitals,22,state,Maine,Augusta,Portland,What is the capital of Maine?,The capital of Maine is,0.0192,0.0695,3.619791667,True,critical,html-keyboard-response,61,150854,subject_12,67d993866d1d7516d87e97de,67dafabad67546f6b694a1bd,0.4948754483420534,1,left,2.56749129044017,3.7875023,2.4801948,1.0,0.0016831873627990133,-1.0323926499999998,-10.4254775,2.0421341999999996,-1.8715164999999994,169.20454695,18.0,5.94090445,5.94090445,0.95,2.583690266418973,37.0,311.71045002,37.0,44.16688318,51.44942174999999,21.0,71.44560616098389,59.91154959685878,37.0
2874,f,capitals,10,country,Turkey,Ankara,Istanbul,What is the capital of Turkey?,The capital of Turkey is,5.55,16.24,2.926126126,False,critical,html-keyboard-response,63,154732,subject_12,67d993866d1d7516d87e97de,67dafabad67546f6b694a1bd,0.4948754483420534,0,left,0.332925178861542,3.7206935999999997,3.6190253,1.0,0.0140625,-1.049432,-7.22749025,1.77928585,-1.0519376499999997,181.67489892999998,14.0,3.36303155,3.36303155,0.7875000000000001,7.10805059345744,34.0,232.28671097749998,0.0,68.73258667249999,23.91809185,34.0,109.98791459488866,68.21821684179301,34.0
1590,j,capitals,2,country,Brazil,Brasilia,Rio de Janeiro,What is the capital of Brazil?,The capital of Brazil is,4.99,13.923,2.790180361,True,critical,html-keyboard-response,65,157333,subject_12,67d993866d1d7516d87e97de,67dafabad67546f6b694a1bd,0.4948754483420534,0,right,-1.20964626590564,2.0599417,0.8546364200000001,1.0,0.010916269887353384,-0.37423359,-9.777523500000001,3.12931296,0.3757585000000008,171.91224647,18.0,3.580388749999999,2.5741565,0.55,9.253846674396854,34.0,298.44019958,15.0,47.51553901999999,30.58541265,22.0,58.33967382007255,24.97507531677988,22.0
1656,f,capitals,32,state,New York,Albany,New York,What is the capital of New York?,The capital of New York is,0.103,7.937,77.05825243,False,critical,html-keyboard-response,67,160005,subject_12,67d993866d1d7516d87e97de,67dafabad67546f6b694a1bd,0.4948754483420534,0,left,-1.130355210333495,2.31160665,4.8018915,1.0,0.07179487179487179,-0.40196120999999996,-4.7547025000000005,3.14106469,-1.30574515,164.00049312,18.0,4.1901697,3.862285,0.6875,15.47453789415244,25.5,229.375925891,15.0,53.021560058999995,59.8069269,27.0,75.81720478275057,45.627494070248844,27.0
3323,j,capitals,28,state,Nevada,Carson City,Las Vegas,What is the capital of Nevada?,The capital of Nevada is,0.0576,0.67,11.63194444,True,critical,html-keyboard-response,69,164342,subject_12,67d993866d1d7516d87e97de,67dafabad67546f6b694a1bd,0.4948754483420534,0,right,0.8723446326781032,3.21408655,2.2825403,1.0,0.009556159420289855,-0.7483732750000001,-8.5907935,3.2634109749999998,0.3897780000000006,154.31583923,24.0,0.6128969999999994,0.6128969999999994,0.46249999999999997,13.888110548784098,22.0,212.93093655299998,21.0,129.96025854700002,1.2335965999999998,27.5,151.10212968210539,49.69601040539513,33.0
2141,f,capitals,33,state,North Carolina,Raleigh,Charlotte,What is the capital of North Carolina?,The capital of North Carolina is,0.494,0.935,1.892712551,True,critical,html-keyboard-response,71,167502,subject_12,67d993866d1d7516d87e97de,67dafabad67546f6b694a1bd,0.4948754483420534,1,left,-0.5476860898412184,3.9989741,1.4837299000000002,1.0,0.017565485362095533,-1.2707921500000001,-8.2403645,2.6944252,2.3565879999999995,167.86508935,18.0,1.4855458000000001,1.4855458000000001,0.7124999999999999,8.574116496188747,32.5,209.911716892,20.0,142.86702770799997,5.01324945,7.0,125.69617107504936,62.09856014494803,35.0
1263,j,capitals,13,state,Alaska,Juneau,Anchorage,What is the capital of Alaska?,The capital of Alaska is,0.0311,0.283,9.099678457,True,critical,html-keyboard-response,73,169774,subject_12,67d993866d1d7516d87e97de,67dafabad67546f6b694a1bd,0.4948754483420534,0,right,-1.602497404876721,4.0331867,1.032167785,1.0,0.0012974288388852195,-1.38228545,-12.390654,1.9327201,-2.1549560000000003,158.058188835,18.0,4.9375237,4.9375237,0.9624999999999999,2.4642328656242176,37.0,348.27460882,33.0,8.84634368,72.57630929999998,37.0,50.961827169017766,61.5026154449013,37.0
1806,f,capitals,9,country,Switzerland,Bern,Zurich,What is the capital of Switzerland?,The capital of Switzerland is,0.448,1.455,3.247767857,False,critical,html-keyboard-response,75,172587,subject_12,67d993866d1d7516d87e97de,67dafabad67546f6b694a1bd,0.4948754483420534,0,left,-0.9501482658513476,4.1456575,2.41449345,0.5,0.0021505425701852632,-1.92965085,-10.040487,1.9507065,-3.461702700000001,159.68889725000002,14.0,4.6987805499999995,4.6987805499999995,0.725,3.5004306147470485,37.0,294.98176505000004,16.0,73.5494113,34.15059715,1.0,73.47320395691726,42.42957016076099,37.0
1581,j,capitals,24,state,Michigan,Lansing,Detroit,What is the capital of Michigan?,The capital of Michigan is,0.112,0.63,5.625,True,critical,html-keyboard-response,77,175181,subject_12,67d993866d1d7516d87e97de,67dafabad67546f6b694a1bd,0.4948754483420534,0,right,-1.220458682574569,3.1715925,0.8199855199999999,1.0,0.020092460881934567,-0.8804468999999999,-8.9095815,2.08088635,-0.3318779999999997,162.992733545,18.0,2.8472903499999997,2.8472903499999997,0.7,7.4411319048798905,35.5,223.482275455,20.0,122.07790124499999,9.68996645,35.0,132.35050610599825,75.15181857684905,35.0
2193,j,capitals,18,state,Illinois,Springfield,Chicago,What is the capital of Illinois?,The capital of Illinois is,0.111,2.612,23.53153153,True,critical,html-keyboard-response,79,178382,subject_12,67d993866d1d7516d87e97de,67dafabad67546f6b694a1bd,0.4948754483420534,0,right,-0.4852143490874073,3.7229846,2.02082935,1.0,0.0037192282102461744,-1.0637694,-9.972052999999999,1.8728581000000002,-5.79218335,170.65176035000002,18.0,8.6360925,8.6360925,0.675,5.610516716755836,37.0,311.23248041500005,22.5,49.248491285,81.37087019,25.0,83.27137832278736,56.50312887381918,25.0
2199,j,capitals,8,country,South Africa,Pretoria,Johannesburg,What is the capital of South Africa?,The capital of South Africa is,3.0,6.4,2.133333333,True,critical,html-keyboard-response,81,181598,subject_12,67d993866d1d7516d87e97de,67dafabad67546f6b694a1bd,0.4948754483420534,0,right,-0.4780060713081214,4.3614197,2.7407284,1.0,0.005607622617931896,-2.11893455,-8.995401000000001,2.2255171,-0.9749508000000002,168.89477075,14.0,4.743248,4.743248,0.8125,6.902744233458726,33.0,261.79318212500004,33.0,107.26548872500001,40.14546490000001,33.0,126.64268622248599,90.68654232034928,33.5
1434,j,capitals,20,state,Kentucky,Frankfort,Louisville,What is the capital of Kentucky?,The capital of Kentucky is,0.0281,0.617,21.95729537,True,critical,html-keyboard-response,83,184054,subject_12,67d993866d1d7516d87e97de,67dafabad67546f6b694a1bd,0.4948754483420534,0,right,-1.397061488167073,3.0547366,2.2666612,1.0,0.000659358843533807,-0.74241135,-11.6135325,2.1753297,-0.9483945,176.88001325,18.0,5.5287013,4.96804475,0.75,4.405366338069108,37.0,336.0411206,26.0,22.964224,60.86410575,26.0,72.27622371274914,51.10917786191476,26.0
2192,j,capitals,19,state,Kansas,Topeka,Wichita,What is the capital of Kansas?,The capital of Kansas is,0.125,0.395,3.16,True,critical,html-keyboard-response,85,187263,subject_12,67d993866d1d7516d87e97de,67dafabad67546f6b694a1bd,0.4948754483420534,0,right,-0.4864157287172883,3.69316615,2.64080265,1.0,0.010417797069994574,-1.07303922,-8.168856,1.73419138,-0.5498905999999999,162.288778245,35.0,2.9706022499999998,1.7607325999999994,0.5625,10.046628532789011,33.0,233.6914373035,18.0,65.7761040965,17.125884900000003,35.0,90.36345231361148,54.06264558247349,35.0
2049,f,capitals,41,state,Washington,Olympia,Seattle,What is the capital of Washington?,The capital of Washington is,0.0558,0.765,13.70967742,False,critical,html-keyboard-response,87,190320,subject_12,67d993866d1d7516d87e97de,67dafabad67546f6b694a1bd,0.4948754483420534,0,left,-0.6582130157902688,2.4590736499999997,3.76935035,1.0,0.018367961457392352,-0.44257853999999996,-7.3950467,3.85359726,-2.2241997000000007,144.06035742999998,23.0,4.896856099999999,4.896856099999999,0.6625000000000001,14.217480554285576,25.5,250.7986976015,25.0,103.96332209849999,33.6275834,16.0,99.67318648330391,49.08176857829807,25.0
1563,j,capitals,3,country,Canada,Ottawa,Toronto,What is the capital of Canada?,The capital of Canada is,1.465,6.491,4.430716724,True,critical,html-keyboard-response,89,192903,subject_12,67d993866d1d7516d87e97de,67dafabad67546f6b694a1bd,0.4948754483420534,0,right,-1.2420835159124264,3.41186485,1.57882065,1.0,0.09166666666666667,-0.8216695,-5.87537415,3.39860975,-1.0815602000000002,151.21389025500002,16.0,1.62056305,1.62056305,0.55,18.015003869553816,21.0,209.80200216699998,15.0,104.683861683,9.282030650000001,24.5,78.4247090436364,17.054693758663674,27.0
27909,j,capitals,25,state,Minnesota,St. Paul,Minneapolis,What is the capital of Minnesota?,The capital of Minnesota is,0.299,0.421,1.408026756,True,critical,html-keyboard-response,15,439505,subject_32,67d993866d1d7516d87e97de,67dafbe1bb0ae255ffe1b774,0.509360713732427,0,right,-0.0953380764706585,3.58195065,1.6521141,1.0,0.017392619479733817,-1.4853812,-8.023998,2.1170464,1.1057884999999996,150.791991795,18.0,6.11360015,6.11360015,0.875,3.3354361793014986,36.5,291.73495485,35.0,30.489669350000007,37.57722344999999,35.0,64.16242236428235,64.57921294960164,35.0
22886,f,capitals,17,state,Florida,Tallahassee,Jacksonville,What is the capital of Florida?,The capital of Florida is,0.205,1.008,4.917073171,True,critical,html-keyboard-response,17,463396,subject_32,67d993866d1d7516d87e97de,67dafbe1bb0ae255ffe1b774,0.509360713732427,1,left,-0.1316816094380988,3.563912,2.6319027999999998,1.0,0.008519591611479029,-0.95531795,-8.4452955,4.38171585,1.3466129999999996,162.1489442425,23.5,1.2571029,1.2571029,0.48750000000000004,9.093065063976583,33.0,222.1497324065,20.0,145.26711409350003,2.21744865,24.0,154.13877107879688,46.03097986487076,33.0
12581,j,capitals,30,state,New Jersey,Trenton,Newark,What is the capital of New Jersey?,The capital of New Jersey is,0.0898,0.306,3.407572383,False,critical,html-keyboard-response,19,476994,subject_32,67d993866d1d7516d87e97de,67dafbe1bb0ae255ffe1b774,0.509360713732427,1,right,-0.2062426500969625,3.3090056,1.82140345,1.0,0.0016363743403658628,-0.84072134,-10.924448,3.76701416,-4.2521546,156.04382572,18.0,6.901956650000001,6.901956650000001,0.725,8.925782555854742,34.5,273.68847277500004,22.0,47.345132775,80.49773385,24.5,88.88474869929352,60.16044669384837,28.5
13503,f,capitals,8,country,South Africa,Pretoria,Johannesburg,What is the capital of South Africa?,The capital of South Africa is,3.0,6.4,2.133333333,True,critical,html-keyboard-response,21,491505,subject_32,67d993866d1d7516d87e97de,67dafbe1bb0ae255ffe1b774,0.509360713732427,1,left,-0.1995715894965285,4.3614197,2.7407284,1.0,0.005607622617931896,-2.11893455,-8.995401000000001,2.2255171,-0.9749508000000002,168.89477075,14.0,4.743248,4.743248,0.8125,6.902744233458726,33.0,261.79318212500004,33.0,107.26548872500001,40.14546490000001,33.0,126.64268622248599,90.68654232034928,33.5
21736,f,capitals,29,state,New Hampshire,Concord,Manchester,What is the capital of New Hampshire?,The capital of New Hampshire is,0.0449,0.115,2.561247216,True,critical,html-keyboard-response,23,514252,subject_32,67d993866d1d7516d87e97de,67dafbe1bb0ae255ffe1b774,0.509360713732427,1,left,-0.1400023466295294,3.8924572,2.5146651,1.0,0.00224755864290748,-1.1561135,-10.1354995,2.64535425,0.8996589999999998,168.00271485000002,18.0,0.0,0.0,0.025,8.377304174979542,32.5,253.08660677999998,20.0,138.81277821999998,0.0,27.0,98.10982957505266,32.00701641793163,32.0
22409,f,capitals,36,state,Pennsylvania,Harrisburg,Philadelphia,What is the capital of Pennsylvania?,The capital of Pennsylvania is,0.05,1.517,30.34,True,critical,html-keyboard-response,25,537674,subject_32,67d993866d1d7516d87e97de,67dafbe1bb0ae255ffe1b774,0.509360713732427,1,left,-0.1351329065166313,3.80286055,1.2945525999999998,1.0,0.005201455329470422,-0.971369375,-10.090643,2.9000446250000005,-0.7811735000000004,169.40291199,18.0,4.7394538,4.5681133,0.6625000000000001,12.812658898193753,26.5,280.7955821475,22.5,70.13658115249999,36.52358815000001,24.0,104.5548823855986,47.04693462155399,24.0
14996,j,capitals,14,state,California,Sacramento,Los Angeles,What is the capital of California?,The capital of California is,0.527,3.8,7.210626186,False,critical,html-keyboard-response,27,553676,subject_32,67d993866d1d7516d87e97de,67dafbe1bb0ae255ffe1b774,0.509360713732427,1,right,-0.188769101994958,2.8312225,3.369704,1.0,0.1,-0.63638328,-4.58591525,4.79400397,-0.5027754,142.854805135,14.5,5.676533999999999,5.419304,0.5875,18.10634188869909,22.0,220.35396464500002,17.5,113.277399355,50.27004185000001,25.5,97.10799675216575,25.585019619395112,25.0
17820,f,capitals,20,state,Kentucky,Frankfort,Louisville,What is the capital of Kentucky?,The capital of Kentucky is,0.0281,0.617,21.95729537,True,critical,html-keyboard-response,29,572507,subject_32,67d993866d1d7516d87e97de,67dafbe1bb0ae255ffe1b774,0.509360713732427,1,left,-0.1683362656222621,3.0547366,2.2666612,1.0,0.000659358843533807,-0.74241135,-11.6135325,2.1753297,-0.9483945,176.88001325,18.0,5.5287013,4.96804475,0.75,4.405366338069108,37.0,336.0411206,26.0,22.964224,60.86410575,26.0,72.27622371274914,51.10917786191476,26.0
9078,j,capitals,4,country,India,New Delhi,Mumbai,What is the capital of India?,The capital of India is,0.206,22.1,107.2815534,False,critical,html-keyboard-response,31,582588,subject_32,67d993866d1d7516d87e97de,67dafbe1bb0ae255ffe1b774,0.509360713732427,1,right,-0.2315883391244248,3.3890189,1.4282650000000001,1.0,0.06971153846153846,-1.1690336,-6.6849964,4.1036254,2.7211151000000005,151.45156923500002,14.0,2.3097963499999996,1.1339184999999992,0.425,9.901198823968304,30.0,227.81903473,16.0,94.28140192000001,13.430843800000002,8.0,81.85221999731655,37.65522312456052,32.0
16897,j,capitals,3,country,Canada,Ottawa,Toronto,What is the capital of Canada?,The capital of Canada is,1.465,6.491,4.430716724,False,critical,html-keyboard-response,33,600498,subject_32,67d993866d1d7516d87e97de,67dafbe1bb0ae255ffe1b774,0.509360713732427,1,right,-0.1750145616463408,3.41186485,1.57882065,1.0,0.09166666666666667,-0.8216695,-5.87537415,3.39860975,-1.0815602000000002,151.21389025500002,16.0,1.62056305,1.62056305,0.55,18.015003869553816,21.0,209.80200216699998,15.0,104.683861683,9.282030650000001,24.5,78.4247090436364,17.054693758663674,27.0
32608,j,capitals,22,state,Maine,Augusta,Portland,What is the capital of Maine?,The capital of Maine is,0.0192,0.0695,3.619791667,False,critical,html-keyboard-response,35,634117,subject_32,67d993866d1d7516d87e97de,67dafbe1bb0ae255ffe1b774,0.509360713732427,1,right,-0.0613388207641082,3.7875023,2.4801948,1.0,0.0016831873627990133,-1.0323926499999998,-10.4254775,2.0421341999999996,-1.8715164999999994,169.20454695,18.0,5.94090445,5.94090445,0.95,2.583690266418973,37.0,311.71045002,37.0,44.16688318,51.44942174999999,21.0,71.44560616098389,59.91154959685878,37.0
14627,j,capitals,10,country,Turkey,Ankara,Istanbul,What is the capital of Turkey?,The capital of Turkey is,5.55,16.24,2.926126126,False,critical,html-keyboard-response,37,649753,subject_32,67d993866d1d7516d87e97de,67dafbe1bb0ae255ffe1b774,0.509360713732427,1,right,-0.1914389733198606,3.7206935999999997,3.6190253,1.0,0.0140625,-1.049432,-7.22749025,1.77928585,-1.0519376499999997,181.67489892999998,14.0,3.36303155,3.36303155,0.7875000000000001,7.10805059345744,34.0,232.28671097749998,0.0,68.73258667249999,23.91809185,34.0,109.98791459488866,68.21821684179301,34.0
34601,f,capitals,40,state,Virginia,Richmond,Virginia Beach,What is the capital of Virginia?,The capital of Virginia is,0.231,0.45,1.948051948,True,critical,html-keyboard-response,39,685368,subject_32,67d993866d1d7516d87e97de,67dafbe1bb0ae255ffe1b774,0.509360713732427,1,left,-0.0469186214401766,4.120711549999999,3.5882533,1.0,0.02312889812889813,-1.16916945,-6.914387700000001,2.59017605,0.19082209999999966,175.71893075000003,18.5,2.56121715,2.56121715,0.7,5.77276122250901,38.0,284.03714405,20.0,35.25386895,25.267003600000002,18.0,46.35421140072588,30.54006897158279,36.0
6755,f,capitals,32,state,New York,Albany,New York,What is the capital of New York?,The capital of New York is,0.103,7.937,77.05825243,False,critical,html-keyboard-response,41,693137,subject_32,67d993866d1d7516d87e97de,67dafbe1bb0ae255ffe1b774,0.509360713732427,0,left,-0.2483962282511148,2.31160665,4.8018915,1.0,0.07179487179487179,-0.40196120999999996,-4.7547025000000005,3.14106469,-1.30574515,164.00049312,18.0,4.1901697,3.862285,0.6875,15.47453789415244,25.5,229.375925891,15.0,53.021560058999995,59.8069269,27.0,75.81720478275057,45.627494070248844,27.0
35693,f,capitals,33,state,North Carolina,Raleigh,Charlotte,What is the capital of North Carolina?,The capital of North Carolina is,0.494,0.935,1.892712551,True,critical,html-keyboard-response,43,729834,subject_32,67d993866d1d7516d87e97de,67dafbe1bb0ae255ffe1b774,0.509360713732427,1,left,-0.0390175388201398,3.9989741,1.4837299000000002,1.0,0.017565485362095533,-1.2707921500000001,-8.2403645,2.6944252,2.3565879999999995,167.86508935,18.0,1.4855458000000001,1.4855458000000001,0.7124999999999999,8.574116496188747,32.5,209.911716892,20.0,142.86702770799997,5.01324945,7.0,125.69617107504936,62.09856014494803,35.0
20776,f,capitals,31,state,New Mexico,Santa Fe,Albuquerque,What is the capital of New Mexico?,The capital of New Mexico is,0.0901,0.557,6.182019978,True,critical,html-keyboard-response,45,751623,subject_32,67d993866d1d7516d87e97de,67dafbe1bb0ae255ffe1b774,0.509360713732427,1,left,-0.1469483533284629,3.0991414500000003,1.3244324,1.0,0.014238667183262301,-0.69803795,-9.098272999999999,2.46943,0.3069240000000004,166.6062263,18.0,5.093978,3.5249351500000006,0.525,8.033448780088444,31.0,260.480373305,20.0,49.826687745000015,48.39635365000001,19.0,84.180459503387,57.783921029115376,24.0
17391,f,capitals,11,country,United Arab Emirates,Abu Dhabi,Dubai,What is the capital of the United Arab Emirates?,The capital of the United Arab Emirates is,1.6,3.1,1.9375,True,critical,html-keyboard-response,47,770029,subject_32,67d993866d1d7516d87e97de,67dafbe1bb0ae255ffe1b774,0.509360713732427,1,left,-0.171440262365848,3.6339115499999997,2.33935815,1.0,0.00522367703218767,-1.0856354000000001,-9.346349,2.50591525,-0.6000735000000006,159.839143965,14.0,3.36275555,3.36275555,0.65,9.84413945872573,31.0,260.0233028075,0.0,72.79101454250001,22.182172549999997,33.0,96.97781470445022,51.8589082146157,33.0
21392,f,capitals,2,country,Brazil,Brasilia,Rio de Janeiro,What is the capital of Brazil?,The capital of Brazil is,4.99,13.923,2.790180361,True,critical,html-keyboard-response,49,792427,subject_32,67d993866d1d7516d87e97de,67dafbe1bb0ae255ffe1b774,0.509360713732427,1,left,-0.1424913323633139,2.0599417,0.8546364200000001,1.0,0.010916269887353384,-0.37423359,-9.777523500000001,3.12931296,0.3757585000000008,171.91224647,18.0,3.580388749999999,2.5741565,0.55,9.253846674396854,34.0,298.44019958,15.0,47.51553901999999,30.58541265,22.0,58.33967382007255,24.97507531677988,22.0
34488,f,capitals,15,state,Connecticut,Hartford,Bridgeport,What is the capital of Connecticut?,The capital of Connecticut is,0.119,0.148,1.243697479,True,critical,html-keyboard-response,51,827924,subject_32,67d993866d1d7516d87e97de,67dafbe1bb0ae255ffe1b774,0.509360713732427,1,left,-0.0477362243120302,4.152413,2.4941535000000004,1.0,0.012903762903762904,-1.2379590999999999,-8.185617,4.8248759,4.25825,176.1870492,16.0,0.7039874999999993,0.7039874999999993,0.3,12.984765384964998,24.0,278.35317808,20.0,187.17906882,0.754308,10.5,97.3336617897597,26.70347104409089,31.0
28842,f,capitals,34,state,North Dakota,Bismarck,Fargo,What is the capital of North Dakota?,The capital of North Dakota is,0.076,0.138,1.815789474,True,critical,html-keyboard-response,53,857778,subject_32,67d993866d1d7516d87e97de,67dafbe1bb0ae255ffe1b774,0.509360713732427,1,left,-0.0885874262101325,3.1886295000000002,1.6228072999999998,1.0,0.04464285714285714,-0.8373848349999999,-6.98899085,3.346709315,2.0134886500000007,158.9716758025,18.0,1.0428039999999998,1.0428039999999998,0.425,10.24716289924514,32.5,181.48586626009998,20.0,91.95245258989999,1.3760648999999998,25.0,78.67897042291708,25.245962637347155,34.5
25716,j,capitals,35,state,Oregon,Salem,Portland,What is the capital of Oregon?,The capital of Oregon is,0.178,0.615,3.45505618,False,critical,html-keyboard-response,55,884507,subject_32,67d993866d1d7516d87e97de,67dafbe1bb0ae255ffe1b774,0.509360713732427,1,right,-0.1112053605235345,3.87003685,0.9559546750000001,1.0,0.02684931506849315,-1.33495845,-8.585685999999999,2.0863518,0.6543089999999996,153.11513470199998,18.0,4.49311111,4.49311111,0.6875,9.833651245669653,33.5,221.757705704,20.0,88.948261346,12.927848335,34.0,127.8462239789101,66.26897622229141,34.0
20035,j,capitals,1,country,Australia,Canberra,Sydney,What is the capital of Australia?,The capital of Australia is,0.483,5.249,10.86749482,False,critical,html-keyboard-response,57,905554,subject_32,67d993866d1d7516d87e97de,67dafbe1bb0ae255ffe1b774,0.509360713732427,1,right,-0.1523098022492021,2.91766655,1.443579,1.0,0.013910060975609756,-0.732931825,-9.718684,2.424576675,-3.10026675,135.81862900000002,16.0,4.71659925,4.71659925,0.7,13.549338958870404,26.5,205.0319132245,16.0,133.7638296255,27.787327949999998,27.0,115.01755520776328,61.294825054348195,27.0
26685,j,capitals,37,state,South Dakota,Pierre,Sioux Falls,What is the capital of South Dakota?,The capital of South Dakota is,0.0138,0.215,15.57971014,False,critical,html-keyboard-response,59,933254,subject_32,67d993866d1d7516d87e97de,67dafbe1bb0ae255ffe1b774,0.509360713732427,1,right,-0.1041942350117986,3.88962435,1.9988037,1.0,0.006089036055923473,-1.041340035,-9.381435,2.440622765,3.5832957499999987,176.86631975,18.0,2.7437485000000006,2.3335944999999993,0.45,6.963136166388008,32.0,279.15120511,20.0,98.78975829,20.867091999999992,16.0,89.17083306707906,49.97454210007436,26.0
17311,f,capitals,26,state,Montana,Helena,Billings,What is the capital of Montana?,The capital of Montana is,0.0359,0.123,3.426183844,True,critical,html-keyboard-response,61,951580,subject_32,67d993866d1d7516d87e97de,67dafbe1bb0ae255ffe1b774,0.509360713732427,1,left,-0.1720190962574258,4.00716885,2.3871716000000003,1.0,0.0004472704898291971,-1.22599375,-12.036882250000001,2.2819052,-1.00467525,175.57409865,18.0,2.4909772499999994,2.1745497500000006,0.5875,6.831399328645267,33.0,299.00474067,20.0,76.68242387999999,24.127286050000002,24.0,98.87916742139757,43.100083383269855,28.5
10584,f,capitals,23,state,Maryland,Annapolis,Baltimore,What is the capital of Maryland?,The capital of Maryland is,0.0403,0.553,13.72208437,True,critical,html-keyboard-response,63,963177,subject_32,67d993866d1d7516d87e97de,67dafbe1bb0ae255ffe1b774,0.509360713732427,1,left,-0.220691791115473,3.6610867999999996,1.99519565,1.0,0.007435328135488201,-1.006010815,-9.066941499999999,2.3947849850000003,-2.0526531999999995,171.39884055,18.0,5.272523,5.272523,0.7124999999999999,8.627807633730525,31.0,269.905489795,21.0,82.80523015499999,30.549259500000005,17.5,88.24512507064568,61.977535890917494,35.0
23628,j,capitals,12,state,Alabama,Montgomery,Birmingham,What is the capital of Alabama?,The capital of Alabama is,0.192,0.194,1.010416667,False,critical,html-keyboard-response,65,987822,subject_32,67d993866d1d7516d87e97de,67dafbe1bb0ae255ffe1b774,0.509360713732427,1,right,-0.1263129250937148,3.1154528,2.2013875499999997,1.0,0.003584966270478638,-0.7024276,-9.767927,3.1901363,-1.4417109999999997,171.89705985,16.0,5.234766799999999,5.234766799999999,0.725,8.879740567094881,31.0,283.66813919000003,20.0,35.182526159999995,72.3701839,11.0,72.1080126268425,56.93717089653546,31.0
15137,j,capitals,28,state,Nevada,Carson City,Las Vegas,What is the capital of Nevada?,The capital of Nevada is,0.0576,0.67,11.63194444,False,critical,html-keyboard-response,67,1003972,subject_32,67d993866d1d7516d87e97de,67dafbe1bb0ae255ffe1b774,0.509360713732427,1,right,-0.1877489072610522,3.21408655,2.2825403,1.0,0.009556159420289855,-0.7483732750000001,-8.5907935,3.2634109749999998,0.3897780000000006,154.31583923,24.0,0.6128969999999994,0.6128969999999994,0.46249999999999997,13.888110548784098,22.0,212.93093655299998,21.0,129.96025854700002,1.2335965999999998,27.5,151.10212968210539,49.69601040539513,33.0
26835,j,capitals,19,state,Kansas,Topeka,Wichita,What is the capital of Kansas?,The capital of Kansas is,0.125,0.395,3.16,False,critical,html-keyboard-response,69,1031821,subject_32,67d993866d1d7516d87e97de,67dafbe1bb0ae255ffe1b774,0.509360713732427,1,right,-0.1031089214650902,3.69316615,2.64080265,1.0,0.010417797069994574,-1.07303922,-8.168856,1.73419138,-0.5498905999999999,162.288778245,35.0,2.9706022499999998,1.7607325999999994,0.5625,10.046628532789011,33.0,233.6914373035,18.0,65.7761040965,17.125884900000003,35.0,90.36345231361148,54.06264558247349,35.0
44783,f,capitals,24,state,Michigan,Lansing,Detroit,What is the capital of Michigan?,The capital of Michigan is,0.112,0.63,5.625,True,critical,html-keyboard-response,71,1077609,subject_32,67d993866d1d7516d87e97de,67dafbe1bb0ae255ffe1b774,0.509360713732427,1,left,0.0267524621103862,3.1715925,0.8199855199999999,1.0,0.020092460881934567,-0.8804468999999999,-8.9095815,2.08088635,-0.3318779999999997,162.992733545,18.0,2.8472903499999997,2.8472903499999997,0.7,7.4411319048798905,35.5,223.482275455,20.0,122.07790124499999,9.68996645,35.0,132.35050610599825,75.15181857684905,35.0
14843,j,capitals,27,state,Nebraska,Lincoln,Omaha,What is the capital of Nebraska?,The capital of Nebraska is,0.297,0.477,1.606060606,False,critical,html-keyboard-response,73,1093464,subject_32,67d993866d1d7516d87e97de,67dafbe1bb0ae255ffe1b774,0.509360713732427,1,right,-0.1898761218126005,3.40945435,2.88149385,1.0,0.002427404976322155,-0.90226395,-9.880027,1.9579811500000002,-0.6194575000000002,166.84559195,14.0,6.48387735,5.795127749999999,0.9875,3.0583791478084397,38.0,334.6421603,20.0,16.19795,78.670469,18.0,81.67707104491953,87.8184827648541,24.0
13785,j,capitals,21,state,Louisiana,Baton Rouge,New Orleans,What is the capital of Louisiana?,The capital of Louisiana is,0.215,0.351,1.63255814,False,critical,html-keyboard-response,75,1108257,subject_32,67d993866d1d7516d87e97de,67dafbe1bb0ae255ffe1b774,0.509360713732427,1,right,-0.1975312000287168,2.79039935,2.0269129,1.0,0.0034954039671020805,-0.60054295,-9.8353815,2.3737587500000004,-2.482563500000001,172.31991220000003,18.0,5.1981744999999995,3.793621,0.6875,7.716095282905707,34.5,282.68865437,20.0,29.084738729999994,68.09929645,24.5,62.8804213583455,54.76974795931437,27.0
15113,f,capitals,16,state,Delaware,Dover,Wilmington,What is the capital of Delaware?,The capital of Delaware is,0.0403,0.0722,1.791563275,True,critical,html-keyboard-response,77,1124373,subject_32,67d993866d1d7516d87e97de,67dafbe1bb0ae255ffe1b774,0.509360713732427,1,left,-0.1879225574285255,4.2341493,0.72218523,1.0,0.012666345999679333,-1.74989815,-9.680467,0.94623425,3.385187,168.90373542999998,18.0,0.0,0.0,0.025,6.774399509720723,34.0,229.367487715,20.0,115.99101648500002,0.0,34.5,110.70916324533087,58.08677270925415,34.5
16749,f,capitals,39,state,Vermont,Montpelier,Burlington,What is the capital of Vermont?,The capital of Vermont is,0.0079,0.0444,5.620253165,True,critical,html-keyboard-response,79,1142134,subject_32,67d993866d1d7516d87e97de,67dafbe1bb0ae255ffe1b774,0.509360713732427,1,left,-0.1760854043457597,2.8268120999999997,0.75283587,1.0,0.0034998085574806164,-0.637835275,-11.6183655,2.518385875,0.32600349999999967,158.75225502,18.0,2.6147142499999996,2.5662552499999993,0.44999999999999996,6.6844704108256,35.0,288.368095275,20.0,52.797800275,17.347483000000004,23.0,87.53368163162845,59.445257727624245,23.0
14653,j,capitals,5,country,Morrocco,Rabat,Marrakesh,What is the capital of Morrocco?,The capital of Morrocco is,2.02,1.085,0.5371287129,False,critical,html-keyboard-response,81,1157799,subject_32,67d993866d1d7516d87e97de,67dafbe1bb0ae255ffe1b774,0.509360713732427,1,right,-0.1912508523050978,4.06911815,3.926867,1.0,0.001930509063232023,-1.06717185,-9.534113999999999,2.73666185,-0.551412,192.02520429999998,22.5,5.353308500000001,3.0599705000000004,0.6125,7.031879522295083,33.0,303.121009725,22.5,42.028869125,59.422086599999986,14.5,71.26685811006843,54.04151717765417,23.0
12874,f,capitals,13,state,Alaska,Juneau,Anchorage,What is the capital of Alaska?,The capital of Alaska is,0.0311,0.283,9.099678457,True,critical,html-keyboard-response,83,1171682,subject_32,67d993866d1d7516d87e97de,67dafbe1bb0ae255ffe1b774,0.509360713732427,1,left,-0.2041226709690588,4.0331867,1.032167785,1.0,0.0012974288388852195,-1.38228545,-12.390654,1.9327201,-2.1549560000000003,158.058188835,18.0,4.9375237,4.9375237,0.9624999999999999,2.4642328656242176,37.0,348.27460882,33.0,8.84634368,72.57630929999998,37.0,50.961827169017766,61.5026154449013,37.0
20596,j,capitals,18,state,Illinois,Springfield,Chicago,What is the capital of Illinois?,The capital of Illinois is,0.111,2.612,23.53153153,False,critical,html-keyboard-response,85,1193291,subject_32,67d993866d1d7516d87e97de,67dafbe1bb0ae255ffe1b774,0.509360713732427,1,right,-0.1482507295845129,3.7229846,2.02082935,1.0,0.0037192282102461744,-1.0637694,-9.972052999999999,1.8728581000000002,-5.79218335,170.65176035000002,18.0,8.6360925,8.6360925,0.675,5.610516716755836,37.0,311.23248041500005,22.5,49.248491285,81.37087019,25.0,83.27137832278736,56.50312887381918,25.0
18069,j,capitals,42,state,Wisconsin,Madison,Milwaukee,What is the capital of Wisconsin?,The capital of Wisconsin is,0.284,0.551,1.940140845,False,critical,html-keyboard-response,87,1212369,subject_32,67d993866d1d7516d87e97de,67dafbe1bb0ae255ffe1b774,0.509360713732427,1,right,-0.1665346451347263,3.13448335,2.23414315,1.0,0.006828316610925306,-0.760507775,-9.046759,3.316440125,1.0081592500000003,161.19694813,16.0,0.0,0.0,0.025,8.781973336626725,35.0,233.021284015,20.0,104.89291063499999,0.0,33.0,87.39257794461776,27.410622132151936,33.0
10285,f,capitals,6,country,New Zealand,Wellington,Auckland,What is the capital of New Zealand?,The capital of New Zealand is,0.428,1.711,3.997663551,True,critical,html-keyboard-response,89,1223666,subject_32,67d993866d1d7516d87e97de,67dafbe1bb0ae255ffe1b774,0.509360713732427,1,left,-0.222855182785245,4.244933850000001,2.3052439,1.0,0.008300041328006613,-1.7685506,-8.672815499999999,2.1210044999999997,0.577696500000001,145.06194,14.0,4.1641122,4.1641122,0.5,13.508204608971669,26.0,251.64753062350002,26.0,86.95005627649999,49.788739050000004,26.0,100.41858076823004,69.00830151646427,29.0
8637,j,capitals,38,state,Texas,Austin,Houston,What is the capital of Texas?,The capital of Texas is,0.989,2.324,2.349848332,False,critical,html-keyboard-response,91,1233308,subject_32,67d993866d1d7516d87e97de,67dafbe1bb0ae255ffe1b774,0.509360713732427,1,right,-0.2347791609517474,2.7289062,3.68736335,1.0,0.08712121212121213,-0.506320885,-4.40157605,4.012876565,1.53352215,151.14799460999998,11.0,0.08562525000000054,0.08562525000000054,0.35,19.22278273641858,20.0,198.241569792,15.0,136.22196335799998,0.08562525000000054,10.5,81.3456051528303,15.975005422746095,35.0
13426,f,capitals,7,country,Pakistan,Islamabad,Karachi,What is the capital of Pakistan?,The capital of Pakistan is,1.3,18.1,13.92307692,True,critical,html-keyboard-response,95,2162655,subject_32,67d993866d1d7516d87e97de,67dafbe1bb0ae255ffe1b774,0.509360713732427,1,left,-0.2001287171171721,3.8934075,2.6534792,1.0,0.0019266429313158284,-1.11515545,-10.314565,2.1734213999999996,-4.08459765,183.33887535,14.0,4.08459765,4.08459765,0.675,5.719409224572999,32.5,281.15069095,25.0,33.481899,38.1329444,25.0,81.74658055471438,60.49985834162654,25.0
14971,j,capitals,41,state,Washington,Olympia,Seattle,What is the capital of Washington?,The capital of Washington is,0.0558,0.765,13.70967742,False,critical,html-keyboard-response,97,2178640,subject_32,67d993866d1d7516d87e97de,67dafbe1bb0ae255ffe1b774,0.509360713732427,1,right,-0.1889499875860761,2.4590736499999997,3.76935035,1.0,0.018367961457392352,-0.44257853999999996,-7.3950467,3.85359726,-2.2241997000000007,144.06035742999998,23.0,4.896856099999999,4.896856099999999,0.6625000000000001,14.217480554285576,25.5,250.7986976015,25.0,103.96332209849999,33.6275834,16.0,99.67318648330391,49.08176857829807,25.0
32465,f,capitals,32,state,New York,Albany,New York,What is the capital of New York?,The capital of New York is,0.103,7.937,77.05825243,True,critical,html-keyboard-response,7,83923,subject_23,67d993866d1d7516d87e97de,67f5586f366e42610fa784ed,0.5385001664151741,1,left,0.7984728723592798,2.31160665,4.8018915,1.0,0.07179487179487179,-0.40196120999999996,-4.7547025000000005,3.14106469,-1.30574515,164.00049312,18.0,4.1901697,3.862285,0.6875,15.47453789415244,25.5,229.375925891,15.0,53.021560058999995,59.8069269,27.0,75.81720478275057,45.627494070248844,27.0
2512,f,capitals,10,country,Turkey,Ankara,Istanbul,What is the capital of Turkey?,The capital of Turkey is,5.55,16.24,2.926126126,False,critical,html-keyboard-response,9,87446,subject_23,67d993866d1d7516d87e97de,67f5586f366e42610fa784ed,0.5385001664151741,0,left,-1.3197549299393625,3.7206935999999997,3.6190253,1.0,0.0140625,-1.049432,-7.22749025,1.77928585,-1.0519376499999997,181.67489892999998,14.0,3.36303155,3.36303155,0.7875000000000001,7.10805059345744,34.0,232.28671097749998,0.0,68.73258667249999,23.91809185,34.0,109.98791459488866,68.21821684179301,34.0
22317,f,capitals,40,state,Virginia,Richmond,Virginia Beach,What is the capital of Virginia?,The capital of Virginia is,0.231,0.45,1.948051948,True,critical,html-keyboard-response,11,110784,subject_23,67d993866d1d7516d87e97de,67f5586f366e42610fa784ed,0.5385001664151741,1,left,0.0808226958251556,4.120711549999999,3.5882533,1.0,0.02312889812889813,-1.16916945,-6.914387700000001,2.59017605,0.19082209999999966,175.71893075000003,18.5,2.56121715,2.56121715,0.7,5.77276122250901,38.0,284.03714405,20.0,35.25386895,25.267003600000002,18.0,46.35421140072588,30.54006897158279,36.0
4650,f,capitals,4,country,India,New Delhi,Mumbai,What is the capital of India?,The capital of India is,0.206,22.1,107.2815534,True,critical,html-keyboard-response,13,116439,subject_23,67d993866d1d7516d87e97de,67f5586f366e42610fa784ed,0.5385001664151741,1,left,-1.1685590216392088,3.3890189,1.4282650000000001,1.0,0.06971153846153846,-1.1690336,-6.6849964,4.1036254,2.7211151000000005,151.45156923500002,14.0,2.3097963499999996,1.1339184999999992,0.425,9.901198823968304,30.0,227.81903473,16.0,94.28140192000001,13.430843800000002,8.0,81.85221999731655,37.65522312456052,32.0
28611,f,capitals,16,state,Delaware,Dover,Wilmington,What is the capital of Delaware?,The capital of Delaware is,0.0403,0.0722,1.791563275,True,critical,html-keyboard-response,15,146070,subject_23,67d993866d1d7516d87e97de,67f5586f366e42610fa784ed,0.5385001664151741,1,left,0.5259242144599385,4.2341493,0.72218523,1.0,0.012666345999679333,-1.74989815,-9.680467,0.94623425,3.385187,168.90373542999998,18.0,0.0,0.0,0.025,6.774399509720723,34.0,229.367487715,20.0,115.99101648500002,0.0,34.5,110.70916324533087,58.08677270925415,34.5
21906,j,capitals,21,state,Louisiana,Baton Rouge,New Orleans,What is the capital of Louisiana?,The capital of Louisiana is,0.215,0.351,1.63255814,False,critical,html-keyboard-response,19,238055,subject_23,67d993866d1d7516d87e97de,67f5586f366e42610fa784ed,0.5385001664151741,1,right,0.0517574393652103,2.79039935,2.0269129,1.0,0.0034954039671020805,-0.60054295,-9.8353815,2.3737587500000004,-2.482563500000001,172.31991220000003,18.0,5.1981744999999995,3.793621,0.6875,7.716095282905707,34.5,282.68865437,20.0,29.084738729999994,68.09929645,24.5,62.8804213583455,54.76974795931437,27.0
21819,j,capitals,34,state,North Dakota,Bismarck,Fargo,What is the capital of North Dakota?,The capital of North Dakota is,0.076,0.138,1.815789474,False,critical,html-keyboard-response,21,260880,subject_23,67d993866d1d7516d87e97de,67f5586f366e42610fa784ed,0.5385001664151741,1,right,0.0456049398225941,3.1886295000000002,1.6228072999999998,1.0,0.04464285714285714,-0.8373848349999999,-6.98899085,3.346709315,2.0134886500000007,158.9716758025,18.0,1.0428039999999998,1.0428039999999998,0.425,10.24716289924514,32.5,181.48586626009998,20.0,91.95245258989999,1.3760648999999998,25.0,78.67897042291708,25.245962637347155,34.5
19748,j,capitals,38,state,Texas,Austin,Houston,What is the capital of Texas?,The capital of Texas is,0.989,2.324,2.349848332,False,critical,html-keyboard-response,23,281643,subject_23,67d993866d1d7516d87e97de,67f5586f366e42610fa784ed,0.5385001664151741,1,right,-0.1008528366458893,2.7289062,3.68736335,1.0,0.08712121212121213,-0.506320885,-4.40157605,4.012876565,1.53352215,151.14799460999998,11.0,0.08562525000000054,0.08562525000000054,0.35,19.22278273641858,20.0,198.241569792,15.0,136.22196335799998,0.08562525000000054,10.5,81.3456051528303,15.975005422746095,35.0
9199,j,capitals,5,country,Morrocco,Rabat,Marrakesh,What is the capital of Morrocco?,The capital of Morrocco is,2.02,1.085,0.5371287129,False,critical,html-keyboard-response,25,291904,subject_23,67d993866d1d7516d87e97de,67f5586f366e42610fa784ed,0.5385001664151741,1,right,-0.8468610857844856,4.06911815,3.926867,1.0,0.001930509063232023,-1.06717185,-9.534113999999999,2.73666185,-0.551412,192.02520429999998,22.5,5.353308500000001,3.0599705000000004,0.6125,7.031879522295083,33.0,303.121009725,22.5,42.028869125,59.422086599999986,14.5,71.26685811006843,54.04151717765417,23.0
25773,f,capitals,37,state,South Dakota,Pierre,Sioux Falls,What is the capital of South Dakota?,The capital of South Dakota is,0.0138,0.215,15.57971014,True,critical,html-keyboard-response,27,318695,subject_23,67d993866d1d7516d87e97de,67f5586f366e42610fa784ed,0.5385001664151741,1,left,0.3252254362766665,3.88962435,1.9988037,1.0,0.006089036055923473,-1.041340035,-9.381435,2.440622765,3.5832957499999987,176.86631975,18.0,2.7437485000000006,2.3335944999999993,0.45,6.963136166388008,32.0,279.15120511,20.0,98.78975829,20.867091999999992,16.0,89.17083306707906,49.97454210007436,26.0
20976,f,capitals,27,state,Nebraska,Lincoln,Omaha,What is the capital of Nebraska?,The capital of Nebraska is,0.297,0.477,1.606060606,True,critical,html-keyboard-response,29,340684,subject_23,67d993866d1d7516d87e97de,67f5586f366e42610fa784ed,0.5385001664151741,1,left,-0.0140106591937899,3.40945435,2.88149385,1.0,0.002427404976322155,-0.90226395,-9.880027,1.9579811500000002,-0.6194575000000002,166.84559195,14.0,6.48387735,5.795127749999999,0.9875,3.0583791478084397,38.0,334.6421603,20.0,16.19795,78.670469,18.0,81.67707104491953,87.8184827648541,24.0
17837,f,capitals,41,state,Washington,Olympia,Seattle,What is the capital of Washington?,The capital of Washington is,0.0558,0.765,13.70967742,True,critical,html-keyboard-response,31,359527,subject_23,67d993866d1d7516d87e97de,67f5586f366e42610fa784ed,0.5385001664151741,1,left,-0.2359956714268029,2.4590736499999997,3.76935035,1.0,0.018367961457392352,-0.44257853999999996,-7.3950467,3.85359726,-2.2241997000000007,144.06035742999998,23.0,4.896856099999999,4.896856099999999,0.6625000000000001,14.217480554285576,25.5,250.7986976015,25.0,103.96332209849999,33.6275834,16.0,99.67318648330391,49.08176857829807,25.0
17527,j,capitals,18,state,Illinois,Springfield,Chicago,What is the capital of Illinois?,The capital of Illinois is,0.111,2.612,23.53153153,False,critical,html-keyboard-response,33,378070,subject_23,67d993866d1d7516d87e97de,67f5586f366e42610fa784ed,0.5385001664151741,1,right,-0.2579183709464697,3.7229846,2.02082935,1.0,0.0037192282102461744,-1.0637694,-9.972052999999999,1.8728581000000002,-5.79218335,170.65176035000002,18.0,8.6360925,8.6360925,0.675,5.610516716755836,37.0,311.23248041500005,22.5,49.248491285,81.37087019,25.0,83.27137832278736,56.50312887381918,25.0
21778,f,capitals,24,state,Michigan,Lansing,Detroit,What is the capital of Michigan?,The capital of Michigan is,0.112,0.63,5.625,True,critical,html-keyboard-response,37,461439,subject_23,67d993866d1d7516d87e97de,67f5586f366e42610fa784ed,0.5385001664151741,1,left,0.0427054860151543,3.1715925,0.8199855199999999,1.0,0.020092460881934567,-0.8804468999999999,-8.9095815,2.08088635,-0.3318779999999997,162.992733545,18.0,2.8472903499999997,2.8472903499999997,0.7,7.4411319048798905,35.5,223.482275455,20.0,122.07790124499999,9.68996645,35.0,132.35050610599825,75.15181857684905,35.0
26827,j,capitals,17,state,Florida,Tallahassee,Jacksonville,What is the capital of Florida?,The capital of Florida is,0.205,1.008,4.917073171,False,critical,html-keyboard-response,39,489278,subject_23,67d993866d1d7516d87e97de,67f5586f366e42610fa784ed,0.5385001664151741,1,right,0.3997626146435336,3.563912,2.6319027999999998,1.0,0.008519591611479029,-0.95531795,-8.4452955,4.38171585,1.3466129999999996,162.1489442425,23.5,1.2571029,1.2571029,0.48750000000000004,9.093065063976583,33.0,222.1497324065,20.0,145.26711409350003,2.21744865,24.0,154.13877107879688,46.03097986487076,33.0
23950,j,capitals,13,state,Alaska,Juneau,Anchorage,What is the capital of Alaska?,The capital of Alaska is,0.0311,0.283,9.099678457,False,critical,html-keyboard-response,41,514247,subject_23,67d993866d1d7516d87e97de,67f5586f366e42610fa784ed,0.5385001664151741,1,right,0.1963058194239164,4.0331867,1.032167785,1.0,0.0012974288388852195,-1.38228545,-12.390654,1.9327201,-2.1549560000000003,158.058188835,18.0,4.9375237,4.9375237,0.9624999999999999,2.4642328656242176,37.0,348.27460882,33.0,8.84634368,72.57630929999998,37.0,50.961827169017766,61.5026154449013,37.0
39242,j,capitals,29,state,New Hampshire,Concord,Manchester,What is the capital of New Hampshire?,The capital of New Hampshire is,0.0449,0.115,2.561247216,False,critical,html-keyboard-response,43,554500,subject_23,67d993866d1d7516d87e97de,67f5586f366e42610fa784ed,0.5385001664151741,1,right,1.2777313712134144,3.8924572,2.5146651,1.0,0.00224755864290748,-1.1561135,-10.1354995,2.64535425,0.8996589999999998,168.00271485000002,18.0,0.0,0.0,0.025,8.377304174979542,32.5,253.08660677999998,20.0,138.81277821999998,0.0,27.0,98.10982957505266,32.00701641793163,32.0
24669,f,capitals,28,state,Nevada,Carson City,Las Vegas,What is the capital of Nevada?,The capital of Nevada is,0.0576,0.67,11.63194444,True,critical,html-keyboard-response,45,580183,subject_23,67d993866d1d7516d87e97de,67f5586f366e42610fa784ed,0.5385001664151741,1,left,0.2471523386324339,3.21408655,2.2825403,1.0,0.009556159420289855,-0.7483732750000001,-8.5907935,3.2634109749999998,0.3897780000000006,154.31583923,24.0,0.6128969999999994,0.6128969999999994,0.46249999999999997,13.888110548784098,22.0,212.93093655299998,21.0,129.96025854700002,1.2335965999999998,27.5,151.10212968210539,49.69601040539513,33.0
2955,j,capitals,8,country,South Africa,Pretoria,Johannesburg,What is the capital of South Africa?,The capital of South Africa is,3.0,6.4,2.133333333,True,critical,html-keyboard-response,47,584144,subject_23,67d993866d1d7516d87e97de,67f5586f366e42610fa784ed,0.5385001664151741,0,right,-1.2884266851419028,4.3614197,2.7407284,1.0,0.005607622617931896,-2.11893455,-8.995401000000001,2.2255171,-0.9749508000000002,168.89477075,14.0,4.743248,4.743248,0.8125,6.902744233458726,33.0,261.79318212500004,33.0,107.26548872500001,40.14546490000001,33.0,126.64268622248599,90.68654232034928,33.5
4864,j,capitals,39,state,Vermont,Montpelier,Burlington,What is the capital of Vermont?,The capital of Vermont is,0.0079,0.0444,5.620253165,True,critical,html-keyboard-response,49,590022,subject_23,67d993866d1d7516d87e97de,67f5586f366e42610fa784ed,0.5385001664151741,0,right,-1.153425287132084,2.8268120999999997,0.75283587,1.0,0.0034998085574806164,-0.637835275,-11.6183655,2.518385875,0.32600349999999967,158.75225502,18.0,2.6147142499999996,2.5662552499999993,0.44999999999999996,6.6844704108256,35.0,288.368095275,20.0,52.797800275,17.347483000000004,23.0,87.53368163162845,59.445257727624245,23.0
1769,j,capitals,3,country,Canada,Ottawa,Toronto,What is the capital of Canada?,The capital of Canada is,1.465,6.491,4.430716724,False,critical,html-keyboard-response,51,592812,subject_23,67d993866d1d7516d87e97de,67f5586f366e42610fa784ed,0.5385001664151741,1,right,-1.3722986904010153,3.41186485,1.57882065,1.0,0.09166666666666667,-0.8216695,-5.87537415,3.39860975,-1.0815602000000002,151.21389025500002,16.0,1.62056305,1.62056305,0.55,18.015003869553816,21.0,209.80200216699998,15.0,104.683861683,9.282030650000001,24.5,78.4247090436364,17.054693758663674,27.0
2336,j,capitals,1,country,Australia,Canberra,Sydney,What is the capital of Australia?,The capital of Australia is,0.483,5.249,10.86749482,True,critical,html-keyboard-response,53,596165,subject_23,67d993866d1d7516d87e97de,67f5586f366e42610fa784ed,0.5385001664151741,0,right,-1.3322013657956893,2.91766655,1.443579,1.0,0.013910060975609756,-0.732931825,-9.718684,2.424576675,-3.10026675,135.81862900000002,16.0,4.71659925,4.71659925,0.7,13.549338958870404,26.5,205.0319132245,16.0,133.7638296255,27.787327949999998,27.0,115.01755520776328,61.294825054348195,27.0
34855,j,capitals,36,state,Pennsylvania,Harrisburg,Philadelphia,What is the capital of Pennsylvania?,The capital of Pennsylvania is,0.05,1.517,30.34,False,critical,html-keyboard-response,55,632033,subject_23,67d993866d1d7516d87e97de,67f5586f366e42610fa784ed,0.5385001664151741,1,right,0.967489813817356,3.80286055,1.2945525999999998,1.0,0.005201455329470422,-0.971369375,-10.090643,2.9000446250000005,-0.7811735000000004,169.40291199,18.0,4.7394538,4.5681133,0.6625000000000001,12.812658898193753,26.5,280.7955821475,22.5,70.13658115249999,36.52358815000001,24.0,104.5548823855986,47.04693462155399,24.0
24733,j,capitals,26,state,Montana,Helena,Billings,What is the capital of Montana?,The capital of Montana is,0.0359,0.123,3.426183844,False,critical,html-keyboard-response,57,657784,subject_23,67d993866d1d7516d87e97de,67f5586f366e42610fa784ed,0.5385001664151741,1,right,0.2516783153074619,4.00716885,2.3871716000000003,1.0,0.0004472704898291971,-1.22599375,-12.036882250000001,2.2819052,-1.00467525,175.57409865,18.0,2.4909772499999994,2.1745497500000006,0.5875,6.831399328645267,33.0,299.00474067,20.0,76.68242387999999,24.127286050000002,24.0,98.87916742139757,43.100083383269855,28.5
21336,f,capitals,20,state,Kentucky,Frankfort,Louisville,What is the capital of Kentucky?,The capital of Kentucky is,0.0281,0.617,21.95729537,True,critical,html-keyboard-response,59,680142,subject_23,67d993866d1d7516d87e97de,67f5586f366e42610fa784ed,0.5385001664151741,1,left,0.0114479596032423,3.0547366,2.2666612,1.0,0.000659358843533807,-0.74241135,-11.6135325,2.1753297,-0.9483945,176.88001325,18.0,5.5287013,4.96804475,0.75,4.405366338069108,37.0,336.0411206,26.0,22.964224,60.86410575,26.0,72.27622371274914,51.10917786191476,26.0
23462,f,capitals,35,state,Oregon,Salem,Portland,What is the capital of Oregon?,The capital of Oregon is,0.178,0.615,3.45505618,True,critical,html-keyboard-response,61,704615,subject_23,67d993866d1d7516d87e97de,67f5586f366e42610fa784ed,0.5385001664151741,1,left,0.1617952472768281,3.87003685,0.9559546750000001,1.0,0.02684931506849315,-1.33495845,-8.585685999999999,2.0863518,0.6543089999999996,153.11513470199998,18.0,4.49311111,4.49311111,0.6875,9.833651245669653,33.5,221.757705704,20.0,88.948261346,12.927848335,34.0,127.8462239789101,66.26897622229141,34.0
21803,j,capitals,22,state,Maine,Augusta,Portland,What is the capital of Maine?,The capital of Maine is,0.0192,0.0695,3.619791667,False,critical,html-keyboard-response,63,727427,subject_23,67d993866d1d7516d87e97de,67f5586f366e42610fa784ed,0.5385001664151741,1,right,0.0444734456538371,3.7875023,2.4801948,1.0,0.0016831873627990133,-1.0323926499999998,-10.4254775,2.0421341999999996,-1.8715164999999994,169.20454695,18.0,5.94090445,5.94090445,0.95,2.583690266418973,37.0,311.71045002,37.0,44.16688318,51.44942174999999,21.0,71.44560616098389,59.91154959685878,37.0
22707,j,capitals,33,state,North Carolina,Raleigh,Charlotte,What is the capital of North Carolina?,The capital of North Carolina is,0.494,0.935,1.892712551,False,critical,html-keyboard-response,65,751148,subject_23,67d993866d1d7516d87e97de,67f5586f366e42610fa784ed,0.5385001664151741,1,right,0.1084028661886074,3.9989741,1.4837299000000002,1.0,0.017565485362095533,-1.2707921500000001,-8.2403645,2.6944252,2.3565879999999995,167.86508935,18.0,1.4855458000000001,1.4855458000000001,0.7124999999999999,8.574116496188747,32.5,209.911716892,20.0,142.86702770799997,5.01324945,7.0,125.69617107504936,62.09856014494803,35.0
32480,f,capitals,19,state,Kansas,Topeka,Wichita,What is the capital of Kansas?,The capital of Kansas is,0.125,0.395,3.16,True,critical,html-keyboard-response,67,784637,subject_23,67d993866d1d7516d87e97de,67f5586f366e42610fa784ed,0.5385001664151741,1,left,0.7995336481424894,3.69316615,2.64080265,1.0,0.010417797069994574,-1.07303922,-8.168856,1.73419138,-0.5498905999999999,162.288778245,35.0,2.9706022499999998,1.7607325999999994,0.5625,10.046628532789011,33.0,233.6914373035,18.0,65.7761040965,17.125884900000003,35.0,90.36345231361148,54.06264558247349,35.0
10197,j,capitals,14,state,California,Sacramento,Los Angeles,What is the capital of California?,The capital of California is,0.527,3.8,7.210626186,True,critical,html-keyboard-response,69,795850,subject_23,67d993866d1d7516d87e97de,67f5586f366e42610fa784ed,0.5385001664151741,0,right,-0.776284137008268,2.8312225,3.369704,1.0,0.1,-0.63638328,-4.58591525,4.79400397,-0.5027754,142.854805135,14.5,5.676533999999999,5.419304,0.5875,18.10634188869909,22.0,220.35396464500002,17.5,113.277399355,50.27004185000001,25.5,97.10799675216575,25.585019619395112,25.0
3474,f,capitals,2,country,Brazil,Brasilia,Rio de Janeiro,What is the capital of Brazil?,The capital of Brazil is,4.99,13.923,2.790180361,True,critical,html-keyboard-response,71,800335,subject_23,67d993866d1d7516d87e97de,67f5586f366e42610fa784ed,0.5385001664151741,1,left,-1.251723843042848,2.0599417,0.8546364200000001,1.0,0.010916269887353384,-0.37423359,-9.777523500000001,3.12931296,0.3757585000000008,171.91224647,18.0,3.580388749999999,2.5741565,0.55,9.253846674396854,34.0,298.44019958,15.0,47.51553901999999,30.58541265,22.0,58.33967382007255,24.97507531677988,22.0
3592,j,capitals,12,state,Alabama,Montgomery,Birmingham,What is the capital of Alabama?,The capital of Alabama is,0.192,0.194,1.010416667,False,critical,html-keyboard-response,73,804941,subject_23,67d993866d1d7516d87e97de,67f5586f366e42610fa784ed,0.5385001664151741,1,right,-1.243379073548265,3.1154528,2.2013875499999997,1.0,0.003584966270478638,-0.7024276,-9.767927,3.1901363,-1.4417109999999997,171.89705985,16.0,5.234766799999999,5.234766799999999,0.725,8.879740567094881,31.0,283.66813919000003,20.0,35.182526159999995,72.3701839,11.0,72.1080126268425,56.93717089653546,31.0
37948,f,capitals,25,state,Minnesota,St. Paul,Minneapolis,What is the capital of Minnesota?,The capital of Minnesota is,0.299,0.421,1.408026756,True,critical,html-keyboard-response,75,843903,subject_23,67d993866d1d7516d87e97de,67f5586f366e42610fa784ed,0.5385001664151741,1,left,1.1862217803151924,3.58195065,1.6521141,1.0,0.017392619479733817,-1.4853812,-8.023998,2.1170464,1.1057884999999996,150.791991795,18.0,6.11360015,6.11360015,0.875,3.3354361793014986,36.5,291.73495485,35.0,30.489669350000007,37.57722344999999,35.0,64.16242236428235,64.57921294960164,35.0
37330,f,capitals,23,state,Maryland,Annapolis,Baltimore,What is the capital of Maryland?,The capital of Maryland is,0.0403,0.553,13.72208437,True,critical,html-keyboard-response,77,882237,subject_23,67d993866d1d7516d87e97de,67f5586f366e42610fa784ed,0.5385001664151741,1,left,1.1425178180469535,3.6610867999999996,1.99519565,1.0,0.007435328135488201,-1.006010815,-9.066941499999999,2.3947849850000003,-2.0526531999999995,171.39884055,18.0,5.272523,5.272523,0.7124999999999999,8.627807633730525,31.0,269.905489795,21.0,82.80523015499999,30.549259500000005,17.5,88.24512507064568,61.977535890917494,35.0
12673,j,capitals,11,country,United Arab Emirates,Abu Dhabi,Dubai,What is the capital of the United Arab Emirates?,The capital of the United Arab Emirates is,1.6,3.1,1.9375,False,critical,html-keyboard-response,79,895922,subject_23,67d993866d1d7516d87e97de,67f5586f366e42610fa784ed,0.5385001664151741,1,right,-0.6011854143931231,3.6339115499999997,2.33935815,1.0,0.00522367703218767,-1.0856354000000001,-9.346349,2.50591525,-0.6000735000000006,159.839143965,14.0,3.36275555,3.36275555,0.65,9.84413945872573,31.0,260.0233028075,0.0,72.79101454250001,22.182172549999997,33.0,96.97781470445022,51.8589082146157,33.0
15373,j,capitals,15,state,Connecticut,Hartford,Bridgeport,What is the capital of Connecticut?,The capital of Connecticut is,0.119,0.148,1.243697479,False,critical,html-keyboard-response,81,912308,subject_23,67d993866d1d7516d87e97de,67f5586f366e42610fa784ed,0.5385001664151741,1,right,-0.4102457734153801,4.152413,2.4941535000000004,1.0,0.012903762903762904,-1.2379590999999999,-8.185617,4.8248759,4.25825,176.1870492,16.0,0.7039874999999993,0.7039874999999993,0.3,12.984765384964998,24.0,278.35317808,20.0,187.17906882,0.754308,10.5,97.3336617897597,26.70347104409089,31.0
17799,j,capitals,9,country,Switzerland,Bern,Zurich,What is the capital of Switzerland?,The capital of Switzerland is,0.448,1.455,3.247767857,False,critical,html-keyboard-response,83,931118,subject_23,67d993866d1d7516d87e97de,67f5586f366e42610fa784ed,0.5385001664151741,1,right,-0.2386829700776008,4.1456575,2.41449345,0.5,0.0021505425701852632,-1.92965085,-10.040487,1.9507065,-3.461702700000001,159.68889725000002,14.0,4.6987805499999995,4.6987805499999995,0.725,3.5004306147470485,37.0,294.98176505000004,16.0,73.5494113,34.15059715,1.0,73.47320395691726,42.42957016076099,37.0
15805,j,capitals,31,state,New Mexico,Santa Fe,Albuquerque,What is the capital of New Mexico?,The capital of New Mexico is,0.0901,0.557,6.182019978,False,critical,html-keyboard-response,85,947938,subject_23,67d993866d1d7516d87e97de,67f5586f366e42610fa784ed,0.5385001664151741,1,right,-0.3796954308589413,3.0991414500000003,1.3244324,1.0,0.014238667183262301,-0.69803795,-9.098272999999999,2.46943,0.3069240000000004,166.6062263,18.0,5.093978,3.5249351500000006,0.525,8.033448780088444,31.0,260.480373305,20.0,49.826687745000015,48.39635365000001,19.0,84.180459503387,57.783921029115376,24.0
14681,j,capitals,42,state,Wisconsin,Madison,Milwaukee,What is the capital of Wisconsin?,The capital of Wisconsin is,0.284,0.551,1.940140845,False,critical,html-keyboard-response,87,963637,subject_23,67d993866d1d7516d87e97de,67f5586f366e42610fa784ed,0.5385001664151741,1,right,-0.4591828962141202,3.13448335,2.23414315,1.0,0.006828316610925306,-0.760507775,-9.046759,3.316440125,1.0081592500000003,161.19694813,16.0,0.0,0.0,0.025,8.781973336626725,35.0,233.021284015,20.0,104.89291063499999,0.0,33.0,87.39257794461776,27.410622132151936,33.0
17717,j,capitals,7,country,Pakistan,Islamabad,Karachi,What is the capital of Pakistan?,The capital of Pakistan is,1.3,18.1,13.92307692,False,critical,html-keyboard-response,89,982370,subject_23,67d993866d1d7516d87e97de,67f5586f366e42610fa784ed,0.5385001664151741,1,right,-0.2444818776924804,3.8934075,2.6534792,1.0,0.0019266429313158284,-1.11515545,-10.314565,2.1734213999999996,-4.08459765,183.33887535,14.0,4.08459765,4.08459765,0.675,5.719409224572999,32.5,281.15069095,25.0,33.481899,38.1329444,25.0,81.74658055471438,60.49985834162654,25.0
2741,j,capitals,9,country,Switzerland,Bern,Zurich,What is the capital of Switzerland?,The capital of Switzerland is,0.448,1.455,3.247767857,True,critical,html-keyboard-response,7,74907,subject_21,67d993866d1d7516d87e97de,67daf6047b0fa6851c20e25f,0.4049075367419206,0,right,-0.6717125100710294,4.1456575,2.41449345,0.5,0.0021505425701852632,-1.92965085,-10.040487,1.9507065,-3.461702700000001,159.68889725000002,14.0,4.6987805499999995,4.6987805499999995,0.725,3.5004306147470485,37.0,294.98176505000004,16.0,73.5494113,34.15059715,1.0,73.47320395691726,42.42957016076099,37.0
3148,f,capitals,39,state,Vermont,Montpelier,Burlington,What is the capital of Vermont?,The capital of Vermont is,0.0079,0.0444,5.620253165,False,critical,html-keyboard-response,9,79070,subject_21,67d993866d1d7516d87e97de,67daf6047b0fa6851c20e25f,0.4049075367419206,0,left,-0.4277310888149379,2.8268120999999997,0.75283587,1.0,0.0034998085574806164,-0.637835275,-11.6183655,2.518385875,0.32600349999999967,158.75225502,18.0,2.6147142499999996,2.5662552499999993,0.44999999999999996,6.6844704108256,35.0,288.368095275,20.0,52.797800275,17.347483000000004,23.0,87.53368163162845,59.445257727624245,23.0
2583,f,capitals,24,state,Michigan,Lansing,Detroit,What is the capital of Michigan?,The capital of Michigan is,0.112,0.63,5.625,False,critical,html-keyboard-response,11,82657,subject_21,67d993866d1d7516d87e97de,67daf6047b0fa6851c20e25f,0.4049075367419206,0,left,-0.7664276564063179,3.1715925,0.8199855199999999,1.0,0.020092460881934567,-0.8804468999999999,-8.9095815,2.08088635,-0.3318779999999997,162.992733545,18.0,2.8472903499999997,2.8472903499999997,0.7,7.4411319048798905,35.5,223.482275455,20.0,122.07790124499999,9.68996645,35.0,132.35050610599825,75.15181857684905,35.0
3257,j,capitals,15,state,Connecticut,Hartford,Bridgeport,What is the capital of Connecticut?,The capital of Connecticut is,0.119,0.148,1.243697479,False,critical,html-keyboard-response,13,86921,subject_21,67d993866d1d7516d87e97de,67daf6047b0fa6851c20e25f,0.4049075367419206,1,right,-0.3623896271026186,4.152413,2.4941535000000004,1.0,0.012903762903762904,-1.2379590999999999,-8.185617,4.8248759,4.25825,176.1870492,16.0,0.7039874999999993,0.7039874999999993,0.3,12.984765384964998,24.0,278.35317808,20.0,187.17906882,0.754308,10.5,97.3336617897597,26.70347104409089,31.0
6692,f,capitals,26,state,Montana,Helena,Billings,What is the capital of Montana?,The capital of Montana is,0.0359,0.123,3.426183844,True,critical,html-keyboard-response,15,94620,subject_21,67d993866d1d7516d87e97de,67daf6047b0fa6851c20e25f,0.4049075367419206,1,left,1.696765611262674,4.00716885,2.3871716000000003,1.0,0.0004472704898291971,-1.22599375,-12.036882250000001,2.2819052,-1.00467525,175.57409865,18.0,2.4909772499999994,2.1745497500000006,0.5875,6.831399328645267,33.0,299.00474067,20.0,76.68242387999999,24.127286050000002,24.0,98.87916742139757,43.100083383269855,28.5
1661,j,capitals,32,state,New York,Albany,New York,What is the capital of New York?,The capital of New York is,0.103,7.937,77.05825243,True,critical,html-keyboard-response,17,97297,subject_21,67d993866d1d7516d87e97de,67daf6047b0fa6851c20e25f,0.4049075367419206,0,right,-1.3191324976793308,2.31160665,4.8018915,1.0,0.07179487179487179,-0.40196120999999996,-4.7547025000000005,3.14106469,-1.30574515,164.00049312,18.0,4.1901697,3.862285,0.6875,15.47453789415244,25.5,229.375925891,15.0,53.021560058999995,59.8069269,27.0,75.81720478275057,45.627494070248844,27.0
2342,f,capitals,25,state,Minnesota,St. Paul,Minneapolis,What is the capital of Minnesota?,The capital of Minnesota is,0.299,0.421,1.408026756,False,critical,html-keyboard-response,19,100643,subject_21,67d993866d1d7516d87e97de,67daf6047b0fa6851c20e25f,0.4049075367419206,0,left,-0.9108982277152076,3.58195065,1.6521141,1.0,0.017392619479733817,-1.4853812,-8.023998,2.1170464,1.1057884999999996,150.791991795,18.0,6.11360015,6.11360015,0.875,3.3354361793014986,36.5,291.73495485,35.0,30.489669350000007,37.57722344999999,35.0,64.16242236428235,64.57921294960164,35.0
4610,f,capitals,22,state,Maine,Augusta,Portland,What is the capital of Maine?,The capital of Maine is,0.0192,0.0695,3.619791667,False,critical,html-keyboard-response,21,106270,subject_21,67d993866d1d7516d87e97de,67daf6047b0fa6851c20e25f,0.4049075367419206,0,left,0.4486837462622258,3.7875023,2.4801948,1.0,0.0016831873627990133,-1.0323926499999998,-10.4254775,2.0421341999999996,-1.8715164999999994,169.20454695,18.0,5.94090445,5.94090445,0.95,2.583690266418973,37.0,311.71045002,37.0,44.16688318,51.44942174999999,21.0,71.44560616098389,59.91154959685878,37.0
5658,j,capitals,30,state,New Jersey,Trenton,Newark,What is the capital of New Jersey?,The capital of New Jersey is,0.0898,0.306,3.407572383,True,critical,html-keyboard-response,23,112942,subject_21,67d993866d1d7516d87e97de,67daf6047b0fa6851c20e25f,0.4049075367419206,0,right,1.0769209194228742,3.3090056,1.82140345,1.0,0.0016363743403658628,-0.84072134,-10.924448,3.76701416,-4.2521546,156.04382572,18.0,6.901956650000001,6.901956650000001,0.725,8.925782555854742,34.5,273.68847277500004,22.0,47.345132775,80.49773385,24.5,88.88474869929352,60.16044669384837,28.5
4816,f,capitals,14,state,California,Sacramento,Los Angeles,What is the capital of California?,The capital of California is,0.527,3.8,7.210626186,True,critical,html-keyboard-response,25,118770,subject_21,67d993866d1d7516d87e97de,67daf6047b0fa6851c20e25f,0.4049075367419206,1,left,0.5721731142689945,2.8312225,3.369704,1.0,0.1,-0.63638328,-4.58591525,4.79400397,-0.5027754,142.854805135,14.5,5.676533999999999,5.419304,0.5875,18.10634188869909,22.0,220.35396464500002,17.5,113.277399355,50.27004185000001,25.5,97.10799675216575,25.585019619395112,25.0
7216,f,capitals,17,state,Florida,Tallahassee,Jacksonville,What is the capital of Florida?,The capital of Florida is,0.205,1.008,4.917073171,True,critical,html-keyboard-response,27,127002,subject_21,67d993866d1d7516d87e97de,67daf6047b0fa6851c20e25f,0.4049075367419206,1,left,2.010884197842998,3.563912,2.6319027999999998,1.0,0.008519591611479029,-0.95531795,-8.4452955,4.38171585,1.3466129999999996,162.1489442425,23.5,1.2571029,1.2571029,0.48750000000000004,9.093065063976583,33.0,222.1497324065,20.0,145.26711409350003,2.21744865,24.0,154.13877107879688,46.03097986487076,33.0
2247,j,capitals,12,state,Alabama,Montgomery,Birmingham,What is the capital of Alabama?,The capital of Alabama is,0.192,0.194,1.010416667,False,critical,html-keyboard-response,29,130260,subject_21,67d993866d1d7516d87e97de,67daf6047b0fa6851c20e25f,0.4049075367419206,1,right,-0.9678472081066783,3.1154528,2.2013875499999997,1.0,0.003584966270478638,-0.7024276,-9.767927,3.1901363,-1.4417109999999997,171.89705985,16.0,5.234766799999999,5.234766799999999,0.725,8.879740567094881,31.0,283.66813919000003,20.0,35.182526159999995,72.3701839,11.0,72.1080126268425,56.93717089653546,31.0
2586,j,capitals,10,country,Turkey,Ankara,Istanbul,What is the capital of Turkey?,The capital of Turkey is,5.55,16.24,2.926126126,True,critical,html-keyboard-response,31,133857,subject_21,67d993866d1d7516d87e97de,67daf6047b0fa6851c20e25f,0.4049075367419206,0,right,-0.7646292675518505,3.7206935999999997,3.6190253,1.0,0.0140625,-1.049432,-7.22749025,1.77928585,-1.0519376499999997,181.67489892999998,14.0,3.36303155,3.36303155,0.7875000000000001,7.10805059345744,34.0,232.28671097749998,0.0,68.73258667249999,23.91809185,34.0,109.98791459488866,68.21821684179301,34.0
3603,j,capitals,4,country,India,New Delhi,Mumbai,What is the capital of India?,The capital of India is,0.206,22.1,107.2815534,True,critical,html-keyboard-response,33,138462,subject_21,67d993866d1d7516d87e97de,67daf6047b0fa6851c20e25f,0.4049075367419206,0,right,-0.1549754458873664,3.3890189,1.4282650000000001,1.0,0.06971153846153846,-1.1690336,-6.6849964,4.1036254,2.7211151000000005,151.45156923500002,14.0,2.3097963499999996,1.1339184999999992,0.425,9.901198823968304,30.0,227.81903473,16.0,94.28140192000001,13.430843800000002,8.0,81.85221999731655,37.65522312456052,32.0
3003,j,capitals,16,state,Delaware,Dover,Wilmington,What is the capital of Delaware?,The capital of Delaware is,0.0403,0.0722,1.791563275,False,critical,html-keyboard-response,35,142479,subject_21,67d993866d1d7516d87e97de,67daf6047b0fa6851c20e25f,0.4049075367419206,1,right,-0.5146532167808673,4.2341493,0.72218523,1.0,0.012666345999679333,-1.74989815,-9.680467,0.94623425,3.385187,168.90373542999998,18.0,0.0,0.0,0.025,6.774399509720723,34.0,229.367487715,20.0,115.99101648500002,0.0,34.5,110.70916324533087,58.08677270925415,34.5
3441,j,capitals,27,state,Nebraska,Lincoln,Omaha,What is the capital of Nebraska?,The capital of Nebraska is,0.297,0.477,1.606060606,True,critical,html-keyboard-response,37,146928,subject_21,67d993866d1d7516d87e97de,67daf6047b0fa6851c20e25f,0.4049075367419206,0,right,-0.2520884440286117,3.40945435,2.88149385,1.0,0.002427404976322155,-0.90226395,-9.880027,1.9579811500000002,-0.6194575000000002,166.84559195,14.0,6.48387735,5.795127749999999,0.9875,3.0583791478084397,38.0,334.6421603,20.0,16.19795,78.670469,18.0,81.67707104491953,87.8184827648541,24.0
3162,f,capitals,5,country,Morrocco,Rabat,Marrakesh,What is the capital of Morrocco?,The capital of Morrocco is,2.02,1.085,0.5371287129,False,critical,html-keyboard-response,39,151105,subject_21,67d993866d1d7516d87e97de,67daf6047b0fa6851c20e25f,0.4049075367419206,0,left,-0.4193386074940896,4.06911815,3.926867,1.0,0.001930509063232023,-1.06717185,-9.534113999999999,2.73666185,-0.551412,192.02520429999998,22.5,5.353308500000001,3.0599705000000004,0.6125,7.031879522295083,33.0,303.121009725,22.5,42.028869125,59.422086599999986,14.5,71.26685811006843,54.04151717765417,23.0
1877,j,capitals,1,country,Australia,Canberra,Sydney,What is the capital of Australia?,The capital of Australia is,0.483,5.249,10.86749482,True,critical,html-keyboard-response,41,153988,subject_21,67d993866d1d7516d87e97de,67daf6047b0fa6851c20e25f,0.4049075367419206,0,right,-1.1896485001576709,2.91766655,1.443579,1.0,0.013910060975609756,-0.732931825,-9.718684,2.424576675,-3.10026675,135.81862900000002,16.0,4.71659925,4.71659925,0.7,13.549338958870404,26.5,205.0319132245,16.0,133.7638296255,27.787327949999998,27.0,115.01755520776328,61.294825054348195,27.0
5020,f,capitals,18,state,Illinois,Springfield,Chicago,What is the capital of Illinois?,The capital of Illinois is,0.111,2.612,23.53153153,True,critical,html-keyboard-response,43,160011,subject_21,67d993866d1d7516d87e97de,67daf6047b0fa6851c20e25f,0.4049075367419206,1,left,0.6944635563727848,3.7229846,2.02082935,1.0,0.0037192282102461744,-1.0637694,-9.972052999999999,1.8728581000000002,-5.79218335,170.65176035000002,18.0,8.6360925,8.6360925,0.675,5.610516716755836,37.0,311.23248041500005,22.5,49.248491285,81.37087019,25.0,83.27137832278736,56.50312887381918,25.0
2500,j,capitals,2,country,Brazil,Brasilia,Rio de Janeiro,What is the capital of Brazil?,The capital of Brazil is,4.99,13.923,2.790180361,False,critical,html-keyboard-response,45,163514,subject_21,67d993866d1d7516d87e97de,67daf6047b0fa6851c20e25f,0.4049075367419206,1,right,-0.8161830813799189,2.0599417,0.8546364200000001,1.0,0.010916269887353384,-0.37423359,-9.777523500000001,3.12931296,0.3757585000000008,171.91224647,18.0,3.580388749999999,2.5741565,0.55,9.253846674396854,34.0,298.44019958,15.0,47.51553901999999,30.58541265,22.0,58.33967382007255,24.97507531677988,22.0
2398,f,capitals,29,state,New Hampshire,Concord,Manchester,What is the capital of New Hampshire?,The capital of New Hampshire is,0.0449,0.115,2.561247216,False,critical,html-keyboard-response,47,166921,subject_21,67d993866d1d7516d87e97de,67daf6047b0fa6851c20e25f,0.4049075367419206,0,left,-0.877328302431814,3.8924572,2.5146651,1.0,0.00224755864290748,-1.1561135,-10.1354995,2.64535425,0.8996589999999998,168.00271485000002,18.0,0.0,0.0,0.025,8.377304174979542,32.5,253.08660677999998,20.0,138.81277821999998,0.0,27.0,98.10982957505266,32.00701641793163,32.0
5172,j,capitals,6,country,New Zealand,Wellington,Auckland,What is the capital of New Zealand?,The capital of New Zealand is,0.428,1.711,3.997663551,False,critical,html-keyboard-response,49,173101,subject_21,67d993866d1d7516d87e97de,67daf6047b0fa6851c20e25f,0.4049075367419206,1,right,0.7855819249991384,4.244933850000001,2.3052439,1.0,0.008300041328006613,-1.7685506,-8.672815499999999,2.1210044999999997,0.577696500000001,145.06194,14.0,4.1641122,4.1641122,0.5,13.508204608971669,26.0,251.64753062350002,26.0,86.95005627649999,49.788739050000004,26.0,100.41858076823004,69.00830151646427,29.0
2501,f,capitals,42,state,Wisconsin,Madison,Milwaukee,What is the capital of Wisconsin?,The capital of Wisconsin is,0.284,0.551,1.940140845,False,critical,html-keyboard-response,51,176618,subject_21,67d993866d1d7516d87e97de,67daf6047b0fa6851c20e25f,0.4049075367419206,0,left,-0.8155836184284297,3.13448335,2.23414315,1.0,0.006828316610925306,-0.760507775,-9.046759,3.316440125,1.0081592500000003,161.19694813,16.0,0.0,0.0,0.025,8.781973336626725,35.0,233.021284015,20.0,104.89291063499999,0.0,33.0,87.39257794461776,27.410622132151936,33.0
3232,f,capitals,8,country,South Africa,Pretoria,Johannesburg,What is the capital of South Africa?,The capital of South Africa is,3.0,6.4,2.133333333,False,critical,html-keyboard-response,53,180866,subject_21,67d993866d1d7516d87e97de,67daf6047b0fa6851c20e25f,0.4049075367419206,0,left,-0.3773762008898478,4.3614197,2.7407284,1.0,0.005607622617931896,-2.11893455,-8.995401000000001,2.2255171,-0.9749508000000002,168.89477075,14.0,4.743248,4.743248,0.8125,6.902744233458726,33.0,261.79318212500004,33.0,107.26548872500001,40.14546490000001,33.0,126.64268622248599,90.68654232034928,33.5
3678,j,capitals,11,country,United Arab Emirates,Abu Dhabi,Dubai,What is the capital of the United Arab Emirates?,The capital of the United Arab Emirates is,1.6,3.1,1.9375,True,critical,html-keyboard-response,55,185546,subject_21,67d993866d1d7516d87e97de,67daf6047b0fa6851c20e25f,0.4049075367419206,0,right,-0.1100157245256788,3.6339115499999997,2.33935815,1.0,0.00522367703218767,-1.0856354000000001,-9.346349,2.50591525,-0.6000735000000006,159.839143965,14.0,3.36275555,3.36275555,0.65,9.84413945872573,31.0,260.0233028075,0.0,72.79101454250001,22.182172549999997,33.0,96.97781470445022,51.8589082146157,33.0
7458,j,capitals,38,state,Texas,Austin,Houston,What is the capital of Texas?,The capital of Texas is,0.989,2.324,2.349848332,False,critical,html-keyboard-response,57,194012,subject_21,67d993866d1d7516d87e97de,67daf6047b0fa6851c20e25f,0.4049075367419206,1,right,2.155954232103377,2.7289062,3.68736335,1.0,0.08712121212121213,-0.506320885,-4.40157605,4.012876565,1.53352215,151.14799460999998,11.0,0.08562525000000054,0.08562525000000054,0.35,19.22278273641858,20.0,198.241569792,15.0,136.22196335799998,0.08562525000000054,10.5,81.3456051528303,15.975005422746095,35.0
3933,j,capitals,31,state,New Mexico,Santa Fe,Albuquerque,What is the capital of New Mexico?,The capital of New Mexico is,0.0901,0.557,6.182019978,True,critical,html-keyboard-response,59,198953,subject_21,67d993866d1d7516d87e97de,67daf6047b0fa6851c20e25f,0.4049075367419206,0,right,0.042847328104059,3.0991414500000003,1.3244324,1.0,0.014238667183262301,-0.69803795,-9.098272999999999,2.46943,0.3069240000000004,166.6062263,18.0,5.093978,3.5249351500000006,0.525,8.033448780088444,31.0,260.480373305,20.0,49.826687745000015,48.39635365000001,19.0,84.180459503387,57.783921029115376,24.0
5518,j,capitals,37,state,South Dakota,Pierre,Sioux Falls,What is the capital of South Dakota?,The capital of South Dakota is,0.0138,0.215,15.57971014,True,critical,html-keyboard-response,61,205478,subject_21,67d993866d1d7516d87e97de,67daf6047b0fa6851c20e25f,0.4049075367419206,0,right,0.9929961062143904,3.88962435,1.9988037,1.0,0.006089036055923473,-1.041340035,-9.381435,2.440622765,3.5832957499999987,176.86631975,18.0,2.7437485000000006,2.3335944999999993,0.45,6.963136166388008,32.0,279.15120511,20.0,98.78975829,20.867091999999992,16.0,89.17083306707906,49.97454210007436,26.0
3285,j,capitals,34,state,North Dakota,Bismarck,Fargo,What is the capital of North Dakota?,The capital of North Dakota is,0.076,0.138,1.815789474,False,critical,html-keyboard-response,63,209776,subject_21,67d993866d1d7516d87e97de,67daf6047b0fa6851c20e25f,0.4049075367419206,1,right,-0.3456046644609219,3.1886295000000002,1.6228072999999998,1.0,0.04464285714285714,-0.8373848349999999,-6.98899085,3.346709315,2.0134886500000007,158.9716758025,18.0,1.0428039999999998,1.0428039999999998,0.425,10.24716289924514,32.5,181.48586626009998,20.0,91.95245258989999,1.3760648999999998,25.0,78.67897042291708,25.245962637347155,34.5
4019,j,capitals,41,state,Washington,Olympia,Seattle,What is the capital of Washington?,The capital of Washington is,0.0558,0.765,13.70967742,True,critical,html-keyboard-response,65,214807,subject_21,67d993866d1d7516d87e97de,67daf6047b0fa6851c20e25f,0.4049075367419206,0,right,0.0944011419321275,2.4590736499999997,3.76935035,1.0,0.018367961457392352,-0.44257853999999996,-7.3950467,3.85359726,-2.2241997000000007,144.06035742999998,23.0,4.896856099999999,4.896856099999999,0.6625000000000001,14.217480554285576,25.5,250.7986976015,25.0,103.96332209849999,33.6275834,16.0,99.67318648330391,49.08176857829807,25.0
2969,f,capitals,40,state,Virginia,Richmond,Virginia Beach,What is the capital of Virginia?,The capital of Virginia is,0.231,0.45,1.948051948,True,critical,html-keyboard-response,67,218794,subject_21,67d993866d1d7516d87e97de,67daf6047b0fa6851c20e25f,0.4049075367419206,1,left,-0.5350349571314991,4.120711549999999,3.5882533,1.0,0.02312889812889813,-1.16916945,-6.914387700000001,2.59017605,0.19082209999999966,175.71893075000003,18.5,2.56121715,2.56121715,0.7,5.77276122250901,38.0,284.03714405,20.0,35.25386895,25.267003600000002,18.0,46.35421140072588,30.54006897158279,36.0
4320,j,capitals,13,state,Alaska,Juneau,Anchorage,What is the capital of Alaska?,The capital of Alaska is,0.0311,0.283,9.099678457,True,critical,html-keyboard-response,69,224123,subject_21,67d993866d1d7516d87e97de,67daf6047b0fa6851c20e25f,0.4049075367419206,0,right,0.2748394903303671,4.0331867,1.032167785,1.0,0.0012974288388852195,-1.38228545,-12.390654,1.9327201,-2.1549560000000003,158.058188835,18.0,4.9375237,4.9375237,0.9624999999999999,2.4642328656242176,37.0,348.27460882,33.0,8.84634368,72.57630929999998,37.0,50.961827169017766,61.5026154449013,37.0
3326,j,capitals,35,state,Oregon,Salem,Portland,What is the capital of Oregon?,The capital of Oregon is,0.178,0.615,3.45505618,True,critical,html-keyboard-response,71,228461,subject_21,67d993866d1d7516d87e97de,67daf6047b0fa6851c20e25f,0.4049075367419206,0,right,-0.321026683449866,3.87003685,0.9559546750000001,1.0,0.02684931506849315,-1.33495845,-8.585685999999999,2.0863518,0.6543089999999996,153.11513470199998,18.0,4.49311111,4.49311111,0.6875,9.833651245669653,33.5,221.757705704,20.0,88.948261346,12.927848335,34.0,127.8462239789101,66.26897622229141,34.0
5229,j,capitals,23,state,Maryland,Annapolis,Baltimore,What is the capital of Maryland?,The capital of Maryland is,0.0403,0.553,13.72208437,False,critical,html-keyboard-response,73,234692,subject_21,67d993866d1d7516d87e97de,67daf6047b0fa6851c20e25f,0.4049075367419206,1,right,0.819751313234021,3.6610867999999996,1.99519565,1.0,0.007435328135488201,-1.006010815,-9.066941499999999,2.3947849850000003,-2.0526531999999995,171.39884055,18.0,5.272523,5.272523,0.7124999999999999,8.627807633730525,31.0,269.905489795,21.0,82.80523015499999,30.549259500000005,17.5,88.24512507064568,61.977535890917494,35.0
2243,f,capitals,3,country,Canada,Ottawa,Toronto,What is the capital of Canada?,The capital of Canada is,1.465,6.491,4.430716724,False,critical,html-keyboard-response,75,237943,subject_21,67d993866d1d7516d87e97de,67daf6047b0fa6851c20e25f,0.4049075367419206,0,left,-0.9702450599126352,3.41186485,1.57882065,1.0,0.09166666666666667,-0.8216695,-5.87537415,3.39860975,-1.0815602000000002,151.21389025500002,16.0,1.62056305,1.62056305,0.55,18.015003869553816,21.0,209.80200216699998,15.0,104.683861683,9.282030650000001,24.5,78.4247090436364,17.054693758663674,27.0
9781,j,capitals,21,state,Louisiana,Baton Rouge,New Orleans,What is the capital of Louisiana?,The capital of Louisiana is,0.215,0.351,1.63255814,False,critical,html-keyboard-response,77,248726,subject_21,67d993866d1d7516d87e97de,67daf6047b0fa6851c20e25f,0.4049075367419206,1,right,3.5485066684127147,2.79039935,2.0269129,1.0,0.0034954039671020805,-0.60054295,-9.8353815,2.3737587500000004,-2.482563500000001,172.31991220000003,18.0,5.1981744999999995,3.793621,0.6875,7.716095282905707,34.5,282.68865437,20.0,29.084738729999994,68.09929645,24.5,62.8804213583455,54.76974795931437,27.0
3483,f,capitals,28,state,Nevada,Carson City,Las Vegas,What is the capital of Nevada?,The capital of Nevada is,0.0576,0.67,11.63194444,True,critical,html-keyboard-response,79,253220,subject_21,67d993866d1d7516d87e97de,67daf6047b0fa6851c20e25f,0.4049075367419206,1,left,-0.2269110000660666,3.21408655,2.2825403,1.0,0.009556159420289855,-0.7483732750000001,-8.5907935,3.2634109749999998,0.3897780000000006,154.31583923,24.0,0.6128969999999994,0.6128969999999994,0.46249999999999997,13.888110548784098,22.0,212.93093655299998,21.0,129.96025854700002,1.2335965999999998,27.5,151.10212968210539,49.69601040539513,33.0
3804,f,capitals,20,state,Kentucky,Frankfort,Louisville,What is the capital of Kentucky?,The capital of Kentucky is,0.0281,0.617,21.95729537,False,critical,html-keyboard-response,81,258034,subject_21,67d993866d1d7516d87e97de,67daf6047b0fa6851c20e25f,0.4049075367419206,0,left,-0.0344833926380436,3.0547366,2.2666612,1.0,0.000659358843533807,-0.74241135,-11.6135325,2.1753297,-0.9483945,176.88001325,18.0,5.5287013,4.96804475,0.75,4.405366338069108,37.0,336.0411206,26.0,22.964224,60.86410575,26.0,72.27622371274914,51.10917786191476,26.0
2266,f,capitals,19,state,Kansas,Topeka,Wichita,What is the capital of Kansas?,The capital of Kansas is,0.125,0.395,3.16,True,critical,html-keyboard-response,83,261311,subject_21,67d993866d1d7516d87e97de,67daf6047b0fa6851c20e25f,0.4049075367419206,1,left,-0.9564574120283842,3.69316615,2.64080265,1.0,0.010417797069994574,-1.07303922,-8.168856,1.73419138,-0.5498905999999999,162.288778245,35.0,2.9706022499999998,1.7607325999999994,0.5625,10.046628532789011,33.0,233.6914373035,18.0,65.7761040965,17.125884900000003,35.0,90.36345231361148,54.06264558247349,35.0
3170,f,capitals,7,country,Pakistan,Islamabad,Karachi,What is the capital of Pakistan?,The capital of Pakistan is,1.3,18.1,13.92307692,True,critical,html-keyboard-response,85,265493,subject_21,67d993866d1d7516d87e97de,67daf6047b0fa6851c20e25f,0.4049075367419206,1,left,-0.4145429038821762,3.8934075,2.6534792,1.0,0.0019266429313158284,-1.11515545,-10.314565,2.1734213999999996,-4.08459765,183.33887535,14.0,4.08459765,4.08459765,0.675,5.719409224572999,32.5,281.15069095,25.0,33.481899,38.1329444,25.0,81.74658055471438,60.49985834162654,25.0
3931,j,capitals,36,state,Pennsylvania,Harrisburg,Philadelphia,What is the capital of Pennsylvania?,The capital of Pennsylvania is,0.05,1.517,30.34,False,critical,html-keyboard-response,87,270438,subject_21,67d993866d1d7516d87e97de,67daf6047b0fa6851c20e25f,0.4049075367419206,1,right,0.0416484022010807,3.80286055,1.2945525999999998,1.0,0.005201455329470422,-0.971369375,-10.090643,2.9000446250000005,-0.7811735000000004,169.40291199,18.0,4.7394538,4.5681133,0.6625000000000001,12.812658898193753,26.5,280.7955821475,22.5,70.13658115249999,36.52358815000001,24.0,104.5548823855986,47.04693462155399,24.0
4305,j,capitals,33,state,North Carolina,Raleigh,Charlotte,What is the capital of North Carolina?,The capital of North Carolina is,0.494,0.935,1.892712551,False,critical,html-keyboard-response,89,275752,subject_21,67d993866d1d7516d87e97de,67daf6047b0fa6851c20e25f,0.4049075367419206,1,right,0.2658475460580295,3.9989741,1.4837299000000002,1.0,0.017565485362095533,-1.2707921500000001,-8.2403645,2.6944252,2.3565879999999995,167.86508935,18.0,1.4855458000000001,1.4855458000000001,0.7124999999999999,8.574116496188747,32.5,209.911716892,20.0,142.86702770799997,5.01324945,7.0,125.69617107504936,62.09856014494803,35.0
3475,j,capitals,15,state,Connecticut,Hartford,Bridgeport,What is the capital of Connecticut?,The capital of Connecticut is,0.119,0.148,1.243697479,False,critical,html-keyboard-response,7,30427,subject_2,67d993866d1d7516d87e97de,67db038c76da1142dd7558ab,0.014697232112292,1,right,1.9875399150151531,4.152413,2.4941535000000004,1.0,0.012903762903762904,-1.2379590999999999,-8.185617,4.8248759,4.25825,176.1870492,16.0,0.7039874999999993,0.7039874999999993,0.3,12.984765384964998,24.0,278.35317808,20.0,187.17906882,0.754308,10.5,97.3336617897597,26.70347104409089,31.0
1704,f,capitals,17,state,Florida,Tallahassee,Jacksonville,What is the capital of Florida?,The capital of Florida is,0.205,1.008,4.917073171,False,critical,html-keyboard-response,9,33139,subject_2,67d993866d1d7516d87e97de,67db038c76da1142dd7558ab,0.014697232112292,0,left,-0.3729076901429493,3.563912,2.6319027999999998,1.0,0.008519591611479029,-0.95531795,-8.4452955,4.38171585,1.3466129999999996,162.1489442425,23.5,1.2571029,1.2571029,0.48750000000000004,9.093065063976583,33.0,222.1497324065,20.0,145.26711409350003,2.21744865,24.0,154.13877107879688,46.03097986487076,33.0
3237,f,capitals,41,state,Washington,Olympia,Seattle,What is the capital of Washington?,The capital of Washington is,0.0558,0.765,13.70967742,True,critical,html-keyboard-response,11,37390,subject_2,67d993866d1d7516d87e97de,67db038c76da1142dd7558ab,0.014697232112292,1,left,1.6703256123456849,2.4590736499999997,3.76935035,1.0,0.018367961457392352,-0.44257853999999996,-7.3950467,3.85359726,-2.2241997000000007,144.06035742999998,23.0,4.896856099999999,4.896856099999999,0.6625000000000001,14.217480554285576,25.5,250.7986976015,25.0,103.96332209849999,33.6275834,16.0,99.67318648330391,49.08176857829807,25.0
1727,f,capitals,10,country,Turkey,Ankara,Istanbul,What is the capital of Turkey?,The capital of Turkey is,5.55,16.24,2.926126126,True,critical,html-keyboard-response,13,40132,subject_2,67d993866d1d7516d87e97de,67db038c76da1142dd7558ab,0.014697232112292,1,left,-0.3422525264395973,3.7206935999999997,3.6190253,1.0,0.0140625,-1.049432,-7.22749025,1.77928585,-1.0519376499999997,181.67489892999998,14.0,3.36303155,3.36303155,0.7875000000000001,7.10805059345744,34.0,232.28671097749998,0.0,68.73258667249999,23.91809185,34.0,109.98791459488866,68.21821684179301,34.0
1610,j,capitals,2,country,Brazil,Brasilia,Rio de Janeiro,What is the capital of Brazil?,The capital of Brazil is,4.99,13.923,2.790180361,False,critical,html-keyboard-response,15,42748,subject_2,67d993866d1d7516d87e97de,67db038c76da1142dd7558ab,0.014697232112292,1,right,-0.4981940113653443,2.0599417,0.8546364200000001,1.0,0.010916269887353384,-0.37423359,-9.777523500000001,3.12931296,0.3757585000000008,171.91224647,18.0,3.580388749999999,2.5741565,0.55,9.253846674396854,34.0,298.44019958,15.0,47.51553901999999,30.58541265,22.0,58.33967382007255,24.97507531677988,22.0
3223,f,capitals,11,country,United Arab Emirates,Abu Dhabi,Dubai,What is the capital of the United Arab Emirates?,The capital of the United Arab Emirates is,1.6,3.1,1.9375,True,critical,html-keyboard-response,17,46975,subject_2,67d993866d1d7516d87e97de,67db038c76da1142dd7558ab,0.014697232112292,1,left,1.651665947482775,3.6339115499999997,2.33935815,1.0,0.00522367703218767,-1.0856354000000001,-9.346349,2.50591525,-0.6000735000000006,159.839143965,14.0,3.36275555,3.36275555,0.65,9.84413945872573,31.0,260.0233028075,0.0,72.79101454250001,22.182172549999997,33.0,96.97781470445022,51.8589082146157,33.0
1492,j,capitals,16,state,Delaware,Dover,Wilmington,What is the capital of Delaware?,The capital of Delaware is,0.0403,0.0722,1.791563275,False,critical,html-keyboard-response,19,49477,subject_2,67d993866d1d7516d87e97de,67db038c76da1142dd7558ab,0.014697232112292,1,right,-0.655468329495585,4.2341493,0.72218523,1.0,0.012666345999679333,-1.74989815,-9.680467,0.94623425,3.385187,168.90373542999998,18.0,0.0,0.0,0.025,6.774399509720723,34.0,229.367487715,20.0,115.99101648500002,0.0,34.5,110.70916324533087,58.08677270925415,34.5
1607,f,capitals,5,country,Morrocco,Rabat,Marrakesh,What is the capital of Morrocco?,The capital of Morrocco is,2.02,1.085,0.5371287129,False,critical,html-keyboard-response,21,52092,subject_2,67d993866d1d7516d87e97de,67db038c76da1142dd7558ab,0.014697232112292,0,left,-0.5021925109788251,4.06911815,3.926867,1.0,0.001930509063232023,-1.06717185,-9.534113999999999,2.73666185,-0.551412,192.02520429999998,22.5,5.353308500000001,3.0599705000000004,0.6125,7.031879522295083,33.0,303.121009725,22.5,42.028869125,59.422086599999986,14.5,71.26685811006843,54.04151717765417,23.0
1267,j,capitals,20,state,Kentucky,Frankfort,Louisville,What is the capital of Kentucky?,The capital of Kentucky is,0.0281,0.617,21.95729537,True,critical,html-keyboard-response,23,54369,subject_2,67d993866d1d7516d87e97de,67db038c76da1142dd7558ab,0.014697232112292,0,right,-0.9553558005066368,3.0547366,2.2666612,1.0,0.000659358843533807,-0.74241135,-11.6135325,2.1753297,-0.9483945,176.88001325,18.0,5.5287013,4.96804475,0.75,4.405366338069108,37.0,336.0411206,26.0,22.964224,60.86410575,26.0,72.27622371274914,51.10917786191476,26.0
2388,f,capitals,30,state,New Jersey,Trenton,Newark,What is the capital of New Jersey?,The capital of New Jersey is,0.0898,0.306,3.407572383,True,critical,html-keyboard-response,25,57761,subject_2,67d993866d1d7516d87e97de,67db038c76da1142dd7558ab,0.014697232112292,1,left,0.5387502217306487,3.3090056,1.82140345,1.0,0.0016363743403658628,-0.84072134,-10.924448,3.76701416,-4.2521546,156.04382572,18.0,6.901956650000001,6.901956650000001,0.725,8.925782555854742,34.5,273.68847277500004,22.0,47.345132775,80.49773385,24.5,88.88474869929352,60.16044669384837,28.5
1199,f,capitals,14,state,California,Sacramento,Los Angeles,What is the capital of California?,The capital of California is,0.527,3.8,7.210626186,True,critical,html-keyboard-response,27,59961,subject_2,67d993866d1d7516d87e97de,67db038c76da1142dd7558ab,0.014697232112292,1,left,-1.0459884584121997,2.8312225,3.369704,1.0,0.1,-0.63638328,-4.58591525,4.79400397,-0.5027754,142.854805135,14.5,5.676533999999999,5.419304,0.5875,18.10634188869909,22.0,220.35396464500002,17.5,113.277399355,50.27004185000001,25.5,97.10799675216575,25.585019619395112,25.0
1321,j,capitals,40,state,Virginia,Richmond,Virginia Beach,What is the capital of Virginia?,The capital of Virginia is,0.231,0.45,1.948051948,False,critical,html-keyboard-response,29,62297,subject_2,67d993866d1d7516d87e97de,67db038c76da1142dd7558ab,0.014697232112292,1,right,-0.8833828074639845,4.120711549999999,3.5882533,1.0,0.02312889812889813,-1.16916945,-6.914387700000001,2.59017605,0.19082209999999966,175.71893075000003,18.5,2.56121715,2.56121715,0.7,5.77276122250901,38.0,284.03714405,20.0,35.25386895,25.267003600000002,18.0,46.35421140072588,30.54006897158279,36.0
1684,j,capitals,28,state,Nevada,Carson City,Las Vegas,What is the capital of Nevada?,The capital of Nevada is,0.0576,0.67,11.63194444,False,critical,html-keyboard-response,31,64988,subject_2,67d993866d1d7516d87e97de,67db038c76da1142dd7558ab,0.014697232112292,1,right,-0.3995643542328206,3.21408655,2.2825403,1.0,0.009556159420289855,-0.7483732750000001,-8.5907935,3.2634109749999998,0.3897780000000006,154.31583923,24.0,0.6128969999999994,0.6128969999999994,0.46249999999999997,13.888110548784098,22.0,212.93093655299998,21.0,129.96025854700002,1.2335965999999998,27.5,151.10212968210539,49.69601040539513,33.0
2992,j,capitals,35,state,Oregon,Salem,Portland,What is the capital of Oregon?,The capital of Oregon is,0.178,0.615,3.45505618,True,critical,html-keyboard-response,33,68987,subject_2,67d993866d1d7516d87e97de,67db038c76da1142dd7558ab,0.014697232112292,0,right,1.3437814772447616,3.87003685,0.9559546750000001,1.0,0.02684931506849315,-1.33495845,-8.585685999999999,2.0863518,0.6543089999999996,153.11513470199998,18.0,4.49311111,4.49311111,0.6875,9.833651245669653,33.5,221.757705704,20.0,88.948261346,12.927848335,34.0,127.8462239789101,66.26897622229141,34.0
1939,j,capitals,4,country,India,New Delhi,Mumbai,What is the capital of India?,The capital of India is,0.206,22.1,107.2815534,True,critical,html-keyboard-response,35,71929,subject_2,67d993866d1d7516d87e97de,67db038c76da1142dd7558ab,0.014697232112292,0,right,-0.0596918870869616,3.3890189,1.4282650000000001,1.0,0.06971153846153846,-1.1690336,-6.6849964,4.1036254,2.7211151000000005,151.45156923500002,14.0,2.3097963499999996,1.1339184999999992,0.425,9.901198823968304,30.0,227.81903473,16.0,94.28140192000001,13.430843800000002,8.0,81.85221999731655,37.65522312456052,32.0
1799,f,capitals,33,state,North Carolina,Raleigh,Charlotte,What is the capital of North Carolina?,The capital of North Carolina is,0.494,0.935,1.892712551,False,critical,html-keyboard-response,37,74744,subject_2,67d993866d1d7516d87e97de,67db038c76da1142dd7558ab,0.014697232112292,0,left,-0.2462885357160607,3.9989741,1.4837299000000002,1.0,0.017565485362095533,-1.2707921500000001,-8.2403645,2.6944252,2.3565879999999995,167.86508935,18.0,1.4855458000000001,1.4855458000000001,0.7124999999999999,8.574116496188747,32.5,209.911716892,20.0,142.86702770799997,5.01324945,7.0,125.69617107504936,62.09856014494803,35.0
1877,j,capitals,1,country,Australia,Canberra,Sydney,What is the capital of Australia?,The capital of Australia is,0.483,5.249,10.86749482,True,critical,html-keyboard-response,39,77625,subject_2,67d993866d1d7516d87e97de,67db038c76da1142dd7558ab,0.014697232112292,0,right,-0.1423275457655627,2.91766655,1.443579,1.0,0.013910060975609756,-0.732931825,-9.718684,2.424576675,-3.10026675,135.81862900000002,16.0,4.71659925,4.71659925,0.7,13.549338958870404,26.5,205.0319132245,16.0,133.7638296255,27.787327949999998,27.0,115.01755520776328,61.294825054348195,27.0
1675,f,capitals,38,state,Texas,Austin,Houston,What is the capital of Texas?,The capital of Texas is,0.989,2.324,2.349848332,True,critical,html-keyboard-response,41,80315,subject_2,67d993866d1d7516d87e97de,67db038c76da1142dd7558ab,0.014697232112292,1,left,-0.4115598530732627,2.7289062,3.68736335,1.0,0.08712121212121213,-0.506320885,-4.40157605,4.012876565,1.53352215,151.14799460999998,11.0,0.08562525000000054,0.08562525000000054,0.35,19.22278273641858,20.0,198.241569792,15.0,136.22196335799998,0.08562525000000054,10.5,81.3456051528303,15.975005422746095,35.0
1820,j,capitals,27,state,Nebraska,Lincoln,Omaha,What is the capital of Nebraska?,The capital of Nebraska is,0.297,0.477,1.606060606,False,critical,html-keyboard-response,43,83141,subject_2,67d993866d1d7516d87e97de,67db038c76da1142dd7558ab,0.014697232112292,1,right,-0.2182990384216958,3.40945435,2.88149385,1.0,0.002427404976322155,-0.90226395,-9.880027,1.9579811500000002,-0.6194575000000002,166.84559195,14.0,6.48387735,5.795127749999999,0.9875,3.0583791478084397,38.0,334.6421603,20.0,16.19795,78.670469,18.0,81.67707104491953,87.8184827648541,24.0
818,j,capitals,18,state,Illinois,Springfield,Chicago,What is the capital of Illinois?,The capital of Illinois is,0.111,2.612,23.53153153,False,critical,html-keyboard-response,45,84973,subject_2,67d993866d1d7516d87e97de,67db038c76da1142dd7558ab,0.014697232112292,1,right,-1.553797909324247,3.7229846,2.02082935,1.0,0.0037192282102461744,-1.0637694,-9.972052999999999,1.8728581000000002,-5.79218335,170.65176035000002,18.0,8.6360925,8.6360925,0.675,5.610516716755836,37.0,311.23248041500005,22.5,49.248491285,81.37087019,25.0,83.27137832278736,56.50312887381918,25.0
1710,f,capitals,3,country,Canada,Ottawa,Toronto,What is the capital of Canada?,The capital of Canada is,1.465,6.491,4.430716724,False,critical,html-keyboard-response,47,87689,subject_2,67d993866d1d7516d87e97de,67db038c76da1142dd7558ab,0.014697232112292,0,left,-0.3649106909159879,3.41186485,1.57882065,1.0,0.09166666666666667,-0.8216695,-5.87537415,3.39860975,-1.0815602000000002,151.21389025500002,16.0,1.62056305,1.62056305,0.55,18.015003869553816,21.0,209.80200216699998,15.0,104.683861683,9.282030650000001,24.5,78.4247090436364,17.054693758663674,27.0
1710,f,capitals,6,country,New Zealand,Wellington,Auckland,What is the capital of New Zealand?,The capital of New Zealand is,0.428,1.711,3.997663551,True,critical,html-keyboard-response,49,90407,subject_2,67d993866d1d7516d87e97de,67db038c76da1142dd7558ab,0.014697232112292,1,left,-0.3649106909159879,4.244933850000001,2.3052439,1.0,0.008300041328006613,-1.7685506,-8.672815499999999,2.1210044999999997,0.577696500000001,145.06194,14.0,4.1641122,4.1641122,0.5,13.508204608971669,26.0,251.64753062350002,26.0,86.95005627649999,49.788739050000004,26.0,100.41858076823004,69.00830151646427,29.0
1605,f,capitals,23,state,Maryland,Annapolis,Baltimore,What is the capital of Maryland?,The capital of Maryland is,0.0403,0.553,13.72208437,True,critical,html-keyboard-response,51,93016,subject_2,67d993866d1d7516d87e97de,67db038c76da1142dd7558ab,0.014697232112292,1,left,-0.5048581773878122,3.6610867999999996,1.99519565,1.0,0.007435328135488201,-1.006010815,-9.066941499999999,2.3947849850000003,-2.0526531999999995,171.39884055,18.0,5.272523,5.272523,0.7124999999999999,8.627807633730525,31.0,269.905489795,21.0,82.80523015499999,30.549259500000005,17.5,88.24512507064568,61.977535890917494,35.0
3385,f,capitals,8,country,South Africa,Pretoria,Johannesburg,What is the capital of South Africa?,The capital of South Africa is,3.0,6.4,2.133333333,False,critical,html-keyboard-response,53,97410,subject_2,67d993866d1d7516d87e97de,67db038c76da1142dd7558ab,0.014697232112292,0,left,1.8675849266107325,4.3614197,2.7407284,1.0,0.005607622617931896,-2.11893455,-8.995401000000001,2.2255171,-0.9749508000000002,168.89477075,14.0,4.743248,4.743248,0.8125,6.902744233458726,33.0,261.79318212500004,33.0,107.26548872500001,40.14546490000001,33.0,126.64268622248599,90.68654232034928,33.5
2101,f,capitals,34,state,North Dakota,Bismarck,Fargo,What is the capital of North Dakota?,The capital of North Dakota is,0.076,0.138,1.815789474,True,critical,html-keyboard-response,55,100518,subject_2,67d993866d1d7516d87e97de,67db038c76da1142dd7558ab,0.014697232112292,1,left,0.1562270920409957,3.1886295000000002,1.6228072999999998,1.0,0.04464285714285714,-0.8373848349999999,-6.98899085,3.346709315,2.0134886500000007,158.9716758025,18.0,1.0428039999999998,1.0428039999999998,0.425,10.24716289924514,32.5,181.48586626009998,20.0,91.95245258989999,1.3760648999999998,25.0,78.67897042291708,25.245962637347155,34.5
1564,j,capitals,13,state,Alaska,Juneau,Anchorage,What is the capital of Alaska?,The capital of Alaska is,0.0311,0.283,9.099678457,True,critical,html-keyboard-response,57,103092,subject_2,67d993866d1d7516d87e97de,67db038c76da1142dd7558ab,0.014697232112292,0,right,-0.5595043387720483,4.0331867,1.032167785,1.0,0.0012974288388852195,-1.38228545,-12.390654,1.9327201,-2.1549560000000003,158.058188835,18.0,4.9375237,4.9375237,0.9624999999999999,2.4642328656242176,37.0,348.27460882,33.0,8.84634368,72.57630929999998,37.0,50.961827169017766,61.5026154449013,37.0
1392,j,capitals,29,state,New Hampshire,Concord,Manchester,What is the capital of New Hampshire?,The capital of New Hampshire is,0.0449,0.115,2.561247216,False,critical,html-keyboard-response,59,105490,subject_2,67d993866d1d7516d87e97de,67db038c76da1142dd7558ab,0.014697232112292,1,right,-0.7887516499449414,3.8924572,2.5146651,1.0,0.00224755864290748,-1.1561135,-10.1354995,2.64535425,0.8996589999999998,168.00271485000002,18.0,0.0,0.0,0.025,8.377304174979542,32.5,253.08660677999998,20.0,138.81277821999998,0.0,27.0,98.10982957505266,32.00701641793163,32.0
856,j,capitals,32,state,New York,Albany,New York,What is the capital of New York?,The capital of New York is,0.103,7.937,77.05825243,False,critical,html-keyboard-response,61,107362,subject_2,67d993866d1d7516d87e97de,67db038c76da1142dd7558ab,0.014697232112292,1,right,-1.503150247553492,2.31160665,4.8018915,1.0,0.07179487179487179,-0.40196120999999996,-4.7547025000000005,3.14106469,-1.30574515,164.00049312,18.0,4.1901697,3.862285,0.6875,15.47453789415244,25.5,229.375925891,15.0,53.021560058999995,59.8069269,27.0,75.81720478275057,45.627494070248844,27.0
1686,j,capitals,26,state,Montana,Helena,Billings,What is the capital of Montana?,The capital of Montana is,0.0359,0.123,3.426183844,True,critical,html-keyboard-response,63,110049,subject_2,67d993866d1d7516d87e97de,67db038c76da1142dd7558ab,0.014697232112292,0,right,-0.3968986878238335,4.00716885,2.3871716000000003,1.0,0.0004472704898291971,-1.22599375,-12.036882250000001,2.2819052,-1.00467525,175.57409865,18.0,2.4909772499999994,2.1745497500000006,0.5875,6.831399328645267,33.0,299.00474067,20.0,76.68242387999999,24.127286050000002,24.0,98.87916742139757,43.100083383269855,28.5
3696,j,capitals,42,state,Wisconsin,Madison,Milwaukee,What is the capital of Wisconsin?,The capital of Wisconsin is,0.284,0.551,1.940140845,True,critical,html-keyboard-response,65,114749,subject_2,67d993866d1d7516d87e97de,67db038c76da1142dd7558ab,0.014697232112292,0,right,2.282096053208231,3.13448335,2.23414315,1.0,0.006828316610925306,-0.760507775,-9.046759,3.316440125,1.0081592500000003,161.19694813,16.0,0.0,0.0,0.025,8.781973336626725,35.0,233.021284015,20.0,104.89291063499999,0.0,33.0,87.39257794461776,27.410622132151936,33.0
1689,j,capitals,19,state,Kansas,Topeka,Wichita,What is the capital of Kansas?,The capital of Kansas is,0.125,0.395,3.16,False,critical,html-keyboard-response,67,117440,subject_2,67d993866d1d7516d87e97de,67db038c76da1142dd7558ab,0.014697232112292,1,right,-0.3929001882103528,3.69316615,2.64080265,1.0,0.010417797069994574,-1.07303922,-8.168856,1.73419138,-0.5498905999999999,162.288778245,35.0,2.9706022499999998,1.7607325999999994,0.5625,10.046628532789011,33.0,233.6914373035,18.0,65.7761040965,17.125884900000003,35.0,90.36345231361148,54.06264558247349,35.0
1625,f,capitals,21,state,Louisiana,Baton Rouge,New Orleans,What is the capital of Louisiana?,The capital of Louisiana is,0.215,0.351,1.63255814,True,critical,html-keyboard-response,69,120081,subject_2,67d993866d1d7516d87e97de,67db038c76da1142dd7558ab,0.014697232112292,1,left,-0.4782015132979409,2.79039935,2.0269129,1.0,0.0034954039671020805,-0.60054295,-9.8353815,2.3737587500000004,-2.482563500000001,172.31991220000003,18.0,5.1981744999999995,3.793621,0.6875,7.716095282905707,34.5,282.68865437,20.0,29.084738729999994,68.09929645,24.5,62.8804213583455,54.76974795931437,27.0
1965,j,capitals,37,state,South Dakota,Pierre,Sioux Falls,What is the capital of South Dakota?,The capital of South Dakota is,0.0138,0.215,15.57971014,False,critical,html-keyboard-response,71,123051,subject_2,67d993866d1d7516d87e97de,67db038c76da1142dd7558ab,0.014697232112292,1,right,-0.025038223770129,3.88962435,1.9988037,1.0,0.006089036055923473,-1.041340035,-9.381435,2.440622765,3.5832957499999987,176.86631975,18.0,2.7437485000000006,2.3335944999999993,0.45,6.963136166388008,32.0,279.15120511,20.0,98.78975829,20.867091999999992,16.0,89.17083306707906,49.97454210007436,26.0
2702,j,capitals,24,state,Michigan,Lansing,Detroit,What is the capital of Michigan?,The capital of Michigan is,0.112,0.63,5.625,True,critical,html-keyboard-response,73,126766,subject_2,67d993866d1d7516d87e97de,67db038c76da1142dd7558ab,0.014697232112292,0,right,0.957259847941628,3.1715925,0.8199855199999999,1.0,0.020092460881934567,-0.8804468999999999,-8.9095815,2.08088635,-0.3318779999999997,162.992733545,18.0,2.8472903499999997,2.8472903499999997,0.7,7.4411319048798905,35.5,223.482275455,20.0,122.07790124499999,9.68996645,35.0,132.35050610599825,75.15181857684905,35.0
2430,j,capitals,7,country,Pakistan,Islamabad,Karachi,What is the capital of Pakistan?,The capital of Pakistan is,1.3,18.1,13.92307692,False,critical,html-keyboard-response,75,130203,subject_2,67d993866d1d7516d87e97de,67db038c76da1142dd7558ab,0.014697232112292,1,right,0.5947292163193785,3.8934075,2.6534792,1.0,0.0019266429313158284,-1.11515545,-10.314565,2.1734213999999996,-4.08459765,183.33887535,14.0,4.08459765,4.08459765,0.675,5.719409224572999,32.5,281.15069095,25.0,33.481899,38.1329444,25.0,81.74658055471438,60.49985834162654,25.0
1637,f,capitals,22,state,Maine,Augusta,Portland,What is the capital of Maine?,The capital of Maine is,0.0192,0.0695,3.619791667,False,critical,html-keyboard-response,77,132852,subject_2,67d993866d1d7516d87e97de,67db038c76da1142dd7558ab,0.014697232112292,0,left,-0.4622075148440181,3.7875023,2.4801948,1.0,0.0016831873627990133,-1.0323926499999998,-10.4254775,2.0421341999999996,-1.8715164999999994,169.20454695,18.0,5.94090445,5.94090445,0.95,2.583690266418973,37.0,311.71045002,37.0,44.16688318,51.44942174999999,21.0,71.44560616098389,59.91154959685878,37.0
1588,j,capitals,39,state,Vermont,Montpelier,Burlington,What is the capital of Vermont?,The capital of Vermont is,0.0079,0.0444,5.620253165,True,critical,html-keyboard-response,79,135453,subject_2,67d993866d1d7516d87e97de,67db038c76da1142dd7558ab,0.014697232112292,0,right,-0.5275163418642028,2.8268120999999997,0.75283587,1.0,0.0034998085574806164,-0.637835275,-11.6183655,2.518385875,0.32600349999999967,158.75225502,18.0,2.6147142499999996,2.5662552499999993,0.44999999999999996,6.6844704108256,35.0,288.368095275,20.0,52.797800275,17.347483000000004,23.0,87.53368163162845,59.445257727624245,23.0
1366,f,capitals,12,state,Alabama,Montgomery,Birmingham,What is the capital of Alabama?,The capital of Alabama is,0.192,0.194,1.010416667,False,critical,html-keyboard-response,81,137836,subject_2,67d993866d1d7516d87e97de,67db038c76da1142dd7558ab,0.014697232112292,0,left,-0.8234053132617741,3.1154528,2.2013875499999997,1.0,0.003584966270478638,-0.7024276,-9.767927,3.1901363,-1.4417109999999997,171.89705985,16.0,5.234766799999999,5.234766799999999,0.725,8.879740567094881,31.0,283.66813919000003,20.0,35.182526159999995,72.3701839,11.0,72.1080126268425,56.93717089653546,31.0
3804,f,capitals,25,state,Minnesota,St. Paul,Minneapolis,What is the capital of Minnesota?,The capital of Minnesota is,0.299,0.421,1.408026756,False,critical,html-keyboard-response,83,142653,subject_2,67d993866d1d7516d87e97de,67db038c76da1142dd7558ab,0.014697232112292,0,left,2.426042039293536,3.58195065,1.6521141,1.0,0.017392619479733817,-1.4853812,-8.023998,2.1170464,1.1057884999999996,150.791991795,18.0,6.11360015,6.11360015,0.875,3.3354361793014986,36.5,291.73495485,35.0,30.489669350000007,37.57722344999999,35.0,64.16242236428235,64.57921294960164,35.0
1349,j,capitals,36,state,Pennsylvania,Harrisburg,Philadelphia,What is the capital of Pennsylvania?,The capital of Pennsylvania is,0.05,1.517,30.34,True,critical,html-keyboard-response,85,145019,subject_2,67d993866d1d7516d87e97de,67db038c76da1142dd7558ab,0.014697232112292,0,right,-0.8460634777381647,3.80286055,1.2945525999999998,1.0,0.005201455329470422,-0.971369375,-10.090643,2.9000446250000005,-0.7811735000000004,169.40291199,18.0,4.7394538,4.5681133,0.6625000000000001,12.812658898193753,26.5,280.7955821475,22.5,70.13658115249999,36.52358815000001,24.0,104.5548823855986,47.04693462155399,24.0
2061,f,capitals,31,state,New Mexico,Santa Fe,Albuquerque,What is the capital of New Mexico?,The capital of New Mexico is,0.0901,0.557,6.182019978,True,critical,html-keyboard-response,87,148081,subject_2,67d993866d1d7516d87e97de,67db038c76da1142dd7558ab,0.014697232112292,1,left,0.1029137638612531,3.0991414500000003,1.3244324,1.0,0.014238667183262301,-0.69803795,-9.098272999999999,2.46943,0.3069240000000004,166.6062263,18.0,5.093978,3.5249351500000006,0.525,8.033448780088444,31.0,260.480373305,20.0,49.826687745000015,48.39635365000001,19.0,84.180459503387,57.783921029115376,24.0
2544,j,capitals,9,country,Switzerland,Bern,Zurich,What is the capital of Switzerland?,The capital of Switzerland is,0.448,1.455,3.247767857,False,critical,html-keyboard-response,89,151634,subject_2,67d993866d1d7516d87e97de,67db038c76da1142dd7558ab,0.014697232112292,1,right,0.7466722016316448,4.1456575,2.41449345,0.5,0.0021505425701852632,-1.92965085,-10.040487,1.9507065,-3.461702700000001,159.68889725000002,14.0,4.6987805499999995,4.6987805499999995,0.725,3.5004306147470485,37.0,294.98176505000004,16.0,73.5494113,34.15059715,1.0,73.47320395691726,42.42957016076099,37.0
1623,f,capitals,22,state,Maine,Augusta,Portland,What is the capital of Maine?,The capital of Maine is,0.0192,0.0695,3.619791667,True,critical,html-keyboard-response,7,75290,subject_36,67d993866d1d7516d87e97de,67f558c441141b94709c0bf0,0.8243781496268796,1,left,-0.9518265029989436,3.7875023,2.4801948,1.0,0.0016831873627990133,-1.0323926499999998,-10.4254775,2.0421341999999996,-1.8715164999999994,169.20454695,18.0,5.94090445,5.94090445,0.95,2.583690266418973,37.0,311.71045002,37.0,44.16688318,51.44942174999999,21.0,71.44560616098389,59.91154959685878,37.0
2274,f,capitals,40,state,Virginia,Richmond,Virginia Beach,What is the capital of Virginia?,The capital of Virginia is,0.231,0.45,1.948051948,True,critical,html-keyboard-response,9,78581,subject_36,67d993866d1d7516d87e97de,67f558c441141b94709c0bf0,0.8243781496268796,1,left,0.1512013958311455,4.120711549999999,3.5882533,1.0,0.02312889812889813,-1.16916945,-6.914387700000001,2.59017605,0.19082209999999966,175.71893075000003,18.5,2.56121715,2.56121715,0.7,5.77276122250901,38.0,284.03714405,20.0,35.25386895,25.267003600000002,18.0,46.35421140072588,30.54006897158279,36.0
2874,j,capitals,34,state,North Dakota,Bismarck,Fargo,What is the capital of North Dakota?,The capital of North Dakota is,0.076,0.138,1.815789474,False,critical,html-keyboard-response,11,82470,subject_36,67d993866d1d7516d87e97de,67f558c441141b94709c0bf0,0.8243781496268796,1,right,1.167816970789753,3.1886295000000002,1.6228072999999998,1.0,0.04464285714285714,-0.8373848349999999,-6.98899085,3.346709315,2.0134886500000007,158.9716758025,18.0,1.0428039999999998,1.0428039999999998,0.425,10.24716289924514,32.5,181.48586626009998,20.0,91.95245258989999,1.3760648999999998,25.0,78.67897042291708,25.245962637347155,34.5
1434,j,capitals,38,state,Texas,Austin,Houston,What is the capital of Texas?,The capital of Texas is,0.989,2.324,2.349848332,True,critical,html-keyboard-response,13,84920,subject_36,67d993866d1d7516d87e97de,67f558c441141b94709c0bf0,0.8243781496268796,0,right,-1.272060409110905,2.7289062,3.68736335,1.0,0.08712121212121213,-0.506320885,-4.40157605,4.012876565,1.53352215,151.14799460999998,11.0,0.08562525000000054,0.08562525000000054,0.35,19.22278273641858,20.0,198.241569792,15.0,136.22196335799998,0.08562525000000054,10.5,81.3456051528303,15.975005422746095,35.0
1617,f,capitals,36,state,Pennsylvania,Harrisburg,Philadelphia,What is the capital of Pennsylvania?,The capital of Pennsylvania is,0.05,1.517,30.34,False,critical,html-keyboard-response,15,87550,subject_36,67d993866d1d7516d87e97de,67f558c441141b94709c0bf0,0.8243781496268796,0,left,-0.9619926587485296,3.80286055,1.2945525999999998,1.0,0.005201455329470422,-0.971369375,-10.090643,2.9000446250000005,-0.7811735000000004,169.40291199,18.0,4.7394538,4.5681133,0.6625000000000001,12.812658898193753,26.5,280.7955821475,22.5,70.13658115249999,36.52358815000001,24.0,104.5548823855986,47.04693462155399,24.0
1450,j,capitals,10,country,Turkey,Ankara,Istanbul,What is the capital of Turkey?,The capital of Turkey is,5.55,16.24,2.926126126,True,critical,html-keyboard-response,17,90014,subject_36,67d993866d1d7516d87e97de,67f558c441141b94709c0bf0,0.8243781496268796,0,right,-1.244950660445342,3.7206935999999997,3.6190253,1.0,0.0140625,-1.049432,-7.22749025,1.77928585,-1.0519376499999997,181.67489892999998,14.0,3.36303155,3.36303155,0.7875000000000001,7.10805059345744,34.0,232.28671097749998,0.0,68.73258667249999,23.91809185,34.0,109.98791459488866,68.21821684179301,34.0
2977,f,capitals,37,state,South Dakota,Pierre,Sioux Falls,What is the capital of South Dakota?,The capital of South Dakota is,0.0138,0.215,15.57971014,False,critical,html-keyboard-response,19,94010,subject_36,67d993866d1d7516d87e97de,67f558c441141b94709c0bf0,0.8243781496268796,0,left,1.342335977824314,3.88962435,1.9988037,1.0,0.006089036055923473,-1.041340035,-9.381435,2.440622765,3.5832957499999987,176.86631975,18.0,2.7437485000000006,2.3335944999999993,0.45,6.963136166388008,32.0,279.15120511,20.0,98.78975829,20.867091999999992,16.0,89.17083306707906,49.97454210007436,26.0
1990,j,capitals,12,state,Alabama,Montgomery,Birmingham,What is the capital of Alabama?,The capital of Alabama is,0.192,0.194,1.010416667,True,critical,html-keyboard-response,21,97012,subject_36,67d993866d1d7516d87e97de,67f558c441141b94709c0bf0,0.8243781496268796,0,right,-0.3299966429825953,3.1154528,2.2013875499999997,1.0,0.003584966270478638,-0.7024276,-9.767927,3.1901363,-1.4417109999999997,171.89705985,16.0,5.234766799999999,5.234766799999999,0.725,8.879740567094881,31.0,283.66813919000003,20.0,35.182526159999995,72.3701839,11.0,72.1080126268425,56.93717089653546,31.0
2478,j,capitals,17,state,Florida,Tallahassee,Jacksonville,What is the capital of Florida?,The capital of Florida is,0.205,1.008,4.917073171,True,critical,html-keyboard-response,23,100506,subject_36,67d993866d1d7516d87e97de,67f558c441141b94709c0bf0,0.8243781496268796,0,right,0.4968506913170721,3.563912,2.6319027999999998,1.0,0.008519591611479029,-0.95531795,-8.4452955,4.38171585,1.3466129999999996,162.1489442425,23.5,1.2571029,1.2571029,0.48750000000000004,9.093065063976583,33.0,222.1497324065,20.0,145.26711409350003,2.21744865,24.0,154.13877107879688,46.03097986487076,33.0
2587,j,capitals,1,country,Australia,Canberra,Sydney,What is the capital of Australia?,The capital of Australia is,0.483,5.249,10.86749482,True,critical,html-keyboard-response,25,104105,subject_36,67d993866d1d7516d87e97de,67f558c441141b94709c0bf0,0.8243781496268796,0,right,0.6815358541012191,2.91766655,1.443579,1.0,0.013910060975609756,-0.732931825,-9.718684,2.424576675,-3.10026675,135.81862900000002,16.0,4.71659925,4.71659925,0.7,13.549338958870404,26.5,205.0319132245,16.0,133.7638296255,27.787327949999998,27.0,115.01755520776328,61.294825054348195,27.0
1827,f,capitals,5,country,Morrocco,Rabat,Marrakesh,What is the capital of Morrocco?,The capital of Morrocco is,2.02,1.085,0.5371287129,True,critical,html-keyboard-response,27,106945,subject_36,67d993866d1d7516d87e97de,67f558c441141b94709c0bf0,0.8243781496268796,1,left,-0.606177207513017,4.06911815,3.926867,1.0,0.001930509063232023,-1.06717185,-9.534113999999999,2.73666185,-0.551412,192.02520429999998,22.5,5.353308500000001,3.0599705000000004,0.6125,7.031879522295083,33.0,303.121009725,22.5,42.028869125,59.422086599999986,14.5,71.26685811006843,54.04151717765417,23.0
2248,j,capitals,11,country,United Arab Emirates,Abu Dhabi,Dubai,What is the capital of the United Arab Emirates?,The capital of the United Arab Emirates is,1.6,3.1,1.9375,True,critical,html-keyboard-response,29,110207,subject_36,67d993866d1d7516d87e97de,67f558c441141b94709c0bf0,0.8243781496268796,0,right,0.1071480542496059,3.6339115499999997,2.33935815,1.0,0.00522367703218767,-1.0856354000000001,-9.346349,2.50591525,-0.6000735000000006,159.839143965,14.0,3.36275555,3.36275555,0.65,9.84413945872573,31.0,260.0233028075,0.0,72.79101454250001,22.182172549999997,33.0,96.97781470445022,51.8589082146157,33.0
1999,f,capitals,26,state,Montana,Helena,Billings,What is the capital of Montana?,The capital of Montana is,0.0359,0.123,3.426183844,True,critical,html-keyboard-response,31,113223,subject_36,67d993866d1d7516d87e97de,67f558c441141b94709c0bf0,0.8243781496268796,1,left,-0.3147474093582162,4.00716885,2.3871716000000003,1.0,0.0004472704898291971,-1.22599375,-12.036882250000001,2.2819052,-1.00467525,175.57409865,18.0,2.4909772499999994,2.1745497500000006,0.5875,6.831399328645267,33.0,299.00474067,20.0,76.68242387999999,24.127286050000002,24.0,98.87916742139757,43.100083383269855,28.5
2949,f,capitals,27,state,Nebraska,Lincoln,Omaha,What is the capital of Nebraska?,The capital of Nebraska is,0.297,0.477,1.606060606,False,critical,html-keyboard-response,33,117176,subject_36,67d993866d1d7516d87e97de,67f558c441141b94709c0bf0,0.8243781496268796,0,left,1.2948939176595788,3.40945435,2.88149385,1.0,0.002427404976322155,-0.90226395,-9.880027,1.9579811500000002,-0.6194575000000002,166.84559195,14.0,6.48387735,5.795127749999999,0.9875,3.0583791478084397,38.0,334.6421603,20.0,16.19795,78.670469,18.0,81.67707104491953,87.8184827648541,24.0
2241,j,capitals,35,state,Oregon,Salem,Portland,What is the capital of Oregon?,The capital of Oregon is,0.178,0.615,3.45505618,True,critical,html-keyboard-response,35,120430,subject_36,67d993866d1d7516d87e97de,67f558c441141b94709c0bf0,0.8243781496268796,0,right,0.0952875392084221,3.87003685,0.9559546750000001,1.0,0.02684931506849315,-1.33495845,-8.585685999999999,2.0863518,0.6543089999999996,153.11513470199998,18.0,4.49311111,4.49311111,0.6875,9.833651245669653,33.5,221.757705704,20.0,88.948261346,12.927848335,34.0,127.8462239789101,66.26897622229141,34.0
1933,f,capitals,33,state,North Carolina,Raleigh,Charlotte,What is the capital of North Carolina?,The capital of North Carolina is,0.494,0.935,1.892712551,False,critical,html-keyboard-response,37,123377,subject_36,67d993866d1d7516d87e97de,67f558c441141b94709c0bf0,0.8243781496268796,0,left,-0.426575122603663,3.9989741,1.4837299000000002,1.0,0.017565485362095533,-1.2707921500000001,-8.2403645,2.6944252,2.3565879999999995,167.86508935,18.0,1.4855458000000001,1.4855458000000001,0.7124999999999999,8.574116496188747,32.5,209.911716892,20.0,142.86702770799997,5.01324945,7.0,125.69617107504936,62.09856014494803,35.0
2003,f,capitals,3,country,Canada,Ottawa,Toronto,What is the capital of Canada?,The capital of Canada is,1.465,6.491,4.430716724,True,critical,html-keyboard-response,39,126395,subject_36,67d993866d1d7516d87e97de,67f558c441141b94709c0bf0,0.8243781496268796,1,left,-0.3079699721918255,3.41186485,1.57882065,1.0,0.09166666666666667,-0.8216695,-5.87537415,3.39860975,-1.0815602000000002,151.21389025500002,16.0,1.62056305,1.62056305,0.55,18.015003869553816,21.0,209.80200216699998,15.0,104.683861683,9.282030650000001,24.5,78.4247090436364,17.054693758663674,27.0
2090,f,capitals,23,state,Maryland,Annapolis,Baltimore,What is the capital of Maryland?,The capital of Maryland is,0.0403,0.553,13.72208437,False,critical,html-keyboard-response,41,129501,subject_36,67d993866d1d7516d87e97de,67f558c441141b94709c0bf0,0.8243781496268796,0,left,-0.1605607138228273,3.6610867999999996,1.99519565,1.0,0.007435328135488201,-1.006010815,-9.066941499999999,2.3947849850000003,-2.0526531999999995,171.39884055,18.0,5.272523,5.272523,0.7124999999999999,8.627807633730525,31.0,269.905489795,21.0,82.80523015499999,30.549259500000005,17.5,88.24512507064568,61.977535890917494,35.0
2912,f,capitals,39,state,Vermont,Montpelier,Burlington,What is the capital of Vermont?,The capital of Vermont is,0.0079,0.0444,5.620253165,False,critical,html-keyboard-response,43,133429,subject_36,67d993866d1d7516d87e97de,67f558c441141b94709c0bf0,0.8243781496268796,0,left,1.2322026238704649,2.8268120999999997,0.75283587,1.0,0.0034998085574806164,-0.637835275,-11.6183655,2.518385875,0.32600349999999967,158.75225502,18.0,2.6147142499999996,2.5662552499999993,0.44999999999999996,6.6844704108256,35.0,288.368095275,20.0,52.797800275,17.347483000000004,23.0,87.53368163162845,59.445257727624245,23.0
1488,f,capitals,41,state,Washington,Olympia,Seattle,What is the capital of Washington?,The capital of Washington is,0.0558,0.765,13.70967742,False,critical,html-keyboard-response,45,135932,subject_36,67d993866d1d7516d87e97de,67f558c441141b94709c0bf0,0.8243781496268796,0,left,-1.18056500736463,2.4590736499999997,3.76935035,1.0,0.018367961457392352,-0.44257853999999996,-7.3950467,3.85359726,-2.2241997000000007,144.06035742999998,23.0,4.896856099999999,4.896856099999999,0.6625000000000001,14.217480554285576,25.5,250.7986976015,25.0,103.96332209849999,33.6275834,16.0,99.67318648330391,49.08176857829807,25.0
2044,f,capitals,19,state,Kansas,Topeka,Wichita,What is the capital of Kansas?,The capital of Kansas is,0.125,0.395,3.16,False,critical,html-keyboard-response,47,138991,subject_36,67d993866d1d7516d87e97de,67f558c441141b94709c0bf0,0.8243781496268796,0,left,-0.2385012412363206,3.69316615,2.64080265,1.0,0.010417797069994574,-1.07303922,-8.168856,1.73419138,-0.5498905999999999,162.288778245,35.0,2.9706022499999998,1.7607325999999994,0.5625,10.046628532789011,33.0,233.6914373035,18.0,65.7761040965,17.125884900000003,35.0,90.36345231361148,54.06264558247349,35.0
3317,j,capitals,4,country,India,New Delhi,Mumbai,What is the capital of India?,The capital of India is,0.206,22.1,107.2815534,False,critical,html-keyboard-response,49,143320,subject_36,67d993866d1d7516d87e97de,67f558c441141b94709c0bf0,0.8243781496268796,1,right,1.9184181369675248,3.3890189,1.4282650000000001,1.0,0.06971153846153846,-1.1690336,-6.6849964,4.1036254,2.7211151000000005,151.45156923500002,14.0,2.3097963499999996,1.1339184999999992,0.425,9.901198823968304,30.0,227.81903473,16.0,94.28140192000001,13.430843800000002,8.0,81.85221999731655,37.65522312456052,32.0
2215,f,capitals,29,state,New Hampshire,Concord,Manchester,What is the capital of New Hampshire?,The capital of New Hampshire is,0.0449,0.115,2.561247216,False,critical,html-keyboard-response,51,146546,subject_36,67d993866d1d7516d87e97de,67f558c441141b94709c0bf0,0.8243781496268796,0,left,0.0512341976268824,3.8924572,2.5146651,1.0,0.00224755864290748,-1.1561135,-10.1354995,2.64535425,0.8996589999999998,168.00271485000002,18.0,0.0,0.0,0.025,8.377304174979542,32.5,253.08660677999998,20.0,138.81277821999998,0.0,27.0,98.10982957505266,32.00701641793163,32.0
4289,j,capitals,25,state,Minnesota,St. Paul,Minneapolis,What is the capital of Minnesota?,The capital of Minnesota is,0.299,0.421,1.408026756,True,critical,html-keyboard-response,53,151852,subject_36,67d993866d1d7516d87e97de,67f558c441141b94709c0bf0,0.8243781496268796,0,right,3.565335368400469,3.58195065,1.6521141,1.0,0.017392619479733817,-1.4853812,-8.023998,2.1170464,1.1057884999999996,150.791991795,18.0,6.11360015,6.11360015,0.875,3.3354361793014986,36.5,291.73495485,35.0,30.489669350000007,37.57722344999999,35.0,64.16242236428235,64.57921294960164,35.0
1473,f,capitals,21,state,Louisiana,Baton Rouge,New Orleans,What is the capital of Louisiana?,The capital of Louisiana is,0.215,0.351,1.63255814,False,critical,html-keyboard-response,55,154336,subject_36,67d993866d1d7516d87e97de,67f558c441141b94709c0bf0,0.8243781496268796,0,left,-1.2059803967385954,2.79039935,2.0269129,1.0,0.0034954039671020805,-0.60054295,-9.8353815,2.3737587500000004,-2.482563500000001,172.31991220000003,18.0,5.1981744999999995,3.793621,0.6875,7.716095282905707,34.5,282.68865437,20.0,29.084738729999994,68.09929645,24.5,62.8804213583455,54.76974795931437,27.0
1667,j,capitals,24,state,Michigan,Lansing,Detroit,What is the capital of Michigan?,The capital of Michigan is,0.112,0.63,5.625,True,critical,html-keyboard-response,57,157021,subject_36,67d993866d1d7516d87e97de,67f558c441141b94709c0bf0,0.8243781496268796,0,right,-0.8772746941686457,3.1715925,0.8199855199999999,1.0,0.020092460881934567,-0.8804468999999999,-8.9095815,2.08088635,-0.3318779999999997,162.992733545,18.0,2.8472903499999997,2.8472903499999997,0.7,7.4411319048798905,35.5,223.482275455,20.0,122.07790124499999,9.68996645,35.0,132.35050610599825,75.15181857684905,35.0
2580,j,capitals,30,state,New Jersey,Trenton,Newark,What is the capital of New Jersey?,The capital of New Jersey is,0.0898,0.306,3.407572383,True,critical,html-keyboard-response,59,160616,subject_36,67d993866d1d7516d87e97de,67f558c441141b94709c0bf0,0.8243781496268796,0,right,0.6696753390600354,3.3090056,1.82140345,1.0,0.0016363743403658628,-0.84072134,-10.924448,3.76701416,-4.2521546,156.04382572,18.0,6.901956650000001,6.901956650000001,0.725,8.925782555854742,34.5,273.68847277500004,22.0,47.345132775,80.49773385,24.5,88.88474869929352,60.16044669384837,28.5
1901,f,capitals,42,state,Wisconsin,Madison,Milwaukee,What is the capital of Wisconsin?,The capital of Wisconsin is,0.284,0.551,1.940140845,False,critical,html-keyboard-response,61,163535,subject_36,67d993866d1d7516d87e97de,67f558c441141b94709c0bf0,0.8243781496268796,0,left,-0.4807946199347887,3.13448335,2.23414315,1.0,0.006828316610925306,-0.760507775,-9.046759,3.316440125,1.0081592500000003,161.19694813,16.0,0.0,0.0,0.025,8.781973336626725,35.0,233.021284015,20.0,104.89291063499999,0.0,33.0,87.39257794461776,27.410622132151936,33.0
1909,j,capitals,31,state,New Mexico,Santa Fe,Albuquerque,What is the capital of New Mexico?,The capital of New Mexico is,0.0901,0.557,6.182019978,False,critical,html-keyboard-response,63,166458,subject_36,67d993866d1d7516d87e97de,67f558c441141b94709c0bf0,0.8243781496268796,1,right,-0.4672397456020073,3.0991414500000003,1.3244324,1.0,0.014238667183262301,-0.69803795,-9.098272999999999,2.46943,0.3069240000000004,166.6062263,18.0,5.093978,3.5249351500000006,0.525,8.033448780088444,31.0,260.480373305,20.0,49.826687745000015,48.39635365000001,19.0,84.180459503387,57.783921029115376,24.0
2528,j,capitals,2,country,Brazil,Brasilia,Rio de Janeiro,What is the capital of Brazil?,The capital of Brazil is,4.99,13.923,2.790180361,True,critical,html-keyboard-response,65,170002,subject_36,67d993866d1d7516d87e97de,67f558c441141b94709c0bf0,0.8243781496268796,0,right,0.581568655896956,2.0599417,0.8546364200000001,1.0,0.010916269887353384,-0.37423359,-9.777523500000001,3.12931296,0.3757585000000008,171.91224647,18.0,3.580388749999999,2.5741565,0.55,9.253846674396854,34.0,298.44019958,15.0,47.51553901999999,30.58541265,22.0,58.33967382007255,24.97507531677988,22.0
1563,j,capitals,8,country,South Africa,Pretoria,Johannesburg,What is the capital of South Africa?,The capital of South Africa is,3.0,6.4,2.133333333,True,critical,html-keyboard-response,67,172579,subject_36,67d993866d1d7516d87e97de,67f558c441141b94709c0bf0,0.8243781496268796,0,right,-1.0534880604948045,4.3614197,2.7407284,1.0,0.005607622617931896,-2.11893455,-8.995401000000001,2.2255171,-0.9749508000000002,168.89477075,14.0,4.743248,4.743248,0.8125,6.902744233458726,33.0,261.79318212500004,33.0,107.26548872500001,40.14546490000001,33.0,126.64268622248599,90.68654232034928,33.5
2190,f,capitals,18,state,Illinois,Springfield,Chicago,What is the capital of Illinois?,The capital of Illinois is,0.111,2.612,23.53153153,False,critical,html-keyboard-response,69,175779,subject_36,67d993866d1d7516d87e97de,67f558c441141b94709c0bf0,0.8243781496268796,0,left,0.0088752153369405,3.7229846,2.02082935,1.0,0.0037192282102461744,-1.0637694,-9.972052999999999,1.8728581000000002,-5.79218335,170.65176035000002,18.0,8.6360925,8.6360925,0.675,5.610516716755836,37.0,311.23248041500005,22.5,49.248491285,81.37087019,25.0,83.27137832278736,56.50312887381918,25.0
1314,j,capitals,14,state,California,Sacramento,Los Angeles,What is the capital of California?,The capital of California is,0.527,3.8,7.210626186,True,critical,html-keyboard-response,71,178110,subject_36,67d993866d1d7516d87e97de,67f558c441141b94709c0bf0,0.8243781496268796,0,right,-1.4753835241026263,2.8312225,3.369704,1.0,0.1,-0.63638328,-4.58591525,4.79400397,-0.5027754,142.854805135,14.5,5.676533999999999,5.419304,0.5875,18.10634188869909,22.0,220.35396464500002,17.5,113.277399355,50.27004185000001,25.5,97.10799675216575,25.585019619395112,25.0
2206,j,capitals,9,country,Switzerland,Bern,Zurich,What is the capital of Switzerland?,The capital of Switzerland is,0.448,1.455,3.247767857,True,critical,html-keyboard-response,73,181330,subject_36,67d993866d1d7516d87e97de,67f558c441141b94709c0bf0,0.8243781496268796,0,right,0.0359849640025033,4.1456575,2.41449345,0.5,0.0021505425701852632,-1.92965085,-10.040487,1.9507065,-3.461702700000001,159.68889725000002,14.0,4.6987805499999995,4.6987805499999995,0.725,3.5004306147470485,37.0,294.98176505000004,16.0,73.5494113,34.15059715,1.0,73.47320395691726,42.42957016076099,37.0
2148,j,capitals,16,state,Delaware,Dover,Wilmington,What is the capital of Delaware?,The capital of Delaware is,0.0403,0.0722,1.791563275,True,critical,html-keyboard-response,75,184481,subject_36,67d993866d1d7516d87e97de,67f558c441141b94709c0bf0,0.8243781496268796,0,right,-0.062287874910162,4.2341493,0.72218523,1.0,0.012666345999679333,-1.74989815,-9.680467,0.94623425,3.385187,168.90373542999998,18.0,0.0,0.0,0.025,6.774399509720723,34.0,229.367487715,20.0,115.99101648500002,0.0,34.5,110.70916324533087,58.08677270925415,34.5
2988,f,capitals,6,country,New Zealand,Wellington,Auckland,What is the capital of New Zealand?,The capital of New Zealand is,0.428,1.711,3.997663551,False,critical,html-keyboard-response,77,188485,subject_36,67d993866d1d7516d87e97de,67f558c441141b94709c0bf0,0.8243781496268796,0,left,1.3609739300318884,4.244933850000001,2.3052439,1.0,0.008300041328006613,-1.7685506,-8.672815499999999,2.1210044999999997,0.577696500000001,145.06194,14.0,4.1641122,4.1641122,0.5,13.508204608971669,26.0,251.64753062350002,26.0,86.95005627649999,49.788739050000004,26.0,100.41858076823004,69.00830151646427,29.0
2172,f,capitals,13,state,Alaska,Juneau,Anchorage,What is the capital of Alaska?,The capital of Alaska is,0.0311,0.283,9.099678457,False,critical,html-keyboard-response,79,191673,subject_36,67d993866d1d7516d87e97de,67f558c441141b94709c0bf0,0.8243781496268796,0,left,-0.0216232519118177,4.0331867,1.032167785,1.0,0.0012974288388852195,-1.38228545,-12.390654,1.9327201,-2.1549560000000003,158.058188835,18.0,4.9375237,4.9375237,0.9624999999999999,2.4642328656242176,37.0,348.27460882,33.0,8.84634368,72.57630929999998,37.0,50.961827169017766,61.5026154449013,37.0
2428,j,capitals,20,state,Kentucky,Frankfort,Louisville,What is the capital of Kentucky?,The capital of Kentucky is,0.0281,0.617,21.95729537,False,critical,html-keyboard-response,81,195112,subject_36,67d993866d1d7516d87e97de,67f558c441141b94709c0bf0,0.8243781496268796,1,right,0.4121327267371881,3.0547366,2.2666612,1.0,0.000659358843533807,-0.74241135,-11.6135325,2.1753297,-0.9483945,176.88001325,18.0,5.5287013,4.96804475,0.75,4.405366338069108,37.0,336.0411206,26.0,22.964224,60.86410575,26.0,72.27622371274914,51.10917786191476,26.0
2268,f,capitals,7,country,Pakistan,Islamabad,Karachi,What is the capital of Pakistan?,The capital of Pakistan is,1.3,18.1,13.92307692,True,critical,html-keyboard-response,83,198396,subject_36,67d993866d1d7516d87e97de,67f558c441141b94709c0bf0,0.8243781496268796,1,left,0.1410352400815595,3.8934075,2.6534792,1.0,0.0019266429313158284,-1.11515545,-10.314565,2.1734213999999996,-4.08459765,183.33887535,14.0,4.08459765,4.08459765,0.675,5.719409224572999,32.5,281.15069095,25.0,33.481899,38.1329444,25.0,81.74658055471438,60.49985834162654,25.0
1583,f,capitals,32,state,New York,Albany,New York,What is the capital of New York?,The capital of New York is,0.103,7.937,77.05825243,False,critical,html-keyboard-response,85,200995,subject_36,67d993866d1d7516d87e97de,67f558c441141b94709c0bf0,0.8243781496268796,0,left,-1.0196008746628509,2.31160665,4.8018915,1.0,0.07179487179487179,-0.40196120999999996,-4.7547025000000005,3.14106469,-1.30574515,164.00049312,18.0,4.1901697,3.862285,0.6875,15.47453789415244,25.5,229.375925891,15.0,53.021560058999995,59.8069269,27.0,75.81720478275057,45.627494070248844,27.0
2132,f,capitals,28,state,Nevada,Carson City,Las Vegas,What is the capital of Nevada?,The capital of Nevada is,0.0576,0.67,11.63194444,False,critical,html-keyboard-response,87,204142,subject_36,67d993866d1d7516d87e97de,67f558c441141b94709c0bf0,0.8243781496268796,0,left,-0.0893976235757248,3.21408655,2.2825403,1.0,0.009556159420289855,-0.7483732750000001,-8.5907935,3.2634109749999998,0.3897780000000006,154.31583923,24.0,0.6128969999999994,0.6128969999999994,0.46249999999999997,13.888110548784098,22.0,212.93093655299998,21.0,129.96025854700002,1.2335965999999998,27.5,151.10212968210539,49.69601040539513,33.0
1851,j,capitals,15,state,Connecticut,Hartford,Bridgeport,What is the capital of Connecticut?,The capital of Connecticut is,0.119,0.148,1.243697479,False,critical,html-keyboard-response,89,207010,subject_36,67d993866d1d7516d87e97de,67f558c441141b94709c0bf0,0.8243781496268796,1,right,-0.5655125845146727,4.152413,2.4941535000000004,1.0,0.012903762903762904,-1.2379590999999999,-8.185617,4.8248759,4.25825,176.1870492,16.0,0.7039874999999993,0.7039874999999993,0.3,12.984765384964998,24.0,278.35317808,20.0,187.17906882,0.754308,10.5,97.3336617897597,26.70347104409089,31.0
3618,f,capitals,31,state,New Mexico,Santa Fe,Albuquerque,What is the capital of New Mexico?,The capital of New Mexico is,0.0901,0.557,6.182019978,True,critical,html-keyboard-response,7,26053,subject_20,67d993866d1d7516d87e97de,67f550e142588c25dbb4316d,0.9282073277313146,1,left,-0.0680733954176317,3.0991414500000003,1.3244324,1.0,0.014238667183262301,-0.69803795,-9.098272999999999,2.46943,0.3069240000000004,166.6062263,18.0,5.093978,3.5249351500000006,0.525,8.033448780088444,31.0,260.480373305,20.0,49.826687745000015,48.39635365000001,19.0,84.180459503387,57.783921029115376,24.0
3875,j,capitals,17,state,Florida,Tallahassee,Jacksonville,What is the capital of Florida?,The capital of Florida is,0.205,1.008,4.917073171,False,critical,html-keyboard-response,9,30931,subject_20,67d993866d1d7516d87e97de,67f550e142588c25dbb4316d,0.9282073277313146,1,right,0.0277888655266496,3.563912,2.6319027999999998,1.0,0.008519591611479029,-0.95531795,-8.4452955,4.38171585,1.3466129999999996,162.1489442425,23.5,1.2571029,1.2571029,0.48750000000000004,9.093065063976583,33.0,222.1497324065,20.0,145.26711409350003,2.21744865,24.0,154.13877107879688,46.03097986487076,33.0
2953,j,capitals,37,state,South Dakota,Pierre,Sioux Falls,What is the capital of South Dakota?,The capital of South Dakota is,0.0138,0.215,15.57971014,False,critical,html-keyboard-response,11,34887,subject_20,67d993866d1d7516d87e97de,67f550e142588c25dbb4316d,0.9282073277313146,1,right,-0.3161216581722899,3.88962435,1.9988037,1.0,0.006089036055923473,-1.041340035,-9.381435,2.440622765,3.5832957499999987,176.86631975,18.0,2.7437485000000006,2.3335944999999993,0.45,6.963136166388008,32.0,279.15120511,20.0,98.78975829,20.867091999999992,16.0,89.17083306707906,49.97454210007436,26.0
1522,f,capitals,10,country,Turkey,Ankara,Istanbul,What is the capital of Turkey?,The capital of Turkey is,5.55,16.24,2.926126126,False,critical,html-keyboard-response,13,37413,subject_20,67d993866d1d7516d87e97de,67f550e142588c25dbb4316d,0.9282073277313146,0,left,-0.8498916792278023,3.7206935999999997,3.6190253,1.0,0.0140625,-1.049432,-7.22749025,1.77928585,-1.0519376499999997,181.67489892999998,14.0,3.36303155,3.36303155,0.7875000000000001,7.10805059345744,34.0,232.28671097749998,0.0,68.73258667249999,23.91809185,34.0,109.98791459488866,68.21821684179301,34.0
1996,f,capitals,22,state,Maine,Augusta,Portland,What is the capital of Maine?,The capital of Maine is,0.0192,0.0695,3.619791667,True,critical,html-keyboard-response,15,40412,subject_20,67d993866d1d7516d87e97de,67f550e142588c25dbb4316d,0.9282073277313146,1,left,-0.6730873535951587,3.7875023,2.4801948,1.0,0.0016831873627990133,-1.0323926499999998,-10.4254775,2.0421341999999996,-1.8715164999999994,169.20454695,18.0,5.94090445,5.94090445,0.95,2.583690266418973,37.0,311.71045002,37.0,44.16688318,51.44942174999999,21.0,71.44560616098389,59.91154959685878,37.0
6508,f,capitals,4,country,India,New Delhi,Mumbai,What is the capital of India?,The capital of India is,0.206,22.1,107.2815534,True,critical,html-keyboard-response,17,47923,subject_20,67d993866d1d7516d87e97de,67f550e142588c25dbb4316d,0.9282073277313146,1,left,1.0099107840725363,3.3890189,1.4282650000000001,1.0,0.06971153846153846,-1.1690336,-6.6849964,4.1036254,2.7211151000000005,151.45156923500002,14.0,2.3097963499999996,1.1339184999999992,0.425,9.901198823968304,30.0,227.81903473,16.0,94.28140192000001,13.430843800000002,8.0,81.85221999731655,37.65522312456052,32.0
3189,f,capitals,15,state,Connecticut,Hartford,Bridgeport,What is the capital of Connecticut?,The capital of Connecticut is,0.119,0.148,1.243697479,True,critical,html-keyboard-response,19,52115,subject_20,67d993866d1d7516d87e97de,67f550e142588c25dbb4316d,0.9282073277313146,1,left,-0.228092500262366,4.152413,2.4941535000000004,1.0,0.012903762903762904,-1.2379590999999999,-8.185617,4.8248759,4.25825,176.1870492,16.0,0.7039874999999993,0.7039874999999993,0.3,12.984765384964998,24.0,278.35317808,20.0,187.17906882,0.754308,10.5,97.3336617897597,26.70347104409089,31.0
3195,f,capitals,38,state,Texas,Austin,Houston,What is the capital of Texas?,The capital of Texas is,0.989,2.324,2.349848332,True,critical,html-keyboard-response,21,56314,subject_20,67d993866d1d7516d87e97de,67f550e142588c25dbb4316d,0.9282073277313146,1,left,-0.2258544708239782,2.7289062,3.68736335,1.0,0.08712121212121213,-0.506320885,-4.40157605,4.012876565,1.53352215,151.14799460999998,11.0,0.08562525000000054,0.08562525000000054,0.35,19.22278273641858,20.0,198.241569792,15.0,136.22196335799998,0.08562525000000054,10.5,81.3456051528303,15.975005422746095,35.0
2016,j,capitals,5,country,Morrocco,Rabat,Marrakesh,What is the capital of Morrocco?,The capital of Morrocco is,2.02,1.085,0.5371287129,True,critical,html-keyboard-response,23,59332,subject_20,67d993866d1d7516d87e97de,67f550e142588c25dbb4316d,0.9282073277313146,0,right,-0.6656272554671991,4.06911815,3.926867,1.0,0.001930509063232023,-1.06717185,-9.534113999999999,2.73666185,-0.551412,192.02520429999998,22.5,5.353308500000001,3.0599705000000004,0.6125,7.031879522295083,33.0,303.121009725,22.5,42.028869125,59.422086599999986,14.5,71.26685811006843,54.04151717765417,23.0
3151,f,capitals,42,state,Wisconsin,Madison,Milwaukee,What is the capital of Wisconsin?,The capital of Wisconsin is,0.284,0.551,1.940140845,True,critical,html-keyboard-response,25,63486,subject_20,67d993866d1d7516d87e97de,67f550e142588c25dbb4316d,0.9282073277313146,1,left,-0.2422666867054894,3.13448335,2.23414315,1.0,0.006828316610925306,-0.760507775,-9.046759,3.316440125,1.0081592500000003,161.19694813,16.0,0.0,0.0,0.025,8.781973336626725,35.0,233.021284015,20.0,104.89291063499999,0.0,33.0,87.39257794461776,27.410622132151936,33.0
4415,j,capitals,41,state,Washington,Olympia,Seattle,What is the capital of Washington?,The capital of Washington is,0.0558,0.765,13.70967742,False,critical,html-keyboard-response,27,68905,subject_20,67d993866d1d7516d87e97de,67f550e142588c25dbb4316d,0.9282073277313146,1,right,0.22921151498156,2.4590736499999997,3.76935035,1.0,0.018367961457392352,-0.44257853999999996,-7.3950467,3.85359726,-2.2241997000000007,144.06035742999998,23.0,4.896856099999999,4.896856099999999,0.6625000000000001,14.217480554285576,25.5,250.7986976015,25.0,103.96332209849999,33.6275834,16.0,99.67318648330391,49.08176857829807,25.0
2322,j,capitals,21,state,Louisiana,Baton Rouge,New Orleans,What is the capital of Louisiana?,The capital of Louisiana is,0.215,0.351,1.63255814,False,critical,html-keyboard-response,29,72230,subject_20,67d993866d1d7516d87e97de,67f550e142588c25dbb4316d,0.9282073277313146,1,right,-0.5514877541094165,2.79039935,2.0269129,1.0,0.0034954039671020805,-0.60054295,-9.8353815,2.3737587500000004,-2.482563500000001,172.31991220000003,18.0,5.1981744999999995,3.793621,0.6875,7.716095282905707,34.5,282.68865437,20.0,29.084738729999994,68.09929645,24.5,62.8804213583455,54.76974795931437,27.0
4194,j,capitals,34,state,North Dakota,Bismarck,Fargo,What is the capital of North Dakota?,The capital of North Dakota is,0.076,0.138,1.815789474,False,critical,html-keyboard-response,31,77427,subject_20,67d993866d1d7516d87e97de,67f550e142588c25dbb4316d,0.9282073277313146,1,right,0.1467774306676059,3.1886295000000002,1.6228072999999998,1.0,0.04464285714285714,-0.8373848349999999,-6.98899085,3.346709315,2.0134886500000007,158.9716758025,18.0,1.0428039999999998,1.0428039999999998,0.425,10.24716289924514,32.5,181.48586626009998,20.0,91.95245258989999,1.3760648999999998,25.0,78.67897042291708,25.245962637347155,34.5
8364,j,capitals,26,state,Montana,Helena,Billings,What is the capital of Montana?,The capital of Montana is,0.0359,0.123,3.426183844,True,critical,html-keyboard-response,33,86795,subject_20,67d993866d1d7516d87e97de,67f550e142588c25dbb4316d,0.9282073277313146,0,right,1.7022078903471916,4.00716885,2.3871716000000003,1.0,0.0004472704898291971,-1.22599375,-12.036882250000001,2.2819052,-1.00467525,175.57409865,18.0,2.4909772499999994,2.1745497500000006,0.5875,6.831399328645267,33.0,299.00474067,20.0,76.68242387999999,24.127286050000002,24.0,98.87916742139757,43.100083383269855,28.5
3487,j,capitals,18,state,Illinois,Springfield,Chicago,What is the capital of Illinois?,The capital of Illinois is,0.111,2.612,23.53153153,False,critical,html-keyboard-response,35,91286,subject_20,67d993866d1d7516d87e97de,67f550e142588c25dbb4316d,0.9282073277313146,1,right,-0.1169370381557673,3.7229846,2.02082935,1.0,0.0037192282102461744,-1.0637694,-9.972052999999999,1.8728581000000002,-5.79218335,170.65176035000002,18.0,8.6360925,8.6360925,0.675,5.610516716755836,37.0,311.23248041500005,22.5,49.248491285,81.37087019,25.0,83.27137832278736,56.50312887381918,25.0
1553,j,capitals,8,country,South Africa,Pretoria,Johannesburg,What is the capital of South Africa?,The capital of South Africa is,3.0,6.4,2.133333333,False,critical,html-keyboard-response,37,93842,subject_20,67d993866d1d7516d87e97de,67f550e142588c25dbb4316d,0.9282073277313146,1,right,-0.8383285271294648,4.3614197,2.7407284,1.0,0.005607622617931896,-2.11893455,-8.995401000000001,2.2255171,-0.9749508000000002,168.89477075,14.0,4.743248,4.743248,0.8125,6.902744233458726,33.0,261.79318212500004,33.0,107.26548872500001,40.14546490000001,33.0,126.64268622248599,90.68654232034928,33.5
5887,f,capitals,27,state,Nebraska,Lincoln,Omaha,What is the capital of Nebraska?,The capital of Nebraska is,0.297,0.477,1.606060606,True,critical,html-keyboard-response,39,100733,subject_20,67d993866d1d7516d87e97de,67f550e142588c25dbb4316d,0.9282073277313146,1,left,0.7782747371993897,3.40945435,2.88149385,1.0,0.002427404976322155,-0.90226395,-9.880027,1.9579811500000002,-0.6194575000000002,166.84559195,14.0,6.48387735,5.795127749999999,0.9875,3.0583791478084397,38.0,334.6421603,20.0,16.19795,78.670469,18.0,81.67707104491953,87.8184827648541,24.0
10325,j,capitals,12,state,Alabama,Montgomery,Birmingham,What is the capital of Alabama?,The capital of Alabama is,0.192,0.194,1.010416667,False,critical,html-keyboard-response,41,112061,subject_20,67d993866d1d7516d87e97de,67f550e142588c25dbb4316d,0.9282073277313146,1,right,2.4336705117936344,3.1154528,2.2013875499999997,1.0,0.003584966270478638,-0.7024276,-9.767927,3.1901363,-1.4417109999999997,171.89705985,16.0,5.234766799999999,5.234766799999999,0.725,8.879740567094881,31.0,283.66813919000003,20.0,35.182526159999995,72.3701839,11.0,72.1080126268425,56.93717089653546,31.0
1870,j,capitals,2,country,Brazil,Brasilia,Rio de Janeiro,What is the capital of Brazil?,The capital of Brazil is,4.99,13.923,2.790180361,True,critical,html-keyboard-response,43,114935,subject_20,67d993866d1d7516d87e97de,67f550e142588c25dbb4316d,0.9282073277313146,0,right,-0.7200859718013045,2.0599417,0.8546364200000001,1.0,0.010916269887353384,-0.37423359,-9.777523500000001,3.12931296,0.3757585000000008,171.91224647,18.0,3.580388749999999,2.5741565,0.55,9.253846674396854,34.0,298.44019958,15.0,47.51553901999999,30.58541265,22.0,58.33967382007255,24.97507531677988,22.0
3929,f,capitals,29,state,New Hampshire,Concord,Manchester,What is the capital of New Hampshire?,The capital of New Hampshire is,0.0449,0.115,2.561247216,True,critical,html-keyboard-response,45,119867,subject_20,67d993866d1d7516d87e97de,67f550e142588c25dbb4316d,0.9282073277313146,1,left,0.0479311304721407,3.8924572,2.5146651,1.0,0.00224755864290748,-1.1561135,-10.1354995,2.64535425,0.8996589999999998,168.00271485000002,18.0,0.0,0.0,0.025,8.377304174979542,32.5,253.08660677999998,20.0,138.81277821999998,0.0,27.0,98.10982957505266,32.00701641793163,32.0
4321,j,capitals,39,state,Vermont,Montpelier,Burlington,What is the capital of Vermont?,The capital of Vermont is,0.0079,0.0444,5.620253165,False,critical,html-keyboard-response,47,125192,subject_20,67d993866d1d7516d87e97de,67f550e142588c25dbb4316d,0.9282073277313146,1,right,0.1941490537801497,2.8268120999999997,0.75283587,1.0,0.0034998085574806164,-0.637835275,-11.6183655,2.518385875,0.32600349999999967,158.75225502,18.0,2.6147142499999996,2.5662552499999993,0.44999999999999996,6.6844704108256,35.0,288.368095275,20.0,52.797800275,17.347483000000004,23.0,87.53368163162845,59.445257727624245,23.0
3340,f,capitals,23,state,Maryland,Annapolis,Baltimore,What is the capital of Maryland?,The capital of Maryland is,0.0403,0.553,13.72208437,True,critical,html-keyboard-response,49,129535,subject_20,67d993866d1d7516d87e97de,67f550e142588c25dbb4316d,0.9282073277313146,1,left,-0.1717687593962707,3.6610867999999996,1.99519565,1.0,0.007435328135488201,-1.006010815,-9.066941499999999,2.3947849850000003,-2.0526531999999995,171.39884055,18.0,5.272523,5.272523,0.7124999999999999,8.627807633730525,31.0,269.905489795,21.0,82.80523015499999,30.549259500000005,17.5,88.24512507064568,61.977535890917494,35.0
1773,f,capitals,14,state,California,Sacramento,Los Angeles,What is the capital of California?,The capital of California is,0.527,3.8,7.210626186,True,critical,html-keyboard-response,51,132311,subject_20,67d993866d1d7516d87e97de,67f550e142588c25dbb4316d,0.9282073277313146,1,left,-0.7562674477219088,2.8312225,3.369704,1.0,0.1,-0.63638328,-4.58591525,4.79400397,-0.5027754,142.854805135,14.5,5.676533999999999,5.419304,0.5875,18.10634188869909,22.0,220.35396464500002,17.5,113.277399355,50.27004185000001,25.5,97.10799675216575,25.585019619395112,25.0
2534,f,capitals,7,country,Pakistan,Islamabad,Karachi,What is the capital of Pakistan?,The capital of Pakistan is,1.3,18.1,13.92307692,False,critical,html-keyboard-response,53,135848,subject_20,67d993866d1d7516d87e97de,67f550e142588c25dbb4316d,0.9282073277313146,0,left,-0.4724107139530443,3.8934075,2.6534792,1.0,0.0019266429313158284,-1.11515545,-10.314565,2.1734213999999996,-4.08459765,183.33887535,14.0,4.08459765,4.08459765,0.675,5.719409224572999,32.5,281.15069095,25.0,33.481899,38.1329444,25.0,81.74658055471438,60.49985834162654,25.0
2588,j,capitals,20,state,Kentucky,Frankfort,Louisville,What is the capital of Kentucky?,The capital of Kentucky is,0.0281,0.617,21.95729537,False,critical,html-keyboard-response,55,139438,subject_20,67d993866d1d7516d87e97de,67f550e142588c25dbb4316d,0.9282073277313146,1,right,-0.4522684490075533,3.0547366,2.2666612,1.0,0.000659358843533807,-0.74241135,-11.6135325,2.1753297,-0.9483945,176.88001325,18.0,5.5287013,4.96804475,0.75,4.405366338069108,37.0,336.0411206,26.0,22.964224,60.86410575,26.0,72.27622371274914,51.10917786191476,26.0
1857,j,capitals,40,state,Virginia,Richmond,Virginia Beach,What is the capital of Virginia?,The capital of Virginia is,0.231,0.45,1.948051948,False,critical,html-keyboard-response,57,142298,subject_20,67d993866d1d7516d87e97de,67f550e142588c25dbb4316d,0.9282073277313146,1,right,-0.7249350355844782,4.120711549999999,3.5882533,1.0,0.02312889812889813,-1.16916945,-6.914387700000001,2.59017605,0.19082209999999966,175.71893075000003,18.5,2.56121715,2.56121715,0.7,5.77276122250901,38.0,284.03714405,20.0,35.25386895,25.267003600000002,18.0,46.35421140072588,30.54006897158279,36.0
11385,j,capitals,33,state,North Carolina,Raleigh,Charlotte,What is the capital of North Carolina?,The capital of North Carolina is,0.494,0.935,1.892712551,False,critical,html-keyboard-response,59,154686,subject_20,67d993866d1d7516d87e97de,67f550e142588c25dbb4316d,0.9282073277313146,1,right,2.8290557125754954,3.9989741,1.4837299000000002,1.0,0.017565485362095533,-1.2707921500000001,-8.2403645,2.6944252,2.3565879999999995,167.86508935,18.0,1.4855458000000001,1.4855458000000001,0.7124999999999999,8.574116496188747,32.5,209.911716892,20.0,142.86702770799997,5.01324945,7.0,125.69617107504936,62.09856014494803,35.0
1900,f,capitals,36,state,Pennsylvania,Harrisburg,Philadelphia,What is the capital of Pennsylvania?,The capital of Pennsylvania is,0.05,1.517,30.34,True,critical,html-keyboard-response,61,157589,subject_20,67d993866d1d7516d87e97de,67f550e142588c25dbb4316d,0.9282073277313146,1,left,-0.7088958246093651,3.80286055,1.2945525999999998,1.0,0.005201455329470422,-0.971369375,-10.090643,2.9000446250000005,-0.7811735000000004,169.40291199,18.0,4.7394538,4.5681133,0.6625000000000001,12.812658898193753,26.5,280.7955821475,22.5,70.13658115249999,36.52358815000001,24.0,104.5548823855986,47.04693462155399,24.0
1848,f,capitals,11,country,United Arab Emirates,Abu Dhabi,Dubai,What is the capital of the United Arab Emirates?,The capital of the United Arab Emirates is,1.6,3.1,1.9375,True,critical,html-keyboard-response,63,160440,subject_20,67d993866d1d7516d87e97de,67f550e142588c25dbb4316d,0.9282073277313146,1,left,-0.7282920797420601,3.6339115499999997,2.33935815,1.0,0.00522367703218767,-1.0856354000000001,-9.346349,2.50591525,-0.6000735000000006,159.839143965,14.0,3.36275555,3.36275555,0.65,9.84413945872573,31.0,260.0233028075,0.0,72.79101454250001,22.182172549999997,33.0,96.97781470445022,51.8589082146157,33.0
3269,f,capitals,1,country,Australia,Canberra,Sydney,What is the capital of Australia?,The capital of Australia is,0.483,5.249,10.86749482,False,critical,html-keyboard-response,65,164713,subject_20,67d993866d1d7516d87e97de,67f550e142588c25dbb4316d,0.9282073277313146,0,left,-0.1982521077505275,2.91766655,1.443579,1.0,0.013910060975609756,-0.732931825,-9.718684,2.424576675,-3.10026675,135.81862900000002,16.0,4.71659925,4.71659925,0.7,13.549338958870404,26.5,205.0319132245,16.0,133.7638296255,27.787327949999998,27.0,115.01755520776328,61.294825054348195,27.0
12433,j,capitals,3,country,Canada,Ottawa,Toronto,What is the capital of Canada?,The capital of Canada is,1.465,6.491,4.430716724,False,critical,html-keyboard-response,67,178149,subject_20,67d993866d1d7516d87e97de,67f550e142588c25dbb4316d,0.9282073277313146,1,right,3.219964854480581,3.41186485,1.57882065,1.0,0.09166666666666667,-0.8216695,-5.87537415,3.39860975,-1.0815602000000002,151.21389025500002,16.0,1.62056305,1.62056305,0.55,18.015003869553816,21.0,209.80200216699998,15.0,104.683861683,9.282030650000001,24.5,78.4247090436364,17.054693758663674,27.0
1652,f,capitals,32,state,New York,Albany,New York,What is the capital of New York?,The capital of New York is,0.103,7.937,77.05825243,True,critical,html-keyboard-response,69,180802,subject_20,67d993866d1d7516d87e97de,67f550e142588c25dbb4316d,0.9282073277313146,1,left,-0.8014010413960646,2.31160665,4.8018915,1.0,0.07179487179487179,-0.40196120999999996,-4.7547025000000005,3.14106469,-1.30574515,164.00049312,18.0,4.1901697,3.862285,0.6875,15.47453789415244,25.5,229.375925891,15.0,53.021560058999995,59.8069269,27.0,75.81720478275057,45.627494070248844,27.0
1618,j,capitals,6,country,New Zealand,Wellington,Auckland,What is the capital of New Zealand?,The capital of New Zealand is,0.428,1.711,3.997663551,False,critical,html-keyboard-response,71,183423,subject_20,67d993866d1d7516d87e97de,67f550e142588c25dbb4316d,0.9282073277313146,1,right,-0.814083208213596,4.244933850000001,2.3052439,1.0,0.008300041328006613,-1.7685506,-8.672815499999999,2.1210044999999997,0.577696500000001,145.06194,14.0,4.1641122,4.1641122,0.5,13.508204608971669,26.0,251.64753062350002,26.0,86.95005627649999,49.788739050000004,26.0,100.41858076823004,69.00830151646427,29.0
1511,j,capitals,19,state,Kansas,Topeka,Wichita,What is the capital of Kansas?,The capital of Kansas is,0.125,0.395,3.16,False,critical,html-keyboard-response,73,185937,subject_20,67d993866d1d7516d87e97de,67f550e142588c25dbb4316d,0.9282073277313146,1,right,-0.8539947331981801,3.69316615,2.64080265,1.0,0.010417797069994574,-1.07303922,-8.168856,1.73419138,-0.5498905999999999,162.288778245,35.0,2.9706022499999998,1.7607325999999994,0.5625,10.046628532789011,33.0,233.6914373035,18.0,65.7761040965,17.125884900000003,35.0,90.36345231361148,54.06264558247349,35.0
2780,j,capitals,16,state,Delaware,Dover,Wilmington,What is the capital of Delaware?,The capital of Delaware is,0.0403,0.0722,1.791563275,True,critical,html-keyboard-response,75,189719,subject_20,67d993866d1d7516d87e97de,67f550e142588c25dbb4316d,0.9282073277313146,0,right,-0.3806515069791407,4.2341493,0.72218523,1.0,0.012666345999679333,-1.74989815,-9.680467,0.94623425,3.385187,168.90373542999998,18.0,0.0,0.0,0.025,6.774399509720723,34.0,229.367487715,20.0,115.99101648500002,0.0,34.5,110.70916324533087,58.08677270925415,34.5
5258,f,capitals,13,state,Alaska,Juneau,Anchorage,What is the capital of Alaska?,The capital of Alaska is,0.0311,0.283,9.099678457,True,critical,html-keyboard-response,77,195978,subject_20,67d993866d1d7516d87e97de,67f550e142588c25dbb4316d,0.9282073277313146,1,left,0.543654651075059,4.0331867,1.032167785,1.0,0.0012974288388852195,-1.38228545,-12.390654,1.9327201,-2.1549560000000003,158.058188835,18.0,4.9375237,4.9375237,0.9624999999999999,2.4642328656242176,37.0,348.27460882,33.0,8.84634368,72.57630929999998,37.0,50.961827169017766,61.5026154449013,37.0
7734,f,capitals,30,state,New Jersey,Trenton,Newark,What is the capital of New Jersey?,The capital of New Jersey is,0.0898,0.306,3.407572383,True,critical,html-keyboard-response,79,204715,subject_20,67d993866d1d7516d87e97de,67f550e142588c25dbb4316d,0.9282073277313146,1,left,1.4672147993164628,3.3090056,1.82140345,1.0,0.0016363743403658628,-0.84072134,-10.924448,3.76701416,-4.2521546,156.04382572,18.0,6.901956650000001,6.901956650000001,0.725,8.925782555854742,34.5,273.68847277500004,22.0,47.345132775,80.49773385,24.5,88.88474869929352,60.16044669384837,28.5
1511,j,capitals,24,state,Michigan,Lansing,Detroit,What is the capital of Michigan?,The capital of Michigan is,0.112,0.63,5.625,False,critical,html-keyboard-response,81,207228,subject_20,67d993866d1d7516d87e97de,67f550e142588c25dbb4316d,0.9282073277313146,1,right,-0.8539947331981801,3.1715925,0.8199855199999999,1.0,0.020092460881934567,-0.8804468999999999,-8.9095815,2.08088635,-0.3318779999999997,162.992733545,18.0,2.8472903499999997,2.8472903499999997,0.7,7.4411319048798905,35.5,223.482275455,20.0,122.07790124499999,9.68996645,35.0,132.35050610599825,75.15181857684905,35.0
2831,j,capitals,25,state,Minnesota,St. Paul,Minneapolis,What is the capital of Minnesota?,The capital of Minnesota is,0.299,0.421,1.408026756,False,critical,html-keyboard-response,83,211062,subject_20,67d993866d1d7516d87e97de,67f550e142588c25dbb4316d,0.9282073277313146,1,right,-0.3616282567528436,3.58195065,1.6521141,1.0,0.017392619479733817,-1.4853812,-8.023998,2.1170464,1.1057884999999996,150.791991795,18.0,6.11360015,6.11360015,0.875,3.3354361793014986,36.5,291.73495485,35.0,30.489669350000007,37.57722344999999,35.0,64.16242236428235,64.57921294960164,35.0
2614,f,capitals,28,state,Nevada,Carson City,Las Vegas,What is the capital of Nevada?,The capital of Nevada is,0.0576,0.67,11.63194444,True,critical,html-keyboard-response,85,214679,subject_20,67d993866d1d7516d87e97de,67f550e142588c25dbb4316d,0.9282073277313146,1,left,-0.4425703214412058,3.21408655,2.2825403,1.0,0.009556159420289855,-0.7483732750000001,-8.5907935,3.2634109749999998,0.3897780000000006,154.31583923,24.0,0.6128969999999994,0.6128969999999994,0.46249999999999997,13.888110548784098,22.0,212.93093655299998,21.0,129.96025854700002,1.2335965999999998,27.5,151.10212968210539,49.69601040539513,33.0
4192,f,capitals,35,state,Oregon,Salem,Portland,What is the capital of Oregon?,The capital of Oregon is,0.178,0.615,3.45505618,True,critical,html-keyboard-response,87,219874,subject_20,67d993866d1d7516d87e97de,67f550e142588c25dbb4316d,0.9282073277313146,1,left,0.14603142085481,3.87003685,0.9559546750000001,1.0,0.02684931506849315,-1.33495845,-8.585685999999999,2.0863518,0.6543089999999996,153.11513470199998,18.0,4.49311111,4.49311111,0.6875,9.833651245669653,33.5,221.757705704,20.0,88.948261346,12.927848335,34.0,127.8462239789101,66.26897622229141,34.0
2303,j,capitals,9,country,Switzerland,Bern,Zurich,What is the capital of Switzerland?,The capital of Switzerland is,0.448,1.455,3.247767857,False,critical,html-keyboard-response,89,223180,subject_20,67d993866d1d7516d87e97de,67f550e142588c25dbb4316d,0.9282073277313146,1,right,-0.5585748473309783,4.1456575,2.41449345,0.5,0.0021505425701852632,-1.92965085,-10.040487,1.9507065,-3.461702700000001,159.68889725000002,14.0,4.6987805499999995,4.6987805499999995,0.725,3.5004306147470485,37.0,294.98176505000004,16.0,73.5494113,34.15059715,1.0,73.47320395691726,42.42957016076099,37.0
2137,f,capitals,28,state,Nevada,Carson City,Las Vegas,What is the capital of Nevada?,The capital of Nevada is,0.0576,0.67,11.63194444,True,critical,html-keyboard-response,7,114102,subject_8,67d993866d1d7516d87e97de,67dafe9cb85ca12096b1842e,0.2612460665735832,1,left,-0.4284466426291408,3.21408655,2.2825403,1.0,0.009556159420289855,-0.7483732750000001,-8.5907935,3.2634109749999998,0.3897780000000006,154.31583923,24.0,0.6128969999999994,0.6128969999999994,0.46249999999999997,13.888110548784098,22.0,212.93093655299998,21.0,129.96025854700002,1.2335965999999998,27.5,151.10212968210539,49.69601040539513,33.0
1207,j,capitals,38,state,Texas,Austin,Houston,What is the capital of Texas?,The capital of Texas is,0.989,2.324,2.349848332,False,critical,html-keyboard-response,9,116314,subject_8,67d993866d1d7516d87e97de,67dafe9cb85ca12096b1842e,0.2612460665735832,1,right,-1.4091736621494315,2.7289062,3.68736335,1.0,0.08712121212121213,-0.506320885,-4.40157605,4.012876565,1.53352215,151.14799460999998,11.0,0.08562525000000054,0.08562525000000054,0.35,19.22278273641858,20.0,198.241569792,15.0,136.22196335799998,0.08562525000000054,10.5,81.3456051528303,15.975005422746095,35.0
1985,f,capitals,10,country,Turkey,Ankara,Istanbul,What is the capital of Turkey?,The capital of Turkey is,5.55,16.24,2.926126126,False,critical,html-keyboard-response,11,119308,subject_8,67d993866d1d7516d87e97de,67dafe9cb85ca12096b1842e,0.2612460665735832,0,left,-0.588737510335683,3.7206935999999997,3.6190253,1.0,0.0140625,-1.049432,-7.22749025,1.77928585,-1.0519376499999997,181.67489892999998,14.0,3.36303155,3.36303155,0.7875000000000001,7.10805059345744,34.0,232.28671097749998,0.0,68.73258667249999,23.91809185,34.0,109.98791459488866,68.21821684179301,34.0
2866,j,capitals,8,country,South Africa,Pretoria,Johannesburg,What is the capital of South Africa?,The capital of South Africa is,3.0,6.4,2.133333333,True,critical,html-keyboard-response,13,123186,subject_8,67d993866d1d7516d87e97de,67dafe9cb85ca12096b1842e,0.2612460665735832,0,right,0.3403167952528936,4.3614197,2.7407284,1.0,0.005607622617931896,-2.11893455,-8.995401000000001,2.2255171,-0.9749508000000002,168.89477075,14.0,4.743248,4.743248,0.8125,6.902744233458726,33.0,261.79318212500004,33.0,107.26548872500001,40.14546490000001,33.0,126.64268622248599,90.68654232034928,33.5
2620,j,capitals,2,country,Brazil,Brasilia,Rio de Janeiro,What is the capital of Brazil?,The capital of Brazil is,4.99,13.923,2.790180361,False,critical,html-keyboard-response,15,126815,subject_8,67d993866d1d7516d87e97de,67dafe9cb85ca12096b1842e,0.2612460665735832,1,right,0.0808986804120425,2.0599417,0.8546364200000001,1.0,0.010916269887353384,-0.37423359,-9.777523500000001,3.12931296,0.3757585000000008,171.91224647,18.0,3.580388749999999,2.5741565,0.55,9.253846674396854,34.0,298.44019958,15.0,47.51553901999999,30.58541265,22.0,58.33967382007255,24.97507531677988,22.0
2137,f,capitals,24,state,Michigan,Lansing,Detroit,What is the capital of Michigan?,The capital of Michigan is,0.112,0.63,5.625,True,critical,html-keyboard-response,17,129956,subject_8,67d993866d1d7516d87e97de,67dafe9cb85ca12096b1842e,0.2612460665735832,1,left,-0.4284466426291408,3.1715925,0.8199855199999999,1.0,0.020092460881934567,-0.8804468999999999,-8.9095815,2.08088635,-0.3318779999999997,162.992733545,18.0,2.8472903499999997,2.8472903499999997,0.7,7.4411319048798905,35.5,223.482275455,20.0,122.07790124499999,9.68996645,35.0,132.35050610599825,75.15181857684905,35.0
2256,f,capitals,16,state,Delaware,Dover,Wilmington,What is the capital of Delaware?,The capital of Delaware is,0.0403,0.0722,1.791563275,True,critical,html-keyboard-response,19,133226,subject_8,67d993866d1d7516d87e97de,67dafe9cb85ca12096b1842e,0.2612460665735832,1,left,-0.3029557659378348,4.2341493,0.72218523,1.0,0.012666345999679333,-1.74989815,-9.680467,0.94623425,3.385187,168.90373542999998,18.0,0.0,0.0,0.025,6.774399509720723,34.0,229.367487715,20.0,115.99101648500002,0.0,34.5,110.70916324533087,58.08677270925415,34.5
2593,f,capitals,37,state,South Dakota,Pierre,Sioux Falls,What is the capital of South Dakota?,The capital of South Dakota is,0.0138,0.215,15.57971014,False,critical,html-keyboard-response,21,136834,subject_8,67d993866d1d7516d87e97de,67dafe9cb85ca12096b1842e,0.2612460665735832,0,left,0.0524259604904856,3.88962435,1.9988037,1.0,0.006089036055923473,-1.041340035,-9.381435,2.440622765,3.5832957499999987,176.86631975,18.0,2.7437485000000006,2.3335944999999993,0.45,6.963136166388008,32.0,279.15120511,20.0,98.78975829,20.867091999999992,16.0,89.17083306707906,49.97454210007436,26.0
3203,j,capitals,11,country,United Arab Emirates,Abu Dhabi,Dubai,What is the capital of the United Arab Emirates?,The capital of the United Arab Emirates is,1.6,3.1,1.9375,True,critical,html-keyboard-response,23,141051,subject_8,67d993866d1d7516d87e97de,67dafe9cb85ca12096b1842e,0.2612460665735832,0,right,0.695698521681214,3.6339115499999997,2.33935815,1.0,0.00522367703218767,-1.0856354000000001,-9.346349,2.50591525,-0.6000735000000006,159.839143965,14.0,3.36275555,3.36275555,0.65,9.84413945872573,31.0,260.0233028075,0.0,72.79101454250001,22.182172549999997,33.0,96.97781470445022,51.8589082146157,33.0
3664,f,capitals,18,state,Illinois,Springfield,Chicago,What is the capital of Illinois?,The capital of Illinois is,0.111,2.612,23.53153153,False,critical,html-keyboard-response,25,145730,subject_8,67d993866d1d7516d87e97de,67dafe9cb85ca12096b1842e,0.2612460665735832,0,left,1.18184385071224,3.7229846,2.02082935,1.0,0.0037192282102461744,-1.0637694,-9.972052999999999,1.8728581000000002,-5.79218335,170.65176035000002,18.0,8.6360925,8.6360925,0.675,5.610516716755836,37.0,311.23248041500005,22.5,49.248491285,81.37087019,25.0,83.27137832278736,56.50312887381918,25.0
2353,j,capitals,5,country,Morrocco,Rabat,Marrakesh,What is the capital of Morrocco?,The capital of Morrocco is,2.02,1.085,0.5371287129,True,critical,html-keyboard-response,27,149101,subject_8,67d993866d1d7516d87e97de,67dafe9cb85ca12096b1842e,0.2612460665735832,0,right,-0.2006648832566861,4.06911815,3.926867,1.0,0.001930509063232023,-1.06717185,-9.534113999999999,2.73666185,-0.551412,192.02520429999998,22.5,5.353308500000001,3.0599705000000004,0.6125,7.031879522295083,33.0,303.121009725,22.5,42.028869125,59.422086599999986,14.5,71.26685811006843,54.04151717765417,23.0
2320,j,capitals,40,state,Virginia,Richmond,Virginia Beach,What is the capital of Virginia?,The capital of Virginia is,0.231,0.45,1.948051948,False,critical,html-keyboard-response,29,152429,subject_8,67d993866d1d7516d87e97de,67dafe9cb85ca12096b1842e,0.2612460665735832,1,right,-0.2354648742719222,4.120711549999999,3.5882533,1.0,0.02312889812889813,-1.16916945,-6.914387700000001,2.59017605,0.19082209999999966,175.71893075000003,18.5,2.56121715,2.56121715,0.7,5.77276122250901,38.0,284.03714405,20.0,35.25386895,25.267003600000002,18.0,46.35421140072588,30.54006897158279,36.0
1643,f,capitals,30,state,New Jersey,Trenton,Newark,What is the capital of New Jersey?,The capital of New Jersey is,0.0898,0.306,3.407572383,False,critical,html-keyboard-response,31,155089,subject_8,67d993866d1d7516d87e97de,67dafe9cb85ca12096b1842e,0.2612460665735832,0,left,-0.9493919626754028,3.3090056,1.82140345,1.0,0.0016363743403658628,-0.84072134,-10.924448,3.76701416,-4.2521546,156.04382572,18.0,6.901956650000001,6.901956650000001,0.725,8.925782555854742,34.5,273.68847277500004,22.0,47.345132775,80.49773385,24.5,88.88474869929352,60.16044669384837,28.5
2340,j,capitals,7,country,Pakistan,Islamabad,Karachi,What is the capital of Pakistan?,The capital of Pakistan is,1.3,18.1,13.92307692,True,critical,html-keyboard-response,33,158435,subject_8,67d993866d1d7516d87e97de,67dafe9cb85ca12096b1842e,0.2612460665735832,0,right,-0.2143739706263246,3.8934075,2.6534792,1.0,0.0019266429313158284,-1.11515545,-10.314565,2.1734213999999996,-4.08459765,183.33887535,14.0,4.08459765,4.08459765,0.675,5.719409224572999,32.5,281.15069095,25.0,33.481899,38.1329444,25.0,81.74658055471438,60.49985834162654,25.0
2023,j,capitals,6,country,New Zealand,Wellington,Auckland,What is the capital of New Zealand?,The capital of New Zealand is,0.428,1.711,3.997663551,False,critical,html-keyboard-response,35,161468,subject_8,67d993866d1d7516d87e97de,67dafe9cb85ca12096b1842e,0.2612460665735832,1,right,-0.5486647934090474,4.244933850000001,2.3052439,1.0,0.008300041328006613,-1.7685506,-8.672815499999999,2.1210044999999997,0.577696500000001,145.06194,14.0,4.1641122,4.1641122,0.5,13.508204608971669,26.0,251.64753062350002,26.0,86.95005627649999,49.788739050000004,26.0,100.41858076823004,69.00830151646427,29.0
2622,f,capitals,14,state,California,Sacramento,Los Angeles,What is the capital of California?,The capital of California is,0.527,3.8,7.210626186,True,critical,html-keyboard-response,37,165106,subject_8,67d993866d1d7516d87e97de,67dafe9cb85ca12096b1842e,0.2612460665735832,1,left,0.0830077707766022,2.8312225,3.369704,1.0,0.1,-0.63638328,-4.58591525,4.79400397,-0.5027754,142.854805135,14.5,5.676533999999999,5.419304,0.5875,18.10634188869909,22.0,220.35396464500002,17.5,113.277399355,50.27004185000001,25.5,97.10799675216575,25.585019619395112,25.0
4943,f,capitals,27,state,Nebraska,Lincoln,Omaha,What is the capital of Nebraska?,The capital of Nebraska is,0.297,0.477,1.606060606,False,critical,html-keyboard-response,39,171065,subject_8,67d993866d1d7516d87e97de,67dafe9cb85ca12096b1842e,0.2612460665735832,0,left,2.5306071388482096,3.40945435,2.88149385,1.0,0.002427404976322155,-0.90226395,-9.880027,1.9579811500000002,-0.6194575000000002,166.84559195,14.0,6.48387735,5.795127749999999,0.9875,3.0583791478084397,38.0,334.6421603,20.0,16.19795,78.670469,18.0,81.67707104491953,87.8184827648541,24.0
1937,j,capitals,34,state,North Dakota,Bismarck,Fargo,What is the capital of North Dakota?,The capital of North Dakota is,0.076,0.138,1.815789474,False,critical,html-keyboard-response,41,174010,subject_8,67d993866d1d7516d87e97de,67dafe9cb85ca12096b1842e,0.2612460665735832,1,right,-0.6393556790851174,3.1886295000000002,1.6228072999999998,1.0,0.04464285714285714,-0.8373848349999999,-6.98899085,3.346709315,2.0134886500000007,158.9716758025,18.0,1.0428039999999998,1.0428039999999998,0.425,10.24716289924514,32.5,181.48586626009998,20.0,91.95245258989999,1.3760648999999998,25.0,78.67897042291708,25.245962637347155,34.5
2373,j,capitals,36,state,Pennsylvania,Harrisburg,Philadelphia,What is the capital of Pennsylvania?,The capital of Pennsylvania is,0.05,1.517,30.34,True,critical,html-keyboard-response,43,177397,subject_8,67d993866d1d7516d87e97de,67dafe9cb85ca12096b1842e,0.2612460665735832,0,right,-0.1795739796110885,3.80286055,1.2945525999999998,1.0,0.005201455329470422,-0.971369375,-10.090643,2.9000446250000005,-0.7811735000000004,169.40291199,18.0,4.7394538,4.5681133,0.6625000000000001,12.812658898193753,26.5,280.7955821475,22.5,70.13658115249999,36.52358815000001,24.0,104.5548823855986,47.04693462155399,24.0
5310,f,capitals,41,state,Washington,Olympia,Seattle,What is the capital of Washington?,The capital of Washington is,0.0558,0.765,13.70967742,True,critical,html-keyboard-response,45,183711,subject_8,67d993866d1d7516d87e97de,67dafe9cb85ca12096b1842e,0.2612460665735832,1,left,2.917625220744927,2.4590736499999997,3.76935035,1.0,0.018367961457392352,-0.44257853999999996,-7.3950467,3.85359726,-2.2241997000000007,144.06035742999998,23.0,4.896856099999999,4.896856099999999,0.6625000000000001,14.217480554285576,25.5,250.7986976015,25.0,103.96332209849999,33.6275834,16.0,99.67318648330391,49.08176857829807,25.0
1481,f,capitals,32,state,New York,Albany,New York,What is the capital of New York?,The capital of New York is,0.103,7.937,77.05825243,True,critical,html-keyboard-response,47,186202,subject_8,67d993866d1d7516d87e97de,67dafe9cb85ca12096b1842e,0.2612460665735832,1,left,-1.1202282822047438,2.31160665,4.8018915,1.0,0.07179487179487179,-0.40196120999999996,-4.7547025000000005,3.14106469,-1.30574515,164.00049312,18.0,4.1901697,3.862285,0.6875,15.47453789415244,25.5,229.375925891,15.0,53.021560058999995,59.8069269,27.0,75.81720478275057,45.627494070248844,27.0
3211,j,capitals,23,state,Maryland,Annapolis,Baltimore,What is the capital of Maryland?,The capital of Maryland is,0.0403,0.553,13.72208437,False,critical,html-keyboard-response,49,190424,subject_8,67d993866d1d7516d87e97de,67dafe9cb85ca12096b1842e,0.2612460665735832,1,right,0.7041348831394532,3.6610867999999996,1.99519565,1.0,0.007435328135488201,-1.006010815,-9.066941499999999,2.3947849850000003,-2.0526531999999995,171.39884055,18.0,5.272523,5.272523,0.7124999999999999,8.627807633730525,31.0,269.905489795,21.0,82.80523015499999,30.549259500000005,17.5,88.24512507064568,61.977535890917494,35.0
1980,f,capitals,20,state,Kentucky,Frankfort,Louisville,What is the capital of Kentucky?,The capital of Kentucky is,0.0281,0.617,21.95729537,False,critical,html-keyboard-response,51,193416,subject_8,67d993866d1d7516d87e97de,67dafe9cb85ca12096b1842e,0.2612460665735832,0,left,-0.5940102362470824,3.0547366,2.2666612,1.0,0.000659358843533807,-0.74241135,-11.6135325,2.1753297,-0.9483945,176.88001325,18.0,5.5287013,4.96804475,0.75,4.405366338069108,37.0,336.0411206,26.0,22.964224,60.86410575,26.0,72.27622371274914,51.10917786191476,26.0
2485,f,capitals,31,state,New Mexico,Santa Fe,Albuquerque,What is the capital of New Mexico?,The capital of New Mexico is,0.0901,0.557,6.182019978,True,critical,html-keyboard-response,53,196914,subject_8,67d993866d1d7516d87e97de,67dafe9cb85ca12096b1842e,0.2612460665735832,1,left,-0.0614649191957416,3.0991414500000003,1.3244324,1.0,0.014238667183262301,-0.69803795,-9.098272999999999,2.46943,0.3069240000000004,166.6062263,18.0,5.093978,3.5249351500000006,0.525,8.033448780088444,31.0,260.480373305,20.0,49.826687745000015,48.39635365000001,19.0,84.180459503387,57.783921029115376,24.0
3412,j,capitals,29,state,New Hampshire,Concord,Manchester,What is the capital of New Hampshire?,The capital of New Hampshire is,0.0449,0.115,2.561247216,False,critical,html-keyboard-response,55,201344,subject_8,67d993866d1d7516d87e97de,67dafe9cb85ca12096b1842e,0.2612460665735832,1,right,0.9160984647777096,3.8924572,2.5146651,1.0,0.00224755864290748,-1.1561135,-10.1354995,2.64535425,0.8996589999999998,168.00271485000002,18.0,0.0,0.0,0.025,8.377304174979542,32.5,253.08660677999998,20.0,138.81277821999998,0.0,27.0,98.10982957505266,32.00701641793163,32.0
2173,j,capitals,26,state,Montana,Helena,Billings,What is the capital of Montana?,The capital of Montana is,0.0359,0.123,3.426183844,True,critical,html-keyboard-response,57,204522,subject_8,67d993866d1d7516d87e97de,67dafe9cb85ca12096b1842e,0.2612460665735832,0,right,-0.390483016067065,4.00716885,2.3871716000000003,1.0,0.0004472704898291971,-1.22599375,-12.036882250000001,2.2819052,-1.00467525,175.57409865,18.0,2.4909772499999994,2.1745497500000006,0.5875,6.831399328645267,33.0,299.00474067,20.0,76.68242387999999,24.127286050000002,24.0,98.87916742139757,43.100083383269855,28.5
3599,j,capitals,19,state,Kansas,Topeka,Wichita,What is the capital of Kansas?,The capital of Kansas is,0.125,0.395,3.16,False,critical,html-keyboard-response,59,209136,subject_8,67d993866d1d7516d87e97de,67dafe9cb85ca12096b1842e,0.2612460665735832,1,right,1.1132984138640476,3.69316615,2.64080265,1.0,0.010417797069994574,-1.07303922,-8.168856,1.73419138,-0.5498905999999999,162.288778245,35.0,2.9706022499999998,1.7607325999999994,0.5625,10.046628532789011,33.0,233.6914373035,18.0,65.7761040965,17.125884900000003,35.0,90.36345231361148,54.06264558247349,35.0
2135,j,capitals,22,state,Maine,Augusta,Portland,What is the capital of Maine?,The capital of Maine is,0.0192,0.0695,3.619791667,True,critical,html-keyboard-response,61,212282,subject_8,67d993866d1d7516d87e97de,67dafe9cb85ca12096b1842e,0.2612460665735832,0,right,-0.4305557329937006,3.7875023,2.4801948,1.0,0.0016831873627990133,-1.0323926499999998,-10.4254775,2.0421341999999996,-1.8715164999999994,169.20454695,18.0,5.94090445,5.94090445,0.95,2.583690266418973,37.0,311.71045002,37.0,44.16688318,51.44942174999999,21.0,71.44560616098389,59.91154959685878,37.0
1944,f,capitals,9,country,Switzerland,Bern,Zurich,What is the capital of Switzerland?,The capital of Switzerland is,0.448,1.455,3.247767857,False,critical,html-keyboard-response,63,215244,subject_8,67d993866d1d7516d87e97de,67dafe9cb85ca12096b1842e,0.2612460665735832,0,left,-0.6319738628091581,4.1456575,2.41449345,0.5,0.0021505425701852632,-1.92965085,-10.040487,1.9507065,-3.461702700000001,159.68889725000002,14.0,4.6987805499999995,4.6987805499999995,0.725,3.5004306147470485,37.0,294.98176505000004,16.0,73.5494113,34.15059715,1.0,73.47320395691726,42.42957016076099,37.0
1890,f,capitals,25,state,Minnesota,St. Paul,Minneapolis,What is the capital of Minnesota?,The capital of Minnesota is,0.299,0.421,1.408026756,False,critical,html-keyboard-response,65,218143,subject_8,67d993866d1d7516d87e97de,67dafe9cb85ca12096b1842e,0.2612460665735832,0,left,-0.6889193026522719,3.58195065,1.6521141,1.0,0.017392619479733817,-1.4853812,-8.023998,2.1170464,1.1057884999999996,150.791991795,18.0,6.11360015,6.11360015,0.875,3.3354361793014986,36.5,291.73495485,35.0,30.489669350000007,37.57722344999999,35.0,64.16242236428235,64.57921294960164,35.0
1764,j,capitals,4,country,India,New Delhi,Mumbai,What is the capital of India?,The capital of India is,0.206,22.1,107.2815534,False,critical,html-keyboard-response,67,220920,subject_8,67d993866d1d7516d87e97de,67dafe9cb85ca12096b1842e,0.2612460665735832,1,right,-0.821791995619537,3.3890189,1.4282650000000001,1.0,0.06971153846153846,-1.1690336,-6.6849964,4.1036254,2.7211151000000005,151.45156923500002,14.0,2.3097963499999996,1.1339184999999992,0.425,9.901198823968304,30.0,227.81903473,16.0,94.28140192000001,13.430843800000002,8.0,81.85221999731655,37.65522312456052,32.0
1364,f,capitals,1,country,Australia,Canberra,Sydney,What is the capital of Australia?,The capital of Australia is,0.483,5.249,10.86749482,False,critical,html-keyboard-response,69,223302,subject_8,67d993866d1d7516d87e97de,67dafe9cb85ca12096b1842e,0.2612460665735832,0,left,-1.24361006853149,2.91766655,1.443579,1.0,0.013910060975609756,-0.732931825,-9.718684,2.424576675,-3.10026675,135.81862900000002,16.0,4.71659925,4.71659925,0.7,13.549338958870404,26.5,205.0319132245,16.0,133.7638296255,27.787327949999998,27.0,115.01755520776328,61.294825054348195,27.0
1713,f,capitals,17,state,Florida,Tallahassee,Jacksonville,What is the capital of Florida?,The capital of Florida is,0.205,1.008,4.917073171,True,critical,html-keyboard-response,71,226024,subject_8,67d993866d1d7516d87e97de,67dafe9cb85ca12096b1842e,0.2612460665735832,1,left,-0.8755737999158111,3.563912,2.6319027999999998,1.0,0.008519591611479029,-0.95531795,-8.4452955,4.38171585,1.3466129999999996,162.1489442425,23.5,1.2571029,1.2571029,0.48750000000000004,9.093065063976583,33.0,222.1497324065,20.0,145.26711409350003,2.21744865,24.0,154.13877107879688,46.03097986487076,33.0
1364,f,capitals,15,state,Connecticut,Hartford,Bridgeport,What is the capital of Connecticut?,The capital of Connecticut is,0.119,0.148,1.243697479,True,critical,html-keyboard-response,73,228393,subject_8,67d993866d1d7516d87e97de,67dafe9cb85ca12096b1842e,0.2612460665735832,1,left,-1.24361006853149,4.152413,2.4941535000000004,1.0,0.012903762903762904,-1.2379590999999999,-8.185617,4.8248759,4.25825,176.1870492,16.0,0.7039874999999993,0.7039874999999993,0.3,12.984765384964998,24.0,278.35317808,20.0,187.17906882,0.754308,10.5,97.3336617897597,26.70347104409089,31.0
4802,j,capitals,42,state,Wisconsin,Madison,Milwaukee,What is the capital of Wisconsin?,The capital of Wisconsin is,0.284,0.551,1.940140845,False,critical,html-keyboard-response,75,234200,subject_8,67d993866d1d7516d87e97de,67dafe9cb85ca12096b1842e,0.2612460665735832,1,right,2.3819162681467465,3.13448335,2.23414315,1.0,0.006828316610925306,-0.760507775,-9.046759,3.316440125,1.0081592500000003,161.19694813,16.0,0.0,0.0,0.025,8.781973336626725,35.0,233.021284015,20.0,104.89291063499999,0.0,33.0,87.39257794461776,27.410622132151936,33.0
2772,f,capitals,21,state,Louisiana,Baton Rouge,New Orleans,What is the capital of Louisiana?,The capital of Louisiana is,0.215,0.351,1.63255814,True,critical,html-keyboard-response,77,237978,subject_8,67d993866d1d7516d87e97de,67dafe9cb85ca12096b1842e,0.2612460665735832,1,left,0.2411895481185846,2.79039935,2.0269129,1.0,0.0034954039671020805,-0.60054295,-9.8353815,2.3737587500000004,-2.482563500000001,172.31991220000003,18.0,5.1981744999999995,3.793621,0.6875,7.716095282905707,34.5,282.68865437,20.0,29.084738729999994,68.09929645,24.5,62.8804213583455,54.76974795931437,27.0
2291,f,capitals,35,state,Oregon,Salem,Portland,What is the capital of Oregon?,The capital of Oregon is,0.178,0.615,3.45505618,False,critical,html-keyboard-response,79,241282,subject_8,67d993866d1d7516d87e97de,67dafe9cb85ca12096b1842e,0.2612460665735832,0,left,-0.2660466845580388,3.87003685,0.9559546750000001,1.0,0.02684931506849315,-1.33495845,-8.585685999999999,2.0863518,0.6543089999999996,153.11513470199998,18.0,4.49311111,4.49311111,0.6875,9.833651245669653,33.5,221.757705704,20.0,88.948261346,12.927848335,34.0,127.8462239789101,66.26897622229141,34.0
3966,j,capitals,12,state,Alabama,Montgomery,Birmingham,What is the capital of Alabama?,The capital of Alabama is,0.192,0.194,1.010416667,True,critical,html-keyboard-response,81,246257,subject_8,67d993866d1d7516d87e97de,67dafe9cb85ca12096b1842e,0.2612460665735832,0,right,1.5003164957607644,3.1154528,2.2013875499999997,1.0,0.003584966270478638,-0.7024276,-9.767927,3.1901363,-1.4417109999999997,171.89705985,16.0,5.234766799999999,5.234766799999999,0.725,8.879740567094881,31.0,283.66813919000003,20.0,35.182526159999995,72.3701839,11.0,72.1080126268425,56.93717089653546,31.0
3203,j,capitals,33,state,North Carolina,Raleigh,Charlotte,What is the capital of North Carolina?,The capital of North Carolina is,0.494,0.935,1.892712551,True,critical,html-keyboard-response,83,250476,subject_8,67d993866d1d7516d87e97de,67dafe9cb85ca12096b1842e,0.2612460665735832,0,right,0.695698521681214,3.9989741,1.4837299000000002,1.0,0.017565485362095533,-1.2707921500000001,-8.2403645,2.6944252,2.3565879999999995,167.86508935,18.0,1.4855458000000001,1.4855458000000001,0.7124999999999999,8.574116496188747,32.5,209.911716892,20.0,142.86702770799997,5.01324945,7.0,125.69617107504936,62.09856014494803,35.0
2589,f,capitals,3,country,Canada,Ottawa,Toronto,What is the capital of Canada?,The capital of Canada is,1.465,6.491,4.430716724,True,critical,html-keyboard-response,85,254074,subject_8,67d993866d1d7516d87e97de,67dafe9cb85ca12096b1842e,0.2612460665735832,1,left,0.0482077797613661,3.41186485,1.57882065,1.0,0.09166666666666667,-0.8216695,-5.87537415,3.39860975,-1.0815602000000002,151.21389025500002,16.0,1.62056305,1.62056305,0.55,18.015003869553816,21.0,209.80200216699998,15.0,104.683861683,9.282030650000001,24.5,78.4247090436364,17.054693758663674,27.0
1585,j,capitals,13,state,Alaska,Juneau,Anchorage,What is the capital of Alaska?,The capital of Alaska is,0.0311,0.283,9.099678457,False,critical,html-keyboard-response,87,256672,subject_8,67d993866d1d7516d87e97de,67dafe9cb85ca12096b1842e,0.2612460665735832,1,right,-1.010555583247636,4.0331867,1.032167785,1.0,0.0012974288388852195,-1.38228545,-12.390654,1.9327201,-2.1549560000000003,158.058188835,18.0,4.9375237,4.9375237,0.9624999999999999,2.4642328656242176,37.0,348.27460882,33.0,8.84634368,72.57630929999998,37.0,50.961827169017766,61.5026154449013,37.0
2563,j,capitals,39,state,Vermont,Montpelier,Burlington,What is the capital of Vermont?,The capital of Vermont is,0.0079,0.0444,5.620253165,True,critical,html-keyboard-response,89,260243,subject_8,67d993866d1d7516d87e97de,67dafe9cb85ca12096b1842e,0.2612460665735832,0,right,0.0207896050220891,2.8268120999999997,0.75283587,1.0,0.0034998085574806164,-0.637835275,-11.6183655,2.518385875,0.32600349999999967,158.75225502,18.0,2.6147142499999996,2.5662552499999993,0.44999999999999996,6.6844704108256,35.0,288.368095275,20.0,52.797800275,17.347483000000004,23.0,87.53368163162845,59.445257727624245,23.0
3259,j,capitals,4,country,India,New Delhi,Mumbai,What is the capital of India?,The capital of India is,0.206,22.1,107.2815534,False,critical,html-keyboard-response,7,25607,subject_19,67d993866d1d7516d87e97de,67f554a334e6b49976b7f0b8,0.632225210767262,1,right,0.8791172653096657,3.3890189,1.4282650000000001,1.0,0.06971153846153846,-1.1690336,-6.6849964,4.1036254,2.7211151000000005,151.45156923500002,14.0,2.3097963499999996,1.1339184999999992,0.425,9.901198823968304,30.0,227.81903473,16.0,94.28140192000001,13.430843800000002,8.0,81.85221999731655,37.65522312456052,32.0
3596,f,capitals,33,state,North Carolina,Raleigh,Charlotte,What is the capital of North Carolina?,The capital of North Carolina is,0.494,0.935,1.892712551,False,critical,html-keyboard-response,9,30211,subject_19,67d993866d1d7516d87e97de,67f554a334e6b49976b7f0b8,0.632225210767262,0,left,1.1723842707350354,3.9989741,1.4837299000000002,1.0,0.017565485362095533,-1.2707921500000001,-8.2403645,2.6944252,2.3565879999999995,167.86508935,18.0,1.4855458000000001,1.4855458000000001,0.7124999999999999,8.574116496188747,32.5,209.911716892,20.0,142.86702770799997,5.01324945,7.0,125.69617107504936,62.09856014494803,35.0
3764,j,capitals,25,state,Minnesota,St. Paul,Minneapolis,What is the capital of Minnesota?,The capital of Minnesota is,0.299,0.421,1.408026756,False,critical,html-keyboard-response,11,34976,subject_19,67d993866d1d7516d87e97de,67f554a334e6b49976b7f0b8,0.632225210767262,1,right,1.3185826591963472,3.58195065,1.6521141,1.0,0.017392619479733817,-1.4853812,-8.023998,2.1170464,1.1057884999999996,150.791991795,18.0,6.11360015,6.11360015,0.875,3.3354361793014986,36.5,291.73495485,35.0,30.489669350000007,37.57722344999999,35.0,64.16242236428235,64.57921294960164,35.0
1534,j,capitals,39,state,Vermont,Montpelier,Burlington,What is the capital of Vermont?,The capital of Vermont is,0.0079,0.0444,5.620253165,False,critical,html-keyboard-response,13,37522,subject_19,67d993866d1d7516d87e97de,67f554a334e6b49976b7f0b8,0.632225210767262,1,right,-0.6220269019270185,2.8268120999999997,0.75283587,1.0,0.0034998085574806164,-0.637835275,-11.6183655,2.518385875,0.32600349999999967,158.75225502,18.0,2.6147142499999996,2.5662552499999993,0.44999999999999996,6.6844704108256,35.0,288.368095275,20.0,52.797800275,17.347483000000004,23.0,87.53368163162845,59.445257727624245,23.0
2567,f,capitals,17,state,Florida,Tallahassee,Jacksonville,What is the capital of Florida?,The capital of Florida is,0.205,1.008,4.917073171,True,critical,html-keyboard-response,15,41098,subject_19,67d993866d1d7516d87e97de,67f554a334e6b49976b7f0b8,0.632225210767262,1,left,0.2769191414095002,3.563912,2.6319027999999998,1.0,0.008519591611479029,-0.95531795,-8.4452955,4.38171585,1.3466129999999996,162.1489442425,23.5,1.2571029,1.2571029,0.48750000000000004,9.093065063976583,33.0,222.1497324065,20.0,145.26711409350003,2.21744865,24.0,154.13877107879688,46.03097986487076,33.0
2563,f,capitals,28,state,Nevada,Carson City,Las Vegas,What is the capital of Nevada?,The capital of Nevada is,0.0576,0.67,11.63194444,True,critical,html-keyboard-response,17,44669,subject_19,67d993866d1d7516d87e97de,67f554a334e6b49976b7f0b8,0.632225210767262,1,left,0.2734382273985166,3.21408655,2.2825403,1.0,0.009556159420289855,-0.7483732750000001,-8.5907935,3.2634109749999998,0.3897780000000006,154.31583923,24.0,0.6128969999999994,0.6128969999999994,0.46249999999999997,13.888110548784098,22.0,212.93093655299998,21.0,129.96025854700002,1.2335965999999998,27.5,151.10212968210539,49.69601040539513,33.0
1442,j,capitals,10,country,Turkey,Ankara,Istanbul,What is the capital of Turkey?,The capital of Turkey is,5.55,16.24,2.926126126,True,critical,html-keyboard-response,19,47119,subject_19,67d993866d1d7516d87e97de,67f554a334e6b49976b7f0b8,0.632225210767262,0,right,-0.7020879241796417,3.7206935999999997,3.6190253,1.0,0.0140625,-1.049432,-7.22749025,1.77928585,-1.0519376499999997,181.67489892999998,14.0,3.36303155,3.36303155,0.7875000000000001,7.10805059345744,34.0,232.28671097749998,0.0,68.73258667249999,23.91809185,34.0,109.98791459488866,68.21821684179301,34.0
4350,f,capitals,14,state,California,Sacramento,Los Angeles,What is the capital of California?,The capital of California is,0.527,3.8,7.210626186,True,critical,html-keyboard-response,21,52479,subject_19,67d993866d1d7516d87e97de,67f554a334e6b49976b7f0b8,0.632225210767262,1,left,1.8285365618054468,2.8312225,3.369704,1.0,0.1,-0.63638328,-4.58591525,4.79400397,-0.5027754,142.854805135,14.5,5.676533999999999,5.419304,0.5875,18.10634188869909,22.0,220.35396464500002,17.5,113.277399355,50.27004185000001,25.5,97.10799675216575,25.585019619395112,25.0
4628,f,capitals,24,state,Michigan,Lansing,Detroit,What is the capital of Michigan?,The capital of Michigan is,0.112,0.63,5.625,True,critical,html-keyboard-response,23,58109,subject_19,67d993866d1d7516d87e97de,67f554a334e6b49976b7f0b8,0.632225210767262,1,left,2.070460085568808,3.1715925,0.8199855199999999,1.0,0.020092460881934567,-0.8804468999999999,-8.9095815,2.08088635,-0.3318779999999997,162.992733545,18.0,2.8472903499999997,2.8472903499999997,0.7,7.4411319048798905,35.5,223.482275455,20.0,122.07790124499999,9.68996645,35.0,132.35050610599825,75.15181857684905,35.0
2330,f,capitals,13,state,Alaska,Juneau,Anchorage,What is the capital of Alaska?,The capital of Alaska is,0.0311,0.283,9.099678457,False,critical,html-keyboard-response,25,61443,subject_19,67d993866d1d7516d87e97de,67f554a334e6b49976b7f0b8,0.632225210767262,0,left,0.0706749862587209,4.0331867,1.032167785,1.0,0.0012974288388852195,-1.38228545,-12.390654,1.9327201,-2.1549560000000003,158.058188835,18.0,4.9375237,4.9375237,0.9624999999999999,2.4642328656242176,37.0,348.27460882,33.0,8.84634368,72.57630929999998,37.0,50.961827169017766,61.5026154449013,37.0
2679,f,capitals,40,state,Virginia,Richmond,Virginia Beach,What is the capital of Virginia?,The capital of Virginia is,0.231,0.45,1.948051948,True,critical,html-keyboard-response,27,65174,subject_19,67d993866d1d7516d87e97de,67f554a334e6b49976b7f0b8,0.632225210767262,1,left,0.3743847337170414,4.120711549999999,3.5882533,1.0,0.02312889812889813,-1.16916945,-6.914387700000001,2.59017605,0.19082209999999966,175.71893075000003,18.5,2.56121715,2.56121715,0.7,5.77276122250901,38.0,284.03714405,20.0,35.25386895,25.267003600000002,18.0,46.35421140072588,30.54006897158279,36.0
1807,j,capitals,23,state,Maryland,Annapolis,Baltimore,What is the capital of Maryland?,The capital of Maryland is,0.0403,0.553,13.72208437,False,critical,html-keyboard-response,29,67997,subject_19,67d993866d1d7516d87e97de,67f554a334e6b49976b7f0b8,0.632225210767262,1,right,-0.3844545206773868,3.6610867999999996,1.99519565,1.0,0.007435328135488201,-1.006010815,-9.066941499999999,2.3947849850000003,-2.0526531999999995,171.39884055,18.0,5.272523,5.272523,0.7124999999999999,8.627807633730525,31.0,269.905489795,21.0,82.80523015499999,30.549259500000005,17.5,88.24512507064568,61.977535890917494,35.0
7040,j,capitals,3,country,Canada,Ottawa,Toronto,What is the capital of Canada?,The capital of Canada is,1.465,6.491,4.430716724,True,critical,html-keyboard-response,31,76045,subject_19,67d993866d1d7516d87e97de,67f554a334e6b49976b7f0b8,0.632225210767262,0,right,4.1694512341919285,3.41186485,1.57882065,1.0,0.09166666666666667,-0.8216695,-5.87537415,3.39860975,-1.0815602000000002,151.21389025500002,16.0,1.62056305,1.62056305,0.55,18.015003869553816,21.0,209.80200216699998,15.0,104.683861683,9.282030650000001,24.5,78.4247090436364,17.054693758663674,27.0
1542,f,capitals,42,state,Wisconsin,Madison,Milwaukee,What is the capital of Wisconsin?,The capital of Wisconsin is,0.284,0.551,1.940140845,False,critical,html-keyboard-response,33,78602,subject_19,67d993866d1d7516d87e97de,67f554a334e6b49976b7f0b8,0.632225210767262,0,left,-0.6150650739050513,3.13448335,2.23414315,1.0,0.006828316610925306,-0.760507775,-9.046759,3.316440125,1.0081592500000003,161.19694813,16.0,0.0,0.0,0.025,8.781973336626725,35.0,233.021284015,20.0,104.89291063499999,0.0,33.0,87.39257794461776,27.410622132151936,33.0
1454,j,capitals,22,state,Maine,Augusta,Portland,What is the capital of Maine?,The capital of Maine is,0.0192,0.0695,3.619791667,True,critical,html-keyboard-response,35,81073,subject_19,67d993866d1d7516d87e97de,67f554a334e6b49976b7f0b8,0.632225210767262,0,right,-0.6916451821466908,3.7875023,2.4801948,1.0,0.0016831873627990133,-1.0323926499999998,-10.4254775,2.0421341999999996,-1.8715164999999994,169.20454695,18.0,5.94090445,5.94090445,0.95,2.583690266418973,37.0,311.71045002,37.0,44.16688318,51.44942174999999,21.0,71.44560616098389,59.91154959685878,37.0
1419,j,capitals,15,state,Connecticut,Hartford,Bridgeport,What is the capital of Connecticut?,The capital of Connecticut is,0.119,0.148,1.243697479,False,critical,html-keyboard-response,37,83509,subject_19,67d993866d1d7516d87e97de,67f554a334e6b49976b7f0b8,0.632225210767262,1,right,-0.7221031797427975,4.152413,2.4941535000000004,1.0,0.012903762903762904,-1.2379590999999999,-8.185617,4.8248759,4.25825,176.1870492,16.0,0.7039874999999993,0.7039874999999993,0.3,12.984765384964998,24.0,278.35317808,20.0,187.17906882,0.754308,10.5,97.3336617897597,26.70347104409089,31.0
1758,f,capitals,35,state,Oregon,Salem,Portland,What is the capital of Oregon?,The capital of Oregon is,0.178,0.615,3.45505618,True,critical,html-keyboard-response,39,86280,subject_19,67d993866d1d7516d87e97de,67f554a334e6b49976b7f0b8,0.632225210767262,1,left,-0.4270957173119361,3.87003685,0.9559546750000001,1.0,0.02684931506849315,-1.33495845,-8.585685999999999,2.0863518,0.6543089999999996,153.11513470199998,18.0,4.49311111,4.49311111,0.6875,9.833651245669653,33.5,221.757705704,20.0,88.948261346,12.927848335,34.0,127.8462239789101,66.26897622229141,34.0
1433,f,capitals,30,state,New Jersey,Trenton,Newark,What is the capital of New Jersey?,The capital of New Jersey is,0.0898,0.306,3.407572383,False,critical,html-keyboard-response,41,88716,subject_19,67d993866d1d7516d87e97de,67f554a334e6b49976b7f0b8,0.632225210767262,0,left,-0.7099199807043548,3.3090056,1.82140345,1.0,0.0016363743403658628,-0.84072134,-10.924448,3.76701416,-4.2521546,156.04382572,18.0,6.901956650000001,6.901956650000001,0.725,8.925782555854742,34.5,273.68847277500004,22.0,47.345132775,80.49773385,24.5,88.88474869929352,60.16044669384837,28.5
1367,j,capitals,12,state,Alabama,Montgomery,Birmingham,What is the capital of Alabama?,The capital of Alabama is,0.192,0.194,1.010416667,False,critical,html-keyboard-response,43,91085,subject_19,67d993866d1d7516d87e97de,67f554a334e6b49976b7f0b8,0.632225210767262,1,right,-0.7673550618855844,3.1154528,2.2013875499999997,1.0,0.003584966270478638,-0.7024276,-9.767927,3.1901363,-1.4417109999999997,171.89705985,16.0,5.234766799999999,5.234766799999999,0.725,8.879740567094881,31.0,283.66813919000003,20.0,35.182526159999995,72.3701839,11.0,72.1080126268425,56.93717089653546,31.0
1507,f,capitals,29,state,New Hampshire,Concord,Manchester,What is the capital of New Hampshire?,The capital of New Hampshire is,0.0449,0.115,2.561247216,False,critical,html-keyboard-response,45,93605,subject_19,67d993866d1d7516d87e97de,67f554a334e6b49976b7f0b8,0.632225210767262,0,left,-0.645523071501158,3.8924572,2.5146651,1.0,0.00224755864290748,-1.1561135,-10.1354995,2.64535425,0.8996589999999998,168.00271485000002,18.0,0.0,0.0,0.025,8.377304174979542,32.5,253.08660677999998,20.0,138.81277821999998,0.0,27.0,98.10982957505266,32.00701641793163,32.0
1920,j,capitals,19,state,Kansas,Topeka,Wichita,What is the capital of Kansas?,The capital of Kansas is,0.125,0.395,3.16,True,critical,html-keyboard-response,47,96539,subject_19,67d993866d1d7516d87e97de,67f554a334e6b49976b7f0b8,0.632225210767262,0,right,-0.2861186998670996,3.69316615,2.64080265,1.0,0.010417797069994574,-1.07303922,-8.168856,1.73419138,-0.5498905999999999,162.288778245,35.0,2.9706022499999998,1.7607325999999994,0.5625,10.046628532789011,33.0,233.6914373035,18.0,65.7761040965,17.125884900000003,35.0,90.36345231361148,54.06264558247349,35.0
2526,j,capitals,11,country,United Arab Emirates,Abu Dhabi,Dubai,What is the capital of the United Arab Emirates?,The capital of the United Arab Emirates is,1.6,3.1,1.9375,True,critical,html-keyboard-response,49,100073,subject_19,67d993866d1d7516d87e97de,67f554a334e6b49976b7f0b8,0.632225210767262,0,right,0.2412397727969181,3.6339115499999997,2.33935815,1.0,0.00522367703218767,-1.0856354000000001,-9.346349,2.50591525,-0.6000735000000006,159.839143965,14.0,3.36275555,3.36275555,0.65,9.84413945872573,31.0,260.0233028075,0.0,72.79101454250001,22.182172549999997,33.0,96.97781470445022,51.8589082146157,33.0
1359,f,capitals,7,country,Pakistan,Islamabad,Karachi,What is the capital of Pakistan?,The capital of Pakistan is,1.3,18.1,13.92307692,True,critical,html-keyboard-response,51,102443,subject_19,67d993866d1d7516d87e97de,67f554a334e6b49976b7f0b8,0.632225210767262,1,left,-0.7743168899075517,3.8934075,2.6534792,1.0,0.0019266429313158284,-1.11515545,-10.314565,2.1734213999999996,-4.08459765,183.33887535,14.0,4.08459765,4.08459765,0.675,5.719409224572999,32.5,281.15069095,25.0,33.481899,38.1329444,25.0,81.74658055471438,60.49985834162654,25.0
1490,j,capitals,27,state,Nebraska,Lincoln,Omaha,What is the capital of Nebraska?,The capital of Nebraska is,0.297,0.477,1.606060606,False,critical,html-keyboard-response,53,105049,subject_19,67d993866d1d7516d87e97de,67f554a334e6b49976b7f0b8,0.632225210767262,1,right,-0.6603169560478382,3.40945435,2.88149385,1.0,0.002427404976322155,-0.90226395,-9.880027,1.9579811500000002,-0.6194575000000002,166.84559195,14.0,6.48387735,5.795127749999999,0.9875,3.0583791478084397,38.0,334.6421603,20.0,16.19795,78.670469,18.0,81.67707104491953,87.8184827648541,24.0
1670,f,capitals,8,country,South Africa,Pretoria,Johannesburg,What is the capital of South Africa?,The capital of South Africa is,3.0,6.4,2.133333333,False,critical,html-keyboard-response,55,107728,subject_19,67d993866d1d7516d87e97de,67f554a334e6b49976b7f0b8,0.632225210767262,0,left,-0.5036758255535756,4.3614197,2.7407284,1.0,0.005607622617931896,-2.11893455,-8.995401000000001,2.2255171,-0.9749508000000002,168.89477075,14.0,4.743248,4.743248,0.8125,6.902744233458726,33.0,261.79318212500004,33.0,107.26548872500001,40.14546490000001,33.0,126.64268622248599,90.68654232034928,33.5
1472,f,capitals,9,country,Switzerland,Bern,Zurich,What is the capital of Switzerland?,The capital of Switzerland is,0.448,1.455,3.247767857,False,critical,html-keyboard-response,57,110214,subject_19,67d993866d1d7516d87e97de,67f554a334e6b49976b7f0b8,0.632225210767262,0,left,-0.6759810690972645,4.1456575,2.41449345,0.5,0.0021505425701852632,-1.92965085,-10.040487,1.9507065,-3.461702700000001,159.68889725000002,14.0,4.6987805499999995,4.6987805499999995,0.725,3.5004306147470485,37.0,294.98176505000004,16.0,73.5494113,34.15059715,1.0,73.47320395691726,42.42957016076099,37.0
1359,j,capitals,6,country,New Zealand,Wellington,Auckland,What is the capital of New Zealand?,The capital of New Zealand is,0.428,1.711,3.997663551,True,critical,html-keyboard-response,59,112573,subject_19,67d993866d1d7516d87e97de,67f554a334e6b49976b7f0b8,0.632225210767262,0,right,-0.7743168899075517,4.244933850000001,2.3052439,1.0,0.008300041328006613,-1.7685506,-8.672815499999999,2.1210044999999997,0.577696500000001,145.06194,14.0,4.1641122,4.1641122,0.5,13.508204608971669,26.0,251.64753062350002,26.0,86.95005627649999,49.788739050000004,26.0,100.41858076823004,69.00830151646427,29.0
1673,f,capitals,5,country,Morrocco,Rabat,Marrakesh,What is the capital of Morrocco?,The capital of Morrocco is,2.02,1.085,0.5371287129,False,critical,html-keyboard-response,61,115258,subject_19,67d993866d1d7516d87e97de,67f554a334e6b49976b7f0b8,0.632225210767262,0,left,-0.5010651400453379,4.06911815,3.926867,1.0,0.001930509063232023,-1.06717185,-9.534113999999999,2.73666185,-0.551412,192.02520429999998,22.5,5.353308500000001,3.0599705000000004,0.6125,7.031879522295083,33.0,303.121009725,22.5,42.028869125,59.422086599999986,14.5,71.26685811006843,54.04151717765417,23.0
2068,j,capitals,36,state,Pennsylvania,Harrisburg,Philadelphia,What is the capital of Pennsylvania?,The capital of Pennsylvania is,0.05,1.517,30.34,True,critical,html-keyboard-response,63,118332,subject_19,67d993866d1d7516d87e97de,67f554a334e6b49976b7f0b8,0.632225210767262,0,right,-0.1573248814607058,3.80286055,1.2945525999999998,1.0,0.005201455329470422,-0.971369375,-10.090643,2.9000446250000005,-0.7811735000000004,169.40291199,18.0,4.7394538,4.5681133,0.6625000000000001,12.812658898193753,26.5,280.7955821475,22.5,70.13658115249999,36.52358815000001,24.0,104.5548823855986,47.04693462155399,24.0
2698,j,capitals,21,state,Louisiana,Baton Rouge,New Orleans,What is the capital of Louisiana?,The capital of Louisiana is,0.215,0.351,1.63255814,True,critical,html-keyboard-response,65,122034,subject_19,67d993866d1d7516d87e97de,67f554a334e6b49976b7f0b8,0.632225210767262,0,right,0.3909190752692136,2.79039935,2.0269129,1.0,0.0034954039671020805,-0.60054295,-9.8353815,2.3737587500000004,-2.482563500000001,172.31991220000003,18.0,5.1981744999999995,3.793621,0.6875,7.716095282905707,34.5,282.68865437,20.0,29.084738729999994,68.09929645,24.5,62.8804213583455,54.76974795931437,27.0
1665,f,capitals,37,state,South Dakota,Pierre,Sioux Falls,What is the capital of South Dakota?,The capital of South Dakota is,0.0138,0.215,15.57971014,False,critical,html-keyboard-response,67,124700,subject_19,67d993866d1d7516d87e97de,67f554a334e6b49976b7f0b8,0.632225210767262,0,left,-0.5080269680673051,3.88962435,1.9988037,1.0,0.006089036055923473,-1.041340035,-9.381435,2.440622765,3.5832957499999987,176.86631975,18.0,2.7437485000000006,2.3335944999999993,0.45,6.963136166388008,32.0,279.15120511,20.0,98.78975829,20.867091999999992,16.0,89.17083306707906,49.97454210007436,26.0
1620,j,capitals,31,state,New Mexico,Santa Fe,Albuquerque,What is the capital of New Mexico?,The capital of New Mexico is,0.0901,0.557,6.182019978,False,critical,html-keyboard-response,69,127332,subject_19,67d993866d1d7516d87e97de,67f554a334e6b49976b7f0b8,0.632225210767262,1,right,-0.5471872506908708,3.0991414500000003,1.3244324,1.0,0.014238667183262301,-0.69803795,-9.098272999999999,2.46943,0.3069240000000004,166.6062263,18.0,5.093978,3.5249351500000006,0.525,8.033448780088444,31.0,260.480373305,20.0,49.826687745000015,48.39635365000001,19.0,84.180459503387,57.783921029115376,24.0
1724,j,capitals,16,state,Delaware,Dover,Wilmington,What is the capital of Delaware?,The capital of Delaware is,0.0403,0.0722,1.791563275,False,critical,html-keyboard-response,71,130065,subject_19,67d993866d1d7516d87e97de,67f554a334e6b49976b7f0b8,0.632225210767262,1,right,-0.4566834864052967,4.2341493,0.72218523,1.0,0.012666345999679333,-1.74989815,-9.680467,0.94623425,3.385187,168.90373542999998,18.0,0.0,0.0,0.025,6.774399509720723,34.0,229.367487715,20.0,115.99101648500002,0.0,34.5,110.70916324533087,58.08677270925415,34.5
3453,j,capitals,34,state,North Dakota,Bismarck,Fargo,What is the capital of North Dakota?,The capital of North Dakota is,0.076,0.138,1.815789474,True,critical,html-keyboard-response,73,134524,subject_19,67d993866d1d7516d87e97de,67f554a334e6b49976b7f0b8,0.632225210767262,0,right,1.047941594842371,3.1886295000000002,1.6228072999999998,1.0,0.04464285714285714,-0.8373848349999999,-6.98899085,3.346709315,2.0134886500000007,158.9716758025,18.0,1.0428039999999998,1.0428039999999998,0.425,10.24716289924514,32.5,181.48586626009998,20.0,91.95245258989999,1.3760648999999998,25.0,78.67897042291708,25.245962637347155,34.5
3502,f,capitals,18,state,Illinois,Springfield,Chicago,What is the capital of Illinois?,The capital of Illinois is,0.111,2.612,23.53153153,True,critical,html-keyboard-response,75,139040,subject_19,67d993866d1d7516d87e97de,67f554a334e6b49976b7f0b8,0.632225210767262,1,left,1.0905827914769204,3.7229846,2.02082935,1.0,0.0037192282102461744,-1.0637694,-9.972052999999999,1.8728581000000002,-5.79218335,170.65176035000002,18.0,8.6360925,8.6360925,0.675,5.610516716755836,37.0,311.23248041500005,22.5,49.248491285,81.37087019,25.0,83.27137832278736,56.50312887381918,25.0
1681,j,capitals,41,state,Washington,Olympia,Seattle,What is the capital of Washington?,The capital of Washington is,0.0558,0.765,13.70967742,True,critical,html-keyboard-response,77,141722,subject_19,67d993866d1d7516d87e97de,67f554a334e6b49976b7f0b8,0.632225210767262,0,right,-0.4941033120233706,2.4590736499999997,3.76935035,1.0,0.018367961457392352,-0.44257853999999996,-7.3950467,3.85359726,-2.2241997000000007,144.06035742999998,23.0,4.896856099999999,4.896856099999999,0.6625000000000001,14.217480554285576,25.5,250.7986976015,25.0,103.96332209849999,33.6275834,16.0,99.67318648330391,49.08176857829807,25.0
2038,f,capitals,26,state,Montana,Helena,Billings,What is the capital of Montana?,The capital of Montana is,0.0359,0.123,3.426183844,True,critical,html-keyboard-response,79,144774,subject_19,67d993866d1d7516d87e97de,67f554a334e6b49976b7f0b8,0.632225210767262,1,left,-0.1834317365430829,4.00716885,2.3871716000000003,1.0,0.0004472704898291971,-1.22599375,-12.036882250000001,2.2819052,-1.00467525,175.57409865,18.0,2.4909772499999994,2.1745497500000006,0.5875,6.831399328645267,33.0,299.00474067,20.0,76.68242387999999,24.127286050000002,24.0,98.87916742139757,43.100083383269855,28.5
1610,j,capitals,32,state,New York,Albany,New York,What is the capital of New York?,The capital of New York is,0.103,7.937,77.05825243,True,critical,html-keyboard-response,81,147392,subject_19,67d993866d1d7516d87e97de,67f554a334e6b49976b7f0b8,0.632225210767262,0,right,-0.5558895357183298,2.31160665,4.8018915,1.0,0.07179487179487179,-0.40196120999999996,-4.7547025000000005,3.14106469,-1.30574515,164.00049312,18.0,4.1901697,3.862285,0.6875,15.47453789415244,25.5,229.375925891,15.0,53.021560058999995,59.8069269,27.0,75.81720478275057,45.627494070248844,27.0
1405,f,capitals,1,country,Australia,Canberra,Sydney,What is the capital of Australia?,The capital of Australia is,0.483,5.249,10.86749482,False,critical,html-keyboard-response,83,149800,subject_19,67d993866d1d7516d87e97de,67f554a334e6b49976b7f0b8,0.632225210767262,0,left,-0.7342863787812401,2.91766655,1.443579,1.0,0.013910060975609756,-0.732931825,-9.718684,2.424576675,-3.10026675,135.81862900000002,16.0,4.71659925,4.71659925,0.7,13.549338958870404,26.5,205.0319132245,16.0,133.7638296255,27.787327949999998,27.0,115.01755520776328,61.294825054348195,27.0
2248,f,capitals,20,state,Kentucky,Frankfort,Louisville,What is the capital of Kentucky?,The capital of Kentucky is,0.0281,0.617,21.95729537,False,critical,html-keyboard-response,85,153071,subject_19,67d993866d1d7516d87e97de,67f554a334e6b49976b7f0b8,0.632225210767262,0,left,-0.0006837509664431,3.0547366,2.2666612,1.0,0.000659358843533807,-0.74241135,-11.6135325,2.1753297,-0.9483945,176.88001325,18.0,5.5287013,4.96804475,0.75,4.405366338069108,37.0,336.0411206,26.0,22.964224,60.86410575,26.0,72.27622371274914,51.10917786191476,26.0
1582,f,capitals,2,country,Brazil,Brasilia,Rio de Janeiro,What is the capital of Brazil?,The capital of Brazil is,4.99,13.923,2.790180361,False,critical,html-keyboard-response,87,155660,subject_19,67d993866d1d7516d87e97de,67f554a334e6b49976b7f0b8,0.632225210767262,0,left,-0.5802559337952151,2.0599417,0.8546364200000001,1.0,0.010916269887353384,-0.37423359,-9.777523500000001,3.12931296,0.3757585000000008,171.91224647,18.0,3.580388749999999,2.5741565,0.55,9.253846674396854,34.0,298.44019958,15.0,47.51553901999999,30.58541265,22.0,58.33967382007255,24.97507531677988,22.0
1647,j,capitals,38,state,Texas,Austin,Houston,What is the capital of Texas?,The capital of Texas is,0.989,2.324,2.349848332,True,critical,html-keyboard-response,89,158311,subject_19,67d993866d1d7516d87e97de,67f554a334e6b49976b7f0b8,0.632225210767262,0,right,-0.5236910811167313,2.7289062,3.68736335,1.0,0.08712121212121213,-0.506320885,-4.40157605,4.012876565,1.53352215,151.14799460999998,11.0,0.08562525000000054,0.08562525000000054,0.35,19.22278273641858,20.0,198.241569792,15.0,136.22196335799998,0.08562525000000054,10.5,81.3456051528303,15.975005422746095,35.0
5587,j,capitals,5,country,Morrocco,Rabat,Marrakesh,What is the capital of Morrocco?,The capital of Morrocco is,2.02,1.085,0.5371287129,False,critical,html-keyboard-response,7,71529,subject_17,67d993866d1d7516d87e97de,67f553041b6b947432e5f48b,0.5891247858355094,1,right,1.938033064389131,4.06911815,3.926867,1.0,0.001930509063232023,-1.06717185,-9.534113999999999,2.73666185,-0.551412,192.02520429999998,22.5,5.353308500000001,3.0599705000000004,0.6125,7.031879522295083,33.0,303.121009725,22.5,42.028869125,59.422086599999986,14.5,71.26685811006843,54.04151717765417,23.0
4440,j,capitals,2,country,Brazil,Brasilia,Rio de Janeiro,What is the capital of Brazil?,The capital of Brazil is,4.99,13.923,2.790180361,False,critical,html-keyboard-response,9,76981,subject_17,67d993866d1d7516d87e97de,67f553041b6b947432e5f48b,0.5891247858355094,1,right,1.1831774670646646,2.0599417,0.8546364200000001,1.0,0.010916269887353384,-0.37423359,-9.777523500000001,3.12931296,0.3757585000000008,171.91224647,18.0,3.580388749999999,2.5741565,0.55,9.253846674396854,34.0,298.44019958,15.0,47.51553901999999,30.58541265,22.0,58.33967382007255,24.97507531677988,22.0
3298,f,capitals,31,state,New Mexico,Santa Fe,Albuquerque,What is the capital of New Mexico?,The capital of New Mexico is,0.0901,0.557,6.182019978,False,critical,html-keyboard-response,11,81294,subject_17,67d993866d1d7516d87e97de,67f553041b6b947432e5f48b,0.5891247858355094,0,left,0.4316124346805836,3.0991414500000003,1.3244324,1.0,0.014238667183262301,-0.69803795,-9.098272999999999,2.46943,0.3069240000000004,166.6062263,18.0,5.093978,3.5249351500000006,0.525,8.033448780088444,31.0,260.480373305,20.0,49.826687745000015,48.39635365000001,19.0,84.180459503387,57.783921029115376,24.0
4475,f,capitals,21,state,Louisiana,Baton Rouge,New Orleans,What is the capital of Louisiana?,The capital of Louisiana is,0.215,0.351,1.63255814,False,critical,html-keyboard-response,13,86785,subject_17,67d993866d1d7516d87e97de,67f553041b6b947432e5f48b,0.5891247858355094,0,left,1.206211421647364,2.79039935,2.0269129,1.0,0.0034954039671020805,-0.60054295,-9.8353815,2.3737587500000004,-2.482563500000001,172.31991220000003,18.0,5.1981744999999995,3.793621,0.6875,7.716095282905707,34.5,282.68865437,20.0,29.084738729999994,68.09929645,24.5,62.8804213583455,54.76974795931437,27.0
2115,f,capitals,3,country,Canada,Ottawa,Toronto,What is the capital of Canada?,The capital of Canada is,1.465,6.491,4.430716724,False,critical,html-keyboard-response,15,89916,subject_17,67d993866d1d7516d87e97de,67f553041b6b947432e5f48b,0.5891247858355094,0,left,-0.3469352302146595,3.41186485,1.57882065,1.0,0.09166666666666667,-0.8216695,-5.87537415,3.39860975,-1.0815602000000002,151.21389025500002,16.0,1.62056305,1.62056305,0.55,18.015003869553816,21.0,209.80200216699998,15.0,104.683861683,9.282030650000001,24.5,78.4247090436364,17.054693758663674,27.0
3868,j,capitals,1,country,Australia,Canberra,Sydney,What is the capital of Australia?,The capital of Australia is,0.483,5.249,10.86749482,True,critical,html-keyboard-response,17,94803,subject_17,67d993866d1d7516d87e97de,67f553041b6b947432e5f48b,0.5891247858355094,0,right,0.806736837884547,2.91766655,1.443579,1.0,0.013910060975609756,-0.732931825,-9.718684,2.424576675,-3.10026675,135.81862900000002,16.0,4.71659925,4.71659925,0.7,13.549338958870404,26.5,205.0319132245,16.0,133.7638296255,27.787327949999998,27.0,115.01755520776328,61.294825054348195,27.0
3462,f,capitals,25,state,Minnesota,St. Paul,Minneapolis,What is the capital of Minnesota?,The capital of Minnesota is,0.299,0.421,1.408026756,True,critical,html-keyboard-response,19,99283,subject_17,67d993866d1d7516d87e97de,67f553041b6b947432e5f48b,0.5891247858355094,1,left,0.5395429647252328,3.58195065,1.6521141,1.0,0.017392619479733817,-1.4853812,-8.023998,2.1170464,1.1057884999999996,150.791991795,18.0,6.11360015,6.11360015,0.875,3.3354361793014986,36.5,291.73495485,35.0,30.489669350000007,37.57722344999999,35.0,64.16242236428235,64.57921294960164,35.0
4863,f,capitals,20,state,Kentucky,Frankfort,Louisville,What is the capital of Kentucky?,The capital of Kentucky is,0.0281,0.617,21.95729537,True,critical,html-keyboard-response,21,105151,subject_17,67d993866d1d7516d87e97de,67f553041b6b947432e5f48b,0.5891247858355094,1,left,1.46155926102129,3.0547366,2.2666612,1.0,0.000659358843533807,-0.74241135,-11.6135325,2.1753297,-0.9483945,176.88001325,18.0,5.5287013,4.96804475,0.75,4.405366338069108,37.0,336.0411206,26.0,22.964224,60.86410575,26.0,72.27622371274914,51.10917786191476,26.0
3355,j,capitals,12,state,Alabama,Montgomery,Birmingham,What is the capital of Alabama?,The capital of Alabama is,0.192,0.194,1.010416667,False,critical,html-keyboard-response,23,109510,subject_17,67d993866d1d7516d87e97de,67f553041b6b947432e5f48b,0.5891247858355094,1,right,0.46912487500098,3.1154528,2.2013875499999997,1.0,0.003584966270478638,-0.7024276,-9.767927,3.1901363,-1.4417109999999997,171.89705985,16.0,5.234766799999999,5.234766799999999,0.725,8.879740567094881,31.0,283.66813919000003,20.0,35.182526159999995,72.3701839,11.0,72.1080126268425,56.93717089653546,31.0
7471,f,capitals,38,state,Texas,Austin,Houston,What is the capital of Texas?,The capital of Texas is,0.989,2.324,2.349848332,False,critical,html-keyboard-response,25,118000,subject_17,67d993866d1d7516d87e97de,67f553041b6b947432e5f48b,0.5891247858355094,0,left,3.177917933926442,2.7289062,3.68736335,1.0,0.08712121212121213,-0.506320885,-4.40157605,4.012876565,1.53352215,151.14799460999998,11.0,0.08562525000000054,0.08562525000000054,0.35,19.22278273641858,20.0,198.241569792,15.0,136.22196335799998,0.08562525000000054,10.5,81.3456051528303,15.975005422746095,35.0
2047,j,capitals,4,country,India,New Delhi,Mumbai,What is the capital of India?,The capital of India is,0.206,22.1,107.2815534,True,critical,html-keyboard-response,27,121061,subject_17,67d993866d1d7516d87e97de,67f553041b6b947432e5f48b,0.5891247858355094,0,right,-0.3916869134039043,3.3890189,1.4282650000000001,1.0,0.06971153846153846,-1.1690336,-6.6849964,4.1036254,2.7211151000000005,151.45156923500002,14.0,2.3097963499999996,1.1339184999999992,0.425,9.901198823968304,30.0,227.81903473,16.0,94.28140192000001,13.430843800000002,8.0,81.85221999731655,37.65522312456052,32.0
1718,f,capitals,7,country,Pakistan,Islamabad,Karachi,What is the capital of Pakistan?,The capital of Pakistan is,1.3,18.1,13.92307692,True,critical,html-keyboard-response,29,123791,subject_17,67d993866d1d7516d87e97de,67f553041b6b947432e5f48b,0.5891247858355094,1,left,-0.6082060864812796,3.8934075,2.6534792,1.0,0.0019266429313158284,-1.11515545,-10.314565,2.1734213999999996,-4.08459765,183.33887535,14.0,4.08459765,4.08459765,0.675,5.719409224572999,32.5,281.15069095,25.0,33.481899,38.1329444,25.0,81.74658055471438,60.49985834162654,25.0
1680,j,capitals,16,state,Delaware,Dover,Wilmington,What is the capital of Delaware?,The capital of Delaware is,0.0403,0.0722,1.791563275,False,critical,html-keyboard-response,31,126479,subject_17,67d993866d1d7516d87e97de,67f553041b6b947432e5f48b,0.5891247858355094,1,right,-0.6332143800282105,4.2341493,0.72218523,1.0,0.012666345999679333,-1.74989815,-9.680467,0.94623425,3.385187,168.90373542999998,18.0,0.0,0.0,0.025,6.774399509720723,34.0,229.367487715,20.0,115.99101648500002,0.0,34.5,110.70916324533087,58.08677270925415,34.5
3304,f,capitals,8,country,South Africa,Pretoria,Johannesburg,What is the capital of South Africa?,The capital of South Africa is,3.0,6.4,2.133333333,False,critical,html-keyboard-response,33,130797,subject_17,67d993866d1d7516d87e97de,67f553041b6b947432e5f48b,0.5891247858355094,0,left,0.4355611126090464,4.3614197,2.7407284,1.0,0.005607622617931896,-2.11893455,-8.995401000000001,2.2255171,-0.9749508000000002,168.89477075,14.0,4.743248,4.743248,0.8125,6.902744233458726,33.0,261.79318212500004,33.0,107.26548872500001,40.14546490000001,33.0,126.64268622248599,90.68654232034928,33.5
1440,f,capitals,34,state,North Dakota,Bismarck,Fargo,What is the capital of North Dakota?,The capital of North Dakota is,0.076,0.138,1.815789474,True,critical,html-keyboard-response,35,133244,subject_17,67d993866d1d7516d87e97de,67f553041b6b947432e5f48b,0.5891247858355094,1,left,-0.7911614971667214,3.1886295000000002,1.6228072999999998,1.0,0.04464285714285714,-0.8373848349999999,-6.98899085,3.346709315,2.0134886500000007,158.9716758025,18.0,1.0428039999999998,1.0428039999999998,0.425,10.24716289924514,32.5,181.48586626009998,20.0,91.95245258989999,1.3760648999999998,25.0,78.67897042291708,25.245962637347155,34.5
1386,j,capitals,15,state,Connecticut,Hartford,Bridgeport,What is the capital of Connecticut?,The capital of Connecticut is,0.119,0.148,1.243697479,False,critical,html-keyboard-response,37,135648,subject_17,67d993866d1d7516d87e97de,67f553041b6b947432e5f48b,0.5891247858355094,1,right,-0.8266995985228863,4.152413,2.4941535000000004,1.0,0.012903762903762904,-1.2379590999999999,-8.185617,4.8248759,4.25825,176.1870492,16.0,0.7039874999999993,0.7039874999999993,0.3,12.984765384964998,24.0,278.35317808,20.0,187.17906882,0.754308,10.5,97.3336617897597,26.70347104409089,31.0
1685,j,capitals,39,state,Vermont,Montpelier,Burlington,What is the capital of Vermont?,The capital of Vermont is,0.0079,0.0444,5.620253165,True,critical,html-keyboard-response,39,138348,subject_17,67d993866d1d7516d87e97de,67f553041b6b947432e5f48b,0.5891247858355094,0,right,-0.6299238150878249,2.8268120999999997,0.75283587,1.0,0.0034998085574806164,-0.637835275,-11.6183655,2.518385875,0.32600349999999967,158.75225502,18.0,2.6147142499999996,2.5662552499999993,0.44999999999999996,6.6844704108256,35.0,288.368095275,20.0,52.797800275,17.347483000000004,23.0,87.53368163162845,59.445257727624245,23.0
4131,f,capitals,32,state,New York,Albany,New York,What is the capital of New York?,The capital of New York is,0.103,7.937,77.05825243,False,critical,html-keyboard-response,41,143485,subject_17,67d993866d1d7516d87e97de,67f553041b6b947432e5f48b,0.5891247858355094,0,left,0.9798205537488318,2.31160665,4.8018915,1.0,0.07179487179487179,-0.40196120999999996,-4.7547025000000005,3.14106469,-1.30574515,164.00049312,18.0,4.1901697,3.862285,0.6875,15.47453789415244,25.5,229.375925891,15.0,53.021560058999995,59.8069269,27.0,75.81720478275057,45.627494070248844,27.0
2195,j,capitals,26,state,Montana,Helena,Billings,What is the capital of Montana?,The capital of Montana is,0.0359,0.123,3.426183844,False,critical,html-keyboard-response,43,146683,subject_17,67d993866d1d7516d87e97de,67f553041b6b947432e5f48b,0.5891247858355094,1,right,-0.2942861911684892,4.00716885,2.3871716000000003,1.0,0.0004472704898291971,-1.22599375,-12.036882250000001,2.2819052,-1.00467525,175.57409865,18.0,2.4909772499999994,2.1745497500000006,0.5875,6.831399328645267,33.0,299.00474067,20.0,76.68242387999999,24.127286050000002,24.0,98.87916742139757,43.100083383269855,28.5
1322,j,capitals,14,state,California,Sacramento,Los Angeles,What is the capital of California?,The capital of California is,0.527,3.8,7.210626186,True,critical,html-keyboard-response,45,149016,subject_17,67d993866d1d7516d87e97de,67f553041b6b947432e5f48b,0.5891247858355094,0,right,-0.8688188297598226,2.8312225,3.369704,1.0,0.1,-0.63638328,-4.58591525,4.79400397,-0.5027754,142.854805135,14.5,5.676533999999999,5.419304,0.5875,18.10634188869909,22.0,220.35396464500002,17.5,113.277399355,50.27004185000001,25.5,97.10799675216575,25.585019619395112,25.0
1435,f,capitals,35,state,Oregon,Salem,Portland,What is the capital of Oregon?,The capital of Oregon is,0.178,0.615,3.45505618,False,critical,html-keyboard-response,47,151463,subject_17,67d993866d1d7516d87e97de,67f553041b6b947432e5f48b,0.5891247858355094,0,left,-0.7944520621071071,3.87003685,0.9559546750000001,1.0,0.02684931506849315,-1.33495845,-8.585685999999999,2.0863518,0.6543089999999996,153.11513470199998,18.0,4.49311111,4.49311111,0.6875,9.833651245669653,33.5,221.757705704,20.0,88.948261346,12.927848335,34.0,127.8462239789101,66.26897622229141,34.0
4056,f,capitals,11,country,United Arab Emirates,Abu Dhabi,Dubai,What is the capital of the United Arab Emirates?,The capital of the United Arab Emirates is,1.6,3.1,1.9375,False,critical,html-keyboard-response,49,156534,subject_17,67d993866d1d7516d87e97de,67f553041b6b947432e5f48b,0.5891247858355094,0,left,0.9304620796430472,3.6339115499999997,2.33935815,1.0,0.00522367703218767,-1.0856354000000001,-9.346349,2.50591525,-0.6000735000000006,159.839143965,14.0,3.36275555,3.36275555,0.65,9.84413945872573,31.0,260.0233028075,0.0,72.79101454250001,22.182172549999997,33.0,96.97781470445022,51.8589082146157,33.0
1109,j,capitals,18,state,Illinois,Springfield,Chicago,What is the capital of Illinois?,The capital of Illinois is,0.111,2.612,23.53153153,True,critical,html-keyboard-response,51,158654,subject_17,67d993866d1d7516d87e97de,67f553041b6b947432e5f48b,0.5891247858355094,0,right,-1.008996896220251,3.7229846,2.02082935,1.0,0.0037192282102461744,-1.0637694,-9.972052999999999,1.8728581000000002,-5.79218335,170.65176035000002,18.0,8.6360925,8.6360925,0.675,5.610516716755836,37.0,311.23248041500005,22.5,49.248491285,81.37087019,25.0,83.27137832278736,56.50312887381918,25.0
4433,j,capitals,9,country,Switzerland,Bern,Zurich,What is the capital of Switzerland?,The capital of Switzerland is,0.448,1.455,3.247767857,True,critical,html-keyboard-response,53,164100,subject_17,67d993866d1d7516d87e97de,67f553041b6b947432e5f48b,0.5891247858355094,0,right,1.1785706761481247,4.1456575,2.41449345,0.5,0.0021505425701852632,-1.92965085,-10.040487,1.9507065,-3.461702700000001,159.68889725000002,14.0,4.6987805499999995,4.6987805499999995,0.725,3.5004306147470485,37.0,294.98176505000004,16.0,73.5494113,34.15059715,1.0,73.47320395691726,42.42957016076099,37.0
1611,f,capitals,10,country,Turkey,Ankara,Istanbul,What is the capital of Turkey?,The capital of Turkey is,5.55,16.24,2.926126126,True,critical,html-keyboard-response,55,166729,subject_17,67d993866d1d7516d87e97de,67f553041b6b947432e5f48b,0.5891247858355094,1,left,-0.6786241762055324,3.7206935999999997,3.6190253,1.0,0.0140625,-1.049432,-7.22749025,1.77928585,-1.0519376499999997,181.67489892999998,14.0,3.36303155,3.36303155,0.7875000000000001,7.10805059345744,34.0,232.28671097749998,0.0,68.73258667249999,23.91809185,34.0,109.98791459488866,68.21821684179301,34.0
1295,j,capitals,41,state,Washington,Olympia,Seattle,What is the capital of Washington?,The capital of Washington is,0.0558,0.765,13.70967742,True,critical,html-keyboard-response,57,169042,subject_17,67d993866d1d7516d87e97de,67f553041b6b947432e5f48b,0.5891247858355094,0,right,-0.886587880437905,2.4590736499999997,3.76935035,1.0,0.018367961457392352,-0.44257853999999996,-7.3950467,3.85359726,-2.2241997000000007,144.06035742999998,23.0,4.896856099999999,4.896856099999999,0.6625000000000001,14.217480554285576,25.5,250.7986976015,25.0,103.96332209849999,33.6275834,16.0,99.67318648330391,49.08176857829807,25.0
5991,f,capitals,22,state,Maine,Augusta,Portland,What is the capital of Maine?,The capital of Maine is,0.0192,0.0695,3.619791667,True,critical,html-keyboard-response,59,176051,subject_17,67d993866d1d7516d87e97de,67f553041b6b947432e5f48b,0.5891247858355094,1,left,2.203910711572291,3.7875023,2.4801948,1.0,0.0016831873627990133,-1.0323926499999998,-10.4254775,2.0421341999999996,-1.8715164999999994,169.20454695,18.0,5.94090445,5.94090445,0.95,2.583690266418973,37.0,311.71045002,37.0,44.16688318,51.44942174999999,21.0,71.44560616098389,59.91154959685878,37.0
1837,j,capitals,40,state,Virginia,Richmond,Virginia Beach,What is the capital of Virginia?,The capital of Virginia is,0.231,0.45,1.948051948,False,critical,html-keyboard-response,61,178892,subject_17,67d993866d1d7516d87e97de,67f553041b6b947432e5f48b,0.5891247858355094,1,right,-0.5298906409001013,4.120711549999999,3.5882533,1.0,0.02312889812889813,-1.16916945,-6.914387700000001,2.59017605,0.19082209999999966,175.71893075000003,18.5,2.56121715,2.56121715,0.7,5.77276122250901,38.0,284.03714405,20.0,35.25386895,25.267003600000002,18.0,46.35421140072588,30.54006897158279,36.0
1764,j,capitals,13,state,Alaska,Juneau,Anchorage,What is the capital of Alaska?,The capital of Alaska is,0.0311,0.283,9.099678457,True,critical,html-keyboard-response,63,181666,subject_17,67d993866d1d7516d87e97de,67f553041b6b947432e5f48b,0.5891247858355094,0,right,-0.5779328890297317,4.0331867,1.032167785,1.0,0.0012974288388852195,-1.38228545,-12.390654,1.9327201,-2.1549560000000003,158.058188835,18.0,4.9375237,4.9375237,0.9624999999999999,2.4642328656242176,37.0,348.27460882,33.0,8.84634368,72.57630929999998,37.0,50.961827169017766,61.5026154449013,37.0
1810,j,capitals,6,country,New Zealand,Wellington,Auckland,What is the capital of New Zealand?,The capital of New Zealand is,0.428,1.711,3.997663551,False,critical,html-keyboard-response,65,184488,subject_17,67d993866d1d7516d87e97de,67f553041b6b947432e5f48b,0.5891247858355094,1,right,-0.5476596915781838,4.244933850000001,2.3052439,1.0,0.008300041328006613,-1.7685506,-8.672815499999999,2.1210044999999997,0.577696500000001,145.06194,14.0,4.1641122,4.1641122,0.5,13.508204608971669,26.0,251.64753062350002,26.0,86.95005627649999,49.788739050000004,26.0,100.41858076823004,69.00830151646427,29.0
1312,j,capitals,23,state,Maryland,Annapolis,Baltimore,What is the capital of Maryland?,The capital of Maryland is,0.0403,0.553,13.72208437,True,critical,html-keyboard-response,67,186812,subject_17,67d993866d1d7516d87e97de,67f553041b6b947432e5f48b,0.5891247858355094,0,right,-0.8753999596405939,3.6610867999999996,1.99519565,1.0,0.007435328135488201,-1.006010815,-9.066941499999999,2.3947849850000003,-2.0526531999999995,171.39884055,18.0,5.272523,5.272523,0.7124999999999999,8.627807633730525,31.0,269.905489795,21.0,82.80523015499999,30.549259500000005,17.5,88.24512507064568,61.977535890917494,35.0
1402,f,capitals,33,state,North Carolina,Raleigh,Charlotte,What is the capital of North Carolina?,The capital of North Carolina is,0.494,0.935,1.892712551,False,critical,html-keyboard-response,69,189226,subject_17,67d993866d1d7516d87e97de,67f553041b6b947432e5f48b,0.5891247858355094,0,left,-0.8161697907136523,3.9989741,1.4837299000000002,1.0,0.017565485362095533,-1.2707921500000001,-8.2403645,2.6944252,2.3565879999999995,167.86508935,18.0,1.4855458000000001,1.4855458000000001,0.7124999999999999,8.574116496188747,32.5,209.911716892,20.0,142.86702770799997,5.01324945,7.0,125.69617107504936,62.09856014494803,35.0
2129,j,capitals,17,state,Florida,Tallahassee,Jacksonville,What is the capital of Florida?,The capital of Florida is,0.205,1.008,4.917073171,True,critical,html-keyboard-response,71,192365,subject_17,67d993866d1d7516d87e97de,67f553041b6b947432e5f48b,0.5891247858355094,0,right,-0.3377216483815797,3.563912,2.6319027999999998,1.0,0.008519591611479029,-0.95531795,-8.4452955,4.38171585,1.3466129999999996,162.1489442425,23.5,1.2571029,1.2571029,0.48750000000000004,9.093065063976583,33.0,222.1497324065,20.0,145.26711409350003,2.21744865,24.0,154.13877107879688,46.03097986487076,33.0
1766,j,capitals,27,state,Nebraska,Lincoln,Omaha,What is the capital of Nebraska?,The capital of Nebraska is,0.297,0.477,1.606060606,True,critical,html-keyboard-response,73,195143,subject_17,67d993866d1d7516d87e97de,67f553041b6b947432e5f48b,0.5891247858355094,0,right,-0.5766166630535775,3.40945435,2.88149385,1.0,0.002427404976322155,-0.90226395,-9.880027,1.9579811500000002,-0.6194575000000002,166.84559195,14.0,6.48387735,5.795127749999999,0.9875,3.0583791478084397,38.0,334.6421603,20.0,16.19795,78.670469,18.0,81.67707104491953,87.8184827648541,24.0
1512,j,capitals,42,state,Wisconsin,Madison,Milwaukee,What is the capital of Wisconsin?,The capital of Wisconsin is,0.284,0.551,1.940140845,True,critical,html-keyboard-response,75,197664,subject_17,67d993866d1d7516d87e97de,67f553041b6b947432e5f48b,0.5891247858355094,0,right,-0.7437773620251681,3.13448335,2.23414315,1.0,0.006828316610925306,-0.760507775,-9.046759,3.316440125,1.0081592500000003,161.19694813,16.0,0.0,0.0,0.025,8.781973336626725,35.0,233.021284015,20.0,104.89291063499999,0.0,33.0,87.39257794461776,27.410622132151936,33.0
2704,f,capitals,28,state,Nevada,Carson City,Las Vegas,What is the capital of Nevada?,The capital of Nevada is,0.0576,0.67,11.63194444,False,critical,html-keyboard-response,77,201374,subject_17,67d993866d1d7516d87e97de,67f553041b6b947432e5f48b,0.5891247858355094,0,left,0.0406933197627692,3.21408655,2.2825403,1.0,0.009556159420289855,-0.7483732750000001,-8.5907935,3.2634109749999998,0.3897780000000006,154.31583923,24.0,0.6128969999999994,0.6128969999999994,0.46249999999999997,13.888110548784098,22.0,212.93093655299998,21.0,129.96025854700002,1.2335965999999998,27.5,151.10212968210539,49.69601040539513,33.0
1336,f,capitals,24,state,Michigan,Lansing,Detroit,What is the capital of Michigan?,The capital of Michigan is,0.112,0.63,5.625,False,critical,html-keyboard-response,79,203719,subject_17,67d993866d1d7516d87e97de,67f553041b6b947432e5f48b,0.5891247858355094,0,left,-0.8596052479267428,3.1715925,0.8199855199999999,1.0,0.020092460881934567,-0.8804468999999999,-8.9095815,2.08088635,-0.3318779999999997,162.992733545,18.0,2.8472903499999997,2.8472903499999997,0.7,7.4411319048798905,35.5,223.482275455,20.0,122.07790124499999,9.68996645,35.0,132.35050610599825,75.15181857684905,35.0
1176,j,capitals,36,state,Pennsylvania,Harrisburg,Philadelphia,What is the capital of Pennsylvania?,The capital of Pennsylvania is,0.05,1.517,30.34,True,critical,html-keyboard-response,81,205900,subject_17,67d993866d1d7516d87e97de,67f553041b6b947432e5f48b,0.5891247858355094,0,right,-0.9649033260190834,3.80286055,1.2945525999999998,1.0,0.005201455329470422,-0.971369375,-10.090643,2.9000446250000005,-0.7811735000000004,169.40291199,18.0,4.7394538,4.5681133,0.6625000000000001,12.812658898193753,26.5,280.7955821475,22.5,70.13658115249999,36.52358815000001,24.0,104.5548823855986,47.04693462155399,24.0
2066,f,capitals,29,state,New Hampshire,Concord,Manchester,What is the capital of New Hampshire?,The capital of New Hampshire is,0.0449,0.115,2.561247216,True,critical,html-keyboard-response,83,208974,subject_17,67d993866d1d7516d87e97de,67f553041b6b947432e5f48b,0.5891247858355094,1,left,-0.3791827666304388,3.8924572,2.5146651,1.0,0.00224755864290748,-1.1561135,-10.1354995,2.64535425,0.8996589999999998,168.00271485000002,18.0,0.0,0.0,0.025,8.377304174979542,32.5,253.08660677999998,20.0,138.81277821999998,0.0,27.0,98.10982957505266,32.00701641793163,32.0
2186,f,capitals,37,state,South Dakota,Pierre,Sioux Falls,What is the capital of South Dakota?,The capital of South Dakota is,0.0138,0.215,15.57971014,False,critical,html-keyboard-response,85,212171,subject_17,67d993866d1d7516d87e97de,67f553041b6b947432e5f48b,0.5891247858355094,0,left,-0.3002092080611834,3.88962435,1.9988037,1.0,0.006089036055923473,-1.041340035,-9.381435,2.440622765,3.5832957499999987,176.86631975,18.0,2.7437485000000006,2.3335944999999993,0.45,6.963136166388008,32.0,279.15120511,20.0,98.78975829,20.867091999999992,16.0,89.17083306707906,49.97454210007436,26.0
1304,f,capitals,30,state,New Jersey,Trenton,Newark,What is the capital of New Jersey?,The capital of New Jersey is,0.0898,0.306,3.407572383,False,critical,html-keyboard-response,87,214485,subject_17,67d993866d1d7516d87e97de,67f553041b6b947432e5f48b,0.5891247858355094,0,left,-0.8806648635452109,3.3090056,1.82140345,1.0,0.0016363743403658628,-0.84072134,-10.924448,3.76701416,-4.2521546,156.04382572,18.0,6.901956650000001,6.901956650000001,0.725,8.925782555854742,34.5,273.68847277500004,22.0,47.345132775,80.49773385,24.5,88.88474869929352,60.16044669384837,28.5
2895,j,capitals,19,state,Kansas,Topeka,Wichita,What is the capital of Kansas?,The capital of Kansas is,0.125,0.395,3.16,True,critical,html-keyboard-response,89,218384,subject_17,67d993866d1d7516d87e97de,67f553041b6b947432e5f48b,0.5891247858355094,0,right,0.1663929004855008,3.69316615,2.64080265,1.0,0.010417797069994574,-1.07303922,-8.168856,1.73419138,-0.5498905999999999,162.288778245,35.0,2.9706022499999998,1.7607325999999994,0.5625,10.046628532789011,33.0,233.6914373035,18.0,65.7761040965,17.125884900000003,35.0,90.36345231361148,54.06264558247349,35.0
1008,j,capitals,41,state,Washington,Olympia,Seattle,What is the capital of Washington?,The capital of Washington is,0.0558,0.765,13.70967742,True,critical,html-keyboard-response,7,766699,subject_35,67d993866d1d7516d87e97de,67f555df14ce3715e6d45f79,0.9096106056143266,0,right,-0.1719072142156025,2.4590736499999997,3.76935035,1.0,0.018367961457392352,-0.44257853999999996,-7.3950467,3.85359726,-2.2241997000000007,144.06035742999998,23.0,4.896856099999999,4.896856099999999,0.6625000000000001,14.217480554285576,25.5,250.7986976015,25.0,103.96332209849999,33.6275834,16.0,99.67318648330391,49.08176857829807,25.0
456,f,capitals,27,state,Nebraska,Lincoln,Omaha,What is the capital of Nebraska?,The capital of Nebraska is,0.297,0.477,1.606060606,True,critical,html-keyboard-response,9,768171,subject_35,67d993866d1d7516d87e97de,67f555df14ce3715e6d45f79,0.9096106056143266,1,left,-0.6074806409232014,3.40945435,2.88149385,1.0,0.002427404976322155,-0.90226395,-9.880027,1.9579811500000002,-0.6194575000000002,166.84559195,14.0,6.48387735,5.795127749999999,0.9875,3.0583791478084397,38.0,334.6421603,20.0,16.19795,78.670469,18.0,81.67707104491953,87.8184827648541,24.0
339,j,capitals,16,state,Delaware,Dover,Wilmington,What is the capital of Delaware?,The capital of Delaware is,0.0403,0.0722,1.791563275,True,critical,html-keyboard-response,11,769518,subject_35,67d993866d1d7516d87e97de,67f555df14ce3715e6d45f79,0.9096106056143266,0,right,-0.699803269410138,4.2341493,0.72218523,1.0,0.012666345999679333,-1.74989815,-9.680467,0.94623425,3.385187,168.90373542999998,18.0,0.0,0.0,0.025,6.774399509720723,34.0,229.367487715,20.0,115.99101648500002,0.0,34.5,110.70916324533087,58.08677270925415,34.5
264,f,capitals,37,state,South Dakota,Pierre,Sioux Falls,What is the capital of South Dakota?,The capital of South Dakota is,0.0138,0.215,15.57971014,False,critical,html-keyboard-response,13,770789,subject_35,67d993866d1d7516d87e97de,67f555df14ce3715e6d45f79,0.9096106056143266,0,left,-0.7589844415171488,3.88962435,1.9988037,1.0,0.006089036055923473,-1.041340035,-9.381435,2.440622765,3.5832957499999987,176.86631975,18.0,2.7437485000000006,2.3335944999999993,0.45,6.963136166388008,32.0,279.15120511,20.0,98.78975829,20.867091999999992,16.0,89.17083306707906,49.97454210007436,26.0
293,j,capitals,29,state,New Hampshire,Concord,Manchester,What is the capital of New Hampshire?,The capital of New Hampshire is,0.0449,0.115,2.561247216,False,critical,html-keyboard-response,15,772088,subject_35,67d993866d1d7516d87e97de,67f555df14ce3715e6d45f79,0.9096106056143266,1,right,-0.7361010549691046,3.8924572,2.5146651,1.0,0.00224755864290748,-1.1561135,-10.1354995,2.64535425,0.8996589999999998,168.00271485000002,18.0,0.0,0.0,0.025,8.377304174979542,32.5,253.08660677999998,20.0,138.81277821999998,0.0,27.0,98.10982957505266,32.00701641793163,32.0
364,j,capitals,18,state,Illinois,Springfield,Chicago,What is the capital of Illinois?,The capital of Illinois is,0.111,2.612,23.53153153,False,critical,html-keyboard-response,17,773468,subject_35,67d993866d1d7516d87e97de,67f555df14ce3715e6d45f79,0.9096106056143266,1,right,-0.6800762120411346,3.7229846,2.02082935,1.0,0.0037192282102461744,-1.0637694,-9.972052999999999,1.8728581000000002,-5.79218335,170.65176035000002,18.0,8.6360925,8.6360925,0.675,5.610516716755836,37.0,311.23248041500005,22.5,49.248491285,81.37087019,25.0,83.27137832278736,56.50312887381918,25.0
1061,f,capitals,42,state,Wisconsin,Madison,Milwaukee,What is the capital of Wisconsin?,The capital of Wisconsin is,0.284,0.551,1.940140845,True,critical,html-keyboard-response,19,775539,subject_35,67d993866d1d7516d87e97de,67f555df14ce3715e6d45f79,0.9096106056143266,1,left,-0.1300858525933149,3.13448335,2.23414315,1.0,0.006828316610925306,-0.760507775,-9.046759,3.316440125,1.0081592500000003,161.19694813,16.0,0.0,0.0,0.025,8.781973336626725,35.0,233.021284015,20.0,104.89291063499999,0.0,33.0,87.39257794461776,27.410622132151936,33.0
1810,f,capitals,14,state,California,Sacramento,Los Angeles,What is the capital of California?,The capital of California is,0.527,3.8,7.210626186,False,critical,html-keyboard-response,21,778367,subject_35,67d993866d1d7516d87e97de,67f555df14ce3715e6d45f79,0.9096106056143266,0,left,0.4609367861820319,2.8312225,3.369704,1.0,0.1,-0.63638328,-4.58591525,4.79400397,-0.5027754,142.854805135,14.5,5.676533999999999,5.419304,0.5875,18.10634188869909,22.0,220.35396464500002,17.5,113.277399355,50.27004185000001,25.5,97.10799675216575,25.585019619395112,25.0
4494,f,capitals,24,state,Michigan,Lansing,Detroit,What is the capital of Michigan?,The capital of Michigan is,0.112,0.63,5.625,False,critical,html-keyboard-response,23,783878,subject_35,67d993866d1d7516d87e97de,67f555df14ce3715e6d45f79,0.9096106056143266,0,left,2.578833665318255,3.1715925,0.8199855199999999,1.0,0.020092460881934567,-0.8804468999999999,-8.9095815,2.08088635,-0.3318779999999997,162.992733545,18.0,2.8472903499999997,2.8472903499999997,0.7,7.4411319048798905,35.5,223.482275455,20.0,122.07790124499999,9.68996645,35.0,132.35050610599825,75.15181857684905,35.0
1051,j,capitals,31,state,New Mexico,Santa Fe,Albuquerque,What is the capital of New Mexico?,The capital of New Mexico is,0.0901,0.557,6.182019978,True,critical,html-keyboard-response,25,785937,subject_35,67d993866d1d7516d87e97de,67f555df14ce3715e6d45f79,0.9096106056143266,0,right,-0.1379766755409164,3.0991414500000003,1.3244324,1.0,0.014238667183262301,-0.69803795,-9.098272999999999,2.46943,0.3069240000000004,166.6062263,18.0,5.093978,3.5249351500000006,0.525,8.033448780088444,31.0,260.480373305,20.0,49.826687745000015,48.39635365000001,19.0,84.180459503387,57.783921029115376,24.0
6043,j,capitals,35,state,Oregon,Salem,Portland,What is the capital of Oregon?,The capital of Oregon is,0.178,0.615,3.45505618,False,critical,html-keyboard-response,27,792991,subject_35,67d993866d1d7516d87e97de,67f555df14ce3715e6d45f79,0.9096106056143266,1,right,3.801122139901716,3.87003685,0.9559546750000001,1.0,0.02684931506849315,-1.33495845,-8.585685999999999,2.0863518,0.6543089999999996,153.11513470199998,18.0,4.49311111,4.49311111,0.6875,9.833651245669653,33.5,221.757705704,20.0,88.948261346,12.927848335,34.0,127.8462239789101,66.26897622229141,34.0
374,j,capitals,30,state,New Jersey,Trenton,Newark,What is the capital of New Jersey?,The capital of New Jersey is,0.0898,0.306,3.407572383,True,critical,html-keyboard-response,29,794368,subject_35,67d993866d1d7516d87e97de,67f555df14ce3715e6d45f79,0.9096106056143266,0,right,-0.6721853890935331,3.3090056,1.82140345,1.0,0.0016363743403658628,-0.84072134,-10.924448,3.76701416,-4.2521546,156.04382572,18.0,6.901956650000001,6.901956650000001,0.725,8.925782555854742,34.5,273.68847277500004,22.0,47.345132775,80.49773385,24.5,88.88474869929352,60.16044669384837,28.5
274,f,capitals,32,state,New York,Albany,New York,What is the capital of New York?,The capital of New York is,0.103,7.937,77.05825243,False,critical,html-keyboard-response,31,795645,subject_35,67d993866d1d7516d87e97de,67f555df14ce3715e6d45f79,0.9096106056143266,0,left,-0.7510936185695474,2.31160665,4.8018915,1.0,0.07179487179487179,-0.40196120999999996,-4.7547025000000005,3.14106469,-1.30574515,164.00049312,18.0,4.1901697,3.862285,0.6875,15.47453789415244,25.5,229.375925891,15.0,53.021560058999995,59.8069269,27.0,75.81720478275057,45.627494070248844,27.0
173,j,capitals,11,country,United Arab Emirates,Abu Dhabi,Dubai,What is the capital of the United Arab Emirates?,The capital of the United Arab Emirates is,1.6,3.1,1.9375,True,critical,html-keyboard-response,33,796824,subject_35,67d993866d1d7516d87e97de,67f555df14ce3715e6d45f79,0.9096106056143266,0,right,-0.8307909303403218,3.6339115499999997,2.33935815,1.0,0.00522367703218767,-1.0856354000000001,-9.346349,2.50591525,-0.6000735000000006,159.839143965,14.0,3.36275555,3.36275555,0.65,9.84413945872573,31.0,260.0233028075,0.0,72.79101454250001,22.182172549999997,33.0,96.97781470445022,51.8589082146157,33.0
626,f,capitals,3,country,Canada,Ottawa,Toronto,What is the capital of Canada?,The capital of Canada is,1.465,6.491,4.430716724,True,critical,html-keyboard-response,35,798463,subject_35,67d993866d1d7516d87e97de,67f555df14ce3715e6d45f79,0.9096106056143266,1,left,-0.4733366508139771,3.41186485,1.57882065,1.0,0.09166666666666667,-0.8216695,-5.87537415,3.39860975,-1.0815602000000002,151.21389025500002,16.0,1.62056305,1.62056305,0.55,18.015003869553816,21.0,209.80200216699998,15.0,104.683861683,9.282030650000001,24.5,78.4247090436364,17.054693758663674,27.0
243,j,capitals,19,state,Kansas,Topeka,Wichita,What is the capital of Kansas?,The capital of Kansas is,0.125,0.395,3.16,False,critical,html-keyboard-response,37,799724,subject_35,67d993866d1d7516d87e97de,67f555df14ce3715e6d45f79,0.9096106056143266,1,right,-0.7755551697071118,3.69316615,2.64080265,1.0,0.010417797069994574,-1.07303922,-8.168856,1.73419138,-0.5498905999999999,162.288778245,35.0,2.9706022499999998,1.7607325999999994,0.5625,10.046628532789011,33.0,233.6914373035,18.0,65.7761040965,17.125884900000003,35.0,90.36345231361148,54.06264558247349,35.0
309,f,capitals,26,state,Montana,Helena,Billings,What is the capital of Montana?,The capital of Montana is,0.0359,0.123,3.426183844,False,critical,html-keyboard-response,39,801038,subject_35,67d993866d1d7516d87e97de,67f555df14ce3715e6d45f79,0.9096106056143266,0,left,-0.7234757382529423,4.00716885,2.3871716000000003,1.0,0.0004472704898291971,-1.22599375,-12.036882250000001,2.2819052,-1.00467525,175.57409865,18.0,2.4909772499999994,2.1745497500000006,0.5875,6.831399328645267,33.0,299.00474067,20.0,76.68242387999999,24.127286050000002,24.0,98.87916742139757,43.100083383269855,28.5
305,j,capitals,10,country,Turkey,Ankara,Istanbul,What is the capital of Turkey?,The capital of Turkey is,5.55,16.24,2.926126126,False,critical,html-keyboard-response,41,802346,subject_35,67d993866d1d7516d87e97de,67f555df14ce3715e6d45f79,0.9096106056143266,1,right,-0.7266320674319829,3.7206935999999997,3.6190253,1.0,0.0140625,-1.049432,-7.22749025,1.77928585,-1.0519376499999997,181.67489892999998,14.0,3.36303155,3.36303155,0.7875000000000001,7.10805059345744,34.0,232.28671097749998,0.0,68.73258667249999,23.91809185,34.0,109.98791459488866,68.21821684179301,34.0
350,j,capitals,17,state,Florida,Tallahassee,Jacksonville,What is the capital of Florida?,The capital of Florida is,0.205,1.008,4.917073171,True,critical,html-keyboard-response,43,803703,subject_35,67d993866d1d7516d87e97de,67f555df14ce3715e6d45f79,0.9096106056143266,0,right,-0.6911233641677765,3.563912,2.6319027999999998,1.0,0.008519591611479029,-0.95531795,-8.4452955,4.38171585,1.3466129999999996,162.1489442425,23.5,1.2571029,1.2571029,0.48750000000000004,9.093065063976583,33.0,222.1497324065,20.0,145.26711409350003,2.21744865,24.0,154.13877107879688,46.03097986487076,33.0
344,f,capitals,7,country,Pakistan,Islamabad,Karachi,What is the capital of Pakistan?,The capital of Pakistan is,1.3,18.1,13.92307692,False,critical,html-keyboard-response,45,805058,subject_35,67d993866d1d7516d87e97de,67f555df14ce3715e6d45f79,0.9096106056143266,0,left,-0.6958578579363374,3.8934075,2.6534792,1.0,0.0019266429313158284,-1.11515545,-10.314565,2.1734213999999996,-4.08459765,183.33887535,14.0,4.08459765,4.08459765,0.675,5.719409224572999,32.5,281.15069095,25.0,33.481899,38.1329444,25.0,81.74658055471438,60.49985834162654,25.0
385,j,capitals,20,state,Kentucky,Frankfort,Louisville,What is the capital of Kentucky?,The capital of Kentucky is,0.0281,0.617,21.95729537,True,critical,html-keyboard-response,47,806458,subject_35,67d993866d1d7516d87e97de,67f555df14ce3715e6d45f79,0.9096106056143266,0,right,-0.6635054838511715,3.0547366,2.2666612,1.0,0.000659358843533807,-0.74241135,-11.6135325,2.1753297,-0.9483945,176.88001325,18.0,5.5287013,4.96804475,0.75,4.405366338069108,37.0,336.0411206,26.0,22.964224,60.86410575,26.0,72.27622371274914,51.10917786191476,26.0
1271,j,capitals,34,state,North Dakota,Bismarck,Fargo,What is the capital of North Dakota?,The capital of North Dakota is,0.076,0.138,1.815789474,False,critical,html-keyboard-response,49,808733,subject_35,67d993866d1d7516d87e97de,67f555df14ce3715e6d45f79,0.9096106056143266,1,right,0.0356214293063149,3.1886295000000002,1.6228072999999998,1.0,0.04464285714285714,-0.8373848349999999,-6.98899085,3.346709315,2.0134886500000007,158.9716758025,18.0,1.0428039999999998,1.0428039999999998,0.425,10.24716289924514,32.5,181.48586626009998,20.0,91.95245258989999,1.3760648999999998,25.0,78.67897042291708,25.245962637347155,34.5
3684,f,capitals,22,state,Maine,Augusta,Portland,What is the capital of Maine?,The capital of Maine is,0.0192,0.0695,3.619791667,False,critical,html-keyboard-response,51,813428,subject_35,67d993866d1d7516d87e97de,67f555df14ce3715e6d45f79,0.9096106056143266,0,left,1.9396770065625393,3.7875023,2.4801948,1.0,0.0016831873627990133,-1.0323926499999998,-10.4254775,2.0421341999999996,-1.8715164999999994,169.20454695,18.0,5.94090445,5.94090445,0.95,2.583690266418973,37.0,311.71045002,37.0,44.16688318,51.44942174999999,21.0,71.44560616098389,59.91154959685878,37.0
746,j,capitals,21,state,Louisiana,Baton Rouge,New Orleans,What is the capital of Louisiana?,The capital of Louisiana is,0.215,0.351,1.63255814,True,critical,html-keyboard-response,53,815178,subject_35,67d993866d1d7516d87e97de,67f555df14ce3715e6d45f79,0.9096106056143266,0,right,-0.37864677544276,2.79039935,2.0269129,1.0,0.0034954039671020805,-0.60054295,-9.8353815,2.3737587500000004,-2.482563500000001,172.31991220000003,18.0,5.1981744999999995,3.793621,0.6875,7.716095282905707,34.5,282.68865437,20.0,29.084738729999994,68.09929645,24.5,62.8804213583455,54.76974795931437,27.0
440,j,capitals,5,country,Morrocco,Rabat,Marrakesh,What is the capital of Morrocco?,The capital of Morrocco is,2.02,1.085,0.5371287129,False,critical,html-keyboard-response,55,816622,subject_35,67d993866d1d7516d87e97de,67f555df14ce3715e6d45f79,0.9096106056143266,1,right,-0.6201059576393636,4.06911815,3.926867,1.0,0.001930509063232023,-1.06717185,-9.534113999999999,2.73666185,-0.551412,192.02520429999998,22.5,5.353308500000001,3.0599705000000004,0.6125,7.031879522295083,33.0,303.121009725,22.5,42.028869125,59.422086599999986,14.5,71.26685811006843,54.04151717765417,23.0
469,j,capitals,12,state,Alabama,Montgomery,Birmingham,What is the capital of Alabama?,The capital of Alabama is,0.192,0.194,1.010416667,False,critical,html-keyboard-response,57,818105,subject_35,67d993866d1d7516d87e97de,67f555df14ce3715e6d45f79,0.9096106056143266,1,right,-0.5972225710913195,3.1154528,2.2013875499999997,1.0,0.003584966270478638,-0.7024276,-9.767927,3.1901363,-1.4417109999999997,171.89705985,16.0,5.234766799999999,5.234766799999999,0.725,8.879740567094881,31.0,283.66813919000003,20.0,35.182526159999995,72.3701839,11.0,72.1080126268425,56.93717089653546,31.0
554,f,capitals,40,state,Virginia,Richmond,Virginia Beach,What is the capital of Virginia?,The capital of Virginia is,0.231,0.45,1.948051948,True,critical,html-keyboard-response,59,819674,subject_35,67d993866d1d7516d87e97de,67f555df14ce3715e6d45f79,0.9096106056143266,1,left,-0.5301505760367073,4.120711549999999,3.5882533,1.0,0.02312889812889813,-1.16916945,-6.914387700000001,2.59017605,0.19082209999999966,175.71893075000003,18.5,2.56121715,2.56121715,0.7,5.77276122250901,38.0,284.03714405,20.0,35.25386895,25.267003600000002,18.0,46.35421140072588,30.54006897158279,36.0
549,j,capitals,36,state,Pennsylvania,Harrisburg,Philadelphia,What is the capital of Pennsylvania?,The capital of Pennsylvania is,0.05,1.517,30.34,True,critical,html-keyboard-response,61,821231,subject_35,67d993866d1d7516d87e97de,67f555df14ce3715e6d45f79,0.9096106056143266,0,right,-0.5340959875105081,3.80286055,1.2945525999999998,1.0,0.005201455329470422,-0.971369375,-10.090643,2.9000446250000005,-0.7811735000000004,169.40291199,18.0,4.7394538,4.5681133,0.6625000000000001,12.812658898193753,26.5,280.7955821475,22.5,70.13658115249999,36.52358815000001,24.0,104.5548823855986,47.04693462155399,24.0
615,j,capitals,8,country,South Africa,Pretoria,Johannesburg,What is the capital of South Africa?,The capital of South Africa is,3.0,6.4,2.133333333,True,critical,html-keyboard-response,63,822875,subject_35,67d993866d1d7516d87e97de,67f555df14ce3715e6d45f79,0.9096106056143266,0,right,-0.4820165560563386,4.3614197,2.7407284,1.0,0.005607622617931896,-2.11893455,-8.995401000000001,2.2255171,-0.9749508000000002,168.89477075,14.0,4.743248,4.743248,0.8125,6.902744233458726,33.0,261.79318212500004,33.0,107.26548872500001,40.14546490000001,33.0,126.64268622248599,90.68654232034928,33.5
938,j,capitals,1,country,Australia,Canberra,Sydney,What is the capital of Australia?,The capital of Australia is,0.483,5.249,10.86749482,False,critical,html-keyboard-response,65,824839,subject_35,67d993866d1d7516d87e97de,67f555df14ce3715e6d45f79,0.9096106056143266,1,right,-0.2271429748488125,2.91766655,1.443579,1.0,0.013910060975609756,-0.732931825,-9.718684,2.424576675,-3.10026675,135.81862900000002,16.0,4.71659925,4.71659925,0.7,13.549338958870404,26.5,205.0319132245,16.0,133.7638296255,27.787327949999998,27.0,115.01755520776328,61.294825054348195,27.0
776,j,capitals,33,state,North Carolina,Raleigh,Charlotte,What is the capital of North Carolina?,The capital of North Carolina is,0.494,0.935,1.892712551,True,critical,html-keyboard-response,67,826632,subject_35,67d993866d1d7516d87e97de,67f555df14ce3715e6d45f79,0.9096106056143266,0,right,-0.3549743065999556,3.9989741,1.4837299000000002,1.0,0.017565485362095533,-1.2707921500000001,-8.2403645,2.6944252,2.3565879999999995,167.86508935,18.0,1.4855458000000001,1.4855458000000001,0.7124999999999999,8.574116496188747,32.5,209.911716892,20.0,142.86702770799997,5.01324945,7.0,125.69617107504936,62.09856014494803,35.0
1034,f,capitals,38,state,Texas,Austin,Houston,What is the capital of Texas?,The capital of Texas is,0.989,2.324,2.349848332,False,critical,html-keyboard-response,69,828669,subject_35,67d993866d1d7516d87e97de,67f555df14ce3715e6d45f79,0.9096106056143266,0,left,-0.1513910745518388,2.7289062,3.68736335,1.0,0.08712121212121213,-0.506320885,-4.40157605,4.012876565,1.53352215,151.14799460999998,11.0,0.08562525000000054,0.08562525000000054,0.35,19.22278273641858,20.0,198.241569792,15.0,136.22196335799998,0.08562525000000054,10.5,81.3456051528303,15.975005422746095,35.0
2101,f,capitals,6,country,New Zealand,Wellington,Auckland,What is the capital of New Zealand?,The capital of New Zealand is,0.428,1.711,3.997663551,True,critical,html-keyboard-response,71,831784,subject_35,67d993866d1d7516d87e97de,67f555df14ce3715e6d45f79,0.9096106056143266,1,left,0.6905597339572335,4.244933850000001,2.3052439,1.0,0.008300041328006613,-1.7685506,-8.672815499999999,2.1210044999999997,0.577696500000001,145.06194,14.0,4.1641122,4.1641122,0.5,13.508204608971669,26.0,251.64753062350002,26.0,86.95005627649999,49.788739050000004,26.0,100.41858076823004,69.00830151646427,29.0
2593,f,capitals,2,country,Brazil,Brasilia,Rio de Janeiro,What is the capital of Brazil?,The capital of Brazil is,4.99,13.923,2.790180361,True,critical,html-keyboard-response,73,835384,subject_35,67d993866d1d7516d87e97de,67f555df14ce3715e6d45f79,0.9096106056143266,1,left,1.0787882229792238,2.0599417,0.8546364200000001,1.0,0.010916269887353384,-0.37423359,-9.777523500000001,3.12931296,0.3757585000000008,171.91224647,18.0,3.580388749999999,2.5741565,0.55,9.253846674396854,34.0,298.44019958,15.0,47.51553901999999,30.58541265,22.0,58.33967382007255,24.97507531677988,22.0
2089,f,capitals,39,state,Vermont,Montpelier,Burlington,What is the capital of Vermont?,The capital of Vermont is,0.0079,0.0444,5.620253165,True,critical,html-keyboard-response,75,838490,subject_35,67d993866d1d7516d87e97de,67f555df14ce3715e6d45f79,0.9096106056143266,1,left,0.6810907464201118,2.8268120999999997,0.75283587,1.0,0.0034998085574806164,-0.637835275,-11.6183655,2.518385875,0.32600349999999967,158.75225502,18.0,2.6147142499999996,2.5662552499999993,0.44999999999999996,6.6844704108256,35.0,288.368095275,20.0,52.797800275,17.347483000000004,23.0,87.53368163162845,59.445257727624245,23.0
2009,j,capitals,15,state,Connecticut,Hartford,Bridgeport,What is the capital of Connecticut?,The capital of Connecticut is,0.119,0.148,1.243697479,False,critical,html-keyboard-response,77,841519,subject_35,67d993866d1d7516d87e97de,67f555df14ce3715e6d45f79,0.9096106056143266,1,right,0.6179641628393003,4.152413,2.4941535000000004,1.0,0.012903762903762904,-1.2379590999999999,-8.185617,4.8248759,4.25825,176.1870492,16.0,0.7039874999999993,0.7039874999999993,0.3,12.984765384964998,24.0,278.35317808,20.0,187.17906882,0.754308,10.5,97.3336617897597,26.70347104409089,31.0
1733,j,capitals,28,state,Nevada,Carson City,Las Vegas,What is the capital of Nevada?,The capital of Nevada is,0.0576,0.67,11.63194444,True,critical,html-keyboard-response,79,844258,subject_35,67d993866d1d7516d87e97de,67f555df14ce3715e6d45f79,0.9096106056143266,0,right,0.4001774494855009,3.21408655,2.2825403,1.0,0.009556159420289855,-0.7483732750000001,-8.5907935,3.2634109749999998,0.3897780000000006,154.31583923,24.0,0.6128969999999994,0.6128969999999994,0.46249999999999997,13.888110548784098,22.0,212.93093655299998,21.0,129.96025854700002,1.2335965999999998,27.5,151.10212968210539,49.69601040539513,33.0
2432,j,capitals,23,state,Maryland,Annapolis,Baltimore,What is the capital of Maryland?,The capital of Maryland is,0.0403,0.553,13.72208437,True,critical,html-keyboard-response,81,847707,subject_35,67d993866d1d7516d87e97de,67f555df14ce3715e6d45f79,0.9096106056143266,0,right,0.9517459735228408,3.6610867999999996,1.99519565,1.0,0.007435328135488201,-1.006010815,-9.066941499999999,2.3947849850000003,-2.0526531999999995,171.39884055,18.0,5.272523,5.272523,0.7124999999999999,8.627807633730525,31.0,269.905489795,21.0,82.80523015499999,30.549259500000005,17.5,88.24512507064568,61.977535890917494,35.0
3372,f,capitals,4,country,India,New Delhi,Mumbai,What is the capital of India?,The capital of India is,0.206,22.1,107.2815534,True,critical,html-keyboard-response,83,852085,subject_35,67d993866d1d7516d87e97de,67f555df14ce3715e6d45f79,0.9096106056143266,1,left,1.6934833305973749,3.3890189,1.4282650000000001,1.0,0.06971153846153846,-1.1690336,-6.6849964,4.1036254,2.7211151000000005,151.45156923500002,14.0,2.3097963499999996,1.1339184999999992,0.425,9.901198823968304,30.0,227.81903473,16.0,94.28140192000001,13.430843800000002,8.0,81.85221999731655,37.65522312456052,32.0
1352,j,capitals,25,state,Minnesota,St. Paul,Minneapolis,What is the capital of Minnesota?,The capital of Minnesota is,0.299,0.421,1.408026756,False,critical,html-keyboard-response,85,854451,subject_35,67d993866d1d7516d87e97de,67f555df14ce3715e6d45f79,0.9096106056143266,1,right,0.0995370951818865,3.58195065,1.6521141,1.0,0.017392619479733817,-1.4853812,-8.023998,2.1170464,1.1057884999999996,150.791991795,18.0,6.11360015,6.11360015,0.875,3.3354361793014986,36.5,291.73495485,35.0,30.489669350000007,37.57722344999999,35.0,64.16242236428235,64.57921294960164,35.0
805,j,capitals,9,country,Switzerland,Bern,Zurich,What is the capital of Switzerland?,The capital of Switzerland is,0.448,1.455,3.247767857,False,critical,html-keyboard-response,87,856269,subject_35,67d993866d1d7516d87e97de,67f555df14ce3715e6d45f79,0.9096106056143266,1,right,-0.3320909200519115,4.1456575,2.41449345,0.5,0.0021505425701852632,-1.92965085,-10.040487,1.9507065,-3.461702700000001,159.68889725000002,14.0,4.6987805499999995,4.6987805499999995,0.725,3.5004306147470485,37.0,294.98176505000004,16.0,73.5494113,34.15059715,1.0,73.47320395691726,42.42957016076099,37.0
1358,f,capitals,13,state,Alaska,Juneau,Anchorage,What is the capital of Alaska?,The capital of Alaska is,0.0311,0.283,9.099678457,False,critical,html-keyboard-response,89,858631,subject_35,67d993866d1d7516d87e97de,67f555df14ce3715e6d45f79,0.9096106056143266,0,left,0.1042715889504474,4.0331867,1.032167785,1.0,0.0012974288388852195,-1.38228545,-12.390654,1.9327201,-2.1549560000000003,158.058188835,18.0,4.9375237,4.9375237,0.9624999999999999,2.4642328656242176,37.0,348.27460882,33.0,8.84634368,72.57630929999998,37.0,50.961827169017766,61.5026154449013,37.0
1480,f,capitals,31,state,New Mexico,Santa Fe,Albuquerque,What is the capital of New Mexico?,The capital of New Mexico is,0.0901,0.557,6.182019978,False,critical,html-keyboard-response,7,25313,subject_26,67d993866d1d7516d87e97de,67f5501c62e6496094cbacbc,0.3203566281066039,0,left,-0.6989537723598264,3.0991414500000003,1.3244324,1.0,0.014238667183262301,-0.69803795,-9.098272999999999,2.46943,0.3069240000000004,166.6062263,18.0,5.093978,3.5249351500000006,0.525,8.033448780088444,31.0,260.480373305,20.0,49.826687745000015,48.39635365000001,19.0,84.180459503387,57.783921029115376,24.0
3186,j,capitals,33,state,North Carolina,Raleigh,Charlotte,What is the capital of North Carolina?,The capital of North Carolina is,0.494,0.935,1.892712551,False,critical,html-keyboard-response,9,29512,subject_26,67d993866d1d7516d87e97de,67f5501c62e6496094cbacbc,0.3203566281066039,1,right,1.332747472959698,3.9989741,1.4837299000000002,1.0,0.017565485362095533,-1.2707921500000001,-8.2403645,2.6944252,2.3565879999999995,167.86508935,18.0,1.4855458000000001,1.4855458000000001,0.7124999999999999,8.574116496188747,32.5,209.911716892,20.0,142.86702770799997,5.01324945,7.0,125.69617107504936,62.09856014494803,35.0
2175,f,capitals,11,country,United Arab Emirates,Abu Dhabi,Dubai,What is the capital of the United Arab Emirates?,The capital of the United Arab Emirates is,1.6,3.1,1.9375,True,critical,html-keyboard-response,11,32701,subject_26,67d993866d1d7516d87e97de,67f5501c62e6496094cbacbc,0.3203566281066039,1,left,0.1287322566536961,3.6339115499999997,2.33935815,1.0,0.00522367703218767,-1.0856354000000001,-9.346349,2.50591525,-0.6000735000000006,159.839143965,14.0,3.36275555,3.36275555,0.65,9.84413945872573,31.0,260.0233028075,0.0,72.79101454250001,22.182172549999997,33.0,96.97781470445022,51.8589082146157,33.0
2092,f,capitals,41,state,Washington,Olympia,Seattle,What is the capital of Washington?,The capital of Washington is,0.0558,0.765,13.70967742,True,critical,html-keyboard-response,13,35803,subject_26,67d993866d1d7516d87e97de,67f5501c62e6496094cbacbc,0.3203566281066039,1,left,0.0298862992319373,2.4590736499999997,3.76935035,1.0,0.018367961457392352,-0.44257853999999996,-7.3950467,3.85359726,-2.2241997000000007,144.06035742999998,23.0,4.896856099999999,4.896856099999999,0.6625000000000001,14.217480554285576,25.5,250.7986976015,25.0,103.96332209849999,33.6275834,16.0,99.67318648330391,49.08176857829807,25.0
2263,j,capitals,8,country,South Africa,Pretoria,Johannesburg,What is the capital of South Africa?,The capital of South Africa is,3.0,6.4,2.133333333,True,critical,html-keyboard-response,15,39077,subject_26,67d993866d1d7516d87e97de,67f5501c62e6496094cbacbc,0.3203566281066039,0,right,0.2335327898237537,4.3614197,2.7407284,1.0,0.005607622617931896,-2.11893455,-8.995401000000001,2.2255171,-0.9749508000000002,168.89477075,14.0,4.743248,4.743248,0.8125,6.902744233458726,33.0,261.79318212500004,33.0,107.26548872500001,40.14546490000001,33.0,126.64268622248599,90.68654232034928,33.5
4529,f,capitals,25,state,Minnesota,St. Paul,Minneapolis,What is the capital of Minnesota?,The capital of Minnesota is,0.299,0.421,1.408026756,False,critical,html-keyboard-response,17,44612,subject_26,67d993866d1d7516d87e97de,67f5501c62e6496094cbacbc,0.3203566281066039,0,left,2.932146518952735,3.58195065,1.6521141,1.0,0.017392619479733817,-1.4853812,-8.023998,2.1170464,1.1057884999999996,150.791991795,18.0,6.11360015,6.11360015,0.875,3.3354361793014986,36.5,291.73495485,35.0,30.489669350000007,37.57722344999999,35.0,64.16242236428235,64.57921294960164,35.0
1392,f,capitals,2,country,Brazil,Brasilia,Rio de Janeiro,What is the capital of Brazil?,The capital of Brazil is,4.99,13.923,2.790180361,False,critical,html-keyboard-response,19,47005,subject_26,67d993866d1d7516d87e97de,67f5501c62e6496094cbacbc,0.3203566281066039,0,left,-0.8037543055298839,2.0599417,0.8546364200000001,1.0,0.010916269887353384,-0.37423359,-9.777523500000001,3.12931296,0.3757585000000008,171.91224647,18.0,3.580388749999999,2.5741565,0.55,9.253846674396854,34.0,298.44019958,15.0,47.51553901999999,30.58541265,22.0,58.33967382007255,24.97507531677988,22.0
1232,j,capitals,9,country,Switzerland,Bern,Zurich,What is the capital of Switzerland?,The capital of Switzerland is,0.448,1.455,3.247767857,True,critical,html-keyboard-response,21,49253,subject_26,67d993866d1d7516d87e97de,67f5501c62e6496094cbacbc,0.3203566281066039,0,right,-0.994300729475443,4.1456575,2.41449345,0.5,0.0021505425701852632,-1.92965085,-10.040487,1.9507065,-3.461702700000001,159.68889725000002,14.0,4.6987805499999995,4.6987805499999995,0.725,3.5004306147470485,37.0,294.98176505000004,16.0,73.5494113,34.15059715,1.0,73.47320395691726,42.42957016076099,37.0
3112,f,capitals,16,state,Delaware,Dover,Wilmington,What is the capital of Delaware?,The capital of Delaware is,0.0403,0.0722,1.791563275,False,critical,html-keyboard-response,23,53379,subject_26,67d993866d1d7516d87e97de,67f5501c62e6496094cbacbc,0.3203566281066039,0,left,1.244619751884877,4.2341493,0.72218523,1.0,0.012666345999679333,-1.74989815,-9.680467,0.94623425,3.385187,168.90373542999998,18.0,0.0,0.0,0.025,6.774399509720723,34.0,229.367487715,20.0,115.99101648500002,0.0,34.5,110.70916324533087,58.08677270925415,34.5
2666,f,capitals,6,country,New Zealand,Wellington,Auckland,What is the capital of New Zealand?,The capital of New Zealand is,0.428,1.711,3.997663551,False,critical,html-keyboard-response,25,57055,subject_26,67d993866d1d7516d87e97de,67f5501c62e6496094cbacbc,0.3203566281066039,0,left,0.7134715951366308,4.244933850000001,2.3052439,1.0,0.008300041328006613,-1.7685506,-8.672815499999999,2.1210044999999997,0.577696500000001,145.06194,14.0,4.1641122,4.1641122,0.5,13.508204608971669,26.0,251.64753062350002,26.0,86.95005627649999,49.788739050000004,26.0,100.41858076823004,69.00830151646427,29.0
1569,j,capitals,38,state,Texas,Austin,Houston,What is the capital of Texas?,The capital of Texas is,0.989,2.324,2.349848332,True,critical,html-keyboard-response,27,59627,subject_26,67d993866d1d7516d87e97de,67f5501c62e6496094cbacbc,0.3203566281066039,0,right,-0.5929623240401091,2.7289062,3.68736335,1.0,0.08712121212121213,-0.506320885,-4.40157605,4.012876565,1.53352215,151.14799460999998,11.0,0.08562525000000054,0.08562525000000054,0.35,19.22278273641858,20.0,198.241569792,15.0,136.22196335799998,0.08562525000000054,10.5,81.3456051528303,15.975005422746095,35.0
1607,f,capitals,23,state,Maryland,Annapolis,Baltimore,What is the capital of Maryland?,The capital of Maryland is,0.0403,0.553,13.72208437,False,critical,html-keyboard-response,29,62241,subject_26,67d993866d1d7516d87e97de,67f5501c62e6496094cbacbc,0.3203566281066039,0,left,-0.5477075483530388,3.6610867999999996,1.99519565,1.0,0.007435328135488201,-1.006010815,-9.066941499999999,2.3947849850000003,-2.0526531999999995,171.39884055,18.0,5.272523,5.272523,0.7124999999999999,8.627807633730525,31.0,269.905489795,21.0,82.80523015499999,30.549259500000005,17.5,88.24512507064568,61.977535890917494,35.0
1957,j,capitals,29,state,New Hampshire,Concord,Manchester,What is the capital of New Hampshire?,The capital of New Hampshire is,0.0449,0.115,2.561247216,False,critical,html-keyboard-response,31,65204,subject_26,67d993866d1d7516d87e97de,67f5501c62e6496094cbacbc,0.3203566281066039,1,right,-0.1308872459721281,3.8924572,2.5146651,1.0,0.00224755864290748,-1.1561135,-10.1354995,2.64535425,0.8996589999999998,168.00271485000002,18.0,0.0,0.0,0.025,8.377304174979542,32.5,253.08660677999998,20.0,138.81277821999998,0.0,27.0,98.10982957505266,32.00701641793163,32.0
2753,f,capitals,36,state,Pennsylvania,Harrisburg,Philadelphia,What is the capital of Pennsylvania?,The capital of Pennsylvania is,0.05,1.517,30.34,False,critical,html-keyboard-response,33,68958,subject_26,67d993866d1d7516d87e97de,67f5501c62e6496094cbacbc,0.3203566281066039,0,left,0.8170812131570285,3.80286055,1.2945525999999998,1.0,0.005201455329470422,-0.971369375,-10.090643,2.9000446250000005,-0.7811735000000004,169.40291199,18.0,4.7394538,4.5681133,0.6625000000000001,12.812658898193753,26.5,280.7955821475,22.5,70.13658115249999,36.52358815000001,24.0,104.5548823855986,47.04693462155399,24.0
1858,f,capitals,32,state,New York,Albany,New York,What is the capital of New York?,The capital of New York is,0.103,7.937,77.05825243,True,critical,html-keyboard-response,35,71822,subject_26,67d993866d1d7516d87e97de,67f5501c62e6496094cbacbc,0.3203566281066039,1,left,-0.2487878457884428,2.31160665,4.8018915,1.0,0.07179487179487179,-0.40196120999999996,-4.7547025000000005,3.14106469,-1.30574515,164.00049312,18.0,4.1901697,3.862285,0.6875,15.47453789415244,25.5,229.375925891,15.0,53.021560058999995,59.8069269,27.0,75.81720478275057,45.627494070248844,27.0
2372,f,capitals,40,state,Virginia,Richmond,Virginia Beach,What is the capital of Virginia?,The capital of Virginia is,0.231,0.45,1.948051948,True,critical,html-keyboard-response,37,75202,subject_26,67d993866d1d7516d87e97de,67f5501c62e6496094cbacbc,0.3203566281066039,1,left,0.3633425411366658,4.120711549999999,3.5882533,1.0,0.02312889812889813,-1.16916945,-6.914387700000001,2.59017605,0.19082209999999966,175.71893075000003,18.5,2.56121715,2.56121715,0.7,5.77276122250901,38.0,284.03714405,20.0,35.25386895,25.267003600000002,18.0,46.35421140072588,30.54006897158279,36.0
1033,f,capitals,20,state,Kentucky,Frankfort,Louisville,What is the capital of Kentucky?,The capital of Kentucky is,0.0281,0.617,21.95729537,False,critical,html-keyboard-response,39,77239,subject_26,67d993866d1d7516d87e97de,67f5501c62e6496094cbacbc,0.3203566281066039,0,left,-1.2312928442577322,3.0547366,2.2666612,1.0,0.000659358843533807,-0.74241135,-11.6135325,2.1753297,-0.9483945,176.88001325,18.0,5.5287013,4.96804475,0.75,4.405366338069108,37.0,336.0411206,26.0,22.964224,60.86410575,26.0,72.27622371274914,51.10917786191476,26.0
2437,f,capitals,24,state,Michigan,Lansing,Detroit,What is the capital of Michigan?,The capital of Michigan is,0.112,0.63,5.625,True,critical,html-keyboard-response,41,80678,subject_26,67d993866d1d7516d87e97de,67f5501c62e6496094cbacbc,0.3203566281066039,1,left,0.4407520258645492,3.1715925,0.8199855199999999,1.0,0.020092460881934567,-0.8804468999999999,-8.9095815,2.08088635,-0.3318779999999997,162.992733545,18.0,2.8472903499999997,2.8472903499999997,0.7,7.4411319048798905,35.5,223.482275455,20.0,122.07790124499999,9.68996645,35.0,132.35050610599825,75.15181857684905,35.0
1384,f,capitals,14,state,California,Sacramento,Los Angeles,What is the capital of California?,The capital of California is,0.527,3.8,7.210626186,True,critical,html-keyboard-response,43,83067,subject_26,67d993866d1d7516d87e97de,67f5501c62e6496094cbacbc,0.3203566281066039,1,left,-0.8132816267271619,2.8312225,3.369704,1.0,0.1,-0.63638328,-4.58591525,4.79400397,-0.5027754,142.854805135,14.5,5.676533999999999,5.419304,0.5875,18.10634188869909,22.0,220.35396464500002,17.5,113.277399355,50.27004185000001,25.5,97.10799675216575,25.585019619395112,25.0
1819,j,capitals,4,country,India,New Delhi,Mumbai,What is the capital of India?,The capital of India is,0.206,22.1,107.2815534,False,critical,html-keyboard-response,45,85890,subject_26,67d993866d1d7516d87e97de,67f5501c62e6496094cbacbc,0.3203566281066039,1,right,-0.2952335366251729,3.3890189,1.4282650000000001,1.0,0.06971153846153846,-1.1690336,-6.6849964,4.1036254,2.7211151000000005,151.45156923500002,14.0,2.3097963499999996,1.1339184999999992,0.425,9.901198823968304,30.0,227.81903473,16.0,94.28140192000001,13.430843800000002,8.0,81.85221999731655,37.65522312456052,32.0
1360,j,capitals,10,country,Turkey,Ankara,Istanbul,What is the capital of Turkey?,The capital of Turkey is,5.55,16.24,2.926126126,True,critical,html-keyboard-response,47,88256,subject_26,67d993866d1d7516d87e97de,67f5501c62e6496094cbacbc,0.3203566281066039,0,right,-0.8418635903189957,3.7206935999999997,3.6190253,1.0,0.0140625,-1.049432,-7.22749025,1.77928585,-1.0519376499999997,181.67489892999998,14.0,3.36303155,3.36303155,0.7875000000000001,7.10805059345744,34.0,232.28671097749998,0.0,68.73258667249999,23.91809185,34.0,109.98791459488866,68.21821684179301,34.0
1463,j,capitals,18,state,Illinois,Springfield,Chicago,What is the capital of Illinois?,The capital of Illinois is,0.111,2.612,23.53153153,False,critical,html-keyboard-response,49,90735,subject_26,67d993866d1d7516d87e97de,67f5501c62e6496094cbacbc,0.3203566281066039,1,right,-0.719199329904042,3.7229846,2.02082935,1.0,0.0037192282102461744,-1.0637694,-9.972052999999999,1.8728581000000002,-5.79218335,170.65176035000002,18.0,8.6360925,8.6360925,0.675,5.610516716755836,37.0,311.23248041500005,22.5,49.248491285,81.37087019,25.0,83.27137832278736,56.50312887381918,25.0
1517,f,capitals,7,country,Pakistan,Islamabad,Karachi,What is the capital of Pakistan?,The capital of Pakistan is,1.3,18.1,13.92307692,True,critical,html-keyboard-response,51,93261,subject_26,67d993866d1d7516d87e97de,67f5501c62e6496094cbacbc,0.3203566281066039,1,left,-0.6548899118224157,3.8934075,2.6534792,1.0,0.0019266429313158284,-1.11515545,-10.314565,2.1734213999999996,-4.08459765,183.33887535,14.0,4.08459765,4.08459765,0.675,5.719409224572999,32.5,281.15069095,25.0,33.481899,38.1329444,25.0,81.74658055471438,60.49985834162654,25.0
1357,j,capitals,27,state,Nebraska,Lincoln,Omaha,What is the capital of Nebraska?,The capital of Nebraska is,0.297,0.477,1.606060606,False,critical,html-keyboard-response,53,95634,subject_26,67d993866d1d7516d87e97de,67f5501c62e6496094cbacbc,0.3203566281066039,1,right,-0.845436335767975,3.40945435,2.88149385,1.0,0.002427404976322155,-0.90226395,-9.880027,1.9579811500000002,-0.6194575000000002,166.84559195,14.0,6.48387735,5.795127749999999,0.9875,3.0583791478084397,38.0,334.6421603,20.0,16.19795,78.670469,18.0,81.67707104491953,87.8184827648541,24.0
1146,f,capitals,19,state,Kansas,Topeka,Wichita,What is the capital of Kansas?,The capital of Kansas is,0.125,0.395,3.16,True,critical,html-keyboard-response,55,97795,subject_26,67d993866d1d7516d87e97de,67f5501c62e6496094cbacbc,0.3203566281066039,1,left,-1.096719432346181,3.69316615,2.64080265,1.0,0.010417797069994574,-1.07303922,-8.168856,1.73419138,-0.5498905999999999,162.288778245,35.0,2.9706022499999998,1.7607325999999994,0.5625,10.046628532789011,33.0,233.6914373035,18.0,65.7761040965,17.125884900000003,35.0,90.36345231361148,54.06264558247349,35.0
1784,j,capitals,42,state,Wisconsin,Madison,Milwaukee,What is the capital of Wisconsin?,The capital of Wisconsin is,0.284,0.551,1.940140845,False,critical,html-keyboard-response,57,100587,subject_26,67d993866d1d7516d87e97de,67f5501c62e6496094cbacbc,0.3203566281066039,1,right,-0.3369155668632639,3.13448335,2.23414315,1.0,0.006828316610925306,-0.760507775,-9.046759,3.316440125,1.0081592500000003,161.19694813,16.0,0.0,0.0,0.025,8.781973336626725,35.0,233.021284015,20.0,104.89291063499999,0.0,33.0,87.39257794461776,27.410622132151936,33.0
1467,f,capitals,21,state,Louisiana,Baton Rouge,New Orleans,What is the capital of Louisiana?,The capital of Louisiana is,0.215,0.351,1.63255814,True,critical,html-keyboard-response,59,103062,subject_26,67d993866d1d7516d87e97de,67f5501c62e6496094cbacbc,0.3203566281066039,1,left,-0.714435669305403,2.79039935,2.0269129,1.0,0.0034954039671020805,-0.60054295,-9.8353815,2.3737587500000004,-2.482563500000001,172.31991220000003,18.0,5.1981744999999995,3.793621,0.6875,7.716095282905707,34.5,282.68865437,20.0,29.084738729999994,68.09929645,24.5,62.8804213583455,54.76974795931437,27.0
1427,j,capitals,17,state,Florida,Tallahassee,Jacksonville,What is the capital of Florida?,The capital of Florida is,0.205,1.008,4.917073171,False,critical,html-keyboard-response,61,105495,subject_26,67d993866d1d7516d87e97de,67f5501c62e6496094cbacbc,0.3203566281066039,1,right,-0.7620722752917928,3.563912,2.6319027999999998,1.0,0.008519591611479029,-0.95531795,-8.4452955,4.38171585,1.3466129999999996,162.1489442425,23.5,1.2571029,1.2571029,0.48750000000000004,9.093065063976583,33.0,222.1497324065,20.0,145.26711409350003,2.21744865,24.0,154.13877107879688,46.03097986487076,33.0
2485,f,capitals,13,state,Alaska,Juneau,Anchorage,What is the capital of Alaska?,The capital of Alaska is,0.0311,0.283,9.099678457,False,critical,html-keyboard-response,63,108986,subject_26,67d993866d1d7516d87e97de,67f5501c62e6496094cbacbc,0.3203566281066039,0,left,0.497915953048217,4.0331867,1.032167785,1.0,0.0012974288388852195,-1.38228545,-12.390654,1.9327201,-2.1549560000000003,158.058188835,18.0,4.9375237,4.9375237,0.9624999999999999,2.4642328656242176,37.0,348.27460882,33.0,8.84634368,72.57630929999998,37.0,50.961827169017766,61.5026154449013,37.0
2677,f,capitals,35,state,Oregon,Salem,Portland,What is the capital of Oregon?,The capital of Oregon is,0.178,0.615,3.45505618,True,critical,html-keyboard-response,65,112679,subject_26,67d993866d1d7516d87e97de,67f5501c62e6496094cbacbc,0.3203566281066039,1,left,0.726571661782888,3.87003685,0.9559546750000001,1.0,0.02684931506849315,-1.33495845,-8.585685999999999,2.0863518,0.6543089999999996,153.11513470199998,18.0,4.49311111,4.49311111,0.6875,9.833651245669653,33.5,221.757705704,20.0,88.948261346,12.927848335,34.0,127.8462239789101,66.26897622229141,34.0
1119,j,capitals,1,country,Australia,Canberra,Sydney,What is the capital of Australia?,The capital of Australia is,0.483,5.249,10.86749482,True,critical,html-keyboard-response,67,114805,subject_26,67d993866d1d7516d87e97de,67f5501c62e6496094cbacbc,0.3203566281066039,0,right,-1.128874141386994,2.91766655,1.443579,1.0,0.013910060975609756,-0.732931825,-9.718684,2.424576675,-3.10026675,135.81862900000002,16.0,4.71659925,4.71659925,0.7,13.549338958870404,26.5,205.0319132245,16.0,133.7638296255,27.787327949999998,27.0,115.01755520776328,61.294825054348195,27.0
3646,j,capitals,22,state,Maine,Augusta,Portland,What is the capital of Maine?,The capital of Maine is,0.0192,0.0695,3.619791667,True,critical,html-keyboard-response,69,119456,subject_26,67d993866d1d7516d87e97de,67f5501c62e6496094cbacbc,0.3203566281066039,0,right,1.8805684418031805,3.7875023,2.4801948,1.0,0.0016831873627990133,-1.0323926499999998,-10.4254775,2.0421341999999996,-1.8715164999999994,169.20454695,18.0,5.94090445,5.94090445,0.95,2.583690266418973,37.0,311.71045002,37.0,44.16688318,51.44942174999999,21.0,71.44560616098389,59.91154959685878,37.0
2230,f,capitals,39,state,Vermont,Montpelier,Burlington,What is the capital of Vermont?,The capital of Vermont is,0.0079,0.0444,5.620253165,False,critical,html-keyboard-response,71,122690,subject_26,67d993866d1d7516d87e97de,67f5501c62e6496094cbacbc,0.3203566281066039,0,left,0.1942325898849821,2.8268120999999997,0.75283587,1.0,0.0034998085574806164,-0.637835275,-11.6183655,2.518385875,0.32600349999999967,158.75225502,18.0,2.6147142499999996,2.5662552499999993,0.44999999999999996,6.6844704108256,35.0,288.368095275,20.0,52.797800275,17.347483000000004,23.0,87.53368163162845,59.445257727624245,23.0
1326,f,capitals,15,state,Connecticut,Hartford,Bridgeport,What is the capital of Connecticut?,The capital of Connecticut is,0.119,0.148,1.243697479,True,critical,html-keyboard-response,73,125027,subject_26,67d993866d1d7516d87e97de,67f5501c62e6496094cbacbc,0.3203566281066039,1,left,-0.882354705407427,4.152413,2.4941535000000004,1.0,0.012903762903762904,-1.2379590999999999,-8.185617,4.8248759,4.25825,176.1870492,16.0,0.7039874999999993,0.7039874999999993,0.3,12.984765384964998,24.0,278.35317808,20.0,187.17906882,0.754308,10.5,97.3336617897597,26.70347104409089,31.0
2709,f,capitals,28,state,Nevada,Carson City,Las Vegas,What is the capital of Nevada?,The capital of Nevada is,0.0576,0.67,11.63194444,False,critical,html-keyboard-response,75,128742,subject_26,67d993866d1d7516d87e97de,67f5501c62e6496094cbacbc,0.3203566281066039,0,left,0.7646809465719998,3.21408655,2.2825403,1.0,0.009556159420289855,-0.7483732750000001,-8.5907935,3.2634109749999998,0.3897780000000006,154.31583923,24.0,0.6128969999999994,0.6128969999999994,0.46249999999999997,13.888110548784098,22.0,212.93093655299998,21.0,129.96025854700002,1.2335965999999998,27.5,151.10212968210539,49.69601040539513,33.0
2543,f,capitals,5,country,Morrocco,Rabat,Marrakesh,What is the capital of Morrocco?,The capital of Morrocco is,2.02,1.085,0.5371287129,True,critical,html-keyboard-response,77,132288,subject_26,67d993866d1d7516d87e97de,67f5501c62e6496094cbacbc,0.3203566281066039,1,left,0.5669890317284823,4.06911815,3.926867,1.0,0.001930509063232023,-1.06717185,-9.534113999999999,2.73666185,-0.551412,192.02520429999998,22.5,5.353308500000001,3.0599705000000004,0.6125,7.031879522295083,33.0,303.121009725,22.5,42.028869125,59.422086599999986,14.5,71.26685811006843,54.04151717765417,23.0
1135,j,capitals,3,country,Canada,Ottawa,Toronto,What is the capital of Canada?,The capital of Canada is,1.465,6.491,4.430716724,True,critical,html-keyboard-response,79,134431,subject_26,67d993866d1d7516d87e97de,67f5501c62e6496094cbacbc,0.3203566281066039,0,right,-1.109819498992438,3.41186485,1.57882065,1.0,0.09166666666666667,-0.8216695,-5.87537415,3.39860975,-1.0815602000000002,151.21389025500002,16.0,1.62056305,1.62056305,0.55,18.015003869553816,21.0,209.80200216699998,15.0,104.683861683,9.282030650000001,24.5,78.4247090436364,17.054693758663674,27.0
2056,j,capitals,37,state,South Dakota,Pierre,Sioux Falls,What is the capital of South Dakota?,The capital of South Dakota is,0.0138,0.215,15.57971014,False,critical,html-keyboard-response,81,137489,subject_26,67d993866d1d7516d87e97de,67f5501c62e6496094cbacbc,0.3203566281066039,1,right,-0.0129866461558134,3.88962435,1.9988037,1.0,0.006089036055923473,-1.041340035,-9.381435,2.440622765,3.5832957499999987,176.86631975,18.0,2.7437485000000006,2.3335944999999993,0.45,6.963136166388008,32.0,279.15120511,20.0,98.78975829,20.867091999999992,16.0,89.17083306707906,49.97454210007436,26.0
1559,f,capitals,34,state,North Dakota,Bismarck,Fargo,What is the capital of North Dakota?,The capital of North Dakota is,0.076,0.138,1.815789474,True,critical,html-keyboard-response,83,140056,subject_26,67d993866d1d7516d87e97de,67f5501c62e6496094cbacbc,0.3203566281066039,1,left,-0.6048714755367065,3.1886295000000002,1.6228072999999998,1.0,0.04464285714285714,-0.8373848349999999,-6.98899085,3.346709315,2.0134886500000007,158.9716758025,18.0,1.0428039999999998,1.0428039999999998,0.425,10.24716289924514,32.5,181.48586626009998,20.0,91.95245258989999,1.3760648999999998,25.0,78.67897042291708,25.245962637347155,34.5
1767,j,capitals,12,state,Alabama,Montgomery,Birmingham,What is the capital of Alabama?,The capital of Alabama is,0.192,0.194,1.010416667,False,critical,html-keyboard-response,85,142831,subject_26,67d993866d1d7516d87e97de,67f5501c62e6496094cbacbc,0.3203566281066039,1,right,-0.3571611244074796,3.1154528,2.2013875499999997,1.0,0.003584966270478638,-0.7024276,-9.767927,3.1901363,-1.4417109999999997,171.89705985,16.0,5.234766799999999,5.234766799999999,0.725,8.879740567094881,31.0,283.66813919000003,20.0,35.182526159999995,72.3701839,11.0,72.1080126268425,56.93717089653546,31.0
4450,j,capitals,30,state,New Jersey,Trenton,Newark,What is the capital of New Jersey?,The capital of New Jersey is,0.0898,0.306,3.407572383,False,critical,html-keyboard-response,87,148283,subject_26,67d993866d1d7516d87e97de,67f5501c62e6496094cbacbc,0.3203566281066039,1,right,2.8380642221296153,3.3090056,1.82140345,1.0,0.0016363743403658628,-0.84072134,-10.924448,3.76701416,-4.2521546,156.04382572,18.0,6.901956650000001,6.901956650000001,0.725,8.925782555854742,34.5,273.68847277500004,22.0,47.345132775,80.49773385,24.5,88.88474869929352,60.16044669384837,28.5
2671,f,capitals,26,state,Montana,Helena,Billings,What is the capital of Montana?,The capital of Montana is,0.0359,0.123,3.426183844,True,critical,html-keyboard-response,89,151960,subject_26,67d993866d1d7516d87e97de,67f5501c62e6496094cbacbc,0.3203566281066039,1,left,0.7194261708849296,4.00716885,2.3871716000000003,1.0,0.0004472704898291971,-1.22599375,-12.036882250000001,2.2819052,-1.00467525,175.57409865,18.0,2.4909772499999994,2.1745497500000006,0.5875,6.831399328645267,33.0,299.00474067,20.0,76.68242387999999,24.127286050000002,24.0,98.87916742139757,43.100083383269855,28.5
2968,f,capitals,30,state,New Jersey,Trenton,Newark,What is the capital of New Jersey?,The capital of New Jersey is,0.0898,0.306,3.407572383,True,critical,html-keyboard-response,7,110532,subject_18,67d993866d1d7516d87e97de,67f5576462b73577d57e1593,0.058820149919702,1,left,3.520105206377161,3.3090056,1.82140345,1.0,0.0016363743403658628,-0.84072134,-10.924448,3.76701416,-4.2521546,156.04382572,18.0,6.901956650000001,6.901956650000001,0.725,8.925782555854742,34.5,273.68847277500004,22.0,47.345132775,80.49773385,24.5,88.88474869929352,60.16044669384837,28.5
1401,j,capitals,1,country,Australia,Canberra,Sydney,What is the capital of Australia?,The capital of Australia is,0.483,5.249,10.86749482,True,critical,html-keyboard-response,9,112949,subject_18,67d993866d1d7516d87e97de,67f5576462b73577d57e1593,0.058820149919702,0,right,0.1350642354171017,2.91766655,1.443579,1.0,0.013910060975609756,-0.732931825,-9.718684,2.424576675,-3.10026675,135.81862900000002,16.0,4.71659925,4.71659925,0.7,13.549338958870404,26.5,205.0319132245,16.0,133.7638296255,27.787327949999998,27.0,115.01755520776328,61.294825054348195,27.0
2041,f,capitals,40,state,Virginia,Richmond,Virginia Beach,What is the capital of Virginia?,The capital of Virginia is,0.231,0.45,1.948051948,True,critical,html-keyboard-response,11,116002,subject_18,67d993866d1d7516d87e97de,67f5576462b73577d57e1593,0.058820149919702,1,left,1.5175953275769218,4.120711549999999,3.5882533,1.0,0.02312889812889813,-1.16916945,-6.914387700000001,2.59017605,0.19082209999999966,175.71893075000003,18.5,2.56121715,2.56121715,0.7,5.77276122250901,38.0,284.03714405,20.0,35.25386895,25.267003600000002,18.0,46.35421140072588,30.54006897158279,36.0
1949,f,capitals,34,state,North Dakota,Bismarck,Fargo,What is the capital of North Dakota?,The capital of North Dakota is,0.076,0.138,1.815789474,False,critical,html-keyboard-response,13,118963,subject_18,67d993866d1d7516d87e97de,67f5576462b73577d57e1593,0.058820149919702,0,left,1.3188564830789475,3.1886295000000002,1.6228072999999998,1.0,0.04464285714285714,-0.8373848349999999,-6.98899085,3.346709315,2.0134886500000007,158.9716758025,18.0,1.0428039999999998,1.0428039999999998,0.425,10.24716289924514,32.5,181.48586626009998,20.0,91.95245258989999,1.3760648999999998,25.0,78.67897042291708,25.245962637347155,34.5
1328,j,capitals,36,state,Pennsylvania,Harrisburg,Philadelphia,What is the capital of Pennsylvania?,The capital of Pennsylvania is,0.05,1.517,30.34,True,critical,html-keyboard-response,15,121299,subject_18,67d993866d1d7516d87e97de,67f5576462b73577d57e1593,0.058820149919702,0,right,-0.0226307172823777,3.80286055,1.2945525999999998,1.0,0.005201455329470422,-0.971369375,-10.090643,2.9000446250000005,-0.7811735000000004,169.40291199,18.0,4.7394538,4.5681133,0.6625000000000001,12.812658898193753,26.5,280.7955821475,22.5,70.13658115249999,36.52358815000001,24.0,104.5548823855986,47.04693462155399,24.0
1833,f,capitals,37,state,South Dakota,Pierre,Sioux Falls,What is the capital of South Dakota?,The capital of South Dakota is,0.0138,0.215,15.57971014,False,critical,html-keyboard-response,17,124146,subject_18,67d993866d1d7516d87e97de,67f5576462b73577d57e1593,0.058820149919702,0,left,1.0682727226249802,3.88962435,1.9988037,1.0,0.006089036055923473,-1.041340035,-9.381435,2.440622765,3.5832957499999987,176.86631975,18.0,2.7437485000000006,2.3335944999999993,0.45,6.963136166388008,32.0,279.15120511,20.0,98.78975829,20.867091999999992,16.0,89.17083306707906,49.97454210007436,26.0
1326,j,capitals,39,state,Vermont,Montpelier,Burlington,What is the capital of Vermont?,The capital of Vermont is,0.0079,0.0444,5.620253165,True,critical,html-keyboard-response,19,126489,subject_18,67d993866d1d7516d87e97de,67f5576462b73577d57e1593,0.058820149919702,0,right,-0.0269511269453772,2.8268120999999997,0.75283587,1.0,0.0034998085574806164,-0.637835275,-11.6183655,2.518385875,0.32600349999999967,158.75225502,18.0,2.6147142499999996,2.5662552499999993,0.44999999999999996,6.6844704108256,35.0,288.368095275,20.0,52.797800275,17.347483000000004,23.0,87.53368163162845,59.445257727624245,23.0
972,j,capitals,13,state,Alaska,Juneau,Anchorage,What is the capital of Alaska?,The capital of Alaska is,0.0311,0.283,9.099678457,False,critical,html-keyboard-response,21,128478,subject_18,67d993866d1d7516d87e97de,67f5576462b73577d57e1593,0.058820149919702,1,right,-0.7916636372962776,4.0331867,1.032167785,1.0,0.0012974288388852195,-1.38228545,-12.390654,1.9327201,-2.1549560000000003,158.058188835,18.0,4.9375237,4.9375237,0.9624999999999999,2.4642328656242176,37.0,348.27460882,33.0,8.84634368,72.57630929999998,37.0,50.961827169017766,61.5026154449013,37.0
1271,f,capitals,22,state,Maine,Augusta,Portland,What is the capital of Maine?,The capital of Maine is,0.0192,0.0695,3.619791667,False,critical,html-keyboard-response,23,130760,subject_18,67d993866d1d7516d87e97de,67f5576462b73577d57e1593,0.058820149919702,0,left,-0.1457623926778617,3.7875023,2.4801948,1.0,0.0016831873627990133,-1.0323926499999998,-10.4254775,2.0421341999999996,-1.8715164999999994,169.20454695,18.0,5.94090445,5.94090445,0.95,2.583690266418973,37.0,311.71045002,37.0,44.16688318,51.44942174999999,21.0,71.44560616098389,59.91154959685878,37.0
1540,f,capitals,4,country,India,New Delhi,Mumbai,What is the capital of India?,The capital of India is,0.206,22.1,107.2815534,True,critical,html-keyboard-response,25,133306,subject_18,67d993866d1d7516d87e97de,67f5576462b73577d57e1593,0.058820149919702,1,left,0.4353327069955626,3.3890189,1.4282650000000001,1.0,0.06971153846153846,-1.1690336,-6.6849964,4.1036254,2.7211151000000005,151.45156923500002,14.0,2.3097963499999996,1.1339184999999992,0.425,9.901198823968304,30.0,227.81903473,16.0,94.28140192000001,13.430843800000002,8.0,81.85221999731655,37.65522312456052,32.0
995,j,capitals,42,state,Wisconsin,Madison,Milwaukee,What is the capital of Wisconsin?,The capital of Wisconsin is,0.284,0.551,1.940140845,True,critical,html-keyboard-response,27,135312,subject_18,67d993866d1d7516d87e97de,67f5576462b73577d57e1593,0.058820149919702,0,right,-0.7419789261717842,3.13448335,2.23414315,1.0,0.006828316610925306,-0.760507775,-9.046759,3.316440125,1.0081592500000003,161.19694813,16.0,0.0,0.0,0.025,8.781973336626725,35.0,233.021284015,20.0,104.89291063499999,0.0,33.0,87.39257794461776,27.410622132151936,33.0
1188,j,capitals,32,state,New York,Albany,New York,What is the capital of New York?,The capital of New York is,0.103,7.937,77.05825243,True,critical,html-keyboard-response,29,137504,subject_18,67d993866d1d7516d87e97de,67f5576462b73577d57e1593,0.058820149919702,0,right,-0.3250593936923384,2.31160665,4.8018915,1.0,0.07179487179487179,-0.40196120999999996,-4.7547025000000005,3.14106469,-1.30574515,164.00049312,18.0,4.1901697,3.862285,0.6875,15.47453789415244,25.5,229.375925891,15.0,53.021560058999995,59.8069269,27.0,75.81720478275057,45.627494070248844,27.0
1069,f,capitals,31,state,New Mexico,Santa Fe,Albuquerque,What is the capital of New Mexico?,The capital of New Mexico is,0.0901,0.557,6.182019978,False,critical,html-keyboard-response,31,139584,subject_18,67d993866d1d7516d87e97de,67f5576462b73577d57e1593,0.058820149919702,0,left,-0.582123768640805,3.0991414500000003,1.3244324,1.0,0.014238667183262301,-0.69803795,-9.098272999999999,2.46943,0.3069240000000004,166.6062263,18.0,5.093978,3.5249351500000006,0.525,8.033448780088444,31.0,260.480373305,20.0,49.826687745000015,48.39635365000001,19.0,84.180459503387,57.783921029115376,24.0
1102,f,capitals,3,country,Canada,Ottawa,Toronto,What is the capital of Canada?,The capital of Canada is,1.465,6.491,4.430716724,False,critical,html-keyboard-response,33,141700,subject_18,67d993866d1d7516d87e97de,67f5576462b73577d57e1593,0.058820149919702,0,left,-0.5108370092013143,3.41186485,1.57882065,1.0,0.09166666666666667,-0.8216695,-5.87537415,3.39860975,-1.0815602000000002,151.21389025500002,16.0,1.62056305,1.62056305,0.55,18.015003869553816,21.0,209.80200216699998,15.0,104.683861683,9.282030650000001,24.5,78.4247090436364,17.054693758663674,27.0
1068,j,capitals,23,state,Maryland,Annapolis,Baltimore,What is the capital of Maryland?,The capital of Maryland is,0.0403,0.553,13.72208437,True,critical,html-keyboard-response,35,143778,subject_18,67d993866d1d7516d87e97de,67f5576462b73577d57e1593,0.058820149919702,0,right,-0.5842839734723047,3.6610867999999996,1.99519565,1.0,0.007435328135488201,-1.006010815,-9.066941499999999,2.3947849850000003,-2.0526531999999995,171.39884055,18.0,5.272523,5.272523,0.7124999999999999,8.627807633730525,31.0,269.905489795,21.0,82.80523015499999,30.549259500000005,17.5,88.24512507064568,61.977535890917494,35.0
1022,j,capitals,9,country,Switzerland,Bern,Zurich,What is the capital of Switzerland?,The capital of Switzerland is,0.448,1.455,3.247767857,True,critical,html-keyboard-response,37,145810,subject_18,67d993866d1d7516d87e97de,67f5576462b73577d57e1593,0.058820149919702,0,right,-0.6836533957212917,4.1456575,2.41449345,0.5,0.0021505425701852632,-1.92965085,-10.040487,1.9507065,-3.461702700000001,159.68889725000002,14.0,4.6987805499999995,4.6987805499999995,0.725,3.5004306147470485,37.0,294.98176505000004,16.0,73.5494113,34.15059715,1.0,73.47320395691726,42.42957016076099,37.0
1019,f,capitals,6,country,New Zealand,Wellington,Auckland,What is the capital of New Zealand?,The capital of New Zealand is,0.428,1.711,3.997663551,False,critical,html-keyboard-response,39,147839,subject_18,67d993866d1d7516d87e97de,67f5576462b73577d57e1593,0.058820149919702,0,left,-0.6901340102157909,4.244933850000001,2.3052439,1.0,0.008300041328006613,-1.7685506,-8.672815499999999,2.1210044999999997,0.577696500000001,145.06194,14.0,4.1641122,4.1641122,0.5,13.508204608971669,26.0,251.64753062350002,26.0,86.95005627649999,49.788739050000004,26.0,100.41858076823004,69.00830151646427,29.0
1286,j,capitals,38,state,Texas,Austin,Houston,What is the capital of Texas?,The capital of Texas is,0.989,2.324,2.349848332,True,critical,html-keyboard-response,41,150138,subject_18,67d993866d1d7516d87e97de,67f5576462b73577d57e1593,0.058820149919702,0,right,-0.1133593202053659,2.7289062,3.68736335,1.0,0.08712121212121213,-0.506320885,-4.40157605,4.012876565,1.53352215,151.14799460999998,11.0,0.08562525000000054,0.08562525000000054,0.35,19.22278273641858,20.0,198.241569792,15.0,136.22196335799998,0.08562525000000054,10.5,81.3456051528303,15.975005422746095,35.0
1681,f,capitals,10,country,Turkey,Ankara,Istanbul,What is the capital of Turkey?,The capital of Turkey is,5.55,16.24,2.926126126,False,critical,html-keyboard-response,43,152835,subject_18,67d993866d1d7516d87e97de,67f5576462b73577d57e1593,0.058820149919702,0,left,0.739921588237023,3.7206935999999997,3.6190253,1.0,0.0140625,-1.049432,-7.22749025,1.77928585,-1.0519376499999997,181.67489892999998,14.0,3.36303155,3.36303155,0.7875000000000001,7.10805059345744,34.0,232.28671097749998,0.0,68.73258667249999,23.91809185,34.0,109.98791459488866,68.21821684179301,34.0
1354,f,capitals,24,state,Michigan,Lansing,Detroit,What is the capital of Michigan?,The capital of Michigan is,0.112,0.63,5.625,False,critical,html-keyboard-response,45,155194,subject_18,67d993866d1d7516d87e97de,67f5576462b73577d57e1593,0.058820149919702,0,left,0.0335346083366149,3.1715925,0.8199855199999999,1.0,0.020092460881934567,-0.8804468999999999,-8.9095815,2.08088635,-0.3318779999999997,162.992733545,18.0,2.8472903499999997,2.8472903499999997,0.7,7.4411319048798905,35.5,223.482275455,20.0,122.07790124499999,9.68996645,35.0,132.35050610599825,75.15181857684905,35.0
1379,f,capitals,16,state,Delaware,Dover,Wilmington,What is the capital of Delaware?,The capital of Delaware is,0.0403,0.0722,1.791563275,False,critical,html-keyboard-response,47,157578,subject_18,67d993866d1d7516d87e97de,67f5576462b73577d57e1593,0.058820149919702,0,left,0.0875397291241078,4.2341493,0.72218523,1.0,0.012666345999679333,-1.74989815,-9.680467,0.94623425,3.385187,168.90373542999998,18.0,0.0,0.0,0.025,6.774399509720723,34.0,229.367487715,20.0,115.99101648500002,0.0,34.5,110.70916324533087,58.08677270925415,34.5
1279,j,capitals,14,state,California,Sacramento,Los Angeles,What is the capital of California?,The capital of California is,0.527,3.8,7.210626186,False,critical,html-keyboard-response,49,159861,subject_18,67d993866d1d7516d87e97de,67f5576462b73577d57e1593,0.058820149919702,1,right,-0.128480754025864,2.8312225,3.369704,1.0,0.1,-0.63638328,-4.58591525,4.79400397,-0.5027754,142.854805135,14.5,5.676533999999999,5.419304,0.5875,18.10634188869909,22.0,220.35396464500002,17.5,113.277399355,50.27004185000001,25.5,97.10799675216575,25.585019619395112,25.0
946,j,capitals,19,state,Kansas,Topeka,Wichita,What is the capital of Kansas?,The capital of Kansas is,0.125,0.395,3.16,False,critical,html-keyboard-response,51,161814,subject_18,67d993866d1d7516d87e97de,67f5576462b73577d57e1593,0.058820149919702,1,right,-0.8478289629152703,3.69316615,2.64080265,1.0,0.010417797069994574,-1.07303922,-8.168856,1.73419138,-0.5498905999999999,162.288778245,35.0,2.9706022499999998,1.7607325999999994,0.5625,10.046628532789011,33.0,233.6914373035,18.0,65.7761040965,17.125884900000003,35.0,90.36345231361148,54.06264558247349,35.0
916,j,capitals,33,state,North Carolina,Raleigh,Charlotte,What is the capital of North Carolina?,The capital of North Carolina is,0.494,0.935,1.892712551,True,critical,html-keyboard-response,53,163740,subject_18,67d993866d1d7516d87e97de,67f5576462b73577d57e1593,0.058820149919702,0,right,-0.912635107860262,3.9989741,1.4837299000000002,1.0,0.017565485362095533,-1.2707921500000001,-8.2403645,2.6944252,2.3565879999999995,167.86508935,18.0,1.4855458000000001,1.4855458000000001,0.7124999999999999,8.574116496188747,32.5,209.911716892,20.0,142.86702770799997,5.01324945,7.0,125.69617107504936,62.09856014494803,35.0
1110,f,capitals,2,country,Brazil,Brasilia,Rio de Janeiro,What is the capital of Brazil?,The capital of Brazil is,4.99,13.923,2.790180361,True,critical,html-keyboard-response,55,165866,subject_18,67d993866d1d7516d87e97de,67f5576462b73577d57e1593,0.058820149919702,1,left,-0.4935553705493165,2.0599417,0.8546364200000001,1.0,0.010916269887353384,-0.37423359,-9.777523500000001,3.12931296,0.3757585000000008,171.91224647,18.0,3.580388749999999,2.5741565,0.55,9.253846674396854,34.0,298.44019958,15.0,47.51553901999999,30.58541265,22.0,58.33967382007255,24.97507531677988,22.0
1324,j,capitals,15,state,Connecticut,Hartford,Bridgeport,What is the capital of Connecticut?,The capital of Connecticut is,0.119,0.148,1.243697479,False,critical,html-keyboard-response,57,168204,subject_18,67d993866d1d7516d87e97de,67f5576462b73577d57e1593,0.058820149919702,1,right,-0.0312715366083766,4.152413,2.4941535000000004,1.0,0.012903762903762904,-1.2379590999999999,-8.185617,4.8248759,4.25825,176.1870492,16.0,0.7039874999999993,0.7039874999999993,0.3,12.984765384964998,24.0,278.35317808,20.0,187.17906882,0.754308,10.5,97.3336617897597,26.70347104409089,31.0
1488,j,capitals,5,country,Morrocco,Rabat,Marrakesh,What is the capital of Morrocco?,The capital of Morrocco is,2.02,1.085,0.5371287129,False,critical,html-keyboard-response,59,170707,subject_18,67d993866d1d7516d87e97de,67f5576462b73577d57e1593,0.058820149919702,1,right,0.3230020557575772,4.06911815,3.926867,1.0,0.001930509063232023,-1.06717185,-9.534113999999999,2.73666185,-0.551412,192.02520429999998,22.5,5.353308500000001,3.0599705000000004,0.6125,7.031879522295083,33.0,303.121009725,22.5,42.028869125,59.422086599999986,14.5,71.26685811006843,54.04151717765417,23.0
1050,f,capitals,12,state,Alabama,Montgomery,Birmingham,What is the capital of Alabama?,The capital of Alabama is,0.192,0.194,1.010416667,False,critical,html-keyboard-response,61,172766,subject_18,67d993866d1d7516d87e97de,67f5576462b73577d57e1593,0.058820149919702,0,left,-0.6231676604392996,3.1154528,2.2013875499999997,1.0,0.003584966270478638,-0.7024276,-9.767927,3.1901363,-1.4417109999999997,171.89705985,16.0,5.234766799999999,5.234766799999999,0.725,8.879740567094881,31.0,283.66813919000003,20.0,35.182526159999995,72.3701839,11.0,72.1080126268425,56.93717089653546,31.0
1299,f,capitals,17,state,Florida,Tallahassee,Jacksonville,What is the capital of Florida?,The capital of Florida is,0.205,1.008,4.917073171,True,critical,html-keyboard-response,63,175069,subject_18,67d993866d1d7516d87e97de,67f5576462b73577d57e1593,0.058820149919702,1,left,-0.0852766573958696,3.563912,2.6319027999999998,1.0,0.008519591611479029,-0.95531795,-8.4452955,4.38171585,1.3466129999999996,162.1489442425,23.5,1.2571029,1.2571029,0.48750000000000004,9.093065063976583,33.0,222.1497324065,20.0,145.26711409350003,2.21744865,24.0,154.13877107879688,46.03097986487076,33.0
1034,j,capitals,27,state,Nebraska,Lincoln,Omaha,What is the capital of Nebraska?,The capital of Nebraska is,0.297,0.477,1.606060606,True,critical,html-keyboard-response,65,177118,subject_18,67d993866d1d7516d87e97de,67f5576462b73577d57e1593,0.058820149919702,0,right,-0.6577309377432952,3.40945435,2.88149385,1.0,0.002427404976322155,-0.90226395,-9.880027,1.9579811500000002,-0.6194575000000002,166.84559195,14.0,6.48387735,5.795127749999999,0.9875,3.0583791478084397,38.0,334.6421603,20.0,16.19795,78.670469,18.0,81.67707104491953,87.8184827648541,24.0
547,f,capitals,7,country,Pakistan,Islamabad,Karachi,What is the capital of Pakistan?,The capital of Pakistan is,1.3,18.1,13.92307692,True,critical,html-keyboard-response,67,178678,subject_18,67d993866d1d7516d87e97de,67f5576462b73577d57e1593,0.058820149919702,1,left,-1.709750690683658,3.8934075,2.6534792,1.0,0.0019266429313158284,-1.11515545,-10.314565,2.1734213999999996,-4.08459765,183.33887535,14.0,4.08459765,4.08459765,0.675,5.719409224572999,32.5,281.15069095,25.0,33.481899,38.1329444,25.0,81.74658055471438,60.49985834162654,25.0
1605,j,capitals,25,state,Minnesota,St. Paul,Minneapolis,What is the capital of Minnesota?,The capital of Minnesota is,0.299,0.421,1.408026756,False,critical,html-keyboard-response,69,181297,subject_18,67d993866d1d7516d87e97de,67f5576462b73577d57e1593,0.058820149919702,1,right,0.5757460210430444,3.58195065,1.6521141,1.0,0.017392619479733817,-1.4853812,-8.023998,2.1170464,1.1057884999999996,150.791991795,18.0,6.11360015,6.11360015,0.875,3.3354361793014986,36.5,291.73495485,35.0,30.489669350000007,37.57722344999999,35.0,64.16242236428235,64.57921294960164,35.0
1482,f,capitals,11,country,United Arab Emirates,Abu Dhabi,Dubai,What is the capital of the United Arab Emirates?,The capital of the United Arab Emirates is,1.6,3.1,1.9375,True,critical,html-keyboard-response,71,183790,subject_18,67d993866d1d7516d87e97de,67f5576462b73577d57e1593,0.058820149919702,1,left,0.3100408267685789,3.6339115499999997,2.33935815,1.0,0.00522367703218767,-1.0856354000000001,-9.346349,2.50591525,-0.6000735000000006,159.839143965,14.0,3.36275555,3.36275555,0.65,9.84413945872573,31.0,260.0233028075,0.0,72.79101454250001,22.182172549999997,33.0,96.97781470445022,51.8589082146157,33.0
2470,f,capitals,18,state,Illinois,Springfield,Chicago,What is the capital of Illinois?,The capital of Illinois is,0.111,2.612,23.53153153,False,critical,html-keyboard-response,73,187269,subject_18,67d993866d1d7516d87e97de,67f5576462b73577d57e1593,0.058820149919702,0,left,2.444323200290301,3.7229846,2.02082935,1.0,0.0037192282102461744,-1.0637694,-9.972052999999999,1.8728581000000002,-5.79218335,170.65176035000002,18.0,8.6360925,8.6360925,0.675,5.610516716755836,37.0,311.23248041500005,22.5,49.248491285,81.37087019,25.0,83.27137832278736,56.50312887381918,25.0
1572,f,capitals,29,state,New Hampshire,Concord,Manchester,What is the capital of New Hampshire?,The capital of New Hampshire is,0.0449,0.115,2.561247216,False,critical,html-keyboard-response,75,189849,subject_18,67d993866d1d7516d87e97de,67f5576462b73577d57e1593,0.058820149919702,0,left,0.5044592616035536,3.8924572,2.5146651,1.0,0.00224755864290748,-1.1561135,-10.1354995,2.64535425,0.8996589999999998,168.00271485000002,18.0,0.0,0.0,0.025,8.377304174979542,32.5,253.08660677999998,20.0,138.81277821999998,0.0,27.0,98.10982957505266,32.00701641793163,32.0
795,j,capitals,20,state,Kentucky,Frankfort,Louisville,What is the capital of Kentucky?,The capital of Kentucky is,0.0281,0.617,21.95729537,False,critical,html-keyboard-response,77,191648,subject_18,67d993866d1d7516d87e97de,67f5576462b73577d57e1593,0.058820149919702,1,right,-1.174019892471728,3.0547366,2.2666612,1.0,0.000659358843533807,-0.74241135,-11.6135325,2.1753297,-0.9483945,176.88001325,18.0,5.5287013,4.96804475,0.75,4.405366338069108,37.0,336.0411206,26.0,22.964224,60.86410575,26.0,72.27622371274914,51.10917786191476,26.0
1465,j,capitals,41,state,Washington,Olympia,Seattle,What is the capital of Washington?,The capital of Washington is,0.0558,0.765,13.70967742,True,critical,html-keyboard-response,79,194115,subject_18,67d993866d1d7516d87e97de,67f5576462b73577d57e1593,0.058820149919702,0,right,0.2733173446330837,2.4590736499999997,3.76935035,1.0,0.018367961457392352,-0.44257853999999996,-7.3950467,3.85359726,-2.2241997000000007,144.06035742999998,23.0,4.896856099999999,4.896856099999999,0.6625000000000001,14.217480554285576,25.5,250.7986976015,25.0,103.96332209849999,33.6275834,16.0,99.67318648330391,49.08176857829807,25.0
809,f,capitals,35,state,Oregon,Salem,Portland,What is the capital of Oregon?,The capital of Oregon is,0.178,0.615,3.45505618,False,critical,html-keyboard-response,81,195929,subject_18,67d993866d1d7516d87e97de,67f5576462b73577d57e1593,0.058820149919702,0,left,-1.143777024830732,3.87003685,0.9559546750000001,1.0,0.02684931506849315,-1.33495845,-8.585685999999999,2.0863518,0.6543089999999996,153.11513470199998,18.0,4.49311111,4.49311111,0.6875,9.833651245669653,33.5,221.757705704,20.0,88.948261346,12.927848335,34.0,127.8462239789101,66.26897622229141,34.0
2123,f,capitals,21,state,Louisiana,Baton Rouge,New Orleans,What is the capital of Louisiana?,The capital of Louisiana is,0.215,0.351,1.63255814,True,critical,html-keyboard-response,83,199060,subject_18,67d993866d1d7516d87e97de,67f5576462b73577d57e1593,0.058820149919702,1,left,1.694732123759899,2.79039935,2.0269129,1.0,0.0034954039671020805,-0.60054295,-9.8353815,2.3737587500000004,-2.482563500000001,172.31991220000003,18.0,5.1981744999999995,3.793621,0.6875,7.716095282905707,34.5,282.68865437,20.0,29.084738729999994,68.09929645,24.5,62.8804213583455,54.76974795931437,27.0
1118,j,capitals,28,state,Nevada,Carson City,Las Vegas,What is the capital of Nevada?,The capital of Nevada is,0.0576,0.67,11.63194444,False,critical,html-keyboard-response,85,201193,subject_18,67d993866d1d7516d87e97de,67f5576462b73577d57e1593,0.058820149919702,1,right,-0.4762737318973187,3.21408655,2.2825403,1.0,0.009556159420289855,-0.7483732750000001,-8.5907935,3.2634109749999998,0.3897780000000006,154.31583923,24.0,0.6128969999999994,0.6128969999999994,0.46249999999999997,13.888110548784098,22.0,212.93093655299998,21.0,129.96025854700002,1.2335965999999998,27.5,151.10212968210539,49.69601040539513,33.0
1134,f,capitals,26,state,Montana,Helena,Billings,What is the capital of Montana?,The capital of Montana is,0.0359,0.123,3.426183844,True,critical,html-keyboard-response,87,203337,subject_18,67d993866d1d7516d87e97de,67f5576462b73577d57e1593,0.058820149919702,1,left,-0.4417104545933232,4.00716885,2.3871716000000003,1.0,0.0004472704898291971,-1.22599375,-12.036882250000001,2.2819052,-1.00467525,175.57409865,18.0,2.4909772499999994,2.1745497500000006,0.5875,6.831399328645267,33.0,299.00474067,20.0,76.68242387999999,24.127286050000002,24.0,98.87916742139757,43.100083383269855,28.5
858,f,capitals,8,country,South Africa,Pretoria,Johannesburg,What is the capital of South Africa?,The capital of South Africa is,3.0,6.4,2.133333333,True,critical,html-keyboard-response,89,205212,subject_18,67d993866d1d7516d87e97de,67f5576462b73577d57e1593,0.058820149919702,1,left,-1.0379269880872457,4.3614197,2.7407284,1.0,0.005607622617931896,-2.11893455,-8.995401000000001,2.2255171,-0.9749508000000002,168.89477075,14.0,4.743248,4.743248,0.8125,6.902744233458726,33.0,261.79318212500004,33.0,107.26548872500001,40.14546490000001,33.0,126.64268622248599,90.68654232034928,33.5
1747,f,capitals,4,country,India,New Delhi,Mumbai,What is the capital of India?,The capital of India is,0.206,22.1,107.2815534,True,critical,html-keyboard-response,7,59107,subject_0,67d993866d1d7516d87e97de,67f54eeec3cc2aee0ce248ad,0.8570890864144345,1,left,-0.6119137887719893,3.3890189,1.4282650000000001,1.0,0.06971153846153846,-1.1690336,-6.6849964,4.1036254,2.7211151000000005,151.45156923500002,14.0,2.3097963499999996,1.1339184999999992,0.425,9.901198823968304,30.0,227.81903473,16.0,94.28140192000001,13.430843800000002,8.0,81.85221999731655,37.65522312456052,32.0
1797,f,capitals,30,state,New Jersey,Trenton,Newark,What is the capital of New Jersey?,The capital of New Jersey is,0.0898,0.306,3.407572383,True,critical,html-keyboard-response,9,61912,subject_0,67d993866d1d7516d87e97de,67f54eeec3cc2aee0ce248ad,0.8570890864144345,1,left,-0.5556520130968065,3.3090056,1.82140345,1.0,0.0016363743403658628,-0.84072134,-10.924448,3.76701416,-4.2521546,156.04382572,18.0,6.901956650000001,6.901956650000001,0.725,8.925782555854742,34.5,273.68847277500004,22.0,47.345132775,80.49773385,24.5,88.88474869929352,60.16044669384837,28.5
1691,j,capitals,6,country,New Zealand,Wellington,Auckland,What is the capital of New Zealand?,The capital of New Zealand is,0.428,1.711,3.997663551,True,critical,html-keyboard-response,11,64606,subject_0,67d993866d1d7516d87e97de,67f54eeec3cc2aee0ce248ad,0.8570890864144345,0,right,-0.6749269775281942,4.244933850000001,2.3052439,1.0,0.008300041328006613,-1.7685506,-8.672815499999999,2.1210044999999997,0.577696500000001,145.06194,14.0,4.1641122,4.1641122,0.5,13.508204608971669,26.0,251.64753062350002,26.0,86.95005627649999,49.788739050000004,26.0,100.41858076823004,69.00830151646427,29.0
2021,j,capitals,5,country,Morrocco,Rabat,Marrakesh,What is the capital of Morrocco?,The capital of Morrocco is,2.02,1.085,0.5371287129,False,critical,html-keyboard-response,13,67631,subject_0,67d993866d1d7516d87e97de,67f54eeec3cc2aee0ce248ad,0.8570890864144345,1,right,-0.303599258071987,4.06911815,3.926867,1.0,0.001930509063232023,-1.06717185,-9.534113999999999,2.73666185,-0.551412,192.02520429999998,22.5,5.353308500000001,3.0599705000000004,0.6125,7.031879522295083,33.0,303.121009725,22.5,42.028869125,59.422086599999986,14.5,71.26685811006843,54.04151717765417,23.0
2190,j,capitals,35,state,Oregon,Salem,Portland,What is the capital of Oregon?,The capital of Oregon is,0.178,0.615,3.45505618,True,critical,html-keyboard-response,15,70839,subject_0,67d993866d1d7516d87e97de,67f54eeec3cc2aee0ce248ad,0.8570890864144345,0,right,-0.1134344562898688,3.87003685,0.9559546750000001,1.0,0.02684931506849315,-1.33495845,-8.585685999999999,2.0863518,0.6543089999999996,153.11513470199998,18.0,4.49311111,4.49311111,0.6875,9.833651245669653,33.5,221.757705704,20.0,88.948261346,12.927848335,34.0,127.8462239789101,66.26897622229141,34.0
1441,f,capitals,20,state,Kentucky,Frankfort,Louisville,What is the capital of Kentucky?,The capital of Kentucky is,0.0281,0.617,21.95729537,False,critical,html-keyboard-response,17,73299,subject_0,67d993866d1d7516d87e97de,67f54eeec3cc2aee0ce248ad,0.8570890864144345,0,left,-0.9562358559041086,3.0547366,2.2666612,1.0,0.000659358843533807,-0.74241135,-11.6135325,2.1753297,-0.9483945,176.88001325,18.0,5.5287013,4.96804475,0.75,4.405366338069108,37.0,336.0411206,26.0,22.964224,60.86410575,26.0,72.27622371274914,51.10917786191476,26.0
2627,f,capitals,7,country,Pakistan,Islamabad,Karachi,What is the capital of Pakistan?,The capital of Pakistan is,1.3,18.1,13.92307692,True,critical,html-keyboard-response,19,76933,subject_0,67d993866d1d7516d87e97de,67f54eeec3cc2aee0ce248ad,0.8570890864144345,1,left,0.3782934631112297,3.8934075,2.6534792,1.0,0.0019266429313158284,-1.11515545,-10.314565,2.1734213999999996,-4.08459765,183.33887535,14.0,4.08459765,4.08459765,0.675,5.719409224572999,32.5,281.15069095,25.0,33.481899,38.1329444,25.0,81.74658055471438,60.49985834162654,25.0
2679,j,capitals,22,state,Maine,Augusta,Portland,What is the capital of Maine?,The capital of Maine is,0.0192,0.0695,3.619791667,False,critical,html-keyboard-response,21,80616,subject_0,67d993866d1d7516d87e97de,67f54eeec3cc2aee0ce248ad,0.8570890864144345,1,right,0.43680570981342,3.7875023,2.4801948,1.0,0.0016831873627990133,-1.0323926499999998,-10.4254775,2.0421341999999996,-1.8715164999999994,169.20454695,18.0,5.94090445,5.94090445,0.95,2.583690266418973,37.0,311.71045002,37.0,44.16688318,51.44942174999999,21.0,71.44560616098389,59.91154959685878,37.0
2055,f,capitals,15,state,Connecticut,Hartford,Bridgeport,What is the capital of Connecticut?,The capital of Connecticut is,0.119,0.148,1.243697479,True,critical,html-keyboard-response,23,83684,subject_0,67d993866d1d7516d87e97de,67f54eeec3cc2aee0ce248ad,0.8570890864144345,1,left,-0.2653412506128626,4.152413,2.4941535000000004,1.0,0.012903762903762904,-1.2379590999999999,-8.185617,4.8248759,4.25825,176.1870492,16.0,0.7039874999999993,0.7039874999999993,0.3,12.984765384964998,24.0,278.35317808,20.0,187.17906882,0.754308,10.5,97.3336617897597,26.70347104409089,31.0
2473,j,capitals,26,state,Montana,Helena,Billings,What is the capital of Montana?,The capital of Montana is,0.0359,0.123,3.426183844,True,critical,html-keyboard-response,25,87169,subject_0,67d993866d1d7516d87e97de,67f54eeec3cc2aee0ce248ad,0.8570890864144345,0,right,0.2050071940316664,4.00716885,2.3871716000000003,1.0,0.0004472704898291971,-1.22599375,-12.036882250000001,2.2819052,-1.00467525,175.57409865,18.0,2.4909772499999994,2.1745497500000006,0.5875,6.831399328645267,33.0,299.00474067,20.0,76.68242387999999,24.127286050000002,24.0,98.87916742139757,43.100083383269855,28.5
1536,j,capitals,1,country,Australia,Canberra,Sydney,What is the capital of Australia?,The capital of Australia is,0.483,5.249,10.86749482,True,critical,html-keyboard-response,27,89721,subject_0,67d993866d1d7516d87e97de,67f54eeec3cc2aee0ce248ad,0.8570890864144345,0,right,-0.8493384821212612,2.91766655,1.443579,1.0,0.013910060975609756,-0.732931825,-9.718684,2.424576675,-3.10026675,135.81862900000002,16.0,4.71659925,4.71659925,0.7,13.549338958870404,26.5,205.0319132245,16.0,133.7638296255,27.787327949999998,27.0,115.01755520776328,61.294825054348195,27.0
2144,f,capitals,19,state,Kansas,Topeka,Wichita,What is the capital of Kansas?,The capital of Kansas is,0.125,0.395,3.16,False,critical,html-keyboard-response,29,92870,subject_0,67d993866d1d7516d87e97de,67f54eeec3cc2aee0ce248ad,0.8570890864144345,0,left,-0.165195289911037,3.69316615,2.64080265,1.0,0.010417797069994574,-1.07303922,-8.168856,1.73419138,-0.5498905999999999,162.288778245,35.0,2.9706022499999998,1.7607325999999994,0.5625,10.046628532789011,33.0,233.6914373035,18.0,65.7761040965,17.125884900000003,35.0,90.36345231361148,54.06264558247349,35.0
1825,f,capitals,16,state,Delaware,Dover,Wilmington,What is the capital of Delaware?,The capital of Delaware is,0.0403,0.0722,1.791563275,False,critical,html-keyboard-response,31,95709,subject_0,67d993866d1d7516d87e97de,67f54eeec3cc2aee0ce248ad,0.8570890864144345,0,left,-0.524145418718704,4.2341493,0.72218523,1.0,0.012666345999679333,-1.74989815,-9.680467,0.94623425,3.385187,168.90373542999998,18.0,0.0,0.0,0.025,6.774399509720723,34.0,229.367487715,20.0,115.99101648500002,0.0,34.5,110.70916324533087,58.08677270925415,34.5
4891,f,capitals,39,state,Vermont,Montpelier,Burlington,What is the capital of Vermont?,The capital of Vermont is,0.0079,0.0444,5.620253165,False,critical,html-keyboard-response,33,101606,subject_0,67d993866d1d7516d87e97de,67f54eeec3cc2aee0ce248ad,0.8570890864144345,0,left,2.9258266656835117,2.8268120999999997,0.75283587,1.0,0.0034998085574806164,-0.637835275,-11.6183655,2.518385875,0.32600349999999967,158.75225502,18.0,2.6147142499999996,2.5662552499999993,0.44999999999999996,6.6844704108256,35.0,288.368095275,20.0,52.797800275,17.347483000000004,23.0,87.53368163162845,59.445257727624245,23.0
1775,f,capitals,8,country,South Africa,Pretoria,Johannesburg,What is the capital of South Africa?,The capital of South Africa is,3.0,6.4,2.133333333,True,critical,html-keyboard-response,35,104389,subject_0,67d993866d1d7516d87e97de,67f54eeec3cc2aee0ce248ad,0.8570890864144345,1,left,-0.5804071943938869,4.3614197,2.7407284,1.0,0.005607622617931896,-2.11893455,-8.995401000000001,2.2255171,-0.9749508000000002,168.89477075,14.0,4.743248,4.743248,0.8125,6.902744233458726,33.0,261.79318212500004,33.0,107.26548872500001,40.14546490000001,33.0,126.64268622248599,90.68654232034928,33.5
4015,f,capitals,25,state,Minnesota,St. Paul,Minneapolis,What is the capital of Minnesota?,The capital of Minnesota is,0.299,0.421,1.408026756,False,critical,html-keyboard-response,37,109418,subject_0,67d993866d1d7516d87e97de,67f54eeec3cc2aee0ce248ad,0.8570890864144345,0,left,1.940120355854307,3.58195065,1.6521141,1.0,0.017392619479733817,-1.4853812,-8.023998,2.1170464,1.1057884999999996,150.791991795,18.0,6.11360015,6.11360015,0.875,3.3354361793014986,36.5,291.73495485,35.0,30.489669350000007,37.57722344999999,35.0,64.16242236428235,64.57921294960164,35.0
2072,j,capitals,9,country,Switzerland,Bern,Zurich,What is the capital of Switzerland?,The capital of Switzerland is,0.448,1.455,3.247767857,True,critical,html-keyboard-response,39,112498,subject_0,67d993866d1d7516d87e97de,67f54eeec3cc2aee0ce248ad,0.8570890864144345,0,right,-0.2462122468833004,4.1456575,2.41449345,0.5,0.0021505425701852632,-1.92965085,-10.040487,1.9507065,-3.461702700000001,159.68889725000002,14.0,4.6987805499999995,4.6987805499999995,0.725,3.5004306147470485,37.0,294.98176505000004,16.0,73.5494113,34.15059715,1.0,73.47320395691726,42.42957016076099,37.0
3255,j,capitals,23,state,Maryland,Annapolis,Baltimore,What is the capital of Maryland?,The capital of Maryland is,0.0403,0.553,13.72208437,False,critical,html-keyboard-response,41,116767,subject_0,67d993866d1d7516d87e97de,67f54eeec3cc2aee0ce248ad,0.8570890864144345,1,right,1.084941365591527,3.6610867999999996,1.99519565,1.0,0.007435328135488201,-1.006010815,-9.066941499999999,2.3947849850000003,-2.0526531999999995,171.39884055,18.0,5.272523,5.272523,0.7124999999999999,8.627807633730525,31.0,269.905489795,21.0,82.80523015499999,30.549259500000005,17.5,88.24512507064568,61.977535890917494,35.0
3581,f,capitals,37,state,South Dakota,Pierre,Sioux Falls,What is the capital of South Dakota?,The capital of South Dakota is,0.0138,0.215,15.57971014,False,critical,html-keyboard-response,43,121356,subject_0,67d993866d1d7516d87e97de,67f54eeec3cc2aee0ce248ad,0.8570890864144345,0,left,1.4517681429937197,3.88962435,1.9988037,1.0,0.006089036055923473,-1.041340035,-9.381435,2.440622765,3.5832957499999987,176.86631975,18.0,2.7437485000000006,2.3335944999999993,0.45,6.963136166388008,32.0,279.15120511,20.0,98.78975829,20.867091999999992,16.0,89.17083306707906,49.97454210007436,26.0
1643,j,capitals,21,state,Louisiana,Baton Rouge,New Orleans,What is the capital of Louisiana?,The capital of Louisiana is,0.215,0.351,1.63255814,False,critical,html-keyboard-response,45,124013,subject_0,67d993866d1d7516d87e97de,67f54eeec3cc2aee0ce248ad,0.8570890864144345,1,right,-0.7289382821763698,2.79039935,2.0269129,1.0,0.0034954039671020805,-0.60054295,-9.8353815,2.3737587500000004,-2.482563500000001,172.31991220000003,18.0,5.1981744999999995,3.793621,0.6875,7.716095282905707,34.5,282.68865437,20.0,29.084738729999994,68.09929645,24.5,62.8804213583455,54.76974795931437,27.0
4206,j,capitals,41,state,Washington,Olympia,Seattle,What is the capital of Washington?,The capital of Washington is,0.0558,0.765,13.70967742,False,critical,html-keyboard-response,47,129224,subject_0,67d993866d1d7516d87e97de,67f54eeec3cc2aee0ce248ad,0.8570890864144345,1,right,2.1550403389335058,2.4590736499999997,3.76935035,1.0,0.018367961457392352,-0.44257853999999996,-7.3950467,3.85359726,-2.2241997000000007,144.06035742999998,23.0,4.896856099999999,4.896856099999999,0.6625000000000001,14.217480554285576,25.5,250.7986976015,25.0,103.96332209849999,33.6275834,16.0,99.67318648330391,49.08176857829807,25.0
2260,f,capitals,33,state,North Carolina,Raleigh,Charlotte,What is the capital of North Carolina?,The capital of North Carolina is,0.494,0.935,1.892712551,True,critical,html-keyboard-response,49,132499,subject_0,67d993866d1d7516d87e97de,67f54eeec3cc2aee0ce248ad,0.8570890864144345,1,left,-0.0346679703446127,3.9989741,1.4837299000000002,1.0,0.017565485362095533,-1.2707921500000001,-8.2403645,2.6944252,2.3565879999999995,167.86508935,18.0,1.4855458000000001,1.4855458000000001,0.7124999999999999,8.574116496188747,32.5,209.911716892,20.0,142.86702770799997,5.01324945,7.0,125.69617107504936,62.09856014494803,35.0
3370,f,capitals,34,state,North Dakota,Bismarck,Fargo,What is the capital of North Dakota?,The capital of North Dakota is,0.076,0.138,1.815789474,True,critical,html-keyboard-response,51,136882,subject_0,67d993866d1d7516d87e97de,67f54eeec3cc2aee0ce248ad,0.8570890864144345,1,left,1.2143434496444476,3.1886295000000002,1.6228072999999998,1.0,0.04464285714285714,-0.8373848349999999,-6.98899085,3.346709315,2.0134886500000007,158.9716758025,18.0,1.0428039999999998,1.0428039999999998,0.425,10.24716289924514,32.5,181.48586626009998,20.0,91.95245258989999,1.3760648999999998,25.0,78.67897042291708,25.245962637347155,34.5
1872,f,capitals,3,country,Canada,Ottawa,Toronto,What is the capital of Canada?,The capital of Canada is,1.465,6.491,4.430716724,False,critical,html-keyboard-response,53,139771,subject_0,67d993866d1d7516d87e97de,67f54eeec3cc2aee0ce248ad,0.8570890864144345,0,left,-0.471259349584032,3.41186485,1.57882065,1.0,0.09166666666666667,-0.8216695,-5.87537415,3.39860975,-1.0815602000000002,151.21389025500002,16.0,1.62056305,1.62056305,0.55,18.015003869553816,21.0,209.80200216699998,15.0,104.683861683,9.282030650000001,24.5,78.4247090436364,17.054693758663674,27.0
1429,j,capitals,24,state,Michigan,Lansing,Detroit,What is the capital of Michigan?,The capital of Michigan is,0.112,0.63,5.625,True,critical,html-keyboard-response,55,142209,subject_0,67d993866d1d7516d87e97de,67f54eeec3cc2aee0ce248ad,0.8570890864144345,0,right,-0.9697386820661524,3.1715925,0.8199855199999999,1.0,0.020092460881934567,-0.8804468999999999,-8.9095815,2.08088635,-0.3318779999999997,162.992733545,18.0,2.8472903499999997,2.8472903499999997,0.7,7.4411319048798905,35.5,223.482275455,20.0,122.07790124499999,9.68996645,35.0,132.35050610599825,75.15181857684905,35.0
1605,j,capitals,14,state,California,Sacramento,Los Angeles,What is the capital of California?,The capital of California is,0.527,3.8,7.210626186,False,critical,html-keyboard-response,57,144819,subject_0,67d993866d1d7516d87e97de,67f54eeec3cc2aee0ce248ad,0.8570890864144345,1,right,-0.7716972316895088,2.8312225,3.369704,1.0,0.1,-0.63638328,-4.58591525,4.79400397,-0.5027754,142.854805135,14.5,5.676533999999999,5.419304,0.5875,18.10634188869909,22.0,220.35396464500002,17.5,113.277399355,50.27004185000001,25.5,97.10799675216575,25.585019619395112,25.0
1685,f,capitals,40,state,Virginia,Richmond,Virginia Beach,What is the capital of Virginia?,The capital of Virginia is,0.231,0.45,1.948051948,True,critical,html-keyboard-response,59,147517,subject_0,67d993866d1d7516d87e97de,67f54eeec3cc2aee0ce248ad,0.8570890864144345,1,left,-0.6816783906092161,4.120711549999999,3.5882533,1.0,0.02312889812889813,-1.16916945,-6.914387700000001,2.59017605,0.19082209999999966,175.71893075000003,18.5,2.56121715,2.56121715,0.7,5.77276122250901,38.0,284.03714405,20.0,35.25386895,25.267003600000002,18.0,46.35421140072588,30.54006897158279,36.0
1073,f,capitals,36,state,Pennsylvania,Harrisburg,Philadelphia,What is the capital of Pennsylvania?,The capital of Pennsylvania is,0.05,1.517,30.34,True,critical,html-keyboard-response,61,149593,subject_0,67d993866d1d7516d87e97de,67f54eeec3cc2aee0ce248ad,0.8570890864144345,1,left,-1.3703225248734547,3.80286055,1.2945525999999998,1.0,0.005201455329470422,-0.971369375,-10.090643,2.9000446250000005,-0.7811735000000004,169.40291199,18.0,4.7394538,4.5681133,0.6625000000000001,12.812658898193753,26.5,280.7955821475,22.5,70.13658115249999,36.52358815000001,24.0,104.5548823855986,47.04693462155399,24.0
2136,f,capitals,12,state,Alabama,Montgomery,Birmingham,What is the capital of Alabama?,The capital of Alabama is,0.192,0.194,1.010416667,False,critical,html-keyboard-response,63,152731,subject_0,67d993866d1d7516d87e97de,67f54eeec3cc2aee0ce248ad,0.8570890864144345,0,left,-0.1741971740190663,3.1154528,2.2013875499999997,1.0,0.003584966270478638,-0.7024276,-9.767927,3.1901363,-1.4417109999999997,171.89705985,16.0,5.234766799999999,5.234766799999999,0.725,8.879740567094881,31.0,283.66813919000003,20.0,35.182526159999995,72.3701839,11.0,72.1080126268425,56.93717089653546,31.0
1283,f,capitals,32,state,New York,Albany,New York,What is the capital of New York?,The capital of New York is,0.103,7.937,77.05825243,True,critical,html-keyboard-response,65,155027,subject_0,67d993866d1d7516d87e97de,67f54eeec3cc2aee0ce248ad,0.8570890864144345,1,left,-1.1340230670376867,2.31160665,4.8018915,1.0,0.07179487179487179,-0.40196120999999996,-4.7547025000000005,3.14106469,-1.30574515,164.00049312,18.0,4.1901697,3.862285,0.6875,15.47453789415244,25.5,229.375925891,15.0,53.021560058999995,59.8069269,27.0,75.81720478275057,45.627494070248844,27.0
2843,j,capitals,13,state,Alaska,Juneau,Anchorage,What is the capital of Alaska?,The capital of Alaska is,0.0311,0.283,9.099678457,False,critical,html-keyboard-response,67,158881,subject_0,67d993866d1d7516d87e97de,67f54eeec3cc2aee0ce248ad,0.8570890864144345,1,right,0.6213443340280199,4.0331867,1.032167785,1.0,0.0012974288388852195,-1.38228545,-12.390654,1.9327201,-2.1549560000000003,158.058188835,18.0,4.9375237,4.9375237,0.9624999999999999,2.4642328656242176,37.0,348.27460882,33.0,8.84634368,72.57630929999998,37.0,50.961827169017766,61.5026154449013,37.0
1890,j,capitals,11,country,United Arab Emirates,Abu Dhabi,Dubai,What is the capital of the United Arab Emirates?,The capital of the United Arab Emirates is,1.6,3.1,1.9375,False,critical,html-keyboard-response,69,161791,subject_0,67d993866d1d7516d87e97de,67f54eeec3cc2aee0ce248ad,0.8570890864144345,1,right,-0.4510051103409662,3.6339115499999997,2.33935815,1.0,0.00522367703218767,-1.0856354000000001,-9.346349,2.50591525,-0.6000735000000006,159.839143965,14.0,3.36275555,3.36275555,0.65,9.84413945872573,31.0,260.0233028075,0.0,72.79101454250001,22.182172549999997,33.0,96.97781470445022,51.8589082146157,33.0
1920,f,capitals,10,country,Turkey,Ankara,Istanbul,What is the capital of Turkey?,The capital of Turkey is,5.55,16.24,2.926126126,True,critical,html-keyboard-response,71,164714,subject_0,67d993866d1d7516d87e97de,67f54eeec3cc2aee0ce248ad,0.8570890864144345,1,left,-0.4172480449358565,3.7206935999999997,3.6190253,1.0,0.0140625,-1.049432,-7.22749025,1.77928585,-1.0519376499999997,181.67489892999998,14.0,3.36303155,3.36303155,0.7875000000000001,7.10805059345744,34.0,232.28671097749998,0.0,68.73258667249999,23.91809185,34.0,109.98791459488866,68.21821684179301,34.0
1627,j,capitals,31,state,New Mexico,Santa Fe,Albuquerque,What is the capital of New Mexico?,The capital of New Mexico is,0.0901,0.557,6.182019978,False,critical,html-keyboard-response,73,167359,subject_0,67d993866d1d7516d87e97de,67f54eeec3cc2aee0ce248ad,0.8570890864144345,1,right,-0.7469420503924282,3.0991414500000003,1.3244324,1.0,0.014238667183262301,-0.69803795,-9.098272999999999,2.46943,0.3069240000000004,166.6062263,18.0,5.093978,3.5249351500000006,0.525,8.033448780088444,31.0,260.480373305,20.0,49.826687745000015,48.39635365000001,19.0,84.180459503387,57.783921029115376,24.0
1643,j,capitals,18,state,Illinois,Springfield,Chicago,What is the capital of Illinois?,The capital of Illinois is,0.111,2.612,23.53153153,False,critical,html-keyboard-response,75,170016,subject_0,67d993866d1d7516d87e97de,67f54eeec3cc2aee0ce248ad,0.8570890864144345,1,right,-0.7289382821763698,3.7229846,2.02082935,1.0,0.0037192282102461744,-1.0637694,-9.972052999999999,1.8728581000000002,-5.79218335,170.65176035000002,18.0,8.6360925,8.6360925,0.675,5.610516716755836,37.0,311.23248041500005,22.5,49.248491285,81.37087019,25.0,83.27137832278736,56.50312887381918,25.0
3101,j,capitals,28,state,Nevada,Carson City,Las Vegas,What is the capital of Nevada?,The capital of Nevada is,0.0576,0.67,11.63194444,False,critical,html-keyboard-response,77,174132,subject_0,67d993866d1d7516d87e97de,67f54eeec3cc2aee0ce248ad,0.8570890864144345,1,right,0.9116550965119636,3.21408655,2.2825403,1.0,0.009556159420289855,-0.7483732750000001,-8.5907935,3.2634109749999998,0.3897780000000006,154.31583923,24.0,0.6128969999999994,0.6128969999999994,0.46249999999999997,13.888110548784098,22.0,212.93093655299998,21.0,129.96025854700002,1.2335965999999998,27.5,151.10212968210539,49.69601040539513,33.0
1961,f,capitals,27,state,Nebraska,Lincoln,Omaha,What is the capital of Nebraska?,The capital of Nebraska is,0.297,0.477,1.606060606,False,critical,html-keyboard-response,79,177111,subject_0,67d993866d1d7516d87e97de,67f54eeec3cc2aee0ce248ad,0.8570890864144345,0,left,-0.3711133888822065,3.40945435,2.88149385,1.0,0.002427404976322155,-0.90226395,-9.880027,1.9579811500000002,-0.6194575000000002,166.84559195,14.0,6.48387735,5.795127749999999,0.9875,3.0583791478084397,38.0,334.6421603,20.0,16.19795,78.670469,18.0,81.67707104491953,87.8184827648541,24.0
3779,j,capitals,29,state,New Hampshire,Concord,Manchester,What is the capital of New Hampshire?,The capital of New Hampshire is,0.0449,0.115,2.561247216,True,critical,html-keyboard-response,81,181892,subject_0,67d993866d1d7516d87e97de,67f54eeec3cc2aee0ce248ad,0.8570890864144345,0,right,1.6745647746674437,3.8924572,2.5146651,1.0,0.00224755864290748,-1.1561135,-10.1354995,2.64535425,0.8996589999999998,168.00271485000002,18.0,0.0,0.0,0.025,8.377304174979542,32.5,253.08660677999998,20.0,138.81277821999998,0.0,27.0,98.10982957505266,32.00701641793163,32.0
1341,f,capitals,38,state,Texas,Austin,Houston,What is the capital of Texas?,The capital of Texas is,0.989,2.324,2.349848332,True,critical,html-keyboard-response,83,184244,subject_0,67d993866d1d7516d87e97de,67f54eeec3cc2aee0ce248ad,0.8570890864144345,1,left,-1.0687594072544744,2.7289062,3.68736335,1.0,0.08712121212121213,-0.506320885,-4.40157605,4.012876565,1.53352215,151.14799460999998,11.0,0.08562525000000054,0.08562525000000054,0.35,19.22278273641858,20.0,198.241569792,15.0,136.22196335799998,0.08562525000000054,10.5,81.3456051528303,15.975005422746095,35.0
1971,f,capitals,2,country,Brazil,Brasilia,Rio de Janeiro,What is the capital of Brazil?,The capital of Brazil is,4.99,13.923,2.790180361,True,critical,html-keyboard-response,85,187220,subject_0,67d993866d1d7516d87e97de,67f54eeec3cc2aee0ce248ad,0.8570890864144345,1,left,-0.3598610337471699,2.0599417,0.8546364200000001,1.0,0.010916269887353384,-0.37423359,-9.777523500000001,3.12931296,0.3757585000000008,171.91224647,18.0,3.580388749999999,2.5741565,0.55,9.253846674396854,34.0,298.44019958,15.0,47.51553901999999,30.58541265,22.0,58.33967382007255,24.97507531677988,22.0
3655,j,capitals,17,state,Florida,Tallahassee,Jacksonville,What is the capital of Florida?,The capital of Florida is,0.205,1.008,4.917073171,False,critical,html-keyboard-response,87,191885,subject_0,67d993866d1d7516d87e97de,67f54eeec3cc2aee0ce248ad,0.8570890864144345,1,right,1.5350355709929902,3.563912,2.6319027999999998,1.0,0.008519591611479029,-0.95531795,-8.4452955,4.38171585,1.3466129999999996,162.1489442425,23.5,1.2571029,1.2571029,0.48750000000000004,9.093065063976583,33.0,222.1497324065,20.0,145.26711409350003,2.21744865,24.0,154.13877107879688,46.03097986487076,33.0
2106,f,capitals,42,state,Wisconsin,Madison,Milwaukee,What is the capital of Wisconsin?,The capital of Wisconsin is,0.284,0.551,1.940140845,True,critical,html-keyboard-response,89,195006,subject_0,67d993866d1d7516d87e97de,67f54eeec3cc2aee0ce248ad,0.8570890864144345,1,left,-0.2079542394241761,3.13448335,2.23414315,1.0,0.006828316610925306,-0.760507775,-9.046759,3.316440125,1.0081592500000003,161.19694813,16.0,0.0,0.0,0.025,8.781973336626725,35.0,233.021284015,20.0,104.89291063499999,0.0,33.0,87.39257794461776,27.410622132151936,33.0
2336,f,capitals,37,state,South Dakota,Pierre,Sioux Falls,What is the capital of South Dakota?,The capital of South Dakota is,0.0138,0.215,15.57971014,False,critical,html-keyboard-response,7,55350,subject_27,67d993866d1d7516d87e97de,67f5593dc520aae4ec59b4e4,0.1760584082591159,0,left,0.6835291947291167,3.88962435,1.9988037,1.0,0.006089036055923473,-1.041340035,-9.381435,2.440622765,3.5832957499999987,176.86631975,18.0,2.7437485000000006,2.3335944999999993,0.45,6.963136166388008,32.0,279.15120511,20.0,98.78975829,20.867091999999992,16.0,89.17083306707906,49.97454210007436,26.0
1435,j,capitals,17,state,Florida,Tallahassee,Jacksonville,What is the capital of Florida?,The capital of Florida is,0.205,1.008,4.917073171,True,critical,html-keyboard-response,9,57803,subject_27,67d993866d1d7516d87e97de,67f5593dc520aae4ec59b4e4,0.1760584082591159,0,right,-0.4585129169287592,3.563912,2.6319027999999998,1.0,0.008519591611479029,-0.95531795,-8.4452955,4.38171585,1.3466129999999996,162.1489442425,23.5,1.2571029,1.2571029,0.48750000000000004,9.093065063976583,33.0,222.1497324065,20.0,145.26711409350003,2.21744865,24.0,154.13877107879688,46.03097986487076,33.0
1546,f,capitals,25,state,Minnesota,St. Paul,Minneapolis,What is the capital of Minnesota?,The capital of Minnesota is,0.299,0.421,1.408026756,False,critical,html-keyboard-response,11,60360,subject_27,67d993866d1d7516d87e97de,67f5593dc520aae4ec59b4e4,0.1760584082591159,0,left,-0.3178173848599198,3.58195065,1.6521141,1.0,0.017392619479733817,-1.4853812,-8.023998,2.1170464,1.1057884999999996,150.791991795,18.0,6.11360015,6.11360015,0.875,3.3354361793014986,36.5,291.73495485,35.0,30.489669350000007,37.57722344999999,35.0,64.16242236428235,64.57921294960164,35.0
1229,f,capitals,33,state,North Carolina,Raleigh,Charlotte,What is the capital of North Carolina?,The capital of North Carolina is,0.494,0.935,1.892712551,False,critical,html-keyboard-response,13,62606,subject_27,67d993866d1d7516d87e97de,67f5593dc520aae4ec59b4e4,0.1760584082591159,0,left,-0.71962354401147,3.9989741,1.4837299000000002,1.0,0.017565485362095533,-1.2707921500000001,-8.2403645,2.6944252,2.3565879999999995,167.86508935,18.0,1.4855458000000001,1.4855458000000001,0.7124999999999999,8.574116496188747,32.5,209.911716892,20.0,142.86702770799997,5.01324945,7.0,125.69617107504936,62.09856014494803,35.0
1484,j,capitals,18,state,Illinois,Springfield,Chicago,What is the capital of Illinois?,The capital of Illinois is,0.111,2.612,23.53153153,True,critical,html-keyboard-response,15,65108,subject_27,67d993866d1d7516d87e97de,67f5593dc520aae4ec59b4e4,0.1760584082591159,0,right,-0.3964040784479202,3.7229846,2.02082935,1.0,0.0037192282102461744,-1.0637694,-9.972052999999999,1.8728581000000002,-5.79218335,170.65176035000002,18.0,8.6360925,8.6360925,0.675,5.610516716755836,37.0,311.23248041500005,22.5,49.248491285,81.37087019,25.0,83.27137832278736,56.50312887381918,25.0
2341,j,capitals,30,state,New Jersey,Trenton,Newark,What is the capital of New Jersey?,The capital of New Jersey is,0.0898,0.306,3.407572383,False,critical,html-keyboard-response,17,68467,subject_27,67d993866d1d7516d87e97de,67f5593dc520aae4ec59b4e4,0.1760584082591159,1,right,0.6898668313087941,3.3090056,1.82140345,1.0,0.0016363743403658628,-0.84072134,-10.924448,3.76701416,-4.2521546,156.04382572,18.0,6.901956650000001,6.901956650000001,0.725,8.925782555854742,34.5,273.68847277500004,22.0,47.345132775,80.49773385,24.5,88.88474869929352,60.16044669384837,28.5
1270,f,capitals,38,state,Texas,Austin,Houston,What is the capital of Texas?,The capital of Texas is,0.989,2.324,2.349848332,False,critical,html-keyboard-response,19,70743,subject_27,67d993866d1d7516d87e97de,67f5593dc520aae4ec59b4e4,0.1760584082591159,0,left,-0.6676549240581149,2.7289062,3.68736335,1.0,0.08712121212121213,-0.506320885,-4.40157605,4.012876565,1.53352215,151.14799460999998,11.0,0.08562525000000054,0.08562525000000054,0.35,19.22278273641858,20.0,198.241569792,15.0,136.22196335799998,0.08562525000000054,10.5,81.3456051528303,15.975005422746095,35.0
2090,j,capitals,20,state,Kentucky,Frankfort,Louisville,What is the capital of Kentucky?,The capital of Kentucky is,0.0281,0.617,21.95729537,True,critical,html-keyboard-response,21,73853,subject_27,67d993866d1d7516d87e97de,67f5593dc520aae4ec59b4e4,0.1760584082591159,0,right,0.3717174750089863,3.0547366,2.2666612,1.0,0.000659358843533807,-0.74241135,-11.6135325,2.1753297,-0.9483945,176.88001325,18.0,5.5287013,4.96804475,0.75,4.405366338069108,37.0,336.0411206,26.0,22.964224,60.86410575,26.0,72.27622371274914,51.10917786191476,26.0
1602,j,capitals,5,country,Morrocco,Rabat,Marrakesh,What is the capital of Morrocco?,The capital of Morrocco is,2.02,1.085,0.5371287129,True,critical,html-keyboard-response,23,76468,subject_27,67d993866d1d7516d87e97de,67f5593dc520aae4ec59b4e4,0.1760584082591159,0,right,-0.2468358551675324,4.06911815,3.926867,1.0,0.001930509063232023,-1.06717185,-9.534113999999999,2.73666185,-0.551412,192.02520429999998,22.5,5.353308500000001,3.0599705000000004,0.6125,7.031879522295083,33.0,303.121009725,22.5,42.028869125,59.422086599999986,14.5,71.26685811006843,54.04151717765417,23.0
1523,j,capitals,42,state,Wisconsin,Madison,Milwaukee,What is the capital of Wisconsin?,The capital of Wisconsin is,0.284,0.551,1.940140845,False,critical,html-keyboard-response,25,78999,subject_27,67d993866d1d7516d87e97de,67f5593dc520aae4ec59b4e4,0.1760584082591159,1,right,-0.3469705131264361,3.13448335,2.23414315,1.0,0.006828316610925306,-0.760507775,-9.046759,3.316440125,1.0081592500000003,161.19694813,16.0,0.0,0.0,0.025,8.781973336626725,35.0,233.021284015,20.0,104.89291063499999,0.0,33.0,87.39257794461776,27.410622132151936,33.0
1693,f,capitals,22,state,Maine,Augusta,Portland,What is the capital of Maine?,The capital of Maine is,0.0192,0.0695,3.619791667,True,critical,html-keyboard-response,27,81711,subject_27,67d993866d1d7516d87e97de,67f5593dc520aae4ec59b4e4,0.1760584082591159,1,left,-0.1314908694174029,3.7875023,2.4801948,1.0,0.0016831873627990133,-1.0323926499999998,-10.4254775,2.0421341999999996,-1.8715164999999994,169.20454695,18.0,5.94090445,5.94090445,0.95,2.583690266418973,37.0,311.71045002,37.0,44.16688318,51.44942174999999,21.0,71.44560616098389,59.91154959685878,37.0
2208,f,capitals,14,state,California,Sacramento,Los Angeles,What is the capital of California?,The capital of California is,0.527,3.8,7.210626186,False,critical,html-keyboard-response,29,84939,subject_27,67d993866d1d7516d87e97de,67f5593dc520aae4ec59b4e4,0.1760584082591159,0,left,0.521285698289374,2.8312225,3.369704,1.0,0.1,-0.63638328,-4.58591525,4.79400397,-0.5027754,142.854805135,14.5,5.676533999999999,5.419304,0.5875,18.10634188869909,22.0,220.35396464500002,17.5,113.277399355,50.27004185000001,25.5,97.10799675216575,25.585019619395112,25.0
1902,f,capitals,41,state,Washington,Olympia,Seattle,What is the capital of Washington?,The capital of Washington is,0.0558,0.765,13.70967742,False,critical,html-keyboard-response,31,87848,subject_27,67d993866d1d7516d87e97de,67f5593dc520aae4ec59b4e4,0.1760584082591159,0,left,0.1334223396131143,2.4590736499999997,3.76935035,1.0,0.018367961457392352,-0.44257853999999996,-7.3950467,3.85359726,-2.2241997000000007,144.06035742999998,23.0,4.896856099999999,4.896856099999999,0.6625000000000001,14.217480554285576,25.5,250.7986976015,25.0,103.96332209849999,33.6275834,16.0,99.67318648330391,49.08176857829807,25.0
2388,j,capitals,19,state,Kansas,Topeka,Wichita,What is the capital of Kansas?,The capital of Kansas is,0.125,0.395,3.16,False,critical,html-keyboard-response,33,91254,subject_27,67d993866d1d7516d87e97de,67f5593dc520aae4ec59b4e4,0.1760584082591159,1,right,0.7494406151577621,3.69316615,2.64080265,1.0,0.010417797069994574,-1.07303922,-8.168856,1.73419138,-0.5498905999999999,162.288778245,35.0,2.9706022499999998,1.7607325999999994,0.5625,10.046628532789011,33.0,233.6914373035,18.0,65.7761040965,17.125884900000003,35.0,90.36345231361148,54.06264558247349,35.0
2573,j,capitals,4,country,India,New Delhi,Mumbai,What is the capital of India?,The capital of India is,0.206,22.1,107.2815534,False,critical,html-keyboard-response,35,94833,subject_27,67d993866d1d7516d87e97de,67f5593dc520aae4ec59b4e4,0.1760584082591159,1,right,0.9839331686058276,3.3890189,1.4282650000000001,1.0,0.06971153846153846,-1.1690336,-6.6849964,4.1036254,2.7211151000000005,151.45156923500002,14.0,2.3097963499999996,1.1339184999999992,0.425,9.901198823968304,30.0,227.81903473,16.0,94.28140192000001,13.430843800000002,8.0,81.85221999731655,37.65522312456052,32.0
1394,f,capitals,23,state,Maryland,Annapolis,Baltimore,What is the capital of Maryland?,The capital of Maryland is,0.0403,0.553,13.72208437,False,critical,html-keyboard-response,37,97238,subject_27,67d993866d1d7516d87e97de,67f5593dc520aae4ec59b4e4,0.1760584082591159,0,left,-0.5104815368821142,3.6610867999999996,1.99519565,1.0,0.007435328135488201,-1.006010815,-9.066941499999999,2.3947849850000003,-2.0526531999999995,171.39884055,18.0,5.272523,5.272523,0.7124999999999999,8.627807633730525,31.0,269.905489795,21.0,82.80523015499999,30.549259500000005,17.5,88.24512507064568,61.977535890917494,35.0
953,j,capitals,15,state,Connecticut,Hartford,Bridgeport,What is the capital of Connecticut?,The capital of Connecticut is,0.119,0.148,1.243697479,True,critical,html-keyboard-response,39,99212,subject_27,67d993866d1d7516d87e97de,67f5593dc520aae4ec59b4e4,0.1760584082591159,0,right,-1.069461083209665,4.152413,2.4941535000000004,1.0,0.012903762903762904,-1.2379590999999999,-8.185617,4.8248759,4.25825,176.1870492,16.0,0.7039874999999993,0.7039874999999993,0.3,12.984765384964998,24.0,278.35317808,20.0,187.17906882,0.754308,10.5,97.3336617897597,26.70347104409089,31.0
1585,f,capitals,35,state,Oregon,Salem,Portland,What is the capital of Oregon?,The capital of Oregon is,0.178,0.615,3.45505618,True,critical,html-keyboard-response,41,101809,subject_27,67d993866d1d7516d87e97de,67f5593dc520aae4ec59b4e4,0.1760584082591159,1,left,-0.2683838195384357,3.87003685,0.9559546750000001,1.0,0.02684931506849315,-1.33495845,-8.585685999999999,2.0863518,0.6543089999999996,153.11513470199998,18.0,4.49311111,4.49311111,0.6875,9.833651245669653,33.5,221.757705704,20.0,88.948261346,12.927848335,34.0,127.8462239789101,66.26897622229141,34.0
1892,f,capitals,29,state,New Hampshire,Concord,Manchester,What is the capital of New Hampshire?,The capital of New Hampshire is,0.0449,0.115,2.561247216,True,critical,html-keyboard-response,43,104718,subject_27,67d993866d1d7516d87e97de,67f5593dc520aae4ec59b4e4,0.1760584082591159,1,left,0.1207470664537594,3.8924572,2.5146651,1.0,0.00224755864290748,-1.1561135,-10.1354995,2.64535425,0.8996589999999998,168.00271485000002,18.0,0.0,0.0,0.025,8.377304174979542,32.5,253.08660677999998,20.0,138.81277821999998,0.0,27.0,98.10982957505266,32.00701641793163,32.0
1052,j,capitals,16,state,Delaware,Dover,Wilmington,What is the capital of Delaware?,The capital of Delaware is,0.0403,0.0722,1.791563275,True,critical,html-keyboard-response,45,106778,subject_27,67d993866d1d7516d87e97de,67f5593dc520aae4ec59b4e4,0.1760584082591159,0,right,-0.9439758789320516,4.2341493,0.72218523,1.0,0.012666345999679333,-1.74989815,-9.680467,0.94623425,3.385187,168.90373542999998,18.0,0.0,0.0,0.025,6.774399509720723,34.0,229.367487715,20.0,115.99101648500002,0.0,34.5,110.70916324533087,58.08677270925415,34.5
1170,j,capitals,40,state,Virginia,Richmond,Virginia Beach,What is the capital of Virginia?,The capital of Virginia is,0.231,0.45,1.948051948,True,critical,html-keyboard-response,47,108966,subject_27,67d993866d1d7516d87e97de,67f5593dc520aae4ec59b4e4,0.1760584082591159,0,right,-0.7944076556516638,4.120711549999999,3.5882533,1.0,0.02312889812889813,-1.16916945,-6.914387700000001,2.59017605,0.19082209999999966,175.71893075000003,18.5,2.56121715,2.56121715,0.7,5.77276122250901,38.0,284.03714405,20.0,35.25386895,25.267003600000002,18.0,46.35421140072588,30.54006897158279,36.0
1050,f,capitals,6,country,New Zealand,Wellington,Auckland,What is the capital of New Zealand?,The capital of New Zealand is,0.428,1.711,3.997663551,True,critical,html-keyboard-response,49,111032,subject_27,67d993866d1d7516d87e97de,67f5593dc520aae4ec59b4e4,0.1760584082591159,1,left,-0.9465109335639226,4.244933850000001,2.3052439,1.0,0.008300041328006613,-1.7685506,-8.672815499999999,2.1210044999999997,0.577696500000001,145.06194,14.0,4.1641122,4.1641122,0.5,13.508204608971669,26.0,251.64753062350002,26.0,86.95005627649999,49.788739050000004,26.0,100.41858076823004,69.00830151646427,29.0
337,j,capitals,27,state,Nebraska,Lincoln,Omaha,What is the capital of Nebraska?,The capital of Nebraska is,0.297,0.477,1.606060606,True,critical,html-keyboard-response,51,112387,subject_27,67d993866d1d7516d87e97de,67f5593dc520aae4ec59b4e4,0.1760584082591159,0,right,-1.8502579098259264,3.40945435,2.88149385,1.0,0.002427404976322155,-0.90226395,-9.880027,1.9579811500000002,-0.6194575000000002,166.84559195,14.0,6.48387735,5.795127749999999,0.9875,3.0583791478084397,38.0,334.6421603,20.0,16.19795,78.670469,18.0,81.67707104491953,87.8184827648541,24.0
874,j,capitals,34,state,North Dakota,Bismarck,Fargo,What is the capital of North Dakota?,The capital of North Dakota is,0.076,0.138,1.815789474,False,critical,html-keyboard-response,53,114278,subject_27,67d993866d1d7516d87e97de,67f5593dc520aae4ec59b4e4,0.1760584082591159,1,right,-1.169595741168569,3.1886295000000002,1.6228072999999998,1.0,0.04464285714285714,-0.8373848349999999,-6.98899085,3.346709315,2.0134886500000007,158.9716758025,18.0,1.0428039999999998,1.0428039999999998,0.425,10.24716289924514,32.5,181.48586626009998,20.0,91.95245258989999,1.3760648999999998,25.0,78.67897042291708,25.245962637347155,34.5
907,f,capitals,26,state,Montana,Helena,Billings,What is the capital of Montana?,The capital of Montana is,0.0359,0.123,3.426183844,True,critical,html-keyboard-response,55,116206,subject_27,67d993866d1d7516d87e97de,67f5593dc520aae4ec59b4e4,0.1760584082591159,1,left,-1.1277673397426975,4.00716885,2.3871716000000003,1.0,0.0004472704898291971,-1.22599375,-12.036882250000001,2.2819052,-1.00467525,175.57409865,18.0,2.4909772499999994,2.1745497500000006,0.5875,6.831399328645267,33.0,299.00474067,20.0,76.68242387999999,24.127286050000002,24.0,98.87916742139757,43.100083383269855,28.5
844,j,capitals,3,country,Canada,Ottawa,Toronto,What is the capital of Canada?,The capital of Canada is,1.465,6.491,4.430716724,True,critical,html-keyboard-response,57,118068,subject_27,67d993866d1d7516d87e97de,67f5593dc520aae4ec59b4e4,0.1760584082591159,0,right,-1.2076215606466334,3.41186485,1.57882065,1.0,0.09166666666666667,-0.8216695,-5.87537415,3.39860975,-1.0815602000000002,151.21389025500002,16.0,1.62056305,1.62056305,0.55,18.015003869553816,21.0,209.80200216699998,15.0,104.683861683,9.282030650000001,24.5,78.4247090436364,17.054693758663674,27.0
3509,f,capitals,36,state,Pennsylvania,Harrisburg,Philadelphia,What is the capital of Pennsylvania?,The capital of Pennsylvania is,0.05,1.517,30.34,False,critical,html-keyboard-response,59,122584,subject_27,67d993866d1d7516d87e97de,67f5593dc520aae4ec59b4e4,0.1760584082591159,0,left,2.1703387363214457,3.80286055,1.2945525999999998,1.0,0.005201455329470422,-0.971369375,-10.090643,2.9000446250000005,-0.7811735000000004,169.40291199,18.0,4.7394538,4.5681133,0.6625000000000001,12.812658898193753,26.5,280.7955821475,22.5,70.13658115249999,36.52358815000001,24.0,104.5548823855986,47.04693462155399,24.0
3599,j,capitals,1,country,Australia,Canberra,Sydney,What is the capital of Australia?,The capital of Australia is,0.483,5.249,10.86749482,True,critical,html-keyboard-response,61,127202,subject_27,67d993866d1d7516d87e97de,67f5593dc520aae4ec59b4e4,0.1760584082591159,0,right,2.2844161947556394,2.91766655,1.443579,1.0,0.013910060975609756,-0.732931825,-9.718684,2.424576675,-3.10026675,135.81862900000002,16.0,4.71659925,4.71659925,0.7,13.549338958870404,26.5,205.0319132245,16.0,133.7638296255,27.787327949999998,27.0,115.01755520776328,61.294825054348195,27.0
1723,j,capitals,11,country,United Arab Emirates,Abu Dhabi,Dubai,What is the capital of the United Arab Emirates?,The capital of the United Arab Emirates is,1.6,3.1,1.9375,False,critical,html-keyboard-response,63,129933,subject_27,67d993866d1d7516d87e97de,67f5593dc520aae4ec59b4e4,0.1760584082591159,1,right,-0.0934650499393382,3.6339115499999997,2.33935815,1.0,0.00522367703218767,-1.0856354000000001,-9.346349,2.50591525,-0.6000735000000006,159.839143965,14.0,3.36275555,3.36275555,0.65,9.84413945872573,31.0,260.0233028075,0.0,72.79101454250001,22.182172549999997,33.0,96.97781470445022,51.8589082146157,33.0
2869,f,capitals,24,state,Michigan,Lansing,Detroit,What is the capital of Michigan?,The capital of Michigan is,0.112,0.63,5.625,False,critical,html-keyboard-response,65,133814,subject_27,67d993866d1d7516d87e97de,67f5593dc520aae4ec59b4e4,0.1760584082591159,0,left,1.3591212541227324,3.1715925,0.8199855199999999,1.0,0.020092460881934567,-0.8804468999999999,-8.9095815,2.08088635,-0.3318779999999997,162.992733545,18.0,2.8472903499999997,2.8472903499999997,0.7,7.4411319048798905,35.5,223.482275455,20.0,122.07790124499999,9.68996645,35.0,132.35050610599825,75.15181857684905,35.0
1607,j,capitals,31,state,New Mexico,Santa Fe,Albuquerque,What is the capital of New Mexico?,The capital of New Mexico is,0.0901,0.557,6.182019978,True,critical,html-keyboard-response,67,136441,subject_27,67d993866d1d7516d87e97de,67f5593dc520aae4ec59b4e4,0.1760584082591159,0,right,-0.240498218587855,3.0991414500000003,1.3244324,1.0,0.014238667183262301,-0.69803795,-9.098272999999999,2.46943,0.3069240000000004,166.6062263,18.0,5.093978,3.5249351500000006,0.525,8.033448780088444,31.0,260.480373305,20.0,49.826687745000015,48.39635365000001,19.0,84.180459503387,57.783921029115376,24.0
2673,j,capitals,7,country,Pakistan,Islamabad,Karachi,What is the capital of Pakistan?,The capital of Pakistan is,1.3,18.1,13.92307692,True,critical,html-keyboard-response,69,140127,subject_27,67d993866d1d7516d87e97de,67f5593dc520aae4ec59b4e4,0.1760584082591159,0,right,1.1106859001993763,3.8934075,2.6534792,1.0,0.0019266429313158284,-1.11515545,-10.314565,2.1734213999999996,-4.08459765,183.33887535,14.0,4.08459765,4.08459765,0.675,5.719409224572999,32.5,281.15069095,25.0,33.481899,38.1329444,25.0,81.74658055471438,60.49985834162654,25.0
2212,j,capitals,2,country,Brazil,Brasilia,Rio de Janeiro,What is the capital of Brazil?,The capital of Brazil is,4.99,13.923,2.790180361,True,critical,html-keyboard-response,71,143348,subject_27,67d993866d1d7516d87e97de,67f5593dc520aae4ec59b4e4,0.1760584082591159,0,right,0.526355807553116,2.0599417,0.8546364200000001,1.0,0.010916269887353384,-0.37423359,-9.777523500000001,3.12931296,0.3757585000000008,171.91224647,18.0,3.580388749999999,2.5741565,0.55,9.253846674396854,34.0,298.44019958,15.0,47.51553901999999,30.58541265,22.0,58.33967382007255,24.97507531677988,22.0
3571,j,capitals,13,state,Alaska,Juneau,Anchorage,What is the capital of Alaska?,The capital of Alaska is,0.0311,0.283,9.099678457,True,critical,html-keyboard-response,73,147927,subject_27,67d993866d1d7516d87e97de,67f5593dc520aae4ec59b4e4,0.1760584082591159,0,right,2.2489254299094457,4.0331867,1.032167785,1.0,0.0012974288388852195,-1.38228545,-12.390654,1.9327201,-2.1549560000000003,158.058188835,18.0,4.9375237,4.9375237,0.9624999999999999,2.4642328656242176,37.0,348.27460882,33.0,8.84634368,72.57630929999998,37.0,50.961827169017766,61.5026154449013,37.0
3342,j,capitals,12,state,Alabama,Montgomery,Birmingham,What is the capital of Alabama?,The capital of Alabama is,0.192,0.194,1.010416667,False,critical,html-keyboard-response,75,152284,subject_27,67d993866d1d7516d87e97de,67f5593dc520aae4ec59b4e4,0.1760584082591159,1,right,1.9586616745602188,3.1154528,2.2013875499999997,1.0,0.003584966270478638,-0.7024276,-9.767927,3.1901363,-1.4417109999999997,171.89705985,16.0,5.234766799999999,5.234766799999999,0.725,8.879740567094881,31.0,283.66813919000003,20.0,35.182526159999995,72.3701839,11.0,72.1080126268425,56.93717089653546,31.0
2363,j,capitals,8,country,South Africa,Pretoria,Johannesburg,What is the capital of South Africa?,The capital of South Africa is,3.0,6.4,2.133333333,True,critical,html-keyboard-response,77,155666,subject_27,67d993866d1d7516d87e97de,67f5593dc520aae4ec59b4e4,0.1760584082591159,0,right,0.7177524322593748,4.3614197,2.7407284,1.0,0.005607622617931896,-2.11893455,-8.995401000000001,2.2255171,-0.9749508000000002,168.89477075,14.0,4.743248,4.743248,0.8125,6.902744233458726,33.0,261.79318212500004,33.0,107.26548872500001,40.14546490000001,33.0,126.64268622248599,90.68654232034928,33.5
1829,f,capitals,9,country,Switzerland,Bern,Zurich,What is the capital of Switzerland?,The capital of Switzerland is,0.448,1.455,3.247767857,False,critical,html-keyboard-response,79,158505,subject_27,67d993866d1d7516d87e97de,67f5593dc520aae4ec59b4e4,0.1760584082591159,0,left,0.0408928455498235,4.1456575,2.41449345,0.5,0.0021505425701852632,-1.92965085,-10.040487,1.9507065,-3.461702700000001,159.68889725000002,14.0,4.6987805499999995,4.6987805499999995,0.725,3.5004306147470485,37.0,294.98176505000004,16.0,73.5494113,34.15059715,1.0,73.47320395691726,42.42957016076099,37.0
1094,f,capitals,21,state,Louisiana,Baton Rouge,New Orleans,What is the capital of Louisiana?,The capital of Louisiana is,0.215,0.351,1.63255814,False,critical,html-keyboard-response,81,160605,subject_27,67d993866d1d7516d87e97de,67f5593dc520aae4ec59b4e4,0.1760584082591159,0,left,-0.890739731662761,2.79039935,2.0269129,1.0,0.0034954039671020805,-0.60054295,-9.8353815,2.3737587500000004,-2.482563500000001,172.31991220000003,18.0,5.1981744999999995,3.793621,0.6875,7.716095282905707,34.5,282.68865437,20.0,29.084738729999994,68.09929645,24.5,62.8804213583455,54.76974795931437,27.0
1238,f,capitals,10,country,Turkey,Ankara,Istanbul,What is the capital of Turkey?,The capital of Turkey is,5.55,16.24,2.926126126,False,critical,html-keyboard-response,83,162864,subject_27,67d993866d1d7516d87e97de,67f5593dc520aae4ec59b4e4,0.1760584082591159,0,left,-0.7082157981680506,3.7206935999999997,3.6190253,1.0,0.0140625,-1.049432,-7.22749025,1.77928585,-1.0519376499999997,181.67489892999998,14.0,3.36303155,3.36303155,0.7875000000000001,7.10805059345744,34.0,232.28671097749998,0.0,68.73258667249999,23.91809185,34.0,109.98791459488866,68.21821684179301,34.0
1139,f,capitals,28,state,Nevada,Carson City,Las Vegas,What is the capital of Nevada?,The capital of Nevada is,0.0576,0.67,11.63194444,False,critical,html-keyboard-response,85,165009,subject_27,67d993866d1d7516d87e97de,67f5593dc520aae4ec59b4e4,0.1760584082591159,0,left,-0.833701002445664,3.21408655,2.2825403,1.0,0.009556159420289855,-0.7483732750000001,-8.5907935,3.2634109749999998,0.3897780000000006,154.31583923,24.0,0.6128969999999994,0.6128969999999994,0.46249999999999997,13.888110548784098,22.0,212.93093655299998,21.0,129.96025854700002,1.2335965999999998,27.5,151.10212968210539,49.69601040539513,33.0
1436,j,capitals,39,state,Vermont,Montpelier,Burlington,What is the capital of Vermont?,The capital of Vermont is,0.0079,0.0444,5.620253165,False,critical,html-keyboard-response,87,167462,subject_27,67d993866d1d7516d87e97de,67f5593dc520aae4ec59b4e4,0.1760584082591159,1,right,-0.4572453896128237,2.8268120999999997,0.75283587,1.0,0.0034998085574806164,-0.637835275,-11.6183655,2.518385875,0.32600349999999967,158.75225502,18.0,2.6147142499999996,2.5662552499999993,0.44999999999999996,6.6844704108256,35.0,288.368095275,20.0,52.797800275,17.347483000000004,23.0,87.53368163162845,59.445257727624245,23.0
1581,j,capitals,32,state,New York,Albany,New York,What is the capital of New York?,The capital of New York is,0.103,7.937,77.05825243,True,critical,html-keyboard-response,89,170052,subject_27,67d993866d1d7516d87e97de,67f5593dc520aae4ec59b4e4,0.1760584082591159,0,right,-0.2734539288021777,2.31160665,4.8018915,1.0,0.07179487179487179,-0.40196120999999996,-4.7547025000000005,3.14106469,-1.30574515,164.00049312,18.0,4.1901697,3.862285,0.6875,15.47453789415244,25.5,229.375925891,15.0,53.021560058999995,59.8069269,27.0,75.81720478275057,45.627494070248844,27.0
1398,f,capitals,7,country,Pakistan,Islamabad,Karachi,What is the capital of Pakistan?,The capital of Pakistan is,1.3,18.1,13.92307692,False,critical,html-keyboard-response,7,24305,subject_9,67d993866d1d7516d87e97de,67dafecb026446588f74c678,0.2976404393464391,0,left,-0.9051376919515454,3.8934075,2.6534792,1.0,0.0019266429313158284,-1.11515545,-10.314565,2.1734213999999996,-4.08459765,183.33887535,14.0,4.08459765,4.08459765,0.675,5.719409224572999,32.5,281.15069095,25.0,33.481899,38.1329444,25.0,81.74658055471438,60.49985834162654,25.0
1743,j,capitals,38,state,Texas,Austin,Houston,What is the capital of Texas?,The capital of Texas is,0.989,2.324,2.349848332,True,critical,html-keyboard-response,9,27065,subject_9,67d993866d1d7516d87e97de,67dafecb026446588f74c678,0.2976404393464391,0,right,0.0076220795271858,2.7289062,3.68736335,1.0,0.08712121212121213,-0.506320885,-4.40157605,4.012876565,1.53352215,151.14799460999998,11.0,0.08562525000000054,0.08562525000000054,0.35,19.22278273641858,20.0,198.241569792,15.0,136.22196335799998,0.08562525000000054,10.5,81.3456051528303,15.975005422746095,35.0
1224,f,capitals,42,state,Wisconsin,Madison,Milwaukee,What is the capital of Wisconsin?,The capital of Wisconsin is,0.284,0.551,1.940140845,False,critical,html-keyboard-response,11,29298,subject_9,67d993866d1d7516d87e97de,67dafecb026446588f74c678,0.2976404393464391,0,left,-1.3654860984364707,3.13448335,2.23414315,1.0,0.006828316610925306,-0.760507775,-9.046759,3.316440125,1.0081592500000003,161.19694813,16.0,0.0,0.0,0.025,8.781973336626725,35.0,233.021284015,20.0,104.89291063499999,0.0,33.0,87.39257794461776,27.410622132151936,33.0
1794,f,capitals,16,state,Delaware,Dover,Wilmington,What is the capital of Delaware?,The capital of Delaware is,0.0403,0.0722,1.791563275,True,critical,html-keyboard-response,13,32098,subject_9,67d993866d1d7516d87e97de,67dafecb026446588f74c678,0.2976404393464391,1,left,0.1425517848762157,4.2341493,0.72218523,1.0,0.012666345999679333,-1.74989815,-9.680467,0.94623425,3.385187,168.90373542999998,18.0,0.0,0.0,0.025,6.774399509720723,34.0,229.367487715,20.0,115.99101648500002,0.0,34.5,110.70916324533087,58.08677270925415,34.5
1787,f,capitals,19,state,Kansas,Topeka,Wichita,What is the capital of Kansas?,The capital of Kansas is,0.125,0.395,3.16,False,critical,html-keyboard-response,15,34897,subject_9,67d993866d1d7516d87e97de,67dafecb026446588f74c678,0.2976404393464391,0,left,0.1240320213969371,3.69316615,2.64080265,1.0,0.010417797069994574,-1.07303922,-8.168856,1.73419138,-0.5498905999999999,162.288778245,35.0,2.9706022499999998,1.7607325999999994,0.5625,10.046628532789011,33.0,233.6914373035,18.0,65.7761040965,17.125884900000003,35.0,90.36345231361148,54.06264558247349,35.0
1856,j,capitals,9,country,Switzerland,Bern,Zurich,What is the capital of Switzerland?,The capital of Switzerland is,0.448,1.455,3.247767857,False,critical,html-keyboard-response,17,37769,subject_9,67d993866d1d7516d87e97de,67dafecb026446588f74c678,0.2976404393464391,1,right,0.3065839756926833,4.1456575,2.41449345,0.5,0.0021505425701852632,-1.92965085,-10.040487,1.9507065,-3.461702700000001,159.68889725000002,14.0,4.6987805499999995,4.6987805499999995,0.725,3.5004306147470485,37.0,294.98176505000004,16.0,73.5494113,34.15059715,1.0,73.47320395691726,42.42957016076099,37.0
1908,f,capitals,41,state,Washington,Olympia,Seattle,What is the capital of Washington?,The capital of Washington is,0.0558,0.765,13.70967742,False,critical,html-keyboard-response,19,40682,subject_9,67d993866d1d7516d87e97de,67dafecb026446588f74c678,0.2976404393464391,0,left,0.4441593615387529,2.4590736499999997,3.76935035,1.0,0.018367961457392352,-0.44257853999999996,-7.3950467,3.85359726,-2.2241997000000007,144.06035742999998,23.0,4.896856099999999,4.896856099999999,0.6625000000000001,14.217480554285576,25.5,250.7986976015,25.0,103.96332209849999,33.6275834,16.0,99.67318648330391,49.08176857829807,25.0
2427,j,capitals,18,state,Illinois,Springfield,Chicago,What is the capital of Illinois?,The capital of Illinois is,0.111,2.612,23.53153153,True,critical,html-keyboard-response,21,44122,subject_9,67d993866d1d7516d87e97de,67dafecb026446588f74c678,0.2976404393464391,0,right,1.8172675395024096,3.7229846,2.02082935,1.0,0.0037192282102461744,-1.0637694,-9.972052999999999,1.8728581000000002,-5.79218335,170.65176035000002,18.0,8.6360925,8.6360925,0.675,5.610516716755836,37.0,311.23248041500005,22.5,49.248491285,81.37087019,25.0,83.27137832278736,56.50312887381918,25.0
1506,f,capitals,32,state,New York,Albany,New York,What is the capital of New York?,The capital of New York is,0.103,7.937,77.05825243,False,critical,html-keyboard-response,23,46634,subject_9,67d993866d1d7516d87e97de,67dafecb026446588f74c678,0.2976404393464391,0,left,-0.6194041982712469,2.31160665,4.8018915,1.0,0.07179487179487179,-0.40196120999999996,-4.7547025000000005,3.14106469,-1.30574515,164.00049312,18.0,4.1901697,3.862285,0.6875,15.47453789415244,25.5,229.375925891,15.0,53.021560058999995,59.8069269,27.0,75.81720478275057,45.627494070248844,27.0
1657,f,capitals,39,state,Vermont,Montpelier,Burlington,What is the capital of Vermont?,The capital of Vermont is,0.0079,0.0444,5.620253165,False,critical,html-keyboard-response,25,49305,subject_9,67d993866d1d7516d87e97de,67dafecb026446588f74c678,0.2976404393464391,0,left,-0.219906443218237,2.8268120999999997,0.75283587,1.0,0.0034998085574806164,-0.637835275,-11.6183655,2.518385875,0.32600349999999967,158.75225502,18.0,2.6147142499999996,2.5662552499999993,0.44999999999999996,6.6844704108256,35.0,288.368095275,20.0,52.797800275,17.347483000000004,23.0,87.53368163162845,59.445257727624245,23.0
2134,f,capitals,14,state,California,Sacramento,Los Angeles,What is the capital of California?,The capital of California is,0.527,3.8,7.210626186,False,critical,html-keyboard-response,27,52450,subject_9,67d993866d1d7516d87e97de,67dafecb026446588f74c678,0.2976404393464391,0,left,1.042083153869748,2.8312225,3.369704,1.0,0.1,-0.63638328,-4.58591525,4.79400397,-0.5027754,142.854805135,14.5,5.676533999999999,5.419304,0.5875,18.10634188869909,22.0,220.35396464500002,17.5,113.277399355,50.27004185000001,25.5,97.10799675216575,25.585019619395112,25.0
2026,j,capitals,11,country,United Arab Emirates,Abu Dhabi,Dubai,What is the capital of the United Arab Emirates?,The capital of the United Arab Emirates is,1.6,3.1,1.9375,True,critical,html-keyboard-response,29,55481,subject_9,67d993866d1d7516d87e97de,67dafecb026446588f74c678,0.2976404393464391,0,right,0.7563496601894495,3.6339115499999997,2.33935815,1.0,0.00522367703218767,-1.0856354000000001,-9.346349,2.50591525,-0.6000735000000006,159.839143965,14.0,3.36275555,3.36275555,0.65,9.84413945872573,31.0,260.0233028075,0.0,72.79101454250001,22.182172549999997,33.0,96.97781470445022,51.8589082146157,33.0
1849,j,capitals,36,state,Pennsylvania,Harrisburg,Philadelphia,What is the capital of Pennsylvania?,The capital of Pennsylvania is,0.05,1.517,30.34,True,critical,html-keyboard-response,31,58338,subject_9,67d993866d1d7516d87e97de,67dafecb026446588f74c678,0.2976404393464391,0,right,0.2880642122134047,3.80286055,1.2945525999999998,1.0,0.005201455329470422,-0.971369375,-10.090643,2.9000446250000005,-0.7811735000000004,169.40291199,18.0,4.7394538,4.5681133,0.6625000000000001,12.812658898193753,26.5,280.7955821475,22.5,70.13658115249999,36.52358815000001,24.0,104.5548823855986,47.04693462155399,24.0
2106,j,capitals,34,state,North Dakota,Bismarck,Fargo,What is the capital of North Dakota?,The capital of North Dakota is,0.076,0.138,1.815789474,False,critical,html-keyboard-response,33,61457,subject_9,67d993866d1d7516d87e97de,67dafecb026446588f74c678,0.2976404393464391,1,right,0.9680040999526336,3.1886295000000002,1.6228072999999998,1.0,0.04464285714285714,-0.8373848349999999,-6.98899085,3.346709315,2.0134886500000007,158.9716758025,18.0,1.0428039999999998,1.0428039999999998,0.425,10.24716289924514,32.5,181.48586626009998,20.0,91.95245258989999,1.3760648999999998,25.0,78.67897042291708,25.245962637347155,34.5
2500,j,capitals,21,state,Louisiana,Baton Rouge,New Orleans,What is the capital of Louisiana?,The capital of Louisiana is,0.215,0.351,1.63255814,True,critical,html-keyboard-response,35,64970,subject_9,67d993866d1d7516d87e97de,67dafecb026446588f74c678,0.2976404393464391,0,right,2.010402215786315,2.79039935,2.0269129,1.0,0.0034954039671020805,-0.60054295,-9.8353815,2.3737587500000004,-2.482563500000001,172.31991220000003,18.0,5.1981744999999995,3.793621,0.6875,7.716095282905707,34.5,282.68865437,20.0,29.084738729999994,68.09929645,24.5,62.8804213583455,54.76974795931437,27.0
1218,f,capitals,8,country,South Africa,Pretoria,Johannesburg,What is the capital of South Africa?,The capital of South Africa is,3.0,6.4,2.133333333,False,critical,html-keyboard-response,37,67201,subject_9,67d993866d1d7516d87e97de,67dafecb026446588f74c678,0.2976404393464391,0,left,-1.3813601814187095,4.3614197,2.7407284,1.0,0.005607622617931896,-2.11893455,-8.995401000000001,2.2255171,-0.9749508000000002,168.89477075,14.0,4.743248,4.743248,0.8125,6.902744233458726,33.0,261.79318212500004,33.0,107.26548872500001,40.14546490000001,33.0,126.64268622248599,90.68654232034928,33.5
1402,f,capitals,20,state,Kentucky,Frankfort,Louisville,What is the capital of Kentucky?,The capital of Kentucky is,0.0281,0.617,21.95729537,False,critical,html-keyboard-response,39,69610,subject_9,67d993866d1d7516d87e97de,67dafecb026446588f74c678,0.2976404393464391,0,left,-0.8945549699633861,3.0547366,2.2666612,1.0,0.000659358843533807,-0.74241135,-11.6135325,2.1753297,-0.9483945,176.88001325,18.0,5.5287013,4.96804475,0.75,4.405366338069108,37.0,336.0411206,26.0,22.964224,60.86410575,26.0,72.27622371274914,51.10917786191476,26.0
1438,j,capitals,31,state,New Mexico,Santa Fe,Albuquerque,What is the capital of New Mexico?,The capital of New Mexico is,0.0901,0.557,6.182019978,True,critical,html-keyboard-response,41,72065,subject_9,67d993866d1d7516d87e97de,67dafecb026446588f74c678,0.2976404393464391,0,right,-0.7993104720699533,3.0991414500000003,1.3244324,1.0,0.014238667183262301,-0.69803795,-9.098272999999999,2.46943,0.3069240000000004,166.6062263,18.0,5.093978,3.5249351500000006,0.525,8.033448780088444,31.0,260.480373305,20.0,49.826687745000015,48.39635365000001,19.0,84.180459503387,57.783921029115376,24.0
1362,j,capitals,13,state,Alaska,Juneau,Anchorage,What is the capital of Alaska?,The capital of Alaska is,0.0311,0.283,9.099678457,True,critical,html-keyboard-response,43,74433,subject_9,67d993866d1d7516d87e97de,67dafecb026446588f74c678,0.2976404393464391,0,right,-1.0003821898449785,4.0331867,1.032167785,1.0,0.0012974288388852195,-1.38228545,-12.390654,1.9327201,-2.1549560000000003,158.058188835,18.0,4.9375237,4.9375237,0.9624999999999999,2.4642328656242176,37.0,348.27460882,33.0,8.84634368,72.57630929999998,37.0,50.961827169017766,61.5026154449013,37.0
1281,f,capitals,26,state,Montana,Helena,Billings,What is the capital of Montana?,The capital of Montana is,0.0359,0.123,3.426183844,True,critical,html-keyboard-response,45,76729,subject_9,67d993866d1d7516d87e97de,67dafecb026446588f74c678,0.2976404393464391,1,left,-1.214682310105202,4.00716885,2.3871716000000003,1.0,0.0004472704898291971,-1.22599375,-12.036882250000001,2.2819052,-1.00467525,175.57409865,18.0,2.4909772499999994,2.1745497500000006,0.5875,6.831399328645267,33.0,299.00474067,20.0,76.68242387999999,24.127286050000002,24.0,98.87916742139757,43.100083383269855,28.5
1122,f,capitals,6,country,New Zealand,Wellington,Auckland,What is the capital of New Zealand?,The capital of New Zealand is,0.428,1.711,3.997663551,False,critical,html-keyboard-response,47,78858,subject_9,67d993866d1d7516d87e97de,67dafecb026446588f74c678,0.2976404393464391,0,left,-1.6353455091345304,4.244933850000001,2.3052439,1.0,0.008300041328006613,-1.7685506,-8.672815499999999,2.1210044999999997,0.577696500000001,145.06194,14.0,4.1641122,4.1641122,0.5,13.508204608971669,26.0,251.64753062350002,26.0,86.95005627649999,49.788739050000004,26.0,100.41858076823004,69.00830151646427,29.0
1697,f,capitals,23,state,Maryland,Annapolis,Baltimore,What is the capital of Maryland?,The capital of Maryland is,0.0403,0.553,13.72208437,False,critical,html-keyboard-response,49,81569,subject_9,67d993866d1d7516d87e97de,67dafecb026446588f74c678,0.2976404393464391,0,left,-0.1140792233366449,3.6610867999999996,1.99519565,1.0,0.007435328135488201,-1.006010815,-9.066941499999999,2.3947849850000003,-2.0526531999999995,171.39884055,18.0,5.272523,5.272523,0.7124999999999999,8.627807633730525,31.0,269.905489795,21.0,82.80523015499999,30.549259500000005,17.5,88.24512507064568,61.977535890917494,35.0
1927,j,capitals,30,state,New Jersey,Trenton,Newark,What is the capital of New Jersey?,The capital of New Jersey is,0.0898,0.306,3.407572383,False,critical,html-keyboard-response,51,84506,subject_9,67d993866d1d7516d87e97de,67dafecb026446588f74c678,0.2976404393464391,1,right,0.4944272909825092,3.3090056,1.82140345,1.0,0.0016363743403658628,-0.84072134,-10.924448,3.76701416,-4.2521546,156.04382572,18.0,6.901956650000001,6.901956650000001,0.725,8.925782555854742,34.5,273.68847277500004,22.0,47.345132775,80.49773385,24.5,88.88474869929352,60.16044669384837,28.5
1411,f,capitals,29,state,New Hampshire,Concord,Manchester,What is the capital of New Hampshire?,The capital of New Hampshire is,0.0449,0.115,2.561247216,False,critical,html-keyboard-response,53,86921,subject_9,67d993866d1d7516d87e97de,67dafecb026446588f74c678,0.2976404393464391,0,left,-0.8707438454900279,3.8924572,2.5146651,1.0,0.00224755864290748,-1.1561135,-10.1354995,2.64535425,0.8996589999999998,168.00271485000002,18.0,0.0,0.0,0.025,8.377304174979542,32.5,253.08660677999998,20.0,138.81277821999998,0.0,27.0,98.10982957505266,32.00701641793163,32.0
1823,f,capitals,33,state,North Carolina,Raleigh,Charlotte,What is the capital of North Carolina?,The capital of North Carolina is,0.494,0.935,1.892712551,False,critical,html-keyboard-response,55,89753,subject_9,67d993866d1d7516d87e97de,67dafecb026446588f74c678,0.2976404393464391,0,left,0.2192765192903699,3.9989741,1.4837299000000002,1.0,0.017565485362095533,-1.2707921500000001,-8.2403645,2.6944252,2.3565879999999995,167.86508935,18.0,1.4855458000000001,1.4855458000000001,0.7124999999999999,8.574116496188747,32.5,209.911716892,20.0,142.86702770799997,5.01324945,7.0,125.69617107504936,62.09856014494803,35.0
1570,j,capitals,28,state,Nevada,Carson City,Las Vegas,What is the capital of Nevada?,The capital of Nevada is,0.0576,0.67,11.63194444,True,critical,html-keyboard-response,57,92337,subject_9,67d993866d1d7516d87e97de,67dafecb026446588f74c678,0.2976404393464391,0,right,-0.4500806464606997,3.21408655,2.2825403,1.0,0.009556159420289855,-0.7483732750000001,-8.5907935,3.2634109749999998,0.3897780000000006,154.31583923,24.0,0.6128969999999994,0.6128969999999994,0.46249999999999997,13.888110548784098,22.0,212.93093655299998,21.0,129.96025854700002,1.2335965999999998,27.5,151.10212968210539,49.69601040539513,33.0
1370,j,capitals,10,country,Turkey,Ankara,Istanbul,What is the capital of Turkey?,The capital of Turkey is,5.55,16.24,2.926126126,True,critical,html-keyboard-response,59,94713,subject_9,67d993866d1d7516d87e97de,67dafecb026446588f74c678,0.2976404393464391,0,right,-0.9792167458686598,3.7206935999999997,3.6190253,1.0,0.0140625,-1.049432,-7.22749025,1.77928585,-1.0519376499999997,181.67489892999998,14.0,3.36303155,3.36303155,0.7875000000000001,7.10805059345744,34.0,232.28671097749998,0.0,68.73258667249999,23.91809185,34.0,109.98791459488866,68.21821684179301,34.0
1346,j,capitals,24,state,Michigan,Lansing,Detroit,What is the capital of Michigan?,The capital of Michigan is,0.112,0.63,5.625,True,critical,html-keyboard-response,61,97073,subject_9,67d993866d1d7516d87e97de,67dafecb026446588f74c678,0.2976404393464391,0,right,-1.042713077797615,3.1715925,0.8199855199999999,1.0,0.020092460881934567,-0.8804468999999999,-8.9095815,2.08088635,-0.3318779999999997,162.992733545,18.0,2.8472903499999997,2.8472903499999997,0.7,7.4411319048798905,35.5,223.482275455,20.0,122.07790124499999,9.68996645,35.0,132.35050610599825,75.15181857684905,35.0
2056,j,capitals,35,state,Oregon,Salem,Portland,What is the capital of Oregon?,The capital of Oregon is,0.178,0.615,3.45505618,True,critical,html-keyboard-response,63,100145,subject_9,67d993866d1d7516d87e97de,67dafecb026446588f74c678,0.2976404393464391,0,right,0.8357200751006435,3.87003685,0.9559546750000001,1.0,0.02684931506849315,-1.33495845,-8.585685999999999,2.0863518,0.6543089999999996,153.11513470199998,18.0,4.49311111,4.49311111,0.6875,9.833651245669653,33.5,221.757705704,20.0,88.948261346,12.927848335,34.0,127.8462239789101,66.26897622229141,34.0
1702,j,capitals,2,country,Brazil,Brasilia,Rio de Janeiro,What is the capital of Brazil?,The capital of Brazil is,4.99,13.923,2.790180361,True,critical,html-keyboard-response,65,102857,subject_9,67d993866d1d7516d87e97de,67dafecb026446588f74c678,0.2976404393464391,0,right,-0.1008508208514459,2.0599417,0.8546364200000001,1.0,0.010916269887353384,-0.37423359,-9.777523500000001,3.12931296,0.3757585000000008,171.91224647,18.0,3.580388749999999,2.5741565,0.55,9.253846674396854,34.0,298.44019958,15.0,47.51553901999999,30.58541265,22.0,58.33967382007255,24.97507531677988,22.0
2355,j,capitals,37,state,South Dakota,Pierre,Sioux Falls,What is the capital of South Dakota?,The capital of South Dakota is,0.0138,0.215,15.57971014,True,critical,html-keyboard-response,67,106225,subject_9,67d993866d1d7516d87e97de,67dafecb026446588f74c678,0.2976404393464391,0,right,1.626778543715544,3.88962435,1.9988037,1.0,0.006089036055923473,-1.041340035,-9.381435,2.440622765,3.5832957499999987,176.86631975,18.0,2.7437485000000006,2.3335944999999993,0.45,6.963136166388008,32.0,279.15120511,20.0,98.78975829,20.867091999999992,16.0,89.17083306707906,49.97454210007436,26.0
2049,f,capitals,27,state,Nebraska,Lincoln,Omaha,What is the capital of Nebraska?,The capital of Nebraska is,0.297,0.477,1.606060606,False,critical,html-keyboard-response,69,109281,subject_9,67d993866d1d7516d87e97de,67dafecb026446588f74c678,0.2976404393464391,0,left,0.8172003116213649,3.40945435,2.88149385,1.0,0.002427404976322155,-0.90226395,-9.880027,1.9579811500000002,-0.6194575000000002,166.84559195,14.0,6.48387735,5.795127749999999,0.9875,3.0583791478084397,38.0,334.6421603,20.0,16.19795,78.670469,18.0,81.67707104491953,87.8184827648541,24.0
1540,j,capitals,25,state,Minnesota,St. Paul,Minneapolis,What is the capital of Minnesota?,The capital of Minnesota is,0.299,0.421,1.408026756,True,critical,html-keyboard-response,71,111824,subject_9,67d993866d1d7516d87e97de,67dafecb026446588f74c678,0.2976404393464391,0,right,-0.5294510613718937,3.58195065,1.6521141,1.0,0.017392619479733817,-1.4853812,-8.023998,2.1170464,1.1057884999999996,150.791991795,18.0,6.11360015,6.11360015,0.875,3.3354361793014986,36.5,291.73495485,35.0,30.489669350000007,37.57722344999999,35.0,64.16242236428235,64.57921294960164,35.0
1494,f,capitals,4,country,India,New Delhi,Mumbai,What is the capital of India?,The capital of India is,0.206,22.1,107.2815534,True,critical,html-keyboard-response,73,114321,subject_9,67d993866d1d7516d87e97de,67dafecb026446588f74c678,0.2976404393464391,1,left,-0.6511523642357245,3.3890189,1.4282650000000001,1.0,0.06971153846153846,-1.1690336,-6.6849964,4.1036254,2.7211151000000005,151.45156923500002,14.0,2.3097963499999996,1.1339184999999992,0.425,9.901198823968304,30.0,227.81903473,16.0,94.28140192000001,13.430843800000002,8.0,81.85221999731655,37.65522312456052,32.0
1719,j,capitals,3,country,Canada,Ottawa,Toronto,What is the capital of Canada?,The capital of Canada is,1.465,6.491,4.430716724,True,critical,html-keyboard-response,75,117057,subject_9,67d993866d1d7516d87e97de,67dafecb026446588f74c678,0.2976404393464391,0,right,-0.0558742524017693,3.41186485,1.57882065,1.0,0.09166666666666667,-0.8216695,-5.87537415,3.39860975,-1.0815602000000002,151.21389025500002,16.0,1.62056305,1.62056305,0.55,18.015003869553816,21.0,209.80200216699998,15.0,104.683861683,9.282030650000001,24.5,78.4247090436364,17.054693758663674,27.0
1406,j,capitals,1,country,Australia,Canberra,Sydney,What is the capital of Australia?,The capital of Australia is,0.483,5.249,10.86749482,True,critical,html-keyboard-response,77,119465,subject_9,67d993866d1d7516d87e97de,67dafecb026446588f74c678,0.2976404393464391,0,right,-0.883972247975227,2.91766655,1.443579,1.0,0.013910060975609756,-0.732931825,-9.718684,2.424576675,-3.10026675,135.81862900000002,16.0,4.71659925,4.71659925,0.7,13.549338958870404,26.5,205.0319132245,16.0,133.7638296255,27.787327949999998,27.0,115.01755520776328,61.294825054348195,27.0
2178,j,capitals,40,state,Virginia,Richmond,Virginia Beach,What is the capital of Virginia?,The capital of Virginia is,0.231,0.45,1.948051948,False,critical,html-keyboard-response,79,122649,subject_9,67d993866d1d7516d87e97de,67dafecb026446588f74c678,0.2976404393464391,1,right,1.1584930957394992,4.120711549999999,3.5882533,1.0,0.02312889812889813,-1.16916945,-6.914387700000001,2.59017605,0.19082209999999966,175.71893075000003,18.5,2.56121715,2.56121715,0.7,5.77276122250901,38.0,284.03714405,20.0,35.25386895,25.267003600000002,18.0,46.35421140072588,30.54006897158279,36.0
2737,f,capitals,12,state,Alabama,Montgomery,Birmingham,What is the capital of Alabama?,The capital of Alabama is,0.192,0.194,1.010416667,True,critical,html-keyboard-response,81,126394,subject_9,67d993866d1d7516d87e97de,67dafecb026446588f74c678,0.2976404393464391,1,left,2.6374284935847476,3.1154528,2.2013875499999997,1.0,0.003584966270478638,-0.7024276,-9.767927,3.1901363,-1.4417109999999997,171.89705985,16.0,5.234766799999999,5.234766799999999,0.725,8.879740567094881,31.0,283.66813919000003,20.0,35.182526159999995,72.3701839,11.0,72.1080126268425,56.93717089653546,31.0
1655,j,capitals,15,state,Connecticut,Hartford,Bridgeport,What is the capital of Connecticut?,The capital of Connecticut is,0.119,0.148,1.243697479,False,critical,html-keyboard-response,83,129065,subject_9,67d993866d1d7516d87e97de,67dafecb026446588f74c678,0.2976404393464391,1,right,-0.2251978042123166,4.152413,2.4941535000000004,1.0,0.012903762903762904,-1.2379590999999999,-8.185617,4.8248759,4.25825,176.1870492,16.0,0.7039874999999993,0.7039874999999993,0.3,12.984765384964998,24.0,278.35317808,20.0,187.17906882,0.754308,10.5,97.3336617897597,26.70347104409089,31.0
1539,f,capitals,5,country,Morrocco,Rabat,Marrakesh,What is the capital of Morrocco?,The capital of Morrocco is,2.02,1.085,0.5371287129,False,critical,html-keyboard-response,85,131609,subject_9,67d993866d1d7516d87e97de,67dafecb026446588f74c678,0.2976404393464391,0,left,-0.5320967418689335,4.06911815,3.926867,1.0,0.001930509063232023,-1.06717185,-9.534113999999999,2.73666185,-0.551412,192.02520429999998,22.5,5.353308500000001,3.0599705000000004,0.6125,7.031879522295083,33.0,303.121009725,22.5,42.028869125,59.422086599999986,14.5,71.26685811006843,54.04151717765417,23.0
1584,f,capitals,22,state,Maine,Augusta,Portland,What is the capital of Maine?,The capital of Maine is,0.0192,0.0695,3.619791667,False,critical,html-keyboard-response,87,134202,subject_9,67d993866d1d7516d87e97de,67dafecb026446588f74c678,0.2976404393464391,0,left,-0.4130411195021424,3.7875023,2.4801948,1.0,0.0016831873627990133,-1.0323926499999998,-10.4254775,2.0421341999999996,-1.8715164999999994,169.20454695,18.0,5.94090445,5.94090445,0.95,2.583690266418973,37.0,311.71045002,37.0,44.16688318,51.44942174999999,21.0,71.44560616098389,59.91154959685878,37.0
2189,f,capitals,17,state,Florida,Tallahassee,Jacksonville,What is the capital of Florida?,The capital of Florida is,0.205,1.008,4.917073171,True,critical,html-keyboard-response,89,137401,subject_9,67d993866d1d7516d87e97de,67dafecb026446588f74c678,0.2976404393464391,1,left,1.187595581206937,3.563912,2.6319027999999998,1.0,0.008519591611479029,-0.95531795,-8.4452955,4.38171585,1.3466129999999996,162.1489442425,23.5,1.2571029,1.2571029,0.48750000000000004,9.093065063976583,33.0,222.1497324065,20.0,145.26711409350003,2.21744865,24.0,154.13877107879688,46.03097986487076,33.0
2007,f,capitals,25,state,Minnesota,St. Paul,Minneapolis,What is the capital of Minnesota?,The capital of Minnesota is,0.299,0.421,1.408026756,True,critical,html-keyboard-response,7,119474,subject_15,67d993866d1d7516d87e97de,67f555766c245a55ae234777,0.8110002018442615,1,left,1.55425168042731,3.58195065,1.6521141,1.0,0.017392619479733817,-1.4853812,-8.023998,2.1170464,1.1057884999999996,150.791991795,18.0,6.11360015,6.11360015,0.875,3.3354361793014986,36.5,291.73495485,35.0,30.489669350000007,37.57722344999999,35.0,64.16242236428235,64.57921294960164,35.0
1632,j,capitals,42,state,Wisconsin,Madison,Milwaukee,What is the capital of Wisconsin?,The capital of Wisconsin is,0.284,0.551,1.940140845,False,critical,html-keyboard-response,9,122114,subject_15,67d993866d1d7516d87e97de,67f555766c245a55ae234777,0.8110002018442615,1,right,0.6554279621702829,3.13448335,2.23414315,1.0,0.006828316610925306,-0.760507775,-9.046759,3.316440125,1.0081592500000003,161.19694813,16.0,0.0,0.0,0.025,8.781973336626725,35.0,233.021284015,20.0,104.89291063499999,0.0,33.0,87.39257794461776,27.410622132151936,33.0
1958,j,capitals,2,country,Brazil,Brasilia,Rio de Janeiro,What is the capital of Brazil?,The capital of Brazil is,4.99,13.923,2.790180361,False,critical,html-keyboard-response,11,125075,subject_15,67d993866d1d7516d87e97de,67f555766c245a55ae234777,0.8110002018442615,1,right,1.4368053812417252,2.0599417,0.8546364200000001,1.0,0.010916269887353384,-0.37423359,-9.777523500000001,3.12931296,0.3757585000000008,171.91224647,18.0,3.580388749999999,2.5741565,0.55,9.253846674396854,34.0,298.44019958,15.0,47.51553901999999,30.58541265,22.0,58.33967382007255,24.97507531677988,22.0
2224,f,capitals,9,country,Switzerland,Bern,Zurich,What is the capital of Switzerland?,The capital of Switzerland is,0.448,1.455,3.247767857,True,critical,html-keyboard-response,13,128314,subject_15,67d993866d1d7516d87e97de,67f555766c245a55ae234777,0.8110002018442615,1,left,2.074371005392043,4.1456575,2.41449345,0.5,0.0021505425701852632,-1.92965085,-10.040487,1.9507065,-3.461702700000001,159.68889725000002,14.0,4.6987805499999995,4.6987805499999995,0.725,3.5004306147470485,37.0,294.98176505000004,16.0,73.5494113,34.15059715,1.0,73.47320395691726,42.42957016076099,37.0
1923,f,capitals,31,state,New Mexico,Santa Fe,Albuquerque,What is the capital of New Mexico?,The capital of New Mexico is,0.0901,0.557,6.182019978,True,critical,html-keyboard-response,15,131243,subject_15,67d993866d1d7516d87e97de,67f555766c245a55ae234777,0.8110002018442615,1,left,1.352915167537736,3.0991414500000003,1.3244324,1.0,0.014238667183262301,-0.69803795,-9.098272999999999,2.46943,0.3069240000000004,166.6062263,18.0,5.093978,3.5249351500000006,0.525,8.033448780088444,31.0,260.480373305,20.0,49.826687745000015,48.39635365000001,19.0,84.180459503387,57.783921029115376,24.0
2024,j,capitals,3,country,Canada,Ottawa,Toronto,What is the capital of Canada?,The capital of Canada is,1.465,6.491,4.430716724,True,critical,html-keyboard-response,17,134283,subject_15,67d993866d1d7516d87e97de,67f555766c245a55ae234777,0.8110002018442615,0,right,1.5949983556549618,3.41186485,1.57882065,1.0,0.09166666666666667,-0.8216695,-5.87537415,3.39860975,-1.0815602000000002,151.21389025500002,16.0,1.62056305,1.62056305,0.55,18.015003869553816,21.0,209.80200216699998,15.0,104.683861683,9.282030650000001,24.5,78.4247090436364,17.054693758663674,27.0
1221,f,capitals,34,state,North Dakota,Bismarck,Fargo,What is the capital of North Dakota?,The capital of North Dakota is,0.076,0.138,1.815789474,True,critical,html-keyboard-response,19,136506,subject_15,67d993866d1d7516d87e97de,67f555766c245a55ae234777,0.8110002018442615,1,left,-0.3296828330394187,3.1886295000000002,1.6228072999999998,1.0,0.04464285714285714,-0.8373848349999999,-6.98899085,3.346709315,2.0134886500000007,158.9716758025,18.0,1.0428039999999998,1.0428039999999998,0.425,10.24716289924514,32.5,181.48586626009998,20.0,91.95245258989999,1.3760648999999998,25.0,78.67897042291708,25.245962637347155,34.5
1071,f,capitals,1,country,Australia,Canberra,Sydney,What is the capital of Australia?,The capital of Australia is,0.483,5.249,10.86749482,False,critical,html-keyboard-response,21,138595,subject_15,67d993866d1d7516d87e97de,67f555766c245a55ae234777,0.8110002018442615,0,left,-0.6892123203422296,2.91766655,1.443579,1.0,0.013910060975609756,-0.732931825,-9.718684,2.424576675,-3.10026675,135.81862900000002,16.0,4.71659925,4.71659925,0.7,13.549338958870404,26.5,205.0319132245,16.0,133.7638296255,27.787327949999998,27.0,115.01755520776328,61.294825054348195,27.0
1264,j,capitals,8,country,South Africa,Pretoria,Johannesburg,What is the capital of South Africa?,The capital of South Africa is,3.0,6.4,2.133333333,True,critical,html-keyboard-response,23,140874,subject_15,67d993866d1d7516d87e97de,67f555766c245a55ae234777,0.8110002018442615,0,right,-0.2266177133459463,4.3614197,2.7407284,1.0,0.005607622617931896,-2.11893455,-8.995401000000001,2.2255171,-0.9749508000000002,168.89477075,14.0,4.743248,4.743248,0.8125,6.902744233458726,33.0,261.79318212500004,33.0,107.26548872500001,40.14546490000001,33.0,126.64268622248599,90.68654232034928,33.5
1563,f,capitals,6,country,New Zealand,Wellington,Auckland,What is the capital of New Zealand?,The capital of New Zealand is,0.428,1.711,3.997663551,True,critical,html-keyboard-response,25,143442,subject_15,67d993866d1d7516d87e97de,67f555766c245a55ae234777,0.8110002018442615,1,left,0.4900443980109899,4.244933850000001,2.3052439,1.0,0.008300041328006613,-1.7685506,-8.672815499999999,2.1210044999999997,0.577696500000001,145.06194,14.0,4.1641122,4.1641122,0.5,13.508204608971669,26.0,251.64753062350002,26.0,86.95005627649999,49.788739050000004,26.0,100.41858076823004,69.00830151646427,29.0
1108,j,capitals,16,state,Delaware,Dover,Wilmington,What is the capital of Delaware?,The capital of Delaware is,0.0403,0.0722,1.791563275,True,critical,html-keyboard-response,27,145554,subject_15,67d993866d1d7516d87e97de,67f555766c245a55ae234777,0.8110002018442615,0,right,-0.6005283801408695,4.2341493,0.72218523,1.0,0.012666345999679333,-1.74989815,-9.680467,0.94623425,3.385187,168.90373542999998,18.0,0.0,0.0,0.025,6.774399509720723,34.0,229.367487715,20.0,115.99101648500002,0.0,34.5,110.70916324533087,58.08677270925415,34.5
1906,j,capitals,26,state,Montana,Helena,Billings,What is the capital of Montana?,The capital of Montana is,0.0359,0.123,3.426183844,True,critical,html-keyboard-response,29,148474,subject_15,67d993866d1d7516d87e97de,67f555766c245a55ae234777,0.8110002018442615,0,right,1.312168492310084,4.00716885,2.3871716000000003,1.0,0.0004472704898291971,-1.22599375,-12.036882250000001,2.2819052,-1.00467525,175.57409865,18.0,2.4909772499999994,2.1745497500000006,0.5875,6.831399328645267,33.0,299.00474067,20.0,76.68242387999999,24.127286050000002,24.0,98.87916742139757,43.100083383269855,28.5
907,f,capitals,13,state,Alaska,Juneau,Anchorage,What is the capital of Alaska?,The capital of Alaska is,0.0311,0.283,9.099678457,True,critical,html-keyboard-response,31,150395,subject_15,67d993866d1d7516d87e97de,67f555766c245a55ae234777,0.8110002018442615,1,left,-1.082297893126636,4.0331867,1.032167785,1.0,0.0012974288388852195,-1.38228545,-12.390654,1.9327201,-2.1549560000000003,158.058188835,18.0,4.9375237,4.9375237,0.9624999999999999,2.4642328656242176,37.0,348.27460882,33.0,8.84634368,72.57630929999998,37.0,50.961827169017766,61.5026154449013,37.0
1485,f,capitals,30,state,New Jersey,Trenton,Newark,What is the capital of New Jersey?,The capital of New Jersey is,0.0898,0.306,3.407572383,True,critical,html-keyboard-response,33,152883,subject_15,67d993866d1d7516d87e97de,67f555766c245a55ae234777,0.8110002018442615,1,left,0.3030890646135283,3.3090056,1.82140345,1.0,0.0016363743403658628,-0.84072134,-10.924448,3.76701416,-4.2521546,156.04382572,18.0,6.901956650000001,6.901956650000001,0.725,8.925782555854742,34.5,273.68847277500004,22.0,47.345132775,80.49773385,24.5,88.88474869929352,60.16044669384837,28.5
887,f,capitals,32,state,New York,Albany,New York,What is the capital of New York?,The capital of New York is,0.103,7.937,77.05825243,True,critical,html-keyboard-response,35,154786,subject_15,67d993866d1d7516d87e97de,67f555766c245a55ae234777,0.8110002018442615,1,left,-1.1302351581003445,2.31160665,4.8018915,1.0,0.07179487179487179,-0.40196120999999996,-4.7547025000000005,3.14106469,-1.30574515,164.00049312,18.0,4.1901697,3.862285,0.6875,15.47453789415244,25.5,229.375925891,15.0,53.021560058999995,59.8069269,27.0,75.81720478275057,45.627494070248844,27.0
1181,f,capitals,10,country,Turkey,Ankara,Istanbul,What is the capital of Turkey?,The capital of Turkey is,5.55,16.24,2.926126126,False,critical,html-keyboard-response,37,156979,subject_15,67d993866d1d7516d87e97de,67f555766c245a55ae234777,0.8110002018442615,0,left,-0.4255573629868349,3.7206935999999997,3.6190253,1.0,0.0140625,-1.049432,-7.22749025,1.77928585,-1.0519376499999997,181.67489892999998,14.0,3.36303155,3.36303155,0.7875000000000001,7.10805059345744,34.0,232.28671097749998,0.0,68.73258667249999,23.91809185,34.0,109.98791459488866,68.21821684179301,34.0
1924,j,capitals,24,state,Michigan,Lansing,Detroit,What is the capital of Michigan?,The capital of Michigan is,0.112,0.63,5.625,False,critical,html-keyboard-response,39,159914,subject_15,67d993866d1d7516d87e97de,67f555766c245a55ae234777,0.8110002018442615,1,right,1.3553120307864213,3.1715925,0.8199855199999999,1.0,0.020092460881934567,-0.8804468999999999,-8.9095815,2.08088635,-0.3318779999999997,162.992733545,18.0,2.8472903499999997,2.8472903499999997,0.7,7.4411319048798905,35.5,223.482275455,20.0,122.07790124499999,9.68996645,35.0,132.35050610599825,75.15181857684905,35.0
1574,f,capitals,20,state,Kentucky,Frankfort,Louisville,What is the capital of Kentucky?,The capital of Kentucky is,0.0281,0.617,21.95729537,True,critical,html-keyboard-response,41,162492,subject_15,67d993866d1d7516d87e97de,67f555766c245a55ae234777,0.8110002018442615,1,left,0.5164098937465295,3.0547366,2.2666612,1.0,0.000659358843533807,-0.74241135,-11.6135325,2.1753297,-0.9483945,176.88001325,18.0,5.5287013,4.96804475,0.75,4.405366338069108,37.0,336.0411206,26.0,22.964224,60.86410575,26.0,72.27622371274914,51.10917786191476,26.0
802,f,capitals,18,state,Illinois,Springfield,Chicago,What is the capital of Illinois?,The capital of Illinois is,0.111,2.612,23.53153153,True,critical,html-keyboard-response,43,164298,subject_15,67d993866d1d7516d87e97de,67f555766c245a55ae234777,0.8110002018442615,1,left,-1.3339685342386036,3.7229846,2.02082935,1.0,0.0037192282102461744,-1.0637694,-9.972052999999999,1.8728581000000002,-5.79218335,170.65176035000002,18.0,8.6360925,8.6360925,0.675,5.610516716755836,37.0,311.23248041500005,22.5,49.248491285,81.37087019,25.0,83.27137832278736,56.50312887381918,25.0
1609,f,capitals,11,country,United Arab Emirates,Abu Dhabi,Dubai,What is the capital of the United Arab Emirates?,The capital of the United Arab Emirates is,1.6,3.1,1.9375,False,critical,html-keyboard-response,45,166922,subject_15,67d993866d1d7516d87e97de,67f555766c245a55ae234777,0.8110002018442615,0,left,0.6003001074505186,3.6339115499999997,2.33935815,1.0,0.00522367703218767,-1.0856354000000001,-9.346349,2.50591525,-0.6000735000000006,159.839143965,14.0,3.36275555,3.36275555,0.65,9.84413945872573,31.0,260.0233028075,0.0,72.79101454250001,22.182172549999997,33.0,96.97781470445022,51.8589082146157,33.0
1681,j,capitals,21,state,Louisiana,Baton Rouge,New Orleans,What is the capital of Louisiana?,The capital of Louisiana is,0.215,0.351,1.63255814,False,critical,html-keyboard-response,47,169610,subject_15,67d993866d1d7516d87e97de,67f555766c245a55ae234777,0.8110002018442615,1,right,0.7728742613558678,2.79039935,2.0269129,1.0,0.0034954039671020805,-0.60054295,-9.8353815,2.3737587500000004,-2.482563500000001,172.31991220000003,18.0,5.1981744999999995,3.793621,0.6875,7.716095282905707,34.5,282.68865437,20.0,29.084738729999994,68.09929645,24.5,62.8804213583455,54.76974795931437,27.0
2193,f,capitals,19,state,Kansas,Topeka,Wichita,What is the capital of Kansas?,The capital of Kansas is,0.125,0.395,3.16,True,critical,html-keyboard-response,49,172811,subject_15,67d993866d1d7516d87e97de,67f555766c245a55ae234777,0.8110002018442615,1,left,2.0000682446827955,3.69316615,2.64080265,1.0,0.010417797069994574,-1.07303922,-8.168856,1.73419138,-0.5498905999999999,162.288778245,35.0,2.9706022499999998,1.7607325999999994,0.5625,10.046628532789011,33.0,233.6914373035,18.0,65.7761040965,17.125884900000003,35.0,90.36345231361148,54.06264558247349,35.0
1390,j,capitals,12,state,Alabama,Montgomery,Birmingham,What is the capital of Alabama?,The capital of Alabama is,0.192,0.194,1.010416667,False,critical,html-keyboard-response,51,175210,subject_15,67d993866d1d7516d87e97de,67f555766c245a55ae234777,0.8110002018442615,1,right,0.0753870559884148,3.1154528,2.2013875499999997,1.0,0.003584966270478638,-0.7024276,-9.767927,3.1901363,-1.4417109999999997,171.89705985,16.0,5.234766799999999,5.234766799999999,0.725,8.879740567094881,31.0,283.66813919000003,20.0,35.182526159999995,72.3701839,11.0,72.1080126268425,56.93717089653546,31.0
990,f,capitals,5,country,Morrocco,Rabat,Marrakesh,What is the capital of Morrocco?,The capital of Morrocco is,2.02,1.085,0.5371287129,False,critical,html-keyboard-response,53,177211,subject_15,67d993866d1d7516d87e97de,67f555766c245a55ae234777,0.8110002018442615,0,left,-0.8833582434857474,4.06911815,3.926867,1.0,0.001930509063232023,-1.06717185,-9.534113999999999,2.73666185,-0.551412,192.02520429999998,22.5,5.353308500000001,3.0599705000000004,0.6125,7.031879522295083,33.0,303.121009725,22.5,42.028869125,59.422086599999986,14.5,71.26685811006843,54.04151717765417,23.0
970,j,capitals,36,state,Pennsylvania,Harrisburg,Philadelphia,What is the capital of Pennsylvania?,The capital of Pennsylvania is,0.05,1.517,30.34,False,critical,html-keyboard-response,55,179186,subject_15,67d993866d1d7516d87e97de,67f555766c245a55ae234777,0.8110002018442615,1,right,-0.9312955084594556,3.80286055,1.2945525999999998,1.0,0.005201455329470422,-0.971369375,-10.090643,2.9000446250000005,-0.7811735000000004,169.40291199,18.0,4.7394538,4.5681133,0.6625000000000001,12.812658898193753,26.5,280.7955821475,22.5,70.13658115249999,36.52358815000001,24.0,104.5548823855986,47.04693462155399,24.0
1156,j,capitals,7,country,Pakistan,Islamabad,Karachi,What is the capital of Pakistan?,The capital of Pakistan is,1.3,18.1,13.92307692,False,critical,html-keyboard-response,57,181347,subject_15,67d993866d1d7516d87e97de,67f555766c245a55ae234777,0.8110002018442615,1,right,-0.4854789442039701,3.8934075,2.6534792,1.0,0.0019266429313158284,-1.11515545,-10.314565,2.1734213999999996,-4.08459765,183.33887535,14.0,4.08459765,4.08459765,0.675,5.719409224572999,32.5,281.15069095,25.0,33.481899,38.1329444,25.0,81.74658055471438,60.49985834162654,25.0
1108,j,capitals,40,state,Virginia,Richmond,Virginia Beach,What is the capital of Virginia?,The capital of Virginia is,0.231,0.45,1.948051948,False,critical,html-keyboard-response,59,183467,subject_15,67d993866d1d7516d87e97de,67f555766c245a55ae234777,0.8110002018442615,1,right,-0.6005283801408695,4.120711549999999,3.5882533,1.0,0.02312889812889813,-1.16916945,-6.914387700000001,2.59017605,0.19082209999999966,175.71893075000003,18.5,2.56121715,2.56121715,0.7,5.77276122250901,38.0,284.03714405,20.0,35.25386895,25.267003600000002,18.0,46.35421140072588,30.54006897158279,36.0
962,j,capitals,15,state,Connecticut,Hartford,Bridgeport,What is the capital of Connecticut?,The capital of Connecticut is,0.119,0.148,1.243697479,False,critical,html-keyboard-response,61,185443,subject_15,67d993866d1d7516d87e97de,67f555766c245a55ae234777,0.8110002018442615,1,right,-0.9504704144489388,4.152413,2.4941535000000004,1.0,0.012903762903762904,-1.2379590999999999,-8.185617,4.8248759,4.25825,176.1870492,16.0,0.7039874999999993,0.7039874999999993,0.3,12.984765384964998,24.0,278.35317808,20.0,187.17906882,0.754308,10.5,97.3336617897597,26.70347104409089,31.0
897,j,capitals,14,state,California,Sacramento,Los Angeles,What is the capital of California?,The capital of California is,0.527,3.8,7.210626186,False,critical,html-keyboard-response,63,187355,subject_15,67d993866d1d7516d87e97de,67f555766c245a55ae234777,0.8110002018442615,1,right,-1.10626652561349,2.8312225,3.369704,1.0,0.1,-0.63638328,-4.58591525,4.79400397,-0.5027754,142.854805135,14.5,5.676533999999999,5.419304,0.5875,18.10634188869909,22.0,220.35396464500002,17.5,113.277399355,50.27004185000001,25.5,97.10799675216575,25.585019619395112,25.0
764,j,capitals,23,state,Maryland,Annapolis,Baltimore,What is the capital of Maryland?,The capital of Maryland is,0.0403,0.553,13.72208437,False,critical,html-keyboard-response,65,189122,subject_15,67d993866d1d7516d87e97de,67f555766c245a55ae234777,0.8110002018442615,1,right,-1.425049337688649,3.6610867999999996,1.99519565,1.0,0.007435328135488201,-1.006010815,-9.066941499999999,2.3947849850000003,-2.0526531999999995,171.39884055,18.0,5.272523,5.272523,0.7124999999999999,8.627807633730525,31.0,269.905489795,21.0,82.80523015499999,30.549259500000005,17.5,88.24512507064568,61.977535890917494,35.0
1278,j,capitals,35,state,Oregon,Salem,Portland,What is the capital of Oregon?,The capital of Oregon is,0.178,0.615,3.45505618,False,critical,html-keyboard-response,67,191410,subject_15,67d993866d1d7516d87e97de,67f555766c245a55ae234777,0.8110002018442615,1,right,-0.1930616278643506,3.87003685,0.9559546750000001,1.0,0.02684931506849315,-1.33495845,-8.585685999999999,2.0863518,0.6543089999999996,153.11513470199998,18.0,4.49311111,4.49311111,0.6875,9.833651245669653,33.5,221.757705704,20.0,88.948261346,12.927848335,34.0,127.8462239789101,66.26897622229141,34.0
1098,j,capitals,37,state,South Dakota,Pierre,Sioux Falls,What is the capital of South Dakota?,The capital of South Dakota is,0.0138,0.215,15.57971014,True,critical,html-keyboard-response,69,193515,subject_15,67d993866d1d7516d87e97de,67f555766c245a55ae234777,0.8110002018442615,0,right,-0.6244970126277236,3.88962435,1.9988037,1.0,0.006089036055923473,-1.041340035,-9.381435,2.440622765,3.5832957499999987,176.86631975,18.0,2.7437485000000006,2.3335944999999993,0.45,6.963136166388008,32.0,279.15120511,20.0,98.78975829,20.867091999999992,16.0,89.17083306707906,49.97454210007436,26.0
1078,f,capitals,29,state,New Hampshire,Concord,Manchester,What is the capital of New Hampshire?,The capital of New Hampshire is,0.0449,0.115,2.561247216,True,critical,html-keyboard-response,71,195603,subject_15,67d993866d1d7516d87e97de,67f555766c245a55ae234777,0.8110002018442615,1,left,-0.6724342776014317,3.8924572,2.5146651,1.0,0.00224755864290748,-1.1561135,-10.1354995,2.64535425,0.8996589999999998,168.00271485000002,18.0,0.0,0.0,0.025,8.377304174979542,32.5,253.08660677999998,20.0,138.81277821999998,0.0,27.0,98.10982957505266,32.00701641793163,32.0
1052,j,capitals,17,state,Florida,Tallahassee,Jacksonville,What is the capital of Florida?,The capital of Florida is,0.205,1.008,4.917073171,True,critical,html-keyboard-response,73,197659,subject_15,67d993866d1d7516d87e97de,67f555766c245a55ae234777,0.8110002018442615,0,right,-0.7347527220672523,3.563912,2.6319027999999998,1.0,0.008519591611479029,-0.95531795,-8.4452955,4.38171585,1.3466129999999996,162.1489442425,23.5,1.2571029,1.2571029,0.48750000000000004,9.093065063976583,33.0,222.1497324065,20.0,145.26711409350003,2.21744865,24.0,154.13877107879688,46.03097986487076,33.0
927,j,capitals,33,state,North Carolina,Raleigh,Charlotte,What is the capital of North Carolina?,The capital of North Carolina is,0.494,0.935,1.892712551,False,critical,html-keyboard-response,75,199603,subject_15,67d993866d1d7516d87e97de,67f555766c245a55ae234777,0.8110002018442615,1,right,-1.0343606281529278,3.9989741,1.4837299000000002,1.0,0.017565485362095533,-1.2707921500000001,-8.2403645,2.6944252,2.3565879999999995,167.86508935,18.0,1.4855458000000001,1.4855458000000001,0.7124999999999999,8.574116496188747,32.5,209.911716892,20.0,142.86702770799997,5.01324945,7.0,125.69617107504936,62.09856014494803,35.0
1395,f,capitals,39,state,Vermont,Montpelier,Burlington,What is the capital of Vermont?,The capital of Vermont is,0.0079,0.0444,5.620253165,True,critical,html-keyboard-response,77,202010,subject_15,67d993866d1d7516d87e97de,67f555766c245a55ae234777,0.8110002018442615,1,left,0.0873713722318418,2.8268120999999997,0.75283587,1.0,0.0034998085574806164,-0.637835275,-11.6183655,2.518385875,0.32600349999999967,158.75225502,18.0,2.6147142499999996,2.5662552499999993,0.44999999999999996,6.6844704108256,35.0,288.368095275,20.0,52.797800275,17.347483000000004,23.0,87.53368163162845,59.445257727624245,23.0
957,j,capitals,28,state,Nevada,Carson City,Las Vegas,What is the capital of Nevada?,The capital of Nevada is,0.0576,0.67,11.63194444,False,critical,html-keyboard-response,79,203979,subject_15,67d993866d1d7516d87e97de,67f555766c245a55ae234777,0.8110002018442615,1,right,-0.9624547306923658,3.21408655,2.2825403,1.0,0.009556159420289855,-0.7483732750000001,-8.5907935,3.2634109749999998,0.3897780000000006,154.31583923,24.0,0.6128969999999994,0.6128969999999994,0.46249999999999997,13.888110548784098,22.0,212.93093655299998,21.0,129.96025854700002,1.2335965999999998,27.5,151.10212968210539,49.69601040539513,33.0
944,j,capitals,41,state,Washington,Olympia,Seattle,What is the capital of Washington?,The capital of Washington is,0.0558,0.765,13.70967742,False,critical,html-keyboard-response,81,205938,subject_15,67d993866d1d7516d87e97de,67f555766c245a55ae234777,0.8110002018442615,1,right,-0.993613952925276,2.4590736499999997,3.76935035,1.0,0.018367961457392352,-0.44257853999999996,-7.3950467,3.85359726,-2.2241997000000007,144.06035742999998,23.0,4.896856099999999,4.896856099999999,0.6625000000000001,14.217480554285576,25.5,250.7986976015,25.0,103.96332209849999,33.6275834,16.0,99.67318648330391,49.08176857829807,25.0
1401,j,capitals,22,state,Maine,Augusta,Portland,What is the capital of Maine?,The capital of Maine is,0.0192,0.0695,3.619791667,True,critical,html-keyboard-response,83,208346,subject_15,67d993866d1d7516d87e97de,67f555766c245a55ae234777,0.8110002018442615,0,right,0.1017525517239542,3.7875023,2.4801948,1.0,0.0016831873627990133,-1.0323926499999998,-10.4254775,2.0421341999999996,-1.8715164999999994,169.20454695,18.0,5.94090445,5.94090445,0.95,2.583690266418973,37.0,311.71045002,37.0,44.16688318,51.44942174999999,21.0,71.44560616098389,59.91154959685878,37.0
1439,f,capitals,38,state,Texas,Austin,Houston,What is the capital of Texas?,The capital of Texas is,0.989,2.324,2.349848332,True,critical,html-keyboard-response,85,210794,subject_15,67d993866d1d7516d87e97de,67f555766c245a55ae234777,0.8110002018442615,1,left,0.1928333551739996,2.7289062,3.68736335,1.0,0.08712121212121213,-0.506320885,-4.40157605,4.012876565,1.53352215,151.14799460999998,11.0,0.08562525000000054,0.08562525000000054,0.35,19.22278273641858,20.0,198.241569792,15.0,136.22196335799998,0.08562525000000054,10.5,81.3456051528303,15.975005422746095,35.0
1926,j,capitals,27,state,Nebraska,Lincoln,Omaha,What is the capital of Nebraska?,The capital of Nebraska is,0.297,0.477,1.606060606,False,critical,html-keyboard-response,87,213731,subject_15,67d993866d1d7516d87e97de,67f555766c245a55ae234777,0.8110002018442615,1,right,1.3601057572837922,3.40945435,2.88149385,1.0,0.002427404976322155,-0.90226395,-9.880027,1.9579811500000002,-0.6194575000000002,166.84559195,14.0,6.48387735,5.795127749999999,0.9875,3.0583791478084397,38.0,334.6421603,20.0,16.19795,78.670469,18.0,81.67707104491953,87.8184827648541,24.0
1183,j,capitals,4,country,India,New Delhi,Mumbai,What is the capital of India?,The capital of India is,0.206,22.1,107.2815534,False,critical,html-keyboard-response,89,215923,subject_15,67d993866d1d7516d87e97de,67f555766c245a55ae234777,0.8110002018442615,1,right,-0.4207636364894641,3.3890189,1.4282650000000001,1.0,0.06971153846153846,-1.1690336,-6.6849964,4.1036254,2.7211151000000005,151.45156923500002,14.0,2.3097963499999996,1.1339184999999992,0.425,9.901198823968304,30.0,227.81903473,16.0,94.28140192000001,13.430843800000002,8.0,81.85221999731655,37.65522312456052,32.0
2909,f,capitals,40,state,Virginia,Richmond,Virginia Beach,What is the capital of Virginia?,The capital of Virginia is,0.231,0.45,1.948051948,True,critical,html-keyboard-response,7,80563,subject_34,67d993866d1d7516d87e97de,67f551b59a7816b01fff6735,0.7979706291650923,1,left,-0.1185978533016771,4.120711549999999,3.5882533,1.0,0.02312889812889813,-1.16916945,-6.914387700000001,2.59017605,0.19082209999999966,175.71893075000003,18.5,2.56121715,2.56121715,0.7,5.77276122250901,38.0,284.03714405,20.0,35.25386895,25.267003600000002,18.0,46.35421140072588,30.54006897158279,36.0
2757,j,capitals,15,state,Connecticut,Hartford,Bridgeport,What is the capital of Connecticut?,The capital of Connecticut is,0.119,0.148,1.243697479,False,critical,html-keyboard-response,9,84341,subject_34,67d993866d1d7516d87e97de,67f551b59a7816b01fff6735,0.7979706291650923,1,right,-0.2809672926063965,4.152413,2.4941535000000004,1.0,0.012903762903762904,-1.2379590999999999,-8.185617,4.8248759,4.25825,176.1870492,16.0,0.7039874999999993,0.7039874999999993,0.3,12.984765384964998,24.0,278.35317808,20.0,187.17906882,0.754308,10.5,97.3336617897597,26.70347104409089,31.0
3269,f,capitals,31,state,New Mexico,Santa Fe,Albuquerque,What is the capital of New Mexico?,The capital of New Mexico is,0.0901,0.557,6.182019978,False,critical,html-keyboard-response,11,88630,subject_34,67d993866d1d7516d87e97de,67f551b59a7816b01fff6735,0.7979706291650923,0,left,0.2659613450516055,3.0991414500000003,1.3244324,1.0,0.014238667183262301,-0.69803795,-9.098272999999999,2.46943,0.3069240000000004,166.6062263,18.0,5.093978,3.5249351500000006,0.525,8.033448780088444,31.0,260.480373305,20.0,49.826687745000015,48.39635365000001,19.0,84.180459503387,57.783921029115376,24.0
3008,j,capitals,10,country,Turkey,Ankara,Istanbul,What is the capital of Turkey?,The capital of Turkey is,5.55,16.24,2.926126126,True,critical,html-keyboard-response,13,92651,subject_34,67d993866d1d7516d87e97de,67f551b59a7816b01fff6735,0.7979706291650923,0,right,-0.0128440737545244,3.7206935999999997,3.6190253,1.0,0.0140625,-1.049432,-7.22749025,1.77928585,-1.0519376499999997,181.67489892999998,14.0,3.36303155,3.36303155,0.7875000000000001,7.10805059345744,34.0,232.28671097749998,0.0,68.73258667249999,23.91809185,34.0,109.98791459488866,68.21821684179301,34.0
2400,f,capitals,16,state,Delaware,Dover,Wilmington,What is the capital of Delaware?,The capital of Delaware is,0.0403,0.0722,1.791563275,False,critical,html-keyboard-response,15,96074,subject_34,67d993866d1d7516d87e97de,67f551b59a7816b01fff6735,0.7979706291650923,0,left,-0.6623218309734019,4.2341493,0.72218523,1.0,0.012666345999679333,-1.74989815,-9.680467,0.94623425,3.385187,168.90373542999998,18.0,0.0,0.0,0.025,6.774399509720723,34.0,229.367487715,20.0,115.99101648500002,0.0,34.5,110.70916324533087,58.08677270925415,34.5
2564,j,capitals,28,state,Nevada,Carson City,Las Vegas,What is the capital of Nevada?,The capital of Nevada is,0.0576,0.67,11.63194444,True,critical,html-keyboard-response,17,99649,subject_34,67d993866d1d7516d87e97de,67f551b59a7816b01fff6735,0.7979706291650923,0,right,-0.4871337517235731,3.21408655,2.2825403,1.0,0.009556159420289855,-0.7483732750000001,-8.5907935,3.2634109749999998,0.3897780000000006,154.31583923,24.0,0.6128969999999994,0.6128969999999994,0.46249999999999997,13.888110548784098,22.0,212.93093655299998,21.0,129.96025854700002,1.2335965999999998,27.5,151.10212968210539,49.69601040539513,33.0
2911,j,capitals,37,state,South Dakota,Pierre,Sioux Falls,What is the capital of South Dakota?,The capital of South Dakota is,0.0138,0.215,15.57971014,True,critical,html-keyboard-response,19,103580,subject_34,67d993866d1d7516d87e97de,67f551b59a7816b01fff6735,0.7979706291650923,0,right,-0.1164614133108256,3.88962435,1.9988037,1.0,0.006089036055923473,-1.041340035,-9.381435,2.440622765,3.5832957499999987,176.86631975,18.0,2.7437485000000006,2.3335944999999993,0.45,6.963136166388008,32.0,279.15120511,20.0,98.78975829,20.867091999999992,16.0,89.17083306707906,49.97454210007436,26.0
2631,j,capitals,42,state,Wisconsin,Madison,Milwaukee,What is the capital of Wisconsin?,The capital of Wisconsin is,0.284,0.551,1.940140845,False,critical,html-keyboard-response,21,107225,subject_34,67d993866d1d7516d87e97de,67f551b59a7816b01fff6735,0.7979706291650923,1,right,-0.4155630120300455,3.13448335,2.23414315,1.0,0.006828316610925306,-0.760507775,-9.046759,3.316440125,1.0081592500000003,161.19694813,16.0,0.0,0.0,0.025,8.781973336626725,35.0,233.021284015,20.0,104.89291063499999,0.0,33.0,87.39257794461776,27.410622132151936,33.0
3116,f,capitals,3,country,Canada,Ottawa,Toronto,What is the capital of Canada?,The capital of Canada is,1.465,6.491,4.430716724,True,critical,html-keyboard-response,23,111349,subject_34,67d993866d1d7516d87e97de,67f551b59a7816b01fff6735,0.7979706291650923,1,left,0.1025236857514603,3.41186485,1.57882065,1.0,0.09166666666666667,-0.8216695,-5.87537415,3.39860975,-1.0815602000000002,151.21389025500002,16.0,1.62056305,1.62056305,0.55,18.015003869553816,21.0,209.80200216699998,15.0,104.683861683,9.282030650000001,24.5,78.4247090436364,17.054693758663674,27.0
3200,f,capitals,29,state,New Hampshire,Concord,Manchester,What is the capital of New Hampshire?,The capital of New Hampshire is,0.0449,0.115,2.561247216,True,critical,html-keyboard-response,25,115561,subject_34,67d993866d1d7516d87e97de,67f551b59a7816b01fff6735,0.7979706291650923,1,left,0.1922541653672263,3.8924572,2.5146651,1.0,0.00224755864290748,-1.1561135,-10.1354995,2.64535425,0.8996589999999998,168.00271485000002,18.0,0.0,0.0,0.025,8.377304174979542,32.5,253.08660677999998,20.0,138.81277821999998,0.0,27.0,98.10982957505266,32.00701641793163,32.0
2060,f,capitals,8,country,South Africa,Pretoria,Johannesburg,What is the capital of South Africa?,The capital of South Africa is,3.0,6.4,2.133333333,False,critical,html-keyboard-response,27,118640,subject_34,67d993866d1d7516d87e97de,67f551b59a7816b01fff6735,0.7979706291650923,0,left,-1.025516629418169,4.3614197,2.7407284,1.0,0.005607622617931896,-2.11893455,-8.995401000000001,2.2255171,-0.9749508000000002,168.89477075,14.0,4.743248,4.743248,0.8125,6.902744233458726,33.0,261.79318212500004,33.0,107.26548872500001,40.14546490000001,33.0,126.64268622248599,90.68654232034928,33.5
2989,j,capitals,38,state,Texas,Austin,Houston,What is the capital of Texas?,The capital of Texas is,0.989,2.324,2.349848332,False,critical,html-keyboard-response,29,122633,subject_34,67d993866d1d7516d87e97de,67f551b59a7816b01fff6735,0.7979706291650923,1,right,-0.0331402536676143,2.7289062,3.68736335,1.0,0.08712121212121213,-0.506320885,-4.40157605,4.012876565,1.53352215,151.14799460999998,11.0,0.08562525000000054,0.08562525000000054,0.35,19.22278273641858,20.0,198.241569792,15.0,136.22196335799998,0.08562525000000054,10.5,81.3456051528303,15.975005422746095,35.0
3119,f,capitals,35,state,Oregon,Salem,Portland,What is the capital of Oregon?,The capital of Oregon is,0.178,0.615,3.45505618,False,critical,html-keyboard-response,31,126777,subject_34,67d993866d1d7516d87e97de,67f551b59a7816b01fff6735,0.7979706291650923,0,left,0.1057283457377377,3.87003685,0.9559546750000001,1.0,0.02684931506849315,-1.33495845,-8.585685999999999,2.0863518,0.6543089999999996,153.11513470199998,18.0,4.49311111,4.49311111,0.6875,9.833651245669653,33.5,221.757705704,20.0,88.948261346,12.927848335,34.0,127.8462239789101,66.26897622229141,34.0
2213,f,capitals,41,state,Washington,Olympia,Seattle,What is the capital of Washington?,The capital of Washington is,0.0558,0.765,13.70967742,False,critical,html-keyboard-response,33,129998,subject_34,67d993866d1d7516d87e97de,67f551b59a7816b01fff6735,0.7979706291650923,0,left,-0.8620789701180238,2.4590736499999997,3.76935035,1.0,0.018367961457392352,-0.44257853999999996,-7.3950467,3.85359726,-2.2241997000000007,144.06035742999998,23.0,4.896856099999999,4.896856099999999,0.6625000000000001,14.217480554285576,25.5,250.7986976015,25.0,103.96332209849999,33.6275834,16.0,99.67318648330391,49.08176857829807,25.0
2868,f,capitals,1,country,Australia,Canberra,Sydney,What is the capital of Australia?,The capital of Australia is,0.483,5.249,10.86749482,True,critical,html-keyboard-response,35,133887,subject_34,67d993866d1d7516d87e97de,67f551b59a7816b01fff6735,0.7979706291650923,1,left,-0.1623948731141344,2.91766655,1.443579,1.0,0.013910060975609756,-0.732931825,-9.718684,2.424576675,-3.10026675,135.81862900000002,16.0,4.71659925,4.71659925,0.7,13.549338958870404,26.5,205.0319132245,16.0,133.7638296255,27.787327949999998,27.0,115.01755520776328,61.294825054348195,27.0
4038,j,capitals,27,state,Nebraska,Lincoln,Omaha,What is the capital of Nebraska?,The capital of Nebraska is,0.297,0.477,1.606060606,True,critical,html-keyboard-response,37,138930,subject_34,67d993866d1d7516d87e97de,67f551b59a7816b01fff6735,0.7979706291650923,0,right,1.0874225215340343,3.40945435,2.88149385,1.0,0.002427404976322155,-0.90226395,-9.880027,1.9579811500000002,-0.6194575000000002,166.84559195,14.0,6.48387735,5.795127749999999,0.9875,3.0583791478084397,38.0,334.6421603,20.0,16.19795,78.670469,18.0,81.67707104491953,87.8184827648541,24.0
3609,f,capitals,11,country,United Arab Emirates,Abu Dhabi,Dubai,What is the capital of the United Arab Emirates?,The capital of the United Arab Emirates is,1.6,3.1,1.9375,True,critical,html-keyboard-response,39,143550,subject_34,67d993866d1d7516d87e97de,67f551b59a7816b01fff6735,0.7979706291650923,1,left,0.6291561434963725,3.6339115499999997,2.33935815,1.0,0.00522367703218767,-1.0856354000000001,-9.346349,2.50591525,-0.6000735000000006,159.839143965,14.0,3.36275555,3.36275555,0.65,9.84413945872573,31.0,260.0233028075,0.0,72.79101454250001,22.182172549999997,33.0,96.97781470445022,51.8589082146157,33.0
1641,f,capitals,13,state,Alaska,Juneau,Anchorage,What is the capital of Alaska?,The capital of Alaska is,0.0311,0.283,9.099678457,False,critical,html-keyboard-response,41,146206,subject_34,67d993866d1d7516d87e97de,67f551b59a7816b01fff6735,0.7979706291650923,0,left,-1.473100807501573,4.0331867,1.032167785,1.0,0.0012974288388852195,-1.38228545,-12.390654,1.9327201,-2.1549560000000003,158.058188835,18.0,4.9375237,4.9375237,0.9624999999999999,2.4642328656242176,37.0,348.27460882,33.0,8.84634368,72.57630929999998,37.0,50.961827169017766,61.5026154449013,37.0
1963,j,capitals,4,country,India,New Delhi,Mumbai,What is the capital of India?,The capital of India is,0.206,22.1,107.2815534,False,critical,html-keyboard-response,43,149183,subject_34,67d993866d1d7516d87e97de,67f551b59a7816b01fff6735,0.7979706291650923,1,right,-1.1291339689744702,3.3890189,1.4282650000000001,1.0,0.06971153846153846,-1.1690336,-6.6849964,4.1036254,2.7211151000000005,151.45156923500002,14.0,2.3097963499999996,1.1339184999999992,0.425,9.901198823968304,30.0,227.81903473,16.0,94.28140192000001,13.430843800000002,8.0,81.85221999731655,37.65522312456052,32.0
2051,f,capitals,14,state,California,Sacramento,Los Angeles,What is the capital of California?,The capital of California is,0.527,3.8,7.210626186,False,critical,html-keyboard-response,45,152241,subject_34,67d993866d1d7516d87e97de,67f551b59a7816b01fff6735,0.7979706291650923,0,left,-1.035130609377001,2.8312225,3.369704,1.0,0.1,-0.63638328,-4.58591525,4.79400397,-0.5027754,142.854805135,14.5,5.676533999999999,5.419304,0.5875,18.10634188869909,22.0,220.35396464500002,17.5,113.277399355,50.27004185000001,25.5,97.10799675216575,25.585019619395112,25.0
2724,j,capitals,36,state,Pennsylvania,Harrisburg,Philadelphia,What is the capital of Pennsylvania?,The capital of Pennsylvania is,0.05,1.517,30.34,False,critical,html-keyboard-response,47,155978,subject_34,67d993866d1d7516d87e97de,67f551b59a7816b01fff6735,0.7979706291650923,1,right,-0.3162185524554474,3.80286055,1.2945525999999998,1.0,0.005201455329470422,-0.971369375,-10.090643,2.9000446250000005,-0.7811735000000004,169.40291199,18.0,4.7394538,4.5681133,0.6625000000000001,12.812658898193753,26.5,280.7955821475,22.5,70.13658115249999,36.52358815000001,24.0,104.5548823855986,47.04693462155399,24.0
6080,f,capitals,23,state,Maryland,Annapolis,Baltimore,What is the capital of Maryland?,The capital of Maryland is,0.0403,0.553,13.72208437,True,critical,html-keyboard-response,49,163068,subject_34,67d993866d1d7516d87e97de,67f551b59a7816b01fff6735,0.7979706291650923,1,left,3.268727752193488,3.6610867999999996,1.99519565,1.0,0.007435328135488201,-1.006010815,-9.066941499999999,2.3947849850000003,-2.0526531999999995,171.39884055,18.0,5.272523,5.272523,0.7124999999999999,8.627807633730525,31.0,269.905489795,21.0,82.80523015499999,30.549259500000005,17.5,88.24512507064568,61.977535890917494,35.0
3252,f,capitals,19,state,Kansas,Topeka,Wichita,What is the capital of Kansas?,The capital of Kansas is,0.125,0.395,3.16,False,critical,html-keyboard-response,51,167332,subject_34,67d993866d1d7516d87e97de,67f551b59a7816b01fff6735,0.7979706291650923,0,left,0.2478016051293671,3.69316615,2.64080265,1.0,0.010417797069994574,-1.07303922,-8.168856,1.73419138,-0.5498905999999999,162.288778245,35.0,2.9706022499999998,1.7607325999999994,0.5625,10.046628532789011,33.0,233.6914373035,18.0,65.7761040965,17.125884900000003,35.0,90.36345231361148,54.06264558247349,35.0
2053,j,capitals,9,country,Switzerland,Bern,Zurich,What is the capital of Switzerland?,The capital of Switzerland is,0.448,1.455,3.247767857,True,critical,html-keyboard-response,53,170401,subject_34,67d993866d1d7516d87e97de,67f551b59a7816b01fff6735,0.7979706291650923,0,right,-1.0329941693861493,4.1456575,2.41449345,0.5,0.0021505425701852632,-1.92965085,-10.040487,1.9507065,-3.461702700000001,159.68889725000002,14.0,4.6987805499999995,4.6987805499999995,0.725,3.5004306147470485,37.0,294.98176505000004,16.0,73.5494113,34.15059715,1.0,73.47320395691726,42.42957016076099,37.0
3500,j,capitals,26,state,Montana,Helena,Billings,What is the capital of Montana?,The capital of Montana is,0.0359,0.123,3.426183844,False,critical,html-keyboard-response,55,174908,subject_34,67d993866d1d7516d87e97de,67f551b59a7816b01fff6735,0.7979706291650923,1,right,0.5127201639949619,4.00716885,2.3871716000000003,1.0,0.0004472704898291971,-1.22599375,-12.036882250000001,2.2819052,-1.00467525,175.57409865,18.0,2.4909772499999994,2.1745497500000006,0.5875,6.831399328645267,33.0,299.00474067,20.0,76.68242387999999,24.127286050000002,24.0,98.87916742139757,43.100083383269855,28.5
5313,f,capitals,7,country,Pakistan,Islamabad,Karachi,What is the capital of Pakistan?,The capital of Pakistan is,1.3,18.1,13.92307692,True,critical,html-keyboard-response,57,181237,subject_34,67d993866d1d7516d87e97de,67f551b59a7816b01fff6735,0.7979706291650923,1,left,2.4494030157019107,3.8934075,2.6534792,1.0,0.0019266429313158284,-1.11515545,-10.314565,2.1734213999999996,-4.08459765,183.33887535,14.0,4.08459765,4.08459765,0.675,5.719409224572999,32.5,281.15069095,25.0,33.481899,38.1329444,25.0,81.74658055471438,60.49985834162654,25.0
2322,j,capitals,17,state,Florida,Tallahassee,Jacksonville,What is the capital of Florida?,The capital of Florida is,0.205,1.008,4.917073171,True,critical,html-keyboard-response,59,184571,subject_34,67d993866d1d7516d87e97de,67f551b59a7816b01fff6735,0.7979706291650923,0,right,-0.7456429906166132,3.563912,2.6319027999999998,1.0,0.008519591611479029,-0.95531795,-8.4452955,4.38171585,1.3466129999999996,162.1489442425,23.5,1.2571029,1.2571029,0.48750000000000004,9.093065063976583,33.0,222.1497324065,20.0,145.26711409350003,2.21744865,24.0,154.13877107879688,46.03097986487076,33.0
3509,f,capitals,18,state,Illinois,Springfield,Chicago,What is the capital of Illinois?,The capital of Illinois is,0.111,2.612,23.53153153,False,critical,html-keyboard-response,61,189090,subject_34,67d993866d1d7516d87e97de,67f551b59a7816b01fff6735,0.7979706291650923,0,left,0.522334143953794,3.7229846,2.02082935,1.0,0.0037192282102461744,-1.0637694,-9.972052999999999,1.8728581000000002,-5.79218335,170.65176035000002,18.0,8.6360925,8.6360925,0.675,5.610516716755836,37.0,311.23248041500005,22.5,49.248491285,81.37087019,25.0,83.27137832278736,56.50312887381918,25.0
3583,f,capitals,21,state,Louisiana,Baton Rouge,New Orleans,What is the capital of Louisiana?,The capital of Louisiana is,0.215,0.351,1.63255814,False,critical,html-keyboard-response,63,193679,subject_34,67d993866d1d7516d87e97de,67f551b59a7816b01fff6735,0.7979706291650923,0,left,0.6013824236153021,2.79039935,2.0269129,1.0,0.0034954039671020805,-0.60054295,-9.8353815,2.3737587500000004,-2.482563500000001,172.31991220000003,18.0,5.1981744999999995,3.793621,0.6875,7.716095282905707,34.5,282.68865437,20.0,29.084738729999994,68.09929645,24.5,62.8804213583455,54.76974795931437,27.0
4751,j,capitals,33,state,North Carolina,Raleigh,Charlotte,What is the capital of North Carolina?,The capital of North Carolina is,0.494,0.935,1.892712551,True,critical,html-keyboard-response,65,199444,subject_34,67d993866d1d7516d87e97de,67f551b59a7816b01fff6735,0.7979706291650923,0,right,1.8490633782726191,3.9989741,1.4837299000000002,1.0,0.017565485362095533,-1.2707921500000001,-8.2403645,2.6944252,2.3565879999999995,167.86508935,18.0,1.4855458000000001,1.4855458000000001,0.7124999999999999,8.574116496188747,32.5,209.911716892,20.0,142.86702770799997,5.01324945,7.0,125.69617107504936,62.09856014494803,35.0
2503,f,capitals,6,country,New Zealand,Wellington,Auckland,What is the capital of New Zealand?,The capital of New Zealand is,0.428,1.711,3.997663551,True,critical,html-keyboard-response,67,202958,subject_34,67d993866d1d7516d87e97de,67f551b59a7816b01fff6735,0.7979706291650923,1,left,-0.552295171444546,4.244933850000001,2.3052439,1.0,0.008300041328006613,-1.7685506,-8.672815499999999,2.1210044999999997,0.577696500000001,145.06194,14.0,4.1641122,4.1641122,0.5,13.508204608971669,26.0,251.64753062350002,26.0,86.95005627649999,49.788739050000004,26.0,100.41858076823004,69.00830151646427,29.0
1798,j,capitals,2,country,Brazil,Brasilia,Rio de Janeiro,What is the capital of Brazil?,The capital of Brazil is,4.99,13.923,2.790180361,False,critical,html-keyboard-response,69,205773,subject_34,67d993866d1d7516d87e97de,67f551b59a7816b01fff6735,0.7979706291650923,1,right,-1.3053902682197247,2.0599417,0.8546364200000001,1.0,0.010916269887353384,-0.37423359,-9.777523500000001,3.12931296,0.3757585000000008,171.91224647,18.0,3.580388749999999,2.5741565,0.55,9.253846674396854,34.0,298.44019958,15.0,47.51553901999999,30.58541265,22.0,58.33967382007255,24.97507531677988,22.0
5170,j,capitals,20,state,Kentucky,Frankfort,Louisville,What is the capital of Kentucky?,The capital of Kentucky is,0.0281,0.617,21.95729537,True,critical,html-keyboard-response,71,211960,subject_34,67d993866d1d7516d87e97de,67f551b59a7816b01fff6735,0.7979706291650923,0,right,2.2966475563560236,3.0547366,2.2666612,1.0,0.000659358843533807,-0.74241135,-11.6135325,2.1753297,-0.9483945,176.88001325,18.0,5.5287013,4.96804475,0.75,4.405366338069108,37.0,336.0411206,26.0,22.964224,60.86410575,26.0,72.27622371274914,51.10917786191476,26.0
2280,f,capitals,24,state,Michigan,Lansing,Detroit,What is the capital of Michigan?,The capital of Michigan is,0.112,0.63,5.625,False,critical,html-keyboard-response,73,215250,subject_34,67d993866d1d7516d87e97de,67f551b59a7816b01fff6735,0.7979706291650923,0,left,-0.7905082304244961,3.1715925,0.8199855199999999,1.0,0.020092460881934567,-0.8804468999999999,-8.9095815,2.08088635,-0.3318779999999997,162.992733545,18.0,2.8472903499999997,2.8472903499999997,0.7,7.4411319048798905,35.5,223.482275455,20.0,122.07790124499999,9.68996645,35.0,132.35050610599825,75.15181857684905,35.0
3236,f,capitals,22,state,Maine,Augusta,Portland,What is the capital of Maine?,The capital of Maine is,0.0192,0.0695,3.619791667,True,critical,html-keyboard-response,75,219493,subject_34,67d993866d1d7516d87e97de,67f551b59a7816b01fff6735,0.7979706291650923,1,left,0.2307100852025546,3.7875023,2.4801948,1.0,0.0016831873627990133,-1.0323926499999998,-10.4254775,2.0421341999999996,-1.8715164999999994,169.20454695,18.0,5.94090445,5.94090445,0.95,2.583690266418973,37.0,311.71045002,37.0,44.16688318,51.44942174999999,21.0,71.44560616098389,59.91154959685878,37.0
2303,j,capitals,30,state,New Jersey,Trenton,Newark,What is the capital of New Jersey?,The capital of New Jersey is,0.0898,0.306,3.407572383,True,critical,html-keyboard-response,77,222807,subject_34,67d993866d1d7516d87e97de,67f551b59a7816b01fff6735,0.7979706291650923,0,right,-0.7659391705297031,3.3090056,1.82140345,1.0,0.0016363743403658628,-0.84072134,-10.924448,3.76701416,-4.2521546,156.04382572,18.0,6.901956650000001,6.901956650000001,0.725,8.925782555854742,34.5,273.68847277500004,22.0,47.345132775,80.49773385,24.5,88.88474869929352,60.16044669384837,28.5
2804,j,capitals,34,state,North Dakota,Bismarck,Fargo,What is the capital of North Dakota?,The capital of North Dakota is,0.076,0.138,1.815789474,True,critical,html-keyboard-response,79,226635,subject_34,67d993866d1d7516d87e97de,67f551b59a7816b01fff6735,0.7979706291650923,0,right,-0.2307609528213846,3.1886295000000002,1.6228072999999998,1.0,0.04464285714285714,-0.8373848349999999,-6.98899085,3.346709315,2.0134886500000007,158.9716758025,18.0,1.0428039999999998,1.0428039999999998,0.425,10.24716289924514,32.5,181.48586626009998,20.0,91.95245258989999,1.3760648999999998,25.0,78.67897042291708,25.245962637347155,34.5
2971,j,capitals,25,state,Minnesota,St. Paul,Minneapolis,What is the capital of Minnesota?,The capital of Minnesota is,0.299,0.421,1.408026756,False,critical,html-keyboard-response,81,230614,subject_34,67d993866d1d7516d87e97de,67f551b59a7816b01fff6735,0.7979706291650923,1,right,-0.0523682135852784,3.58195065,1.6521141,1.0,0.017392619479733817,-1.4853812,-8.023998,2.1170464,1.1057884999999996,150.791991795,18.0,6.11360015,6.11360015,0.875,3.3354361793014986,36.5,291.73495485,35.0,30.489669350000007,37.57722344999999,35.0,64.16242236428235,64.57921294960164,35.0
2660,f,capitals,39,state,Vermont,Montpelier,Burlington,What is the capital of Vermont?,The capital of Vermont is,0.0079,0.0444,5.620253165,False,critical,html-keyboard-response,83,234291,subject_34,67d993866d1d7516d87e97de,67f551b59a7816b01fff6735,0.7979706291650923,0,left,-0.3845846321626977,2.8268120999999997,0.75283587,1.0,0.0034998085574806164,-0.637835275,-11.6183655,2.518385875,0.32600349999999967,158.75225502,18.0,2.6147142499999996,2.5662552499999993,0.44999999999999996,6.6844704108256,35.0,288.368095275,20.0,52.797800275,17.347483000000004,23.0,87.53368163162845,59.445257727624245,23.0
2415,j,capitals,32,state,New York,Albany,New York,What is the capital of New York?,The capital of New York is,0.103,7.937,77.05825243,True,critical,html-keyboard-response,85,237714,subject_34,67d993866d1d7516d87e97de,67f551b59a7816b01fff6735,0.7979706291650923,0,right,-0.6462985310420152,2.31160665,4.8018915,1.0,0.07179487179487179,-0.40196120999999996,-4.7547025000000005,3.14106469,-1.30574515,164.00049312,18.0,4.1901697,3.862285,0.6875,15.47453789415244,25.5,229.375925891,15.0,53.021560058999995,59.8069269,27.0,75.81720478275057,45.627494070248844,27.0
3196,j,capitals,12,state,Alabama,Montgomery,Birmingham,What is the capital of Alabama?,The capital of Alabama is,0.192,0.194,1.010416667,False,critical,html-keyboard-response,87,241916,subject_34,67d993866d1d7516d87e97de,67f551b59a7816b01fff6735,0.7979706291650923,1,right,0.1879812853855232,3.1154528,2.2013875499999997,1.0,0.003584966270478638,-0.7024276,-9.767927,3.1901363,-1.4417109999999997,171.89705985,16.0,5.234766799999999,5.234766799999999,0.725,8.879740567094881,31.0,283.66813919000003,20.0,35.182526159999995,72.3701839,11.0,72.1080126268425,56.93717089653546,31.0
3102,f,capitals,5,country,Morrocco,Rabat,Marrakesh,What is the capital of Morrocco?,The capital of Morrocco is,2.02,1.085,0.5371287129,True,critical,html-keyboard-response,89,246029,subject_34,67d993866d1d7516d87e97de,67f551b59a7816b01fff6735,0.7979706291650923,1,left,0.0875686058154993,4.06911815,3.926867,1.0,0.001930509063232023,-1.06717185,-9.534113999999999,2.73666185,-0.551412,192.02520429999998,22.5,5.353308500000001,3.0599705000000004,0.6125,7.031879522295083,33.0,303.121009725,22.5,42.028869125,59.422086599999986,14.5,71.26685811006843,54.04151717765417,23.0
3601,j,capitals,33,state,North Carolina,Raleigh,Charlotte,What is the capital of North Carolina?,The capital of North Carolina is,0.494,0.935,1.892712551,False,critical,html-keyboard-response,7,65014,subject_16,67d993866d1d7516d87e97de,67f5546d9be5bbc21122c85f,0.1976383351831119,1,right,0.4719374394388764,3.9989741,1.4837299000000002,1.0,0.017565485362095533,-1.2707921500000001,-8.2403645,2.6944252,2.3565879999999995,167.86508935,18.0,1.4855458000000001,1.4855458000000001,0.7124999999999999,8.574116496188747,32.5,209.911716892,20.0,142.86702770799997,5.01324945,7.0,125.69617107504936,62.09856014494803,35.0
4560,j,capitals,7,country,Pakistan,Islamabad,Karachi,What is the capital of Pakistan?,The capital of Pakistan is,1.3,18.1,13.92307692,True,critical,html-keyboard-response,9,70589,subject_16,67d993866d1d7516d87e97de,67f5546d9be5bbc21122c85f,0.1976383351831119,0,right,1.2972542241609617,3.8934075,2.6534792,1.0,0.0019266429313158284,-1.11515545,-10.314565,2.1734213999999996,-4.08459765,183.33887535,14.0,4.08459765,4.08459765,0.675,5.719409224572999,32.5,281.15069095,25.0,33.481899,38.1329444,25.0,81.74658055471438,60.49985834162654,25.0
3370,f,capitals,19,state,Kansas,Topeka,Wichita,What is the capital of Kansas?,The capital of Kansas is,0.125,0.395,3.16,False,critical,html-keyboard-response,11,74965,subject_16,67d993866d1d7516d87e97de,67f5546d9be5bbc21122c85f,0.1976383351831119,0,left,0.2731385058926807,3.69316615,2.64080265,1.0,0.010417797069994574,-1.07303922,-8.168856,1.73419138,-0.5498905999999999,162.288778245,35.0,2.9706022499999998,1.7607325999999994,0.5625,10.046628532789011,33.0,233.6914373035,18.0,65.7761040965,17.125884900000003,35.0,90.36345231361148,54.06264558247349,35.0
2350,f,capitals,38,state,Texas,Austin,Houston,What is the capital of Texas?,The capital of Texas is,0.989,2.324,2.349848332,False,critical,html-keyboard-response,13,78323,subject_16,67d993866d1d7516d87e97de,67f5546d9be5bbc21122c85f,0.1976383351831119,0,left,-0.6046749669087029,2.7289062,3.68736335,1.0,0.08712121212121213,-0.506320885,-4.40157605,4.012876565,1.53352215,151.14799460999998,11.0,0.08562525000000054,0.08562525000000054,0.35,19.22278273641858,20.0,198.241569792,15.0,136.22196335799998,0.08562525000000054,10.5,81.3456051528303,15.975005422746095,35.0
1396,f,capitals,14,state,California,Sacramento,Los Angeles,What is the capital of California?,The capital of California is,0.527,3.8,7.210626186,True,critical,html-keyboard-response,15,80724,subject_16,67d993866d1d7516d87e97de,67f5546d9be5bbc21122c85f,0.1976383351831119,1,left,-1.4256887444111737,2.8312225,3.369704,1.0,0.1,-0.63638328,-4.58591525,4.79400397,-0.5027754,142.854805135,14.5,5.676533999999999,5.419304,0.5875,18.10634188869909,22.0,220.35396464500002,17.5,113.277399355,50.27004185000001,25.5,97.10799675216575,25.585019619395112,25.0
2528,j,capitals,15,state,Connecticut,Hartford,Bridgeport,What is the capital of Connecticut?,The capital of Connecticut is,0.119,0.148,1.243697479,False,critical,html-keyboard-response,17,84260,subject_16,67d993866d1d7516d87e97de,67f5546d9be5bbc21122c85f,0.1976383351831119,1,right,-0.4514879098904223,4.152413,2.4941535000000004,1.0,0.012903762903762904,-1.2379590999999999,-8.185617,4.8248759,4.25825,176.1870492,16.0,0.7039874999999993,0.7039874999999993,0.3,12.984765384964998,24.0,278.35317808,20.0,187.17906882,0.754308,10.5,97.3336617897597,26.70347104409089,31.0
2061,j,capitals,20,state,Kentucky,Frankfort,Louisville,What is the capital of Kentucky?,The capital of Kentucky is,0.0281,0.617,21.95729537,True,critical,html-keyboard-response,19,87334,subject_16,67d993866d1d7516d87e97de,67f5546d9be5bbc21122c85f,0.1976383351831119,0,right,-0.8533887842024284,3.0547366,2.2666612,1.0,0.000659358843533807,-0.74241135,-11.6135325,2.1753297,-0.9483945,176.88001325,18.0,5.5287013,4.96804475,0.75,4.405366338069108,37.0,336.0411206,26.0,22.964224,60.86410575,26.0,72.27622371274914,51.10917786191476,26.0
3538,j,capitals,24,state,Michigan,Lansing,Detroit,What is the capital of Michigan?,The capital of Michigan is,0.112,0.63,5.625,True,critical,html-keyboard-response,21,91889,subject_16,67d993866d1d7516d87e97de,67f5546d9be5bbc21122c85f,0.1976383351831119,0,right,0.4177195484717321,3.1715925,0.8199855199999999,1.0,0.020092460881934567,-0.8804468999999999,-8.9095815,2.08088635,-0.3318779999999997,162.992733545,18.0,2.8472903499999997,2.8472903499999997,0.7,7.4411319048798905,35.5,223.482275455,20.0,122.07790124499999,9.68996645,35.0,132.35050610599825,75.15181857684905,35.0
2781,j,capitals,9,country,Switzerland,Bern,Zurich,What is the capital of Switzerland?,The capital of Switzerland is,0.448,1.455,3.247767857,True,critical,html-keyboard-response,23,95682,subject_16,67d993866d1d7516d87e97de,67f5546d9be5bbc21122c85f,0.1976383351831119,0,right,-0.2337557445779222,4.1456575,2.41449345,0.5,0.0021505425701852632,-1.92965085,-10.040487,1.9507065,-3.461702700000001,159.68889725000002,14.0,4.6987805499999995,4.6987805499999995,0.725,3.5004306147470485,37.0,294.98176505000004,16.0,73.5494113,34.15059715,1.0,73.47320395691726,42.42957016076099,37.0
2345,j,capitals,26,state,Montana,Helena,Billings,What is the capital of Montana?,The capital of Montana is,0.0359,0.123,3.426183844,True,critical,html-keyboard-response,25,99039,subject_16,67d993866d1d7516d87e97de,67f5546d9be5bbc21122c85f,0.1976383351831119,0,right,-0.6089779741283176,4.00716885,2.3871716000000003,1.0,0.0004472704898291971,-1.22599375,-12.036882250000001,2.2819052,-1.00467525,175.57409865,18.0,2.4909772499999994,2.1745497500000006,0.5875,6.831399328645267,33.0,299.00474067,20.0,76.68242387999999,24.127286050000002,24.0,98.87916742139757,43.100083383269855,28.5
3256,j,capitals,10,country,Turkey,Ankara,Istanbul,What is the capital of Turkey?,The capital of Turkey is,5.55,16.24,2.926126126,True,critical,html-keyboard-response,27,103311,subject_16,67d993866d1d7516d87e97de,67f5546d9be5bbc21122c85f,0.1976383351831119,0,right,0.1750299412854672,3.7206935999999997,3.6190253,1.0,0.0140625,-1.049432,-7.22749025,1.77928585,-1.0519376499999997,181.67489892999998,14.0,3.36303155,3.36303155,0.7875000000000001,7.10805059345744,34.0,232.28671097749998,0.0,68.73258667249999,23.91809185,34.0,109.98791459488866,68.21821684179301,34.0
3523,f,capitals,42,state,Wisconsin,Madison,Milwaukee,What is the capital of Wisconsin?,The capital of Wisconsin is,0.284,0.551,1.940140845,False,critical,html-keyboard-response,29,107839,subject_16,67d993866d1d7516d87e97de,67f5546d9be5bbc21122c85f,0.1976383351831119,0,left,0.4048105268128882,3.13448335,2.23414315,1.0,0.006828316610925306,-0.760507775,-9.046759,3.316440125,1.0081592500000003,161.19694813,16.0,0.0,0.0,0.025,8.781973336626725,35.0,233.021284015,20.0,104.89291063499999,0.0,33.0,87.39257794461776,27.410622132151936,33.0
3484,f,capitals,3,country,Canada,Ottawa,Toronto,What is the capital of Canada?,The capital of Canada is,1.465,6.491,4.430716724,True,critical,html-keyboard-response,31,112328,subject_16,67d993866d1d7516d87e97de,67f5546d9be5bbc21122c85f,0.1976383351831119,1,left,0.3712470704998942,3.41186485,1.57882065,1.0,0.09166666666666667,-0.8216695,-5.87537415,3.39860975,-1.0815602000000002,151.21389025500002,16.0,1.62056305,1.62056305,0.55,18.015003869553816,21.0,209.80200216699998,15.0,104.683861683,9.282030650000001,24.5,78.4247090436364,17.054693758663674,27.0
2856,j,capitals,34,state,North Dakota,Bismarck,Fargo,What is the capital of North Dakota?,The capital of North Dakota is,0.076,0.138,1.815789474,True,critical,html-keyboard-response,33,116191,subject_16,67d993866d1d7516d87e97de,67f5546d9be5bbc21122c85f,0.1976383351831119,0,right,-0.1692106362837028,3.1886295000000002,1.6228072999999998,1.0,0.04464285714285714,-0.8373848349999999,-6.98899085,3.346709315,2.0134886500000007,158.9716758025,18.0,1.0428039999999998,1.0428039999999998,0.425,10.24716289924514,32.5,181.48586626009998,20.0,91.95245258989999,1.3760648999999998,25.0,78.67897042291708,25.245962637347155,34.5
5164,f,capitals,35,state,Oregon,Salem,Portland,What is the capital of Oregon?,The capital of Oregon is,0.178,0.615,3.45505618,False,critical,html-keyboard-response,35,122370,subject_16,67d993866d1d7516d87e97de,67f5546d9be5bbc21122c85f,0.1976383351831119,0,left,1.8170574962904085,3.87003685,0.9559546750000001,1.0,0.02684931506849315,-1.33495845,-8.585685999999999,2.0863518,0.6543089999999996,153.11513470199998,18.0,4.49311111,4.49311111,0.6875,9.833651245669653,33.5,221.757705704,20.0,88.948261346,12.927848335,34.0,127.8462239789101,66.26897622229141,34.0
6041,f,capitals,1,country,Australia,Canberra,Sydney,What is the capital of Australia?,The capital of Australia is,0.483,5.249,10.86749482,False,critical,html-keyboard-response,37,129424,subject_16,67d993866d1d7516d87e97de,67f5546d9be5bbc21122c85f,0.1976383351831119,0,left,2.571804962610814,2.91766655,1.443579,1.0,0.013910060975609756,-0.732931825,-9.718684,2.424576675,-3.10026675,135.81862900000002,16.0,4.71659925,4.71659925,0.7,13.549338958870404,26.5,205.0319132245,16.0,133.7638296255,27.787327949999998,27.0,115.01755520776328,61.294825054348195,27.0
1550,f,capitals,8,country,South Africa,Pretoria,Johannesburg,What is the capital of South Africa?,The capital of South Africa is,3.0,6.4,2.133333333,False,critical,html-keyboard-response,39,131977,subject_16,67d993866d1d7516d87e97de,67f5546d9be5bbc21122c85f,0.1976383351831119,0,left,-1.293156122047043,4.3614197,2.7407284,1.0,0.005607622617931896,-2.11893455,-8.995401000000001,2.2255171,-0.9749508000000002,168.89477075,14.0,4.743248,4.743248,0.8125,6.902744233458726,33.0,261.79318212500004,33.0,107.26548872500001,40.14546490000001,33.0,126.64268622248599,90.68654232034928,33.5
1981,f,capitals,36,state,Pennsylvania,Harrisburg,Philadelphia,What is the capital of Pennsylvania?,The capital of Pennsylvania is,0.05,1.517,30.34,False,critical,html-keyboard-response,41,134966,subject_16,67d993866d1d7516d87e97de,67f5546d9be5bbc21122c85f,0.1976383351831119,0,left,-0.9222368997162624,3.80286055,1.2945525999999998,1.0,0.005201455329470422,-0.971369375,-10.090643,2.9000446250000005,-0.7811735000000004,169.40291199,18.0,4.7394538,4.5681133,0.6625000000000001,12.812658898193753,26.5,280.7955821475,22.5,70.13658115249999,36.52358815000001,24.0,104.5548823855986,47.04693462155399,24.0
2198,j,capitals,39,state,Vermont,Montpelier,Burlington,What is the capital of Vermont?,The capital of Vermont is,0.0079,0.0444,5.620253165,False,critical,html-keyboard-response,43,138177,subject_16,67d993866d1d7516d87e97de,67f5546d9be5bbc21122c85f,0.1976383351831119,1,right,-0.7354863863849876,2.8268120999999997,0.75283587,1.0,0.0034998085574806164,-0.637835275,-11.6183655,2.518385875,0.32600349999999967,158.75225502,18.0,2.6147142499999996,2.5662552499999993,0.44999999999999996,6.6844704108256,35.0,288.368095275,20.0,52.797800275,17.347483000000004,23.0,87.53368163162845,59.445257727624245,23.0
3919,f,capitals,30,state,New Jersey,Trenton,Newark,What is the capital of New Jersey?,The capital of New Jersey is,0.0898,0.306,3.407572383,False,critical,html-keyboard-response,45,143099,subject_16,67d993866d1d7516d87e97de,67f5546d9be5bbc21122c85f,0.1976383351831119,0,left,0.7456086986063666,3.3090056,1.82140345,1.0,0.0016363743403658628,-0.84072134,-10.924448,3.76701416,-4.2521546,156.04382572,18.0,6.901956650000001,6.901956650000001,0.725,8.925782555854742,34.5,273.68847277500004,22.0,47.345132775,80.49773385,24.5,88.88474869929352,60.16044669384837,28.5
1844,f,capitals,29,state,New Hampshire,Concord,Manchester,What is the capital of New Hampshire?,The capital of New Hampshire is,0.0449,0.115,2.561247216,True,critical,html-keyboard-response,47,145956,subject_16,67d993866d1d7516d87e97de,67f5546d9be5bbc21122c85f,0.1976383351831119,1,left,-1.0401392975337032,3.8924572,2.5146651,1.0,0.00224755864290748,-1.1561135,-10.1354995,2.64535425,0.8996589999999998,168.00271485000002,18.0,0.0,0.0,0.025,8.377304174979542,32.5,253.08660677999998,20.0,138.81277821999998,0.0,27.0,98.10982957505266,32.00701641793163,32.0
2241,f,capitals,16,state,Delaware,Dover,Wilmington,What is the capital of Delaware?,The capital of Delaware is,0.0403,0.0722,1.791563275,False,critical,html-keyboard-response,49,149207,subject_16,67d993866d1d7516d87e97de,67f5546d9be5bbc21122c85f,0.1976383351831119,0,left,-0.6984805242963018,4.2341493,0.72218523,1.0,0.012666345999679333,-1.74989815,-9.680467,0.94623425,3.385187,168.90373542999998,18.0,0.0,0.0,0.025,6.774399509720723,34.0,229.367487715,20.0,115.99101648500002,0.0,34.5,110.70916324533087,58.08677270925415,34.5
4479,j,capitals,21,state,Louisiana,Baton Rouge,New Orleans,What is the capital of Louisiana?,The capital of Louisiana is,0.215,0.351,1.63255814,False,critical,html-keyboard-response,51,154701,subject_16,67d993866d1d7516d87e97de,67f5546d9be5bbc21122c85f,0.1976383351831119,1,right,1.2275455072032049,2.79039935,2.0269129,1.0,0.0034954039671020805,-0.60054295,-9.8353815,2.3737587500000004,-2.482563500000001,172.31991220000003,18.0,5.1981744999999995,3.793621,0.6875,7.716095282905707,34.5,282.68865437,20.0,29.084738729999994,68.09929645,24.5,62.8804213583455,54.76974795931437,27.0
3693,f,capitals,22,state,Maine,Augusta,Portland,What is the capital of Maine?,The capital of Maine is,0.0192,0.0695,3.619791667,True,critical,html-keyboard-response,53,159402,subject_16,67d993866d1d7516d87e97de,67f5546d9be5bbc21122c85f,0.1976383351831119,1,left,0.5511127722797855,3.7875023,2.4801948,1.0,0.0016831873627990133,-1.0323926499999998,-10.4254775,2.0421341999999996,-1.8715164999999994,169.20454695,18.0,5.94090445,5.94090445,0.95,2.583690266418973,37.0,311.71045002,37.0,44.16688318,51.44942174999999,21.0,71.44560616098389,59.91154959685878,37.0
1610,f,capitals,40,state,Virginia,Richmond,Virginia Beach,What is the capital of Virginia?,The capital of Virginia is,0.231,0.45,1.948051948,True,critical,html-keyboard-response,55,162021,subject_16,67d993866d1d7516d87e97de,67f5546d9be5bbc21122c85f,0.1976383351831119,1,left,-1.2415200354116676,4.120711549999999,3.5882533,1.0,0.02312889812889813,-1.16916945,-6.914387700000001,2.59017605,0.19082209999999966,175.71893075000003,18.5,2.56121715,2.56121715,0.7,5.77276122250901,38.0,284.03714405,20.0,35.25386895,25.267003600000002,18.0,46.35421140072588,30.54006897158279,36.0
4250,j,capitals,17,state,Florida,Tallahassee,Jacksonville,What is the capital of Florida?,The capital of Florida is,0.205,1.008,4.917073171,True,critical,html-keyboard-response,57,167277,subject_16,67d993866d1d7516d87e97de,67f5546d9be5bbc21122c85f,0.1976383351831119,0,right,1.0304677765448549,3.563912,2.6319027999999998,1.0,0.008519591611479029,-0.95531795,-8.4452955,4.38171585,1.3466129999999996,162.1489442425,23.5,1.2571029,1.2571029,0.48750000000000004,9.093065063976583,33.0,222.1497324065,20.0,145.26711409350003,2.21744865,24.0,154.13877107879688,46.03097986487076,33.0
2462,j,capitals,18,state,Illinois,Springfield,Chicago,What is the capital of Illinois?,The capital of Illinois is,0.111,2.612,23.53153153,True,critical,html-keyboard-response,59,170744,subject_16,67d993866d1d7516d87e97de,67f5546d9be5bbc21122c85f,0.1976383351831119,0,right,-0.5082876051893354,3.7229846,2.02082935,1.0,0.0037192282102461744,-1.0637694,-9.972052999999999,1.8728581000000002,-5.79218335,170.65176035000002,18.0,8.6360925,8.6360925,0.675,5.610516716755836,37.0,311.23248041500005,22.5,49.248491285,81.37087019,25.0,83.27137832278736,56.50312887381918,25.0
5693,f,capitals,11,country,United Arab Emirates,Abu Dhabi,Dubai,What is the capital of the United Arab Emirates?,The capital of the United Arab Emirates is,1.6,3.1,1.9375,True,critical,html-keyboard-response,61,177448,subject_16,67d993866d1d7516d87e97de,67f5546d9be5bbc21122c85f,0.1976383351831119,1,left,2.272315660125636,3.6339115499999997,2.33935815,1.0,0.00522367703218767,-1.0856354000000001,-9.346349,2.50591525,-0.6000735000000006,159.839143965,14.0,3.36275555,3.36275555,0.65,9.84413945872573,31.0,260.0233028075,0.0,72.79101454250001,22.182172549999997,33.0,96.97781470445022,51.8589082146157,33.0
2370,j,capitals,25,state,Minnesota,St. Paul,Minneapolis,What is the capital of Minnesota?,The capital of Minnesota is,0.299,0.421,1.408026756,False,critical,html-keyboard-response,63,180833,subject_16,67d993866d1d7516d87e97de,67f5546d9be5bbc21122c85f,0.1976383351831119,1,right,-0.5874629380302445,3.58195065,1.6521141,1.0,0.017392619479733817,-1.4853812,-8.023998,2.1170464,1.1057884999999996,150.791991795,18.0,6.11360015,6.11360015,0.875,3.3354361793014986,36.5,291.73495485,35.0,30.489669350000007,37.57722344999999,35.0,64.16242236428235,64.57921294960164,35.0
3377,j,capitals,37,state,South Dakota,Pierre,Sioux Falls,What is the capital of South Dakota?,The capital of South Dakota is,0.0138,0.215,15.57971014,True,critical,html-keyboard-response,65,185214,subject_16,67d993866d1d7516d87e97de,67f5546d9be5bbc21122c85f,0.1976383351831119,0,right,0.2791627160001412,3.88962435,1.9988037,1.0,0.006089036055923473,-1.041340035,-9.381435,2.440622765,3.5832957499999987,176.86631975,18.0,2.7437485000000006,2.3335944999999993,0.45,6.963136166388008,32.0,279.15120511,20.0,98.78975829,20.867091999999992,16.0,89.17083306707906,49.97454210007436,26.0
4833,f,capitals,2,country,Brazil,Brasilia,Rio de Janeiro,What is the capital of Brazil?,The capital of Brazil is,4.99,13.923,2.790180361,True,critical,html-keyboard-response,67,191052,subject_16,67d993866d1d7516d87e97de,67f5546d9be5bbc21122c85f,0.1976383351831119,1,left,1.5321984183519202,2.0599417,0.8546364200000001,1.0,0.010916269887353384,-0.37423359,-9.777523500000001,3.12931296,0.3757585000000008,171.91224647,18.0,3.580388749999999,2.5741565,0.55,9.253846674396854,34.0,298.44019958,15.0,47.51553901999999,30.58541265,22.0,58.33967382007255,24.97507531677988,22.0
3152,f,capitals,32,state,New York,Albany,New York,What is the capital of New York?,The capital of New York is,0.103,7.937,77.05825243,False,critical,html-keyboard-response,69,195217,subject_16,67d993866d1d7516d87e97de,67f5546d9be5bbc21122c85f,0.1976383351831119,0,left,0.085527391117483,2.31160665,4.8018915,1.0,0.07179487179487179,-0.40196120999999996,-4.7547025000000005,3.14106469,-1.30574515,164.00049312,18.0,4.1901697,3.862285,0.6875,15.47453789415244,25.5,229.375925891,15.0,53.021560058999995,59.8069269,27.0,75.81720478275057,45.627494070248844,27.0
1739,j,capitals,41,state,Washington,Olympia,Seattle,What is the capital of Washington?,The capital of Washington is,0.0558,0.765,13.70967742,False,critical,html-keyboard-response,71,197971,subject_16,67d993866d1d7516d87e97de,67f5546d9be5bbc21122c85f,0.1976383351831119,1,right,-1.1305024491456102,2.4590736499999997,3.76935035,1.0,0.018367961457392352,-0.44257853999999996,-7.3950467,3.85359726,-2.2241997000000007,144.06035742999998,23.0,4.896856099999999,4.896856099999999,0.6625000000000001,14.217480554285576,25.5,250.7986976015,25.0,103.96332209849999,33.6275834,16.0,99.67318648330391,49.08176857829807,25.0
2404,f,capitals,6,country,New Zealand,Wellington,Auckland,What is the capital of New Zealand?,The capital of New Zealand is,0.428,1.711,3.997663551,False,critical,html-keyboard-response,73,201391,subject_16,67d993866d1d7516d87e97de,67f5546d9be5bbc21122c85f,0.1976383351831119,0,left,-0.558202488936865,4.244933850000001,2.3052439,1.0,0.008300041328006613,-1.7685506,-8.672815499999999,2.1210044999999997,0.577696500000001,145.06194,14.0,4.1641122,4.1641122,0.5,13.508204608971669,26.0,251.64753062350002,26.0,86.95005627649999,49.788739050000004,26.0,100.41858076823004,69.00830151646427,29.0
2174,j,capitals,12,state,Alabama,Montgomery,Birmingham,What is the capital of Alabama?,The capital of Alabama is,0.192,0.194,1.010416667,False,critical,html-keyboard-response,75,204579,subject_16,67d993866d1d7516d87e97de,67f5546d9be5bbc21122c85f,0.1976383351831119,1,right,-0.7561408210391378,3.1154528,2.2013875499999997,1.0,0.003584966270478638,-0.7024276,-9.767927,3.1901363,-1.4417109999999997,171.89705985,16.0,5.234766799999999,5.234766799999999,0.725,8.879740567094881,31.0,283.66813919000003,20.0,35.182526159999995,72.3701839,11.0,72.1080126268425,56.93717089653546,31.0
2214,j,capitals,4,country,India,New Delhi,Mumbai,What is the capital of India?,The capital of India is,0.206,22.1,107.2815534,True,critical,html-keyboard-response,77,207806,subject_16,67d993866d1d7516d87e97de,67f5546d9be5bbc21122c85f,0.1976383351831119,0,right,-0.7217167632822208,3.3890189,1.4282650000000001,1.0,0.06971153846153846,-1.1690336,-6.6849964,4.1036254,2.7211151000000005,151.45156923500002,14.0,2.3097963499999996,1.1339184999999992,0.425,9.901198823968304,30.0,227.81903473,16.0,94.28140192000001,13.430843800000002,8.0,81.85221999731655,37.65522312456052,32.0
3870,f,capitals,23,state,Maryland,Annapolis,Baltimore,What is the capital of Maryland?,The capital of Maryland is,0.0403,0.553,13.72208437,False,critical,html-keyboard-response,79,212686,subject_16,67d993866d1d7516d87e97de,67f5546d9be5bbc21122c85f,0.1976383351831119,0,left,0.7034392278541433,3.6610867999999996,1.99519565,1.0,0.007435328135488201,-1.006010815,-9.066941499999999,2.3947849850000003,-2.0526531999999995,171.39884055,18.0,5.272523,5.272523,0.7124999999999999,8.627807633730525,31.0,269.905489795,21.0,82.80523015499999,30.549259500000005,17.5,88.24512507064568,61.977535890917494,35.0
3418,j,capitals,28,state,Nevada,Carson City,Las Vegas,What is the capital of Nevada?,The capital of Nevada is,0.0576,0.67,11.63194444,True,critical,html-keyboard-response,81,217114,subject_16,67d993866d1d7516d87e97de,67f5546d9be5bbc21122c85f,0.1976383351831119,0,right,0.3144473752009811,3.21408655,2.2825403,1.0,0.009556159420289855,-0.7483732750000001,-8.5907935,3.2634109749999998,0.3897780000000006,154.31583923,24.0,0.6128969999999994,0.6128969999999994,0.46249999999999997,13.888110548784098,22.0,212.93093655299998,21.0,129.96025854700002,1.2335965999999998,27.5,151.10212968210539,49.69601040539513,33.0
1383,f,capitals,27,state,Nebraska,Lincoln,Omaha,What is the capital of Nebraska?,The capital of Nebraska is,0.297,0.477,1.606060606,True,critical,html-keyboard-response,83,219512,subject_16,67d993866d1d7516d87e97de,67f5546d9be5bbc21122c85f,0.1976383351831119,1,left,-1.4368765631821716,3.40945435,2.88149385,1.0,0.002427404976322155,-0.90226395,-9.880027,1.9579811500000002,-0.6194575000000002,166.84559195,14.0,6.48387735,5.795127749999999,0.9875,3.0583791478084397,38.0,334.6421603,20.0,16.19795,78.670469,18.0,81.67707104491953,87.8184827648541,24.0
1999,j,capitals,13,state,Alaska,Juneau,Anchorage,What is the capital of Alaska?,The capital of Alaska is,0.0311,0.283,9.099678457,False,critical,html-keyboard-response,85,222527,subject_16,67d993866d1d7516d87e97de,67f5546d9be5bbc21122c85f,0.1976383351831119,1,right,-0.9067460737256496,4.0331867,1.032167785,1.0,0.0012974288388852195,-1.38228545,-12.390654,1.9327201,-2.1549560000000003,158.058188835,18.0,4.9375237,4.9375237,0.9624999999999999,2.4642328656242176,37.0,348.27460882,33.0,8.84634368,72.57630929999998,37.0,50.961827169017766,61.5026154449013,37.0
2522,f,capitals,31,state,New Mexico,Santa Fe,Albuquerque,What is the capital of New Mexico?,The capital of New Mexico is,0.0901,0.557,6.182019978,True,critical,html-keyboard-response,87,226057,subject_16,67d993866d1d7516d87e97de,67f5546d9be5bbc21122c85f,0.1976383351831119,1,left,-0.4566515185539598,3.0991414500000003,1.3244324,1.0,0.014238667183262301,-0.69803795,-9.098272999999999,2.46943,0.3069240000000004,166.6062263,18.0,5.093978,3.5249351500000006,0.525,8.033448780088444,31.0,260.480373305,20.0,49.826687745000015,48.39635365000001,19.0,84.180459503387,57.783921029115376,24.0
3981,f,capitals,5,country,Morrocco,Rabat,Marrakesh,What is the capital of Morrocco?,The capital of Morrocco is,2.02,1.085,0.5371287129,False,critical,html-keyboard-response,89,231047,subject_16,67d993866d1d7516d87e97de,67f5546d9be5bbc21122c85f,0.1976383351831119,0,left,0.798965988129588,4.06911815,3.926867,1.0,0.001930509063232023,-1.06717185,-9.534113999999999,2.73666185,-0.551412,192.02520429999998,22.5,5.353308500000001,3.0599705000000004,0.6125,7.031879522295083,33.0,303.121009725,22.5,42.028869125,59.422086599999986,14.5,71.26685811006843,54.04151717765417,23.0
