response_correct,syllogism_condition,rt,syllogism_name,subject,is_valid,answer_with_valid,is_realistic,is_consistent,is_nonsense,unique_id,output_entropy,midpoint_entropy,output_rank_correct,midpoint_rank_correct,output_logprob_correct,midpoint_logprob_correct,output_logprobdiff,midpoint_logprobdiff,auc_entropy,layer_biggest_change_entropy,twostage_magnitude,twostage_magnitude_latter34,twostage_layer,auc_rank_correct,layer_biggest_change_rank_correct,auc_logprob_correct,layer_biggest_change_logprob_correct,auc_logprobdiff_pos,auc_logprobdiff_neg,layer_biggest_change_logprobdiff,auc_boosting_pos,auc_boosting_neg,layer_argmax_boosting
True,nonsense,35.699013,nonsense_sland_spluff_gusp,Human,True,True,False,False,True,nonsense_sland_spluff_gusp^nonsense^valid,6.78348535,6.5060627,0.06904761904761905,0.013793759512937594,-4.6236165,-6.2190232,1.9084089999999998,1.3639651500000007,70.42413735,8.0,0.0,0.0,0.08333333333333333,4.24959004751361,6.0,58.76168097,6.0,22.458991830000002,0.0,6.5,10.690146971084143,0.0,5.0
False,violate,197.794977,flowers_animals_reptiles,Human,True,False,True,False,False,flowers_animals_reptiles^violate^valid,6.48343315,6.2991987,0.07142857142857142,0.010205144225762783,-4.51195335,-6.387707,1.59619145,1.4434542000000001,68.9133758,8.0,0.0,0.0,0.08333333333333333,4.205102274473268,6.0,59.566164199999996,6.0,22.0102812,0.0,6.0,8.709453465091162,0.0,0.0
False,nonsense,53.098138,nonsense_nept_bript_jeft,Human,False,True,False,False,True,nonsense_nept_bript_jeft^nonsense^invalid,6.7120135,6.5231946999999995,0.016001024065540194,0.003401360544217687,-6.3623347500000005,-7.6286695,-2.00212095,-1.3144179999999999,69.8634525,8.0,0.8520413999999998,0.8520413999999998,1.0,0.9856656071823022,8.0,81.17559270000001,0.0,0.0,22.773455765,0.0,1.768271155567925e-15,11.793987853568831,6.5
False,consistent,30.560626,gems_diamonds_transparent,Human,True,False,True,True,False,gems_diamonds_transparent^consistent^valid,6.44119135,6.296317,0.07142857142857142,0.013072453861927546,-4.4972115,-6.14343585,1.8879928500000003,1.4830739999999998,68.8472311,8.0,0.0,0.0,0.08333333333333333,4.233556085344675,6.0,58.973910515,6.0,23.163152535000002,0.0,6.0,4.0981774748137685,0.0,0.0
True,nonsense,47.365121,nonsense_sland_spluff_gusp,Human,True,True,False,False,True,nonsense_sland_spluff_gusp^nonsense^valid,6.78348535,6.5060627,0.06904761904761905,0.013793759512937594,-4.6236165,-6.2190232,1.9084089999999998,1.3639651500000007,70.42413735,8.0,0.0,0.0,0.08333333333333333,4.24959004751361,6.0,58.76168097,6.0,22.458991830000002,0.0,6.5,10.690146971084143,0.0,5.0
True,consistent,14.132236,gems_diamonds_transparent,Human,False,False,True,True,False,gems_diamonds_transparent^consistent^invalid,6.4679161999999994,6.28759485,0.013435374149659864,0.0035089447310424644,-6.6082792,-7.6733095,-2.0089684,-1.4442087999999997,69.9610065,8.0,0.5890672999999997,0.5890672999999997,1.0,0.8466426575146375,8.0,83.04690445,0.0,0.0,23.274048465000003,0.0,2.0308195454351643e-15,4.093566946761465,7.0
False,nonsense,19.298922,nonsense_nept_bript_jeft,Human,False,True,False,False,True,nonsense_nept_bript_jeft^nonsense^invalid,6.7120135,6.5231946999999995,0.016001024065540194,0.003401360544217687,-6.3623347500000005,-7.6286695,-2.00212095,-1.3144179999999999,69.8634525,8.0,0.8520413999999998,0.8520413999999998,1.0,0.9856656071823022,8.0,81.17559270000001,0.0,0.0,22.773455765,0.0,1.768271155567925e-15,11.793987853568831,6.5
True,nonsense,13.966516,nonsense_gick_criff_riff,Human,False,False,False,False,True,nonsense_gick_criff_riff^nonsense^invalid,6.77416575,6.4033365,0.017812105926860028,0.003012485481997677,-6.27927495,-7.7930495,-1.8999519500000002,-1.33152955,70.26042064999999,8.0,0.8046874499999999,0.8046874499999999,1.0,0.9588243667035962,8.0,81.99559675,0.0,0.0,22.18412904,0.0,1.922026081878513e-15,7.025303752227982,7.0
True,violate,35.59383,flowers_animals_reptiles,Human,True,True,True,False,False,flowers_animals_reptiles^violate^valid,6.48343315,6.2991987,0.07142857142857142,0.010205144225762783,-4.51195335,-6.387707,1.59619145,1.4434542000000001,68.9133758,8.0,0.0,0.0,0.08333333333333333,4.205102274473268,6.0,59.566164199999996,6.0,22.0102812,0.0,6.0,8.709453465091162,0.0,0.0
True,nonsense,71.632158,nonsense_paft_usp_cesk,Human,True,True,False,False,True,nonsense_paft_usp_cesk^nonsense^valid,6.60848765,6.43326115,0.08116883116883117,0.010205144225762783,-4.415316750000001,-6.40260265,1.9637490499999997,1.4512771999999998,69.9446505,8.0,0.0,0.0,0.08333333333333333,4.230910783702164,6.0,59.68671201,6.0,23.09536234,0.0,6.0,10.336150785700415,0.0,5.0
True,nonsense,48.230127,nonsense_glap_phropt_soff,Human,False,False,False,False,True,nonsense_glap_phropt_soff^nonsense^invalid,6.835217,6.48248985,0.017879948914431672,0.0032682879938479284,-6.2467933,-7.6869061,-1.7169495499999998,-1.3523528000000002,71.96260765,8.0,0.7400541000000003,0.7400541000000003,1.0,1.046556576027338,8.0,80.85321694999999,0.0,0.0,21.24006573,0.0,1.4812981591103516e-15,12.289438387742884,7.0
True,consistent,12.956185,guns_weapons_dangerous,Human,False,False,True,True,False,guns_weapons_dangerous^consistent^invalid,6.44597555,6.24617695,0.011000967117988394,0.002950776863820342,-6.76522825,-7.8805242,-1.8586807499999995,-1.4993720499999998,70.98612015,8.0,0.7220952499999997,0.6257914500000004,1.0,0.6282946795828372,8.0,85.89878935,0.0,0.0,23.510562384999997,0.0,1.4351441988087624e-15,6.165712876289506,6.0
True,violate,60.43602,politicians_dishonest_lie,Human,True,True,True,False,False,politicians_dishonest_lie^violate^valid,6.37751675,6.0904122,0.06458333333333333,0.010152545866831581,-4.70822285,-6.3983282,1.8975946499999998,1.7866397999999997,69.3182278,8.0,0.0,0.0,0.08333333333333333,4.206316121655433,6.0,61.19675243500001,6.0,26.129471715,0.0,6.0,9.497890598380698,0.0,5.0
True,violate,15.949493,politicians_dishonest_lie,Human,True,True,True,False,False,politicians_dishonest_lie^violate^valid,6.37751675,6.0904122,0.06458333333333333,0.010152545866831581,-4.70822285,-6.3983282,1.8975946499999998,1.7866397999999997,69.3182278,8.0,0.0,0.0,0.08333333333333333,4.206316121655433,6.0,61.19675243500001,6.0,26.129471715,0.0,6.0,9.497890598380698,0.0,5.0
False,violate,40.929522,politicians_dishonest_lie,Human,True,False,True,False,False,politicians_dishonest_lie^violate^valid,6.37751675,6.0904122,0.06458333333333333,0.010152545866831581,-4.70822285,-6.3983282,1.8975946499999998,1.7866397999999997,69.3182278,8.0,0.0,0.0,0.08333333333333333,4.206316121655433,6.0,61.19675243500001,6.0,26.129471715,0.0,6.0,9.497890598380698,0.0,5.0
True,consistent,33.965117,computers_electronics_expensive,Human,True,True,True,True,False,computers_electronics_expensive^consistent^valid,6.4169135,6.1785682,0.06666666666666667,0.009478885893980233,-4.6530925,-6.440403,1.8509256,1.3928398999999998,70.53919579999999,8.0,0.0,0.0,0.08333333333333333,4.181149704388652,6.0,61.70093686,6.0,22.270458289999997,0.0,6.0,4.49079197455106,0.0,0.0
False,violate,39.765076,flowers_animals_reptiles,Human,True,False,True,False,False,flowers_animals_reptiles^violate^valid,6.48343315,6.2991987,0.07142857142857142,0.010205144225762783,-4.51195335,-6.387707,1.59619145,1.4434542000000001,68.9133758,8.0,0.0,0.0,0.08333333333333333,4.205102274473268,6.0,59.566164199999996,6.0,22.0102812,0.0,6.0,8.709453465091162,0.0,0.0
True,consistent,22.3793,gems_diamonds_transparent,Human,False,False,True,True,False,gems_diamonds_transparent^consistent^invalid,6.4679161999999994,6.28759485,0.013435374149659864,0.0035089447310424644,-6.6082792,-7.6733095,-2.0089684,-1.4442087999999997,69.9610065,8.0,0.5890672999999997,0.5890672999999997,1.0,0.8466426575146375,8.0,83.04690445,0.0,0.0,23.274048465000003,0.0,2.0308195454351643e-15,4.093566946761465,7.0
False,violate,17.164793,librarians_happy_healthy,Human,False,True,True,False,False,librarians_happy_healthy^violate^invalid,6.5184307,6.25073135,0.01565940787863959,0.0024969139266075636,-6.4542280000000005,-8.1183655,-1.9697572,-1.7046477000000007,69.12546295000001,8.0,0.8838414999999997,0.8838414999999997,1.0,0.8417871351391385,8.0,85.92273235000002,0.0,0.0,25.449208115,0.0,1.864196823354998e-15,10.415242718678988,2.0
True,nonsense,172.546467,nonsense_zeff_zaff_zom,Human,True,True,False,False,True,nonsense_zeff_zaff_zom^nonsense^valid,6.6234459999999995,6.495430150000001,0.08012820512820512,0.011363636363636364,-4.47186935,-6.34852695,1.65972125,1.3204198000000003,69.1789092,8.0,0.0,0.0,0.08333333333333333,4.239275117224576,6.0,58.69241437499999,6.0,21.584066175000004,0.0,6.0,11.329917165397685,0.0,3.0
False,violate,30.931158,gems_diamonds_transparent,Human,True,False,True,False,False,gems_diamonds_transparent^violate^valid,6.5703869,6.25740665,0.06904761904761905,0.010937126464260101,-4.647243,-6.326832,1.7948913499999999,1.39534725,71.34004354999999,8.0,0.0,0.0,0.08333333333333333,4.179927768234793,6.0,60.904833815,6.0,21.577068085,0.0,7.5,4.560481198507944,0.0,0.0
False,nonsense,35.065263,nonsense_sland_spluff_gusp,Human,True,False,False,False,True,nonsense_sland_spluff_gusp^nonsense^valid,6.78348535,6.5060627,0.06904761904761905,0.013793759512937594,-4.6236165,-6.2190232,1.9084089999999998,1.3639651500000007,70.42413735,8.0,0.0,0.0,0.08333333333333333,4.24959004751361,6.0,58.76168097,6.0,22.458991830000002,0.0,6.5,10.690146971084143,0.0,5.0
True,violate,18.764769,flowers_animals_reptiles,Human,True,True,True,False,False,flowers_animals_reptiles^violate^valid,6.48343315,6.2991987,0.07142857142857142,0.010205144225762783,-4.51195335,-6.387707,1.59619145,1.4434542000000001,68.9133758,8.0,0.0,0.0,0.08333333333333333,4.205102274473268,6.0,59.566164199999996,6.0,22.0102812,0.0,6.0,8.709453465091162,0.0,0.0
False,consistent,14.642097,plants_trees_tall,Human,False,True,True,True,False,plants_trees_tall^consistent^invalid,6.37055165,6.307549,0.013701201201201201,0.0028492109877264757,-6.5659262,-7.89940915,-2.0465962000000006,-1.4699927499999998,68.83695255,8.0,0.8364621999999993,0.8364621999999993,1.0,0.8346398142093729,8.0,84.90519495000001,0.0,0.0,24.503319525000002,0.0,2.064981990778946e-15,5.4816459648693785,7.0
True,violate,37.101799,dragons_mythical_exist,Human,False,False,True,False,False,dragons_mythical_exist^violate^invalid,6.3965742500000005,6.317690649999999,0.016411084207694375,0.002816990818990486,-6.351449,-7.92016295,-1.8188361499999997,-1.5580721999999998,68.2857051,8.0,0.9220247500000005,0.9220247500000005,1.0,0.9051403786675013,8.0,83.5121707,0.0,0.0,24.115853095,0.0,1.4280514096016063e-15,9.760069242080714,6.5
False,violate,54.673975,librarians_happy_healthy,Human,False,True,True,False,False,librarians_happy_healthy^violate^invalid,6.5184307,6.25073135,0.01565940787863959,0.0024969139266075636,-6.4542280000000005,-8.1183655,-1.9697572,-1.7046477000000007,69.12546295000001,8.0,0.8838414999999997,0.8838414999999997,1.0,0.8417871351391385,8.0,85.92273235000002,0.0,0.0,25.449208115,0.0,1.864196823354998e-15,10.415242718678988,2.0
True,nonsense,26.465072,nonsense_zeff_zaff_zom,Human,True,True,False,False,True,nonsense_zeff_zaff_zom^nonsense^valid,6.6234459999999995,6.495430150000001,0.08012820512820512,0.011363636363636364,-4.47186935,-6.34852695,1.65972125,1.3204198000000003,69.1789092,8.0,0.0,0.0,0.08333333333333333,4.239275117224576,6.0,58.69241437499999,6.0,21.584066175000004,0.0,6.0,11.329917165397685,0.0,3.0
True,consistent,12.559504,food_vegetables_healthy,Human,True,True,True,True,False,food_vegetables_healthy^consistent^valid,6.385638,6.289380550000001,0.07142857142857142,0.011494252873563218,-4.48948215,-6.2646552,1.9473686000000003,1.6365913,68.84390075,8.0,0.0,0.0,0.08333333333333333,4.215218270069648,6.0,59.918024325000005,6.0,25.219347475,0.0,6.0,7.1482754435408244,0.0,0.0
True,consistent,18.198757,whales_mammals_big,Human,True,True,True,True,False,whales_mammals_big^consistent^valid,6.41403665,6.2108725,0.06696428571428571,0.00975632971635256,-4.6359095,-6.4396763,2.0391463,1.6546882000000003,69.3921962,8.0,0.0,0.0,0.08333333333333333,4.173582388585834,6.0,61.237626000000006,6.0,24.621449549999994,0.0,6.0,3.5560485472706302,0.0,0.0
True,consistent,4.658928,dragons_mythical_exist,Human,False,False,True,True,False,dragons_mythical_exist^consistent^invalid,6.353085,6.2800932,0.015504807692307693,0.0027906216430806595,-6.4230528,-7.9485637,-1.8286666499999997,-1.6385662000000005,68.6781366,8.0,0.8879900500000004,0.8879900500000004,1.0,0.8852128998889575,8.0,84.0837234,0.0,0.0,24.337613705,0.0,1.5610424666418568e-15,7.911169394996633,6.5
False,violate,11.593391,dragons_mythical_exist,Human,False,True,True,False,False,dragons_mythical_exist^violate^invalid,6.3965742500000005,6.317690649999999,0.016411084207694375,0.002816990818990486,-6.351449,-7.92016295,-1.8188361499999997,-1.5580721999999998,68.2857051,8.0,0.9220247500000005,0.9220247500000005,1.0,0.9051403786675013,8.0,83.5121707,0.0,0.0,24.115853095,0.0,1.4280514096016063e-15,9.760069242080714,6.5
True,nonsense,21.898993,nonsense_sneb_jing_omp,Human,True,True,False,False,True,nonsense_sneb_jing_omp^nonsense^valid,6.65619085,6.495821749999999,0.1,0.012739370334307044,-4.4031727,-6.28572395,1.7148209500000005,1.2285571999999996,69.11306905000001,8.0,0.0,0.0,0.08333333333333333,4.278485842278608,6.0,58.513248895,6.0,21.298895254999998,0.0,6.0,12.427159115811023,0.0,3.0
False,consistent,17.359894,food_vegetables_healthy,Human,False,True,True,True,False,food_vegetables_healthy^consistent^invalid,6.385794000000001,6.30319185,0.014925373134328358,0.002857166180948416,-6.4566896,-7.90417695,-1.99980535,-1.6097369499999998,68.8608315,8.0,0.8265580999999997,0.8265580999999997,1.0,0.821025837755418,8.0,85.405561,0.0,0.0,25.470094664999998,0.0,2.0042303656203608e-15,8.285601659992627,7.0
True,nonsense,19.826118,nonsense_shiff_yot_plusk,Human,True,True,False,False,True,nonsense_shiff_yot_plusk^nonsense^valid,6.6630405,6.4421315,0.08333333333333333,0.012010932105868816,-4.481248750000001,-6.32354165,1.74328225,1.2753396499999998,70.6576311,8.0,0.0,0.0,0.08333333333333333,4.231048708694868,6.0,59.016534065,6.0,21.190878835,0.0,6.5,9.594795138239126,0.0,3.0
False,nonsense,25.790255,nonsense_nept_bript_jeft,Human,False,True,False,False,True,nonsense_nept_bript_jeft^nonsense^invalid,6.7120135,6.5231946999999995,0.016001024065540194,0.003401360544217687,-6.3623347500000005,-7.6286695,-2.00212095,-1.3144179999999999,69.8634525,8.0,0.8520413999999998,0.8520413999999998,1.0,0.9856656071823022,8.0,81.17559270000001,0.0,0.0,22.773455765,0.0,1.768271155567925e-15,11.793987853568831,6.5
False,violate,54.031189,politicians_dishonest_lie,Human,True,False,True,False,False,politicians_dishonest_lie^violate^valid,6.37751675,6.0904122,0.06458333333333333,0.010152545866831581,-4.70822285,-6.3983282,1.8975946499999998,1.7866397999999997,69.3182278,8.0,0.0,0.0,0.08333333333333333,4.206316121655433,6.0,61.19675243500001,6.0,26.129471715,0.0,6.0,9.497890598380698,0.0,5.0
True,consistent,22.631492,famous_wealthy_old,Human,True,True,True,True,False,famous_wealthy_old^consistent^valid,6.4807837,6.20356825,0.08012820512820512,0.010258838383838384,-4.5493381,-6.3625355,1.9323806999999995,1.4796445,69.63362185,8.0,0.0,0.0,0.08333333333333333,4.237488658914296,6.0,60.63729776,6.0,23.660072139999997,0.0,6.0,10.529317589592818,0.0,5.0
False,nonsense,20.799038,nonsense_gick_criff_riff,Human,False,True,False,False,True,nonsense_gick_criff_riff^nonsense^invalid,6.77416575,6.4033365,0.017812105926860028,0.003012485481997677,-6.27927495,-7.7930495,-1.8999519500000002,-1.33152955,70.26042064999999,8.0,0.8046874499999999,0.8046874499999999,1.0,0.9588243667035962,8.0,81.99559675,0.0,0.0,22.18412904,0.0,1.922026081878513e-15,7.025303752227982,7.0
False,violate,14.764631,food_vegetables_healthy,Human,True,False,True,False,False,food_vegetables_healthy^violate^valid,6.450257000000001,6.31065585,0.06904761904761905,0.011173533083645444,-4.5539477,-6.2796415,1.8238982999999998,1.5661775000000002,69.1644208,8.0,0.0,0.0,0.08333333333333333,4.1972102532224955,6.0,60.09550511,6.0,24.33377359,0.0,6.0,7.9250296811573815,0.0,5.0
False,consistent,31.799148,politicians_dishonest_lie,Human,True,False,True,True,False,politicians_dishonest_lie^consistent^valid,6.3120315,6.0834765,0.06458333333333333,0.0093466107617051,-4.67085505,-6.5278238,2.0405082999999995,1.8744522000000003,69.03888470000001,8.0,0.0,0.0,0.08333333333333333,4.198116937002846,6.0,61.596740825,6.0,27.449436724999998,0.0,5.0,11.176908426675492,0.0,5.0
True,violate,25.764495,plants_trees_tall,Human,True,True,True,False,False,plants_trees_tall^violate^valid,6.41446225,6.3243370500000005,0.06904761904761905,0.01020408163265306,-4.620176,-6.3951475,1.9277535000000001,1.4312967000000003,69.09361634999999,8.0,0.0,0.0,0.08333333333333333,4.1778215066580255,6.0,60.519029365,6.0,23.485346435,0.0,6.5,4.516120123163684,0.0,0.0
True,violate,15.454924,dragons_mythical_exist,Human,True,True,True,False,False,dragons_mythical_exist^violate^valid,6.437692200000001,6.284136999999999,0.07142857142857142,0.01098901098901099,-4.596205749999999,-6.3053995,1.7706680000000001,1.5878954999999997,68.67259949999999,8.0,0.0,0.0,0.08333333333333333,4.23807888995999,6.0,59.574550814999995,6.0,23.727392935,0.0,5.5,8.533601808825644,0.0,5.0
True,consistent,32.060598,computers_electronics_expensive,Human,True,True,True,True,False,computers_electronics_expensive^consistent^valid,6.4169135,6.1785682,0.06666666666666667,0.009478885893980233,-4.6530925,-6.440403,1.8509256,1.3928398999999998,70.53919579999999,8.0,0.0,0.0,0.08333333333333333,4.181149704388652,6.0,61.70093686,6.0,22.270458289999997,0.0,6.0,4.49079197455106,0.0,0.0
True,violate,32.55698,computers_electronics_expensive,Human,True,True,True,False,False,computers_electronics_expensive^violate^valid,6.499090799999999,6.1807467,0.06349206349206349,0.009478885893980233,-4.712784,-6.45309085,1.66360835,1.3676843500000002,71.08527465,8.0,0.0,0.0,0.08333333333333333,4.178553354930129,6.0,61.9953835,6.0,21.3465476,0.0,6.0,7.695594544743838,0.0,2.5
False,nonsense,35.189506,nonsense_yuft_yab_sunt,Human,False,True,False,False,True,nonsense_yuft_yab_sunt^nonsense^invalid,6.6497302000000005,6.520653299999999,0.01667129758266185,0.003424657534246575,-6.3136357499999995,-7.60167,-1.7694892000000002,-1.328246,69.1145506,8.0,1.0278129499999997,1.0278129499999997,1.0,1.0065202922983731,8.0,80.63342094999999,0.0,0.0,22.389742305000002,0.0,1.950911711250765e-15,9.591605296156429,7.0
False,violate,24.830279,flowers_animals_reptiles,Human,False,True,True,False,False,flowers_animals_reptiles^violate^invalid,6.511972500000001,6.299694649999999,0.020638297872340425,0.0030771852749583396,-6.099171,-7.8213919999999995,-1.5850982499999997,-1.4380342499999998,68.83154575,8.0,0.8858627500000003,0.7332459000000002,1.0,0.9176825938046316,8.0,81.4447405,0.0,0.0,21.956226824999998,0.0,1.5408950250308162e-15,8.545072663703762,2.0
True,nonsense,28.630857,nonsense_blep_jict_zamp,Human,False,False,False,False,True,nonsense_blep_jict_zamp^nonsense^invalid,6.6741928999999995,6.48545365,0.01670843776106934,0.003419292995417563,-6.3586244999999995,-7.62233965,-1.9506646,-1.32995355,68.8410289,8.0,1.028150475,1.028150475,1.0,0.998382928836373,8.0,81.6114506,0.0,0.0,23.470771059999997,0.0,1.9934286564877932e-15,8.841090211283056,7.0
True,violate,17.325679,whales_mammals_big,Human,False,False,True,False,False,whales_mammals_big^violate^invalid,6.448229850000001,6.245763500000001,0.012663268556865243,0.002681138585393905,-6.62447325,-8.014107500000001,-1.9629477500000005,-1.5799506500000007,69.38388865,8.0,0.7102081999999996,0.7102081999999996,1.0,0.8245499454267677,8.0,85.17550299999999,0.0,0.0,23.970814515,0.0,1.8637005605844716e-15,3.617611437366125,7.0
False,nonsense,54.663777,nonsense_blep_jict_zamp,Human,False,True,False,False,True,nonsense_blep_jict_zamp^nonsense^invalid,6.6741928999999995,6.48545365,0.01670843776106934,0.003419292995417563,-6.3586244999999995,-7.62233965,-1.9506646,-1.32995355,68.8410289,8.0,1.028150475,1.028150475,1.0,0.998382928836373,8.0,81.6114506,0.0,0.0,23.470771059999997,0.0,1.9934286564877932e-15,8.841090211283056,7.0
True,nonsense,23.297724,nonsense_wib_mact_boct,Human,False,False,False,False,True,nonsense_wib_mact_boct^nonsense^invalid,6.7181871,6.50725035,0.012854317732366513,0.0034074022476084332,-6.58981875,-7.626304,-2.0821762500000003,-1.2739905000000005,69.592611,8.0,0.8984832999999997,0.8984832999999997,1.0,0.9861605223445286,8.0,81.69883364999998,0.0,0.0,22.97314103,0.0,1.9875140984414277e-15,7.882983858642366,7.0
True,violate,13.7652,plants_trees_tall,Human,False,False,True,False,False,plants_trees_tall^violate^invalid,6.38619115,6.28409735,0.01391304347826087,0.0028250616485910604,-6.5820267,-7.904741700000001,-1.94494635,-1.4837399500000004,68.6596727,8.0,0.8188750499999999,0.8188750499999999,1.0,0.8301860391296563,8.0,84.3862721,0.0,0.0,23.987561715,0.0,1.9225480256938434e-15,5.124418675638259,7.0
True,nonsense,11.232076,nonsense_sland_spluff_gusp,Human,True,True,False,False,True,nonsense_sland_spluff_gusp^nonsense^valid,6.78348535,6.5060627,0.06904761904761905,0.013793759512937594,-4.6236165,-6.2190232,1.9084089999999998,1.3639651500000007,70.42413735,8.0,0.0,0.0,0.08333333333333333,4.24959004751361,6.0,58.76168097,6.0,22.458991830000002,0.0,6.5,10.690146971084143,0.0,5.0
True,consistent,15.66558,politicians_dishonest_lie,Human,True,True,True,True,False,politicians_dishonest_lie^consistent^valid,6.3120315,6.0834765,0.06458333333333333,0.0093466107617051,-4.67085505,-6.5278238,2.0405082999999995,1.8744522000000003,69.03888470000001,8.0,0.0,0.0,0.08333333333333333,4.198116937002846,6.0,61.596740825,6.0,27.449436724999998,0.0,5.0,11.176908426675492,0.0,5.0
True,violate,19.759619,guns_weapons_dangerous,Human,True,True,True,False,False,guns_weapons_dangerous^violate^valid,6.50332065,6.1694513,0.04380952380952381,0.00975632971635256,-5.1394745,-6.44677305,1.76351915,1.5054010999999998,71.50511485,8.0,0.0,0.0,0.08333333333333333,4.147302881327643,6.0,63.362439725,6.0,22.909229425,0.0,6.0,6.850883234350498,0.0,2.5
False,nonsense,17.663681,nonsense_gick_criff_riff,Human,False,True,False,False,True,nonsense_gick_criff_riff^nonsense^invalid,6.77416575,6.4033365,0.017812105926860028,0.003012485481997677,-6.27927495,-7.7930495,-1.8999519500000002,-1.33152955,70.26042064999999,8.0,0.8046874499999999,0.8046874499999999,1.0,0.9588243667035962,8.0,81.99559675,0.0,0.0,22.18412904,0.0,1.922026081878513e-15,7.025303752227982,7.0
False,violate,26.765934,politicians_dishonest_lie,Human,True,False,True,False,False,politicians_dishonest_lie^violate^valid,6.37751675,6.0904122,0.06458333333333333,0.010152545866831581,-4.70822285,-6.3983282,1.8975946499999998,1.7866397999999997,69.3182278,8.0,0.0,0.0,0.08333333333333333,4.206316121655433,6.0,61.19675243500001,6.0,26.129471715,0.0,6.0,9.497890598380698,0.0,5.0
True,violate,27.625032,dragons_mythical_exist,Human,False,False,True,False,False,dragons_mythical_exist^violate^invalid,6.3965742500000005,6.317690649999999,0.016411084207694375,0.002816990818990486,-6.351449,-7.92016295,-1.8188361499999997,-1.5580721999999998,68.2857051,8.0,0.9220247500000005,0.9220247500000005,1.0,0.9051403786675013,8.0,83.5121707,0.0,0.0,24.115853095,0.0,1.4280514096016063e-15,9.760069242080714,6.5
False,consistent,24.665549,librarians_happy_healthy,Human,False,True,True,True,False,librarians_happy_healthy^consistent^invalid,6.4564919,6.2082235,0.01316017316017316,0.002439154981527863,-6.56037875,-8.156236,-2.18236525,-1.6797223500000005,68.5649792,8.0,0.9607439,0.9607439,1.0,0.7880140342786139,8.0,87.18519895,0.0,0.0,26.80061415,0.0,2.047661216425686e-15,10.450981391754892,2.0
True,nonsense,18.298093,nonsense_sneb_jing_omp,Human,True,True,False,False,True,nonsense_sneb_jing_omp^nonsense^valid,6.65619085,6.495821749999999,0.1,0.012739370334307044,-4.4031727,-6.28572395,1.7148209500000005,1.2285571999999996,69.11306905000001,8.0,0.0,0.0,0.08333333333333333,4.278485842278608,6.0,58.513248895,6.0,21.298895254999998,0.0,6.0,12.427159115811023,0.0,3.0
False,consistent,19.664425,vehicles_mobile_buildings,Human,False,True,True,True,False,vehicles_mobile_buildings^consistent^invalid,6.4189703,6.20475225,0.017908538535337384,0.003565073716319268,-6.2863693000000005,-7.65832855,-1.6578865,-1.3874936499999997,68.73863765,8.0,0.9254654999999996,0.7147571500000001,1.0,0.923093373579289,8.0,81.53225795000002,0.0,0.0,21.98636992,0.0,1.5822442479216904e-15,8.810153623685938,6.0
True,violate,33.298548,famous_wealthy_old,Human,True,True,True,False,False,famous_wealthy_old^violate^valid,6.5324782,6.25096365,0.07738095238095238,0.011428944618599791,-4.5484671500000005,-6.2740884,1.8518867500000002,1.4590077500000005,68.93076565,8.0,0.0,0.0,0.08333333333333333,4.2525919368855565,6.0,59.70462999,6.0,23.492731159999998,0.0,6.0,12.003781547051933,0.0,5.0
True,nonsense,34.724606,nonsense_snid_ust_bem,Human,True,True,False,False,True,nonsense_snid_ust_bem^nonsense^valid,6.6971871499999995,6.50197645,0.07142857142857142,0.012903762903762904,-4.60221525,-6.27589965,1.9509697,1.3402101999999996,69.13012775,8.0,0.0,0.0,0.08333333333333333,4.24286337086056,6.0,58.24551994000001,6.0,22.663743310000005,0.0,6.0,7.44304392711765,0.0,5.0
True,violate,17.724662,plants_trees_tall,Human,True,True,True,False,False,plants_trees_tall^violate^valid,6.41446225,6.3243370500000005,0.06904761904761905,0.01020408163265306,-4.620176,-6.3951475,1.9277535000000001,1.4312967000000003,69.09361634999999,8.0,0.0,0.0,0.08333333333333333,4.1778215066580255,6.0,60.519029365,6.0,23.485346435,0.0,6.5,4.516120123163684,0.0,0.0
True,nonsense,16.965475,nonsense_sclack_chask_pron,Human,True,True,False,False,True,nonsense_sclack_chask_pron^nonsense^valid,6.7072847,6.5142629,0.1,0.011979913916786227,-4.3135255,-6.2997,2.1935465,1.4291842999999997,69.4342872,8.0,0.0,0.0,0.08333333333333333,4.268425562838022,6.0,58.392672759999996,6.0,24.10128049,0.0,6.5,6.026644966355567,0.0,5.0
True,nonsense,24.587037,nonsense_snid_ust_bem,Human,True,True,False,False,True,nonsense_snid_ust_bem^nonsense^valid,6.6971871499999995,6.50197645,0.07142857142857142,0.012903762903762904,-4.60221525,-6.27589965,1.9509697,1.3402101999999996,69.13012775,8.0,0.0,0.0,0.08333333333333333,4.24286337086056,6.0,58.24551994000001,6.0,22.663743310000005,0.0,6.0,7.44304392711765,0.0,5.0
True,nonsense,32.429775,nonsense_shiff_yot_plusk,Human,True,True,False,False,True,nonsense_shiff_yot_plusk^nonsense^valid,6.6630405,6.4421315,0.08333333333333333,0.012010932105868816,-4.481248750000001,-6.32354165,1.74328225,1.2753396499999998,70.6576311,8.0,0.0,0.0,0.08333333333333333,4.231048708694868,6.0,59.016534065,6.0,21.190878835,0.0,6.5,9.594795138239126,0.0,3.0
True,consistent,19.131401,famous_wealthy_old,Human,True,True,True,True,False,famous_wealthy_old^consistent^valid,6.4807837,6.20356825,0.08012820512820512,0.010258838383838384,-4.5493381,-6.3625355,1.9323806999999995,1.4796445,69.63362185,8.0,0.0,0.0,0.08333333333333333,4.237488658914296,6.0,60.63729776,6.0,23.660072139999997,0.0,6.0,10.529317589592818,0.0,5.0
False,consistent,25.797105,computers_electronics_expensive,Human,False,True,True,True,False,computers_electronics_expensive^consistent^invalid,6.4488978,6.20202165,0.01518288474810214,0.003120740019474197,-6.455287950000001,-7.8443395,-1.9814681000000003,-1.3571211499999998,70.34209245,8.0,0.5709945499999991,0.5597707499999998,1.0,0.8224151890744551,8.0,84.21434264999999,0.0,0.0,23.045241349999998,0.0,1.829122258322029e-15,7.202985340362147,6.0
False,consistent,23.361539,dragons_mythical_exist,Human,False,True,True,True,False,dragons_mythical_exist^consistent^invalid,6.353085,6.2800932,0.015504807692307693,0.0027906216430806595,-6.4230528,-7.9485637,-1.8286666499999997,-1.6385662000000005,68.6781366,8.0,0.8879900500000004,0.8879900500000004,1.0,0.8852128998889575,8.0,84.0837234,0.0,0.0,24.337613705,0.0,1.5610424666418568e-15,7.911169394996633,6.5
True,violate,31.730914,dragons_mythical_exist,Human,False,False,True,False,False,dragons_mythical_exist^violate^invalid,6.3965742500000005,6.317690649999999,0.016411084207694375,0.002816990818990486,-6.351449,-7.92016295,-1.8188361499999997,-1.5580721999999998,68.2857051,8.0,0.9220247500000005,0.9220247500000005,1.0,0.9051403786675013,8.0,83.5121707,0.0,0.0,24.115853095,0.0,1.4280514096016063e-15,9.760069242080714,6.5
True,violate,24.564446,vehicles_mobile_buildings,Human,True,True,True,False,False,vehicles_mobile_buildings^violate^valid,6.4227202,6.2347107,0.07142857142857142,0.01162947937795808,-4.4802725,-6.2656579,1.716221,1.4676158,68.53631695,8.0,0.0,0.0,0.08333333333333333,4.239842482458063,6.0,59.276388915,6.0,22.930080835000005,0.0,6.0,10.259922478197065,0.0,5.0
False,nonsense,30.597693,nonsense_gick_criff_riff,Human,False,True,False,False,True,nonsense_gick_criff_riff^nonsense^invalid,6.77416575,6.4033365,0.017812105926860028,0.003012485481997677,-6.27927495,-7.7930495,-1.8999519500000002,-1.33152955,70.26042064999999,8.0,0.8046874499999999,0.8046874499999999,1.0,0.9588243667035962,8.0,81.99559675,0.0,0.0,22.18412904,0.0,1.922026081878513e-15,7.025303752227982,7.0
True,consistent,15.431462,politicians_dishonest_lie,Human,True,True,True,True,False,politicians_dishonest_lie^consistent^valid,6.3120315,6.0834765,0.06458333333333333,0.0093466107617051,-4.67085505,-6.5278238,2.0405082999999995,1.8744522000000003,69.03888470000001,8.0,0.0,0.0,0.08333333333333333,4.198116937002846,6.0,61.596740825,6.0,27.449436724999998,0.0,5.0,11.176908426675492,0.0,5.0
True,violate,22.162166,dragons_mythical_exist,Human,True,True,True,False,False,dragons_mythical_exist^violate^valid,6.437692200000001,6.284136999999999,0.07142857142857142,0.01098901098901099,-4.596205749999999,-6.3053995,1.7706680000000001,1.5878954999999997,68.67259949999999,8.0,0.0,0.0,0.08333333333333333,4.23807888995999,6.0,59.574550814999995,6.0,23.727392935,0.0,5.5,8.533601808825644,0.0,5.0
False,consistent,13.328995,food_vegetables_healthy,Human,False,True,True,True,False,food_vegetables_healthy^consistent^invalid,6.385794000000001,6.30319185,0.014925373134328358,0.002857166180948416,-6.4566896,-7.90417695,-1.99980535,-1.6097369499999998,68.8608315,8.0,0.8265580999999997,0.8265580999999997,1.0,0.821025837755418,8.0,85.405561,0.0,0.0,25.470094664999998,0.0,2.0042303656203608e-15,8.285601659992627,7.0
True,nonsense,21.298576,nonsense_sclack_chask_pron,Human,True,True,False,False,True,nonsense_sclack_chask_pron^nonsense^valid,6.7072847,6.5142629,0.1,0.011979913916786227,-4.3135255,-6.2997,2.1935465,1.4291842999999997,69.4342872,8.0,0.0,0.0,0.08333333333333333,4.268425562838022,6.0,58.392672759999996,6.0,24.10128049,0.0,6.5,6.026644966355567,0.0,5.0
False,consistent,57.896783,computers_electronics_expensive,Human,False,True,True,True,False,computers_electronics_expensive^consistent^invalid,6.4488978,6.20202165,0.01518288474810214,0.003120740019474197,-6.455287950000001,-7.8443395,-1.9814681000000003,-1.3571211499999998,70.34209245,8.0,0.5709945499999991,0.5597707499999998,1.0,0.8224151890744551,8.0,84.21434264999999,0.0,0.0,23.045241349999998,0.0,1.829122258322029e-15,7.202985340362147,6.0
True,nonsense,32.731522,nonsense_gick_criff_riff,Human,False,False,False,False,True,nonsense_gick_criff_riff^nonsense^invalid,6.77416575,6.4033365,0.017812105926860028,0.003012485481997677,-6.27927495,-7.7930495,-1.8999519500000002,-1.33152955,70.26042064999999,8.0,0.8046874499999999,0.8046874499999999,1.0,0.9588243667035962,8.0,81.99559675,0.0,0.0,22.18412904,0.0,1.922026081878513e-15,7.025303752227982,7.0
True,nonsense,53.931129,nonsense_wib_mact_boct,Human,False,False,False,False,True,nonsense_wib_mact_boct^nonsense^invalid,6.7181871,6.50725035,0.012854317732366513,0.0034074022476084332,-6.58981875,-7.626304,-2.0821762500000003,-1.2739905000000005,69.592611,8.0,0.8984832999999997,0.8984832999999997,1.0,0.9861605223445286,8.0,81.69883364999998,0.0,0.0,22.97314103,0.0,1.9875140984414277e-15,7.882983858642366,7.0
True,violate,30.128035,food_vegetables_healthy,Human,True,True,True,False,False,food_vegetables_healthy^violate^valid,6.450257000000001,6.31065585,0.06904761904761905,0.011173533083645444,-4.5539477,-6.2796415,1.8238982999999998,1.5661775000000002,69.1644208,8.0,0.0,0.0,0.08333333333333333,4.1972102532224955,6.0,60.09550511,6.0,24.33377359,0.0,6.0,7.9250296811573815,0.0,5.0
True,violate,16.594489,whales_mammals_big,Human,False,False,True,False,False,whales_mammals_big^violate^invalid,6.448229850000001,6.245763500000001,0.012663268556865243,0.002681138585393905,-6.62447325,-8.014107500000001,-1.9629477500000005,-1.5799506500000007,69.38388865,8.0,0.7102081999999996,0.7102081999999996,1.0,0.8245499454267677,8.0,85.17550299999999,0.0,0.0,23.970814515,0.0,1.8637005605844716e-15,3.617611437366125,7.0
False,nonsense,31.729593,nonsense_blep_jict_zamp,Human,False,True,False,False,True,nonsense_blep_jict_zamp^nonsense^invalid,6.6741928999999995,6.48545365,0.01670843776106934,0.003419292995417563,-6.3586244999999995,-7.62233965,-1.9506646,-1.32995355,68.8410289,8.0,1.028150475,1.028150475,1.0,0.998382928836373,8.0,81.6114506,0.0,0.0,23.470771059999997,0.0,1.9934286564877932e-15,8.841090211283056,7.0
True,violate,16.23108,plants_trees_tall,Human,True,True,True,False,False,plants_trees_tall^violate^valid,6.41446225,6.3243370500000005,0.06904761904761905,0.01020408163265306,-4.620176,-6.3951475,1.9277535000000001,1.4312967000000003,69.09361634999999,8.0,0.0,0.0,0.08333333333333333,4.1778215066580255,6.0,60.519029365,6.0,23.485346435,0.0,6.5,4.516120123163684,0.0,0.0
True,nonsense,12.894717,nonsense_yuft_yab_sunt,Human,False,False,False,False,True,nonsense_yuft_yab_sunt^nonsense^invalid,6.6497302000000005,6.520653299999999,0.01667129758266185,0.003424657534246575,-6.3136357499999995,-7.60167,-1.7694892000000002,-1.328246,69.1145506,8.0,1.0278129499999997,1.0278129499999997,1.0,1.0065202922983731,8.0,80.63342094999999,0.0,0.0,22.389742305000002,0.0,1.950911711250765e-15,9.591605296156429,7.0
False,violate,35.06575,famous_wealthy_old,Human,True,False,True,False,False,famous_wealthy_old^violate^valid,6.5324782,6.25096365,0.07738095238095238,0.011428944618599791,-4.5484671500000005,-6.2740884,1.8518867500000002,1.4590077500000005,68.93076565,8.0,0.0,0.0,0.08333333333333333,4.2525919368855565,6.0,59.70462999,6.0,23.492731159999998,0.0,6.0,12.003781547051933,0.0,5.0
True,violate,28.697866,politicians_dishonest_lie,Human,True,True,True,False,False,politicians_dishonest_lie^violate^valid,6.37751675,6.0904122,0.06458333333333333,0.010152545866831581,-4.70822285,-6.3983282,1.8975946499999998,1.7866397999999997,69.3182278,8.0,0.0,0.0,0.08333333333333333,4.206316121655433,6.0,61.19675243500001,6.0,26.129471715,0.0,6.0,9.497890598380698,0.0,5.0
True,consistent,51.127593,computers_electronics_expensive,Human,True,True,True,True,False,computers_electronics_expensive^consistent^valid,6.4169135,6.1785682,0.06666666666666667,0.009478885893980233,-4.6530925,-6.440403,1.8509256,1.3928398999999998,70.53919579999999,8.0,0.0,0.0,0.08333333333333333,4.181149704388652,6.0,61.70093686,6.0,22.270458289999997,0.0,6.0,4.49079197455106,0.0,0.0
False,nonsense,26.024544,nonsense_shiff_yot_plusk,Human,True,False,False,False,True,nonsense_shiff_yot_plusk^nonsense^valid,6.6630405,6.4421315,0.08333333333333333,0.012010932105868816,-4.481248750000001,-6.32354165,1.74328225,1.2753396499999998,70.6576311,8.0,0.0,0.0,0.08333333333333333,4.231048708694868,6.0,59.016534065,6.0,21.190878835,0.0,6.5,9.594795138239126,0.0,3.0
True,violate,55.731995,politicians_dishonest_lie,Human,True,True,True,False,False,politicians_dishonest_lie^violate^valid,6.37751675,6.0904122,0.06458333333333333,0.010152545866831581,-4.70822285,-6.3983282,1.8975946499999998,1.7866397999999997,69.3182278,8.0,0.0,0.0,0.08333333333333333,4.206316121655433,6.0,61.19675243500001,6.0,26.129471715,0.0,6.0,9.497890598380698,0.0,5.0
True,violate,51.9629,computers_electronics_expensive,Human,True,True,True,False,False,computers_electronics_expensive^violate^valid,6.499090799999999,6.1807467,0.06349206349206349,0.009478885893980233,-4.712784,-6.45309085,1.66360835,1.3676843500000002,71.08527465,8.0,0.0,0.0,0.08333333333333333,4.178553354930129,6.0,61.9953835,6.0,21.3465476,0.0,6.0,7.695594544743838,0.0,2.5
False,violate,35.093416,guns_weapons_dangerous,Human,True,False,True,False,False,guns_weapons_dangerous^violate^valid,6.50332065,6.1694513,0.04380952380952381,0.00975632971635256,-5.1394745,-6.44677305,1.76351915,1.5054010999999998,71.50511485,8.0,0.0,0.0,0.08333333333333333,4.147302881327643,6.0,63.362439725,6.0,22.909229425,0.0,6.0,6.850883234350498,0.0,2.5
False,violate,67.96421,plants_trees_tall,Human,False,True,True,False,False,plants_trees_tall^violate^invalid,6.38619115,6.28409735,0.01391304347826087,0.0028250616485910604,-6.5820267,-7.904741700000001,-1.94494635,-1.4837399500000004,68.6596727,8.0,0.8188750499999999,0.8188750499999999,1.0,0.8301860391296563,8.0,84.3862721,0.0,0.0,23.987561715,0.0,1.9225480256938434e-15,5.124418675638259,7.0
True,consistent,18.53266,guns_weapons_dangerous,Human,False,False,True,True,False,guns_weapons_dangerous^consistent^invalid,6.44597555,6.24617695,0.011000967117988394,0.002950776863820342,-6.76522825,-7.8805242,-1.8586807499999995,-1.4993720499999998,70.98612015,8.0,0.7220952499999997,0.6257914500000004,1.0,0.6282946795828372,8.0,85.89878935,0.0,0.0,23.510562384999997,0.0,1.4351441988087624e-15,6.165712876289506,6.0
True,consistent,20.095069,politicians_dishonest_lie,Human,True,True,True,True,False,politicians_dishonest_lie^consistent^valid,6.3120315,6.0834765,0.06458333333333333,0.0093466107617051,-4.67085505,-6.5278238,2.0405082999999995,1.8744522000000003,69.03888470000001,8.0,0.0,0.0,0.08333333333333333,4.198116937002846,6.0,61.596740825,6.0,27.449436724999998,0.0,5.0,11.176908426675492,0.0,5.0
True,consistent,18.330208,guns_weapons_dangerous,Human,False,False,True,True,False,guns_weapons_dangerous^consistent^invalid,6.44597555,6.24617695,0.011000967117988394,0.002950776863820342,-6.76522825,-7.8805242,-1.8586807499999995,-1.4993720499999998,70.98612015,8.0,0.7220952499999997,0.6257914500000004,1.0,0.6282946795828372,8.0,85.89878935,0.0,0.0,23.510562384999997,0.0,1.4351441988087624e-15,6.165712876289506,6.0
False,violate,18.594995,plants_trees_tall,Human,True,False,True,False,False,plants_trees_tall^violate^valid,6.41446225,6.3243370500000005,0.06904761904761905,0.01020408163265306,-4.620176,-6.3951475,1.9277535000000001,1.4312967000000003,69.09361634999999,8.0,0.0,0.0,0.08333333333333333,4.1778215066580255,6.0,60.519029365,6.0,23.485346435,0.0,6.5,4.516120123163684,0.0,0.0
False,nonsense,22.163315,nonsense_sland_spluff_gusp,Human,True,False,False,False,True,nonsense_sland_spluff_gusp^nonsense^valid,6.78348535,6.5060627,0.06904761904761905,0.013793759512937594,-4.6236165,-6.2190232,1.9084089999999998,1.3639651500000007,70.42413735,8.0,0.0,0.0,0.08333333333333333,4.24959004751361,6.0,58.76168097,6.0,22.458991830000002,0.0,6.5,10.690146971084143,0.0,5.0
False,nonsense,20.527656,nonsense_snid_ust_bem,Human,True,False,False,False,True,nonsense_snid_ust_bem^nonsense^valid,6.6971871499999995,6.50197645,0.07142857142857142,0.012903762903762904,-4.60221525,-6.27589965,1.9509697,1.3402101999999996,69.13012775,8.0,0.0,0.0,0.08333333333333333,4.24286337086056,6.0,58.24551994000001,6.0,22.663743310000005,0.0,6.0,7.44304392711765,0.0,5.0
True,violate,18.063991,flowers_animals_reptiles,Human,False,False,True,False,False,flowers_animals_reptiles^violate^invalid,6.511972500000001,6.299694649999999,0.020638297872340425,0.0030771852749583396,-6.099171,-7.8213919999999995,-1.5850982499999997,-1.4380342499999998,68.83154575,8.0,0.8858627500000003,0.7332459000000002,1.0,0.9176825938046316,8.0,81.4447405,0.0,0.0,21.956226824999998,0.0,1.5408950250308162e-15,8.545072663703762,2.0
True,violate,19.79749,guns_weapons_dangerous,Human,True,True,True,False,False,guns_weapons_dangerous^violate^valid,6.50332065,6.1694513,0.04380952380952381,0.00975632971635256,-5.1394745,-6.44677305,1.76351915,1.5054010999999998,71.50511485,8.0,0.0,0.0,0.08333333333333333,4.147302881327643,6.0,63.362439725,6.0,22.909229425,0.0,6.0,6.850883234350498,0.0,2.5
True,nonsense,68.330099,nonsense_shiff_yot_plusk,Human,True,True,False,False,True,nonsense_shiff_yot_plusk^nonsense^valid,6.6630405,6.4421315,0.08333333333333333,0.012010932105868816,-4.481248750000001,-6.32354165,1.74328225,1.2753396499999998,70.6576311,8.0,0.0,0.0,0.08333333333333333,4.231048708694868,6.0,59.016534065,6.0,21.190878835,0.0,6.5,9.594795138239126,0.0,3.0
False,nonsense,13.556679,nonsense_snid_ust_bem,Human,True,False,False,False,True,nonsense_snid_ust_bem^nonsense^valid,6.6971871499999995,6.50197645,0.07142857142857142,0.012903762903762904,-4.60221525,-6.27589965,1.9509697,1.3402101999999996,69.13012775,8.0,0.0,0.0,0.08333333333333333,4.24286337086056,6.0,58.24551994000001,6.0,22.663743310000005,0.0,6.0,7.44304392711765,0.0,5.0
False,consistent,27.495671,vehicles_mobile_buildings,Human,False,True,True,True,False,vehicles_mobile_buildings^consistent^invalid,6.4189703,6.20475225,0.017908538535337384,0.003565073716319268,-6.2863693000000005,-7.65832855,-1.6578865,-1.3874936499999997,68.73863765,8.0,0.9254654999999996,0.7147571500000001,1.0,0.923093373579289,8.0,81.53225795000002,0.0,0.0,21.98636992,0.0,1.5822442479216904e-15,8.810153623685938,6.0
False,nonsense,34.16287,nonsense_nept_bript_jeft,Human,False,True,False,False,True,nonsense_nept_bript_jeft^nonsense^invalid,6.7120135,6.5231946999999995,0.016001024065540194,0.003401360544217687,-6.3623347500000005,-7.6286695,-2.00212095,-1.3144179999999999,69.8634525,8.0,0.8520413999999998,0.8520413999999998,1.0,0.9856656071823022,8.0,81.17559270000001,0.0,0.0,22.773455765,0.0,1.768271155567925e-15,11.793987853568831,6.5
True,violate,30.695977,food_vegetables_healthy,Human,True,True,True,False,False,food_vegetables_healthy^violate^valid,6.450257000000001,6.31065585,0.06904761904761905,0.011173533083645444,-4.5539477,-6.2796415,1.8238982999999998,1.5661775000000002,69.1644208,8.0,0.0,0.0,0.08333333333333333,4.1972102532224955,6.0,60.09550511,6.0,24.33377359,0.0,6.0,7.9250296811573815,0.0,5.0
False,violate,22.09856,guns_weapons_dangerous,Human,True,False,True,False,False,guns_weapons_dangerous^violate^valid,6.50332065,6.1694513,0.04380952380952381,0.00975632971635256,-5.1394745,-6.44677305,1.76351915,1.5054010999999998,71.50511485,8.0,0.0,0.0,0.08333333333333333,4.147302881327643,6.0,63.362439725,6.0,22.909229425,0.0,6.0,6.850883234350498,0.0,2.5
False,consistent,144.431617,librarians_happy_healthy,Human,False,True,True,True,False,librarians_happy_healthy^consistent^invalid,6.4564919,6.2082235,0.01316017316017316,0.002439154981527863,-6.56037875,-8.156236,-2.18236525,-1.6797223500000005,68.5649792,8.0,0.9607439,0.9607439,1.0,0.7880140342786139,8.0,87.18519895,0.0,0.0,26.80061415,0.0,2.047661216425686e-15,10.450981391754892,2.0
True,violate,36.524122,dragons_mythical_exist,Human,False,False,True,False,False,dragons_mythical_exist^violate^invalid,6.3965742500000005,6.317690649999999,0.016411084207694375,0.002816990818990486,-6.351449,-7.92016295,-1.8188361499999997,-1.5580721999999998,68.2857051,8.0,0.9220247500000005,0.9220247500000005,1.0,0.9051403786675013,8.0,83.5121707,0.0,0.0,24.115853095,0.0,1.4280514096016063e-15,9.760069242080714,6.5
True,violate,46.152226,vehicles_mobile_buildings,Human,True,True,True,False,False,vehicles_mobile_buildings^violate^valid,6.4227202,6.2347107,0.07142857142857142,0.01162947937795808,-4.4802725,-6.2656579,1.716221,1.4676158,68.53631695,8.0,0.0,0.0,0.08333333333333333,4.239842482458063,6.0,59.276388915,6.0,22.930080835000005,0.0,6.0,10.259922478197065,0.0,5.0
True,consistent,22.695789,dragons_mythical_exist,Human,False,False,True,True,False,dragons_mythical_exist^consistent^invalid,6.353085,6.2800932,0.015504807692307693,0.0027906216430806595,-6.4230528,-7.9485637,-1.8286666499999997,-1.6385662000000005,68.6781366,8.0,0.8879900500000004,0.8879900500000004,1.0,0.8852128998889575,8.0,84.0837234,0.0,0.0,24.337613705,0.0,1.5610424666418568e-15,7.911169394996633,6.5
True,nonsense,27.530957,nonsense_sneb_jing_omp,Human,True,True,False,False,True,nonsense_sneb_jing_omp^nonsense^valid,6.65619085,6.495821749999999,0.1,0.012739370334307044,-4.4031727,-6.28572395,1.7148209500000005,1.2285571999999996,69.11306905000001,8.0,0.0,0.0,0.08333333333333333,4.278485842278608,6.0,58.513248895,6.0,21.298895254999998,0.0,6.0,12.427159115811023,0.0,3.0
False,nonsense,19.064197,nonsense_gick_criff_riff,Human,False,True,False,False,True,nonsense_gick_criff_riff^nonsense^invalid,6.77416575,6.4033365,0.017812105926860028,0.003012485481997677,-6.27927495,-7.7930495,-1.8999519500000002,-1.33152955,70.26042064999999,8.0,0.8046874499999999,0.8046874499999999,1.0,0.9588243667035962,8.0,81.99559675,0.0,0.0,22.18412904,0.0,1.922026081878513e-15,7.025303752227982,7.0
False,consistent,14.395314,food_vegetables_healthy,Human,False,True,True,True,False,food_vegetables_healthy^consistent^invalid,6.385794000000001,6.30319185,0.014925373134328358,0.002857166180948416,-6.4566896,-7.90417695,-1.99980535,-1.6097369499999998,68.8608315,8.0,0.8265580999999997,0.8265580999999997,1.0,0.821025837755418,8.0,85.405561,0.0,0.0,25.470094664999998,0.0,2.0042303656203608e-15,8.285601659992627,7.0
True,consistent,24.024303,computers_electronics_expensive,Human,True,True,True,True,False,computers_electronics_expensive^consistent^valid,6.4169135,6.1785682,0.06666666666666667,0.009478885893980233,-4.6530925,-6.440403,1.8509256,1.3928398999999998,70.53919579999999,8.0,0.0,0.0,0.08333333333333333,4.181149704388652,6.0,61.70093686,6.0,22.270458289999997,0.0,6.0,4.49079197455106,0.0,0.0
True,consistent,28.098166,famous_wealthy_old,Human,True,True,True,True,False,famous_wealthy_old^consistent^valid,6.4807837,6.20356825,0.08012820512820512,0.010258838383838384,-4.5493381,-6.3625355,1.9323806999999995,1.4796445,69.63362185,8.0,0.0,0.0,0.08333333333333333,4.237488658914296,6.0,60.63729776,6.0,23.660072139999997,0.0,6.0,10.529317589592818,0.0,5.0
False,violate,16.363358,politicians_dishonest_lie,Human,True,False,True,False,False,politicians_dishonest_lie^violate^valid,6.37751675,6.0904122,0.06458333333333333,0.010152545866831581,-4.70822285,-6.3983282,1.8975946499999998,1.7866397999999997,69.3182278,8.0,0.0,0.0,0.08333333333333333,4.206316121655433,6.0,61.19675243500001,6.0,26.129471715,0.0,6.0,9.497890598380698,0.0,5.0
True,violate,48.894618,dragons_mythical_exist,Human,True,True,True,False,False,dragons_mythical_exist^violate^valid,6.437692200000001,6.284136999999999,0.07142857142857142,0.01098901098901099,-4.596205749999999,-6.3053995,1.7706680000000001,1.5878954999999997,68.67259949999999,8.0,0.0,0.0,0.08333333333333333,4.23807888995999,6.0,59.574550814999995,6.0,23.727392935,0.0,5.5,8.533601808825644,0.0,5.0
True,consistent,21.69611,politicians_dishonest_lie,Human,True,True,True,True,False,politicians_dishonest_lie^consistent^valid,6.3120315,6.0834765,0.06458333333333333,0.0093466107617051,-4.67085505,-6.5278238,2.0405082999999995,1.8744522000000003,69.03888470000001,8.0,0.0,0.0,0.08333333333333333,4.198116937002846,6.0,61.596740825,6.0,27.449436724999998,0.0,5.0,11.176908426675492,0.0,5.0
True,violate,23.831679,famous_wealthy_old,Human,True,True,True,False,False,famous_wealthy_old^violate^valid,6.5324782,6.25096365,0.07738095238095238,0.011428944618599791,-4.5484671500000005,-6.2740884,1.8518867500000002,1.4590077500000005,68.93076565,8.0,0.0,0.0,0.08333333333333333,4.2525919368855565,6.0,59.70462999,6.0,23.492731159999998,0.0,6.0,12.003781547051933,0.0,5.0
False,violate,72.226889,computers_electronics_expensive,Human,True,False,True,False,False,computers_electronics_expensive^violate^valid,6.499090799999999,6.1807467,0.06349206349206349,0.009478885893980233,-4.712784,-6.45309085,1.66360835,1.3676843500000002,71.08527465,8.0,0.0,0.0,0.08333333333333333,4.178553354930129,6.0,61.9953835,6.0,21.3465476,0.0,6.0,7.695594544743838,0.0,2.5
False,violate,26.564205,politicians_dishonest_lie,Human,True,False,True,False,False,politicians_dishonest_lie^violate^valid,6.37751675,6.0904122,0.06458333333333333,0.010152545866831581,-4.70822285,-6.3983282,1.8975946499999998,1.7866397999999997,69.3182278,8.0,0.0,0.0,0.08333333333333333,4.206316121655433,6.0,61.19675243500001,6.0,26.129471715,0.0,6.0,9.497890598380698,0.0,5.0
True,violate,24.094094,plants_trees_tall,Human,True,True,True,False,False,plants_trees_tall^violate^valid,6.41446225,6.3243370500000005,0.06904761904761905,0.01020408163265306,-4.620176,-6.3951475,1.9277535000000001,1.4312967000000003,69.09361634999999,8.0,0.0,0.0,0.08333333333333333,4.1778215066580255,6.0,60.519029365,6.0,23.485346435,0.0,6.5,4.516120123163684,0.0,0.0
False,nonsense,30.563455,nonsense_shiff_yot_plusk,Human,True,False,False,False,True,nonsense_shiff_yot_plusk^nonsense^valid,6.6630405,6.4421315,0.08333333333333333,0.012010932105868816,-4.481248750000001,-6.32354165,1.74328225,1.2753396499999998,70.6576311,8.0,0.0,0.0,0.08333333333333333,4.231048708694868,6.0,59.016534065,6.0,21.190878835,0.0,6.5,9.594795138239126,0.0,3.0
False,nonsense,64.698126,nonsense_gick_criff_riff,Human,False,True,False,False,True,nonsense_gick_criff_riff^nonsense^invalid,6.77416575,6.4033365,0.017812105926860028,0.003012485481997677,-6.27927495,-7.7930495,-1.8999519500000002,-1.33152955,70.26042064999999,8.0,0.8046874499999999,0.8046874499999999,1.0,0.9588243667035962,8.0,81.99559675,0.0,0.0,22.18412904,0.0,1.922026081878513e-15,7.025303752227982,7.0
True,nonsense,29.096015,nonsense_sclack_chask_pron,Human,True,True,False,False,True,nonsense_sclack_chask_pron^nonsense^valid,6.7072847,6.5142629,0.1,0.011979913916786227,-4.3135255,-6.2997,2.1935465,1.4291842999999997,69.4342872,8.0,0.0,0.0,0.08333333333333333,4.268425562838022,6.0,58.392672759999996,6.0,24.10128049,0.0,6.5,6.026644966355567,0.0,5.0
False,nonsense,40.79297,nonsense_yuft_yab_sunt,Human,False,True,False,False,True,nonsense_yuft_yab_sunt^nonsense^invalid,6.6497302000000005,6.520653299999999,0.01667129758266185,0.003424657534246575,-6.3136357499999995,-7.60167,-1.7694892000000002,-1.328246,69.1145506,8.0,1.0278129499999997,1.0278129499999997,1.0,1.0065202922983731,8.0,80.63342094999999,0.0,0.0,22.389742305000002,0.0,1.950911711250765e-15,9.591605296156429,7.0
False,nonsense,14.561788,nonsense_wib_mact_boct,Human,False,True,False,False,True,nonsense_wib_mact_boct^nonsense^invalid,6.7181871,6.50725035,0.012854317732366513,0.0034074022476084332,-6.58981875,-7.626304,-2.0821762500000003,-1.2739905000000005,69.592611,8.0,0.8984832999999997,0.8984832999999997,1.0,0.9861605223445286,8.0,81.69883364999998,0.0,0.0,22.97314103,0.0,1.9875140984414277e-15,7.882983858642366,7.0
True,violate,47.531405,guns_weapons_dangerous,Human,True,True,True,False,False,guns_weapons_dangerous^violate^valid,6.50332065,6.1694513,0.04380952380952381,0.00975632971635256,-5.1394745,-6.44677305,1.76351915,1.5054010999999998,71.50511485,8.0,0.0,0.0,0.08333333333333333,4.147302881327643,6.0,63.362439725,6.0,22.909229425,0.0,6.0,6.850883234350498,0.0,2.5
False,consistent,49.362005,guns_weapons_dangerous,Human,False,True,True,True,False,guns_weapons_dangerous^consistent^invalid,6.44597555,6.24617695,0.011000967117988394,0.002950776863820342,-6.76522825,-7.8805242,-1.8586807499999995,-1.4993720499999998,70.98612015,8.0,0.7220952499999997,0.6257914500000004,1.0,0.6282946795828372,8.0,85.89878935,0.0,0.0,23.510562384999997,0.0,1.4351441988087624e-15,6.165712876289506,6.0
False,consistent,40.564394,vehicles_mobile_buildings,Human,False,True,True,True,False,vehicles_mobile_buildings^consistent^invalid,6.4189703,6.20475225,0.017908538535337384,0.003565073716319268,-6.2863693000000005,-7.65832855,-1.6578865,-1.3874936499999997,68.73863765,8.0,0.9254654999999996,0.7147571500000001,1.0,0.923093373579289,8.0,81.53225795000002,0.0,0.0,21.98636992,0.0,1.5822442479216904e-15,8.810153623685938,6.0
True,nonsense,187.498159,nonsense_sland_spluff_gusp,Human,True,True,False,False,True,nonsense_sland_spluff_gusp^nonsense^valid,6.78348535,6.5060627,0.06904761904761905,0.013793759512937594,-4.6236165,-6.2190232,1.9084089999999998,1.3639651500000007,70.42413735,8.0,0.0,0.0,0.08333333333333333,4.24959004751361,6.0,58.76168097,6.0,22.458991830000002,0.0,6.5,10.690146971084143,0.0,5.0
False,consistent,23.062672,computers_electronics_expensive,Human,False,True,True,True,False,computers_electronics_expensive^consistent^invalid,6.4488978,6.20202165,0.01518288474810214,0.003120740019474197,-6.455287950000001,-7.8443395,-1.9814681000000003,-1.3571211499999998,70.34209245,8.0,0.5709945499999991,0.5597707499999998,1.0,0.8224151890744551,8.0,84.21434264999999,0.0,0.0,23.045241349999998,0.0,1.829122258322029e-15,7.202985340362147,6.0
True,violate,22.395677,guns_weapons_dangerous,Human,True,True,True,False,False,guns_weapons_dangerous^violate^valid,6.50332065,6.1694513,0.04380952380952381,0.00975632971635256,-5.1394745,-6.44677305,1.76351915,1.5054010999999998,71.50511485,8.0,0.0,0.0,0.08333333333333333,4.147302881327643,6.0,63.362439725,6.0,22.909229425,0.0,6.0,6.850883234350498,0.0,2.5
True,violate,14.962883,plants_trees_tall,Human,True,True,True,False,False,plants_trees_tall^violate^valid,6.41446225,6.3243370500000005,0.06904761904761905,0.01020408163265306,-4.620176,-6.3951475,1.9277535000000001,1.4312967000000003,69.09361634999999,8.0,0.0,0.0,0.08333333333333333,4.1778215066580255,6.0,60.519029365,6.0,23.485346435,0.0,6.5,4.516120123163684,0.0,0.0
False,consistent,15.465403,librarians_happy_healthy,Human,False,True,True,True,False,librarians_happy_healthy^consistent^invalid,6.4564919,6.2082235,0.01316017316017316,0.002439154981527863,-6.56037875,-8.156236,-2.18236525,-1.6797223500000005,68.5649792,8.0,0.9607439,0.9607439,1.0,0.7880140342786139,8.0,87.18519895,0.0,0.0,26.80061415,0.0,2.047661216425686e-15,10.450981391754892,2.0
True,violate,20.262672,plants_trees_tall,Human,False,False,True,False,False,plants_trees_tall^violate^invalid,6.38619115,6.28409735,0.01391304347826087,0.0028250616485910604,-6.5820267,-7.904741700000001,-1.94494635,-1.4837399500000004,68.6596727,8.0,0.8188750499999999,0.8188750499999999,1.0,0.8301860391296563,8.0,84.3862721,0.0,0.0,23.987561715,0.0,1.9225480256938434e-15,5.124418675638259,7.0
True,violate,13.529287,flowers_animals_reptiles,Human,False,False,True,False,False,flowers_animals_reptiles^violate^invalid,6.511972500000001,6.299694649999999,0.020638297872340425,0.0030771852749583396,-6.099171,-7.8213919999999995,-1.5850982499999997,-1.4380342499999998,68.83154575,8.0,0.8858627500000003,0.7332459000000002,1.0,0.9176825938046316,8.0,81.4447405,0.0,0.0,21.956226824999998,0.0,1.5408950250308162e-15,8.545072663703762,2.0
True,consistent,23.429778,politicians_dishonest_lie,Human,True,True,True,True,False,politicians_dishonest_lie^consistent^valid,6.3120315,6.0834765,0.06458333333333333,0.0093466107617051,-4.67085505,-6.5278238,2.0405082999999995,1.8744522000000003,69.03888470000001,8.0,0.0,0.0,0.08333333333333333,4.198116937002846,6.0,61.596740825,6.0,27.449436724999998,0.0,5.0,11.176908426675492,0.0,5.0
True,nonsense,21.897317,nonsense_blep_jict_zamp,Human,False,False,False,False,True,nonsense_blep_jict_zamp^nonsense^invalid,6.6741928999999995,6.48545365,0.01670843776106934,0.003419292995417563,-6.3586244999999995,-7.62233965,-1.9506646,-1.32995355,68.8410289,8.0,1.028150475,1.028150475,1.0,0.998382928836373,8.0,81.6114506,0.0,0.0,23.470771059999997,0.0,1.9934286564877932e-15,8.841090211283056,7.0
False,nonsense,19.898265,nonsense_sneb_jing_omp,Human,True,False,False,False,True,nonsense_sneb_jing_omp^nonsense^valid,6.65619085,6.495821749999999,0.1,0.012739370334307044,-4.4031727,-6.28572395,1.7148209500000005,1.2285571999999996,69.11306905000001,8.0,0.0,0.0,0.08333333333333333,4.278485842278608,6.0,58.513248895,6.0,21.298895254999998,0.0,6.0,12.427159115811023,0.0,3.0
False,consistent,19.196759,food_vegetables_healthy,Human,False,True,True,True,False,food_vegetables_healthy^consistent^invalid,6.385794000000001,6.30319185,0.014925373134328358,0.002857166180948416,-6.4566896,-7.90417695,-1.99980535,-1.6097369499999998,68.8608315,8.0,0.8265580999999997,0.8265580999999997,1.0,0.821025837755418,8.0,85.405561,0.0,0.0,25.470094664999998,0.0,2.0042303656203608e-15,8.285601659992627,7.0
False,violate,26.360401,whales_mammals_big,Human,False,True,True,False,False,whales_mammals_big^violate^invalid,6.448229850000001,6.245763500000001,0.012663268556865243,0.002681138585393905,-6.62447325,-8.014107500000001,-1.9629477500000005,-1.5799506500000007,69.38388865,8.0,0.7102081999999996,0.7102081999999996,1.0,0.8245499454267677,8.0,85.17550299999999,0.0,0.0,23.970814515,0.0,1.8637005605844716e-15,3.617611437366125,7.0
True,nonsense,38.031742,nonsense_gick_criff_riff,Human,False,False,False,False,True,nonsense_gick_criff_riff^nonsense^invalid,6.77416575,6.4033365,0.017812105926860028,0.003012485481997677,-6.27927495,-7.7930495,-1.8999519500000002,-1.33152955,70.26042064999999,8.0,0.8046874499999999,0.8046874499999999,1.0,0.9588243667035962,8.0,81.99559675,0.0,0.0,22.18412904,0.0,1.922026081878513e-15,7.025303752227982,7.0
True,violate,19.810162,dragons_mythical_exist,Human,False,False,True,False,False,dragons_mythical_exist^violate^invalid,6.3965742500000005,6.317690649999999,0.016411084207694375,0.002816990818990486,-6.351449,-7.92016295,-1.8188361499999997,-1.5580721999999998,68.2857051,8.0,0.9220247500000005,0.9220247500000005,1.0,0.9051403786675013,8.0,83.5121707,0.0,0.0,24.115853095,0.0,1.4280514096016063e-15,9.760069242080714,6.5
True,nonsense,16.597065,nonsense_wib_mact_boct,Human,False,False,False,False,True,nonsense_wib_mact_boct^nonsense^invalid,6.7181871,6.50725035,0.012854317732366513,0.0034074022476084332,-6.58981875,-7.626304,-2.0821762500000003,-1.2739905000000005,69.592611,8.0,0.8984832999999997,0.8984832999999997,1.0,0.9861605223445286,8.0,81.69883364999998,0.0,0.0,22.97314103,0.0,1.9875140984414277e-15,7.882983858642366,7.0
False,consistent,40.262058,dragons_mythical_exist,Human,False,True,True,True,False,dragons_mythical_exist^consistent^invalid,6.353085,6.2800932,0.015504807692307693,0.0027906216430806595,-6.4230528,-7.9485637,-1.8286666499999997,-1.6385662000000005,68.6781366,8.0,0.8879900500000004,0.8879900500000004,1.0,0.8852128998889575,8.0,84.0837234,0.0,0.0,24.337613705,0.0,1.5610424666418568e-15,7.911169394996633,6.5
True,violate,32.097093,vehicles_mobile_buildings,Human,True,True,True,False,False,vehicles_mobile_buildings^violate^valid,6.4227202,6.2347107,0.07142857142857142,0.01162947937795808,-4.4802725,-6.2656579,1.716221,1.4676158,68.53631695,8.0,0.0,0.0,0.08333333333333333,4.239842482458063,6.0,59.276388915,6.0,22.930080835000005,0.0,6.0,10.259922478197065,0.0,5.0
False,violate,24.632574,famous_wealthy_old,Human,True,False,True,False,False,famous_wealthy_old^violate^valid,6.5324782,6.25096365,0.07738095238095238,0.011428944618599791,-4.5484671500000005,-6.2740884,1.8518867500000002,1.4590077500000005,68.93076565,8.0,0.0,0.0,0.08333333333333333,4.2525919368855565,6.0,59.70462999,6.0,23.492731159999998,0.0,6.0,12.003781547051933,0.0,5.0
True,violate,19.862698,dragons_mythical_exist,Human,False,False,True,False,False,dragons_mythical_exist^violate^invalid,6.3965742500000005,6.317690649999999,0.016411084207694375,0.002816990818990486,-6.351449,-7.92016295,-1.8188361499999997,-1.5580721999999998,68.2857051,8.0,0.9220247500000005,0.9220247500000005,1.0,0.9051403786675013,8.0,83.5121707,0.0,0.0,24.115853095,0.0,1.4280514096016063e-15,9.760069242080714,6.5
True,consistent,82.964802,famous_wealthy_old,Human,True,True,True,True,False,famous_wealthy_old^consistent^valid,6.4807837,6.20356825,0.08012820512820512,0.010258838383838384,-4.5493381,-6.3625355,1.9323806999999995,1.4796445,69.63362185,8.0,0.0,0.0,0.08333333333333333,4.237488658914296,6.0,60.63729776,6.0,23.660072139999997,0.0,6.0,10.529317589592818,0.0,5.0
True,consistent,41.097443,guns_weapons_dangerous,Human,False,False,True,True,False,guns_weapons_dangerous^consistent^invalid,6.44597555,6.24617695,0.011000967117988394,0.002950776863820342,-6.76522825,-7.8805242,-1.8586807499999995,-1.4993720499999998,70.98612015,8.0,0.7220952499999997,0.6257914500000004,1.0,0.6282946795828372,8.0,85.89878935,0.0,0.0,23.510562384999997,0.0,1.4351441988087624e-15,6.165712876289506,6.0
True,violate,29.664557,dragons_mythical_exist,Human,True,True,True,False,False,dragons_mythical_exist^violate^valid,6.437692200000001,6.284136999999999,0.07142857142857142,0.01098901098901099,-4.596205749999999,-6.3053995,1.7706680000000001,1.5878954999999997,68.67259949999999,8.0,0.0,0.0,0.08333333333333333,4.23807888995999,6.0,59.574550814999995,6.0,23.727392935,0.0,5.5,8.533601808825644,0.0,5.0
False,violate,55.864442,politicians_dishonest_lie,Human,True,False,True,False,False,politicians_dishonest_lie^violate^valid,6.37751675,6.0904122,0.06458333333333333,0.010152545866831581,-4.70822285,-6.3983282,1.8975946499999998,1.7866397999999997,69.3182278,8.0,0.0,0.0,0.08333333333333333,4.206316121655433,6.0,61.19675243500001,6.0,26.129471715,0.0,6.0,9.497890598380698,0.0,5.0
False,nonsense,50.92801,nonsense_nept_bript_jeft,Human,False,True,False,False,True,nonsense_nept_bript_jeft^nonsense^invalid,6.7120135,6.5231946999999995,0.016001024065540194,0.003401360544217687,-6.3623347500000005,-7.6286695,-2.00212095,-1.3144179999999999,69.8634525,8.0,0.8520413999999998,0.8520413999999998,1.0,0.9856656071823022,8.0,81.17559270000001,0.0,0.0,22.773455765,0.0,1.768271155567925e-15,11.793987853568831,6.5
True,violate,23.697299,plants_trees_tall,Human,True,True,True,False,False,plants_trees_tall^violate^valid,6.41446225,6.3243370500000005,0.06904761904761905,0.01020408163265306,-4.620176,-6.3951475,1.9277535000000001,1.4312967000000003,69.09361634999999,8.0,0.0,0.0,0.08333333333333333,4.1778215066580255,6.0,60.519029365,6.0,23.485346435,0.0,6.5,4.516120123163684,0.0,0.0
True,consistent,103.597935,politicians_dishonest_lie,Human,True,True,True,True,False,politicians_dishonest_lie^consistent^valid,6.3120315,6.0834765,0.06458333333333333,0.0093466107617051,-4.67085505,-6.5278238,2.0405082999999995,1.8744522000000003,69.03888470000001,8.0,0.0,0.0,0.08333333333333333,4.198116937002846,6.0,61.596740825,6.0,27.449436724999998,0.0,5.0,11.176908426675492,0.0,5.0
True,consistent,20.863428,computers_electronics_expensive,Human,True,True,True,True,False,computers_electronics_expensive^consistent^valid,6.4169135,6.1785682,0.06666666666666667,0.009478885893980233,-4.6530925,-6.440403,1.8509256,1.3928398999999998,70.53919579999999,8.0,0.0,0.0,0.08333333333333333,4.181149704388652,6.0,61.70093686,6.0,22.270458289999997,0.0,6.0,4.49079197455106,0.0,0.0
True,violate,13.996737,plants_trees_tall,Human,True,True,True,False,False,plants_trees_tall^violate^valid,6.41446225,6.3243370500000005,0.06904761904761905,0.01020408163265306,-4.620176,-6.3951475,1.9277535000000001,1.4312967000000003,69.09361634999999,8.0,0.0,0.0,0.08333333333333333,4.1778215066580255,6.0,60.519029365,6.0,23.485346435,0.0,6.5,4.516120123163684,0.0,0.0
False,consistent,42.896389,computers_electronics_expensive,Human,False,True,True,True,False,computers_electronics_expensive^consistent^invalid,6.4488978,6.20202165,0.01518288474810214,0.003120740019474197,-6.455287950000001,-7.8443395,-1.9814681000000003,-1.3571211499999998,70.34209245,8.0,0.5709945499999991,0.5597707499999998,1.0,0.8224151890744551,8.0,84.21434264999999,0.0,0.0,23.045241349999998,0.0,1.829122258322029e-15,7.202985340362147,6.0
False,nonsense,56.251907,nonsense_shiff_yot_plusk,Human,True,False,False,False,True,nonsense_shiff_yot_plusk^nonsense^valid,6.6630405,6.4421315,0.08333333333333333,0.012010932105868816,-4.481248750000001,-6.32354165,1.74328225,1.2753396499999998,70.6576311,8.0,0.0,0.0,0.08333333333333333,4.231048708694868,6.0,59.016534065,6.0,21.190878835,0.0,6.5,9.594795138239126,0.0,3.0
True,nonsense,30.418267,nonsense_snid_ust_bem,Human,True,True,False,False,True,nonsense_snid_ust_bem^nonsense^valid,6.6971871499999995,6.50197645,0.07142857142857142,0.012903762903762904,-4.60221525,-6.27589965,1.9509697,1.3402101999999996,69.13012775,8.0,0.0,0.0,0.08333333333333333,4.24286337086056,6.0,58.24551994000001,6.0,22.663743310000005,0.0,6.0,7.44304392711765,0.0,5.0
True,nonsense,25.513783,nonsense_sland_spluff_gusp,Human,True,True,False,False,True,nonsense_sland_spluff_gusp^nonsense^valid,6.78348535,6.5060627,0.06904761904761905,0.013793759512937594,-4.6236165,-6.2190232,1.9084089999999998,1.3639651500000007,70.42413735,8.0,0.0,0.0,0.08333333333333333,4.24959004751361,6.0,58.76168097,6.0,22.458991830000002,0.0,6.5,10.690146971084143,0.0,5.0
True,consistent,15.331531,flowers_animals_reptiles,Human,False,False,True,True,False,flowers_animals_reptiles^consistent^invalid,6.5008722,6.31083915,0.020545073375262055,0.003101140450410601,-6.1047525,-7.7991162,-1.5645790000000002,-1.4242303500000002,68.9486307,8.0,0.9084529999999997,0.6793224,1.0,0.9306593400489598,8.0,81.2164412,0.0,0.0,21.67141261,0.0,1.3543479362216075e-15,7.965921565107013,4.0
False,violate,23.731812,computers_electronics_expensive,Human,True,False,True,False,False,computers_electronics_expensive^violate^valid,6.499090799999999,6.1807467,0.06349206349206349,0.009478885893980233,-4.712784,-6.45309085,1.66360835,1.3676843500000002,71.08527465,8.0,0.0,0.0,0.08333333333333333,4.178553354930129,6.0,61.9953835,6.0,21.3465476,0.0,6.0,7.695594544743838,0.0,2.5
True,nonsense,30.065394,nonsense_fleff_drap_ved,Human,False,False,False,False,True,nonsense_fleff_drap_ved^nonsense^invalid,6.7356882,6.4797887,0.017857142857142856,0.0033333333333333335,-6.2327225,-7.6453165,-1.7768858500000002,-1.2957879499999998,69.57095895,8.0,0.8390180499999997,0.8390180499999997,1.0,1.1067655183148273,8.0,80.09782385,0.0,0.0,21.5798461,0.0,1.5592593902284698e-15,10.58589834287269,6.0
True,nonsense,92.08277,nonsense_sclack_chask_pron,Human,True,True,False,False,True,nonsense_sclack_chask_pron^nonsense^valid,6.7072847,6.5142629,0.1,0.011979913916786227,-4.3135255,-6.2997,2.1935465,1.4291842999999997,69.4342872,8.0,0.0,0.0,0.08333333333333333,4.268425562838022,6.0,58.392672759999996,6.0,24.10128049,0.0,6.5,6.026644966355567,0.0,5.0
True,violate,43.263654,computers_electronics_expensive,Human,False,False,True,False,False,computers_electronics_expensive^violate^invalid,6.522399,6.180495499999999,0.016584429824561403,0.0031332744924977935,-6.37467015,-7.83040965,-1.6636693500000002,-1.36195265,71.27101135,8.0,0.8897316499999999,0.5789510499999999,1.0,0.8186306963818517,8.0,83.56209820000001,0.0,0.0,21.460766525,0.0,1.3123562768713624e-15,8.304262092877128,6.0
False,violate,16.265538,politicians_dishonest_lie,Human,True,False,True,False,False,politicians_dishonest_lie^violate^valid,6.37751675,6.0904122,0.06458333333333333,0.010152545866831581,-4.70822285,-6.3983282,1.8975946499999998,1.7866397999999997,69.3182278,8.0,0.0,0.0,0.08333333333333333,4.206316121655433,6.0,61.19675243500001,6.0,26.129471715,0.0,6.0,9.497890598380698,0.0,5.0
True,violate,25.153217,computers_electronics_expensive,Human,True,True,True,False,False,computers_electronics_expensive^violate^valid,6.499090799999999,6.1807467,0.06349206349206349,0.009478885893980233,-4.712784,-6.45309085,1.66360835,1.3676843500000002,71.08527465,8.0,0.0,0.0,0.08333333333333333,4.178553354930129,6.0,61.9953835,6.0,21.3465476,0.0,6.0,7.695594544743838,0.0,2.5
True,nonsense,52.625594,nonsense_frupt_liff_blop,Human,False,False,False,False,True,nonsense_frupt_liff_blop^nonsense^invalid,6.74828385,6.4571632,0.017862838915470493,0.0035407214298247814,-6.2424765,-7.58557185,-1.7545624000000002,-1.3214226500000001,69.2317771,8.0,1.0239715499999997,1.0239715499999997,1.0,0.9560013305357768,8.0,80.85806435,0.0,0.0,22.397972575000004,0.0,1.736572637562976e-15,10.776071835437,7.0
True,nonsense,20.452966,nonsense_yuft_yab_sunt,Human,False,False,False,False,True,nonsense_yuft_yab_sunt^nonsense^invalid,6.6497302000000005,6.520653299999999,0.01667129758266185,0.003424657534246575,-6.3136357499999995,-7.60167,-1.7694892000000002,-1.328246,69.1145506,8.0,1.0278129499999997,1.0278129499999997,1.0,1.0065202922983731,8.0,80.63342094999999,0.0,0.0,22.389742305000002,0.0,1.950911711250765e-15,9.591605296156429,7.0
True,nonsense,39.428551,nonsense_frupt_liff_blop,Human,False,False,False,False,True,nonsense_frupt_liff_blop^nonsense^invalid,6.74828385,6.4571632,0.017862838915470493,0.0035407214298247814,-6.2424765,-7.58557185,-1.7545624000000002,-1.3214226500000001,69.2317771,8.0,1.0239715499999997,1.0239715499999997,1.0,0.9560013305357768,8.0,80.85806435,0.0,0.0,22.397972575000004,0.0,1.736572637562976e-15,10.776071835437,7.0
False,consistent,14.331378,whales_mammals_big,Human,False,True,True,True,False,whales_mammals_big^consistent^invalid,6.4138649999999995,6.205387,0.012092074592074592,0.002534956047910348,-6.6604588,-8.118708999999999,-2.0293045999999997,-1.6541473499999997,69.31705635,8.0,0.7021076000000004,0.7021076000000004,1.0,0.8047112558220828,8.0,85.92203119999999,0.0,0.0,24.62764928,0.0,2.1359789411439334e-15,3.9098734478620076,2.0
True,violate,17.39836,food_vegetables_healthy,Human,False,False,True,False,False,food_vegetables_healthy^violate^invalid,6.42677595,6.31220815,0.01562881562881563,0.002949955185046599,-6.4373935,-7.8457002,-1.8429373500000001,-1.5693540000000001,69.29372484999999,8.0,0.8066157500000002,0.7714321000000002,1.0,0.8284038808706596,8.0,84.6058833,0.0,0.0,24.320579359999996,0.0,1.5359023006172268e-15,7.146503379295183,4.0
False,consistent,27.96504,plants_trees_tall,Human,False,True,True,True,False,plants_trees_tall^consistent^invalid,6.37055165,6.307549,0.013701201201201201,0.0028492109877264757,-6.5659262,-7.89940915,-2.0465962000000006,-1.4699927499999998,68.83695255,8.0,0.8364621999999993,0.8364621999999993,1.0,0.8346398142093729,8.0,84.90519495000001,0.0,0.0,24.503319525000002,0.0,2.064981990778946e-15,5.4816459648693785,7.0
False,consistent,39.618689,gems_diamonds_transparent,Human,True,False,True,True,False,gems_diamonds_transparent^consistent^valid,6.44119135,6.296317,0.07142857142857142,0.013072453861927546,-4.4972115,-6.14343585,1.8879928500000003,1.4830739999999998,68.8472311,8.0,0.0,0.0,0.08333333333333333,4.233556085344675,6.0,58.973910515,6.0,23.163152535000002,0.0,6.0,4.0981774748137685,0.0,0.0
False,consistent,35.131672,whales_mammals_big,Human,False,True,True,True,False,whales_mammals_big^consistent^invalid,6.4138649999999995,6.205387,0.012092074592074592,0.002534956047910348,-6.6604588,-8.118708999999999,-2.0293045999999997,-1.6541473499999997,69.31705635,8.0,0.7021076000000004,0.7021076000000004,1.0,0.8047112558220828,8.0,85.92203119999999,0.0,0.0,24.62764928,0.0,2.1359789411439334e-15,3.9098734478620076,2.0
False,consistent,27.832059,vehicles_mobile_buildings,Human,False,True,True,True,False,vehicles_mobile_buildings^consistent^invalid,6.4189703,6.20475225,0.017908538535337384,0.003565073716319268,-6.2863693000000005,-7.65832855,-1.6578865,-1.3874936499999997,68.73863765,8.0,0.9254654999999996,0.7147571500000001,1.0,0.923093373579289,8.0,81.53225795000002,0.0,0.0,21.98636992,0.0,1.5822442479216904e-15,8.810153623685938,6.0
True,nonsense,28.655433,nonsense_sclace_dact_yink,Human,True,True,False,False,True,nonsense_sclace_dact_yink^nonsense^valid,6.6996305,6.49316,0.07142857142857142,0.013333333333333334,-4.62263075,-6.26985025,1.8822250500000002,1.32559375,69.4958898,8.0,0.0,0.0,0.08333333333333333,4.251478841343673,6.0,58.55405652,6.0,22.610766429999998,0.0,6.0,8.330163944391682,0.0,5.0
False,nonsense,34.597674,nonsense_yuft_yab_sunt,Human,False,True,False,False,True,nonsense_yuft_yab_sunt^nonsense^invalid,6.6497302000000005,6.520653299999999,0.01667129758266185,0.003424657534246575,-6.3136357499999995,-7.60167,-1.7694892000000002,-1.328246,69.1145506,8.0,1.0278129499999997,1.0278129499999997,1.0,1.0065202922983731,8.0,80.63342094999999,0.0,0.0,22.389742305000002,0.0,1.950911711250765e-15,9.591605296156429,7.0
False,nonsense,26.9656,nonsense_gick_criff_riff,Human,False,True,False,False,True,nonsense_gick_criff_riff^nonsense^invalid,6.77416575,6.4033365,0.017812105926860028,0.003012485481997677,-6.27927495,-7.7930495,-1.8999519500000002,-1.33152955,70.26042064999999,8.0,0.8046874499999999,0.8046874499999999,1.0,0.9588243667035962,8.0,81.99559675,0.0,0.0,22.18412904,0.0,1.922026081878513e-15,7.025303752227982,7.0
True,consistent,15.851868,dragons_mythical_exist,Human,True,True,True,True,False,dragons_mythical_exist^consistent^valid,6.3897132,6.291689,0.06904761904761905,0.010929288103201148,-4.6077385,-6.30269085,1.7525634500000002,1.6223964999999998,68.6732855,8.0,0.0,0.0,0.08333333333333333,4.227263650259546,6.0,59.557831455,6.0,24.081231845,0.0,5.5,7.144700547850129,0.0,2.5
True,consistent,15.398715,food_vegetables_healthy,Human,True,True,True,True,False,food_vegetables_healthy^consistent^valid,6.385638,6.289380550000001,0.07142857142857142,0.011494252873563218,-4.48948215,-6.2646552,1.9473686000000003,1.6365913,68.84390075,8.0,0.0,0.0,0.08333333333333333,4.215218270069648,6.0,59.918024325000005,6.0,25.219347475,0.0,6.0,7.1482754435408244,0.0,0.0
True,violate,16.219198,guns_weapons_dangerous,Human,False,False,True,False,False,guns_weapons_dangerous^violate^invalid,6.4394995,6.20302535,0.01105276013678554,0.0028313523211482396,-6.7744107,-7.9281578,-1.8454207,-1.5204529999999998,70.8790377,8.0,0.7291772999999999,0.6630851499999999,1.0,0.5614459822509108,8.0,86.16747995000001,0.0,0.0,23.647519385,0.0,1.4537708353217846e-15,7.491897435044687,6.0
True,violate,17.481886,plants_trees_tall,Human,False,False,True,False,False,plants_trees_tall^violate^invalid,6.38619115,6.28409735,0.01391304347826087,0.0028250616485910604,-6.5820267,-7.904741700000001,-1.94494635,-1.4837399500000004,68.6596727,8.0,0.8188750499999999,0.8188750499999999,1.0,0.8301860391296563,8.0,84.3862721,0.0,0.0,23.987561715,0.0,1.9225480256938434e-15,5.124418675638259,7.0
False,nonsense,16.965024,nonsense_fleff_drap_ved,Human,False,True,False,False,True,nonsense_fleff_drap_ved^nonsense^invalid,6.7356882,6.4797887,0.017857142857142856,0.0033333333333333335,-6.2327225,-7.6453165,-1.7768858500000002,-1.2957879499999998,69.57095895,8.0,0.8390180499999997,0.8390180499999997,1.0,1.1067655183148273,8.0,80.09782385,0.0,0.0,21.5798461,0.0,1.5592593902284698e-15,10.58589834287269,6.0
False,consistent,15.732068,famous_wealthy_old,Human,False,True,True,True,False,famous_wealthy_old^consistent^invalid,6.473446900000001,6.2160115000000005,0.01562881562881563,0.00298510122611919,-6.4437375,-7.8515338,-1.9944038500000003,-1.44907085,69.37370354999999,8.0,0.6838503999999996,0.6838503999999996,1.0,0.8548965642034398,8.0,84.42239824999999,0.0,0.0,23.9086578,0.0,1.6094747389887971e-15,11.206323681628763,6.0
True,violate,17.898972,gems_diamonds_transparent,Human,True,True,True,False,False,gems_diamonds_transparent^violate^valid,6.5703869,6.25740665,0.06904761904761905,0.010937126464260101,-4.647243,-6.326832,1.7948913499999999,1.39534725,71.34004354999999,8.0,0.0,0.0,0.08333333333333333,4.179927768234793,6.0,60.904833815,6.0,21.577068085,0.0,7.5,4.560481198507944,0.0,0.0
False,nonsense,15.471385,nonsense_sland_spluff_gusp,Human,True,False,False,False,True,nonsense_sland_spluff_gusp^nonsense^valid,6.78348535,6.5060627,0.06904761904761905,0.013793759512937594,-4.6236165,-6.2190232,1.9084089999999998,1.3639651500000007,70.42413735,8.0,0.0,0.0,0.08333333333333333,4.24959004751361,6.0,58.76168097,6.0,22.458991830000002,0.0,6.5,10.690146971084143,0.0,5.0
True,violate,39.965302,computers_electronics_expensive,Human,True,True,True,False,False,computers_electronics_expensive^violate^valid,6.499090799999999,6.1807467,0.06349206349206349,0.009478885893980233,-4.712784,-6.45309085,1.66360835,1.3676843500000002,71.08527465,8.0,0.0,0.0,0.08333333333333333,4.178553354930129,6.0,61.9953835,6.0,21.3465476,0.0,6.0,7.695594544743838,0.0,2.5
True,nonsense,43.365408,nonsense_paft_usp_cesk,Human,True,True,False,False,True,nonsense_paft_usp_cesk^nonsense^valid,6.60848765,6.43326115,0.08116883116883117,0.010205144225762783,-4.415316750000001,-6.40260265,1.9637490499999997,1.4512771999999998,69.9446505,8.0,0.0,0.0,0.08333333333333333,4.230910783702164,6.0,59.68671201,6.0,23.09536234,0.0,6.0,10.336150785700415,0.0,5.0
False,nonsense,36.598796,nonsense_yuft_yab_sunt,Human,False,True,False,False,True,nonsense_yuft_yab_sunt^nonsense^invalid,6.6497302000000005,6.520653299999999,0.01667129758266185,0.003424657534246575,-6.3136357499999995,-7.60167,-1.7694892000000002,-1.328246,69.1145506,8.0,1.0278129499999997,1.0278129499999997,1.0,1.0065202922983731,8.0,80.63342094999999,0.0,0.0,22.389742305000002,0.0,1.950911711250765e-15,9.591605296156429,7.0
True,nonsense,52.331443,nonsense_wib_mact_boct,Human,False,False,False,False,True,nonsense_wib_mact_boct^nonsense^invalid,6.7181871,6.50725035,0.012854317732366513,0.0034074022476084332,-6.58981875,-7.626304,-2.0821762500000003,-1.2739905000000005,69.592611,8.0,0.8984832999999997,0.8984832999999997,1.0,0.9861605223445286,8.0,81.69883364999998,0.0,0.0,22.97314103,0.0,1.9875140984414277e-15,7.882983858642366,7.0
False,nonsense,27.720482,nonsense_glap_phropt_soff,Human,False,True,False,False,True,nonsense_glap_phropt_soff^nonsense^invalid,6.835217,6.48248985,0.017879948914431672,0.0032682879938479284,-6.2467933,-7.6869061,-1.7169495499999998,-1.3523528000000002,71.96260765,8.0,0.7400541000000003,0.7400541000000003,1.0,1.046556576027338,8.0,80.85321694999999,0.0,0.0,21.24006573,0.0,1.4812981591103516e-15,12.289438387742884,7.0
True,consistent,26.798701,librarians_happy_healthy,Human,True,True,True,True,False,librarians_happy_healthy^consistent^valid,6.4488923499999995,6.21358025,0.08333333333333333,0.009478885893980233,-4.3865333500000006,-6.49733885,2.1736029,1.6753026500000003,68.60927085,8.0,0.0,0.0,0.08333333333333333,4.202778071855432,6.0,60.489633715,6.0,26.835941335,0.0,6.0,10.648016475550474,0.0,5.0
True,nonsense,66.465563,nonsense_yob_broft_jank,Human,False,False,False,False,True,nonsense_yob_broft_jank^nonsense^invalid,6.6635852,6.4798689,0.013471971066907775,0.0030442035029190993,-6.533887249999999,-7.77559855,-1.91571405,-1.3833560499999997,69.70865125,8.0,0.9533198,0.9533198,1.0,0.8824762959444219,8.0,82.63656085,0.0,0.0,23.075579405,0.0,2.22866298543637e-15,7.863924716570952,7.0
False,violate,47.165628,computers_electronics_expensive,Human,True,False,True,False,False,computers_electronics_expensive^violate^valid,6.499090799999999,6.1807467,0.06349206349206349,0.009478885893980233,-4.712784,-6.45309085,1.66360835,1.3676843500000002,71.08527465,8.0,0.0,0.0,0.08333333333333333,4.178553354930129,6.0,61.9953835,6.0,21.3465476,0.0,6.0,7.695594544743838,0.0,2.5
True,nonsense,29.931492,nonsense_shiff_yot_plusk,Human,True,True,False,False,True,nonsense_shiff_yot_plusk^nonsense^valid,6.6630405,6.4421315,0.08333333333333333,0.012010932105868816,-4.481248750000001,-6.32354165,1.74328225,1.2753396499999998,70.6576311,8.0,0.0,0.0,0.08333333333333333,4.231048708694868,6.0,59.016534065,6.0,21.190878835,0.0,6.5,9.594795138239126,0.0,3.0
True,violate,15.931989,food_vegetables_healthy,Human,False,False,True,False,False,food_vegetables_healthy^violate^invalid,6.42677595,6.31220815,0.01562881562881563,0.002949955185046599,-6.4373935,-7.8457002,-1.8429373500000001,-1.5693540000000001,69.29372484999999,8.0,0.8066157500000002,0.7714321000000002,1.0,0.8284038808706596,8.0,84.6058833,0.0,0.0,24.320579359999996,0.0,1.5359023006172268e-15,7.146503379295183,4.0
True,consistent,10.099107,guns_weapons_dangerous,Human,False,False,True,True,False,guns_weapons_dangerous^consistent^invalid,6.44597555,6.24617695,0.011000967117988394,0.002950776863820342,-6.76522825,-7.8805242,-1.8586807499999995,-1.4993720499999998,70.98612015,8.0,0.7220952499999997,0.6257914500000004,1.0,0.6282946795828372,8.0,85.89878935,0.0,0.0,23.510562384999997,0.0,1.4351441988087624e-15,6.165712876289506,6.0
False,consistent,12.532791,computers_electronics_expensive,Human,False,True,True,True,False,computers_electronics_expensive^consistent^invalid,6.4488978,6.20202165,0.01518288474810214,0.003120740019474197,-6.455287950000001,-7.8443395,-1.9814681000000003,-1.3571211499999998,70.34209245,8.0,0.5709945499999991,0.5597707499999998,1.0,0.8224151890744551,8.0,84.21434264999999,0.0,0.0,23.045241349999998,0.0,1.829122258322029e-15,7.202985340362147,6.0
True,consistent,12.763145,politicians_dishonest_lie,Human,True,True,True,True,False,politicians_dishonest_lie^consistent^valid,6.3120315,6.0834765,0.06458333333333333,0.0093466107617051,-4.67085505,-6.5278238,2.0405082999999995,1.8744522000000003,69.03888470000001,8.0,0.0,0.0,0.08333333333333333,4.198116937002846,6.0,61.596740825,6.0,27.449436724999998,0.0,5.0,11.176908426675492,0.0,5.0
False,consistent,23.229131,librarians_happy_healthy,Human,False,True,True,True,False,librarians_happy_healthy^consistent^invalid,6.4564919,6.2082235,0.01316017316017316,0.002439154981527863,-6.56037875,-8.156236,-2.18236525,-1.6797223500000005,68.5649792,8.0,0.9607439,0.9607439,1.0,0.7880140342786139,8.0,87.18519895,0.0,0.0,26.80061415,0.0,2.047661216425686e-15,10.450981391754892,2.0
False,nonsense,26.498954,nonsense_namp_clun_hamp,Human,True,False,False,False,True,nonsense_namp_clun_hamp^nonsense^valid,6.6994457,6.4799564,0.10555555555555556,0.013342821561999644,-4.345459,-6.22298565,2.15074535,1.4354637499999998,69.71599695,8.0,0.0,0.0,0.08333333333333333,4.284691277277053,6.0,58.473970525,6.0,23.419690574999997,0.0,6.0,7.450554748403382,0.0,5.0
True,consistent,39.547612,plants_trees_tall,Human,True,True,True,True,False,plants_trees_tall^consistent^valid,6.3638295,6.29027825,0.06904761904761905,0.010256679991584262,-4.5747202,-6.3909284,1.9859008500000002,1.4812050999999995,68.79473994999998,8.0,0.0,0.0,0.08333333333333333,4.187579992135603,6.0,60.33379889999999,6.0,23.9252337,0.0,6.0,3.8534819760787986,0.0,0.0
True,nonsense,44.698469,nonsense_paft_usp_cesk,Human,True,True,False,False,True,nonsense_paft_usp_cesk^nonsense^valid,6.60848765,6.43326115,0.08116883116883117,0.010205144225762783,-4.415316750000001,-6.40260265,1.9637490499999997,1.4512771999999998,69.9446505,8.0,0.0,0.0,0.08333333333333333,4.230910783702164,6.0,59.68671201,6.0,23.09536234,0.0,6.0,10.336150785700415,0.0,5.0
True,nonsense,10.56538,nonsense_sclack_chask_pron,Human,True,True,False,False,True,nonsense_sclack_chask_pron^nonsense^valid,6.7072847,6.5142629,0.1,0.011979913916786227,-4.3135255,-6.2997,2.1935465,1.4291842999999997,69.4342872,8.0,0.0,0.0,0.08333333333333333,4.268425562838022,6.0,58.392672759999996,6.0,24.10128049,0.0,6.5,6.026644966355567,0.0,5.0
False,nonsense,40.432284,nonsense_phrite_ing_pand,Human,True,False,False,False,True,nonsense_phrite_ing_pand^nonsense^valid,6.78927335,6.4204802999999995,0.08012820512820512,0.012196935891715008,-4.490728649999999,-6.2951688,1.7119826000000002,1.4278045500000003,70.91099205,8.0,0.0,0.0,0.08333333333333333,4.242352061088863,6.0,58.710175875000004,6.0,22.165997075,0.0,5.5,9.70258907505362,0.0,5.0
True,violate,26.164585,whales_mammals_big,Human,True,True,True,False,False,whales_mammals_big^violate^valid,6.4729992,6.2279272500000005,0.06274509803921569,0.00909090909090909,-4.7066618,-6.52191615,1.9818877000000001,1.5600008500000007,69.96011375,8.0,0.0,0.0,0.08333333333333333,4.155934407084959,6.0,61.744446280000005,6.0,24.02468477,0.0,6.0,7.4226142538263575,0.0,5.0
False,nonsense,19.897363,nonsense_nept_bript_jeft,Human,False,True,False,False,True,nonsense_nept_bript_jeft^nonsense^invalid,6.7120135,6.5231946999999995,0.016001024065540194,0.003401360544217687,-6.3623347500000005,-7.6286695,-2.00212095,-1.3144179999999999,69.8634525,8.0,0.8520413999999998,0.8520413999999998,1.0,0.9856656071823022,8.0,81.17559270000001,0.0,0.0,22.773455765,0.0,1.768271155567925e-15,11.793987853568831,6.5
False,violate,47.764338,flowers_animals_reptiles,Human,False,True,True,False,False,flowers_animals_reptiles^violate^invalid,6.511972500000001,6.299694649999999,0.020638297872340425,0.0030771852749583396,-6.099171,-7.8213919999999995,-1.5850982499999997,-1.4380342499999998,68.83154575,8.0,0.8858627500000003,0.7332459000000002,1.0,0.9176825938046316,8.0,81.4447405,0.0,0.0,21.956226824999998,0.0,1.5408950250308162e-15,8.545072663703762,2.0
True,nonsense,39.765491,nonsense_phrite_ing_pand,Human,True,True,False,False,True,nonsense_phrite_ing_pand^nonsense^valid,6.78927335,6.4204802999999995,0.08012820512820512,0.012196935891715008,-4.490728649999999,-6.2951688,1.7119826000000002,1.4278045500000003,70.91099205,8.0,0.0,0.0,0.08333333333333333,4.242352061088863,6.0,58.710175875000004,6.0,22.165997075,0.0,5.5,9.70258907505362,0.0,5.0
True,nonsense,30.231034,nonsense_phrist_biss_skemp,Human,True,True,False,False,True,nonsense_phrist_biss_skemp^nonsense^valid,6.731029250000001,6.494539,0.10555555555555556,0.012195121951219513,-4.290376350000001,-6.30501105,2.03048335,1.41410085,70.18686025,8.0,0.0,0.0,0.08333333333333333,4.267729924427778,6.0,58.678963880000005,6.0,23.135615870000002,0.0,6.5,12.213579792394672,0.0,3.0
True,violate,54.963626,famous_wealthy_old,Human,False,False,True,False,False,famous_wealthy_old^violate^invalid,6.522084850000001,6.241058499999999,0.015527202696196438,0.0033222958057395145,-6.42185905,-7.729707749999999,-1.8874550500000002,-1.4397024499999995,68.82929245,8.0,0.8507393999999997,0.8507393999999997,1.0,0.8687090776333636,8.0,83.34150629999999,0.0,0.0,23.65068455,0.0,1.5798927767709125e-15,11.85799728392669,6.0
True,nonsense,33.160592,nonsense_phrite_ing_pand,Human,True,True,False,False,True,nonsense_phrite_ing_pand^nonsense^valid,6.78927335,6.4204802999999995,0.08012820512820512,0.012196935891715008,-4.490728649999999,-6.2951688,1.7119826000000002,1.4278045500000003,70.91099205,8.0,0.0,0.0,0.08333333333333333,4.242352061088863,6.0,58.710175875000004,6.0,22.165997075,0.0,5.5,9.70258907505362,0.0,5.0
True,consistent,17.680502,plants_trees_tall,Human,True,True,True,True,False,plants_trees_tall^consistent^valid,6.3638295,6.29027825,0.06904761904761905,0.010256679991584262,-4.5747202,-6.3909284,1.9859008500000002,1.4812050999999995,68.79473994999998,8.0,0.0,0.0,0.08333333333333333,4.187579992135603,6.0,60.33379889999999,6.0,23.9252337,0.0,6.0,3.8534819760787986,0.0,0.0
True,violate,28.869755,computers_electronics_expensive,Human,False,False,True,False,False,computers_electronics_expensive^violate^invalid,6.522399,6.180495499999999,0.016584429824561403,0.0031332744924977935,-6.37467015,-7.83040965,-1.6636693500000002,-1.36195265,71.27101135,8.0,0.8897316499999999,0.5789510499999999,1.0,0.8186306963818517,8.0,83.56209820000001,0.0,0.0,21.460766525,0.0,1.3123562768713624e-15,8.304262092877128,6.0
True,violate,34.759647,vehicles_mobile_buildings,Human,False,False,True,False,False,vehicles_mobile_buildings^violate^invalid,6.392072300000001,6.24234065,0.017078071182548796,0.0033003300330033004,-6.3503642,-7.754690999999999,-1.7715988499999997,-1.4810226999999996,68.9766537,8.0,0.8604618999999998,0.8604618999999998,1.0,0.8893919805418689,8.0,83.067856,0.0,0.0,23.2554352,0.0,1.5307203401176875e-15,8.8691659972438,7.0
True,nonsense,60.896039,nonsense_sneb_jing_omp,Human,True,True,False,False,True,nonsense_sneb_jing_omp^nonsense^valid,6.65619085,6.495821749999999,0.1,0.012739370334307044,-4.4031727,-6.28572395,1.7148209500000005,1.2285571999999996,69.11306905000001,8.0,0.0,0.0,0.08333333333333333,4.278485842278608,6.0,58.513248895,6.0,21.298895254999998,0.0,6.0,12.427159115811023,0.0,3.0
True,violate,27.26493,flowers_animals_reptiles,Human,False,False,True,False,False,flowers_animals_reptiles^violate^invalid,6.511972500000001,6.299694649999999,0.020638297872340425,0.0030771852749583396,-6.099171,-7.8213919999999995,-1.5850982499999997,-1.4380342499999998,68.83154575,8.0,0.8858627500000003,0.7332459000000002,1.0,0.9176825938046316,8.0,81.4447405,0.0,0.0,21.956226824999998,0.0,1.5408950250308162e-15,8.545072663703762,2.0
False,consistent,22.265231,vehicles_mobile_buildings,Human,False,True,True,True,False,vehicles_mobile_buildings^consistent^invalid,6.4189703,6.20475225,0.017908538535337384,0.003565073716319268,-6.2863693000000005,-7.65832855,-1.6578865,-1.3874936499999997,68.73863765,8.0,0.9254654999999996,0.7147571500000001,1.0,0.923093373579289,8.0,81.53225795000002,0.0,0.0,21.98636992,0.0,1.5822442479216904e-15,8.810153623685938,6.0
True,violate,28.297683,computers_electronics_expensive,Human,False,False,True,False,False,computers_electronics_expensive^violate^invalid,6.522399,6.180495499999999,0.016584429824561403,0.0031332744924977935,-6.37467015,-7.83040965,-1.6636693500000002,-1.36195265,71.27101135,8.0,0.8897316499999999,0.5789510499999999,1.0,0.8186306963818517,8.0,83.56209820000001,0.0,0.0,21.460766525,0.0,1.3123562768713624e-15,8.304262092877128,6.0
False,violate,18.383686,dragons_mythical_exist,Human,True,False,True,False,False,dragons_mythical_exist^violate^valid,6.437692200000001,6.284136999999999,0.07142857142857142,0.01098901098901099,-4.596205749999999,-6.3053995,1.7706680000000001,1.5878954999999997,68.67259949999999,8.0,0.0,0.0,0.08333333333333333,4.23807888995999,6.0,59.574550814999995,6.0,23.727392935,0.0,5.5,8.533601808825644,0.0,5.0
True,violate,22.815187,gems_diamonds_transparent,Human,False,False,True,False,False,gems_diamonds_transparent^violate^invalid,6.54417985,6.2232831,0.014724310776942355,0.003206742381417339,-6.520405500000001,-7.78959085,-1.8865203500000005,-1.4694999500000003,70.84039609999999,8.0,0.6408786500000003,0.49384809999999946,1.0,0.8431403125175523,8.0,83.08205534999999,0.0,0.0,22.57233653,0.0,1.7192539355520916e-15,4.2441669087975615,6.0
True,nonsense,21.598336,nonsense_gand_yusp_druff,Human,True,True,False,False,True,nonsense_gand_yusp_druff^nonsense^valid,6.765500149999999,6.49064485,0.07142857142857142,0.01266025641025641,-4.64024315,-6.3013908999999995,1.5749091999999996,1.3179452500000002,70.0919868,8.0,0.0,0.0,0.08333333333333333,4.249985559340636,6.0,59.02381523999999,6.0,21.351779609999998,0.0,6.0,14.579618393987484,0.0,4.0
True,nonsense,23.813922,nonsense_snid_ust_bem,Human,True,True,False,False,True,nonsense_snid_ust_bem^nonsense^valid,6.6971871499999995,6.50197645,0.07142857142857142,0.012903762903762904,-4.60221525,-6.27589965,1.9509697,1.3402101999999996,69.13012775,8.0,0.0,0.0,0.08333333333333333,4.24286337086056,6.0,58.24551994000001,6.0,22.663743310000005,0.0,6.0,7.44304392711765,0.0,5.0
True,nonsense,26.613502,nonsense_yob_broft_jank,Human,False,False,False,False,True,nonsense_yob_broft_jank^nonsense^invalid,6.6635852,6.4798689,0.013471971066907775,0.0030442035029190993,-6.533887249999999,-7.77559855,-1.91571405,-1.3833560499999997,69.70865125,8.0,0.9533198,0.9533198,1.0,0.8824762959444219,8.0,82.63656085,0.0,0.0,23.075579405,0.0,2.22866298543637e-15,7.863924716570952,7.0
True,violate,20.383523,whales_mammals_big,Human,False,False,True,False,False,whales_mammals_big^violate^invalid,6.448229850000001,6.245763500000001,0.012663268556865243,0.002681138585393905,-6.62447325,-8.014107500000001,-1.9629477500000005,-1.5799506500000007,69.38388865,8.0,0.7102081999999996,0.7102081999999996,1.0,0.8245499454267677,8.0,85.17550299999999,0.0,0.0,23.970814515,0.0,1.8637005605844716e-15,3.617611437366125,7.0
False,consistent,37.431333,dragons_mythical_exist,Human,False,True,True,True,False,dragons_mythical_exist^consistent^invalid,6.353085,6.2800932,0.015504807692307693,0.0027906216430806595,-6.4230528,-7.9485637,-1.8286666499999997,-1.6385662000000005,68.6781366,8.0,0.8879900500000004,0.8879900500000004,1.0,0.8852128998889575,8.0,84.0837234,0.0,0.0,24.337613705,0.0,1.5610424666418568e-15,7.911169394996633,6.5
False,nonsense,25.863829,nonsense_gand_yusp_druff,Human,True,False,False,False,True,nonsense_gand_yusp_druff^nonsense^valid,6.765500149999999,6.49064485,0.07142857142857142,0.01266025641025641,-4.64024315,-6.3013908999999995,1.5749091999999996,1.3179452500000002,70.0919868,8.0,0.0,0.0,0.08333333333333333,4.249985559340636,6.0,59.02381523999999,6.0,21.351779609999998,0.0,6.0,14.579618393987484,0.0,4.0
True,violate,20.731894,food_vegetables_healthy,Human,True,True,True,False,False,food_vegetables_healthy^violate^valid,6.450257000000001,6.31065585,0.06904761904761905,0.011173533083645444,-4.5539477,-6.2796415,1.8238982999999998,1.5661775000000002,69.1644208,8.0,0.0,0.0,0.08333333333333333,4.1972102532224955,6.0,60.09550511,6.0,24.33377359,0.0,6.0,7.9250296811573815,0.0,5.0
True,consistent,26.850702,guns_weapons_dangerous,Human,True,True,True,True,False,guns_weapons_dangerous^consistent^valid,6.4460763,6.23771665,0.05555555555555555,0.010365198711063372,-4.8854012,-6.3792031,1.8348008,1.4967684499999998,70.87122375000001,8.0,0.0,0.0,0.08333333333333333,4.178935275009273,6.0,62.253303349999996,6.0,23.474716800000003,0.0,6.0,6.423485446299349,0.0,2.5
True,violate,28.898369,computers_electronics_expensive,Human,True,True,True,False,False,computers_electronics_expensive^violate^valid,6.499090799999999,6.1807467,0.06349206349206349,0.009478885893980233,-4.712784,-6.45309085,1.66360835,1.3676843500000002,71.08527465,8.0,0.0,0.0,0.08333333333333333,4.178553354930129,6.0,61.9953835,6.0,21.3465476,0.0,6.0,7.695594544743838,0.0,2.5
False,consistent,22.797087,librarians_happy_healthy,Human,False,True,True,True,False,librarians_happy_healthy^consistent^invalid,6.4564919,6.2082235,0.01316017316017316,0.002439154981527863,-6.56037875,-8.156236,-2.18236525,-1.6797223500000005,68.5649792,8.0,0.9607439,0.9607439,1.0,0.7880140342786139,8.0,87.18519895,0.0,0.0,26.80061415,0.0,2.047661216425686e-15,10.450981391754892,2.0
True,violate,68.198416,computers_electronics_expensive,Human,False,False,True,False,False,computers_electronics_expensive^violate^invalid,6.522399,6.180495499999999,0.016584429824561403,0.0031332744924977935,-6.37467015,-7.83040965,-1.6636693500000002,-1.36195265,71.27101135,8.0,0.8897316499999999,0.5789510499999999,1.0,0.8186306963818517,8.0,83.56209820000001,0.0,0.0,21.460766525,0.0,1.3123562768713624e-15,8.304262092877128,6.0
True,violate,31.798573,whales_mammals_big,Human,False,False,True,False,False,whales_mammals_big^violate^invalid,6.448229850000001,6.245763500000001,0.012663268556865243,0.002681138585393905,-6.62447325,-8.014107500000001,-1.9629477500000005,-1.5799506500000007,69.38388865,8.0,0.7102081999999996,0.7102081999999996,1.0,0.8245499454267677,8.0,85.17550299999999,0.0,0.0,23.970814515,0.0,1.8637005605844716e-15,3.617611437366125,7.0
True,consistent,10.298034,plants_trees_tall,Human,True,True,True,True,False,plants_trees_tall^consistent^valid,6.3638295,6.29027825,0.06904761904761905,0.010256679991584262,-4.5747202,-6.3909284,1.9859008500000002,1.4812050999999995,68.79473994999998,8.0,0.0,0.0,0.08333333333333333,4.187579992135603,6.0,60.33379889999999,6.0,23.9252337,0.0,6.0,3.8534819760787986,0.0,0.0
True,nonsense,56.681369,nonsense_wib_mact_boct,Human,False,False,False,False,True,nonsense_wib_mact_boct^nonsense^invalid,6.7181871,6.50725035,0.012854317732366513,0.0034074022476084332,-6.58981875,-7.626304,-2.0821762500000003,-1.2739905000000005,69.592611,8.0,0.8984832999999997,0.8984832999999997,1.0,0.9861605223445286,8.0,81.69883364999998,0.0,0.0,22.97314103,0.0,1.9875140984414277e-15,7.882983858642366,7.0
True,consistent,15.298363,politicians_dishonest_lie,Human,True,True,True,True,False,politicians_dishonest_lie^consistent^valid,6.3120315,6.0834765,0.06458333333333333,0.0093466107617051,-4.67085505,-6.5278238,2.0405082999999995,1.8744522000000003,69.03888470000001,8.0,0.0,0.0,0.08333333333333333,4.198116937002846,6.0,61.596740825,6.0,27.449436724999998,0.0,5.0,11.176908426675492,0.0,5.0
True,nonsense,25.765671,nonsense_paft_usp_cesk,Human,True,True,False,False,True,nonsense_paft_usp_cesk^nonsense^valid,6.60848765,6.43326115,0.08116883116883117,0.010205144225762783,-4.415316750000001,-6.40260265,1.9637490499999997,1.4512771999999998,69.9446505,8.0,0.0,0.0,0.08333333333333333,4.230910783702164,6.0,59.68671201,6.0,23.09536234,0.0,6.0,10.336150785700415,0.0,5.0
True,consistent,14.531247,guns_weapons_dangerous,Human,True,True,True,True,False,guns_weapons_dangerous^consistent^valid,6.4460763,6.23771665,0.05555555555555555,0.010365198711063372,-4.8854012,-6.3792031,1.8348008,1.4967684499999998,70.87122375000001,8.0,0.0,0.0,0.08333333333333333,4.178935275009273,6.0,62.253303349999996,6.0,23.474716800000003,0.0,6.0,6.423485446299349,0.0,2.5
False,consistent,22.930574,librarians_happy_healthy,Human,False,True,True,True,False,librarians_happy_healthy^consistent^invalid,6.4564919,6.2082235,0.01316017316017316,0.002439154981527863,-6.56037875,-8.156236,-2.18236525,-1.6797223500000005,68.5649792,8.0,0.9607439,0.9607439,1.0,0.7880140342786139,8.0,87.18519895,0.0,0.0,26.80061415,0.0,2.047661216425686e-15,10.450981391754892,2.0
True,nonsense,44.365525,nonsense_namp_clun_hamp,Human,True,True,False,False,True,nonsense_namp_clun_hamp^nonsense^valid,6.6994457,6.4799564,0.10555555555555556,0.013342821561999644,-4.345459,-6.22298565,2.15074535,1.4354637499999998,69.71599695,8.0,0.0,0.0,0.08333333333333333,4.284691277277053,6.0,58.473970525,6.0,23.419690574999997,0.0,6.0,7.450554748403382,0.0,5.0
False,consistent,25.598809,vehicles_mobile_buildings,Human,False,True,True,True,False,vehicles_mobile_buildings^consistent^invalid,6.4189703,6.20475225,0.017908538535337384,0.003565073716319268,-6.2863693000000005,-7.65832855,-1.6578865,-1.3874936499999997,68.73863765,8.0,0.9254654999999996,0.7147571500000001,1.0,0.923093373579289,8.0,81.53225795000002,0.0,0.0,21.98636992,0.0,1.5822442479216904e-15,8.810153623685938,6.0
True,consistent,33.465524,guns_weapons_dangerous,Human,False,False,True,True,False,guns_weapons_dangerous^consistent^invalid,6.44597555,6.24617695,0.011000967117988394,0.002950776863820342,-6.76522825,-7.8805242,-1.8586807499999995,-1.4993720499999998,70.98612015,8.0,0.7220952499999997,0.6257914500000004,1.0,0.6282946795828372,8.0,85.89878935,0.0,0.0,23.510562384999997,0.0,1.4351441988087624e-15,6.165712876289506,6.0
True,nonsense,38.56471,nonsense_snid_ust_bem,Human,True,True,False,False,True,nonsense_snid_ust_bem^nonsense^valid,6.6971871499999995,6.50197645,0.07142857142857142,0.012903762903762904,-4.60221525,-6.27589965,1.9509697,1.3402101999999996,69.13012775,8.0,0.0,0.0,0.08333333333333333,4.24286337086056,6.0,58.24551994000001,6.0,22.663743310000005,0.0,6.0,7.44304392711765,0.0,5.0
False,violate,45.46339,whales_mammals_big,Human,True,False,True,False,False,whales_mammals_big^violate^valid,6.4729992,6.2279272500000005,0.06274509803921569,0.00909090909090909,-4.7066618,-6.52191615,1.9818877000000001,1.5600008500000007,69.96011375,8.0,0.0,0.0,0.08333333333333333,4.155934407084959,6.0,61.744446280000005,6.0,24.02468477,0.0,6.0,7.4226142538263575,0.0,5.0
True,nonsense,46.531118,nonsense_phrite_ing_pand,Human,True,True,False,False,True,nonsense_phrite_ing_pand^nonsense^valid,6.78927335,6.4204802999999995,0.08012820512820512,0.012196935891715008,-4.490728649999999,-6.2951688,1.7119826000000002,1.4278045500000003,70.91099205,8.0,0.0,0.0,0.08333333333333333,4.242352061088863,6.0,58.710175875000004,6.0,22.165997075,0.0,5.5,9.70258907505362,0.0,5.0
True,consistent,15.230926,plants_trees_tall,Human,True,True,True,True,False,plants_trees_tall^consistent^valid,6.3638295,6.29027825,0.06904761904761905,0.010256679991584262,-4.5747202,-6.3909284,1.9859008500000002,1.4812050999999995,68.79473994999998,8.0,0.0,0.0,0.08333333333333333,4.187579992135603,6.0,60.33379889999999,6.0,23.9252337,0.0,6.0,3.8534819760787986,0.0,0.0
True,nonsense,36.76561,nonsense_phrite_ing_pand,Human,True,True,False,False,True,nonsense_phrite_ing_pand^nonsense^valid,6.78927335,6.4204802999999995,0.08012820512820512,0.012196935891715008,-4.490728649999999,-6.2951688,1.7119826000000002,1.4278045500000003,70.91099205,8.0,0.0,0.0,0.08333333333333333,4.242352061088863,6.0,58.710175875000004,6.0,22.165997075,0.0,5.5,9.70258907505362,0.0,5.0
True,nonsense,32.16399,nonsense_gand_yusp_druff,Human,True,True,False,False,True,nonsense_gand_yusp_druff^nonsense^valid,6.765500149999999,6.49064485,0.07142857142857142,0.01266025641025641,-4.64024315,-6.3013908999999995,1.5749091999999996,1.3179452500000002,70.0919868,8.0,0.0,0.0,0.08333333333333333,4.249985559340636,6.0,59.02381523999999,6.0,21.351779609999998,0.0,6.0,14.579618393987484,0.0,4.0
False,consistent,16.566368,computers_electronics_expensive,Human,False,True,True,True,False,computers_electronics_expensive^consistent^invalid,6.4488978,6.20202165,0.01518288474810214,0.003120740019474197,-6.455287950000001,-7.8443395,-1.9814681000000003,-1.3571211499999998,70.34209245,8.0,0.5709945499999991,0.5597707499999998,1.0,0.8224151890744551,8.0,84.21434264999999,0.0,0.0,23.045241349999998,0.0,1.829122258322029e-15,7.202985340362147,6.0
True,consistent,56.465434,vehicles_mobile_buildings,Human,False,False,True,True,False,vehicles_mobile_buildings^consistent^invalid,6.4189703,6.20475225,0.017908538535337384,0.003565073716319268,-6.2863693000000005,-7.65832855,-1.6578865,-1.3874936499999997,68.73863765,8.0,0.9254654999999996,0.7147571500000001,1.0,0.923093373579289,8.0,81.53225795000002,0.0,0.0,21.98636992,0.0,1.5822442479216904e-15,8.810153623685938,6.0
True,nonsense,279.430562,nonsense_yob_broft_jank,Human,False,False,False,False,True,nonsense_yob_broft_jank^nonsense^invalid,6.6635852,6.4798689,0.013471971066907775,0.0030442035029190993,-6.533887249999999,-7.77559855,-1.91571405,-1.3833560499999997,69.70865125,8.0,0.9533198,0.9533198,1.0,0.8824762959444219,8.0,82.63656085,0.0,0.0,23.075579405,0.0,2.22866298543637e-15,7.863924716570952,7.0
True,nonsense,67.365506,nonsense_sclack_chask_pron,Human,True,True,False,False,True,nonsense_sclack_chask_pron^nonsense^valid,6.7072847,6.5142629,0.1,0.011979913916786227,-4.3135255,-6.2997,2.1935465,1.4291842999999997,69.4342872,8.0,0.0,0.0,0.08333333333333333,4.268425562838022,6.0,58.392672759999996,6.0,24.10128049,0.0,6.5,6.026644966355567,0.0,5.0
True,violate,52.830925,vehicles_mobile_buildings,Human,False,False,True,False,False,vehicles_mobile_buildings^violate^invalid,6.392072300000001,6.24234065,0.017078071182548796,0.0033003300330033004,-6.3503642,-7.754690999999999,-1.7715988499999997,-1.4810226999999996,68.9766537,8.0,0.8604618999999998,0.8604618999999998,1.0,0.8893919805418689,8.0,83.067856,0.0,0.0,23.2554352,0.0,1.5307203401176875e-15,8.8691659972438,7.0
True,violate,52.132274,computers_electronics_expensive,Human,False,False,True,False,False,computers_electronics_expensive^violate^invalid,6.522399,6.180495499999999,0.016584429824561403,0.0031332744924977935,-6.37467015,-7.83040965,-1.6636693500000002,-1.36195265,71.27101135,8.0,0.8897316499999999,0.5789510499999999,1.0,0.8186306963818517,8.0,83.56209820000001,0.0,0.0,21.460766525,0.0,1.3123562768713624e-15,8.304262092877128,6.0
False,violate,10.665899,whales_mammals_big,Human,False,True,True,False,False,whales_mammals_big^violate^invalid,6.448229850000001,6.245763500000001,0.012663268556865243,0.002681138585393905,-6.62447325,-8.014107500000001,-1.9629477500000005,-1.5799506500000007,69.38388865,8.0,0.7102081999999996,0.7102081999999996,1.0,0.8245499454267677,8.0,85.17550299999999,0.0,0.0,23.970814515,0.0,1.8637005605844716e-15,3.617611437366125,7.0
False,nonsense,36.397178,nonsense_sneb_jing_omp,Human,True,False,False,False,True,nonsense_sneb_jing_omp^nonsense^valid,6.65619085,6.495821749999999,0.1,0.012739370334307044,-4.4031727,-6.28572395,1.7148209500000005,1.2285571999999996,69.11306905000001,8.0,0.0,0.0,0.08333333333333333,4.278485842278608,6.0,58.513248895,6.0,21.298895254999998,0.0,6.0,12.427159115811023,0.0,3.0
False,violate,19.029979,gems_diamonds_transparent,Human,False,True,True,False,False,gems_diamonds_transparent^violate^invalid,6.54417985,6.2232831,0.014724310776942355,0.003206742381417339,-6.520405500000001,-7.78959085,-1.8865203500000005,-1.4694999500000003,70.84039609999999,8.0,0.6408786500000003,0.49384809999999946,1.0,0.8431403125175523,8.0,83.08205534999999,0.0,0.0,22.57233653,0.0,1.7192539355520916e-15,4.2441669087975615,6.0
True,consistent,26.631387,plants_trees_tall,Human,True,True,True,True,False,plants_trees_tall^consistent^valid,6.3638295,6.29027825,0.06904761904761905,0.010256679991584262,-4.5747202,-6.3909284,1.9859008500000002,1.4812050999999995,68.79473994999998,8.0,0.0,0.0,0.08333333333333333,4.187579992135603,6.0,60.33379889999999,6.0,23.9252337,0.0,6.0,3.8534819760787986,0.0,0.0
True,nonsense,19.731102,nonsense_phrist_biss_skemp,Human,True,True,False,False,True,nonsense_phrist_biss_skemp^nonsense^valid,6.731029250000001,6.494539,0.10555555555555556,0.012195121951219513,-4.290376350000001,-6.30501105,2.03048335,1.41410085,70.18686025,8.0,0.0,0.0,0.08333333333333333,4.267729924427778,6.0,58.678963880000005,6.0,23.135615870000002,0.0,6.5,12.213579792394672,0.0,3.0
True,nonsense,22.598351,nonsense_gand_yusp_druff,Human,True,True,False,False,True,nonsense_gand_yusp_druff^nonsense^valid,6.765500149999999,6.49064485,0.07142857142857142,0.01266025641025641,-4.64024315,-6.3013908999999995,1.5749091999999996,1.3179452500000002,70.0919868,8.0,0.0,0.0,0.08333333333333333,4.249985559340636,6.0,59.02381523999999,6.0,21.351779609999998,0.0,6.0,14.579618393987484,0.0,4.0
True,consistent,40.56426,plants_trees_tall,Human,True,True,True,True,False,plants_trees_tall^consistent^valid,6.3638295,6.29027825,0.06904761904761905,0.010256679991584262,-4.5747202,-6.3909284,1.9859008500000002,1.4812050999999995,68.79473994999998,8.0,0.0,0.0,0.08333333333333333,4.187579992135603,6.0,60.33379889999999,6.0,23.9252337,0.0,6.0,3.8534819760787986,0.0,0.0
True,violate,41.597669,food_vegetables_healthy,Human,True,True,True,False,False,food_vegetables_healthy^violate^valid,6.450257000000001,6.31065585,0.06904761904761905,0.011173533083645444,-4.5539477,-6.2796415,1.8238982999999998,1.5661775000000002,69.1644208,8.0,0.0,0.0,0.08333333333333333,4.1972102532224955,6.0,60.09550511,6.0,24.33377359,0.0,6.0,7.9250296811573815,0.0,5.0
True,violate,21.097906,dragons_mythical_exist,Human,True,True,True,False,False,dragons_mythical_exist^violate^valid,6.437692200000001,6.284136999999999,0.07142857142857142,0.01098901098901099,-4.596205749999999,-6.3053995,1.7706680000000001,1.5878954999999997,68.67259949999999,8.0,0.0,0.0,0.08333333333333333,4.23807888995999,6.0,59.574550814999995,6.0,23.727392935,0.0,5.5,8.533601808825644,0.0,5.0
False,nonsense,24.765224,nonsense_phrite_ing_pand,Human,True,False,False,False,True,nonsense_phrite_ing_pand^nonsense^valid,6.78927335,6.4204802999999995,0.08012820512820512,0.012196935891715008,-4.490728649999999,-6.2951688,1.7119826000000002,1.4278045500000003,70.91099205,8.0,0.0,0.0,0.08333333333333333,4.242352061088863,6.0,58.710175875000004,6.0,22.165997075,0.0,5.5,9.70258907505362,0.0,5.0
True,consistent,23.897757,plants_trees_tall,Human,True,True,True,True,False,plants_trees_tall^consistent^valid,6.3638295,6.29027825,0.06904761904761905,0.010256679991584262,-4.5747202,-6.3909284,1.9859008500000002,1.4812050999999995,68.79473994999998,8.0,0.0,0.0,0.08333333333333333,4.187579992135603,6.0,60.33379889999999,6.0,23.9252337,0.0,6.0,3.8534819760787986,0.0,0.0
True,violate,32.698956,flowers_animals_reptiles,Human,False,False,True,False,False,flowers_animals_reptiles^violate^invalid,6.511972500000001,6.299694649999999,0.020638297872340425,0.0030771852749583396,-6.099171,-7.8213919999999995,-1.5850982499999997,-1.4380342499999998,68.83154575,8.0,0.8858627500000003,0.7332459000000002,1.0,0.9176825938046316,8.0,81.4447405,0.0,0.0,21.956226824999998,0.0,1.5408950250308162e-15,8.545072663703762,2.0
True,violate,20.997323,computers_electronics_expensive,Human,False,False,True,False,False,computers_electronics_expensive^violate^invalid,6.522399,6.180495499999999,0.016584429824561403,0.0031332744924977935,-6.37467015,-7.83040965,-1.6636693500000002,-1.36195265,71.27101135,8.0,0.8897316499999999,0.5789510499999999,1.0,0.8186306963818517,8.0,83.56209820000001,0.0,0.0,21.460766525,0.0,1.3123562768713624e-15,8.304262092877128,6.0
True,violate,24.6969,famous_wealthy_old,Human,False,False,True,False,False,famous_wealthy_old^violate^invalid,6.522084850000001,6.241058499999999,0.015527202696196438,0.0033222958057395145,-6.42185905,-7.729707749999999,-1.8874550500000002,-1.4397024499999995,68.82929245,8.0,0.8507393999999997,0.8507393999999997,1.0,0.8687090776333636,8.0,83.34150629999999,0.0,0.0,23.65068455,0.0,1.5798927767709125e-15,11.85799728392669,6.0
True,consistent,48.764564,dragons_mythical_exist,Human,False,False,True,True,False,dragons_mythical_exist^consistent^invalid,6.353085,6.2800932,0.015504807692307693,0.0027906216430806595,-6.4230528,-7.9485637,-1.8286666499999997,-1.6385662000000005,68.6781366,8.0,0.8879900500000004,0.8879900500000004,1.0,0.8852128998889575,8.0,84.0837234,0.0,0.0,24.337613705,0.0,1.5610424666418568e-15,7.911169394996633,6.5
True,violate,11.128931,whales_mammals_big,Human,False,False,True,False,False,whales_mammals_big^violate^invalid,6.448229850000001,6.245763500000001,0.012663268556865243,0.002681138585393905,-6.62447325,-8.014107500000001,-1.9629477500000005,-1.5799506500000007,69.38388865,8.0,0.7102081999999996,0.7102081999999996,1.0,0.8245499454267677,8.0,85.17550299999999,0.0,0.0,23.970814515,0.0,1.8637005605844716e-15,3.617611437366125,7.0
True,violate,51.665357,computers_electronics_expensive,Human,False,False,True,False,False,computers_electronics_expensive^violate^invalid,6.522399,6.180495499999999,0.016584429824561403,0.0031332744924977935,-6.37467015,-7.83040965,-1.6636693500000002,-1.36195265,71.27101135,8.0,0.8897316499999999,0.5789510499999999,1.0,0.8186306963818517,8.0,83.56209820000001,0.0,0.0,21.460766525,0.0,1.3123562768713624e-15,8.304262092877128,6.0
False,violate,95.699055,computers_electronics_expensive,Human,True,False,True,False,False,computers_electronics_expensive^violate^valid,6.499090799999999,6.1807467,0.06349206349206349,0.009478885893980233,-4.712784,-6.45309085,1.66360835,1.3676843500000002,71.08527465,8.0,0.0,0.0,0.08333333333333333,4.178553354930129,6.0,61.9953835,6.0,21.3465476,0.0,6.0,7.695594544743838,0.0,2.5
True,violate,43.164017,flowers_animals_reptiles,Human,False,False,True,False,False,flowers_animals_reptiles^violate^invalid,6.511972500000001,6.299694649999999,0.020638297872340425,0.0030771852749583396,-6.099171,-7.8213919999999995,-1.5850982499999997,-1.4380342499999998,68.83154575,8.0,0.8858627500000003,0.7332459000000002,1.0,0.9176825938046316,8.0,81.4447405,0.0,0.0,21.956226824999998,0.0,1.5408950250308162e-15,8.545072663703762,2.0
False,consistent,44.564212,librarians_happy_healthy,Human,False,True,True,True,False,librarians_happy_healthy^consistent^invalid,6.4564919,6.2082235,0.01316017316017316,0.002439154981527863,-6.56037875,-8.156236,-2.18236525,-1.6797223500000005,68.5649792,8.0,0.9607439,0.9607439,1.0,0.7880140342786139,8.0,87.18519895,0.0,0.0,26.80061415,0.0,2.047661216425686e-15,10.450981391754892,2.0
True,nonsense,53.963326,nonsense_wib_mact_boct,Human,False,False,False,False,True,nonsense_wib_mact_boct^nonsense^invalid,6.7181871,6.50725035,0.012854317732366513,0.0034074022476084332,-6.58981875,-7.626304,-2.0821762500000003,-1.2739905000000005,69.592611,8.0,0.8984832999999997,0.8984832999999997,1.0,0.9861605223445286,8.0,81.69883364999998,0.0,0.0,22.97314103,0.0,1.9875140984414277e-15,7.882983858642366,7.0
True,consistent,20.032074,guns_weapons_dangerous,Human,False,False,True,True,False,guns_weapons_dangerous^consistent^invalid,6.44597555,6.24617695,0.011000967117988394,0.002950776863820342,-6.76522825,-7.8805242,-1.8586807499999995,-1.4993720499999998,70.98612015,8.0,0.7220952499999997,0.6257914500000004,1.0,0.6282946795828372,8.0,85.89878935,0.0,0.0,23.510562384999997,0.0,1.4351441988087624e-15,6.165712876289506,6.0
False,consistent,58.798806,vehicles_mobile_buildings,Human,False,True,True,True,False,vehicles_mobile_buildings^consistent^invalid,6.4189703,6.20475225,0.017908538535337384,0.003565073716319268,-6.2863693000000005,-7.65832855,-1.6578865,-1.3874936499999997,68.73863765,8.0,0.9254654999999996,0.7147571500000001,1.0,0.923093373579289,8.0,81.53225795000002,0.0,0.0,21.98636992,0.0,1.5822442479216904e-15,8.810153623685938,6.0
False,consistent,24.625673,politicians_dishonest_lie,Human,False,True,True,True,False,politicians_dishonest_lie^consistent^invalid,6.3229398,6.1018700500000005,0.011696306429548563,0.00206825453861027,-6.6775573,-8.384043,-2.07348635,-1.8434265,68.77078785,8.0,1.1970911499999999,1.1970911499999999,1.0,0.5955017881109077,8.0,88.85676230000001,0.0,0.0,27.509388350000002,0.0,2.2214782544241507e-15,11.435251791454718,7.0
True,nonsense,45.198928,nonsense_gick_criff_riff,Human,False,False,False,False,True,nonsense_gick_criff_riff^nonsense^invalid,6.77416575,6.4033365,0.017812105926860028,0.003012485481997677,-6.27927495,-7.7930495,-1.8999519500000002,-1.33152955,70.26042064999999,8.0,0.8046874499999999,0.8046874499999999,1.0,0.9588243667035962,8.0,81.99559675,0.0,0.0,22.18412904,0.0,1.922026081878513e-15,7.025303752227982,7.0
False,consistent,23.465127,famous_wealthy_old,Human,False,True,True,True,False,famous_wealthy_old^consistent^invalid,6.473446900000001,6.2160115000000005,0.01562881562881563,0.00298510122611919,-6.4437375,-7.8515338,-1.9944038500000003,-1.44907085,69.37370354999999,8.0,0.6838503999999996,0.6838503999999996,1.0,0.8548965642034398,8.0,84.42239824999999,0.0,0.0,23.9086578,0.0,1.6094747389887971e-15,11.206323681628763,6.0
True,violate,44.66561,dragons_mythical_exist,Human,True,True,True,False,False,dragons_mythical_exist^violate^valid,6.437692200000001,6.284136999999999,0.07142857142857142,0.01098901098901099,-4.596205749999999,-6.3053995,1.7706680000000001,1.5878954999999997,68.67259949999999,8.0,0.0,0.0,0.08333333333333333,4.23807888995999,6.0,59.574550814999995,6.0,23.727392935,0.0,5.5,8.533601808825644,0.0,5.0
True,violate,44.964447,plants_trees_tall,Human,True,True,True,False,False,plants_trees_tall^violate^valid,6.41446225,6.3243370500000005,0.06904761904761905,0.01020408163265306,-4.620176,-6.3951475,1.9277535000000001,1.4312967000000003,69.09361634999999,8.0,0.0,0.0,0.08333333333333333,4.1778215066580255,6.0,60.519029365,6.0,23.485346435,0.0,6.5,4.516120123163684,0.0,0.0
False,consistent,11.265139,plants_trees_tall,Human,False,True,True,True,False,plants_trees_tall^consistent^invalid,6.37055165,6.307549,0.013701201201201201,0.0028492109877264757,-6.5659262,-7.89940915,-2.0465962000000006,-1.4699927499999998,68.83695255,8.0,0.8364621999999993,0.8364621999999993,1.0,0.8346398142093729,8.0,84.90519495000001,0.0,0.0,24.503319525000002,0.0,2.064981990778946e-15,5.4816459648693785,7.0
True,violate,12.728522,plants_trees_tall,Human,False,False,True,False,False,plants_trees_tall^violate^invalid,6.38619115,6.28409735,0.01391304347826087,0.0028250616485910604,-6.5820267,-7.904741700000001,-1.94494635,-1.4837399500000004,68.6596727,8.0,0.8188750499999999,0.8188750499999999,1.0,0.8301860391296563,8.0,84.3862721,0.0,0.0,23.987561715,0.0,1.9225480256938434e-15,5.124418675638259,7.0
True,violate,24.794705,food_vegetables_healthy,Human,False,False,True,False,False,food_vegetables_healthy^violate^invalid,6.42677595,6.31220815,0.01562881562881563,0.002949955185046599,-6.4373935,-7.8457002,-1.8429373500000001,-1.5693540000000001,69.29372484999999,8.0,0.8066157500000002,0.7714321000000002,1.0,0.8284038808706596,8.0,84.6058833,0.0,0.0,24.320579359999996,0.0,1.5359023006172268e-15,7.146503379295183,4.0
False,nonsense,25.761448,nonsense_phrite_ing_pand,Human,True,False,False,False,True,nonsense_phrite_ing_pand^nonsense^valid,6.78927335,6.4204802999999995,0.08012820512820512,0.012196935891715008,-4.490728649999999,-6.2951688,1.7119826000000002,1.4278045500000003,70.91099205,8.0,0.0,0.0,0.08333333333333333,4.242352061088863,6.0,58.710175875000004,6.0,22.165997075,0.0,5.5,9.70258907505362,0.0,5.0
False,violate,36.165275,gems_diamonds_transparent,Human,True,False,True,False,False,gems_diamonds_transparent^violate^valid,6.5703869,6.25740665,0.06904761904761905,0.010937126464260101,-4.647243,-6.326832,1.7948913499999999,1.39534725,71.34004354999999,8.0,0.0,0.0,0.08333333333333333,4.179927768234793,6.0,60.904833815,6.0,21.577068085,0.0,7.5,4.560481198507944,0.0,0.0
True,nonsense,28.357887,nonsense_shiff_yot_plusk,Human,True,True,False,False,True,nonsense_shiff_yot_plusk^nonsense^valid,6.6630405,6.4421315,0.08333333333333333,0.012010932105868816,-4.481248750000001,-6.32354165,1.74328225,1.2753396499999998,70.6576311,8.0,0.0,0.0,0.08333333333333333,4.231048708694868,6.0,59.016534065,6.0,21.190878835,0.0,6.5,9.594795138239126,0.0,3.0
False,violate,19.661305,food_vegetables_healthy,Human,True,False,True,False,False,food_vegetables_healthy^violate^valid,6.450257000000001,6.31065585,0.06904761904761905,0.011173533083645444,-4.5539477,-6.2796415,1.8238982999999998,1.5661775000000002,69.1644208,8.0,0.0,0.0,0.08333333333333333,4.1972102532224955,6.0,60.09550511,6.0,24.33377359,0.0,6.0,7.9250296811573815,0.0,5.0
True,consistent,20.428825,plants_trees_tall,Human,True,True,True,True,False,plants_trees_tall^consistent^valid,6.3638295,6.29027825,0.06904761904761905,0.010256679991584262,-4.5747202,-6.3909284,1.9859008500000002,1.4812050999999995,68.79473994999998,8.0,0.0,0.0,0.08333333333333333,4.187579992135603,6.0,60.33379889999999,6.0,23.9252337,0.0,6.0,3.8534819760787986,0.0,0.0
True,violate,19.327943,politicians_dishonest_lie,Human,True,True,True,False,False,politicians_dishonest_lie^violate^valid,6.37751675,6.0904122,0.06458333333333333,0.010152545866831581,-4.70822285,-6.3983282,1.8975946499999998,1.7866397999999997,69.3182278,8.0,0.0,0.0,0.08333333333333333,4.206316121655433,6.0,61.19675243500001,6.0,26.129471715,0.0,6.0,9.497890598380698,0.0,5.0
True,violate,40.861234,gems_diamonds_transparent,Human,True,True,True,False,False,gems_diamonds_transparent^violate^valid,6.5703869,6.25740665,0.06904761904761905,0.010937126464260101,-4.647243,-6.326832,1.7948913499999999,1.39534725,71.34004354999999,8.0,0.0,0.0,0.08333333333333333,4.179927768234793,6.0,60.904833815,6.0,21.577068085,0.0,7.5,4.560481198507944,0.0,0.0
True,nonsense,26.611689,nonsense_yob_broft_jank,Human,False,False,False,False,True,nonsense_yob_broft_jank^nonsense^invalid,6.6635852,6.4798689,0.013471971066907775,0.0030442035029190993,-6.533887249999999,-7.77559855,-1.91571405,-1.3833560499999997,69.70865125,8.0,0.9533198,0.9533198,1.0,0.8824762959444219,8.0,82.63656085,0.0,0.0,23.075579405,0.0,2.22866298543637e-15,7.863924716570952,7.0
True,nonsense,19.131601,nonsense_fleff_drap_ved,Human,False,False,False,False,True,nonsense_fleff_drap_ved^nonsense^invalid,6.7356882,6.4797887,0.017857142857142856,0.0033333333333333335,-6.2327225,-7.6453165,-1.7768858500000002,-1.2957879499999998,69.57095895,8.0,0.8390180499999997,0.8390180499999997,1.0,1.1067655183148273,8.0,80.09782385,0.0,0.0,21.5798461,0.0,1.5592593902284698e-15,10.58589834287269,6.0
True,nonsense,36.216724,nonsense_shiff_yot_plusk,Human,True,True,False,False,True,nonsense_shiff_yot_plusk^nonsense^valid,6.6630405,6.4421315,0.08333333333333333,0.012010932105868816,-4.481248750000001,-6.32354165,1.74328225,1.2753396499999998,70.6576311,8.0,0.0,0.0,0.08333333333333333,4.231048708694868,6.0,59.016534065,6.0,21.190878835,0.0,6.5,9.594795138239126,0.0,3.0
True,nonsense,78.330687,nonsense_yob_broft_jank,Human,False,False,False,False,True,nonsense_yob_broft_jank^nonsense^invalid,6.6635852,6.4798689,0.013471971066907775,0.0030442035029190993,-6.533887249999999,-7.77559855,-1.91571405,-1.3833560499999997,69.70865125,8.0,0.9533198,0.9533198,1.0,0.8824762959444219,8.0,82.63656085,0.0,0.0,23.075579405,0.0,2.22866298543637e-15,7.863924716570952,7.0
False,consistent,26.630369,whales_mammals_big,Human,False,True,True,True,False,whales_mammals_big^consistent^invalid,6.4138649999999995,6.205387,0.012092074592074592,0.002534956047910348,-6.6604588,-8.118708999999999,-2.0293045999999997,-1.6541473499999997,69.31705635,8.0,0.7021076000000004,0.7021076000000004,1.0,0.8047112558220828,8.0,85.92203119999999,0.0,0.0,24.62764928,0.0,2.1359789411439334e-15,3.9098734478620076,2.0
True,nonsense,41.949668,nonsense_splack_zoct_spuff,Human,True,True,False,False,True,nonsense_splack_zoct_spuff^nonsense^valid,6.798394500000001,6.48183,0.07738095238095238,0.011302681992337166,-4.64443215,-6.38529585,1.4817885999999998,1.1615467499999999,71.57289355,8.0,0.0,0.0,0.08333333333333333,4.214073526019624,6.0,59.606987069999995,6.0,20.192095780000002,0.0,7.0,8.459803267138946,0.0,5.0
True,consistent,57.180214,politicians_dishonest_lie,Human,True,True,True,True,False,politicians_dishonest_lie^consistent^valid,6.3120315,6.0834765,0.06458333333333333,0.0093466107617051,-4.67085505,-6.5278238,2.0405082999999995,1.8744522000000003,69.03888470000001,8.0,0.0,0.0,0.08333333333333333,4.198116937002846,6.0,61.596740825,6.0,27.449436724999998,0.0,5.0,11.176908426675492,0.0,5.0
True,consistent,18.749829,famous_wealthy_old,Human,True,True,True,True,False,famous_wealthy_old^consistent^valid,6.4807837,6.20356825,0.08012820512820512,0.010258838383838384,-4.5493381,-6.3625355,1.9323806999999995,1.4796445,69.63362185,8.0,0.0,0.0,0.08333333333333333,4.237488658914296,6.0,60.63729776,6.0,23.660072139999997,0.0,6.0,10.529317589592818,0.0,5.0
True,nonsense,41.665306,nonsense_paft_usp_cesk,Human,True,True,False,False,True,nonsense_paft_usp_cesk^nonsense^valid,6.60848765,6.43326115,0.08116883116883117,0.010205144225762783,-4.415316750000001,-6.40260265,1.9637490499999997,1.4512771999999998,69.9446505,8.0,0.0,0.0,0.08333333333333333,4.230910783702164,6.0,59.68671201,6.0,23.09536234,0.0,6.0,10.336150785700415,0.0,5.0
False,nonsense,36.064586,nonsense_fleff_drap_ved,Human,False,True,False,False,True,nonsense_fleff_drap_ved^nonsense^invalid,6.7356882,6.4797887,0.017857142857142856,0.0033333333333333335,-6.2327225,-7.6453165,-1.7768858500000002,-1.2957879499999998,69.57095895,8.0,0.8390180499999997,0.8390180499999997,1.0,1.1067655183148273,8.0,80.09782385,0.0,0.0,21.5798461,0.0,1.5592593902284698e-15,10.58589834287269,6.0
False,consistent,20.818091,whales_mammals_big,Human,False,True,True,True,False,whales_mammals_big^consistent^invalid,6.4138649999999995,6.205387,0.012092074592074592,0.002534956047910348,-6.6604588,-8.118708999999999,-2.0293045999999997,-1.6541473499999997,69.31705635,8.0,0.7021076000000004,0.7021076000000004,1.0,0.8047112558220828,8.0,85.92203119999999,0.0,0.0,24.62764928,0.0,2.1359789411439334e-15,3.9098734478620076,2.0
True,nonsense,30.428253,nonsense_frupt_liff_blop,Human,False,False,False,False,True,nonsense_frupt_liff_blop^nonsense^invalid,6.74828385,6.4571632,0.017862838915470493,0.0035407214298247814,-6.2424765,-7.58557185,-1.7545624000000002,-1.3214226500000001,69.2317771,8.0,1.0239715499999997,1.0239715499999997,1.0,0.9560013305357768,8.0,80.85806435,0.0,0.0,22.397972575000004,0.0,1.736572637562976e-15,10.776071835437,7.0
False,nonsense,62.537797,nonsense_wib_mact_boct,Human,False,True,False,False,True,nonsense_wib_mact_boct^nonsense^invalid,6.7181871,6.50725035,0.012854317732366513,0.0034074022476084332,-6.58981875,-7.626304,-2.0821762500000003,-1.2739905000000005,69.592611,8.0,0.8984832999999997,0.8984832999999997,1.0,0.9861605223445286,8.0,81.69883364999998,0.0,0.0,22.97314103,0.0,1.9875140984414277e-15,7.882983858642366,7.0
False,violate,26.413831,politicians_dishonest_lie,Human,False,True,True,False,False,politicians_dishonest_lie^violate^invalid,6.3572717999999995,6.07325625,0.01213235294117647,0.0023531496215581727,-6.6294195,-8.225951,-1.9027594999999997,-1.7710465000000002,68.97482635,8.0,1.1254167000000002,1.1254167000000002,1.0,0.6957708960408402,8.0,87.61670255,0.0,0.0,26.26120085,0.0,1.9264725182605486e-15,9.821916370522572,6.5
True,nonsense,28.232097,nonsense_sneb_jing_omp,Human,True,True,False,False,True,nonsense_sneb_jing_omp^nonsense^valid,6.65619085,6.495821749999999,0.1,0.012739370334307044,-4.4031727,-6.28572395,1.7148209500000005,1.2285571999999996,69.11306905000001,8.0,0.0,0.0,0.08333333333333333,4.278485842278608,6.0,58.513248895,6.0,21.298895254999998,0.0,6.0,12.427159115811023,0.0,3.0
False,consistent,37.342038,politicians_dishonest_lie,Human,False,True,True,True,False,politicians_dishonest_lie^consistent^invalid,6.3229398,6.1018700500000005,0.011696306429548563,0.00206825453861027,-6.6775573,-8.384043,-2.07348635,-1.8434265,68.77078785,8.0,1.1970911499999999,1.1970911499999999,1.0,0.5955017881109077,8.0,88.85676230000001,0.0,0.0,27.509388350000002,0.0,2.2214782544241507e-15,11.435251791454718,7.0
False,consistent,24.409613,politicians_dishonest_lie,Human,False,True,True,True,False,politicians_dishonest_lie^consistent^invalid,6.3229398,6.1018700500000005,0.011696306429548563,0.00206825453861027,-6.6775573,-8.384043,-2.07348635,-1.8434265,68.77078785,8.0,1.1970911499999999,1.1970911499999999,1.0,0.5955017881109077,8.0,88.85676230000001,0.0,0.0,27.509388350000002,0.0,2.2214782544241507e-15,11.435251791454718,7.0
False,consistent,32.640732,vehicles_mobile_buildings,Human,False,True,True,True,False,vehicles_mobile_buildings^consistent^invalid,6.4189703,6.20475225,0.017908538535337384,0.003565073716319268,-6.2863693000000005,-7.65832855,-1.6578865,-1.3874936499999997,68.73863765,8.0,0.9254654999999996,0.7147571500000001,1.0,0.923093373579289,8.0,81.53225795000002,0.0,0.0,21.98636992,0.0,1.5822442479216904e-15,8.810153623685938,6.0
True,consistent,17.495588,whales_mammals_big,Human,True,True,True,True,False,whales_mammals_big^consistent^valid,6.41403665,6.2108725,0.06696428571428571,0.00975632971635256,-4.6359095,-6.4396763,2.0391463,1.6546882000000003,69.3921962,8.0,0.0,0.0,0.08333333333333333,4.173582388585834,6.0,61.237626000000006,6.0,24.621449549999994,0.0,6.0,3.5560485472706302,0.0,0.0
True,nonsense,47.698632,nonsense_fleff_drap_ved,Human,False,False,False,False,True,nonsense_fleff_drap_ved^nonsense^invalid,6.7356882,6.4797887,0.017857142857142856,0.0033333333333333335,-6.2327225,-7.6453165,-1.7768858500000002,-1.2957879499999998,69.57095895,8.0,0.8390180499999997,0.8390180499999997,1.0,1.1067655183148273,8.0,80.09782385,0.0,0.0,21.5798461,0.0,1.5592593902284698e-15,10.58589834287269,6.0
False,nonsense,43.199921,nonsense_sclace_dact_yink,Human,True,False,False,False,True,nonsense_sclace_dact_yink^nonsense^valid,6.6996305,6.49316,0.07142857142857142,0.013333333333333334,-4.62263075,-6.26985025,1.8822250500000002,1.32559375,69.4958898,8.0,0.0,0.0,0.08333333333333333,4.251478841343673,6.0,58.55405652,6.0,22.610766429999998,0.0,6.0,8.330163944391682,0.0,5.0
False,consistent,27.763692,politicians_dishonest_lie,Human,False,True,True,True,False,politicians_dishonest_lie^consistent^invalid,6.3229398,6.1018700500000005,0.011696306429548563,0.00206825453861027,-6.6775573,-8.384043,-2.07348635,-1.8434265,68.77078785,8.0,1.1970911499999999,1.1970911499999999,1.0,0.5955017881109077,8.0,88.85676230000001,0.0,0.0,27.509388350000002,0.0,2.2214782544241507e-15,11.435251791454718,7.0
False,nonsense,19.197089,nonsense_yob_broft_jank,Human,False,True,False,False,True,nonsense_yob_broft_jank^nonsense^invalid,6.6635852,6.4798689,0.013471971066907775,0.0030442035029190993,-6.533887249999999,-7.77559855,-1.91571405,-1.3833560499999997,69.70865125,8.0,0.9533198,0.9533198,1.0,0.8824762959444219,8.0,82.63656085,0.0,0.0,23.075579405,0.0,2.22866298543637e-15,7.863924716570952,7.0
True,consistent,14.70065,guns_weapons_dangerous,Human,True,True,True,True,False,guns_weapons_dangerous^consistent^valid,6.4460763,6.23771665,0.05555555555555555,0.010365198711063372,-4.8854012,-6.3792031,1.8348008,1.4967684499999998,70.87122375000001,8.0,0.0,0.0,0.08333333333333333,4.178935275009273,6.0,62.253303349999996,6.0,23.474716800000003,0.0,6.0,6.423485446299349,0.0,2.5
False,consistent,38.528236,politicians_dishonest_lie,Human,False,True,True,True,False,politicians_dishonest_lie^consistent^invalid,6.3229398,6.1018700500000005,0.011696306429548563,0.00206825453861027,-6.6775573,-8.384043,-2.07348635,-1.8434265,68.77078785,8.0,1.1970911499999999,1.1970911499999999,1.0,0.5955017881109077,8.0,88.85676230000001,0.0,0.0,27.509388350000002,0.0,2.2214782544241507e-15,11.435251791454718,7.0
False,consistent,34.643669,politicians_dishonest_lie,Human,False,True,True,True,False,politicians_dishonest_lie^consistent^invalid,6.3229398,6.1018700500000005,0.011696306429548563,0.00206825453861027,-6.6775573,-8.384043,-2.07348635,-1.8434265,68.77078785,8.0,1.1970911499999999,1.1970911499999999,1.0,0.5955017881109077,8.0,88.85676230000001,0.0,0.0,27.509388350000002,0.0,2.2214782544241507e-15,11.435251791454718,7.0
False,nonsense,51.031788,nonsense_gick_criff_riff,Human,False,True,False,False,True,nonsense_gick_criff_riff^nonsense^invalid,6.77416575,6.4033365,0.017812105926860028,0.003012485481997677,-6.27927495,-7.7930495,-1.8999519500000002,-1.33152955,70.26042064999999,8.0,0.8046874499999999,0.8046874499999999,1.0,0.9588243667035962,8.0,81.99559675,0.0,0.0,22.18412904,0.0,1.922026081878513e-15,7.025303752227982,7.0
False,violate,10.663227,plants_trees_tall,Human,True,False,True,False,False,plants_trees_tall^violate^valid,6.41446225,6.3243370500000005,0.06904761904761905,0.01020408163265306,-4.620176,-6.3951475,1.9277535000000001,1.4312967000000003,69.09361634999999,8.0,0.0,0.0,0.08333333333333333,4.1778215066580255,6.0,60.519029365,6.0,23.485346435,0.0,6.5,4.516120123163684,0.0,0.0
True,violate,23.931767,dragons_mythical_exist,Human,True,True,True,False,False,dragons_mythical_exist^violate^valid,6.437692200000001,6.284136999999999,0.07142857142857142,0.01098901098901099,-4.596205749999999,-6.3053995,1.7706680000000001,1.5878954999999997,68.67259949999999,8.0,0.0,0.0,0.08333333333333333,4.23807888995999,6.0,59.574550814999995,6.0,23.727392935,0.0,5.5,8.533601808825644,0.0,5.0
False,nonsense,26.331689,nonsense_sclace_dact_yink,Human,True,False,False,False,True,nonsense_sclace_dact_yink^nonsense^valid,6.6996305,6.49316,0.07142857142857142,0.013333333333333334,-4.62263075,-6.26985025,1.8822250500000002,1.32559375,69.4958898,8.0,0.0,0.0,0.08333333333333333,4.251478841343673,6.0,58.55405652,6.0,22.610766429999998,0.0,6.0,8.330163944391682,0.0,5.0
False,consistent,27.964406,famous_wealthy_old,Human,False,True,True,True,False,famous_wealthy_old^consistent^invalid,6.473446900000001,6.2160115000000005,0.01562881562881563,0.00298510122611919,-6.4437375,-7.8515338,-1.9944038500000003,-1.44907085,69.37370354999999,8.0,0.6838503999999996,0.6838503999999996,1.0,0.8548965642034398,8.0,84.42239824999999,0.0,0.0,23.9086578,0.0,1.6094747389887971e-15,11.206323681628763,6.0
False,consistent,13.03149,politicians_dishonest_lie,Human,False,True,True,True,False,politicians_dishonest_lie^consistent^invalid,6.3229398,6.1018700500000005,0.011696306429548563,0.00206825453861027,-6.6775573,-8.384043,-2.07348635,-1.8434265,68.77078785,8.0,1.1970911499999999,1.1970911499999999,1.0,0.5955017881109077,8.0,88.85676230000001,0.0,0.0,27.509388350000002,0.0,2.2214782544241507e-15,11.435251791454718,7.0
False,violate,24.762492,food_vegetables_healthy,Human,False,True,True,False,False,food_vegetables_healthy^violate^invalid,6.42677595,6.31220815,0.01562881562881563,0.002949955185046599,-6.4373935,-7.8457002,-1.8429373500000001,-1.5693540000000001,69.29372484999999,8.0,0.8066157500000002,0.7714321000000002,1.0,0.8284038808706596,8.0,84.6058833,0.0,0.0,24.320579359999996,0.0,1.5359023006172268e-15,7.146503379295183,4.0
True,nonsense,19.630491,nonsense_splack_zoct_spuff,Human,True,True,False,False,True,nonsense_splack_zoct_spuff^nonsense^valid,6.798394500000001,6.48183,0.07738095238095238,0.011302681992337166,-4.64443215,-6.38529585,1.4817885999999998,1.1615467499999999,71.57289355,8.0,0.0,0.0,0.08333333333333333,4.214073526019624,6.0,59.606987069999995,6.0,20.192095780000002,0.0,7.0,8.459803267138946,0.0,5.0
False,nonsense,26.129149,nonsense_phrite_ing_pand,Human,True,False,False,False,True,nonsense_phrite_ing_pand^nonsense^valid,6.78927335,6.4204802999999995,0.08012820512820512,0.012196935891715008,-4.490728649999999,-6.2951688,1.7119826000000002,1.4278045500000003,70.91099205,8.0,0.0,0.0,0.08333333333333333,4.242352061088863,6.0,58.710175875000004,6.0,22.165997075,0.0,5.5,9.70258907505362,0.0,5.0
False,violate,24.931481,politicians_dishonest_lie,Human,False,True,True,False,False,politicians_dishonest_lie^violate^invalid,6.3572717999999995,6.07325625,0.01213235294117647,0.0023531496215581727,-6.6294195,-8.225951,-1.9027594999999997,-1.7710465000000002,68.97482635,8.0,1.1254167000000002,1.1254167000000002,1.0,0.6957708960408402,8.0,87.61670255,0.0,0.0,26.26120085,0.0,1.9264725182605486e-15,9.821916370522572,6.5
True,nonsense,16.93155,nonsense_fleff_drap_ved,Human,False,False,False,False,True,nonsense_fleff_drap_ved^nonsense^invalid,6.7356882,6.4797887,0.017857142857142856,0.0033333333333333335,-6.2327225,-7.6453165,-1.7768858500000002,-1.2957879499999998,69.57095895,8.0,0.8390180499999997,0.8390180499999997,1.0,1.1067655183148273,8.0,80.09782385,0.0,0.0,21.5798461,0.0,1.5592593902284698e-15,10.58589834287269,6.0
True,consistent,22.164836,politicians_dishonest_lie,Human,True,True,True,True,False,politicians_dishonest_lie^consistent^valid,6.3120315,6.0834765,0.06458333333333333,0.0093466107617051,-4.67085505,-6.5278238,2.0405082999999995,1.8744522000000003,69.03888470000001,8.0,0.0,0.0,0.08333333333333333,4.198116937002846,6.0,61.596740825,6.0,27.449436724999998,0.0,5.0,11.176908426675492,0.0,5.0
True,nonsense,46.330322,nonsense_sland_spluff_gusp,Human,True,True,False,False,True,nonsense_sland_spluff_gusp^nonsense^valid,6.78348535,6.5060627,0.06904761904761905,0.013793759512937594,-4.6236165,-6.2190232,1.9084089999999998,1.3639651500000007,70.42413735,8.0,0.0,0.0,0.08333333333333333,4.24959004751361,6.0,58.76168097,6.0,22.458991830000002,0.0,6.5,10.690146971084143,0.0,5.0
True,consistent,19.229543,politicians_dishonest_lie,Human,False,False,True,True,False,politicians_dishonest_lie^consistent^invalid,6.3229398,6.1018700500000005,0.011696306429548563,0.00206825453861027,-6.6775573,-8.384043,-2.07348635,-1.8434265,68.77078785,8.0,1.1970911499999999,1.1970911499999999,1.0,0.5955017881109077,8.0,88.85676230000001,0.0,0.0,27.509388350000002,0.0,2.2214782544241507e-15,11.435251791454718,7.0
True,nonsense,83.704001,nonsense_shiff_yot_plusk,Human,True,True,False,False,True,nonsense_shiff_yot_plusk^nonsense^valid,6.6630405,6.4421315,0.08333333333333333,0.012010932105868816,-4.481248750000001,-6.32354165,1.74328225,1.2753396499999998,70.6576311,8.0,0.0,0.0,0.08333333333333333,4.231048708694868,6.0,59.016534065,6.0,21.190878835,0.0,6.5,9.594795138239126,0.0,3.0
False,consistent,37.43065,politicians_dishonest_lie,Human,False,True,True,True,False,politicians_dishonest_lie^consistent^invalid,6.3229398,6.1018700500000005,0.011696306429548563,0.00206825453861027,-6.6775573,-8.384043,-2.07348635,-1.8434265,68.77078785,8.0,1.1970911499999999,1.1970911499999999,1.0,0.5955017881109077,8.0,88.85676230000001,0.0,0.0,27.509388350000002,0.0,2.2214782544241507e-15,11.435251791454718,7.0
True,violate,60.196211,politicians_dishonest_lie,Human,True,True,True,False,False,politicians_dishonest_lie^violate^valid,6.37751675,6.0904122,0.06458333333333333,0.010152545866831581,-4.70822285,-6.3983282,1.8975946499999998,1.7866397999999997,69.3182278,8.0,0.0,0.0,0.08333333333333333,4.206316121655433,6.0,61.19675243500001,6.0,26.129471715,0.0,6.0,9.497890598380698,0.0,5.0
True,consistent,20.629792,guns_weapons_dangerous,Human,True,True,True,True,False,guns_weapons_dangerous^consistent^valid,6.4460763,6.23771665,0.05555555555555555,0.010365198711063372,-4.8854012,-6.3792031,1.8348008,1.4967684499999998,70.87122375000001,8.0,0.0,0.0,0.08333333333333333,4.178935275009273,6.0,62.253303349999996,6.0,23.474716800000003,0.0,6.0,6.423485446299349,0.0,2.5
True,nonsense,25.465628,nonsense_paft_usp_cesk,Human,True,True,False,False,True,nonsense_paft_usp_cesk^nonsense^valid,6.60848765,6.43326115,0.08116883116883117,0.010205144225762783,-4.415316750000001,-6.40260265,1.9637490499999997,1.4512771999999998,69.9446505,8.0,0.0,0.0,0.08333333333333333,4.230910783702164,6.0,59.68671201,6.0,23.09536234,0.0,6.0,10.336150785700415,0.0,5.0
True,nonsense,140.098684,nonsense_fleff_drap_ved,Human,False,False,False,False,True,nonsense_fleff_drap_ved^nonsense^invalid,6.7356882,6.4797887,0.017857142857142856,0.0033333333333333335,-6.2327225,-7.6453165,-1.7768858500000002,-1.2957879499999998,69.57095895,8.0,0.8390180499999997,0.8390180499999997,1.0,1.1067655183148273,8.0,80.09782385,0.0,0.0,21.5798461,0.0,1.5592593902284698e-15,10.58589834287269,6.0
False,consistent,17.998356,plants_trees_tall,Human,False,True,True,True,False,plants_trees_tall^consistent^invalid,6.37055165,6.307549,0.013701201201201201,0.0028492109877264757,-6.5659262,-7.89940915,-2.0465962000000006,-1.4699927499999998,68.83695255,8.0,0.8364621999999993,0.8364621999999993,1.0,0.8346398142093729,8.0,84.90519495000001,0.0,0.0,24.503319525000002,0.0,2.064981990778946e-15,5.4816459648693785,7.0
True,violate,27.895713,gems_diamonds_transparent,Human,True,True,True,False,False,gems_diamonds_transparent^violate^valid,6.5703869,6.25740665,0.06904761904761905,0.010937126464260101,-4.647243,-6.326832,1.7948913499999999,1.39534725,71.34004354999999,8.0,0.0,0.0,0.08333333333333333,4.179927768234793,6.0,60.904833815,6.0,21.577068085,0.0,7.5,4.560481198507944,0.0,0.0
True,consistent,101.59616,vehicles_mobile_buildings,Human,False,False,True,True,False,vehicles_mobile_buildings^consistent^invalid,6.4189703,6.20475225,0.017908538535337384,0.003565073716319268,-6.2863693000000005,-7.65832855,-1.6578865,-1.3874936499999997,68.73863765,8.0,0.9254654999999996,0.7147571500000001,1.0,0.923093373579289,8.0,81.53225795000002,0.0,0.0,21.98636992,0.0,1.5822442479216904e-15,8.810153623685938,6.0
True,nonsense,14.461982,nonsense_wib_mact_boct,Human,False,False,False,False,True,nonsense_wib_mact_boct^nonsense^invalid,6.7181871,6.50725035,0.012854317732366513,0.0034074022476084332,-6.58981875,-7.626304,-2.0821762500000003,-1.2739905000000005,69.592611,8.0,0.8984832999999997,0.8984832999999997,1.0,0.9861605223445286,8.0,81.69883364999998,0.0,0.0,22.97314103,0.0,1.9875140984414277e-15,7.882983858642366,7.0
True,consistent,132.69725,whales_mammals_big,Human,False,False,True,True,False,whales_mammals_big^consistent^invalid,6.4138649999999995,6.205387,0.012092074592074592,0.002534956047910348,-6.6604588,-8.118708999999999,-2.0293045999999997,-1.6541473499999997,69.31705635,8.0,0.7021076000000004,0.7021076000000004,1.0,0.8047112558220828,8.0,85.92203119999999,0.0,0.0,24.62764928,0.0,2.1359789411439334e-15,3.9098734478620076,2.0
True,nonsense,29.763603,nonsense_fleff_drap_ved,Human,False,False,False,False,True,nonsense_fleff_drap_ved^nonsense^invalid,6.7356882,6.4797887,0.017857142857142856,0.0033333333333333335,-6.2327225,-7.6453165,-1.7768858500000002,-1.2957879499999998,69.57095895,8.0,0.8390180499999997,0.8390180499999997,1.0,1.1067655183148273,8.0,80.09782385,0.0,0.0,21.5798461,0.0,1.5592593902284698e-15,10.58589834287269,6.0
True,consistent,15.862148,plants_trees_tall,Human,True,True,True,True,False,plants_trees_tall^consistent^valid,6.3638295,6.29027825,0.06904761904761905,0.010256679991584262,-4.5747202,-6.3909284,1.9859008500000002,1.4812050999999995,68.79473994999998,8.0,0.0,0.0,0.08333333333333333,4.187579992135603,6.0,60.33379889999999,6.0,23.9252337,0.0,6.0,3.8534819760787986,0.0,0.0
True,nonsense,19.365075,nonsense_sneb_jing_omp,Human,True,True,False,False,True,nonsense_sneb_jing_omp^nonsense^valid,6.65619085,6.495821749999999,0.1,0.012739370334307044,-4.4031727,-6.28572395,1.7148209500000005,1.2285571999999996,69.11306905000001,8.0,0.0,0.0,0.08333333333333333,4.278485842278608,6.0,58.513248895,6.0,21.298895254999998,0.0,6.0,12.427159115811023,0.0,3.0
True,violate,11.694285,gems_diamonds_transparent,Human,True,True,True,False,False,gems_diamonds_transparent^violate^valid,6.5703869,6.25740665,0.06904761904761905,0.010937126464260101,-4.647243,-6.326832,1.7948913499999999,1.39534725,71.34004354999999,8.0,0.0,0.0,0.08333333333333333,4.179927768234793,6.0,60.904833815,6.0,21.577068085,0.0,7.5,4.560481198507944,0.0,0.0
False,consistent,17.831497,politicians_dishonest_lie,Human,False,True,True,True,False,politicians_dishonest_lie^consistent^invalid,6.3229398,6.1018700500000005,0.011696306429548563,0.00206825453861027,-6.6775573,-8.384043,-2.07348635,-1.8434265,68.77078785,8.0,1.1970911499999999,1.1970911499999999,1.0,0.5955017881109077,8.0,88.85676230000001,0.0,0.0,27.509388350000002,0.0,2.2214782544241507e-15,11.435251791454718,7.0
True,violate,42.529376,plants_trees_tall,Human,False,False,True,False,False,plants_trees_tall^violate^invalid,6.38619115,6.28409735,0.01391304347826087,0.0028250616485910604,-6.5820267,-7.904741700000001,-1.94494635,-1.4837399500000004,68.6596727,8.0,0.8188750499999999,0.8188750499999999,1.0,0.8301860391296563,8.0,84.3862721,0.0,0.0,23.987561715,0.0,1.9225480256938434e-15,5.124418675638259,7.0
True,nonsense,35.86514,nonsense_shiff_yot_plusk,Human,True,True,False,False,True,nonsense_shiff_yot_plusk^nonsense^valid,6.6630405,6.4421315,0.08333333333333333,0.012010932105868816,-4.481248750000001,-6.32354165,1.74328225,1.2753396499999998,70.6576311,8.0,0.0,0.0,0.08333333333333333,4.231048708694868,6.0,59.016534065,6.0,21.190878835,0.0,6.5,9.594795138239126,0.0,3.0
True,nonsense,19.296233,nonsense_frupt_liff_blop,Human,False,False,False,False,True,nonsense_frupt_liff_blop^nonsense^invalid,6.74828385,6.4571632,0.017862838915470493,0.0035407214298247814,-6.2424765,-7.58557185,-1.7545624000000002,-1.3214226500000001,69.2317771,8.0,1.0239715499999997,1.0239715499999997,1.0,0.9560013305357768,8.0,80.85806435,0.0,0.0,22.397972575000004,0.0,1.736572637562976e-15,10.776071835437,7.0
False,consistent,15.23923,whales_mammals_big,Human,False,True,True,True,False,whales_mammals_big^consistent^invalid,6.4138649999999995,6.205387,0.012092074592074592,0.002534956047910348,-6.6604588,-8.118708999999999,-2.0293045999999997,-1.6541473499999997,69.31705635,8.0,0.7021076000000004,0.7021076000000004,1.0,0.8047112558220828,8.0,85.92203119999999,0.0,0.0,24.62764928,0.0,2.1359789411439334e-15,3.9098734478620076,2.0
True,consistent,46.863033,famous_wealthy_old,Human,True,True,True,True,False,famous_wealthy_old^consistent^valid,6.4807837,6.20356825,0.08012820512820512,0.010258838383838384,-4.5493381,-6.3625355,1.9323806999999995,1.4796445,69.63362185,8.0,0.0,0.0,0.08333333333333333,4.237488658914296,6.0,60.63729776,6.0,23.660072139999997,0.0,6.0,10.529317589592818,0.0,5.0
False,nonsense,19.731131,nonsense_yob_broft_jank,Human,False,True,False,False,True,nonsense_yob_broft_jank^nonsense^invalid,6.6635852,6.4798689,0.013471971066907775,0.0030442035029190993,-6.533887249999999,-7.77559855,-1.91571405,-1.3833560499999997,69.70865125,8.0,0.9533198,0.9533198,1.0,0.8824762959444219,8.0,82.63656085,0.0,0.0,23.075579405,0.0,2.22866298543637e-15,7.863924716570952,7.0
False,violate,18.128994,food_vegetables_healthy,Human,True,False,True,False,False,food_vegetables_healthy^violate^valid,6.450257000000001,6.31065585,0.06904761904761905,0.011173533083645444,-4.5539477,-6.2796415,1.8238982999999998,1.5661775000000002,69.1644208,8.0,0.0,0.0,0.08333333333333333,4.1972102532224955,6.0,60.09550511,6.0,24.33377359,0.0,6.0,7.9250296811573815,0.0,5.0
False,violate,25.364847,food_vegetables_healthy,Human,False,True,True,False,False,food_vegetables_healthy^violate^invalid,6.42677595,6.31220815,0.01562881562881563,0.002949955185046599,-6.4373935,-7.8457002,-1.8429373500000001,-1.5693540000000001,69.29372484999999,8.0,0.8066157500000002,0.7714321000000002,1.0,0.8284038808706596,8.0,84.6058833,0.0,0.0,24.320579359999996,0.0,1.5359023006172268e-15,7.146503379295183,4.0
False,consistent,24.964613,whales_mammals_big,Human,True,False,True,True,False,whales_mammals_big^consistent^valid,6.41403665,6.2108725,0.06696428571428571,0.00975632971635256,-4.6359095,-6.4396763,2.0391463,1.6546882000000003,69.3921962,8.0,0.0,0.0,0.08333333333333333,4.173582388585834,6.0,61.237626000000006,6.0,24.621449549999994,0.0,6.0,3.5560485472706302,0.0,0.0
False,nonsense,69.26492,nonsense_gick_criff_riff,Human,False,True,False,False,True,nonsense_gick_criff_riff^nonsense^invalid,6.77416575,6.4033365,0.017812105926860028,0.003012485481997677,-6.27927495,-7.7930495,-1.8999519500000002,-1.33152955,70.26042064999999,8.0,0.8046874499999999,0.8046874499999999,1.0,0.9588243667035962,8.0,81.99559675,0.0,0.0,22.18412904,0.0,1.922026081878513e-15,7.025303752227982,7.0
False,consistent,19.697227,politicians_dishonest_lie,Human,False,True,True,True,False,politicians_dishonest_lie^consistent^invalid,6.3229398,6.1018700500000005,0.011696306429548563,0.00206825453861027,-6.6775573,-8.384043,-2.07348635,-1.8434265,68.77078785,8.0,1.1970911499999999,1.1970911499999999,1.0,0.5955017881109077,8.0,88.85676230000001,0.0,0.0,27.509388350000002,0.0,2.2214782544241507e-15,11.435251791454718,7.0
False,violate,41.330975,dragons_mythical_exist,Human,True,False,True,False,False,dragons_mythical_exist^violate^valid,6.437692200000001,6.284136999999999,0.07142857142857142,0.01098901098901099,-4.596205749999999,-6.3053995,1.7706680000000001,1.5878954999999997,68.67259949999999,8.0,0.0,0.0,0.08333333333333333,4.23807888995999,6.0,59.574550814999995,6.0,23.727392935,0.0,5.5,8.533601808825644,0.0,5.0
False,consistent,12.86479,famous_wealthy_old,Human,False,True,True,True,False,famous_wealthy_old^consistent^invalid,6.473446900000001,6.2160115000000005,0.01562881562881563,0.00298510122611919,-6.4437375,-7.8515338,-1.9944038500000003,-1.44907085,69.37370354999999,8.0,0.6838503999999996,0.6838503999999996,1.0,0.8548965642034398,8.0,84.42239824999999,0.0,0.0,23.9086578,0.0,1.6094747389887971e-15,11.206323681628763,6.0
True,violate,28.864329,food_vegetables_healthy,Human,True,True,True,False,False,food_vegetables_healthy^violate^valid,6.450257000000001,6.31065585,0.06904761904761905,0.011173533083645444,-4.5539477,-6.2796415,1.8238982999999998,1.5661775000000002,69.1644208,8.0,0.0,0.0,0.08333333333333333,4.1972102532224955,6.0,60.09550511,6.0,24.33377359,0.0,6.0,7.9250296811573815,0.0,5.0
False,consistent,15.995367,politicians_dishonest_lie,Human,False,True,True,True,False,politicians_dishonest_lie^consistent^invalid,6.3229398,6.1018700500000005,0.011696306429548563,0.00206825453861027,-6.6775573,-8.384043,-2.07348635,-1.8434265,68.77078785,8.0,1.1970911499999999,1.1970911499999999,1.0,0.5955017881109077,8.0,88.85676230000001,0.0,0.0,27.509388350000002,0.0,2.2214782544241507e-15,11.435251791454718,7.0
False,consistent,26.565608,politicians_dishonest_lie,Human,False,True,True,True,False,politicians_dishonest_lie^consistent^invalid,6.3229398,6.1018700500000005,0.011696306429548563,0.00206825453861027,-6.6775573,-8.384043,-2.07348635,-1.8434265,68.77078785,8.0,1.1970911499999999,1.1970911499999999,1.0,0.5955017881109077,8.0,88.85676230000001,0.0,0.0,27.509388350000002,0.0,2.2214782544241507e-15,11.435251791454718,7.0
True,violate,14.394915,plants_trees_tall,Human,True,True,True,False,False,plants_trees_tall^violate^valid,6.41446225,6.3243370500000005,0.06904761904761905,0.01020408163265306,-4.620176,-6.3951475,1.9277535000000001,1.4312967000000003,69.09361634999999,8.0,0.0,0.0,0.08333333333333333,4.1778215066580255,6.0,60.519029365,6.0,23.485346435,0.0,6.5,4.516120123163684,0.0,0.0
True,nonsense,35.997968,nonsense_sclace_dact_yink,Human,True,True,False,False,True,nonsense_sclace_dact_yink^nonsense^valid,6.6996305,6.49316,0.07142857142857142,0.013333333333333334,-4.62263075,-6.26985025,1.8822250500000002,1.32559375,69.4958898,8.0,0.0,0.0,0.08333333333333333,4.251478841343673,6.0,58.55405652,6.0,22.610766429999998,0.0,6.0,8.330163944391682,0.0,5.0
True,violate,25.130146,plants_trees_tall,Human,False,False,True,False,False,plants_trees_tall^violate^invalid,6.38619115,6.28409735,0.01391304347826087,0.0028250616485910604,-6.5820267,-7.904741700000001,-1.94494635,-1.4837399500000004,68.6596727,8.0,0.8188750499999999,0.8188750499999999,1.0,0.8301860391296563,8.0,84.3862721,0.0,0.0,23.987561715,0.0,1.9225480256938434e-15,5.124418675638259,7.0
True,nonsense,81.696124,nonsense_splack_zoct_spuff,Human,True,True,False,False,True,nonsense_splack_zoct_spuff^nonsense^valid,6.798394500000001,6.48183,0.07738095238095238,0.011302681992337166,-4.64443215,-6.38529585,1.4817885999999998,1.1615467499999999,71.57289355,8.0,0.0,0.0,0.08333333333333333,4.214073526019624,6.0,59.606987069999995,6.0,20.192095780000002,0.0,7.0,8.459803267138946,0.0,5.0
False,consistent,14.629793,vehicles_mobile_buildings,Human,False,True,True,True,False,vehicles_mobile_buildings^consistent^invalid,6.4189703,6.20475225,0.017908538535337384,0.003565073716319268,-6.2863693000000005,-7.65832855,-1.6578865,-1.3874936499999997,68.73863765,8.0,0.9254654999999996,0.7147571500000001,1.0,0.923093373579289,8.0,81.53225795000002,0.0,0.0,21.98636992,0.0,1.5822442479216904e-15,8.810153623685938,6.0
True,consistent,25.495706,politicians_dishonest_lie,Human,True,True,True,True,False,politicians_dishonest_lie^consistent^valid,6.3120315,6.0834765,0.06458333333333333,0.0093466107617051,-4.67085505,-6.5278238,2.0405082999999995,1.8744522000000003,69.03888470000001,8.0,0.0,0.0,0.08333333333333333,4.198116937002846,6.0,61.596740825,6.0,27.449436724999998,0.0,5.0,11.176908426675492,0.0,5.0
True,nonsense,38.028319,nonsense_shiff_yot_plusk,Human,True,True,False,False,True,nonsense_shiff_yot_plusk^nonsense^valid,6.6630405,6.4421315,0.08333333333333333,0.012010932105868816,-4.481248750000001,-6.32354165,1.74328225,1.2753396499999998,70.6576311,8.0,0.0,0.0,0.08333333333333333,4.231048708694868,6.0,59.016534065,6.0,21.190878835,0.0,6.5,9.594795138239126,0.0,3.0
True,nonsense,20.528833,nonsense_phrite_ing_pand,Human,True,True,False,False,True,nonsense_phrite_ing_pand^nonsense^valid,6.78927335,6.4204802999999995,0.08012820512820512,0.012196935891715008,-4.490728649999999,-6.2951688,1.7119826000000002,1.4278045500000003,70.91099205,8.0,0.0,0.0,0.08333333333333333,4.242352061088863,6.0,58.710175875000004,6.0,22.165997075,0.0,5.5,9.70258907505362,0.0,5.0
False,violate,26.728664,politicians_dishonest_lie,Human,True,False,True,False,False,politicians_dishonest_lie^violate^valid,6.37751675,6.0904122,0.06458333333333333,0.010152545866831581,-4.70822285,-6.3983282,1.8975946499999998,1.7866397999999997,69.3182278,8.0,0.0,0.0,0.08333333333333333,4.206316121655433,6.0,61.19675243500001,6.0,26.129471715,0.0,6.0,9.497890598380698,0.0,5.0
False,nonsense,40.961848,nonsense_yob_broft_jank,Human,False,True,False,False,True,nonsense_yob_broft_jank^nonsense^invalid,6.6635852,6.4798689,0.013471971066907775,0.0030442035029190993,-6.533887249999999,-7.77559855,-1.91571405,-1.3833560499999997,69.70865125,8.0,0.9533198,0.9533198,1.0,0.8824762959444219,8.0,82.63656085,0.0,0.0,23.075579405,0.0,2.22866298543637e-15,7.863924716570952,7.0
True,nonsense,47.33157,nonsense_fleff_drap_ved,Human,False,False,False,False,True,nonsense_fleff_drap_ved^nonsense^invalid,6.7356882,6.4797887,0.017857142857142856,0.0033333333333333335,-6.2327225,-7.6453165,-1.7768858500000002,-1.2957879499999998,69.57095895,8.0,0.8390180499999997,0.8390180499999997,1.0,1.1067655183148273,8.0,80.09782385,0.0,0.0,21.5798461,0.0,1.5592593902284698e-15,10.58589834287269,6.0
False,consistent,19.531515,plants_trees_tall,Human,False,True,True,True,False,plants_trees_tall^consistent^invalid,6.37055165,6.307549,0.013701201201201201,0.0028492109877264757,-6.5659262,-7.89940915,-2.0465962000000006,-1.4699927499999998,68.83695255,8.0,0.8364621999999993,0.8364621999999993,1.0,0.8346398142093729,8.0,84.90519495000001,0.0,0.0,24.503319525000002,0.0,2.064981990778946e-15,5.4816459648693785,7.0
True,violate,34.098378,gems_diamonds_transparent,Human,True,True,True,False,False,gems_diamonds_transparent^violate^valid,6.5703869,6.25740665,0.06904761904761905,0.010937126464260101,-4.647243,-6.326832,1.7948913499999999,1.39534725,71.34004354999999,8.0,0.0,0.0,0.08333333333333333,4.179927768234793,6.0,60.904833815,6.0,21.577068085,0.0,7.5,4.560481198507944,0.0,0.0
False,violate,17.296049,politicians_dishonest_lie,Human,False,True,True,False,False,politicians_dishonest_lie^violate^invalid,6.3572717999999995,6.07325625,0.01213235294117647,0.0023531496215581727,-6.6294195,-8.225951,-1.9027594999999997,-1.7710465000000002,68.97482635,8.0,1.1254167000000002,1.1254167000000002,1.0,0.6957708960408402,8.0,87.61670255,0.0,0.0,26.26120085,0.0,1.9264725182605486e-15,9.821916370522572,6.5
True,nonsense,29.930501,nonsense_frupt_liff_blop,Human,False,False,False,False,True,nonsense_frupt_liff_blop^nonsense^invalid,6.74828385,6.4571632,0.017862838915470493,0.0035407214298247814,-6.2424765,-7.58557185,-1.7545624000000002,-1.3214226500000001,69.2317771,8.0,1.0239715499999997,1.0239715499999997,1.0,0.9560013305357768,8.0,80.85806435,0.0,0.0,22.397972575000004,0.0,1.736572637562976e-15,10.776071835437,7.0
True,nonsense,18.029031,nonsense_paft_usp_cesk,Human,True,True,False,False,True,nonsense_paft_usp_cesk^nonsense^valid,6.60848765,6.43326115,0.08116883116883117,0.010205144225762783,-4.415316750000001,-6.40260265,1.9637490499999997,1.4512771999999998,69.9446505,8.0,0.0,0.0,0.08333333333333333,4.230910783702164,6.0,59.68671201,6.0,23.09536234,0.0,6.0,10.336150785700415,0.0,5.0
True,nonsense,24.59691,nonsense_fleff_drap_ved,Human,False,False,False,False,True,nonsense_fleff_drap_ved^nonsense^invalid,6.7356882,6.4797887,0.017857142857142856,0.0033333333333333335,-6.2327225,-7.6453165,-1.7768858500000002,-1.2957879499999998,69.57095895,8.0,0.8390180499999997,0.8390180499999997,1.0,1.1067655183148273,8.0,80.09782385,0.0,0.0,21.5798461,0.0,1.5592593902284698e-15,10.58589834287269,6.0
True,nonsense,32.327907,nonsense_wib_mact_boct,Human,False,False,False,False,True,nonsense_wib_mact_boct^nonsense^invalid,6.7181871,6.50725035,0.012854317732366513,0.0034074022476084332,-6.58981875,-7.626304,-2.0821762500000003,-1.2739905000000005,69.592611,8.0,0.8984832999999997,0.8984832999999997,1.0,0.9861605223445286,8.0,81.69883364999998,0.0,0.0,22.97314103,0.0,1.9875140984414277e-15,7.882983858642366,7.0
True,consistent,21.865069,politicians_dishonest_lie,Human,False,False,True,True,False,politicians_dishonest_lie^consistent^invalid,6.3229398,6.1018700500000005,0.011696306429548563,0.00206825453861027,-6.6775573,-8.384043,-2.07348635,-1.8434265,68.77078785,8.0,1.1970911499999999,1.1970911499999999,1.0,0.5955017881109077,8.0,88.85676230000001,0.0,0.0,27.509388350000002,0.0,2.2214782544241507e-15,11.435251791454718,7.0
True,violate,61.228718,gems_diamonds_transparent,Human,True,True,True,False,False,gems_diamonds_transparent^violate^valid,6.5703869,6.25740665,0.06904761904761905,0.010937126464260101,-4.647243,-6.326832,1.7948913499999999,1.39534725,71.34004354999999,8.0,0.0,0.0,0.08333333333333333,4.179927768234793,6.0,60.904833815,6.0,21.577068085,0.0,7.5,4.560481198507944,0.0,0.0
True,consistent,25.96077,guns_weapons_dangerous,Human,True,True,True,True,False,guns_weapons_dangerous^consistent^valid,6.4460763,6.23771665,0.05555555555555555,0.010365198711063372,-4.8854012,-6.3792031,1.8348008,1.4967684499999998,70.87122375000001,8.0,0.0,0.0,0.08333333333333333,4.178935275009273,6.0,62.253303349999996,6.0,23.474716800000003,0.0,6.0,6.423485446299349,0.0,2.5
False,nonsense,18.497325,nonsense_yob_broft_jank,Human,False,True,False,False,True,nonsense_yob_broft_jank^nonsense^invalid,6.6635852,6.4798689,0.013471971066907775,0.0030442035029190993,-6.533887249999999,-7.77559855,-1.91571405,-1.3833560499999997,69.70865125,8.0,0.9533198,0.9533198,1.0,0.8824762959444219,8.0,82.63656085,0.0,0.0,23.075579405,0.0,2.22866298543637e-15,7.863924716570952,7.0
False,consistent,34.129288,whales_mammals_big,Human,False,True,True,True,False,whales_mammals_big^consistent^invalid,6.4138649999999995,6.205387,0.012092074592074592,0.002534956047910348,-6.6604588,-8.118708999999999,-2.0293045999999997,-1.6541473499999997,69.31705635,8.0,0.7021076000000004,0.7021076000000004,1.0,0.8047112558220828,8.0,85.92203119999999,0.0,0.0,24.62764928,0.0,2.1359789411439334e-15,3.9098734478620076,2.0
False,consistent,33.727853,politicians_dishonest_lie,Human,False,True,True,True,False,politicians_dishonest_lie^consistent^invalid,6.3229398,6.1018700500000005,0.011696306429548563,0.00206825453861027,-6.6775573,-8.384043,-2.07348635,-1.8434265,68.77078785,8.0,1.1970911499999999,1.1970911499999999,1.0,0.5955017881109077,8.0,88.85676230000001,0.0,0.0,27.509388350000002,0.0,2.2214782544241507e-15,11.435251791454718,7.0
True,consistent,12.863504,plants_trees_tall,Human,True,True,True,True,False,plants_trees_tall^consistent^valid,6.3638295,6.29027825,0.06904761904761905,0.010256679991584262,-4.5747202,-6.3909284,1.9859008500000002,1.4812050999999995,68.79473994999998,8.0,0.0,0.0,0.08333333333333333,4.187579992135603,6.0,60.33379889999999,6.0,23.9252337,0.0,6.0,3.8534819760787986,0.0,0.0
True,consistent,28.363526,famous_wealthy_old,Human,True,True,True,True,False,famous_wealthy_old^consistent^valid,6.4807837,6.20356825,0.08012820512820512,0.010258838383838384,-4.5493381,-6.3625355,1.9323806999999995,1.4796445,69.63362185,8.0,0.0,0.0,0.08333333333333333,4.237488658914296,6.0,60.63729776,6.0,23.660072139999997,0.0,6.0,10.529317589592818,0.0,5.0
True,nonsense,25.831861,nonsense_sneb_jing_omp,Human,True,True,False,False,True,nonsense_sneb_jing_omp^nonsense^valid,6.65619085,6.495821749999999,0.1,0.012739370334307044,-4.4031727,-6.28572395,1.7148209500000005,1.2285571999999996,69.11306905000001,8.0,0.0,0.0,0.08333333333333333,4.278485842278608,6.0,58.513248895,6.0,21.298895254999998,0.0,6.0,12.427159115811023,0.0,3.0
True,nonsense,23.131898,nonsense_fleff_drap_ved,Human,False,False,False,False,True,nonsense_fleff_drap_ved^nonsense^invalid,6.7356882,6.4797887,0.017857142857142856,0.0033333333333333335,-6.2327225,-7.6453165,-1.7768858500000002,-1.2957879499999998,69.57095895,8.0,0.8390180499999997,0.8390180499999997,1.0,1.1067655183148273,8.0,80.09782385,0.0,0.0,21.5798461,0.0,1.5592593902284698e-15,10.58589834287269,6.0
True,nonsense,30.397826,nonsense_shiff_yot_plusk,Human,True,True,False,False,True,nonsense_shiff_yot_plusk^nonsense^valid,6.6630405,6.4421315,0.08333333333333333,0.012010932105868816,-4.481248750000001,-6.32354165,1.74328225,1.2753396499999998,70.6576311,8.0,0.0,0.0,0.08333333333333333,4.231048708694868,6.0,59.016534065,6.0,21.190878835,0.0,6.5,9.594795138239126,0.0,3.0
True,nonsense,18.496145,nonsense_sland_spluff_gusp,Human,True,True,False,False,True,nonsense_sland_spluff_gusp^nonsense^valid,6.78348535,6.5060627,0.06904761904761905,0.013793759512937594,-4.6236165,-6.2190232,1.9084089999999998,1.3639651500000007,70.42413735,8.0,0.0,0.0,0.08333333333333333,4.24959004751361,6.0,58.76168097,6.0,22.458991830000002,0.0,6.5,10.690146971084143,0.0,5.0
False,consistent,19.831011,politicians_dishonest_lie,Human,False,True,True,True,False,politicians_dishonest_lie^consistent^invalid,6.3229398,6.1018700500000005,0.011696306429548563,0.00206825453861027,-6.6775573,-8.384043,-2.07348635,-1.8434265,68.77078785,8.0,1.1970911499999999,1.1970911499999999,1.0,0.5955017881109077,8.0,88.85676230000001,0.0,0.0,27.509388350000002,0.0,2.2214782544241507e-15,11.435251791454718,7.0
True,violate,18.230402,dragons_mythical_exist,Human,True,True,True,False,False,dragons_mythical_exist^violate^valid,6.437692200000001,6.284136999999999,0.07142857142857142,0.01098901098901099,-4.596205749999999,-6.3053995,1.7706680000000001,1.5878954999999997,68.67259949999999,8.0,0.0,0.0,0.08333333333333333,4.23807888995999,6.0,59.574550814999995,6.0,23.727392935,0.0,5.5,8.533601808825644,0.0,5.0
True,violate,40.968997,vehicles_mobile_buildings,Human,False,False,True,False,False,vehicles_mobile_buildings^violate^invalid,6.392072300000001,6.24234065,0.017078071182548796,0.0033003300330033004,-6.3503642,-7.754690999999999,-1.7715988499999997,-1.4810226999999996,68.9766537,8.0,0.8604618999999998,0.8604618999999998,1.0,0.8893919805418689,8.0,83.067856,0.0,0.0,23.2554352,0.0,1.5307203401176875e-15,8.8691659972438,7.0
True,violate,24.765607,gems_diamonds_transparent,Human,False,False,True,False,False,gems_diamonds_transparent^violate^invalid,6.54417985,6.2232831,0.014724310776942355,0.003206742381417339,-6.520405500000001,-7.78959085,-1.8865203500000005,-1.4694999500000003,70.84039609999999,8.0,0.6408786500000003,0.49384809999999946,1.0,0.8431403125175523,8.0,83.08205534999999,0.0,0.0,22.57233653,0.0,1.7192539355520916e-15,4.2441669087975615,6.0
True,violate,45.70566,dragons_mythical_exist,Human,False,False,True,False,False,dragons_mythical_exist^violate^invalid,6.3965742500000005,6.317690649999999,0.016411084207694375,0.002816990818990486,-6.351449,-7.92016295,-1.8188361499999997,-1.5580721999999998,68.2857051,8.0,0.9220247500000005,0.9220247500000005,1.0,0.9051403786675013,8.0,83.5121707,0.0,0.0,24.115853095,0.0,1.4280514096016063e-15,9.760069242080714,6.5
True,consistent,18.904787,guns_weapons_dangerous,Human,True,True,True,True,False,guns_weapons_dangerous^consistent^valid,6.4460763,6.23771665,0.05555555555555555,0.010365198711063372,-4.8854012,-6.3792031,1.8348008,1.4967684499999998,70.87122375000001,8.0,0.0,0.0,0.08333333333333333,4.178935275009273,6.0,62.253303349999996,6.0,23.474716800000003,0.0,6.0,6.423485446299349,0.0,2.5
True,consistent,28.930115,famous_wealthy_old,Human,True,True,True,True,False,famous_wealthy_old^consistent^valid,6.4807837,6.20356825,0.08012820512820512,0.010258838383838384,-4.5493381,-6.3625355,1.9323806999999995,1.4796445,69.63362185,8.0,0.0,0.0,0.08333333333333333,4.237488658914296,6.0,60.63729776,6.0,23.660072139999997,0.0,6.0,10.529317589592818,0.0,5.0
True,nonsense,21.965998,nonsense_sland_spluff_gusp,Human,True,True,False,False,True,nonsense_sland_spluff_gusp^nonsense^valid,6.78348535,6.5060627,0.06904761904761905,0.013793759512937594,-4.6236165,-6.2190232,1.9084089999999998,1.3639651500000007,70.42413735,8.0,0.0,0.0,0.08333333333333333,4.24959004751361,6.0,58.76168097,6.0,22.458991830000002,0.0,6.5,10.690146971084143,0.0,5.0
True,violate,21.231769,food_vegetables_healthy,Human,True,True,True,False,False,food_vegetables_healthy^violate^valid,6.450257000000001,6.31065585,0.06904761904761905,0.011173533083645444,-4.5539477,-6.2796415,1.8238982999999998,1.5661775000000002,69.1644208,8.0,0.0,0.0,0.08333333333333333,4.1972102532224955,6.0,60.09550511,6.0,24.33377359,0.0,6.0,7.9250296811573815,0.0,5.0
False,nonsense,26.198483,nonsense_nept_bript_jeft,Human,False,True,False,False,True,nonsense_nept_bript_jeft^nonsense^invalid,6.7120135,6.5231946999999995,0.016001024065540194,0.003401360544217687,-6.3623347500000005,-7.6286695,-2.00212095,-1.3144179999999999,69.8634525,8.0,0.8520413999999998,0.8520413999999998,1.0,0.9856656071823022,8.0,81.17559270000001,0.0,0.0,22.773455765,0.0,1.768271155567925e-15,11.793987853568831,6.5
False,violate,38.063452,flowers_animals_reptiles,Human,False,True,True,False,False,flowers_animals_reptiles^violate^invalid,6.511972500000001,6.299694649999999,0.020638297872340425,0.0030771852749583396,-6.099171,-7.8213919999999995,-1.5850982499999997,-1.4380342499999998,68.83154575,8.0,0.8858627500000003,0.7332459000000002,1.0,0.9176825938046316,8.0,81.4447405,0.0,0.0,21.956226824999998,0.0,1.5408950250308162e-15,8.545072663703762,2.0
True,consistent,50.328947,librarians_happy_healthy,Human,True,True,True,True,False,librarians_happy_healthy^consistent^valid,6.4488923499999995,6.21358025,0.08333333333333333,0.009478885893980233,-4.3865333500000006,-6.49733885,2.1736029,1.6753026500000003,68.60927085,8.0,0.0,0.0,0.08333333333333333,4.202778071855432,6.0,60.489633715,6.0,26.835941335,0.0,6.0,10.648016475550474,0.0,5.0
True,nonsense,17.729354,nonsense_sclace_dact_yink,Human,True,True,False,False,True,nonsense_sclace_dact_yink^nonsense^valid,6.6996305,6.49316,0.07142857142857142,0.013333333333333334,-4.62263075,-6.26985025,1.8822250500000002,1.32559375,69.4958898,8.0,0.0,0.0,0.08333333333333333,4.251478841343673,6.0,58.55405652,6.0,22.610766429999998,0.0,6.0,8.330163944391682,0.0,5.0
True,violate,36.392171,vehicles_mobile_buildings,Human,True,True,True,False,False,vehicles_mobile_buildings^violate^valid,6.4227202,6.2347107,0.07142857142857142,0.01162947937795808,-4.4802725,-6.2656579,1.716221,1.4676158,68.53631695,8.0,0.0,0.0,0.08333333333333333,4.239842482458063,6.0,59.276388915,6.0,22.930080835000005,0.0,6.0,10.259922478197065,0.0,5.0
False,violate,32.5963,gems_diamonds_transparent,Human,True,False,True,False,False,gems_diamonds_transparent^violate^valid,6.5703869,6.25740665,0.06904761904761905,0.010937126464260101,-4.647243,-6.326832,1.7948913499999999,1.39534725,71.34004354999999,8.0,0.0,0.0,0.08333333333333333,4.179927768234793,6.0,60.904833815,6.0,21.577068085,0.0,7.5,4.560481198507944,0.0,0.0
False,consistent,30.211128,dragons_mythical_exist,Human,False,True,True,True,False,dragons_mythical_exist^consistent^invalid,6.353085,6.2800932,0.015504807692307693,0.0027906216430806595,-6.4230528,-7.9485637,-1.8286666499999997,-1.6385662000000005,68.6781366,8.0,0.8879900500000004,0.8879900500000004,1.0,0.8852128998889575,8.0,84.0837234,0.0,0.0,24.337613705,0.0,1.5610424666418568e-15,7.911169394996633,6.5
True,consistent,19.426652,guns_weapons_dangerous,Human,True,True,True,True,False,guns_weapons_dangerous^consistent^valid,6.4460763,6.23771665,0.05555555555555555,0.010365198711063372,-4.8854012,-6.3792031,1.8348008,1.4967684499999998,70.87122375000001,8.0,0.0,0.0,0.08333333333333333,4.178935275009273,6.0,62.253303349999996,6.0,23.474716800000003,0.0,6.0,6.423485446299349,0.0,2.5
True,nonsense,20.398558,nonsense_phrite_ing_pand,Human,True,True,False,False,True,nonsense_phrite_ing_pand^nonsense^valid,6.78927335,6.4204802999999995,0.08012820512820512,0.012196935891715008,-4.490728649999999,-6.2951688,1.7119826000000002,1.4278045500000003,70.91099205,8.0,0.0,0.0,0.08333333333333333,4.242352061088863,6.0,58.710175875000004,6.0,22.165997075,0.0,5.5,9.70258907505362,0.0,5.0
True,violate,43.465312,flowers_animals_reptiles,Human,False,False,True,False,False,flowers_animals_reptiles^violate^invalid,6.511972500000001,6.299694649999999,0.020638297872340425,0.0030771852749583396,-6.099171,-7.8213919999999995,-1.5850982499999997,-1.4380342499999998,68.83154575,8.0,0.8858627500000003,0.7332459000000002,1.0,0.9176825938046316,8.0,81.4447405,0.0,0.0,21.956226824999998,0.0,1.5408950250308162e-15,8.545072663703762,2.0
True,violate,39.564424,computers_electronics_expensive,Human,False,False,True,False,False,computers_electronics_expensive^violate^invalid,6.522399,6.180495499999999,0.016584429824561403,0.0031332744924977935,-6.37467015,-7.83040965,-1.6636693500000002,-1.36195265,71.27101135,8.0,0.8897316499999999,0.5789510499999999,1.0,0.8186306963818517,8.0,83.56209820000001,0.0,0.0,21.460766525,0.0,1.3123562768713624e-15,8.304262092877128,6.0
False,nonsense,20.596188,nonsense_phrist_biss_skemp,Human,True,False,False,False,True,nonsense_phrist_biss_skemp^nonsense^valid,6.731029250000001,6.494539,0.10555555555555556,0.012195121951219513,-4.290376350000001,-6.30501105,2.03048335,1.41410085,70.18686025,8.0,0.0,0.0,0.08333333333333333,4.267729924427778,6.0,58.678963880000005,6.0,23.135615870000002,0.0,6.5,12.213579792394672,0.0,3.0
True,violate,20.86174,plants_trees_tall,Human,False,False,True,False,False,plants_trees_tall^violate^invalid,6.38619115,6.28409735,0.01391304347826087,0.0028250616485910604,-6.5820267,-7.904741700000001,-1.94494635,-1.4837399500000004,68.6596727,8.0,0.8188750499999999,0.8188750499999999,1.0,0.8301860391296563,8.0,84.3862721,0.0,0.0,23.987561715,0.0,1.9225480256938434e-15,5.124418675638259,7.0
True,nonsense,23.240926,nonsense_phrist_biss_skemp,Human,True,True,False,False,True,nonsense_phrist_biss_skemp^nonsense^valid,6.731029250000001,6.494539,0.10555555555555556,0.012195121951219513,-4.290376350000001,-6.30501105,2.03048335,1.41410085,70.18686025,8.0,0.0,0.0,0.08333333333333333,4.267729924427778,6.0,58.678963880000005,6.0,23.135615870000002,0.0,6.5,12.213579792394672,0.0,3.0
True,nonsense,19.231729,nonsense_phrist_biss_skemp,Human,True,True,False,False,True,nonsense_phrist_biss_skemp^nonsense^valid,6.731029250000001,6.494539,0.10555555555555556,0.012195121951219513,-4.290376350000001,-6.30501105,2.03048335,1.41410085,70.18686025,8.0,0.0,0.0,0.08333333333333333,4.267729924427778,6.0,58.678963880000005,6.0,23.135615870000002,0.0,6.5,12.213579792394672,0.0,3.0
False,consistent,32.03066,politicians_dishonest_lie,Human,False,True,True,True,False,politicians_dishonest_lie^consistent^invalid,6.3229398,6.1018700500000005,0.011696306429548563,0.00206825453861027,-6.6775573,-8.384043,-2.07348635,-1.8434265,68.77078785,8.0,1.1970911499999999,1.1970911499999999,1.0,0.5955017881109077,8.0,88.85676230000001,0.0,0.0,27.509388350000002,0.0,2.2214782544241507e-15,11.435251791454718,7.0
False,consistent,34.297798,politicians_dishonest_lie,Human,False,True,True,True,False,politicians_dishonest_lie^consistent^invalid,6.3229398,6.1018700500000005,0.011696306429548563,0.00206825453861027,-6.6775573,-8.384043,-2.07348635,-1.8434265,68.77078785,8.0,1.1970911499999999,1.1970911499999999,1.0,0.5955017881109077,8.0,88.85676230000001,0.0,0.0,27.509388350000002,0.0,2.2214782544241507e-15,11.435251791454718,7.0
True,nonsense,34.8291,nonsense_shrad_splect_dring,Human,True,True,False,False,True,nonsense_shrad_splect_dring^nonsense^valid,6.7610812,6.47533,0.08116883116883117,0.012434352795798579,-4.5256802,-6.28925465,1.7478102499999997,1.4159046000000002,71.13687965000001,8.0,0.0,0.0,0.08333333333333333,4.2501012416620565,6.0,59.227644260000005,6.0,22.47998154,0.0,6.5,10.09146835248848,0.0,5.0
True,nonsense,32.873531,nonsense_sland_spluff_gusp,Human,True,True,False,False,True,nonsense_sland_spluff_gusp^nonsense^valid,6.78348535,6.5060627,0.06904761904761905,0.013793759512937594,-4.6236165,-6.2190232,1.9084089999999998,1.3639651500000007,70.42413735,8.0,0.0,0.0,0.08333333333333333,4.24959004751361,6.0,58.76168097,6.0,22.458991830000002,0.0,6.5,10.690146971084143,0.0,5.0
True,consistent,32.962443,famous_wealthy_old,Human,True,True,True,True,False,famous_wealthy_old^consistent^valid,6.4807837,6.20356825,0.08012820512820512,0.010258838383838384,-4.5493381,-6.3625355,1.9323806999999995,1.4796445,69.63362185,8.0,0.0,0.0,0.08333333333333333,4.237488658914296,6.0,60.63729776,6.0,23.660072139999997,0.0,6.0,10.529317589592818,0.0,5.0
True,nonsense,47.26207,nonsense_sclack_chask_pron,Human,True,True,False,False,True,nonsense_sclack_chask_pron^nonsense^valid,6.7072847,6.5142629,0.1,0.011979913916786227,-4.3135255,-6.2997,2.1935465,1.4291842999999997,69.4342872,8.0,0.0,0.0,0.08333333333333333,4.268425562838022,6.0,58.392672759999996,6.0,24.10128049,0.0,6.5,6.026644966355567,0.0,5.0
False,violate,20.665052,plants_trees_tall,Human,False,True,True,False,False,plants_trees_tall^violate^invalid,6.38619115,6.28409735,0.01391304347826087,0.0028250616485910604,-6.5820267,-7.904741700000001,-1.94494635,-1.4837399500000004,68.6596727,8.0,0.8188750499999999,0.8188750499999999,1.0,0.8301860391296563,8.0,84.3862721,0.0,0.0,23.987561715,0.0,1.9225480256938434e-15,5.124418675638259,7.0
True,consistent,18.364353,librarians_happy_healthy,Human,True,True,True,True,False,librarians_happy_healthy^consistent^valid,6.4488923499999995,6.21358025,0.08333333333333333,0.009478885893980233,-4.3865333500000006,-6.49733885,2.1736029,1.6753026500000003,68.60927085,8.0,0.0,0.0,0.08333333333333333,4.202778071855432,6.0,60.489633715,6.0,26.835941335,0.0,6.0,10.648016475550474,0.0,5.0
True,violate,12.491402,famous_wealthy_old,Human,False,False,True,False,False,famous_wealthy_old^violate^invalid,6.522084850000001,6.241058499999999,0.015527202696196438,0.0033222958057395145,-6.42185905,-7.729707749999999,-1.8874550500000002,-1.4397024499999995,68.82929245,8.0,0.8507393999999997,0.8507393999999997,1.0,0.8687090776333636,8.0,83.34150629999999,0.0,0.0,23.65068455,0.0,1.5798927767709125e-15,11.85799728392669,6.0
True,consistent,28.542307,guns_weapons_dangerous,Human,True,True,True,True,False,guns_weapons_dangerous^consistent^valid,6.4460763,6.23771665,0.05555555555555555,0.010365198711063372,-4.8854012,-6.3792031,1.8348008,1.4967684499999998,70.87122375000001,8.0,0.0,0.0,0.08333333333333333,4.178935275009273,6.0,62.253303349999996,6.0,23.474716800000003,0.0,6.0,6.423485446299349,0.0,2.5
False,violate,18.496304,famous_wealthy_old,Human,True,False,True,False,False,famous_wealthy_old^violate^valid,6.5324782,6.25096365,0.07738095238095238,0.011428944618599791,-4.5484671500000005,-6.2740884,1.8518867500000002,1.4590077500000005,68.93076565,8.0,0.0,0.0,0.08333333333333333,4.2525919368855565,6.0,59.70462999,6.0,23.492731159999998,0.0,6.0,12.003781547051933,0.0,5.0
True,nonsense,28.432106,nonsense_fleff_drap_ved,Human,False,False,False,False,True,nonsense_fleff_drap_ved^nonsense^invalid,6.7356882,6.4797887,0.017857142857142856,0.0033333333333333335,-6.2327225,-7.6453165,-1.7768858500000002,-1.2957879499999998,69.57095895,8.0,0.8390180499999997,0.8390180499999997,1.0,1.1067655183148273,8.0,80.09782385,0.0,0.0,21.5798461,0.0,1.5592593902284698e-15,10.58589834287269,6.0
True,violate,42.830241,dragons_mythical_exist,Human,True,True,True,False,False,dragons_mythical_exist^violate^valid,6.437692200000001,6.284136999999999,0.07142857142857142,0.01098901098901099,-4.596205749999999,-6.3053995,1.7706680000000001,1.5878954999999997,68.67259949999999,8.0,0.0,0.0,0.08333333333333333,4.23807888995999,6.0,59.574550814999995,6.0,23.727392935,0.0,5.5,8.533601808825644,0.0,5.0
True,consistent,38.39848,vehicles_mobile_buildings,Human,True,True,True,True,False,vehicles_mobile_buildings^consistent^valid,6.3821907499999995,6.210437649999999,0.06904761904761905,0.011564171122994652,-4.64578225,-6.27354215,1.6384811000000004,1.37078005,68.51259875,8.0,0.0,0.0,0.08333333333333333,4.228907988510999,6.0,59.65386215,6.0,21.893918050000003,0.0,5.5,8.481598709056234,0.0,5.0
False,nonsense,47.26324,nonsense_gick_criff_riff,Human,False,True,False,False,True,nonsense_gick_criff_riff^nonsense^invalid,6.77416575,6.4033365,0.017812105926860028,0.003012485481997677,-6.27927495,-7.7930495,-1.8999519500000002,-1.33152955,70.26042064999999,8.0,0.8046874499999999,0.8046874499999999,1.0,0.9588243667035962,8.0,81.99559675,0.0,0.0,22.18412904,0.0,1.922026081878513e-15,7.025303752227982,7.0
False,nonsense,66.431552,nonsense_glap_phropt_soff,Human,False,True,False,False,True,nonsense_glap_phropt_soff^nonsense^invalid,6.835217,6.48248985,0.017879948914431672,0.0032682879938479284,-6.2467933,-7.6869061,-1.7169495499999998,-1.3523528000000002,71.96260765,8.0,0.7400541000000003,0.7400541000000003,1.0,1.046556576027338,8.0,80.85321694999999,0.0,0.0,21.24006573,0.0,1.4812981591103516e-15,12.289438387742884,7.0
True,consistent,49.463448,famous_wealthy_old,Human,True,True,True,True,False,famous_wealthy_old^consistent^valid,6.4807837,6.20356825,0.08012820512820512,0.010258838383838384,-4.5493381,-6.3625355,1.9323806999999995,1.4796445,69.63362185,8.0,0.0,0.0,0.08333333333333333,4.237488658914296,6.0,60.63729776,6.0,23.660072139999997,0.0,6.0,10.529317589592818,0.0,5.0
False,violate,38.865664,flowers_animals_reptiles,Human,False,True,True,False,False,flowers_animals_reptiles^violate^invalid,6.511972500000001,6.299694649999999,0.020638297872340425,0.0030771852749583396,-6.099171,-7.8213919999999995,-1.5850982499999997,-1.4380342499999998,68.83154575,8.0,0.8858627500000003,0.7332459000000002,1.0,0.9176825938046316,8.0,81.4447405,0.0,0.0,21.956226824999998,0.0,1.5408950250308162e-15,8.545072663703762,2.0
False,violate,111.164119,vehicles_mobile_buildings,Human,False,True,True,False,False,vehicles_mobile_buildings^violate^invalid,6.392072300000001,6.24234065,0.017078071182548796,0.0033003300330033004,-6.3503642,-7.754690999999999,-1.7715988499999997,-1.4810226999999996,68.9766537,8.0,0.8604618999999998,0.8604618999999998,1.0,0.8893919805418689,8.0,83.067856,0.0,0.0,23.2554352,0.0,1.5307203401176875e-15,8.8691659972438,7.0
True,nonsense,37.298284,nonsense_sneb_jing_omp,Human,True,True,False,False,True,nonsense_sneb_jing_omp^nonsense^valid,6.65619085,6.495821749999999,0.1,0.012739370334307044,-4.4031727,-6.28572395,1.7148209500000005,1.2285571999999996,69.11306905000001,8.0,0.0,0.0,0.08333333333333333,4.278485842278608,6.0,58.513248895,6.0,21.298895254999998,0.0,6.0,12.427159115811023,0.0,3.0
False,nonsense,35.132093,nonsense_sland_spluff_gusp,Human,True,False,False,False,True,nonsense_sland_spluff_gusp^nonsense^valid,6.78348535,6.5060627,0.06904761904761905,0.013793759512937594,-4.6236165,-6.2190232,1.9084089999999998,1.3639651500000007,70.42413735,8.0,0.0,0.0,0.08333333333333333,4.24959004751361,6.0,58.76168097,6.0,22.458991830000002,0.0,6.5,10.690146971084143,0.0,5.0
True,consistent,18.331635,famous_wealthy_old,Human,True,True,True,True,False,famous_wealthy_old^consistent^valid,6.4807837,6.20356825,0.08012820512820512,0.010258838383838384,-4.5493381,-6.3625355,1.9323806999999995,1.4796445,69.63362185,8.0,0.0,0.0,0.08333333333333333,4.237488658914296,6.0,60.63729776,6.0,23.660072139999997,0.0,6.0,10.529317589592818,0.0,5.0
True,violate,29.530396,vehicles_mobile_buildings,Human,True,True,True,False,False,vehicles_mobile_buildings^violate^valid,6.4227202,6.2347107,0.07142857142857142,0.01162947937795808,-4.4802725,-6.2656579,1.716221,1.4676158,68.53631695,8.0,0.0,0.0,0.08333333333333333,4.239842482458063,6.0,59.276388915,6.0,22.930080835000005,0.0,6.0,10.259922478197065,0.0,5.0
True,violate,37.465609,flowers_animals_reptiles,Human,False,False,True,False,False,flowers_animals_reptiles^violate^invalid,6.511972500000001,6.299694649999999,0.020638297872340425,0.0030771852749583396,-6.099171,-7.8213919999999995,-1.5850982499999997,-1.4380342499999998,68.83154575,8.0,0.8858627500000003,0.7332459000000002,1.0,0.9176825938046316,8.0,81.4447405,0.0,0.0,21.956226824999998,0.0,1.5408950250308162e-15,8.545072663703762,2.0
False,violate,12.427847,food_vegetables_healthy,Human,True,False,True,False,False,food_vegetables_healthy^violate^valid,6.450257000000001,6.31065585,0.06904761904761905,0.011173533083645444,-4.5539477,-6.2796415,1.8238982999999998,1.5661775000000002,69.1644208,8.0,0.0,0.0,0.08333333333333333,4.1972102532224955,6.0,60.09550511,6.0,24.33377359,0.0,6.0,7.9250296811573815,0.0,5.0
False,violate,53.729858,dragons_mythical_exist,Human,False,True,True,False,False,dragons_mythical_exist^violate^invalid,6.3965742500000005,6.317690649999999,0.016411084207694375,0.002816990818990486,-6.351449,-7.92016295,-1.8188361499999997,-1.5580721999999998,68.2857051,8.0,0.9220247500000005,0.9220247500000005,1.0,0.9051403786675013,8.0,83.5121707,0.0,0.0,24.115853095,0.0,1.4280514096016063e-15,9.760069242080714,6.5
True,violate,29.698738,dragons_mythical_exist,Human,True,True,True,False,False,dragons_mythical_exist^violate^valid,6.437692200000001,6.284136999999999,0.07142857142857142,0.01098901098901099,-4.596205749999999,-6.3053995,1.7706680000000001,1.5878954999999997,68.67259949999999,8.0,0.0,0.0,0.08333333333333333,4.23807888995999,6.0,59.574550814999995,6.0,23.727392935,0.0,5.5,8.533601808825644,0.0,5.0
False,violate,20.731924,plants_trees_tall,Human,False,True,True,False,False,plants_trees_tall^violate^invalid,6.38619115,6.28409735,0.01391304347826087,0.0028250616485910604,-6.5820267,-7.904741700000001,-1.94494635,-1.4837399500000004,68.6596727,8.0,0.8188750499999999,0.8188750499999999,1.0,0.8301860391296563,8.0,84.3862721,0.0,0.0,23.987561715,0.0,1.9225480256938434e-15,5.124418675638259,7.0
False,nonsense,40.464583,nonsense_nept_bript_jeft,Human,False,True,False,False,True,nonsense_nept_bript_jeft^nonsense^invalid,6.7120135,6.5231946999999995,0.016001024065540194,0.003401360544217687,-6.3623347500000005,-7.6286695,-2.00212095,-1.3144179999999999,69.8634525,8.0,0.8520413999999998,0.8520413999999998,1.0,0.9856656071823022,8.0,81.17559270000001,0.0,0.0,22.773455765,0.0,1.768271155567925e-15,11.793987853568831,6.5
False,consistent,43.464273,dragons_mythical_exist,Human,False,True,True,True,False,dragons_mythical_exist^consistent^invalid,6.353085,6.2800932,0.015504807692307693,0.0027906216430806595,-6.4230528,-7.9485637,-1.8286666499999997,-1.6385662000000005,68.6781366,8.0,0.8879900500000004,0.8879900500000004,1.0,0.8852128998889575,8.0,84.0837234,0.0,0.0,24.337613705,0.0,1.5610424666418568e-15,7.911169394996633,6.5
True,consistent,16.230717,guns_weapons_dangerous,Human,True,True,True,True,False,guns_weapons_dangerous^consistent^valid,6.4460763,6.23771665,0.05555555555555555,0.010365198711063372,-4.8854012,-6.3792031,1.8348008,1.4967684499999998,70.87122375000001,8.0,0.0,0.0,0.08333333333333333,4.178935275009273,6.0,62.253303349999996,6.0,23.474716800000003,0.0,6.0,6.423485446299349,0.0,2.5
True,consistent,16.590139,librarians_happy_healthy,Human,True,True,True,True,False,librarians_happy_healthy^consistent^valid,6.4488923499999995,6.21358025,0.08333333333333333,0.009478885893980233,-4.3865333500000006,-6.49733885,2.1736029,1.6753026500000003,68.60927085,8.0,0.0,0.0,0.08333333333333333,4.202778071855432,6.0,60.489633715,6.0,26.835941335,0.0,6.0,10.648016475550474,0.0,5.0
False,consistent,26.464517,politicians_dishonest_lie,Human,False,True,True,True,False,politicians_dishonest_lie^consistent^invalid,6.3229398,6.1018700500000005,0.011696306429548563,0.00206825453861027,-6.6775573,-8.384043,-2.07348635,-1.8434265,68.77078785,8.0,1.1970911499999999,1.1970911499999999,1.0,0.5955017881109077,8.0,88.85676230000001,0.0,0.0,27.509388350000002,0.0,2.2214782544241507e-15,11.435251791454718,7.0
True,consistent,18.630384,food_vegetables_healthy,Human,True,True,True,True,False,food_vegetables_healthy^consistent^valid,6.385638,6.289380550000001,0.07142857142857142,0.011494252873563218,-4.48948215,-6.2646552,1.9473686000000003,1.6365913,68.84390075,8.0,0.0,0.0,0.08333333333333333,4.215218270069648,6.0,59.918024325000005,6.0,25.219347475,0.0,6.0,7.1482754435408244,0.0,0.0
True,consistent,8.628469,guns_weapons_dangerous,Human,True,True,True,True,False,guns_weapons_dangerous^consistent^valid,6.4460763,6.23771665,0.05555555555555555,0.010365198711063372,-4.8854012,-6.3792031,1.8348008,1.4967684499999998,70.87122375000001,8.0,0.0,0.0,0.08333333333333333,4.178935275009273,6.0,62.253303349999996,6.0,23.474716800000003,0.0,6.0,6.423485446299349,0.0,2.5
False,nonsense,40.830285,nonsense_shrad_splect_dring,Human,True,False,False,False,True,nonsense_shrad_splect_dring^nonsense^valid,6.7610812,6.47533,0.08116883116883117,0.012434352795798579,-4.5256802,-6.28925465,1.7478102499999997,1.4159046000000002,71.13687965000001,8.0,0.0,0.0,0.08333333333333333,4.2501012416620565,6.0,59.227644260000005,6.0,22.47998154,0.0,6.5,10.09146835248848,0.0,5.0
True,nonsense,46.298384,nonsense_phrite_ing_pand,Human,True,True,False,False,True,nonsense_phrite_ing_pand^nonsense^valid,6.78927335,6.4204802999999995,0.08012820512820512,0.012196935891715008,-4.490728649999999,-6.2951688,1.7119826000000002,1.4278045500000003,70.91099205,8.0,0.0,0.0,0.08333333333333333,4.242352061088863,6.0,58.710175875000004,6.0,22.165997075,0.0,5.5,9.70258907505362,0.0,5.0
True,violate,27.398974,plants_trees_tall,Human,False,False,True,False,False,plants_trees_tall^violate^invalid,6.38619115,6.28409735,0.01391304347826087,0.0028250616485910604,-6.5820267,-7.904741700000001,-1.94494635,-1.4837399500000004,68.6596727,8.0,0.8188750499999999,0.8188750499999999,1.0,0.8301860391296563,8.0,84.3862721,0.0,0.0,23.987561715,0.0,1.9225480256938434e-15,5.124418675638259,7.0
True,nonsense,27.097387,nonsense_sclack_chask_pron,Human,True,True,False,False,True,nonsense_sclack_chask_pron^nonsense^valid,6.7072847,6.5142629,0.1,0.011979913916786227,-4.3135255,-6.2997,2.1935465,1.4291842999999997,69.4342872,8.0,0.0,0.0,0.08333333333333333,4.268425562838022,6.0,58.392672759999996,6.0,24.10128049,0.0,6.5,6.026644966355567,0.0,5.0
True,violate,18.563288,gems_diamonds_transparent,Human,False,False,True,False,False,gems_diamonds_transparent^violate^invalid,6.54417985,6.2232831,0.014724310776942355,0.003206742381417339,-6.520405500000001,-7.78959085,-1.8865203500000005,-1.4694999500000003,70.84039609999999,8.0,0.6408786500000003,0.49384809999999946,1.0,0.8431403125175523,8.0,83.08205534999999,0.0,0.0,22.57233653,0.0,1.7192539355520916e-15,4.2441669087975615,6.0
True,consistent,22.049714,librarians_happy_healthy,Human,True,True,True,True,False,librarians_happy_healthy^consistent^valid,6.4488923499999995,6.21358025,0.08333333333333333,0.009478885893980233,-4.3865333500000006,-6.49733885,2.1736029,1.6753026500000003,68.60927085,8.0,0.0,0.0,0.08333333333333333,4.202778071855432,6.0,60.489633715,6.0,26.835941335,0.0,6.0,10.648016475550474,0.0,5.0
True,nonsense,44.064181,nonsense_sland_spluff_gusp,Human,True,True,False,False,True,nonsense_sland_spluff_gusp^nonsense^valid,6.78348535,6.5060627,0.06904761904761905,0.013793759512937594,-4.6236165,-6.2190232,1.9084089999999998,1.3639651500000007,70.42413735,8.0,0.0,0.0,0.08333333333333333,4.24959004751361,6.0,58.76168097,6.0,22.458991830000002,0.0,6.5,10.690146971084143,0.0,5.0
True,consistent,20.131371,famous_wealthy_old,Human,True,True,True,True,False,famous_wealthy_old^consistent^valid,6.4807837,6.20356825,0.08012820512820512,0.010258838383838384,-4.5493381,-6.3625355,1.9323806999999995,1.4796445,69.63362185,8.0,0.0,0.0,0.08333333333333333,4.237488658914296,6.0,60.63729776,6.0,23.660072139999997,0.0,6.0,10.529317589592818,0.0,5.0
True,consistent,29.196089,guns_weapons_dangerous,Human,True,True,True,True,False,guns_weapons_dangerous^consistent^valid,6.4460763,6.23771665,0.05555555555555555,0.010365198711063372,-4.8854012,-6.3792031,1.8348008,1.4967684499999998,70.87122375000001,8.0,0.0,0.0,0.08333333333333333,4.178935275009273,6.0,62.253303349999996,6.0,23.474716800000003,0.0,6.0,6.423485446299349,0.0,2.5
False,violate,13.764704,famous_wealthy_old,Human,False,True,True,False,False,famous_wealthy_old^violate^invalid,6.522084850000001,6.241058499999999,0.015527202696196438,0.0033222958057395145,-6.42185905,-7.729707749999999,-1.8874550500000002,-1.4397024499999995,68.82929245,8.0,0.8507393999999997,0.8507393999999997,1.0,0.8687090776333636,8.0,83.34150629999999,0.0,0.0,23.65068455,0.0,1.5798927767709125e-15,11.85799728392669,6.0
True,violate,19.495852,computers_electronics_expensive,Human,False,False,True,False,False,computers_electronics_expensive^violate^invalid,6.522399,6.180495499999999,0.016584429824561403,0.0031332744924977935,-6.37467015,-7.83040965,-1.6636693500000002,-1.36195265,71.27101135,8.0,0.8897316499999999,0.5789510499999999,1.0,0.8186306963818517,8.0,83.56209820000001,0.0,0.0,21.460766525,0.0,1.3123562768713624e-15,8.304262092877128,6.0
False,violate,41.232888,dragons_mythical_exist,Human,True,False,True,False,False,dragons_mythical_exist^violate^valid,6.437692200000001,6.284136999999999,0.07142857142857142,0.01098901098901099,-4.596205749999999,-6.3053995,1.7706680000000001,1.5878954999999997,68.67259949999999,8.0,0.0,0.0,0.08333333333333333,4.23807888995999,6.0,59.574550814999995,6.0,23.727392935,0.0,5.5,8.533601808825644,0.0,5.0
False,nonsense,62.364311,nonsense_gick_criff_riff,Human,False,True,False,False,True,nonsense_gick_criff_riff^nonsense^invalid,6.77416575,6.4033365,0.017812105926860028,0.003012485481997677,-6.27927495,-7.7930495,-1.8999519500000002,-1.33152955,70.26042064999999,8.0,0.8046874499999999,0.8046874499999999,1.0,0.9588243667035962,8.0,81.99559675,0.0,0.0,22.18412904,0.0,1.922026081878513e-15,7.025303752227982,7.0
False,violate,21.464543,famous_wealthy_old,Human,True,False,True,False,False,famous_wealthy_old^violate^valid,6.5324782,6.25096365,0.07738095238095238,0.011428944618599791,-4.5484671500000005,-6.2740884,1.8518867500000002,1.4590077500000005,68.93076565,8.0,0.0,0.0,0.08333333333333333,4.2525919368855565,6.0,59.70462999,6.0,23.492731159999998,0.0,6.0,12.003781547051933,0.0,5.0
True,consistent,22.66545,vehicles_mobile_buildings,Human,True,True,True,True,False,vehicles_mobile_buildings^consistent^valid,6.3821907499999995,6.210437649999999,0.06904761904761905,0.011564171122994652,-4.64578225,-6.27354215,1.6384811000000004,1.37078005,68.51259875,8.0,0.0,0.0,0.08333333333333333,4.228907988510999,6.0,59.65386215,6.0,21.893918050000003,0.0,5.5,8.481598709056234,0.0,5.0
False,violate,17.7976,gems_diamonds_transparent,Human,True,False,True,False,False,gems_diamonds_transparent^violate^valid,6.5703869,6.25740665,0.06904761904761905,0.010937126464260101,-4.647243,-6.326832,1.7948913499999999,1.39534725,71.34004354999999,8.0,0.0,0.0,0.08333333333333333,4.179927768234793,6.0,60.904833815,6.0,21.577068085,0.0,7.5,4.560481198507944,0.0,0.0
True,nonsense,26.631544,nonsense_fleff_drap_ved,Human,False,False,False,False,True,nonsense_fleff_drap_ved^nonsense^invalid,6.7356882,6.4797887,0.017857142857142856,0.0033333333333333335,-6.2327225,-7.6453165,-1.7768858500000002,-1.2957879499999998,69.57095895,8.0,0.8390180499999997,0.8390180499999997,1.0,1.1067655183148273,8.0,80.09782385,0.0,0.0,21.5798461,0.0,1.5592593902284698e-15,10.58589834287269,6.0
False,consistent,25.361811,politicians_dishonest_lie,Human,False,True,True,True,False,politicians_dishonest_lie^consistent^invalid,6.3229398,6.1018700500000005,0.011696306429548563,0.00206825453861027,-6.6775573,-8.384043,-2.07348635,-1.8434265,68.77078785,8.0,1.1970911499999999,1.1970911499999999,1.0,0.5955017881109077,8.0,88.85676230000001,0.0,0.0,27.509388350000002,0.0,2.2214782544241507e-15,11.435251791454718,7.0
True,consistent,20.697369,food_vegetables_healthy,Human,True,True,True,True,False,food_vegetables_healthy^consistent^valid,6.385638,6.289380550000001,0.07142857142857142,0.011494252873563218,-4.48948215,-6.2646552,1.9473686000000003,1.6365913,68.84390075,8.0,0.0,0.0,0.08333333333333333,4.215218270069648,6.0,59.918024325000005,6.0,25.219347475,0.0,6.0,7.1482754435408244,0.0,0.0
True,violate,43.997699,dragons_mythical_exist,Human,True,True,True,False,False,dragons_mythical_exist^violate^valid,6.437692200000001,6.284136999999999,0.07142857142857142,0.01098901098901099,-4.596205749999999,-6.3053995,1.7706680000000001,1.5878954999999997,68.67259949999999,8.0,0.0,0.0,0.08333333333333333,4.23807888995999,6.0,59.574550814999995,6.0,23.727392935,0.0,5.5,8.533601808825644,0.0,5.0
True,consistent,69.563589,famous_wealthy_old,Human,True,True,True,True,False,famous_wealthy_old^consistent^valid,6.4807837,6.20356825,0.08012820512820512,0.010258838383838384,-4.5493381,-6.3625355,1.9323806999999995,1.4796445,69.63362185,8.0,0.0,0.0,0.08333333333333333,4.237488658914296,6.0,60.63729776,6.0,23.660072139999997,0.0,6.0,10.529317589592818,0.0,5.0
False,consistent,50.230476,famous_wealthy_old,Human,True,False,True,True,False,famous_wealthy_old^consistent^valid,6.4807837,6.20356825,0.08012820512820512,0.010258838383838384,-4.5493381,-6.3625355,1.9323806999999995,1.4796445,69.63362185,8.0,0.0,0.0,0.08333333333333333,4.237488658914296,6.0,60.63729776,6.0,23.660072139999997,0.0,6.0,10.529317589592818,0.0,5.0
True,nonsense,30.031244,nonsense_sneb_jing_omp,Human,True,True,False,False,True,nonsense_sneb_jing_omp^nonsense^valid,6.65619085,6.495821749999999,0.1,0.012739370334307044,-4.4031727,-6.28572395,1.7148209500000005,1.2285571999999996,69.11306905000001,8.0,0.0,0.0,0.08333333333333333,4.278485842278608,6.0,58.513248895,6.0,21.298895254999998,0.0,6.0,12.427159115811023,0.0,3.0
False,nonsense,27.631614,nonsense_glap_phropt_soff,Human,False,True,False,False,True,nonsense_glap_phropt_soff^nonsense^invalid,6.835217,6.48248985,0.017879948914431672,0.0032682879938479284,-6.2467933,-7.6869061,-1.7169495499999998,-1.3523528000000002,71.96260765,8.0,0.7400541000000003,0.7400541000000003,1.0,1.046556576027338,8.0,80.85321694999999,0.0,0.0,21.24006573,0.0,1.4812981591103516e-15,12.289438387742884,7.0
True,nonsense,39.731253,nonsense_sland_spluff_gusp,Human,True,True,False,False,True,nonsense_sland_spluff_gusp^nonsense^valid,6.78348535,6.5060627,0.06904761904761905,0.013793759512937594,-4.6236165,-6.2190232,1.9084089999999998,1.3639651500000007,70.42413735,8.0,0.0,0.0,0.08333333333333333,4.24959004751361,6.0,58.76168097,6.0,22.458991830000002,0.0,6.5,10.690146971084143,0.0,5.0
True,violate,17.89687,famous_wealthy_old,Human,True,True,True,False,False,famous_wealthy_old^violate^valid,6.5324782,6.25096365,0.07738095238095238,0.011428944618599791,-4.5484671500000005,-6.2740884,1.8518867500000002,1.4590077500000005,68.93076565,8.0,0.0,0.0,0.08333333333333333,4.2525919368855565,6.0,59.70462999,6.0,23.492731159999998,0.0,6.0,12.003781547051933,0.0,5.0
True,violate,40.230884,vehicles_mobile_buildings,Human,False,False,True,False,False,vehicles_mobile_buildings^violate^invalid,6.392072300000001,6.24234065,0.017078071182548796,0.0033003300330033004,-6.3503642,-7.754690999999999,-1.7715988499999997,-1.4810226999999996,68.9766537,8.0,0.8604618999999998,0.8604618999999998,1.0,0.8893919805418689,8.0,83.067856,0.0,0.0,23.2554352,0.0,1.5307203401176875e-15,8.8691659972438,7.0
True,violate,27.098364,food_vegetables_healthy,Human,True,True,True,False,False,food_vegetables_healthy^violate^valid,6.450257000000001,6.31065585,0.06904761904761905,0.011173533083645444,-4.5539477,-6.2796415,1.8238982999999998,1.5661775000000002,69.1644208,8.0,0.0,0.0,0.08333333333333333,4.1972102532224955,6.0,60.09550511,6.0,24.33377359,0.0,6.0,7.9250296811573815,0.0,5.0
False,nonsense,49.198987,nonsense_nept_bript_jeft,Human,False,True,False,False,True,nonsense_nept_bript_jeft^nonsense^invalid,6.7120135,6.5231946999999995,0.016001024065540194,0.003401360544217687,-6.3623347500000005,-7.6286695,-2.00212095,-1.3144179999999999,69.8634525,8.0,0.8520413999999998,0.8520413999999998,1.0,0.9856656071823022,8.0,81.17559270000001,0.0,0.0,22.773455765,0.0,1.768271155567925e-15,11.793987853568831,6.5
False,violate,42.397273,dragons_mythical_exist,Human,False,True,True,False,False,dragons_mythical_exist^violate^invalid,6.3965742500000005,6.317690649999999,0.016411084207694375,0.002816990818990486,-6.351449,-7.92016295,-1.8188361499999997,-1.5580721999999998,68.2857051,8.0,0.9220247500000005,0.9220247500000005,1.0,0.9051403786675013,8.0,83.5121707,0.0,0.0,24.115853095,0.0,1.4280514096016063e-15,9.760069242080714,6.5
True,consistent,26.89752,guns_weapons_dangerous,Human,True,True,True,True,False,guns_weapons_dangerous^consistent^valid,6.4460763,6.23771665,0.05555555555555555,0.010365198711063372,-4.8854012,-6.3792031,1.8348008,1.4967684499999998,70.87122375000001,8.0,0.0,0.0,0.08333333333333333,4.178935275009273,6.0,62.253303349999996,6.0,23.474716800000003,0.0,6.0,6.423485446299349,0.0,2.5
True,nonsense,27.598407,nonsense_sland_spluff_gusp,Human,True,True,False,False,True,nonsense_sland_spluff_gusp^nonsense^valid,6.78348535,6.5060627,0.06904761904761905,0.013793759512937594,-4.6236165,-6.2190232,1.9084089999999998,1.3639651500000007,70.42413735,8.0,0.0,0.0,0.08333333333333333,4.24959004751361,6.0,58.76168097,6.0,22.458991830000002,0.0,6.5,10.690146971084143,0.0,5.0
True,consistent,18.797722,librarians_happy_healthy,Human,True,True,True,True,False,librarians_happy_healthy^consistent^valid,6.4488923499999995,6.21358025,0.08333333333333333,0.009478885893980233,-4.3865333500000006,-6.49733885,2.1736029,1.6753026500000003,68.60927085,8.0,0.0,0.0,0.08333333333333333,4.202778071855432,6.0,60.489633715,6.0,26.835941335,0.0,6.0,10.648016475550474,0.0,5.0
False,consistent,14.030508,dragons_mythical_exist,Human,False,True,True,True,False,dragons_mythical_exist^consistent^invalid,6.353085,6.2800932,0.015504807692307693,0.0027906216430806595,-6.4230528,-7.9485637,-1.8286666499999997,-1.6385662000000005,68.6781366,8.0,0.8879900500000004,0.8879900500000004,1.0,0.8852128998889575,8.0,84.0837234,0.0,0.0,24.337613705,0.0,1.5610424666418568e-15,7.911169394996633,6.5
True,consistent,20.898487,librarians_happy_healthy,Human,True,True,True,True,False,librarians_happy_healthy^consistent^valid,6.4488923499999995,6.21358025,0.08333333333333333,0.009478885893980233,-4.3865333500000006,-6.49733885,2.1736029,1.6753026500000003,68.60927085,8.0,0.0,0.0,0.08333333333333333,4.202778071855432,6.0,60.489633715,6.0,26.835941335,0.0,6.0,10.648016475550474,0.0,5.0
False,violate,29.498928,flowers_animals_reptiles,Human,False,True,True,False,False,flowers_animals_reptiles^violate^invalid,6.511972500000001,6.299694649999999,0.020638297872340425,0.0030771852749583396,-6.099171,-7.8213919999999995,-1.5850982499999997,-1.4380342499999998,68.83154575,8.0,0.8858627500000003,0.7332459000000002,1.0,0.9176825938046316,8.0,81.4447405,0.0,0.0,21.956226824999998,0.0,1.5408950250308162e-15,8.545072663703762,2.0
False,violate,20.129865,vehicles_mobile_buildings,Human,True,False,True,False,False,vehicles_mobile_buildings^violate^valid,6.4227202,6.2347107,0.07142857142857142,0.01162947937795808,-4.4802725,-6.2656579,1.716221,1.4676158,68.53631695,8.0,0.0,0.0,0.08333333333333333,4.239842482458063,6.0,59.276388915,6.0,22.930080835000005,0.0,6.0,10.259922478197065,0.0,5.0
False,violate,38.296742,computers_electronics_expensive,Human,False,True,True,False,False,computers_electronics_expensive^violate^invalid,6.522399,6.180495499999999,0.016584429824561403,0.0031332744924977935,-6.37467015,-7.83040965,-1.6636693500000002,-1.36195265,71.27101135,8.0,0.8897316499999999,0.5789510499999999,1.0,0.8186306963818517,8.0,83.56209820000001,0.0,0.0,21.460766525,0.0,1.3123562768713624e-15,8.304262092877128,6.0
False,nonsense,18.598996,nonsense_fleff_drap_ved,Human,False,True,False,False,True,nonsense_fleff_drap_ved^nonsense^invalid,6.7356882,6.4797887,0.017857142857142856,0.0033333333333333335,-6.2327225,-7.6453165,-1.7768858500000002,-1.2957879499999998,69.57095895,8.0,0.8390180499999997,0.8390180499999997,1.0,1.1067655183148273,8.0,80.09782385,0.0,0.0,21.5798461,0.0,1.5592593902284698e-15,10.58589834287269,6.0
False,consistent,28.831026,politicians_dishonest_lie,Human,False,True,True,True,False,politicians_dishonest_lie^consistent^invalid,6.3229398,6.1018700500000005,0.011696306429548563,0.00206825453861027,-6.6775573,-8.384043,-2.07348635,-1.8434265,68.77078785,8.0,1.1970911499999999,1.1970911499999999,1.0,0.5955017881109077,8.0,88.85676230000001,0.0,0.0,27.509388350000002,0.0,2.2214782544241507e-15,11.435251791454718,7.0
True,nonsense,75.564546,nonsense_sclack_chask_pron,Human,True,True,False,False,True,nonsense_sclack_chask_pron^nonsense^valid,6.7072847,6.5142629,0.1,0.011979913916786227,-4.3135255,-6.2997,2.1935465,1.4291842999999997,69.4342872,8.0,0.0,0.0,0.08333333333333333,4.268425562838022,6.0,58.392672759999996,6.0,24.10128049,0.0,6.5,6.026644966355567,0.0,5.0
True,nonsense,32.998893,nonsense_phrite_ing_pand,Human,True,True,False,False,True,nonsense_phrite_ing_pand^nonsense^valid,6.78927335,6.4204802999999995,0.08012820512820512,0.012196935891715008,-4.490728649999999,-6.2951688,1.7119826000000002,1.4278045500000003,70.91099205,8.0,0.0,0.0,0.08333333333333333,4.242352061088863,6.0,58.710175875000004,6.0,22.165997075,0.0,5.5,9.70258907505362,0.0,5.0
True,nonsense,18.196657,nonsense_shrad_splect_dring,Human,True,True,False,False,True,nonsense_shrad_splect_dring^nonsense^valid,6.7610812,6.47533,0.08116883116883117,0.012434352795798579,-4.5256802,-6.28925465,1.7478102499999997,1.4159046000000002,71.13687965000001,8.0,0.0,0.0,0.08333333333333333,4.2501012416620565,6.0,59.227644260000005,6.0,22.47998154,0.0,6.5,10.09146835248848,0.0,5.0
True,violate,24.528621,plants_trees_tall,Human,False,False,True,False,False,plants_trees_tall^violate^invalid,6.38619115,6.28409735,0.01391304347826087,0.0028250616485910604,-6.5820267,-7.904741700000001,-1.94494635,-1.4837399500000004,68.6596727,8.0,0.8188750499999999,0.8188750499999999,1.0,0.8301860391296563,8.0,84.3862721,0.0,0.0,23.987561715,0.0,1.9225480256938434e-15,5.124418675638259,7.0
True,consistent,24.965742,vehicles_mobile_buildings,Human,True,True,True,True,False,vehicles_mobile_buildings^consistent^valid,6.3821907499999995,6.210437649999999,0.06904761904761905,0.011564171122994652,-4.64578225,-6.27354215,1.6384811000000004,1.37078005,68.51259875,8.0,0.0,0.0,0.08333333333333333,4.228907988510999,6.0,59.65386215,6.0,21.893918050000003,0.0,5.5,8.481598709056234,0.0,5.0
True,violate,19.932542,plants_trees_tall,Human,False,False,True,False,False,plants_trees_tall^violate^invalid,6.38619115,6.28409735,0.01391304347826087,0.0028250616485910604,-6.5820267,-7.904741700000001,-1.94494635,-1.4837399500000004,68.6596727,8.0,0.8188750499999999,0.8188750499999999,1.0,0.8301860391296563,8.0,84.3862721,0.0,0.0,23.987561715,0.0,1.9225480256938434e-15,5.124418675638259,7.0
False,consistent,28.99172,guns_weapons_dangerous,Human,True,False,True,True,False,guns_weapons_dangerous^consistent^valid,6.4460763,6.23771665,0.05555555555555555,0.010365198711063372,-4.8854012,-6.3792031,1.8348008,1.4967684499999998,70.87122375000001,8.0,0.0,0.0,0.08333333333333333,4.178935275009273,6.0,62.253303349999996,6.0,23.474716800000003,0.0,6.0,6.423485446299349,0.0,2.5
True,violate,14.631682,famous_wealthy_old,Human,False,False,True,False,False,famous_wealthy_old^violate^invalid,6.522084850000001,6.241058499999999,0.015527202696196438,0.0033222958057395145,-6.42185905,-7.729707749999999,-1.8874550500000002,-1.4397024499999995,68.82929245,8.0,0.8507393999999997,0.8507393999999997,1.0,0.8687090776333636,8.0,83.34150629999999,0.0,0.0,23.65068455,0.0,1.5798927767709125e-15,11.85799728392669,6.0
True,nonsense,44.963637,nonsense_gick_criff_riff,Human,False,False,False,False,True,nonsense_gick_criff_riff^nonsense^invalid,6.77416575,6.4033365,0.017812105926860028,0.003012485481997677,-6.27927495,-7.7930495,-1.8999519500000002,-1.33152955,70.26042064999999,8.0,0.8046874499999999,0.8046874499999999,1.0,0.9588243667035962,8.0,81.99559675,0.0,0.0,22.18412904,0.0,1.922026081878513e-15,7.025303752227982,7.0
False,violate,47.398987,gems_diamonds_transparent,Human,True,False,True,False,False,gems_diamonds_transparent^violate^valid,6.5703869,6.25740665,0.06904761904761905,0.010937126464260101,-4.647243,-6.326832,1.7948913499999999,1.39534725,71.34004354999999,8.0,0.0,0.0,0.08333333333333333,4.179927768234793,6.0,60.904833815,6.0,21.577068085,0.0,7.5,4.560481198507944,0.0,0.0
False,nonsense,53.108356,nonsense_sclace_dact_yink,Human,True,False,False,False,True,nonsense_sclace_dact_yink^nonsense^valid,6.6996305,6.49316,0.07142857142857142,0.013333333333333334,-4.62263075,-6.26985025,1.8822250500000002,1.32559375,69.4958898,8.0,0.0,0.0,0.08333333333333333,4.251478841343673,6.0,58.55405652,6.0,22.610766429999998,0.0,6.0,8.330163944391682,0.0,5.0
False,violate,54.998593,dragons_mythical_exist,Human,True,False,True,False,False,dragons_mythical_exist^violate^valid,6.437692200000001,6.284136999999999,0.07142857142857142,0.01098901098901099,-4.596205749999999,-6.3053995,1.7706680000000001,1.5878954999999997,68.67259949999999,8.0,0.0,0.0,0.08333333333333333,4.23807888995999,6.0,59.574550814999995,6.0,23.727392935,0.0,5.5,8.533601808825644,0.0,5.0
True,violate,34.898997,flowers_animals_reptiles,Human,False,False,True,False,False,flowers_animals_reptiles^violate^invalid,6.511972500000001,6.299694649999999,0.020638297872340425,0.0030771852749583396,-6.099171,-7.8213919999999995,-1.5850982499999997,-1.4380342499999998,68.83154575,8.0,0.8858627500000003,0.7332459000000002,1.0,0.9176825938046316,8.0,81.4447405,0.0,0.0,21.956226824999998,0.0,1.5408950250308162e-15,8.545072663703762,2.0
False,consistent,27.897108,guns_weapons_dangerous,Human,True,False,True,True,False,guns_weapons_dangerous^consistent^valid,6.4460763,6.23771665,0.05555555555555555,0.010365198711063372,-4.8854012,-6.3792031,1.8348008,1.4967684499999998,70.87122375000001,8.0,0.0,0.0,0.08333333333333333,4.178935275009273,6.0,62.253303349999996,6.0,23.474716800000003,0.0,6.0,6.423485446299349,0.0,2.5
True,consistent,25.648095,famous_wealthy_old,Human,True,True,True,True,False,famous_wealthy_old^consistent^valid,6.4807837,6.20356825,0.08012820512820512,0.010258838383838384,-4.5493381,-6.3625355,1.9323806999999995,1.4796445,69.63362185,8.0,0.0,0.0,0.08333333333333333,4.237488658914296,6.0,60.63729776,6.0,23.660072139999997,0.0,6.0,10.529317589592818,0.0,5.0
True,consistent,20.996769,food_vegetables_healthy,Human,True,True,True,True,False,food_vegetables_healthy^consistent^valid,6.385638,6.289380550000001,0.07142857142857142,0.011494252873563218,-4.48948215,-6.2646552,1.9473686000000003,1.6365913,68.84390075,8.0,0.0,0.0,0.08333333333333333,4.215218270069648,6.0,59.918024325000005,6.0,25.219347475,0.0,6.0,7.1482754435408244,0.0,0.0
True,consistent,49.731165,famous_wealthy_old,Human,True,True,True,True,False,famous_wealthy_old^consistent^valid,6.4807837,6.20356825,0.08012820512820512,0.010258838383838384,-4.5493381,-6.3625355,1.9323806999999995,1.4796445,69.63362185,8.0,0.0,0.0,0.08333333333333333,4.237488658914296,6.0,60.63729776,6.0,23.660072139999997,0.0,6.0,10.529317589592818,0.0,5.0
True,consistent,29.064105,famous_wealthy_old,Human,True,True,True,True,False,famous_wealthy_old^consistent^valid,6.4807837,6.20356825,0.08012820512820512,0.010258838383838384,-4.5493381,-6.3625355,1.9323806999999995,1.4796445,69.63362185,8.0,0.0,0.0,0.08333333333333333,4.237488658914296,6.0,60.63729776,6.0,23.660072139999997,0.0,6.0,10.529317589592818,0.0,5.0
True,nonsense,41.564319,nonsense_glap_phropt_soff,Human,False,False,False,False,True,nonsense_glap_phropt_soff^nonsense^invalid,6.835217,6.48248985,0.017879948914431672,0.0032682879938479284,-6.2467933,-7.6869061,-1.7169495499999998,-1.3523528000000002,71.96260765,8.0,0.7400541000000003,0.7400541000000003,1.0,1.046556576027338,8.0,80.85321694999999,0.0,0.0,21.24006573,0.0,1.4812981591103516e-15,12.289438387742884,7.0
False,violate,31.365483,dragons_mythical_exist,Human,True,False,True,False,False,dragons_mythical_exist^violate^valid,6.437692200000001,6.284136999999999,0.07142857142857142,0.01098901098901099,-4.596205749999999,-6.3053995,1.7706680000000001,1.5878954999999997,68.67259949999999,8.0,0.0,0.0,0.08333333333333333,4.23807888995999,6.0,59.574550814999995,6.0,23.727392935,0.0,5.5,8.533601808825644,0.0,5.0
True,violate,31.265397,dragons_mythical_exist,Human,True,True,True,False,False,dragons_mythical_exist^violate^valid,6.437692200000001,6.284136999999999,0.07142857142857142,0.01098901098901099,-4.596205749999999,-6.3053995,1.7706680000000001,1.5878954999999997,68.67259949999999,8.0,0.0,0.0,0.08333333333333333,4.23807888995999,6.0,59.574550814999995,6.0,23.727392935,0.0,5.5,8.533601808825644,0.0,5.0
True,violate,14.46353,vehicles_mobile_buildings,Human,False,False,True,False,False,vehicles_mobile_buildings^violate^invalid,6.392072300000001,6.24234065,0.017078071182548796,0.0033003300330033004,-6.3503642,-7.754690999999999,-1.7715988499999997,-1.4810226999999996,68.9766537,8.0,0.8604618999999998,0.8604618999999998,1.0,0.8893919805418689,8.0,83.067856,0.0,0.0,23.2554352,0.0,1.5307203401176875e-15,8.8691659972438,7.0
False,nonsense,18.364707,nonsense_sneb_jing_omp,Human,True,False,False,False,True,nonsense_sneb_jing_omp^nonsense^valid,6.65619085,6.495821749999999,0.1,0.012739370334307044,-4.4031727,-6.28572395,1.7148209500000005,1.2285571999999996,69.11306905000001,8.0,0.0,0.0,0.08333333333333333,4.278485842278608,6.0,58.513248895,6.0,21.298895254999998,0.0,6.0,12.427159115811023,0.0,3.0
True,consistent,20.464482,famous_wealthy_old,Human,True,True,True,True,False,famous_wealthy_old^consistent^valid,6.4807837,6.20356825,0.08012820512820512,0.010258838383838384,-4.5493381,-6.3625355,1.9323806999999995,1.4796445,69.63362185,8.0,0.0,0.0,0.08333333333333333,4.237488658914296,6.0,60.63729776,6.0,23.660072139999997,0.0,6.0,10.529317589592818,0.0,5.0
False,nonsense,95.631421,nonsense_gick_criff_riff,Human,False,True,False,False,True,nonsense_gick_criff_riff^nonsense^invalid,6.77416575,6.4033365,0.017812105926860028,0.003012485481997677,-6.27927495,-7.7930495,-1.8999519500000002,-1.33152955,70.26042064999999,8.0,0.8046874499999999,0.8046874499999999,1.0,0.9588243667035962,8.0,81.99559675,0.0,0.0,22.18412904,0.0,1.922026081878513e-15,7.025303752227982,7.0
False,nonsense,54.764324,nonsense_sland_spluff_gusp,Human,True,False,False,False,True,nonsense_sland_spluff_gusp^nonsense^valid,6.78348535,6.5060627,0.06904761904761905,0.013793759512937594,-4.6236165,-6.2190232,1.9084089999999998,1.3639651500000007,70.42413735,8.0,0.0,0.0,0.08333333333333333,4.24959004751361,6.0,58.76168097,6.0,22.458991830000002,0.0,6.5,10.690146971084143,0.0,5.0
True,consistent,44.997698,librarians_happy_healthy,Human,True,True,True,True,False,librarians_happy_healthy^consistent^valid,6.4488923499999995,6.21358025,0.08333333333333333,0.009478885893980233,-4.3865333500000006,-6.49733885,2.1736029,1.6753026500000003,68.60927085,8.0,0.0,0.0,0.08333333333333333,4.202778071855432,6.0,60.489633715,6.0,26.835941335,0.0,6.0,10.648016475550474,0.0,5.0
False,nonsense,47.998226,nonsense_phrist_biss_skemp,Human,True,False,False,False,True,nonsense_phrist_biss_skemp^nonsense^valid,6.731029250000001,6.494539,0.10555555555555556,0.012195121951219513,-4.290376350000001,-6.30501105,2.03048335,1.41410085,70.18686025,8.0,0.0,0.0,0.08333333333333333,4.267729924427778,6.0,58.678963880000005,6.0,23.135615870000002,0.0,6.5,12.213579792394672,0.0,3.0
True,nonsense,45.59895,nonsense_nept_bript_jeft,Human,False,False,False,False,True,nonsense_nept_bript_jeft^nonsense^invalid,6.7120135,6.5231946999999995,0.016001024065540194,0.003401360544217687,-6.3623347500000005,-7.6286695,-2.00212095,-1.3144179999999999,69.8634525,8.0,0.8520413999999998,0.8520413999999998,1.0,0.9856656071823022,8.0,81.17559270000001,0.0,0.0,22.773455765,0.0,1.768271155567925e-15,11.793987853568831,6.5
False,consistent,37.230078,politicians_dishonest_lie,Human,False,True,True,True,False,politicians_dishonest_lie^consistent^invalid,6.3229398,6.1018700500000005,0.011696306429548563,0.00206825453861027,-6.6775573,-8.384043,-2.07348635,-1.8434265,68.77078785,8.0,1.1970911499999999,1.1970911499999999,1.0,0.5955017881109077,8.0,88.85676230000001,0.0,0.0,27.509388350000002,0.0,2.2214782544241507e-15,11.435251791454718,7.0
True,consistent,66.363472,dragons_mythical_exist,Human,False,False,True,True,False,dragons_mythical_exist^consistent^invalid,6.353085,6.2800932,0.015504807692307693,0.0027906216430806595,-6.4230528,-7.9485637,-1.8286666499999997,-1.6385662000000005,68.6781366,8.0,0.8879900500000004,0.8879900500000004,1.0,0.8852128998889575,8.0,84.0837234,0.0,0.0,24.337613705,0.0,1.5610424666418568e-15,7.911169394996633,6.5
True,violate,182.765297,flowers_animals_reptiles,Human,False,False,True,False,False,flowers_animals_reptiles^violate^invalid,6.511972500000001,6.299694649999999,0.020638297872340425,0.0030771852749583396,-6.099171,-7.8213919999999995,-1.5850982499999997,-1.4380342499999998,68.83154575,8.0,0.8858627500000003,0.7332459000000002,1.0,0.9176825938046316,8.0,81.4447405,0.0,0.0,21.956226824999998,0.0,1.5408950250308162e-15,8.545072663703762,2.0
True,violate,19.397243,gems_diamonds_transparent,Human,False,False,True,False,False,gems_diamonds_transparent^violate^invalid,6.54417985,6.2232831,0.014724310776942355,0.003206742381417339,-6.520405500000001,-7.78959085,-1.8865203500000005,-1.4694999500000003,70.84039609999999,8.0,0.6408786500000003,0.49384809999999946,1.0,0.8431403125175523,8.0,83.08205534999999,0.0,0.0,22.57233653,0.0,1.7192539355520916e-15,4.2441669087975615,6.0
True,violate,20.728999,famous_wealthy_old,Human,True,True,True,False,False,famous_wealthy_old^violate^valid,6.5324782,6.25096365,0.07738095238095238,0.011428944618599791,-4.5484671500000005,-6.2740884,1.8518867500000002,1.4590077500000005,68.93076565,8.0,0.0,0.0,0.08333333333333333,4.2525919368855565,6.0,59.70462999,6.0,23.492731159999998,0.0,6.0,12.003781547051933,0.0,5.0
False,nonsense,29.896848,nonsense_sclace_dact_yink,Human,True,False,False,False,True,nonsense_sclace_dact_yink^nonsense^valid,6.6996305,6.49316,0.07142857142857142,0.013333333333333334,-4.62263075,-6.26985025,1.8822250500000002,1.32559375,69.4958898,8.0,0.0,0.0,0.08333333333333333,4.251478841343673,6.0,58.55405652,6.0,22.610766429999998,0.0,6.0,8.330163944391682,0.0,5.0
False,consistent,33.727909,politicians_dishonest_lie,Human,False,True,True,True,False,politicians_dishonest_lie^consistent^invalid,6.3229398,6.1018700500000005,0.011696306429548563,0.00206825453861027,-6.6775573,-8.384043,-2.07348635,-1.8434265,68.77078785,8.0,1.1970911499999999,1.1970911499999999,1.0,0.5955017881109077,8.0,88.85676230000001,0.0,0.0,27.509388350000002,0.0,2.2214782544241507e-15,11.435251791454718,7.0
True,consistent,8.562831,guns_weapons_dangerous,Human,True,True,True,True,False,guns_weapons_dangerous^consistent^valid,6.4460763,6.23771665,0.05555555555555555,0.010365198711063372,-4.8854012,-6.3792031,1.8348008,1.4967684499999998,70.87122375000001,8.0,0.0,0.0,0.08333333333333333,4.178935275009273,6.0,62.253303349999996,6.0,23.474716800000003,0.0,6.0,6.423485446299349,0.0,2.5
False,violate,29.296191,flowers_animals_reptiles,Human,False,True,True,False,False,flowers_animals_reptiles^violate^invalid,6.511972500000001,6.299694649999999,0.020638297872340425,0.0030771852749583396,-6.099171,-7.8213919999999995,-1.5850982499999997,-1.4380342499999998,68.83154575,8.0,0.8858627500000003,0.7332459000000002,1.0,0.9176825938046316,8.0,81.4447405,0.0,0.0,21.956226824999998,0.0,1.5408950250308162e-15,8.545072663703762,2.0
True,violate,16.779608,plants_trees_tall,Human,False,False,True,False,False,plants_trees_tall^violate^invalid,6.38619115,6.28409735,0.01391304347826087,0.0028250616485910604,-6.5820267,-7.904741700000001,-1.94494635,-1.4837399500000004,68.6596727,8.0,0.8188750499999999,0.8188750499999999,1.0,0.8301860391296563,8.0,84.3862721,0.0,0.0,23.987561715,0.0,1.9225480256938434e-15,5.124418675638259,7.0
False,consistent,26.465684,librarians_happy_healthy,Human,True,False,True,True,False,librarians_happy_healthy^consistent^valid,6.4488923499999995,6.21358025,0.08333333333333333,0.009478885893980233,-4.3865333500000006,-6.49733885,2.1736029,1.6753026500000003,68.60927085,8.0,0.0,0.0,0.08333333333333333,4.202778071855432,6.0,60.489633715,6.0,26.835941335,0.0,6.0,10.648016475550474,0.0,5.0
True,nonsense,16.497031,nonsense_shrad_splect_dring,Human,True,True,False,False,True,nonsense_shrad_splect_dring^nonsense^valid,6.7610812,6.47533,0.08116883116883117,0.012434352795798579,-4.5256802,-6.28925465,1.7478102499999997,1.4159046000000002,71.13687965000001,8.0,0.0,0.0,0.08333333333333333,4.2501012416620565,6.0,59.227644260000005,6.0,22.47998154,0.0,6.5,10.09146835248848,0.0,5.0
True,violate,20.831812,plants_trees_tall,Human,False,False,True,False,False,plants_trees_tall^violate^invalid,6.38619115,6.28409735,0.01391304347826087,0.0028250616485910604,-6.5820267,-7.904741700000001,-1.94494635,-1.4837399500000004,68.6596727,8.0,0.8188750499999999,0.8188750499999999,1.0,0.8301860391296563,8.0,84.3862721,0.0,0.0,23.987561715,0.0,1.9225480256938434e-15,5.124418675638259,7.0
True,violate,19.432158,gems_diamonds_transparent,Human,True,True,True,False,False,gems_diamonds_transparent^violate^valid,6.5703869,6.25740665,0.06904761904761905,0.010937126464260101,-4.647243,-6.326832,1.7948913499999999,1.39534725,71.34004354999999,8.0,0.0,0.0,0.08333333333333333,4.179927768234793,6.0,60.904833815,6.0,21.577068085,0.0,7.5,4.560481198507944,0.0,0.0
True,violate,15.930657,food_vegetables_healthy,Human,True,True,True,False,False,food_vegetables_healthy^violate^valid,6.450257000000001,6.31065585,0.06904761904761905,0.011173533083645444,-4.5539477,-6.2796415,1.8238982999999998,1.5661775000000002,69.1644208,8.0,0.0,0.0,0.08333333333333333,4.1972102532224955,6.0,60.09550511,6.0,24.33377359,0.0,6.0,7.9250296811573815,0.0,5.0
True,nonsense,19.732285,nonsense_fleff_drap_ved,Human,False,False,False,False,True,nonsense_fleff_drap_ved^nonsense^invalid,6.7356882,6.4797887,0.017857142857142856,0.0033333333333333335,-6.2327225,-7.6453165,-1.7768858500000002,-1.2957879499999998,69.57095895,8.0,0.8390180499999997,0.8390180499999997,1.0,1.1067655183148273,8.0,80.09782385,0.0,0.0,21.5798461,0.0,1.5592593902284698e-15,10.58589834287269,6.0
True,consistent,11.03106,guns_weapons_dangerous,Human,True,True,True,True,False,guns_weapons_dangerous^consistent^valid,6.4460763,6.23771665,0.05555555555555555,0.010365198711063372,-4.8854012,-6.3792031,1.8348008,1.4967684499999998,70.87122375000001,8.0,0.0,0.0,0.08333333333333333,4.178935275009273,6.0,62.253303349999996,6.0,23.474716800000003,0.0,6.0,6.423485446299349,0.0,2.5
True,nonsense,40.430476,nonsense_phrite_ing_pand,Human,True,True,False,False,True,nonsense_phrite_ing_pand^nonsense^valid,6.78927335,6.4204802999999995,0.08012820512820512,0.012196935891715008,-4.490728649999999,-6.2951688,1.7119826000000002,1.4278045500000003,70.91099205,8.0,0.0,0.0,0.08333333333333333,4.242352061088863,6.0,58.710175875000004,6.0,22.165997075,0.0,5.5,9.70258907505362,0.0,5.0
True,violate,15.897219,famous_wealthy_old,Human,False,False,True,False,False,famous_wealthy_old^violate^invalid,6.522084850000001,6.241058499999999,0.015527202696196438,0.0033222958057395145,-6.42185905,-7.729707749999999,-1.8874550500000002,-1.4397024499999995,68.82929245,8.0,0.8507393999999997,0.8507393999999997,1.0,0.8687090776333636,8.0,83.34150629999999,0.0,0.0,23.65068455,0.0,1.5798927767709125e-15,11.85799728392669,6.0
True,consistent,24.465624,vehicles_mobile_buildings,Human,True,True,True,True,False,vehicles_mobile_buildings^consistent^valid,6.3821907499999995,6.210437649999999,0.06904761904761905,0.011564171122994652,-4.64578225,-6.27354215,1.6384811000000004,1.37078005,68.51259875,8.0,0.0,0.0,0.08333333333333333,4.228907988510999,6.0,59.65386215,6.0,21.893918050000003,0.0,5.5,8.481598709056234,0.0,5.0
True,consistent,24.497986,guns_weapons_dangerous,Human,True,True,True,True,False,guns_weapons_dangerous^consistent^valid,6.4460763,6.23771665,0.05555555555555555,0.010365198711063372,-4.8854012,-6.3792031,1.8348008,1.4967684499999998,70.87122375000001,8.0,0.0,0.0,0.08333333333333333,4.178935275009273,6.0,62.253303349999996,6.0,23.474716800000003,0.0,6.0,6.423485446299349,0.0,2.5
True,nonsense,72.963931,nonsense_sclack_chask_pron,Human,True,True,False,False,True,nonsense_sclack_chask_pron^nonsense^valid,6.7072847,6.5142629,0.1,0.011979913916786227,-4.3135255,-6.2997,2.1935465,1.4291842999999997,69.4342872,8.0,0.0,0.0,0.08333333333333333,4.268425562838022,6.0,58.392672759999996,6.0,24.10128049,0.0,6.5,6.026644966355567,0.0,5.0
True,violate,15.995235,computers_electronics_expensive,Human,False,False,True,False,False,computers_electronics_expensive^violate^invalid,6.522399,6.180495499999999,0.016584429824561403,0.0031332744924977935,-6.37467015,-7.83040965,-1.6636693500000002,-1.36195265,71.27101135,8.0,0.8897316499999999,0.5789510499999999,1.0,0.8186306963818517,8.0,83.56209820000001,0.0,0.0,21.460766525,0.0,1.3123562768713624e-15,8.304262092877128,6.0
True,violate,38.230176,dragons_mythical_exist,Human,False,False,True,False,False,dragons_mythical_exist^violate^invalid,6.3965742500000005,6.317690649999999,0.016411084207694375,0.002816990818990486,-6.351449,-7.92016295,-1.8188361499999997,-1.5580721999999998,68.2857051,8.0,0.9220247500000005,0.9220247500000005,1.0,0.9051403786675013,8.0,83.5121707,0.0,0.0,24.115853095,0.0,1.4280514096016063e-15,9.760069242080714,6.5
False,violate,29.296097,vehicles_mobile_buildings,Human,True,False,True,False,False,vehicles_mobile_buildings^violate^valid,6.4227202,6.2347107,0.07142857142857142,0.01162947937795808,-4.4802725,-6.2656579,1.716221,1.4676158,68.53631695,8.0,0.0,0.0,0.08333333333333333,4.239842482458063,6.0,59.276388915,6.0,22.930080835000005,0.0,6.0,10.259922478197065,0.0,5.0
True,nonsense,19.398634,nonsense_sland_spluff_gusp,Human,True,True,False,False,True,nonsense_sland_spluff_gusp^nonsense^valid,6.78348535,6.5060627,0.06904761904761905,0.013793759512937594,-4.6236165,-6.2190232,1.9084089999999998,1.3639651500000007,70.42413735,8.0,0.0,0.0,0.08333333333333333,4.24959004751361,6.0,58.76168097,6.0,22.458991830000002,0.0,6.5,10.690146971084143,0.0,5.0
False,nonsense,29.030752,nonsense_sland_spluff_gusp,Human,True,False,False,False,True,nonsense_sland_spluff_gusp^nonsense^valid,6.78348535,6.5060627,0.06904761904761905,0.013793759512937594,-4.6236165,-6.2190232,1.9084089999999998,1.3639651500000007,70.42413735,8.0,0.0,0.0,0.08333333333333333,4.24959004751361,6.0,58.76168097,6.0,22.458991830000002,0.0,6.5,10.690146971084143,0.0,5.0
True,nonsense,24.697273,nonsense_glap_phropt_soff,Human,False,False,False,False,True,nonsense_glap_phropt_soff^nonsense^invalid,6.835217,6.48248985,0.017879948914431672,0.0032682879938479284,-6.2467933,-7.6869061,-1.7169495499999998,-1.3523528000000002,71.96260765,8.0,0.7400541000000003,0.7400541000000003,1.0,1.046556576027338,8.0,80.85321694999999,0.0,0.0,21.24006573,0.0,1.4812981591103516e-15,12.289438387742884,7.0
False,consistent,22.631768,famous_wealthy_old,Human,True,False,True,True,False,famous_wealthy_old^consistent^valid,6.4807837,6.20356825,0.08012820512820512,0.010258838383838384,-4.5493381,-6.3625355,1.9323806999999995,1.4796445,69.63362185,8.0,0.0,0.0,0.08333333333333333,4.237488658914296,6.0,60.63729776,6.0,23.660072139999997,0.0,6.0,10.529317589592818,0.0,5.0
True,violate,52.296478,vehicles_mobile_buildings,Human,False,False,True,False,False,vehicles_mobile_buildings^violate^invalid,6.392072300000001,6.24234065,0.017078071182548796,0.0033003300330033004,-6.3503642,-7.754690999999999,-1.7715988499999997,-1.4810226999999996,68.9766537,8.0,0.8604618999999998,0.8604618999999998,1.0,0.8893919805418689,8.0,83.067856,0.0,0.0,23.2554352,0.0,1.5307203401176875e-15,8.8691659972438,7.0
True,consistent,15.994947,guns_weapons_dangerous,Human,True,True,True,True,False,guns_weapons_dangerous^consistent^valid,6.4460763,6.23771665,0.05555555555555555,0.010365198711063372,-4.8854012,-6.3792031,1.8348008,1.4967684499999998,70.87122375000001,8.0,0.0,0.0,0.08333333333333333,4.178935275009273,6.0,62.253303349999996,6.0,23.474716800000003,0.0,6.0,6.423485446299349,0.0,2.5
True,violate,62.632068,dragons_mythical_exist,Human,True,True,True,False,False,dragons_mythical_exist^violate^valid,6.437692200000001,6.284136999999999,0.07142857142857142,0.01098901098901099,-4.596205749999999,-6.3053995,1.7706680000000001,1.5878954999999997,68.67259949999999,8.0,0.0,0.0,0.08333333333333333,4.23807888995999,6.0,59.574550814999995,6.0,23.727392935,0.0,5.5,8.533601808825644,0.0,5.0
True,nonsense,25.930281,nonsense_shrad_splect_dring,Human,True,True,False,False,True,nonsense_shrad_splect_dring^nonsense^valid,6.7610812,6.47533,0.08116883116883117,0.012434352795798579,-4.5256802,-6.28925465,1.7478102499999997,1.4159046000000002,71.13687965000001,8.0,0.0,0.0,0.08333333333333333,4.2501012416620565,6.0,59.227644260000005,6.0,22.47998154,0.0,6.5,10.09146835248848,0.0,5.0
False,nonsense,71.059949,nonsense_sneb_jing_omp,Human,True,False,False,False,True,nonsense_sneb_jing_omp^nonsense^valid,6.65619085,6.495821749999999,0.1,0.012739370334307044,-4.4031727,-6.28572395,1.7148209500000005,1.2285571999999996,69.11306905000001,8.0,0.0,0.0,0.08333333333333333,4.278485842278608,6.0,58.513248895,6.0,21.298895254999998,0.0,6.0,12.427159115811023,0.0,3.0
True,violate,51.099126,flowers_animals_reptiles,Human,False,False,True,False,False,flowers_animals_reptiles^violate^invalid,6.511972500000001,6.299694649999999,0.020638297872340425,0.0030771852749583396,-6.099171,-7.8213919999999995,-1.5850982499999997,-1.4380342499999998,68.83154575,8.0,0.8858627500000003,0.7332459000000002,1.0,0.9176825938046316,8.0,81.4447405,0.0,0.0,21.956226824999998,0.0,1.5408950250308162e-15,8.545072663703762,2.0
False,violate,16.931016,vehicles_mobile_buildings,Human,True,False,True,False,False,vehicles_mobile_buildings^violate^valid,6.4227202,6.2347107,0.07142857142857142,0.01162947937795808,-4.4802725,-6.2656579,1.716221,1.4676158,68.53631695,8.0,0.0,0.0,0.08333333333333333,4.239842482458063,6.0,59.276388915,6.0,22.930080835000005,0.0,6.0,10.259922478197065,0.0,5.0
True,consistent,46.974954,famous_wealthy_old,Human,True,True,True,True,False,famous_wealthy_old^consistent^valid,6.4807837,6.20356825,0.08012820512820512,0.010258838383838384,-4.5493381,-6.3625355,1.9323806999999995,1.4796445,69.63362185,8.0,0.0,0.0,0.08333333333333333,4.237488658914296,6.0,60.63729776,6.0,23.660072139999997,0.0,6.0,10.529317589592818,0.0,5.0
False,violate,53.098815,flowers_animals_reptiles,Human,False,True,True,False,False,flowers_animals_reptiles^violate^invalid,6.511972500000001,6.299694649999999,0.020638297872340425,0.0030771852749583396,-6.099171,-7.8213919999999995,-1.5850982499999997,-1.4380342499999998,68.83154575,8.0,0.8858627500000003,0.7332459000000002,1.0,0.9176825938046316,8.0,81.4447405,0.0,0.0,21.956226824999998,0.0,1.5408950250308162e-15,8.545072663703762,2.0
False,violate,25.364413,food_vegetables_healthy,Human,True,False,True,False,False,food_vegetables_healthy^violate^valid,6.450257000000001,6.31065585,0.06904761904761905,0.011173533083645444,-4.5539477,-6.2796415,1.8238982999999998,1.5661775000000002,69.1644208,8.0,0.0,0.0,0.08333333333333333,4.1972102532224955,6.0,60.09550511,6.0,24.33377359,0.0,6.0,7.9250296811573815,0.0,5.0
True,nonsense,56.898652,nonsense_nept_bript_jeft,Human,False,False,False,False,True,nonsense_nept_bript_jeft^nonsense^invalid,6.7120135,6.5231946999999995,0.016001024065540194,0.003401360544217687,-6.3623347500000005,-7.6286695,-2.00212095,-1.3144179999999999,69.8634525,8.0,0.8520413999999998,0.8520413999999998,1.0,0.9856656071823022,8.0,81.17559270000001,0.0,0.0,22.773455765,0.0,1.768271155567925e-15,11.793987853568831,6.5
True,consistent,32.764647,famous_wealthy_old,Human,True,True,True,True,False,famous_wealthy_old^consistent^valid,6.4807837,6.20356825,0.08012820512820512,0.010258838383838384,-4.5493381,-6.3625355,1.9323806999999995,1.4796445,69.63362185,8.0,0.0,0.0,0.08333333333333333,4.237488658914296,6.0,60.63729776,6.0,23.660072139999997,0.0,6.0,10.529317589592818,0.0,5.0
True,violate,39.46593,dragons_mythical_exist,Human,True,True,True,False,False,dragons_mythical_exist^violate^valid,6.437692200000001,6.284136999999999,0.07142857142857142,0.01098901098901099,-4.596205749999999,-6.3053995,1.7706680000000001,1.5878954999999997,68.67259949999999,8.0,0.0,0.0,0.08333333333333333,4.23807888995999,6.0,59.574550814999995,6.0,23.727392935,0.0,5.5,8.533601808825644,0.0,5.0
True,violate,30.130747,dragons_mythical_exist,Human,False,False,True,False,False,dragons_mythical_exist^violate^invalid,6.3965742500000005,6.317690649999999,0.016411084207694375,0.002816990818990486,-6.351449,-7.92016295,-1.8188361499999997,-1.5580721999999998,68.2857051,8.0,0.9220247500000005,0.9220247500000005,1.0,0.9051403786675013,8.0,83.5121707,0.0,0.0,24.115853095,0.0,1.4280514096016063e-15,9.760069242080714,6.5
True,consistent,21.864005,guns_weapons_dangerous,Human,True,True,True,True,False,guns_weapons_dangerous^consistent^valid,6.4460763,6.23771665,0.05555555555555555,0.010365198711063372,-4.8854012,-6.3792031,1.8348008,1.4967684499999998,70.87122375000001,8.0,0.0,0.0,0.08333333333333333,4.178935275009273,6.0,62.253303349999996,6.0,23.474716800000003,0.0,6.0,6.423485446299349,0.0,2.5
True,consistent,8.663487,politicians_dishonest_lie,Human,False,False,True,True,False,politicians_dishonest_lie^consistent^invalid,6.3229398,6.1018700500000005,0.011696306429548563,0.00206825453861027,-6.6775573,-8.384043,-2.07348635,-1.8434265,68.77078785,8.0,1.1970911499999999,1.1970911499999999,1.0,0.5955017881109077,8.0,88.85676230000001,0.0,0.0,27.509388350000002,0.0,2.2214782544241507e-15,11.435251791454718,7.0
False,consistent,23.097927,dragons_mythical_exist,Human,False,True,True,True,False,dragons_mythical_exist^consistent^invalid,6.353085,6.2800932,0.015504807692307693,0.0027906216430806595,-6.4230528,-7.9485637,-1.8286666499999997,-1.6385662000000005,68.6781366,8.0,0.8879900500000004,0.8879900500000004,1.0,0.8852128998889575,8.0,84.0837234,0.0,0.0,24.337613705,0.0,1.5610424666418568e-15,7.911169394996633,6.5
True,nonsense,51.631842,nonsense_phrite_ing_pand,Human,True,True,False,False,True,nonsense_phrite_ing_pand^nonsense^valid,6.78927335,6.4204802999999995,0.08012820512820512,0.012196935891715008,-4.490728649999999,-6.2951688,1.7119826000000002,1.4278045500000003,70.91099205,8.0,0.0,0.0,0.08333333333333333,4.242352061088863,6.0,58.710175875000004,6.0,22.165997075,0.0,5.5,9.70258907505362,0.0,5.0
True,consistent,23.730085,librarians_happy_healthy,Human,True,True,True,True,False,librarians_happy_healthy^consistent^valid,6.4488923499999995,6.21358025,0.08333333333333333,0.009478885893980233,-4.3865333500000006,-6.49733885,2.1736029,1.6753026500000003,68.60927085,8.0,0.0,0.0,0.08333333333333333,4.202778071855432,6.0,60.489633715,6.0,26.835941335,0.0,6.0,10.648016475550474,0.0,5.0
True,nonsense,23.898693,nonsense_gick_criff_riff,Human,False,False,False,False,True,nonsense_gick_criff_riff^nonsense^invalid,6.77416575,6.4033365,0.017812105926860028,0.003012485481997677,-6.27927495,-7.7930495,-1.8999519500000002,-1.33152955,70.26042064999999,8.0,0.8046874499999999,0.8046874499999999,1.0,0.9588243667035962,8.0,81.99559675,0.0,0.0,22.18412904,0.0,1.922026081878513e-15,7.025303752227982,7.0
True,violate,25.664121,computers_electronics_expensive,Human,False,False,True,False,False,computers_electronics_expensive^violate^invalid,6.522399,6.180495499999999,0.016584429824561403,0.0031332744924977935,-6.37467015,-7.83040965,-1.6636693500000002,-1.36195265,71.27101135,8.0,0.8897316499999999,0.5789510499999999,1.0,0.8186306963818517,8.0,83.56209820000001,0.0,0.0,21.460766525,0.0,1.3123562768713624e-15,8.304262092877128,6.0
True,consistent,38.765624,vehicles_mobile_buildings,Human,True,True,True,True,False,vehicles_mobile_buildings^consistent^valid,6.3821907499999995,6.210437649999999,0.06904761904761905,0.011564171122994652,-4.64578225,-6.27354215,1.6384811000000004,1.37078005,68.51259875,8.0,0.0,0.0,0.08333333333333333,4.228907988510999,6.0,59.65386215,6.0,21.893918050000003,0.0,5.5,8.481598709056234,0.0,5.0
True,nonsense,36.264711,nonsense_phrist_biss_skemp,Human,True,True,False,False,True,nonsense_phrist_biss_skemp^nonsense^valid,6.731029250000001,6.494539,0.10555555555555556,0.012195121951219513,-4.290376350000001,-6.30501105,2.03048335,1.41410085,70.18686025,8.0,0.0,0.0,0.08333333333333333,4.267729924427778,6.0,58.678963880000005,6.0,23.135615870000002,0.0,6.5,12.213579792394672,0.0,3.0
True,consistent,42.230501,food_vegetables_healthy,Human,True,True,True,True,False,food_vegetables_healthy^consistent^valid,6.385638,6.289380550000001,0.07142857142857142,0.011494252873563218,-4.48948215,-6.2646552,1.9473686000000003,1.6365913,68.84390075,8.0,0.0,0.0,0.08333333333333333,4.215218270069648,6.0,59.918024325000005,6.0,25.219347475,0.0,6.0,7.1482754435408244,0.0,0.0
True,nonsense,13.497459,nonsense_sland_spluff_gusp,Human,True,True,False,False,True,nonsense_sland_spluff_gusp^nonsense^valid,6.78348535,6.5060627,0.06904761904761905,0.013793759512937594,-4.6236165,-6.2190232,1.9084089999999998,1.3639651500000007,70.42413735,8.0,0.0,0.0,0.08333333333333333,4.24959004751361,6.0,58.76168097,6.0,22.458991830000002,0.0,6.5,10.690146971084143,0.0,5.0
False,consistent,29.297794,politicians_dishonest_lie,Human,False,True,True,True,False,politicians_dishonest_lie^consistent^invalid,6.3229398,6.1018700500000005,0.011696306429548563,0.00206825453861027,-6.6775573,-8.384043,-2.07348635,-1.8434265,68.77078785,8.0,1.1970911499999999,1.1970911499999999,1.0,0.5955017881109077,8.0,88.85676230000001,0.0,0.0,27.509388350000002,0.0,2.2214782544241507e-15,11.435251791454718,7.0
False,violate,54.265163,plants_trees_tall,Human,False,True,True,False,False,plants_trees_tall^violate^invalid,6.38619115,6.28409735,0.01391304347826087,0.0028250616485910604,-6.5820267,-7.904741700000001,-1.94494635,-1.4837399500000004,68.6596727,8.0,0.8188750499999999,0.8188750499999999,1.0,0.8301860391296563,8.0,84.3862721,0.0,0.0,23.987561715,0.0,1.9225480256938434e-15,5.124418675638259,7.0
False,nonsense,46.031158,nonsense_sclack_chask_pron,Human,True,False,False,False,True,nonsense_sclack_chask_pron^nonsense^valid,6.7072847,6.5142629,0.1,0.011979913916786227,-4.3135255,-6.2997,2.1935465,1.4291842999999997,69.4342872,8.0,0.0,0.0,0.08333333333333333,4.268425562838022,6.0,58.392672759999996,6.0,24.10128049,0.0,6.5,6.026644966355567,0.0,5.0
True,violate,38.030672,plants_trees_tall,Human,False,False,True,False,False,plants_trees_tall^violate^invalid,6.38619115,6.28409735,0.01391304347826087,0.0028250616485910604,-6.5820267,-7.904741700000001,-1.94494635,-1.4837399500000004,68.6596727,8.0,0.8188750499999999,0.8188750499999999,1.0,0.8301860391296563,8.0,84.3862721,0.0,0.0,23.987561715,0.0,1.9225480256938434e-15,5.124418675638259,7.0
True,violate,12.831524,famous_wealthy_old,Human,False,False,True,False,False,famous_wealthy_old^violate^invalid,6.522084850000001,6.241058499999999,0.015527202696196438,0.0033222958057395145,-6.42185905,-7.729707749999999,-1.8874550500000002,-1.4397024499999995,68.82929245,8.0,0.8507393999999997,0.8507393999999997,1.0,0.8687090776333636,8.0,83.34150629999999,0.0,0.0,23.65068455,0.0,1.5798927767709125e-15,11.85799728392669,6.0
True,nonsense,14.630327,nonsense_sclace_dact_yink,Human,True,True,False,False,True,nonsense_sclace_dact_yink^nonsense^valid,6.6996305,6.49316,0.07142857142857142,0.013333333333333334,-4.62263075,-6.26985025,1.8822250500000002,1.32559375,69.4958898,8.0,0.0,0.0,0.08333333333333333,4.251478841343673,6.0,58.55405652,6.0,22.610766429999998,0.0,6.0,8.330163944391682,0.0,5.0
True,violate,43.564725,gems_diamonds_transparent,Human,True,True,True,False,False,gems_diamonds_transparent^violate^valid,6.5703869,6.25740665,0.06904761904761905,0.010937126464260101,-4.647243,-6.326832,1.7948913499999999,1.39534725,71.34004354999999,8.0,0.0,0.0,0.08333333333333333,4.179927768234793,6.0,60.904833815,6.0,21.577068085,0.0,7.5,4.560481198507944,0.0,0.0
True,violate,36.196861,famous_wealthy_old,Human,True,True,True,False,False,famous_wealthy_old^violate^valid,6.5324782,6.25096365,0.07738095238095238,0.011428944618599791,-4.5484671500000005,-6.2740884,1.8518867500000002,1.4590077500000005,68.93076565,8.0,0.0,0.0,0.08333333333333333,4.2525919368855565,6.0,59.70462999,6.0,23.492731159999998,0.0,6.0,12.003781547051933,0.0,5.0
False,nonsense,97.19666,nonsense_fleff_drap_ved,Human,False,True,False,False,True,nonsense_fleff_drap_ved^nonsense^invalid,6.7356882,6.4797887,0.017857142857142856,0.0033333333333333335,-6.2327225,-7.6453165,-1.7768858500000002,-1.2957879499999998,69.57095895,8.0,0.8390180499999997,0.8390180499999997,1.0,1.1067655183148273,8.0,80.09782385,0.0,0.0,21.5798461,0.0,1.5592593902284698e-15,10.58589834287269,6.0
True,consistent,37.131484,guns_weapons_dangerous,Human,True,True,True,True,False,guns_weapons_dangerous^consistent^valid,6.4460763,6.23771665,0.05555555555555555,0.010365198711063372,-4.8854012,-6.3792031,1.8348008,1.4967684499999998,70.87122375000001,8.0,0.0,0.0,0.08333333333333333,4.178935275009273,6.0,62.253303349999996,6.0,23.474716800000003,0.0,6.0,6.423485446299349,0.0,2.5
True,violate,25.130303,gems_diamonds_transparent,Human,False,False,True,False,False,gems_diamonds_transparent^violate^invalid,6.54417985,6.2232831,0.014724310776942355,0.003206742381417339,-6.520405500000001,-7.78959085,-1.8865203500000005,-1.4694999500000003,70.84039609999999,8.0,0.6408786500000003,0.49384809999999946,1.0,0.8431403125175523,8.0,83.08205534999999,0.0,0.0,22.57233653,0.0,1.7192539355520916e-15,4.2441669087975615,6.0
True,consistent,40.365521,librarians_happy_healthy,Human,True,True,True,True,False,librarians_happy_healthy^consistent^valid,6.4488923499999995,6.21358025,0.08333333333333333,0.009478885893980233,-4.3865333500000006,-6.49733885,2.1736029,1.6753026500000003,68.60927085,8.0,0.0,0.0,0.08333333333333333,4.202778071855432,6.0,60.489633715,6.0,26.835941335,0.0,6.0,10.648016475550474,0.0,5.0
True,violate,35.032274,whales_mammals_big,Human,True,True,True,False,False,whales_mammals_big^violate^valid,6.4729992,6.2279272500000005,0.06274509803921569,0.00909090909090909,-4.7066618,-6.52191615,1.9818877000000001,1.5600008500000007,69.96011375,8.0,0.0,0.0,0.08333333333333333,4.155934407084959,6.0,61.744446280000005,6.0,24.02468477,0.0,6.0,7.4226142538263575,0.0,5.0
True,consistent,20.197732,gems_diamonds_transparent,Human,True,True,True,True,False,gems_diamonds_transparent^consistent^valid,6.44119135,6.296317,0.07142857142857142,0.013072453861927546,-4.4972115,-6.14343585,1.8879928500000003,1.4830739999999998,68.8472311,8.0,0.0,0.0,0.08333333333333333,4.233556085344675,6.0,58.973910515,6.0,23.163152535000002,0.0,6.0,4.0981774748137685,0.0,0.0
True,nonsense,36.930895,nonsense_gick_criff_riff,Human,False,False,False,False,True,nonsense_gick_criff_riff^nonsense^invalid,6.77416575,6.4033365,0.017812105926860028,0.003012485481997677,-6.27927495,-7.7930495,-1.8999519500000002,-1.33152955,70.26042064999999,8.0,0.8046874499999999,0.8046874499999999,1.0,0.9588243667035962,8.0,81.99559675,0.0,0.0,22.18412904,0.0,1.922026081878513e-15,7.025303752227982,7.0
True,nonsense,62.262888,nonsense_nept_bript_jeft,Human,False,False,False,False,True,nonsense_nept_bript_jeft^nonsense^invalid,6.7120135,6.5231946999999995,0.016001024065540194,0.003401360544217687,-6.3623347500000005,-7.6286695,-2.00212095,-1.3144179999999999,69.8634525,8.0,0.8520413999999998,0.8520413999999998,1.0,0.9856656071823022,8.0,81.17559270000001,0.0,0.0,22.773455765,0.0,1.768271155567925e-15,11.793987853568831,6.5
True,violate,20.144835,politicians_dishonest_lie,Human,False,False,True,False,False,politicians_dishonest_lie^violate^invalid,6.3572717999999995,6.07325625,0.01213235294117647,0.0023531496215581727,-6.6294195,-8.225951,-1.9027594999999997,-1.7710465000000002,68.97482635,8.0,1.1254167000000002,1.1254167000000002,1.0,0.6957708960408402,8.0,87.61670255,0.0,0.0,26.26120085,0.0,1.9264725182605486e-15,9.821916370522572,6.5
False,violate,48.564358,famous_wealthy_old,Human,True,False,True,False,False,famous_wealthy_old^violate^valid,6.5324782,6.25096365,0.07738095238095238,0.011428944618599791,-4.5484671500000005,-6.2740884,1.8518867500000002,1.4590077500000005,68.93076565,8.0,0.0,0.0,0.08333333333333333,4.2525919368855565,6.0,59.70462999,6.0,23.492731159999998,0.0,6.0,12.003781547051933,0.0,5.0
True,nonsense,43.632533,nonsense_yob_broft_jank,Human,False,False,False,False,True,nonsense_yob_broft_jank^nonsense^invalid,6.6635852,6.4798689,0.013471971066907775,0.0030442035029190993,-6.533887249999999,-7.77559855,-1.91571405,-1.3833560499999997,69.70865125,8.0,0.9533198,0.9533198,1.0,0.8824762959444219,8.0,82.63656085,0.0,0.0,23.075579405,0.0,2.22866298543637e-15,7.863924716570952,7.0
True,violate,64.89116,vehicles_mobile_buildings,Human,False,False,True,False,False,vehicles_mobile_buildings^violate^invalid,6.392072300000001,6.24234065,0.017078071182548796,0.0033003300330033004,-6.3503642,-7.754690999999999,-1.7715988499999997,-1.4810226999999996,68.9766537,8.0,0.8604618999999998,0.8604618999999998,1.0,0.8893919805418689,8.0,83.067856,0.0,0.0,23.2554352,0.0,1.5307203401176875e-15,8.8691659972438,7.0
True,nonsense,8.629675,nonsense_sclack_chask_pron,Human,True,True,False,False,True,nonsense_sclack_chask_pron^nonsense^valid,6.7072847,6.5142629,0.1,0.011979913916786227,-4.3135255,-6.2997,2.1935465,1.4291842999999997,69.4342872,8.0,0.0,0.0,0.08333333333333333,4.268425562838022,6.0,58.392672759999996,6.0,24.10128049,0.0,6.5,6.026644966355567,0.0,5.0
True,violate,38.463302,computers_electronics_expensive,Human,True,True,True,False,False,computers_electronics_expensive^violate^valid,6.499090799999999,6.1807467,0.06349206349206349,0.009478885893980233,-4.712784,-6.45309085,1.66360835,1.3676843500000002,71.08527465,8.0,0.0,0.0,0.08333333333333333,4.178553354930129,6.0,61.9953835,6.0,21.3465476,0.0,6.0,7.695594544743838,0.0,2.5
False,violate,61.465292,politicians_dishonest_lie,Human,True,False,True,False,False,politicians_dishonest_lie^violate^valid,6.37751675,6.0904122,0.06458333333333333,0.010152545866831581,-4.70822285,-6.3983282,1.8975946499999998,1.7866397999999997,69.3182278,8.0,0.0,0.0,0.08333333333333333,4.206316121655433,6.0,61.19675243500001,6.0,26.129471715,0.0,6.0,9.497890598380698,0.0,5.0
True,nonsense,50.198792,nonsense_sclack_chask_pron,Human,True,True,False,False,True,nonsense_sclack_chask_pron^nonsense^valid,6.7072847,6.5142629,0.1,0.011979913916786227,-4.3135255,-6.2997,2.1935465,1.4291842999999997,69.4342872,8.0,0.0,0.0,0.08333333333333333,4.268425562838022,6.0,58.392672759999996,6.0,24.10128049,0.0,6.5,6.026644966355567,0.0,5.0
True,violate,28.392302,computers_electronics_expensive,Human,False,False,True,False,False,computers_electronics_expensive^violate^invalid,6.522399,6.180495499999999,0.016584429824561403,0.0031332744924977935,-6.37467015,-7.83040965,-1.6636693500000002,-1.36195265,71.27101135,8.0,0.8897316499999999,0.5789510499999999,1.0,0.8186306963818517,8.0,83.56209820000001,0.0,0.0,21.460766525,0.0,1.3123562768713624e-15,8.304262092877128,6.0
False,violate,131.198975,guns_weapons_dangerous,Human,False,True,True,False,False,guns_weapons_dangerous^violate^invalid,6.4394995,6.20302535,0.01105276013678554,0.0028313523211482396,-6.7744107,-7.9281578,-1.8454207,-1.5204529999999998,70.8790377,8.0,0.7291772999999999,0.6630851499999999,1.0,0.5614459822509108,8.0,86.16747995000001,0.0,0.0,23.647519385,0.0,1.4537708353217846e-15,7.491897435044687,6.0
False,consistent,17.381644,whales_mammals_big,Human,False,True,True,True,False,whales_mammals_big^consistent^invalid,6.4138649999999995,6.205387,0.012092074592074592,0.002534956047910348,-6.6604588,-8.118708999999999,-2.0293045999999997,-1.6541473499999997,69.31705635,8.0,0.7021076000000004,0.7021076000000004,1.0,0.8047112558220828,8.0,85.92203119999999,0.0,0.0,24.62764928,0.0,2.1359789411439334e-15,3.9098734478620076,2.0
True,violate,33.098406,computers_electronics_expensive,Human,True,True,True,False,False,computers_electronics_expensive^violate^valid,6.499090799999999,6.1807467,0.06349206349206349,0.009478885893980233,-4.712784,-6.45309085,1.66360835,1.3676843500000002,71.08527465,8.0,0.0,0.0,0.08333333333333333,4.178553354930129,6.0,61.9953835,6.0,21.3465476,0.0,6.0,7.695594544743838,0.0,2.5
False,consistent,41.568568,dragons_mythical_exist,Human,True,False,True,True,False,dragons_mythical_exist^consistent^valid,6.3897132,6.291689,0.06904761904761905,0.010929288103201148,-4.6077385,-6.30269085,1.7525634500000002,1.6223964999999998,68.6732855,8.0,0.0,0.0,0.08333333333333333,4.227263650259546,6.0,59.557831455,6.0,24.081231845,0.0,5.5,7.144700547850129,0.0,2.5
False,consistent,17.860261,plants_trees_tall,Human,False,True,True,True,False,plants_trees_tall^consistent^invalid,6.37055165,6.307549,0.013701201201201201,0.0028492109877264757,-6.5659262,-7.89940915,-2.0465962000000006,-1.4699927499999998,68.83695255,8.0,0.8364621999999993,0.8364621999999993,1.0,0.8346398142093729,8.0,84.90519495000001,0.0,0.0,24.503319525000002,0.0,2.064981990778946e-15,5.4816459648693785,7.0
True,nonsense,38.198111,nonsense_sland_spluff_gusp,Human,True,True,False,False,True,nonsense_sland_spluff_gusp^nonsense^valid,6.78348535,6.5060627,0.06904761904761905,0.013793759512937594,-4.6236165,-6.2190232,1.9084089999999998,1.3639651500000007,70.42413735,8.0,0.0,0.0,0.08333333333333333,4.24959004751361,6.0,58.76168097,6.0,22.458991830000002,0.0,6.5,10.690146971084143,0.0,5.0
False,consistent,28.797071,politicians_dishonest_lie,Human,False,True,True,True,False,politicians_dishonest_lie^consistent^invalid,6.3229398,6.1018700500000005,0.011696306429548563,0.00206825453861027,-6.6775573,-8.384043,-2.07348635,-1.8434265,68.77078785,8.0,1.1970911499999999,1.1970911499999999,1.0,0.5955017881109077,8.0,88.85676230000001,0.0,0.0,27.509388350000002,0.0,2.2214782544241507e-15,11.435251791454718,7.0
False,violate,11.430788,librarians_happy_healthy,Human,True,False,True,False,False,librarians_happy_healthy^violate^valid,6.5305669,6.2470415,0.08012820512820512,0.01,-4.4437014999999995,-6.4155605,2.00354005,1.7134435000000003,69.13207704999999,8.0,0.0,0.0,0.08333333333333333,4.209615969003537,6.0,60.37416155,6.0,25.7530211,0.0,6.0,10.836666528128507,0.0,5.0
True,violate,29.594266,librarians_happy_healthy,Human,False,False,True,False,False,librarians_happy_healthy^violate^invalid,6.5184307,6.25073135,0.01565940787863959,0.0024969139266075636,-6.4542280000000005,-8.1183655,-1.9697572,-1.7046477000000007,69.12546295000001,8.0,0.8838414999999997,0.8838414999999997,1.0,0.8417871351391385,8.0,85.92273235000002,0.0,0.0,25.449208115,0.0,1.864196823354998e-15,10.415242718678988,2.0
True,violate,36.017275,librarians_happy_healthy,Human,False,False,True,False,False,librarians_happy_healthy^violate^invalid,6.5184307,6.25073135,0.01565940787863959,0.0024969139266075636,-6.4542280000000005,-8.1183655,-1.9697572,-1.7046477000000007,69.12546295000001,8.0,0.8838414999999997,0.8838414999999997,1.0,0.8417871351391385,8.0,85.92273235000002,0.0,0.0,25.449208115,0.0,1.864196823354998e-15,10.415242718678988,2.0
True,violate,23.021843,computers_electronics_expensive,Human,False,False,True,False,False,computers_electronics_expensive^violate^invalid,6.522399,6.180495499999999,0.016584429824561403,0.0031332744924977935,-6.37467015,-7.83040965,-1.6636693500000002,-1.36195265,71.27101135,8.0,0.8897316499999999,0.5789510499999999,1.0,0.8186306963818517,8.0,83.56209820000001,0.0,0.0,21.460766525,0.0,1.3123562768713624e-15,8.304262092877128,6.0
False,nonsense,47.562838,nonsense_shrad_splect_dring,Human,True,False,False,False,True,nonsense_shrad_splect_dring^nonsense^valid,6.7610812,6.47533,0.08116883116883117,0.012434352795798579,-4.5256802,-6.28925465,1.7478102499999997,1.4159046000000002,71.13687965000001,8.0,0.0,0.0,0.08333333333333333,4.2501012416620565,6.0,59.227644260000005,6.0,22.47998154,0.0,6.5,10.09146835248848,0.0,5.0
True,nonsense,28.630403,nonsense_phrist_biss_skemp,Human,True,True,False,False,True,nonsense_phrist_biss_skemp^nonsense^valid,6.731029250000001,6.494539,0.10555555555555556,0.012195121951219513,-4.290376350000001,-6.30501105,2.03048335,1.41410085,70.18686025,8.0,0.0,0.0,0.08333333333333333,4.267729924427778,6.0,58.678963880000005,6.0,23.135615870000002,0.0,6.5,12.213579792394672,0.0,3.0
True,violate,21.494209,gems_diamonds_transparent,Human,False,False,True,False,False,gems_diamonds_transparent^violate^invalid,6.54417985,6.2232831,0.014724310776942355,0.003206742381417339,-6.520405500000001,-7.78959085,-1.8865203500000005,-1.4694999500000003,70.84039609999999,8.0,0.6408786500000003,0.49384809999999946,1.0,0.8431403125175523,8.0,83.08205534999999,0.0,0.0,22.57233653,0.0,1.7192539355520916e-15,4.2441669087975615,6.0
False,violate,29.260369,librarians_happy_healthy,Human,False,True,True,False,False,librarians_happy_healthy^violate^invalid,6.5184307,6.25073135,0.01565940787863959,0.0024969139266075636,-6.4542280000000005,-8.1183655,-1.9697572,-1.7046477000000007,69.12546295000001,8.0,0.8838414999999997,0.8838414999999997,1.0,0.8417871351391385,8.0,85.92273235000002,0.0,0.0,25.449208115,0.0,1.864196823354998e-15,10.415242718678988,2.0
True,violate,10.59705,food_vegetables_healthy,Human,False,False,True,False,False,food_vegetables_healthy^violate^invalid,6.42677595,6.31220815,0.01562881562881563,0.002949955185046599,-6.4373935,-7.8457002,-1.8429373500000001,-1.5693540000000001,69.29372484999999,8.0,0.8066157500000002,0.7714321000000002,1.0,0.8284038808706596,8.0,84.6058833,0.0,0.0,24.320579359999996,0.0,1.5359023006172268e-15,7.146503379295183,4.0
True,nonsense,24.868421,nonsense_sneb_jing_omp,Human,True,True,False,False,True,nonsense_sneb_jing_omp^nonsense^valid,6.65619085,6.495821749999999,0.1,0.012739370334307044,-4.4031727,-6.28572395,1.7148209500000005,1.2285571999999996,69.11306905000001,8.0,0.0,0.0,0.08333333333333333,4.278485842278608,6.0,58.513248895,6.0,21.298895254999998,0.0,6.0,12.427159115811023,0.0,3.0
True,consistent,23.395514,guns_weapons_dangerous,Human,False,False,True,True,False,guns_weapons_dangerous^consistent^invalid,6.44597555,6.24617695,0.011000967117988394,0.002950776863820342,-6.76522825,-7.8805242,-1.8586807499999995,-1.4993720499999998,70.98612015,8.0,0.7220952499999997,0.6257914500000004,1.0,0.6282946795828372,8.0,85.89878935,0.0,0.0,23.510562384999997,0.0,1.4351441988087624e-15,6.165712876289506,6.0
False,consistent,10.504517,famous_wealthy_old,Human,False,True,True,True,False,famous_wealthy_old^consistent^invalid,6.473446900000001,6.2160115000000005,0.01562881562881563,0.00298510122611919,-6.4437375,-7.8515338,-1.9944038500000003,-1.44907085,69.37370354999999,8.0,0.6838503999999996,0.6838503999999996,1.0,0.8548965642034398,8.0,84.42239824999999,0.0,0.0,23.9086578,0.0,1.6094747389887971e-15,11.206323681628763,6.0
False,nonsense,17.765206,nonsense_snid_ust_bem,Human,True,False,False,False,True,nonsense_snid_ust_bem^nonsense^valid,6.6971871499999995,6.50197645,0.07142857142857142,0.012903762903762904,-4.60221525,-6.27589965,1.9509697,1.3402101999999996,69.13012775,8.0,0.0,0.0,0.08333333333333333,4.24286337086056,6.0,58.24551994000001,6.0,22.663743310000005,0.0,6.0,7.44304392711765,0.0,5.0
True,violate,27.495054,food_vegetables_healthy,Human,True,True,True,False,False,food_vegetables_healthy^violate^valid,6.450257000000001,6.31065585,0.06904761904761905,0.011173533083645444,-4.5539477,-6.2796415,1.8238982999999998,1.5661775000000002,69.1644208,8.0,0.0,0.0,0.08333333333333333,4.1972102532224955,6.0,60.09550511,6.0,24.33377359,0.0,6.0,7.9250296811573815,0.0,5.0
True,nonsense,41.230429,nonsense_zeff_zaff_zom,Human,True,True,False,False,True,nonsense_zeff_zaff_zom^nonsense^valid,6.6234459999999995,6.495430150000001,0.08012820512820512,0.011363636363636364,-4.47186935,-6.34852695,1.65972125,1.3204198000000003,69.1789092,8.0,0.0,0.0,0.08333333333333333,4.239275117224576,6.0,58.69241437499999,6.0,21.584066175000004,0.0,6.0,11.329917165397685,0.0,3.0
True,nonsense,34.726982,nonsense_phrist_biss_skemp,Human,True,True,False,False,True,nonsense_phrist_biss_skemp^nonsense^valid,6.731029250000001,6.494539,0.10555555555555556,0.012195121951219513,-4.290376350000001,-6.30501105,2.03048335,1.41410085,70.18686025,8.0,0.0,0.0,0.08333333333333333,4.267729924427778,6.0,58.678963880000005,6.0,23.135615870000002,0.0,6.5,12.213579792394672,0.0,3.0
False,consistent,36.897346,famous_wealthy_old,Human,False,True,True,True,False,famous_wealthy_old^consistent^invalid,6.473446900000001,6.2160115000000005,0.01562881562881563,0.00298510122611919,-6.4437375,-7.8515338,-1.9944038500000003,-1.44907085,69.37370354999999,8.0,0.6838503999999996,0.6838503999999996,1.0,0.8548965642034398,8.0,84.42239824999999,0.0,0.0,23.9086578,0.0,1.6094747389887971e-15,11.206323681628763,6.0
True,nonsense,48.630466,nonsense_fleff_drap_ved,Human,False,False,False,False,True,nonsense_fleff_drap_ved^nonsense^invalid,6.7356882,6.4797887,0.017857142857142856,0.0033333333333333335,-6.2327225,-7.6453165,-1.7768858500000002,-1.2957879499999998,69.57095895,8.0,0.8390180499999997,0.8390180499999997,1.0,1.1067655183148273,8.0,80.09782385,0.0,0.0,21.5798461,0.0,1.5592593902284698e-15,10.58589834287269,6.0
True,violate,23.431423,famous_wealthy_old,Human,True,True,True,False,False,famous_wealthy_old^violate^valid,6.5324782,6.25096365,0.07738095238095238,0.011428944618599791,-4.5484671500000005,-6.2740884,1.8518867500000002,1.4590077500000005,68.93076565,8.0,0.0,0.0,0.08333333333333333,4.2525919368855565,6.0,59.70462999,6.0,23.492731159999998,0.0,6.0,12.003781547051933,0.0,5.0
True,consistent,23.723351,food_vegetables_healthy,Human,True,True,True,True,False,food_vegetables_healthy^consistent^valid,6.385638,6.289380550000001,0.07142857142857142,0.011494252873563218,-4.48948215,-6.2646552,1.9473686000000003,1.6365913,68.84390075,8.0,0.0,0.0,0.08333333333333333,4.215218270069648,6.0,59.918024325000005,6.0,25.219347475,0.0,6.0,7.1482754435408244,0.0,0.0
False,nonsense,34.265152,nonsense_paft_usp_cesk,Human,True,False,False,False,True,nonsense_paft_usp_cesk^nonsense^valid,6.60848765,6.43326115,0.08116883116883117,0.010205144225762783,-4.415316750000001,-6.40260265,1.9637490499999997,1.4512771999999998,69.9446505,8.0,0.0,0.0,0.08333333333333333,4.230910783702164,6.0,59.68671201,6.0,23.09536234,0.0,6.0,10.336150785700415,0.0,5.0
True,consistent,30.028447,librarians_happy_healthy,Human,False,False,True,True,False,librarians_happy_healthy^consistent^invalid,6.4564919,6.2082235,0.01316017316017316,0.002439154981527863,-6.56037875,-8.156236,-2.18236525,-1.6797223500000005,68.5649792,8.0,0.9607439,0.9607439,1.0,0.7880140342786139,8.0,87.18519895,0.0,0.0,26.80061415,0.0,2.047661216425686e-15,10.450981391754892,2.0
True,violate,21.996114,vehicles_mobile_buildings,Human,True,True,True,False,False,vehicles_mobile_buildings^violate^valid,6.4227202,6.2347107,0.07142857142857142,0.01162947937795808,-4.4802725,-6.2656579,1.716221,1.4676158,68.53631695,8.0,0.0,0.0,0.08333333333333333,4.239842482458063,6.0,59.276388915,6.0,22.930080835000005,0.0,6.0,10.259922478197065,0.0,5.0
True,consistent,36.232176,vehicles_mobile_buildings,Human,True,True,True,True,False,vehicles_mobile_buildings^consistent^valid,6.3821907499999995,6.210437649999999,0.06904761904761905,0.011564171122994652,-4.64578225,-6.27354215,1.6384811000000004,1.37078005,68.51259875,8.0,0.0,0.0,0.08333333333333333,4.228907988510999,6.0,59.65386215,6.0,21.893918050000003,0.0,5.5,8.481598709056234,0.0,5.0
True,nonsense,24.168692,nonsense_blep_jict_zamp,Human,False,False,False,False,True,nonsense_blep_jict_zamp^nonsense^invalid,6.6741928999999995,6.48545365,0.01670843776106934,0.003419292995417563,-6.3586244999999995,-7.62233965,-1.9506646,-1.32995355,68.8410289,8.0,1.028150475,1.028150475,1.0,0.998382928836373,8.0,81.6114506,0.0,0.0,23.470771059999997,0.0,1.9934286564877932e-15,8.841090211283056,7.0
False,consistent,31.029597,computers_electronics_expensive,Human,False,True,True,True,False,computers_electronics_expensive^consistent^invalid,6.4488978,6.20202165,0.01518288474810214,0.003120740019474197,-6.455287950000001,-7.8443395,-1.9814681000000003,-1.3571211499999998,70.34209245,8.0,0.5709945499999991,0.5597707499999998,1.0,0.8224151890744551,8.0,84.21434264999999,0.0,0.0,23.045241349999998,0.0,1.829122258322029e-15,7.202985340362147,6.0
True,violate,24.995452,librarians_happy_healthy,Human,True,True,True,False,False,librarians_happy_healthy^violate^valid,6.5305669,6.2470415,0.08012820512820512,0.01,-4.4437014999999995,-6.4155605,2.00354005,1.7134435000000003,69.13207704999999,8.0,0.0,0.0,0.08333333333333333,4.209615969003537,6.0,60.37416155,6.0,25.7530211,0.0,6.0,10.836666528128507,0.0,5.0
True,nonsense,40.228014,nonsense_paft_usp_cesk,Human,True,True,False,False,True,nonsense_paft_usp_cesk^nonsense^valid,6.60848765,6.43326115,0.08116883116883117,0.010205144225762783,-4.415316750000001,-6.40260265,1.9637490499999997,1.4512771999999998,69.9446505,8.0,0.0,0.0,0.08333333333333333,4.230910783702164,6.0,59.68671201,6.0,23.09536234,0.0,6.0,10.336150785700415,0.0,5.0
False,violate,20.636722,computers_electronics_expensive,Human,True,False,True,False,False,computers_electronics_expensive^violate^valid,6.499090799999999,6.1807467,0.06349206349206349,0.009478885893980233,-4.712784,-6.45309085,1.66360835,1.3676843500000002,71.08527465,8.0,0.0,0.0,0.08333333333333333,4.178553354930129,6.0,61.9953835,6.0,21.3465476,0.0,6.0,7.695594544743838,0.0,2.5
True,consistent,30.919842,whales_mammals_big,Human,True,True,True,True,False,whales_mammals_big^consistent^valid,6.41403665,6.2108725,0.06696428571428571,0.00975632971635256,-4.6359095,-6.4396763,2.0391463,1.6546882000000003,69.3921962,8.0,0.0,0.0,0.08333333333333333,4.173582388585834,6.0,61.237626000000006,6.0,24.621449549999994,0.0,6.0,3.5560485472706302,0.0,0.0
False,violate,18.765249,dragons_mythical_exist,Human,False,True,True,False,False,dragons_mythical_exist^violate^invalid,6.3965742500000005,6.317690649999999,0.016411084207694375,0.002816990818990486,-6.351449,-7.92016295,-1.8188361499999997,-1.5580721999999998,68.2857051,8.0,0.9220247500000005,0.9220247500000005,1.0,0.9051403786675013,8.0,83.5121707,0.0,0.0,24.115853095,0.0,1.4280514096016063e-15,9.760069242080714,6.5
False,nonsense,14.385547,nonsense_gick_criff_riff,Human,False,True,False,False,True,nonsense_gick_criff_riff^nonsense^invalid,6.77416575,6.4033365,0.017812105926860028,0.003012485481997677,-6.27927495,-7.7930495,-1.8999519500000002,-1.33152955,70.26042064999999,8.0,0.8046874499999999,0.8046874499999999,1.0,0.9588243667035962,8.0,81.99559675,0.0,0.0,22.18412904,0.0,1.922026081878513e-15,7.025303752227982,7.0
True,violate,21.267226,plants_trees_tall,Human,False,False,True,False,False,plants_trees_tall^violate^invalid,6.38619115,6.28409735,0.01391304347826087,0.0028250616485910604,-6.5820267,-7.904741700000001,-1.94494635,-1.4837399500000004,68.6596727,8.0,0.8188750499999999,0.8188750499999999,1.0,0.8301860391296563,8.0,84.3862721,0.0,0.0,23.987561715,0.0,1.9225480256938434e-15,5.124418675638259,7.0
True,consistent,28.093074,computers_electronics_expensive,Human,False,False,True,True,False,computers_electronics_expensive^consistent^invalid,6.4488978,6.20202165,0.01518288474810214,0.003120740019474197,-6.455287950000001,-7.8443395,-1.9814681000000003,-1.3571211499999998,70.34209245,8.0,0.5709945499999991,0.5597707499999998,1.0,0.8224151890744551,8.0,84.21434264999999,0.0,0.0,23.045241349999998,0.0,1.829122258322029e-15,7.202985340362147,6.0
False,consistent,27.265449,whales_mammals_big,Human,False,True,True,True,False,whales_mammals_big^consistent^invalid,6.4138649999999995,6.205387,0.012092074592074592,0.002534956047910348,-6.6604588,-8.118708999999999,-2.0293045999999997,-1.6541473499999997,69.31705635,8.0,0.7021076000000004,0.7021076000000004,1.0,0.8047112558220828,8.0,85.92203119999999,0.0,0.0,24.62764928,0.0,2.1359789411439334e-15,3.9098734478620076,2.0
False,consistent,17.996381,vehicles_mobile_buildings,Human,False,True,True,True,False,vehicles_mobile_buildings^consistent^invalid,6.4189703,6.20475225,0.017908538535337384,0.003565073716319268,-6.2863693000000005,-7.65832855,-1.6578865,-1.3874936499999997,68.73863765,8.0,0.9254654999999996,0.7147571500000001,1.0,0.923093373579289,8.0,81.53225795000002,0.0,0.0,21.98636992,0.0,1.5822442479216904e-15,8.810153623685938,6.0
True,nonsense,37.848472,nonsense_shiff_yot_plusk,Human,True,True,False,False,True,nonsense_shiff_yot_plusk^nonsense^valid,6.6630405,6.4421315,0.08333333333333333,0.012010932105868816,-4.481248750000001,-6.32354165,1.74328225,1.2753396499999998,70.6576311,8.0,0.0,0.0,0.08333333333333333,4.231048708694868,6.0,59.016534065,6.0,21.190878835,0.0,6.5,9.594795138239126,0.0,3.0
True,violate,21.198182,gems_diamonds_transparent,Human,False,False,True,False,False,gems_diamonds_transparent^violate^invalid,6.54417985,6.2232831,0.014724310776942355,0.003206742381417339,-6.520405500000001,-7.78959085,-1.8865203500000005,-1.4694999500000003,70.84039609999999,8.0,0.6408786500000003,0.49384809999999946,1.0,0.8431403125175523,8.0,83.08205534999999,0.0,0.0,22.57233653,0.0,1.7192539355520916e-15,4.2441669087975615,6.0
False,violate,11.797505,librarians_happy_healthy,Human,True,False,True,False,False,librarians_happy_healthy^violate^valid,6.5305669,6.2470415,0.08012820512820512,0.01,-4.4437014999999995,-6.4155605,2.00354005,1.7134435000000003,69.13207704999999,8.0,0.0,0.0,0.08333333333333333,4.209615969003537,6.0,60.37416155,6.0,25.7530211,0.0,6.0,10.836666528128507,0.0,5.0
True,nonsense,29.362152,nonsense_frupt_liff_blop,Human,False,False,False,False,True,nonsense_frupt_liff_blop^nonsense^invalid,6.74828385,6.4571632,0.017862838915470493,0.0035407214298247814,-6.2424765,-7.58557185,-1.7545624000000002,-1.3214226500000001,69.2317771,8.0,1.0239715499999997,1.0239715499999997,1.0,0.9560013305357768,8.0,80.85806435,0.0,0.0,22.397972575000004,0.0,1.736572637562976e-15,10.776071835437,7.0
False,violate,26.232194,dragons_mythical_exist,Human,False,True,True,False,False,dragons_mythical_exist^violate^invalid,6.3965742500000005,6.317690649999999,0.016411084207694375,0.002816990818990486,-6.351449,-7.92016295,-1.8188361499999997,-1.5580721999999998,68.2857051,8.0,0.9220247500000005,0.9220247500000005,1.0,0.9051403786675013,8.0,83.5121707,0.0,0.0,24.115853095,0.0,1.4280514096016063e-15,9.760069242080714,6.5
True,consistent,44.831693,dragons_mythical_exist,Human,True,True,True,True,False,dragons_mythical_exist^consistent^valid,6.3897132,6.291689,0.06904761904761905,0.010929288103201148,-4.6077385,-6.30269085,1.7525634500000002,1.6223964999999998,68.6732855,8.0,0.0,0.0,0.08333333333333333,4.227263650259546,6.0,59.557831455,6.0,24.081231845,0.0,5.5,7.144700547850129,0.0,2.5
True,violate,26.323376,food_vegetables_healthy,Human,True,True,True,False,False,food_vegetables_healthy^violate^valid,6.450257000000001,6.31065585,0.06904761904761905,0.011173533083645444,-4.5539477,-6.2796415,1.8238982999999998,1.5661775000000002,69.1644208,8.0,0.0,0.0,0.08333333333333333,4.1972102532224955,6.0,60.09550511,6.0,24.33377359,0.0,6.0,7.9250296811573815,0.0,5.0
False,violate,21.931561,food_vegetables_healthy,Human,True,False,True,False,False,food_vegetables_healthy^violate^valid,6.450257000000001,6.31065585,0.06904761904761905,0.011173533083645444,-4.5539477,-6.2796415,1.8238982999999998,1.5661775000000002,69.1644208,8.0,0.0,0.0,0.08333333333333333,4.1972102532224955,6.0,60.09550511,6.0,24.33377359,0.0,6.0,7.9250296811573815,0.0,5.0
True,violate,25.067731,politicians_dishonest_lie,Human,True,True,True,False,False,politicians_dishonest_lie^violate^valid,6.37751675,6.0904122,0.06458333333333333,0.010152545866831581,-4.70822285,-6.3983282,1.8975946499999998,1.7866397999999997,69.3182278,8.0,0.0,0.0,0.08333333333333333,4.206316121655433,6.0,61.19675243500001,6.0,26.129471715,0.0,6.0,9.497890598380698,0.0,5.0
True,nonsense,51.864112,nonsense_sclace_dact_yink,Human,True,True,False,False,True,nonsense_sclace_dact_yink^nonsense^valid,6.6996305,6.49316,0.07142857142857142,0.013333333333333334,-4.62263075,-6.26985025,1.8822250500000002,1.32559375,69.4958898,8.0,0.0,0.0,0.08333333333333333,4.251478841343673,6.0,58.55405652,6.0,22.610766429999998,0.0,6.0,8.330163944391682,0.0,5.0
True,nonsense,16.264534,nonsense_phrist_biss_skemp,Human,True,True,False,False,True,nonsense_phrist_biss_skemp^nonsense^valid,6.731029250000001,6.494539,0.10555555555555556,0.012195121951219513,-4.290376350000001,-6.30501105,2.03048335,1.41410085,70.18686025,8.0,0.0,0.0,0.08333333333333333,4.267729924427778,6.0,58.678963880000005,6.0,23.135615870000002,0.0,6.5,12.213579792394672,0.0,3.0
False,nonsense,47.434397,nonsense_shrad_splect_dring,Human,True,False,False,False,True,nonsense_shrad_splect_dring^nonsense^valid,6.7610812,6.47533,0.08116883116883117,0.012434352795798579,-4.5256802,-6.28925465,1.7478102499999997,1.4159046000000002,71.13687965000001,8.0,0.0,0.0,0.08333333333333333,4.2501012416620565,6.0,59.227644260000005,6.0,22.47998154,0.0,6.5,10.09146835248848,0.0,5.0
False,nonsense,18.496702,nonsense_sneb_jing_omp,Human,True,False,False,False,True,nonsense_sneb_jing_omp^nonsense^valid,6.65619085,6.495821749999999,0.1,0.012739370334307044,-4.4031727,-6.28572395,1.7148209500000005,1.2285571999999996,69.11306905000001,8.0,0.0,0.0,0.08333333333333333,4.278485842278608,6.0,58.513248895,6.0,21.298895254999998,0.0,6.0,12.427159115811023,0.0,3.0
True,nonsense,26.863627,nonsense_phrist_biss_skemp,Human,True,True,False,False,True,nonsense_phrist_biss_skemp^nonsense^valid,6.731029250000001,6.494539,0.10555555555555556,0.012195121951219513,-4.290376350000001,-6.30501105,2.03048335,1.41410085,70.18686025,8.0,0.0,0.0,0.08333333333333333,4.267729924427778,6.0,58.678963880000005,6.0,23.135615870000002,0.0,6.5,12.213579792394672,0.0,3.0
False,violate,27.597316,computers_electronics_expensive,Human,True,False,True,False,False,computers_electronics_expensive^violate^valid,6.499090799999999,6.1807467,0.06349206349206349,0.009478885893980233,-4.712784,-6.45309085,1.66360835,1.3676843500000002,71.08527465,8.0,0.0,0.0,0.08333333333333333,4.178553354930129,6.0,61.9953835,6.0,21.3465476,0.0,6.0,7.695594544743838,0.0,2.5
False,violate,77.197356,librarians_happy_healthy,Human,False,True,True,False,False,librarians_happy_healthy^violate^invalid,6.5184307,6.25073135,0.01565940787863959,0.0024969139266075636,-6.4542280000000005,-8.1183655,-1.9697572,-1.7046477000000007,69.12546295000001,8.0,0.8838414999999997,0.8838414999999997,1.0,0.8417871351391385,8.0,85.92273235000002,0.0,0.0,25.449208115,0.0,1.864196823354998e-15,10.415242718678988,2.0
False,consistent,25.598345,computers_electronics_expensive,Human,False,True,True,True,False,computers_electronics_expensive^consistent^invalid,6.4488978,6.20202165,0.01518288474810214,0.003120740019474197,-6.455287950000001,-7.8443395,-1.9814681000000003,-1.3571211499999998,70.34209245,8.0,0.5709945499999991,0.5597707499999998,1.0,0.8224151890744551,8.0,84.21434264999999,0.0,0.0,23.045241349999998,0.0,1.829122258322029e-15,7.202985340362147,6.0
True,nonsense,30.132348,nonsense_snid_ust_bem,Human,True,True,False,False,True,nonsense_snid_ust_bem^nonsense^valid,6.6971871499999995,6.50197645,0.07142857142857142,0.012903762903762904,-4.60221525,-6.27589965,1.9509697,1.3402101999999996,69.13012775,8.0,0.0,0.0,0.08333333333333333,4.24286337086056,6.0,58.24551994000001,6.0,22.663743310000005,0.0,6.0,7.44304392711765,0.0,5.0
True,violate,22.265164,food_vegetables_healthy,Human,False,False,True,False,False,food_vegetables_healthy^violate^invalid,6.42677595,6.31220815,0.01562881562881563,0.002949955185046599,-6.4373935,-7.8457002,-1.8429373500000001,-1.5693540000000001,69.29372484999999,8.0,0.8066157500000002,0.7714321000000002,1.0,0.8284038808706596,8.0,84.6058833,0.0,0.0,24.320579359999996,0.0,1.5359023006172268e-15,7.146503379295183,4.0
False,nonsense,37.632558,nonsense_fleff_drap_ved,Human,False,True,False,False,True,nonsense_fleff_drap_ved^nonsense^invalid,6.7356882,6.4797887,0.017857142857142856,0.0033333333333333335,-6.2327225,-7.6453165,-1.7768858500000002,-1.2957879499999998,69.57095895,8.0,0.8390180499999997,0.8390180499999997,1.0,1.1067655183148273,8.0,80.09782385,0.0,0.0,21.5798461,0.0,1.5592593902284698e-15,10.58589834287269,6.0
True,consistent,17.896962,famous_wealthy_old,Human,False,False,True,True,False,famous_wealthy_old^consistent^invalid,6.473446900000001,6.2160115000000005,0.01562881562881563,0.00298510122611919,-6.4437375,-7.8515338,-1.9944038500000003,-1.44907085,69.37370354999999,8.0,0.6838503999999996,0.6838503999999996,1.0,0.8548965642034398,8.0,84.42239824999999,0.0,0.0,23.9086578,0.0,1.6094747389887971e-15,11.206323681628763,6.0
False,consistent,42.197464,librarians_happy_healthy,Human,False,True,True,True,False,librarians_happy_healthy^consistent^invalid,6.4564919,6.2082235,0.01316017316017316,0.002439154981527863,-6.56037875,-8.156236,-2.18236525,-1.6797223500000005,68.5649792,8.0,0.9607439,0.9607439,1.0,0.7880140342786139,8.0,87.18519895,0.0,0.0,26.80061415,0.0,2.047661216425686e-15,10.450981391754892,2.0
True,violate,29.32924,computers_electronics_expensive,Human,False,False,True,False,False,computers_electronics_expensive^violate^invalid,6.522399,6.180495499999999,0.016584429824561403,0.0031332744924977935,-6.37467015,-7.83040965,-1.6636693500000002,-1.36195265,71.27101135,8.0,0.8897316499999999,0.5789510499999999,1.0,0.8186306963818517,8.0,83.56209820000001,0.0,0.0,21.460766525,0.0,1.3123562768713624e-15,8.304262092877128,6.0
True,nonsense,26.864118,nonsense_zeff_zaff_zom,Human,True,True,False,False,True,nonsense_zeff_zaff_zom^nonsense^valid,6.6234459999999995,6.495430150000001,0.08012820512820512,0.011363636363636364,-4.47186935,-6.34852695,1.65972125,1.3204198000000003,69.1789092,8.0,0.0,0.0,0.08333333333333333,4.239275117224576,6.0,58.69241437499999,6.0,21.584066175000004,0.0,6.0,11.329917165397685,0.0,3.0
False,consistent,10.466088,whales_mammals_big,Human,False,True,True,True,False,whales_mammals_big^consistent^invalid,6.4138649999999995,6.205387,0.012092074592074592,0.002534956047910348,-6.6604588,-8.118708999999999,-2.0293045999999997,-1.6541473499999997,69.31705635,8.0,0.7021076000000004,0.7021076000000004,1.0,0.8047112558220828,8.0,85.92203119999999,0.0,0.0,24.62764928,0.0,2.1359789411439334e-15,3.9098734478620076,2.0
False,consistent,21.531827,famous_wealthy_old,Human,False,True,True,True,False,famous_wealthy_old^consistent^invalid,6.473446900000001,6.2160115000000005,0.01562881562881563,0.00298510122611919,-6.4437375,-7.8515338,-1.9944038500000003,-1.44907085,69.37370354999999,8.0,0.6838503999999996,0.6838503999999996,1.0,0.8548965642034398,8.0,84.42239824999999,0.0,0.0,23.9086578,0.0,1.6094747389887971e-15,11.206323681628763,6.0
True,violate,36.504864,famous_wealthy_old,Human,True,True,True,False,False,famous_wealthy_old^violate^valid,6.5324782,6.25096365,0.07738095238095238,0.011428944618599791,-4.5484671500000005,-6.2740884,1.8518867500000002,1.4590077500000005,68.93076565,8.0,0.0,0.0,0.08333333333333333,4.2525919368855565,6.0,59.70462999,6.0,23.492731159999998,0.0,6.0,12.003781547051933,0.0,5.0
True,nonsense,50.732017,nonsense_paft_usp_cesk,Human,True,True,False,False,True,nonsense_paft_usp_cesk^nonsense^valid,6.60848765,6.43326115,0.08116883116883117,0.010205144225762783,-4.415316750000001,-6.40260265,1.9637490499999997,1.4512771999999998,69.9446505,8.0,0.0,0.0,0.08333333333333333,4.230910783702164,6.0,59.68671201,6.0,23.09536234,0.0,6.0,10.336150785700415,0.0,5.0
False,nonsense,51.96454,nonsense_gick_criff_riff,Human,False,True,False,False,True,nonsense_gick_criff_riff^nonsense^invalid,6.77416575,6.4033365,0.017812105926860028,0.003012485481997677,-6.27927495,-7.7930495,-1.8999519500000002,-1.33152955,70.26042064999999,8.0,0.8046874499999999,0.8046874499999999,1.0,0.9588243667035962,8.0,81.99559675,0.0,0.0,22.18412904,0.0,1.922026081878513e-15,7.025303752227982,7.0
True,consistent,17.097506,dragons_mythical_exist,Human,True,True,True,True,False,dragons_mythical_exist^consistent^valid,6.3897132,6.291689,0.06904761904761905,0.010929288103201148,-4.6077385,-6.30269085,1.7525634500000002,1.6223964999999998,68.6732855,8.0,0.0,0.0,0.08333333333333333,4.227263650259546,6.0,59.557831455,6.0,24.081231845,0.0,5.5,7.144700547850129,0.0,2.5
True,violate,10.33078,librarians_happy_healthy,Human,True,True,True,False,False,librarians_happy_healthy^violate^valid,6.5305669,6.2470415,0.08012820512820512,0.01,-4.4437014999999995,-6.4155605,2.00354005,1.7134435000000003,69.13207704999999,8.0,0.0,0.0,0.08333333333333333,4.209615969003537,6.0,60.37416155,6.0,25.7530211,0.0,6.0,10.836666528128507,0.0,5.0
True,violate,33.198821,food_vegetables_healthy,Human,True,True,True,False,False,food_vegetables_healthy^violate^valid,6.450257000000001,6.31065585,0.06904761904761905,0.011173533083645444,-4.5539477,-6.2796415,1.8238982999999998,1.5661775000000002,69.1644208,8.0,0.0,0.0,0.08333333333333333,4.1972102532224955,6.0,60.09550511,6.0,24.33377359,0.0,6.0,7.9250296811573815,0.0,5.0
True,violate,21.764679,plants_trees_tall,Human,False,False,True,False,False,plants_trees_tall^violate^invalid,6.38619115,6.28409735,0.01391304347826087,0.0028250616485910604,-6.5820267,-7.904741700000001,-1.94494635,-1.4837399500000004,68.6596727,8.0,0.8188750499999999,0.8188750499999999,1.0,0.8301860391296563,8.0,84.3862721,0.0,0.0,23.987561715,0.0,1.9225480256938434e-15,5.124418675638259,7.0
True,violate,27.364682,vehicles_mobile_buildings,Human,True,True,True,False,False,vehicles_mobile_buildings^violate^valid,6.4227202,6.2347107,0.07142857142857142,0.01162947937795808,-4.4802725,-6.2656579,1.716221,1.4676158,68.53631695,8.0,0.0,0.0,0.08333333333333333,4.239842482458063,6.0,59.276388915,6.0,22.930080835000005,0.0,6.0,10.259922478197065,0.0,5.0
True,nonsense,44.33181,nonsense_paft_usp_cesk,Human,True,True,False,False,True,nonsense_paft_usp_cesk^nonsense^valid,6.60848765,6.43326115,0.08116883116883117,0.010205144225762783,-4.415316750000001,-6.40260265,1.9637490499999997,1.4512771999999998,69.9446505,8.0,0.0,0.0,0.08333333333333333,4.230910783702164,6.0,59.68671201,6.0,23.09536234,0.0,6.0,10.336150785700415,0.0,5.0
True,nonsense,15.86461,nonsense_sclace_dact_yink,Human,True,True,False,False,True,nonsense_sclace_dact_yink^nonsense^valid,6.6996305,6.49316,0.07142857142857142,0.013333333333333334,-4.62263075,-6.26985025,1.8822250500000002,1.32559375,69.4958898,8.0,0.0,0.0,0.08333333333333333,4.251478841343673,6.0,58.55405652,6.0,22.610766429999998,0.0,6.0,8.330163944391682,0.0,5.0
False,consistent,32.065685,guns_weapons_dangerous,Human,False,True,True,True,False,guns_weapons_dangerous^consistent^invalid,6.44597555,6.24617695,0.011000967117988394,0.002950776863820342,-6.76522825,-7.8805242,-1.8586807499999995,-1.4993720499999998,70.98612015,8.0,0.7220952499999997,0.6257914500000004,1.0,0.6282946795828372,8.0,85.89878935,0.0,0.0,23.510562384999997,0.0,1.4351441988087624e-15,6.165712876289506,6.0
False,consistent,22.230728,computers_electronics_expensive,Human,False,True,True,True,False,computers_electronics_expensive^consistent^invalid,6.4488978,6.20202165,0.01518288474810214,0.003120740019474197,-6.455287950000001,-7.8443395,-1.9814681000000003,-1.3571211499999998,70.34209245,8.0,0.5709945499999991,0.5597707499999998,1.0,0.8224151890744551,8.0,84.21434264999999,0.0,0.0,23.045241349999998,0.0,1.829122258322029e-15,7.202985340362147,6.0
True,consistent,28.140661,food_vegetables_healthy,Human,True,True,True,True,False,food_vegetables_healthy^consistent^valid,6.385638,6.289380550000001,0.07142857142857142,0.011494252873563218,-4.48948215,-6.2646552,1.9473686000000003,1.6365913,68.84390075,8.0,0.0,0.0,0.08333333333333333,4.215218270069648,6.0,59.918024325000005,6.0,25.219347475,0.0,6.0,7.1482754435408244,0.0,0.0
True,violate,30.830488,politicians_dishonest_lie,Human,True,True,True,False,False,politicians_dishonest_lie^violate^valid,6.37751675,6.0904122,0.06458333333333333,0.010152545866831581,-4.70822285,-6.3983282,1.8975946499999998,1.7866397999999997,69.3182278,8.0,0.0,0.0,0.08333333333333333,4.206316121655433,6.0,61.19675243500001,6.0,26.129471715,0.0,6.0,9.497890598380698,0.0,5.0
True,nonsense,28.997982,nonsense_blep_jict_zamp,Human,False,False,False,False,True,nonsense_blep_jict_zamp^nonsense^invalid,6.6741928999999995,6.48545365,0.01670843776106934,0.003419292995417563,-6.3586244999999995,-7.62233965,-1.9506646,-1.32995355,68.8410289,8.0,1.028150475,1.028150475,1.0,0.998382928836373,8.0,81.6114506,0.0,0.0,23.470771059999997,0.0,1.9934286564877932e-15,8.841090211283056,7.0
True,consistent,14.265244,vehicles_mobile_buildings,Human,True,True,True,True,False,vehicles_mobile_buildings^consistent^valid,6.3821907499999995,6.210437649999999,0.06904761904761905,0.011564171122994652,-4.64578225,-6.27354215,1.6384811000000004,1.37078005,68.51259875,8.0,0.0,0.0,0.08333333333333333,4.228907988510999,6.0,59.65386215,6.0,21.893918050000003,0.0,5.5,8.481598709056234,0.0,5.0
True,nonsense,40.431383,nonsense_frupt_liff_blop,Human,False,False,False,False,True,nonsense_frupt_liff_blop^nonsense^invalid,6.74828385,6.4571632,0.017862838915470493,0.0035407214298247814,-6.2424765,-7.58557185,-1.7545624000000002,-1.3214226500000001,69.2317771,8.0,1.0239715499999997,1.0239715499999997,1.0,0.9560013305357768,8.0,80.85806435,0.0,0.0,22.397972575000004,0.0,1.736572637562976e-15,10.776071835437,7.0
True,nonsense,69.097613,nonsense_shiff_yot_plusk,Human,True,True,False,False,True,nonsense_shiff_yot_plusk^nonsense^valid,6.6630405,6.4421315,0.08333333333333333,0.012010932105868816,-4.481248750000001,-6.32354165,1.74328225,1.2753396499999998,70.6576311,8.0,0.0,0.0,0.08333333333333333,4.231048708694868,6.0,59.016534065,6.0,21.190878835,0.0,6.5,9.594795138239126,0.0,3.0
False,consistent,28.06444,vehicles_mobile_buildings,Human,False,True,True,True,False,vehicles_mobile_buildings^consistent^invalid,6.4189703,6.20475225,0.017908538535337384,0.003565073716319268,-6.2863693000000005,-7.65832855,-1.6578865,-1.3874936499999997,68.73863765,8.0,0.9254654999999996,0.7147571500000001,1.0,0.923093373579289,8.0,81.53225795000002,0.0,0.0,21.98636992,0.0,1.5822442479216904e-15,8.810153623685938,6.0
True,nonsense,19.131941,nonsense_shrad_splect_dring,Human,True,True,False,False,True,nonsense_shrad_splect_dring^nonsense^valid,6.7610812,6.47533,0.08116883116883117,0.012434352795798579,-4.5256802,-6.28925465,1.7478102499999997,1.4159046000000002,71.13687965000001,8.0,0.0,0.0,0.08333333333333333,4.2501012416620565,6.0,59.227644260000005,6.0,22.47998154,0.0,6.5,10.09146835248848,0.0,5.0
True,violate,19.431695,gems_diamonds_transparent,Human,False,False,True,False,False,gems_diamonds_transparent^violate^invalid,6.54417985,6.2232831,0.014724310776942355,0.003206742381417339,-6.520405500000001,-7.78959085,-1.8865203500000005,-1.4694999500000003,70.84039609999999,8.0,0.6408786500000003,0.49384809999999946,1.0,0.8431403125175523,8.0,83.08205534999999,0.0,0.0,22.57233653,0.0,1.7192539355520916e-15,4.2441669087975615,6.0
True,violate,32.431424,librarians_happy_healthy,Human,False,False,True,False,False,librarians_happy_healthy^violate^invalid,6.5184307,6.25073135,0.01565940787863959,0.0024969139266075636,-6.4542280000000005,-8.1183655,-1.9697572,-1.7046477000000007,69.12546295000001,8.0,0.8838414999999997,0.8838414999999997,1.0,0.8417871351391385,8.0,85.92273235000002,0.0,0.0,25.449208115,0.0,1.864196823354998e-15,10.415242718678988,2.0
True,violate,57.061166,dragons_mythical_exist,Human,False,False,True,False,False,dragons_mythical_exist^violate^invalid,6.3965742500000005,6.317690649999999,0.016411084207694375,0.002816990818990486,-6.351449,-7.92016295,-1.8188361499999997,-1.5580721999999998,68.2857051,8.0,0.9220247500000005,0.9220247500000005,1.0,0.9051403786675013,8.0,83.5121707,0.0,0.0,24.115853095,0.0,1.4280514096016063e-15,9.760069242080714,6.5
True,nonsense,40.098021,nonsense_fleff_drap_ved,Human,False,False,False,False,True,nonsense_fleff_drap_ved^nonsense^invalid,6.7356882,6.4797887,0.017857142857142856,0.0033333333333333335,-6.2327225,-7.6453165,-1.7768858500000002,-1.2957879499999998,69.57095895,8.0,0.8390180499999997,0.8390180499999997,1.0,1.1067655183148273,8.0,80.09782385,0.0,0.0,21.5798461,0.0,1.5592593902284698e-15,10.58589834287269,6.0
True,nonsense,24.332474,nonsense_sclace_dact_yink,Human,True,True,False,False,True,nonsense_sclace_dact_yink^nonsense^valid,6.6996305,6.49316,0.07142857142857142,0.013333333333333334,-4.62263075,-6.26985025,1.8822250500000002,1.32559375,69.4958898,8.0,0.0,0.0,0.08333333333333333,4.251478841343673,6.0,58.55405652,6.0,22.610766429999998,0.0,6.0,8.330163944391682,0.0,5.0
False,violate,36.664964,vehicles_mobile_buildings,Human,True,False,True,False,False,vehicles_mobile_buildings^violate^valid,6.4227202,6.2347107,0.07142857142857142,0.01162947937795808,-4.4802725,-6.2656579,1.716221,1.4676158,68.53631695,8.0,0.0,0.0,0.08333333333333333,4.239842482458063,6.0,59.276388915,6.0,22.930080835000005,0.0,6.0,10.259922478197065,0.0,5.0
False,violate,17.563573,librarians_happy_healthy,Human,True,False,True,False,False,librarians_happy_healthy^violate^valid,6.5305669,6.2470415,0.08012820512820512,0.01,-4.4437014999999995,-6.4155605,2.00354005,1.7134435000000003,69.13207704999999,8.0,0.0,0.0,0.08333333333333333,4.209615969003537,6.0,60.37416155,6.0,25.7530211,0.0,6.0,10.836666528128507,0.0,5.0
False,nonsense,24.031669,nonsense_phrist_biss_skemp,Human,True,False,False,False,True,nonsense_phrist_biss_skemp^nonsense^valid,6.731029250000001,6.494539,0.10555555555555556,0.012195121951219513,-4.290376350000001,-6.30501105,2.03048335,1.41410085,70.18686025,8.0,0.0,0.0,0.08333333333333333,4.267729924427778,6.0,58.678963880000005,6.0,23.135615870000002,0.0,6.5,12.213579792394672,0.0,3.0
False,consistent,23.064852,famous_wealthy_old,Human,False,True,True,True,False,famous_wealthy_old^consistent^invalid,6.473446900000001,6.2160115000000005,0.01562881562881563,0.00298510122611919,-6.4437375,-7.8515338,-1.9944038500000003,-1.44907085,69.37370354999999,8.0,0.6838503999999996,0.6838503999999996,1.0,0.8548965642034398,8.0,84.42239824999999,0.0,0.0,23.9086578,0.0,1.6094747389887971e-15,11.206323681628763,6.0
False,violate,35.128995,computers_electronics_expensive,Human,False,True,True,False,False,computers_electronics_expensive^violate^invalid,6.522399,6.180495499999999,0.016584429824561403,0.0031332744924977935,-6.37467015,-7.83040965,-1.6636693500000002,-1.36195265,71.27101135,8.0,0.8897316499999999,0.5789510499999999,1.0,0.8186306963818517,8.0,83.56209820000001,0.0,0.0,21.460766525,0.0,1.3123562768713624e-15,8.304262092877128,6.0
True,consistent,112.36582,vehicles_mobile_buildings,Human,True,True,True,True,False,vehicles_mobile_buildings^consistent^valid,6.3821907499999995,6.210437649999999,0.06904761904761905,0.011564171122994652,-4.64578225,-6.27354215,1.6384811000000004,1.37078005,68.51259875,8.0,0.0,0.0,0.08333333333333333,4.228907988510999,6.0,59.65386215,6.0,21.893918050000003,0.0,5.5,8.481598709056234,0.0,5.0
True,nonsense,18.697868,nonsense_blep_jict_zamp,Human,False,False,False,False,True,nonsense_blep_jict_zamp^nonsense^invalid,6.6741928999999995,6.48545365,0.01670843776106934,0.003419292995417563,-6.3586244999999995,-7.62233965,-1.9506646,-1.32995355,68.8410289,8.0,1.028150475,1.028150475,1.0,0.998382928836373,8.0,81.6114506,0.0,0.0,23.470771059999997,0.0,1.9934286564877932e-15,8.841090211283056,7.0
False,nonsense,35.264353,nonsense_gick_criff_riff,Human,False,True,False,False,True,nonsense_gick_criff_riff^nonsense^invalid,6.77416575,6.4033365,0.017812105926860028,0.003012485481997677,-6.27927495,-7.7930495,-1.8999519500000002,-1.33152955,70.26042064999999,8.0,0.8046874499999999,0.8046874499999999,1.0,0.9588243667035962,8.0,81.99559675,0.0,0.0,22.18412904,0.0,1.922026081878513e-15,7.025303752227982,7.0
True,nonsense,19.797745,nonsense_zeff_zaff_zom,Human,True,True,False,False,True,nonsense_zeff_zaff_zom^nonsense^valid,6.6234459999999995,6.495430150000001,0.08012820512820512,0.011363636363636364,-4.47186935,-6.34852695,1.65972125,1.3204198000000003,69.1789092,8.0,0.0,0.0,0.08333333333333333,4.239275117224576,6.0,58.69241437499999,6.0,21.584066175000004,0.0,6.0,11.329917165397685,0.0,3.0
False,nonsense,27.36592,nonsense_snid_ust_bem,Human,True,False,False,False,True,nonsense_snid_ust_bem^nonsense^valid,6.6971871499999995,6.50197645,0.07142857142857142,0.012903762903762904,-4.60221525,-6.27589965,1.9509697,1.3402101999999996,69.13012775,8.0,0.0,0.0,0.08333333333333333,4.24286337086056,6.0,58.24551994000001,6.0,22.663743310000005,0.0,6.0,7.44304392711765,0.0,5.0
True,violate,18.331208,plants_trees_tall,Human,False,False,True,False,False,plants_trees_tall^violate^invalid,6.38619115,6.28409735,0.01391304347826087,0.0028250616485910604,-6.5820267,-7.904741700000001,-1.94494635,-1.4837399500000004,68.6596727,8.0,0.8188750499999999,0.8188750499999999,1.0,0.8301860391296563,8.0,84.3862721,0.0,0.0,23.987561715,0.0,1.9225480256938434e-15,5.124418675638259,7.0
True,consistent,34.407176,food_vegetables_healthy,Human,True,True,True,True,False,food_vegetables_healthy^consistent^valid,6.385638,6.289380550000001,0.07142857142857142,0.011494252873563218,-4.48948215,-6.2646552,1.9473686000000003,1.6365913,68.84390075,8.0,0.0,0.0,0.08333333333333333,4.215218270069648,6.0,59.918024325000005,6.0,25.219347475,0.0,6.0,7.1482754435408244,0.0,0.0
False,nonsense,24.763141,nonsense_phrist_biss_skemp,Human,True,False,False,False,True,nonsense_phrist_biss_skemp^nonsense^valid,6.731029250000001,6.494539,0.10555555555555556,0.012195121951219513,-4.290376350000001,-6.30501105,2.03048335,1.41410085,70.18686025,8.0,0.0,0.0,0.08333333333333333,4.267729924427778,6.0,58.678963880000005,6.0,23.135615870000002,0.0,6.5,12.213579792394672,0.0,3.0
False,consistent,17.330941,librarians_happy_healthy,Human,False,True,True,True,False,librarians_happy_healthy^consistent^invalid,6.4564919,6.2082235,0.01316017316017316,0.002439154981527863,-6.56037875,-8.156236,-2.18236525,-1.6797223500000005,68.5649792,8.0,0.9607439,0.9607439,1.0,0.7880140342786139,8.0,87.18519895,0.0,0.0,26.80061415,0.0,2.047661216425686e-15,10.450981391754892,2.0
False,violate,36.297105,librarians_happy_healthy,Human,True,False,True,False,False,librarians_happy_healthy^violate^valid,6.5305669,6.2470415,0.08012820512820512,0.01,-4.4437014999999995,-6.4155605,2.00354005,1.7134435000000003,69.13207704999999,8.0,0.0,0.0,0.08333333333333333,4.209615969003537,6.0,60.37416155,6.0,25.7530211,0.0,6.0,10.836666528128507,0.0,5.0
True,nonsense,49.732316,nonsense_paft_usp_cesk,Human,True,True,False,False,True,nonsense_paft_usp_cesk^nonsense^valid,6.60848765,6.43326115,0.08116883116883117,0.010205144225762783,-4.415316750000001,-6.40260265,1.9637490499999997,1.4512771999999998,69.9446505,8.0,0.0,0.0,0.08333333333333333,4.230910783702164,6.0,59.68671201,6.0,23.09536234,0.0,6.0,10.336150785700415,0.0,5.0
True,violate,47.198598,famous_wealthy_old,Human,True,True,True,False,False,famous_wealthy_old^violate^valid,6.5324782,6.25096365,0.07738095238095238,0.011428944618599791,-4.5484671500000005,-6.2740884,1.8518867500000002,1.4590077500000005,68.93076565,8.0,0.0,0.0,0.08333333333333333,4.2525919368855565,6.0,59.70462999,6.0,23.492731159999998,0.0,6.0,12.003781547051933,0.0,5.0
False,consistent,36.098909,guns_weapons_dangerous,Human,False,True,True,True,False,guns_weapons_dangerous^consistent^invalid,6.44597555,6.24617695,0.011000967117988394,0.002950776863820342,-6.76522825,-7.8805242,-1.8586807499999995,-1.4993720499999998,70.98612015,8.0,0.7220952499999997,0.6257914500000004,1.0,0.6282946795828372,8.0,85.89878935,0.0,0.0,23.510562384999997,0.0,1.4351441988087624e-15,6.165712876289506,6.0
True,consistent,70.669867,famous_wealthy_old,Human,False,False,True,True,False,famous_wealthy_old^consistent^invalid,6.473446900000001,6.2160115000000005,0.01562881562881563,0.00298510122611919,-6.4437375,-7.8515338,-1.9944038500000003,-1.44907085,69.37370354999999,8.0,0.6838503999999996,0.6838503999999996,1.0,0.8548965642034398,8.0,84.42239824999999,0.0,0.0,23.9086578,0.0,1.6094747389887971e-15,11.206323681628763,6.0
True,violate,51.729483,computers_electronics_expensive,Human,True,True,True,False,False,computers_electronics_expensive^violate^valid,6.499090799999999,6.1807467,0.06349206349206349,0.009478885893980233,-4.712784,-6.45309085,1.66360835,1.3676843500000002,71.08527465,8.0,0.0,0.0,0.08333333333333333,4.178553354930129,6.0,61.9953835,6.0,21.3465476,0.0,6.0,7.695594544743838,0.0,2.5
True,consistent,55.031106,dragons_mythical_exist,Human,True,True,True,True,False,dragons_mythical_exist^consistent^valid,6.3897132,6.291689,0.06904761904761905,0.010929288103201148,-4.6077385,-6.30269085,1.7525634500000002,1.6223964999999998,68.6732855,8.0,0.0,0.0,0.08333333333333333,4.227263650259546,6.0,59.557831455,6.0,24.081231845,0.0,5.5,7.144700547850129,0.0,2.5
True,violate,41.865399,food_vegetables_healthy,Human,False,False,True,False,False,food_vegetables_healthy^violate^invalid,6.42677595,6.31220815,0.01562881562881563,0.002949955185046599,-6.4373935,-7.8457002,-1.8429373500000001,-1.5693540000000001,69.29372484999999,8.0,0.8066157500000002,0.7714321000000002,1.0,0.8284038808706596,8.0,84.6058833,0.0,0.0,24.320579359999996,0.0,1.5359023006172268e-15,7.146503379295183,4.0
False,nonsense,26.631902,nonsense_paft_usp_cesk,Human,True,False,False,False,True,nonsense_paft_usp_cesk^nonsense^valid,6.60848765,6.43326115,0.08116883116883117,0.010205144225762783,-4.415316750000001,-6.40260265,1.9637490499999997,1.4512771999999998,69.9446505,8.0,0.0,0.0,0.08333333333333333,4.230910783702164,6.0,59.68671201,6.0,23.09536234,0.0,6.0,10.336150785700415,0.0,5.0
True,violate,45.996698,food_vegetables_healthy,Human,True,True,True,False,False,food_vegetables_healthy^violate^valid,6.450257000000001,6.31065585,0.06904761904761905,0.011173533083645444,-4.5539477,-6.2796415,1.8238982999999998,1.5661775000000002,69.1644208,8.0,0.0,0.0,0.08333333333333333,4.1972102532224955,6.0,60.09550511,6.0,24.33377359,0.0,6.0,7.9250296811573815,0.0,5.0
True,nonsense,18.298773,nonsense_frupt_liff_blop,Human,False,False,False,False,True,nonsense_frupt_liff_blop^nonsense^invalid,6.74828385,6.4571632,0.017862838915470493,0.0035407214298247814,-6.2424765,-7.58557185,-1.7545624000000002,-1.3214226500000001,69.2317771,8.0,1.0239715499999997,1.0239715499999997,1.0,0.9560013305357768,8.0,80.85806435,0.0,0.0,22.397972575000004,0.0,1.736572637562976e-15,10.776071835437,7.0
False,consistent,34.86569,whales_mammals_big,Human,False,True,True,True,False,whales_mammals_big^consistent^invalid,6.4138649999999995,6.205387,0.012092074592074592,0.002534956047910348,-6.6604588,-8.118708999999999,-2.0293045999999997,-1.6541473499999997,69.31705635,8.0,0.7021076000000004,0.7021076000000004,1.0,0.8047112558220828,8.0,85.92203119999999,0.0,0.0,24.62764928,0.0,2.1359789411439334e-15,3.9098734478620076,2.0
True,violate,26.764296,politicians_dishonest_lie,Human,True,True,True,False,False,politicians_dishonest_lie^violate^valid,6.37751675,6.0904122,0.06458333333333333,0.010152545866831581,-4.70822285,-6.3983282,1.8975946499999998,1.7866397999999997,69.3182278,8.0,0.0,0.0,0.08333333333333333,4.206316121655433,6.0,61.19675243500001,6.0,26.129471715,0.0,6.0,9.497890598380698,0.0,5.0
False,consistent,19.935264,whales_mammals_big,Human,True,False,True,True,False,whales_mammals_big^consistent^valid,6.41403665,6.2108725,0.06696428571428571,0.00975632971635256,-4.6359095,-6.4396763,2.0391463,1.6546882000000003,69.3921962,8.0,0.0,0.0,0.08333333333333333,4.173582388585834,6.0,61.237626000000006,6.0,24.621449549999994,0.0,6.0,3.5560485472706302,0.0,0.0
False,consistent,20.565305,computers_electronics_expensive,Human,False,True,True,True,False,computers_electronics_expensive^consistent^invalid,6.4488978,6.20202165,0.01518288474810214,0.003120740019474197,-6.455287950000001,-7.8443395,-1.9814681000000003,-1.3571211499999998,70.34209245,8.0,0.5709945499999991,0.5597707499999998,1.0,0.8224151890744551,8.0,84.21434264999999,0.0,0.0,23.045241349999998,0.0,1.829122258322029e-15,7.202985340362147,6.0
False,consistent,35.362234,vehicles_mobile_buildings,Human,False,True,True,True,False,vehicles_mobile_buildings^consistent^invalid,6.4189703,6.20475225,0.017908538535337384,0.003565073716319268,-6.2863693000000005,-7.65832855,-1.6578865,-1.3874936499999997,68.73863765,8.0,0.9254654999999996,0.7147571500000001,1.0,0.923093373579289,8.0,81.53225795000002,0.0,0.0,21.98636992,0.0,1.5822442479216904e-15,8.810153623685938,6.0
True,nonsense,16.846403,nonsense_shiff_yot_plusk,Human,True,True,False,False,True,nonsense_shiff_yot_plusk^nonsense^valid,6.6630405,6.4421315,0.08333333333333333,0.012010932105868816,-4.481248750000001,-6.32354165,1.74328225,1.2753396499999998,70.6576311,8.0,0.0,0.0,0.08333333333333333,4.231048708694868,6.0,59.016534065,6.0,21.190878835,0.0,6.5,9.594795138239126,0.0,3.0
False,nonsense,43.097131,nonsense_shiff_yot_plusk,Human,True,False,False,False,True,nonsense_shiff_yot_plusk^nonsense^valid,6.6630405,6.4421315,0.08333333333333333,0.012010932105868816,-4.481248750000001,-6.32354165,1.74328225,1.2753396499999998,70.6576311,8.0,0.0,0.0,0.08333333333333333,4.231048708694868,6.0,59.016534065,6.0,21.190878835,0.0,6.5,9.594795138239126,0.0,3.0
False,violate,23.799196,food_vegetables_healthy,Human,True,False,True,False,False,food_vegetables_healthy^violate^valid,6.450257000000001,6.31065585,0.06904761904761905,0.011173533083645444,-4.5539477,-6.2796415,1.8238982999999998,1.5661775000000002,69.1644208,8.0,0.0,0.0,0.08333333333333333,4.1972102532224955,6.0,60.09550511,6.0,24.33377359,0.0,6.0,7.9250296811573815,0.0,5.0
True,nonsense,19.165742,nonsense_shrad_splect_dring,Human,True,True,False,False,True,nonsense_shrad_splect_dring^nonsense^valid,6.7610812,6.47533,0.08116883116883117,0.012434352795798579,-4.5256802,-6.28925465,1.7478102499999997,1.4159046000000002,71.13687965000001,8.0,0.0,0.0,0.08333333333333333,4.2501012416620565,6.0,59.227644260000005,6.0,22.47998154,0.0,6.5,10.09146835248848,0.0,5.0
False,consistent,40.996773,computers_electronics_expensive,Human,False,True,True,True,False,computers_electronics_expensive^consistent^invalid,6.4488978,6.20202165,0.01518288474810214,0.003120740019474197,-6.455287950000001,-7.8443395,-1.9814681000000003,-1.3571211499999998,70.34209245,8.0,0.5709945499999991,0.5597707499999998,1.0,0.8224151890744551,8.0,84.21434264999999,0.0,0.0,23.045241349999998,0.0,1.829122258322029e-15,7.202985340362147,6.0
False,violate,14.464658,librarians_happy_healthy,Human,True,False,True,False,False,librarians_happy_healthy^violate^valid,6.5305669,6.2470415,0.08012820512820512,0.01,-4.4437014999999995,-6.4155605,2.00354005,1.7134435000000003,69.13207704999999,8.0,0.0,0.0,0.08333333333333333,4.209615969003537,6.0,60.37416155,6.0,25.7530211,0.0,6.0,10.836666528128507,0.0,5.0
True,nonsense,23.496285,nonsense_sneb_jing_omp,Human,True,True,False,False,True,nonsense_sneb_jing_omp^nonsense^valid,6.65619085,6.495821749999999,0.1,0.012739370334307044,-4.4031727,-6.28572395,1.7148209500000005,1.2285571999999996,69.11306905000001,8.0,0.0,0.0,0.08333333333333333,4.278485842278608,6.0,58.513248895,6.0,21.298895254999998,0.0,6.0,12.427159115811023,0.0,3.0
True,nonsense,32.531749,nonsense_sclace_dact_yink,Human,True,True,False,False,True,nonsense_sclace_dact_yink^nonsense^valid,6.6996305,6.49316,0.07142857142857142,0.013333333333333334,-4.62263075,-6.26985025,1.8822250500000002,1.32559375,69.4958898,8.0,0.0,0.0,0.08333333333333333,4.251478841343673,6.0,58.55405652,6.0,22.610766429999998,0.0,6.0,8.330163944391682,0.0,5.0
False,consistent,52.196498,computers_electronics_expensive,Human,False,True,True,True,False,computers_electronics_expensive^consistent^invalid,6.4488978,6.20202165,0.01518288474810214,0.003120740019474197,-6.455287950000001,-7.8443395,-1.9814681000000003,-1.3571211499999998,70.34209245,8.0,0.5709945499999991,0.5597707499999998,1.0,0.8224151890744551,8.0,84.21434264999999,0.0,0.0,23.045241349999998,0.0,1.829122258322029e-15,7.202985340362147,6.0
True,violate,52.932052,dragons_mythical_exist,Human,False,False,True,False,False,dragons_mythical_exist^violate^invalid,6.3965742500000005,6.317690649999999,0.016411084207694375,0.002816990818990486,-6.351449,-7.92016295,-1.8188361499999997,-1.5580721999999998,68.2857051,8.0,0.9220247500000005,0.9220247500000005,1.0,0.9051403786675013,8.0,83.5121707,0.0,0.0,24.115853095,0.0,1.4280514096016063e-15,9.760069242080714,6.5
True,violate,41.364013,librarians_happy_healthy,Human,False,False,True,False,False,librarians_happy_healthy^violate^invalid,6.5184307,6.25073135,0.01565940787863959,0.0024969139266075636,-6.4542280000000005,-8.1183655,-1.9697572,-1.7046477000000007,69.12546295000001,8.0,0.8838414999999997,0.8838414999999997,1.0,0.8417871351391385,8.0,85.92273235000002,0.0,0.0,25.449208115,0.0,1.864196823354998e-15,10.415242718678988,2.0
True,violate,59.198255,food_vegetables_healthy,Human,False,False,True,False,False,food_vegetables_healthy^violate^invalid,6.42677595,6.31220815,0.01562881562881563,0.002949955185046599,-6.4373935,-7.8457002,-1.8429373500000001,-1.5693540000000001,69.29372484999999,8.0,0.8066157500000002,0.7714321000000002,1.0,0.8284038808706596,8.0,84.6058833,0.0,0.0,24.320579359999996,0.0,1.5359023006172268e-15,7.146503379295183,4.0
True,nonsense,37.698888,nonsense_snid_ust_bem,Human,True,True,False,False,True,nonsense_snid_ust_bem^nonsense^valid,6.6971871499999995,6.50197645,0.07142857142857142,0.012903762903762904,-4.60221525,-6.27589965,1.9509697,1.3402101999999996,69.13012775,8.0,0.0,0.0,0.08333333333333333,4.24286337086056,6.0,58.24551994000001,6.0,22.663743310000005,0.0,6.0,7.44304392711765,0.0,5.0
True,nonsense,33.764242,nonsense_phrist_biss_skemp,Human,True,True,False,False,True,nonsense_phrist_biss_skemp^nonsense^valid,6.731029250000001,6.494539,0.10555555555555556,0.012195121951219513,-4.290376350000001,-6.30501105,2.03048335,1.41410085,70.18686025,8.0,0.0,0.0,0.08333333333333333,4.267729924427778,6.0,58.678963880000005,6.0,23.135615870000002,0.0,6.5,12.213579792394672,0.0,3.0
True,consistent,22.331964,famous_wealthy_old,Human,False,False,True,True,False,famous_wealthy_old^consistent^invalid,6.473446900000001,6.2160115000000005,0.01562881562881563,0.00298510122611919,-6.4437375,-7.8515338,-1.9944038500000003,-1.44907085,69.37370354999999,8.0,0.6838503999999996,0.6838503999999996,1.0,0.8548965642034398,8.0,84.42239824999999,0.0,0.0,23.9086578,0.0,1.6094747389887971e-15,11.206323681628763,6.0
False,consistent,33.665792,vehicles_mobile_buildings,Human,True,False,True,True,False,vehicles_mobile_buildings^consistent^valid,6.3821907499999995,6.210437649999999,0.06904761904761905,0.011564171122994652,-4.64578225,-6.27354215,1.6384811000000004,1.37078005,68.51259875,8.0,0.0,0.0,0.08333333333333333,4.228907988510999,6.0,59.65386215,6.0,21.893918050000003,0.0,5.5,8.481598709056234,0.0,5.0
False,consistent,15.997436,librarians_happy_healthy,Human,False,True,True,True,False,librarians_happy_healthy^consistent^invalid,6.4564919,6.2082235,0.01316017316017316,0.002439154981527863,-6.56037875,-8.156236,-2.18236525,-1.6797223500000005,68.5649792,8.0,0.9607439,0.9607439,1.0,0.7880140342786139,8.0,87.18519895,0.0,0.0,26.80061415,0.0,2.047661216425686e-15,10.450981391754892,2.0
True,nonsense,51.498256,nonsense_frupt_liff_blop,Human,False,False,False,False,True,nonsense_frupt_liff_blop^nonsense^invalid,6.74828385,6.4571632,0.017862838915470493,0.0035407214298247814,-6.2424765,-7.58557185,-1.7545624000000002,-1.3214226500000001,69.2317771,8.0,1.0239715499999997,1.0239715499999997,1.0,0.9560013305357768,8.0,80.85806435,0.0,0.0,22.397972575000004,0.0,1.736572637562976e-15,10.776071835437,7.0
True,nonsense,21.030141,nonsense_phrist_biss_skemp,Human,True,True,False,False,True,nonsense_phrist_biss_skemp^nonsense^valid,6.731029250000001,6.494539,0.10555555555555556,0.012195121951219513,-4.290376350000001,-6.30501105,2.03048335,1.41410085,70.18686025,8.0,0.0,0.0,0.08333333333333333,4.267729924427778,6.0,58.678963880000005,6.0,23.135615870000002,0.0,6.5,12.213579792394672,0.0,3.0
True,nonsense,35.765584,nonsense_paft_usp_cesk,Human,True,True,False,False,True,nonsense_paft_usp_cesk^nonsense^valid,6.60848765,6.43326115,0.08116883116883117,0.010205144225762783,-4.415316750000001,-6.40260265,1.9637490499999997,1.4512771999999998,69.9446505,8.0,0.0,0.0,0.08333333333333333,4.230910783702164,6.0,59.68671201,6.0,23.09536234,0.0,6.0,10.336150785700415,0.0,5.0
False,violate,11.265268,famous_wealthy_old,Human,True,False,True,False,False,famous_wealthy_old^violate^valid,6.5324782,6.25096365,0.07738095238095238,0.011428944618599791,-4.5484671500000005,-6.2740884,1.8518867500000002,1.4590077500000005,68.93076565,8.0,0.0,0.0,0.08333333333333333,4.2525919368855565,6.0,59.70462999,6.0,23.492731159999998,0.0,6.0,12.003781547051933,0.0,5.0
True,nonsense,71.798815,nonsense_fleff_drap_ved,Human,False,False,False,False,True,nonsense_fleff_drap_ved^nonsense^invalid,6.7356882,6.4797887,0.017857142857142856,0.0033333333333333335,-6.2327225,-7.6453165,-1.7768858500000002,-1.2957879499999998,69.57095895,8.0,0.8390180499999997,0.8390180499999997,1.0,1.1067655183148273,8.0,80.09782385,0.0,0.0,21.5798461,0.0,1.5592593902284698e-15,10.58589834287269,6.0
False,consistent,26.229668,guns_weapons_dangerous,Human,False,True,True,True,False,guns_weapons_dangerous^consistent^invalid,6.44597555,6.24617695,0.011000967117988394,0.002950776863820342,-6.76522825,-7.8805242,-1.8586807499999995,-1.4993720499999998,70.98612015,8.0,0.7220952499999997,0.6257914500000004,1.0,0.6282946795828372,8.0,85.89878935,0.0,0.0,23.510562384999997,0.0,1.4351441988087624e-15,6.165712876289506,6.0
True,nonsense,20.729455,nonsense_zeff_zaff_zom,Human,True,True,False,False,True,nonsense_zeff_zaff_zom^nonsense^valid,6.6234459999999995,6.495430150000001,0.08012820512820512,0.011363636363636364,-4.47186935,-6.34852695,1.65972125,1.3204198000000003,69.1789092,8.0,0.0,0.0,0.08333333333333333,4.239275117224576,6.0,58.69241437499999,6.0,21.584066175000004,0.0,6.0,11.329917165397685,0.0,3.0
False,nonsense,21.964583,nonsense_gick_criff_riff,Human,False,True,False,False,True,nonsense_gick_criff_riff^nonsense^invalid,6.77416575,6.4033365,0.017812105926860028,0.003012485481997677,-6.27927495,-7.7930495,-1.8999519500000002,-1.33152955,70.26042064999999,8.0,0.8046874499999999,0.8046874499999999,1.0,0.9588243667035962,8.0,81.99559675,0.0,0.0,22.18412904,0.0,1.922026081878513e-15,7.025303752227982,7.0
True,consistent,26.363739,dragons_mythical_exist,Human,True,True,True,True,False,dragons_mythical_exist^consistent^valid,6.3897132,6.291689,0.06904761904761905,0.010929288103201148,-4.6077385,-6.30269085,1.7525634500000002,1.6223964999999998,68.6732855,8.0,0.0,0.0,0.08333333333333333,4.227263650259546,6.0,59.557831455,6.0,24.081231845,0.0,5.5,7.144700547850129,0.0,2.5
False,violate,29.630778,vehicles_mobile_buildings,Human,True,False,True,False,False,vehicles_mobile_buildings^violate^valid,6.4227202,6.2347107,0.07142857142857142,0.01162947937795808,-4.4802725,-6.2656579,1.716221,1.4676158,68.53631695,8.0,0.0,0.0,0.08333333333333333,4.239842482458063,6.0,59.276388915,6.0,22.930080835000005,0.0,6.0,10.259922478197065,0.0,5.0
True,consistent,20.77165,whales_mammals_big,Human,True,True,True,True,False,whales_mammals_big^consistent^valid,6.41403665,6.2108725,0.06696428571428571,0.00975632971635256,-4.6359095,-6.4396763,2.0391463,1.6546882000000003,69.3921962,8.0,0.0,0.0,0.08333333333333333,4.173582388585834,6.0,61.237626000000006,6.0,24.621449549999994,0.0,6.0,3.5560485472706302,0.0,0.0
True,consistent,38.644544,food_vegetables_healthy,Human,True,True,True,True,False,food_vegetables_healthy^consistent^valid,6.385638,6.289380550000001,0.07142857142857142,0.011494252873563218,-4.48948215,-6.2646552,1.9473686000000003,1.6365913,68.84390075,8.0,0.0,0.0,0.08333333333333333,4.215218270069648,6.0,59.918024325000005,6.0,25.219347475,0.0,6.0,7.1482754435408244,0.0,0.0
True,violate,19.531187,gems_diamonds_transparent,Human,False,False,True,False,False,gems_diamonds_transparent^violate^invalid,6.54417985,6.2232831,0.014724310776942355,0.003206742381417339,-6.520405500000001,-7.78959085,-1.8865203500000005,-1.4694999500000003,70.84039609999999,8.0,0.6408786500000003,0.49384809999999946,1.0,0.8431403125175523,8.0,83.08205534999999,0.0,0.0,22.57233653,0.0,1.7192539355520916e-15,4.2441669087975615,6.0
True,violate,28.463449,librarians_happy_healthy,Human,True,True,True,False,False,librarians_happy_healthy^violate^valid,6.5305669,6.2470415,0.08012820512820512,0.01,-4.4437014999999995,-6.4155605,2.00354005,1.7134435000000003,69.13207704999999,8.0,0.0,0.0,0.08333333333333333,4.209615969003537,6.0,60.37416155,6.0,25.7530211,0.0,6.0,10.836666528128507,0.0,5.0
True,violate,28.197697,food_vegetables_healthy,Human,True,True,True,False,False,food_vegetables_healthy^violate^valid,6.450257000000001,6.31065585,0.06904761904761905,0.011173533083645444,-4.5539477,-6.2796415,1.8238982999999998,1.5661775000000002,69.1644208,8.0,0.0,0.0,0.08333333333333333,4.1972102532224955,6.0,60.09550511,6.0,24.33377359,0.0,6.0,7.9250296811573815,0.0,5.0
True,consistent,14.965612,whales_mammals_big,Human,False,False,True,True,False,whales_mammals_big^consistent^invalid,6.4138649999999995,6.205387,0.012092074592074592,0.002534956047910348,-6.6604588,-8.118708999999999,-2.0293045999999997,-1.6541473499999997,69.31705635,8.0,0.7021076000000004,0.7021076000000004,1.0,0.8047112558220828,8.0,85.92203119999999,0.0,0.0,24.62764928,0.0,2.1359789411439334e-15,3.9098734478620076,2.0
False,consistent,12.431502,computers_electronics_expensive,Human,False,True,True,True,False,computers_electronics_expensive^consistent^invalid,6.4488978,6.20202165,0.01518288474810214,0.003120740019474197,-6.455287950000001,-7.8443395,-1.9814681000000003,-1.3571211499999998,70.34209245,8.0,0.5709945499999991,0.5597707499999998,1.0,0.8224151890744551,8.0,84.21434264999999,0.0,0.0,23.045241349999998,0.0,1.829122258322029e-15,7.202985340362147,6.0
False,violate,17.697959,computers_electronics_expensive,Human,True,False,True,False,False,computers_electronics_expensive^violate^valid,6.499090799999999,6.1807467,0.06349206349206349,0.009478885893980233,-4.712784,-6.45309085,1.66360835,1.3676843500000002,71.08527465,8.0,0.0,0.0,0.08333333333333333,4.178553354930129,6.0,61.9953835,6.0,21.3465476,0.0,6.0,7.695594544743838,0.0,2.5
True,consistent,17.965809,famous_wealthy_old,Human,False,False,True,True,False,famous_wealthy_old^consistent^invalid,6.473446900000001,6.2160115000000005,0.01562881562881563,0.00298510122611919,-6.4437375,-7.8515338,-1.9944038500000003,-1.44907085,69.37370354999999,8.0,0.6838503999999996,0.6838503999999996,1.0,0.8548965642034398,8.0,84.42239824999999,0.0,0.0,23.9086578,0.0,1.6094747389887971e-15,11.206323681628763,6.0
True,violate,22.065599,dragons_mythical_exist,Human,False,False,True,False,False,dragons_mythical_exist^violate^invalid,6.3965742500000005,6.317690649999999,0.016411084207694375,0.002816990818990486,-6.351449,-7.92016295,-1.8188361499999997,-1.5580721999999998,68.2857051,8.0,0.9220247500000005,0.9220247500000005,1.0,0.9051403786675013,8.0,83.5121707,0.0,0.0,24.115853095,0.0,1.4280514096016063e-15,9.760069242080714,6.5
False,nonsense,48.263809,nonsense_blep_jict_zamp,Human,False,True,False,False,True,nonsense_blep_jict_zamp^nonsense^invalid,6.6741928999999995,6.48545365,0.01670843776106934,0.003419292995417563,-6.3586244999999995,-7.62233965,-1.9506646,-1.32995355,68.8410289,8.0,1.028150475,1.028150475,1.0,0.998382928836373,8.0,81.6114506,0.0,0.0,23.470771059999997,0.0,1.9934286564877932e-15,8.841090211283056,7.0
True,violate,23.995792,computers_electronics_expensive,Human,False,False,True,False,False,computers_electronics_expensive^violate^invalid,6.522399,6.180495499999999,0.016584429824561403,0.0031332744924977935,-6.37467015,-7.83040965,-1.6636693500000002,-1.36195265,71.27101135,8.0,0.8897316499999999,0.5789510499999999,1.0,0.8186306963818517,8.0,83.56209820000001,0.0,0.0,21.460766525,0.0,1.3123562768713624e-15,8.304262092877128,6.0
True,violate,46.898658,food_vegetables_healthy,Human,True,True,True,False,False,food_vegetables_healthy^violate^valid,6.450257000000001,6.31065585,0.06904761904761905,0.011173533083645444,-4.5539477,-6.2796415,1.8238982999999998,1.5661775000000002,69.1644208,8.0,0.0,0.0,0.08333333333333333,4.1972102532224955,6.0,60.09550511,6.0,24.33377359,0.0,6.0,7.9250296811573815,0.0,5.0
True,nonsense,41.030637,nonsense_phrist_biss_skemp,Human,True,True,False,False,True,nonsense_phrist_biss_skemp^nonsense^valid,6.731029250000001,6.494539,0.10555555555555556,0.012195121951219513,-4.290376350000001,-6.30501105,2.03048335,1.41410085,70.18686025,8.0,0.0,0.0,0.08333333333333333,4.267729924427778,6.0,58.678963880000005,6.0,23.135615870000002,0.0,6.5,12.213579792394672,0.0,3.0
True,violate,29.830854,librarians_happy_healthy,Human,False,False,True,False,False,librarians_happy_healthy^violate^invalid,6.5184307,6.25073135,0.01565940787863959,0.0024969139266075636,-6.4542280000000005,-8.1183655,-1.9697572,-1.7046477000000007,69.12546295000001,8.0,0.8838414999999997,0.8838414999999997,1.0,0.8417871351391385,8.0,85.92273235000002,0.0,0.0,25.449208115,0.0,1.864196823354998e-15,10.415242718678988,2.0
True,nonsense,51.398941,nonsense_shrad_splect_dring,Human,True,True,False,False,True,nonsense_shrad_splect_dring^nonsense^valid,6.7610812,6.47533,0.08116883116883117,0.012434352795798579,-4.5256802,-6.28925465,1.7478102499999997,1.4159046000000002,71.13687965000001,8.0,0.0,0.0,0.08333333333333333,4.2501012416620565,6.0,59.227644260000005,6.0,22.47998154,0.0,6.5,10.09146835248848,0.0,5.0
True,consistent,92.397062,vehicles_mobile_buildings,Human,False,False,True,True,False,vehicles_mobile_buildings^consistent^invalid,6.4189703,6.20475225,0.017908538535337384,0.003565073716319268,-6.2863693000000005,-7.65832855,-1.6578865,-1.3874936499999997,68.73863765,8.0,0.9254654999999996,0.7147571500000001,1.0,0.923093373579289,8.0,81.53225795000002,0.0,0.0,21.98636992,0.0,1.5822442479216904e-15,8.810153623685938,6.0
False,violate,26.764915,politicians_dishonest_lie,Human,True,False,True,False,False,politicians_dishonest_lie^violate^valid,6.37751675,6.0904122,0.06458333333333333,0.010152545866831581,-4.70822285,-6.3983282,1.8975946499999998,1.7866397999999997,69.3182278,8.0,0.0,0.0,0.08333333333333333,4.206316121655433,6.0,61.19675243500001,6.0,26.129471715,0.0,6.0,9.497890598380698,0.0,5.0
True,violate,31.031685,gems_diamonds_transparent,Human,False,False,True,False,False,gems_diamonds_transparent^violate^invalid,6.54417985,6.2232831,0.014724310776942355,0.003206742381417339,-6.520405500000001,-7.78959085,-1.8865203500000005,-1.4694999500000003,70.84039609999999,8.0,0.6408786500000003,0.49384809999999946,1.0,0.8431403125175523,8.0,83.08205534999999,0.0,0.0,22.57233653,0.0,1.7192539355520916e-15,4.2441669087975615,6.0
True,violate,59.56401,politicians_dishonest_lie,Human,True,True,True,False,False,politicians_dishonest_lie^violate^valid,6.37751675,6.0904122,0.06458333333333333,0.010152545866831581,-4.70822285,-6.3983282,1.8975946499999998,1.7866397999999997,69.3182278,8.0,0.0,0.0,0.08333333333333333,4.206316121655433,6.0,61.19675243500001,6.0,26.129471715,0.0,6.0,9.497890598380698,0.0,5.0
True,violate,14.298017,plants_trees_tall,Human,False,False,True,False,False,plants_trees_tall^violate^invalid,6.38619115,6.28409735,0.01391304347826087,0.0028250616485910604,-6.5820267,-7.904741700000001,-1.94494635,-1.4837399500000004,68.6596727,8.0,0.8188750499999999,0.8188750499999999,1.0,0.8301860391296563,8.0,84.3862721,0.0,0.0,23.987561715,0.0,1.9225480256938434e-15,5.124418675638259,7.0
True,nonsense,33.796125,nonsense_sneb_jing_omp,Human,True,True,False,False,True,nonsense_sneb_jing_omp^nonsense^valid,6.65619085,6.495821749999999,0.1,0.012739370334307044,-4.4031727,-6.28572395,1.7148209500000005,1.2285571999999996,69.11306905000001,8.0,0.0,0.0,0.08333333333333333,4.278485842278608,6.0,58.513248895,6.0,21.298895254999998,0.0,6.0,12.427159115811023,0.0,3.0
True,nonsense,19.332165,nonsense_fleff_drap_ved,Human,False,False,False,False,True,nonsense_fleff_drap_ved^nonsense^invalid,6.7356882,6.4797887,0.017857142857142856,0.0033333333333333335,-6.2327225,-7.6453165,-1.7768858500000002,-1.2957879499999998,69.57095895,8.0,0.8390180499999997,0.8390180499999997,1.0,1.1067655183148273,8.0,80.09782385,0.0,0.0,21.5798461,0.0,1.5592593902284698e-15,10.58589834287269,6.0
True,violate,26.431729,librarians_happy_healthy,Human,True,True,True,False,False,librarians_happy_healthy^violate^valid,6.5305669,6.2470415,0.08012820512820512,0.01,-4.4437014999999995,-6.4155605,2.00354005,1.7134435000000003,69.13207704999999,8.0,0.0,0.0,0.08333333333333333,4.209615969003537,6.0,60.37416155,6.0,25.7530211,0.0,6.0,10.836666528128507,0.0,5.0
True,violate,44.597795,plants_trees_tall,Human,False,False,True,False,False,plants_trees_tall^violate^invalid,6.38619115,6.28409735,0.01391304347826087,0.0028250616485910604,-6.5820267,-7.904741700000001,-1.94494635,-1.4837399500000004,68.6596727,8.0,0.8188750499999999,0.8188750499999999,1.0,0.8301860391296563,8.0,84.3862721,0.0,0.0,23.987561715,0.0,1.9225480256938434e-15,5.124418675638259,7.0
True,nonsense,28.674366,nonsense_phrist_biss_skemp,Human,True,True,False,False,True,nonsense_phrist_biss_skemp^nonsense^valid,6.731029250000001,6.494539,0.10555555555555556,0.012195121951219513,-4.290376350000001,-6.30501105,2.03048335,1.41410085,70.18686025,8.0,0.0,0.0,0.08333333333333333,4.267729924427778,6.0,58.678963880000005,6.0,23.135615870000002,0.0,6.5,12.213579792394672,0.0,3.0
False,nonsense,39.296935,nonsense_snid_ust_bem,Human,True,False,False,False,True,nonsense_snid_ust_bem^nonsense^valid,6.6971871499999995,6.50197645,0.07142857142857142,0.012903762903762904,-4.60221525,-6.27589965,1.9509697,1.3402101999999996,69.13012775,8.0,0.0,0.0,0.08333333333333333,4.24286337086056,6.0,58.24551994000001,6.0,22.663743310000005,0.0,6.0,7.44304392711765,0.0,5.0
True,violate,32.097546,food_vegetables_healthy,Human,False,False,True,False,False,food_vegetables_healthy^violate^invalid,6.42677595,6.31220815,0.01562881562881563,0.002949955185046599,-6.4373935,-7.8457002,-1.8429373500000001,-1.5693540000000001,69.29372484999999,8.0,0.8066157500000002,0.7714321000000002,1.0,0.8284038808706596,8.0,84.6058833,0.0,0.0,24.320579359999996,0.0,1.5359023006172268e-15,7.146503379295183,4.0
True,violate,10.097054,computers_electronics_expensive,Human,False,False,True,False,False,computers_electronics_expensive^violate^invalid,6.522399,6.180495499999999,0.016584429824561403,0.0031332744924977935,-6.37467015,-7.83040965,-1.6636693500000002,-1.36195265,71.27101135,8.0,0.8897316499999999,0.5789510499999999,1.0,0.8186306963818517,8.0,83.56209820000001,0.0,0.0,21.460766525,0.0,1.3123562768713624e-15,8.304262092877128,6.0
True,consistent,18.886599,whales_mammals_big,Human,True,True,True,True,False,whales_mammals_big^consistent^valid,6.41403665,6.2108725,0.06696428571428571,0.00975632971635256,-4.6359095,-6.4396763,2.0391463,1.6546882000000003,69.3921962,8.0,0.0,0.0,0.08333333333333333,4.173582388585834,6.0,61.237626000000006,6.0,24.621449549999994,0.0,6.0,3.5560485472706302,0.0,0.0
False,nonsense,40.398857,nonsense_paft_usp_cesk,Human,True,False,False,False,True,nonsense_paft_usp_cesk^nonsense^valid,6.60848765,6.43326115,0.08116883116883117,0.010205144225762783,-4.415316750000001,-6.40260265,1.9637490499999997,1.4512771999999998,69.9446505,8.0,0.0,0.0,0.08333333333333333,4.230910783702164,6.0,59.68671201,6.0,23.09536234,0.0,6.0,10.336150785700415,0.0,5.0
True,consistent,28.0322,vehicles_mobile_buildings,Human,True,True,True,True,False,vehicles_mobile_buildings^consistent^valid,6.3821907499999995,6.210437649999999,0.06904761904761905,0.011564171122994652,-4.64578225,-6.27354215,1.6384811000000004,1.37078005,68.51259875,8.0,0.0,0.0,0.08333333333333333,4.228907988510999,6.0,59.65386215,6.0,21.893918050000003,0.0,5.5,8.481598709056234,0.0,5.0
True,violate,18.032608,food_vegetables_healthy,Human,True,True,True,False,False,food_vegetables_healthy^violate^valid,6.450257000000001,6.31065585,0.06904761904761905,0.011173533083645444,-4.5539477,-6.2796415,1.8238982999999998,1.5661775000000002,69.1644208,8.0,0.0,0.0,0.08333333333333333,4.1972102532224955,6.0,60.09550511,6.0,24.33377359,0.0,6.0,7.9250296811573815,0.0,5.0
False,consistent,10.528942,computers_electronics_expensive,Human,False,True,True,True,False,computers_electronics_expensive^consistent^invalid,6.4488978,6.20202165,0.01518288474810214,0.003120740019474197,-6.455287950000001,-7.8443395,-1.9814681000000003,-1.3571211499999998,70.34209245,8.0,0.5709945499999991,0.5597707499999998,1.0,0.8224151890744551,8.0,84.21434264999999,0.0,0.0,23.045241349999998,0.0,1.829122258322029e-15,7.202985340362147,6.0
False,nonsense,29.931867,nonsense_paft_usp_cesk,Human,True,False,False,False,True,nonsense_paft_usp_cesk^nonsense^valid,6.60848765,6.43326115,0.08116883116883117,0.010205144225762783,-4.415316750000001,-6.40260265,1.9637490499999997,1.4512771999999998,69.9446505,8.0,0.0,0.0,0.08333333333333333,4.230910783702164,6.0,59.68671201,6.0,23.09536234,0.0,6.0,10.336150785700415,0.0,5.0
False,violate,44.465506,famous_wealthy_old,Human,True,False,True,False,False,famous_wealthy_old^violate^valid,6.5324782,6.25096365,0.07738095238095238,0.011428944618599791,-4.5484671500000005,-6.2740884,1.8518867500000002,1.4590077500000005,68.93076565,8.0,0.0,0.0,0.08333333333333333,4.2525919368855565,6.0,59.70462999,6.0,23.492731159999998,0.0,6.0,12.003781547051933,0.0,5.0
False,violate,40.096908,librarians_happy_healthy,Human,True,False,True,False,False,librarians_happy_healthy^violate^valid,6.5305669,6.2470415,0.08012820512820512,0.01,-4.4437014999999995,-6.4155605,2.00354005,1.7134435000000003,69.13207704999999,8.0,0.0,0.0,0.08333333333333333,4.209615969003537,6.0,60.37416155,6.0,25.7530211,0.0,6.0,10.836666528128507,0.0,5.0
False,consistent,46.232247,guns_weapons_dangerous,Human,False,True,True,True,False,guns_weapons_dangerous^consistent^invalid,6.44597555,6.24617695,0.011000967117988394,0.002950776863820342,-6.76522825,-7.8805242,-1.8586807499999995,-1.4993720499999998,70.98612015,8.0,0.7220952499999997,0.6257914500000004,1.0,0.6282946795828372,8.0,85.89878935,0.0,0.0,23.510562384999997,0.0,1.4351441988087624e-15,6.165712876289506,6.0
True,nonsense,13.597495,nonsense_zeff_zaff_zom,Human,True,True,False,False,True,nonsense_zeff_zaff_zom^nonsense^valid,6.6234459999999995,6.495430150000001,0.08012820512820512,0.011363636363636364,-4.47186935,-6.34852695,1.65972125,1.3204198000000003,69.1789092,8.0,0.0,0.0,0.08333333333333333,4.239275117224576,6.0,58.69241437499999,6.0,21.584066175000004,0.0,6.0,11.329917165397685,0.0,3.0
True,nonsense,81.098117,nonsense_frupt_liff_blop,Human,False,False,False,False,True,nonsense_frupt_liff_blop^nonsense^invalid,6.74828385,6.4571632,0.017862838915470493,0.0035407214298247814,-6.2424765,-7.58557185,-1.7545624000000002,-1.3214226500000001,69.2317771,8.0,1.0239715499999997,1.0239715499999997,1.0,0.9560013305357768,8.0,80.85806435,0.0,0.0,22.397972575000004,0.0,1.736572637562976e-15,10.776071835437,7.0
True,consistent,17.19686,dragons_mythical_exist,Human,True,True,True,True,False,dragons_mythical_exist^consistent^valid,6.3897132,6.291689,0.06904761904761905,0.010929288103201148,-4.6077385,-6.30269085,1.7525634500000002,1.6223964999999998,68.6732855,8.0,0.0,0.0,0.08333333333333333,4.227263650259546,6.0,59.557831455,6.0,24.081231845,0.0,5.5,7.144700547850129,0.0,2.5
True,nonsense,64.697207,nonsense_gick_criff_riff,Human,False,False,False,False,True,nonsense_gick_criff_riff^nonsense^invalid,6.77416575,6.4033365,0.017812105926860028,0.003012485481997677,-6.27927495,-7.7930495,-1.8999519500000002,-1.33152955,70.26042064999999,8.0,0.8046874499999999,0.8046874499999999,1.0,0.9588243667035962,8.0,81.99559675,0.0,0.0,22.18412904,0.0,1.922026081878513e-15,7.025303752227982,7.0
True,nonsense,96.864328,nonsense_blep_jict_zamp,Human,False,False,False,False,True,nonsense_blep_jict_zamp^nonsense^invalid,6.6741928999999995,6.48545365,0.01670843776106934,0.003419292995417563,-6.3586244999999995,-7.62233965,-1.9506646,-1.32995355,68.8410289,8.0,1.028150475,1.028150475,1.0,0.998382928836373,8.0,81.6114506,0.0,0.0,23.470771059999997,0.0,1.9934286564877932e-15,8.841090211283056,7.0
True,consistent,18.506268,food_vegetables_healthy,Human,True,True,True,True,False,food_vegetables_healthy^consistent^valid,6.385638,6.289380550000001,0.07142857142857142,0.011494252873563218,-4.48948215,-6.2646552,1.9473686000000003,1.6365913,68.84390075,8.0,0.0,0.0,0.08333333333333333,4.215218270069648,6.0,59.918024325000005,6.0,25.219347475,0.0,6.0,7.1482754435408244,0.0,0.0
True,violate,24.331199,food_vegetables_healthy,Human,True,True,True,False,False,food_vegetables_healthy^violate^valid,6.450257000000001,6.31065585,0.06904761904761905,0.011173533083645444,-4.5539477,-6.2796415,1.8238982999999998,1.5661775000000002,69.1644208,8.0,0.0,0.0,0.08333333333333333,4.1972102532224955,6.0,60.09550511,6.0,24.33377359,0.0,6.0,7.9250296811573815,0.0,5.0
True,consistent,28.032026,famous_wealthy_old,Human,False,False,True,True,False,famous_wealthy_old^consistent^invalid,6.473446900000001,6.2160115000000005,0.01562881562881563,0.00298510122611919,-6.4437375,-7.8515338,-1.9944038500000003,-1.44907085,69.37370354999999,8.0,0.6838503999999996,0.6838503999999996,1.0,0.8548965642034398,8.0,84.42239824999999,0.0,0.0,23.9086578,0.0,1.6094747389887971e-15,11.206323681628763,6.0
True,consistent,24.399063,whales_mammals_big,Human,False,False,True,True,False,whales_mammals_big^consistent^invalid,6.4138649999999995,6.205387,0.012092074592074592,0.002534956047910348,-6.6604588,-8.118708999999999,-2.0293045999999997,-1.6541473499999997,69.31705635,8.0,0.7021076000000004,0.7021076000000004,1.0,0.8047112558220828,8.0,85.92203119999999,0.0,0.0,24.62764928,0.0,2.1359789411439334e-15,3.9098734478620076,2.0
False,consistent,29.364254,librarians_happy_healthy,Human,False,True,True,True,False,librarians_happy_healthy^consistent^invalid,6.4564919,6.2082235,0.01316017316017316,0.002439154981527863,-6.56037875,-8.156236,-2.18236525,-1.6797223500000005,68.5649792,8.0,0.9607439,0.9607439,1.0,0.7880140342786139,8.0,87.18519895,0.0,0.0,26.80061415,0.0,2.047661216425686e-15,10.450981391754892,2.0
False,violate,18.698291,vehicles_mobile_buildings,Human,True,False,True,False,False,vehicles_mobile_buildings^violate^valid,6.4227202,6.2347107,0.07142857142857142,0.01162947937795808,-4.4802725,-6.2656579,1.716221,1.4676158,68.53631695,8.0,0.0,0.0,0.08333333333333333,4.239842482458063,6.0,59.276388915,6.0,22.930080835000005,0.0,6.0,10.259922478197065,0.0,5.0
True,violate,39.46458,computers_electronics_expensive,Human,True,True,True,False,False,computers_electronics_expensive^violate^valid,6.499090799999999,6.1807467,0.06349206349206349,0.009478885893980233,-4.712784,-6.45309085,1.66360835,1.3676843500000002,71.08527465,8.0,0.0,0.0,0.08333333333333333,4.178553354930129,6.0,61.9953835,6.0,21.3465476,0.0,6.0,7.695594544743838,0.0,2.5
False,nonsense,43.198869,nonsense_sclace_dact_yink,Human,True,False,False,False,True,nonsense_sclace_dact_yink^nonsense^valid,6.6996305,6.49316,0.07142857142857142,0.013333333333333334,-4.62263075,-6.26985025,1.8822250500000002,1.32559375,69.4958898,8.0,0.0,0.0,0.08333333333333333,4.251478841343673,6.0,58.55405652,6.0,22.610766429999998,0.0,6.0,8.330163944391682,0.0,5.0
False,consistent,35.632262,famous_wealthy_old,Human,False,True,True,True,False,famous_wealthy_old^consistent^invalid,6.473446900000001,6.2160115000000005,0.01562881562881563,0.00298510122611919,-6.4437375,-7.8515338,-1.9944038500000003,-1.44907085,69.37370354999999,8.0,0.6838503999999996,0.6838503999999996,1.0,0.8548965642034398,8.0,84.42239824999999,0.0,0.0,23.9086578,0.0,1.6094747389887971e-15,11.206323681628763,6.0
True,nonsense,20.397139,nonsense_shiff_yot_plusk,Human,True,True,False,False,True,nonsense_shiff_yot_plusk^nonsense^valid,6.6630405,6.4421315,0.08333333333333333,0.012010932105868816,-4.481248750000001,-6.32354165,1.74328225,1.2753396499999998,70.6576311,8.0,0.0,0.0,0.08333333333333333,4.231048708694868,6.0,59.016534065,6.0,21.190878835,0.0,6.5,9.594795138239126,0.0,3.0
True,consistent,33.531909,computers_electronics_expensive,Human,False,False,True,True,False,computers_electronics_expensive^consistent^invalid,6.4488978,6.20202165,0.01518288474810214,0.003120740019474197,-6.455287950000001,-7.8443395,-1.9814681000000003,-1.3571211499999998,70.34209245,8.0,0.5709945499999991,0.5597707499999998,1.0,0.8224151890744551,8.0,84.21434264999999,0.0,0.0,23.045241349999998,0.0,1.829122258322029e-15,7.202985340362147,6.0
False,violate,30.53087,vehicles_mobile_buildings,Human,False,True,True,False,False,vehicles_mobile_buildings^violate^invalid,6.392072300000001,6.24234065,0.017078071182548796,0.0033003300330033004,-6.3503642,-7.754690999999999,-1.7715988499999997,-1.4810226999999996,68.9766537,8.0,0.8604618999999998,0.8604618999999998,1.0,0.8893919805418689,8.0,83.067856,0.0,0.0,23.2554352,0.0,1.5307203401176875e-15,8.8691659972438,7.0
False,nonsense,23.153722,nonsense_paft_usp_cesk,Human,True,False,False,False,True,nonsense_paft_usp_cesk^nonsense^valid,6.60848765,6.43326115,0.08116883116883117,0.010205144225762783,-4.415316750000001,-6.40260265,1.9637490499999997,1.4512771999999998,69.9446505,8.0,0.0,0.0,0.08333333333333333,4.230910783702164,6.0,59.68671201,6.0,23.09536234,0.0,6.0,10.336150785700415,0.0,5.0
True,nonsense,24.231553,nonsense_shrad_splect_dring,Human,True,True,False,False,True,nonsense_shrad_splect_dring^nonsense^valid,6.7610812,6.47533,0.08116883116883117,0.012434352795798579,-4.5256802,-6.28925465,1.7478102499999997,1.4159046000000002,71.13687965000001,8.0,0.0,0.0,0.08333333333333333,4.2501012416620565,6.0,59.227644260000005,6.0,22.47998154,0.0,6.5,10.09146835248848,0.0,5.0
False,nonsense,27.031863,nonsense_zint_thade_snaff,Human,False,True,False,False,True,nonsense_zint_thade_snaff^nonsense^invalid,6.7210474,6.4816360500000005,0.01707175925925926,0.0034246977000574694,-6.2579017,-7.6307297,-1.7251587499999999,-1.30741605,70.9449906,8.0,0.7375063500000001,0.7375063500000001,1.0,1.0036876587964536,8.0,80.31357249999999,0.0,0.0,20.835939930000002,0.0,1.4961083306774549e-15,11.46372616016183,7.0
False,nonsense,24.165566,nonsense_zeff_zaff_zom,Human,True,False,False,False,True,nonsense_zeff_zaff_zom^nonsense^valid,6.6234459999999995,6.495430150000001,0.08012820512820512,0.011363636363636364,-4.47186935,-6.34852695,1.65972125,1.3204198000000003,69.1789092,8.0,0.0,0.0,0.08333333333333333,4.239275117224576,6.0,58.69241437499999,6.0,21.584066175000004,0.0,6.0,11.329917165397685,0.0,3.0
True,violate,28.026142,flowers_animals_reptiles,Human,False,False,True,False,False,flowers_animals_reptiles^violate^invalid,6.511972500000001,6.299694649999999,0.020638297872340425,0.0030771852749583396,-6.099171,-7.8213919999999995,-1.5850982499999997,-1.4380342499999998,68.83154575,8.0,0.8858627500000003,0.7332459000000002,1.0,0.9176825938046316,8.0,81.4447405,0.0,0.0,21.956226824999998,0.0,1.5408950250308162e-15,8.545072663703762,2.0
True,nonsense,52.932472,nonsense_yuft_yab_sunt,Human,False,False,False,False,True,nonsense_yuft_yab_sunt^nonsense^invalid,6.6497302000000005,6.520653299999999,0.01667129758266185,0.003424657534246575,-6.3136357499999995,-7.60167,-1.7694892000000002,-1.328246,69.1145506,8.0,1.0278129499999997,1.0278129499999997,1.0,1.0065202922983731,8.0,80.63342094999999,0.0,0.0,22.389742305000002,0.0,1.950911711250765e-15,9.591605296156429,7.0
True,violate,15.864849,flowers_animals_reptiles,Human,True,True,True,False,False,flowers_animals_reptiles^violate^valid,6.48343315,6.2991987,0.07142857142857142,0.010205144225762783,-4.51195335,-6.387707,1.59619145,1.4434542000000001,68.9133758,8.0,0.0,0.0,0.08333333333333333,4.205102274473268,6.0,59.566164199999996,6.0,22.0102812,0.0,6.0,8.709453465091162,0.0,0.0
True,nonsense,42.598177,nonsense_shiff_yot_plusk,Human,True,True,False,False,True,nonsense_shiff_yot_plusk^nonsense^valid,6.6630405,6.4421315,0.08333333333333333,0.012010932105868816,-4.481248750000001,-6.32354165,1.74328225,1.2753396499999998,70.6576311,8.0,0.0,0.0,0.08333333333333333,4.231048708694868,6.0,59.016534065,6.0,21.190878835,0.0,6.5,9.594795138239126,0.0,3.0
True,violate,39.362679,plants_trees_tall,Human,False,False,True,False,False,plants_trees_tall^violate^invalid,6.38619115,6.28409735,0.01391304347826087,0.0028250616485910604,-6.5820267,-7.904741700000001,-1.94494635,-1.4837399500000004,68.6596727,8.0,0.8188750499999999,0.8188750499999999,1.0,0.8301860391296563,8.0,84.3862721,0.0,0.0,23.987561715,0.0,1.9225480256938434e-15,5.124418675638259,7.0
True,consistent,39.431525,vehicles_mobile_buildings,Human,False,False,True,True,False,vehicles_mobile_buildings^consistent^invalid,6.4189703,6.20475225,0.017908538535337384,0.003565073716319268,-6.2863693000000005,-7.65832855,-1.6578865,-1.3874936499999997,68.73863765,8.0,0.9254654999999996,0.7147571500000001,1.0,0.923093373579289,8.0,81.53225795000002,0.0,0.0,21.98636992,0.0,1.5822442479216904e-15,8.810153623685938,6.0
False,violate,27.795129,librarians_happy_healthy,Human,True,False,True,False,False,librarians_happy_healthy^violate^valid,6.5305669,6.2470415,0.08012820512820512,0.01,-4.4437014999999995,-6.4155605,2.00354005,1.7134435000000003,69.13207704999999,8.0,0.0,0.0,0.08333333333333333,4.209615969003537,6.0,60.37416155,6.0,25.7530211,0.0,6.0,10.836666528128507,0.0,5.0
True,violate,64.898571,gems_diamonds_transparent,Human,False,False,True,False,False,gems_diamonds_transparent^violate^invalid,6.54417985,6.2232831,0.014724310776942355,0.003206742381417339,-6.520405500000001,-7.78959085,-1.8865203500000005,-1.4694999500000003,70.84039609999999,8.0,0.6408786500000003,0.49384809999999946,1.0,0.8431403125175523,8.0,83.08205534999999,0.0,0.0,22.57233653,0.0,1.7192539355520916e-15,4.2441669087975615,6.0
True,consistent,35.231101,whales_mammals_big,Human,True,True,True,True,False,whales_mammals_big^consistent^valid,6.41403665,6.2108725,0.06696428571428571,0.00975632971635256,-4.6359095,-6.4396763,2.0391463,1.6546882000000003,69.3921962,8.0,0.0,0.0,0.08333333333333333,4.173582388585834,6.0,61.237626000000006,6.0,24.621449549999994,0.0,6.0,3.5560485472706302,0.0,0.0
False,nonsense,23.465538,nonsense_zint_thade_snaff,Human,False,True,False,False,True,nonsense_zint_thade_snaff^nonsense^invalid,6.7210474,6.4816360500000005,0.01707175925925926,0.0034246977000574694,-6.2579017,-7.6307297,-1.7251587499999999,-1.30741605,70.9449906,8.0,0.7375063500000001,0.7375063500000001,1.0,1.0036876587964536,8.0,80.31357249999999,0.0,0.0,20.835939930000002,0.0,1.4961083306774549e-15,11.46372616016183,7.0
True,consistent,16.165501,librarians_happy_healthy,Human,True,True,True,True,False,librarians_happy_healthy^consistent^valid,6.4488923499999995,6.21358025,0.08333333333333333,0.009478885893980233,-4.3865333500000006,-6.49733885,2.1736029,1.6753026500000003,68.60927085,8.0,0.0,0.0,0.08333333333333333,4.202778071855432,6.0,60.489633715,6.0,26.835941335,0.0,6.0,10.648016475550474,0.0,5.0
False,consistent,59.12066,politicians_dishonest_lie,Human,False,True,True,True,False,politicians_dishonest_lie^consistent^invalid,6.3229398,6.1018700500000005,0.011696306429548563,0.00206825453861027,-6.6775573,-8.384043,-2.07348635,-1.8434265,68.77078785,8.0,1.1970911499999999,1.1970911499999999,1.0,0.5955017881109077,8.0,88.85676230000001,0.0,0.0,27.509388350000002,0.0,2.2214782544241507e-15,11.435251791454718,7.0
False,consistent,13.998092,gems_diamonds_transparent,Human,False,True,True,True,False,gems_diamonds_transparent^consistent^invalid,6.4679161999999994,6.28759485,0.013435374149659864,0.0035089447310424644,-6.6082792,-7.6733095,-2.0089684,-1.4442087999999997,69.9610065,8.0,0.5890672999999997,0.5890672999999997,1.0,0.8466426575146375,8.0,83.04690445,0.0,0.0,23.274048465000003,0.0,2.0308195454351643e-15,4.093566946761465,7.0
True,violate,55.607407,librarians_happy_healthy,Human,False,False,True,False,False,librarians_happy_healthy^violate^invalid,6.5184307,6.25073135,0.01565940787863959,0.0024969139266075636,-6.4542280000000005,-8.1183655,-1.9697572,-1.7046477000000007,69.12546295000001,8.0,0.8838414999999997,0.8838414999999997,1.0,0.8417871351391385,8.0,85.92273235000002,0.0,0.0,25.449208115,0.0,1.864196823354998e-15,10.415242718678988,2.0
False,consistent,11.756933,guns_weapons_dangerous,Human,True,False,True,True,False,guns_weapons_dangerous^consistent^valid,6.4460763,6.23771665,0.05555555555555555,0.010365198711063372,-4.8854012,-6.3792031,1.8348008,1.4967684499999998,70.87122375000001,8.0,0.0,0.0,0.08333333333333333,4.178935275009273,6.0,62.253303349999996,6.0,23.474716800000003,0.0,6.0,6.423485446299349,0.0,2.5
False,violate,19.377013,dragons_mythical_exist,Human,False,True,True,False,False,dragons_mythical_exist^violate^invalid,6.3965742500000005,6.317690649999999,0.016411084207694375,0.002816990818990486,-6.351449,-7.92016295,-1.8188361499999997,-1.5580721999999998,68.2857051,8.0,0.9220247500000005,0.9220247500000005,1.0,0.9051403786675013,8.0,83.5121707,0.0,0.0,24.115853095,0.0,1.4280514096016063e-15,9.760069242080714,6.5
True,consistent,12.29766,librarians_happy_healthy,Human,True,True,True,True,False,librarians_happy_healthy^consistent^valid,6.4488923499999995,6.21358025,0.08333333333333333,0.009478885893980233,-4.3865333500000006,-6.49733885,2.1736029,1.6753026500000003,68.60927085,8.0,0.0,0.0,0.08333333333333333,4.202778071855432,6.0,60.489633715,6.0,26.835941335,0.0,6.0,10.648016475550474,0.0,5.0
True,consistent,23.964437,guns_weapons_dangerous,Human,False,False,True,True,False,guns_weapons_dangerous^consistent^invalid,6.44597555,6.24617695,0.011000967117988394,0.002950776863820342,-6.76522825,-7.8805242,-1.8586807499999995,-1.4993720499999998,70.98612015,8.0,0.7220952499999997,0.6257914500000004,1.0,0.6282946795828372,8.0,85.89878935,0.0,0.0,23.510562384999997,0.0,1.4351441988087624e-15,6.165712876289506,6.0
False,nonsense,16.298824,nonsense_phrite_ing_pand,Human,True,False,False,False,True,nonsense_phrite_ing_pand^nonsense^valid,6.78927335,6.4204802999999995,0.08012820512820512,0.012196935891715008,-4.490728649999999,-6.2951688,1.7119826000000002,1.4278045500000003,70.91099205,8.0,0.0,0.0,0.08333333333333333,4.242352061088863,6.0,58.710175875000004,6.0,22.165997075,0.0,5.5,9.70258907505362,0.0,5.0
True,violate,20.463095,guns_weapons_dangerous,Human,False,False,True,False,False,guns_weapons_dangerous^violate^invalid,6.4394995,6.20302535,0.01105276013678554,0.0028313523211482396,-6.7744107,-7.9281578,-1.8454207,-1.5204529999999998,70.8790377,8.0,0.7291772999999999,0.6630851499999999,1.0,0.5614459822509108,8.0,86.16747995000001,0.0,0.0,23.647519385,0.0,1.4537708353217846e-15,7.491897435044687,6.0
True,violate,17.901546,gems_diamonds_transparent,Human,False,False,True,False,False,gems_diamonds_transparent^violate^invalid,6.54417985,6.2232831,0.014724310776942355,0.003206742381417339,-6.520405500000001,-7.78959085,-1.8865203500000005,-1.4694999500000003,70.84039609999999,8.0,0.6408786500000003,0.49384809999999946,1.0,0.8431403125175523,8.0,83.08205534999999,0.0,0.0,22.57233653,0.0,1.7192539355520916e-15,4.2441669087975615,6.0
True,violate,32.099624,plants_trees_tall,Human,False,False,True,False,False,plants_trees_tall^violate^invalid,6.38619115,6.28409735,0.01391304347826087,0.0028250616485910604,-6.5820267,-7.904741700000001,-1.94494635,-1.4837399500000004,68.6596727,8.0,0.8188750499999999,0.8188750499999999,1.0,0.8301860391296563,8.0,84.3862721,0.0,0.0,23.987561715,0.0,1.9225480256938434e-15,5.124418675638259,7.0
True,nonsense,70.764421,nonsense_paft_usp_cesk,Human,True,True,False,False,True,nonsense_paft_usp_cesk^nonsense^valid,6.60848765,6.43326115,0.08116883116883117,0.010205144225762783,-4.415316750000001,-6.40260265,1.9637490499999997,1.4512771999999998,69.9446505,8.0,0.0,0.0,0.08333333333333333,4.230910783702164,6.0,59.68671201,6.0,23.09536234,0.0,6.0,10.336150785700415,0.0,5.0
True,consistent,21.39886,librarians_happy_healthy,Human,False,False,True,True,False,librarians_happy_healthy^consistent^invalid,6.4564919,6.2082235,0.01316017316017316,0.002439154981527863,-6.56037875,-8.156236,-2.18236525,-1.6797223500000005,68.5649792,8.0,0.9607439,0.9607439,1.0,0.7880140342786139,8.0,87.18519895,0.0,0.0,26.80061415,0.0,2.047661216425686e-15,10.450981391754892,2.0
True,violate,31.663633,food_vegetables_healthy,Human,False,False,True,False,False,food_vegetables_healthy^violate^invalid,6.42677595,6.31220815,0.01562881562881563,0.002949955185046599,-6.4373935,-7.8457002,-1.8429373500000001,-1.5693540000000001,69.29372484999999,8.0,0.8066157500000002,0.7714321000000002,1.0,0.8284038808706596,8.0,84.6058833,0.0,0.0,24.320579359999996,0.0,1.5359023006172268e-15,7.146503379295183,4.0
False,nonsense,24.763955,nonsense_fleff_drap_ved,Human,False,True,False,False,True,nonsense_fleff_drap_ved^nonsense^invalid,6.7356882,6.4797887,0.017857142857142856,0.0033333333333333335,-6.2327225,-7.6453165,-1.7768858500000002,-1.2957879499999998,69.57095895,8.0,0.8390180499999997,0.8390180499999997,1.0,1.1067655183148273,8.0,80.09782385,0.0,0.0,21.5798461,0.0,1.5592593902284698e-15,10.58589834287269,6.0
True,nonsense,57.464778,nonsense_sclace_dact_yink,Human,True,True,False,False,True,nonsense_sclace_dact_yink^nonsense^valid,6.6996305,6.49316,0.07142857142857142,0.013333333333333334,-4.62263075,-6.26985025,1.8822250500000002,1.32559375,69.4958898,8.0,0.0,0.0,0.08333333333333333,4.251478841343673,6.0,58.55405652,6.0,22.610766429999998,0.0,6.0,8.330163944391682,0.0,5.0
True,nonsense,27.098517,nonsense_blep_jict_zamp,Human,False,False,False,False,True,nonsense_blep_jict_zamp^nonsense^invalid,6.6741928999999995,6.48545365,0.01670843776106934,0.003419292995417563,-6.3586244999999995,-7.62233965,-1.9506646,-1.32995355,68.8410289,8.0,1.028150475,1.028150475,1.0,0.998382928836373,8.0,81.6114506,0.0,0.0,23.470771059999997,0.0,1.9934286564877932e-15,8.841090211283056,7.0
True,violate,42.832194,vehicles_mobile_buildings,Human,False,False,True,False,False,vehicles_mobile_buildings^violate^invalid,6.392072300000001,6.24234065,0.017078071182548796,0.0033003300330033004,-6.3503642,-7.754690999999999,-1.7715988499999997,-1.4810226999999996,68.9766537,8.0,0.8604618999999998,0.8604618999999998,1.0,0.8893919805418689,8.0,83.067856,0.0,0.0,23.2554352,0.0,1.5307203401176875e-15,8.8691659972438,7.0
True,consistent,32.99807,dragons_mythical_exist,Human,True,True,True,True,False,dragons_mythical_exist^consistent^valid,6.3897132,6.291689,0.06904761904761905,0.010929288103201148,-4.6077385,-6.30269085,1.7525634500000002,1.6223964999999998,68.6732855,8.0,0.0,0.0,0.08333333333333333,4.227263650259546,6.0,59.557831455,6.0,24.081231845,0.0,5.5,7.144700547850129,0.0,2.5
True,consistent,21.532154,dragons_mythical_exist,Human,True,True,True,True,False,dragons_mythical_exist^consistent^valid,6.3897132,6.291689,0.06904761904761905,0.010929288103201148,-4.6077385,-6.30269085,1.7525634500000002,1.6223964999999998,68.6732855,8.0,0.0,0.0,0.08333333333333333,4.227263650259546,6.0,59.557831455,6.0,24.081231845,0.0,5.5,7.144700547850129,0.0,2.5
False,consistent,69.998194,librarians_happy_healthy,Human,False,True,True,True,False,librarians_happy_healthy^consistent^invalid,6.4564919,6.2082235,0.01316017316017316,0.002439154981527863,-6.56037875,-8.156236,-2.18236525,-1.6797223500000005,68.5649792,8.0,0.9607439,0.9607439,1.0,0.7880140342786139,8.0,87.18519895,0.0,0.0,26.80061415,0.0,2.047661216425686e-15,10.450981391754892,2.0
False,consistent,28.389278,flowers_animals_reptiles,Human,False,True,True,True,False,flowers_animals_reptiles^consistent^invalid,6.5008722,6.31083915,0.020545073375262055,0.003101140450410601,-6.1047525,-7.7991162,-1.5645790000000002,-1.4242303500000002,68.9486307,8.0,0.9084529999999997,0.6793224,1.0,0.9306593400489598,8.0,81.2164412,0.0,0.0,21.67141261,0.0,1.3543479362216075e-15,7.965921565107013,4.0
True,consistent,23.799122,food_vegetables_healthy,Human,False,False,True,True,False,food_vegetables_healthy^consistent^invalid,6.385794000000001,6.30319185,0.014925373134328358,0.002857166180948416,-6.4566896,-7.90417695,-1.99980535,-1.6097369499999998,68.8608315,8.0,0.8265580999999997,0.8265580999999997,1.0,0.821025837755418,8.0,85.405561,0.0,0.0,25.470094664999998,0.0,2.0042303656203608e-15,8.285601659992627,7.0
True,violate,32.764402,vehicles_mobile_buildings,Human,False,False,True,False,False,vehicles_mobile_buildings^violate^invalid,6.392072300000001,6.24234065,0.017078071182548796,0.0033003300330033004,-6.3503642,-7.754690999999999,-1.7715988499999997,-1.4810226999999996,68.9766537,8.0,0.8604618999999998,0.8604618999999998,1.0,0.8893919805418689,8.0,83.067856,0.0,0.0,23.2554352,0.0,1.5307203401176875e-15,8.8691659972438,7.0
True,nonsense,46.497954,nonsense_paft_usp_cesk,Human,True,True,False,False,True,nonsense_paft_usp_cesk^nonsense^valid,6.60848765,6.43326115,0.08116883116883117,0.010205144225762783,-4.415316750000001,-6.40260265,1.9637490499999997,1.4512771999999998,69.9446505,8.0,0.0,0.0,0.08333333333333333,4.230910783702164,6.0,59.68671201,6.0,23.09536234,0.0,6.0,10.336150785700415,0.0,5.0
True,nonsense,21.953755,nonsense_shrad_splect_dring,Human,True,True,False,False,True,nonsense_shrad_splect_dring^nonsense^valid,6.7610812,6.47533,0.08116883116883117,0.012434352795798579,-4.5256802,-6.28925465,1.7478102499999997,1.4159046000000002,71.13687965000001,8.0,0.0,0.0,0.08333333333333333,4.2501012416620565,6.0,59.227644260000005,6.0,22.47998154,0.0,6.5,10.09146835248848,0.0,5.0
False,violate,45.932496,gems_diamonds_transparent,Human,False,True,True,False,False,gems_diamonds_transparent^violate^invalid,6.54417985,6.2232831,0.014724310776942355,0.003206742381417339,-6.520405500000001,-7.78959085,-1.8865203500000005,-1.4694999500000003,70.84039609999999,8.0,0.6408786500000003,0.49384809999999946,1.0,0.8431403125175523,8.0,83.08205534999999,0.0,0.0,22.57233653,0.0,1.7192539355520916e-15,4.2441669087975615,6.0
False,nonsense,14.699039,nonsense_yuft_yab_sunt,Human,False,True,False,False,True,nonsense_yuft_yab_sunt^nonsense^invalid,6.6497302000000005,6.520653299999999,0.01667129758266185,0.003424657534246575,-6.3136357499999995,-7.60167,-1.7694892000000002,-1.328246,69.1145506,8.0,1.0278129499999997,1.0278129499999997,1.0,1.0065202922983731,8.0,80.63342094999999,0.0,0.0,22.389742305000002,0.0,1.950911711250765e-15,9.591605296156429,7.0
True,consistent,22.431566,guns_weapons_dangerous,Human,True,True,True,True,False,guns_weapons_dangerous^consistent^valid,6.4460763,6.23771665,0.05555555555555555,0.010365198711063372,-4.8854012,-6.3792031,1.8348008,1.4967684499999998,70.87122375000001,8.0,0.0,0.0,0.08333333333333333,4.178935275009273,6.0,62.253303349999996,6.0,23.474716800000003,0.0,6.0,6.423485446299349,0.0,2.5
True,violate,49.596906,librarians_happy_healthy,Human,False,False,True,False,False,librarians_happy_healthy^violate^invalid,6.5184307,6.25073135,0.01565940787863959,0.0024969139266075636,-6.4542280000000005,-8.1183655,-1.9697572,-1.7046477000000007,69.12546295000001,8.0,0.8838414999999997,0.8838414999999997,1.0,0.8417871351391385,8.0,85.92273235000002,0.0,0.0,25.449208115,0.0,1.864196823354998e-15,10.415242718678988,2.0
True,violate,26.829054,flowers_animals_reptiles,Human,False,False,True,False,False,flowers_animals_reptiles^violate^invalid,6.511972500000001,6.299694649999999,0.020638297872340425,0.0030771852749583396,-6.099171,-7.8213919999999995,-1.5850982499999997,-1.4380342499999998,68.83154575,8.0,0.8858627500000003,0.7332459000000002,1.0,0.9176825938046316,8.0,81.4447405,0.0,0.0,21.956226824999998,0.0,1.5408950250308162e-15,8.545072663703762,2.0
True,nonsense,45.26556,nonsense_zeff_zaff_zom,Human,True,True,False,False,True,nonsense_zeff_zaff_zom^nonsense^valid,6.6234459999999995,6.495430150000001,0.08012820512820512,0.011363636363636364,-4.47186935,-6.34852695,1.65972125,1.3204198000000003,69.1789092,8.0,0.0,0.0,0.08333333333333333,4.239275117224576,6.0,58.69241437499999,6.0,21.584066175000004,0.0,6.0,11.329917165397685,0.0,3.0
False,consistent,80.029896,politicians_dishonest_lie,Human,False,True,True,True,False,politicians_dishonest_lie^consistent^invalid,6.3229398,6.1018700500000005,0.011696306429548563,0.00206825453861027,-6.6775573,-8.384043,-2.07348635,-1.8434265,68.77078785,8.0,1.1970911499999999,1.1970911499999999,1.0,0.5955017881109077,8.0,88.85676230000001,0.0,0.0,27.509388350000002,0.0,2.2214782544241507e-15,11.435251791454718,7.0
False,nonsense,31.330288,nonsense_zint_thade_snaff,Human,False,True,False,False,True,nonsense_zint_thade_snaff^nonsense^invalid,6.7210474,6.4816360500000005,0.01707175925925926,0.0034246977000574694,-6.2579017,-7.6307297,-1.7251587499999999,-1.30741605,70.9449906,8.0,0.7375063500000001,0.7375063500000001,1.0,1.0036876587964536,8.0,80.31357249999999,0.0,0.0,20.835939930000002,0.0,1.4961083306774549e-15,11.46372616016183,7.0
True,consistent,15.715489,librarians_happy_healthy,Human,True,True,True,True,False,librarians_happy_healthy^consistent^valid,6.4488923499999995,6.21358025,0.08333333333333333,0.009478885893980233,-4.3865333500000006,-6.49733885,2.1736029,1.6753026500000003,68.60927085,8.0,0.0,0.0,0.08333333333333333,4.202778071855432,6.0,60.489633715,6.0,26.835941335,0.0,6.0,10.648016475550474,0.0,5.0
False,consistent,17.998104,food_vegetables_healthy,Human,False,True,True,True,False,food_vegetables_healthy^consistent^invalid,6.385794000000001,6.30319185,0.014925373134328358,0.002857166180948416,-6.4566896,-7.90417695,-1.99980535,-1.6097369499999998,68.8608315,8.0,0.8265580999999997,0.8265580999999997,1.0,0.821025837755418,8.0,85.405561,0.0,0.0,25.470094664999998,0.0,2.0042303656203608e-15,8.285601659992627,7.0
False,nonsense,6.863229,nonsense_phrite_ing_pand,Human,True,False,False,False,True,nonsense_phrite_ing_pand^nonsense^valid,6.78927335,6.4204802999999995,0.08012820512820512,0.012196935891715008,-4.490728649999999,-6.2951688,1.7119826000000002,1.4278045500000003,70.91099205,8.0,0.0,0.0,0.08333333333333333,4.242352061088863,6.0,58.710175875000004,6.0,22.165997075,0.0,5.5,9.70258907505362,0.0,5.0
True,nonsense,15.331252,nonsense_paft_usp_cesk,Human,True,True,False,False,True,nonsense_paft_usp_cesk^nonsense^valid,6.60848765,6.43326115,0.08116883116883117,0.010205144225762783,-4.415316750000001,-6.40260265,1.9637490499999997,1.4512771999999998,69.9446505,8.0,0.0,0.0,0.08333333333333333,4.230910783702164,6.0,59.68671201,6.0,23.09536234,0.0,6.0,10.336150785700415,0.0,5.0
True,nonsense,15.728944,nonsense_sclace_dact_yink,Human,True,True,False,False,True,nonsense_sclace_dact_yink^nonsense^valid,6.6996305,6.49316,0.07142857142857142,0.013333333333333334,-4.62263075,-6.26985025,1.8822250500000002,1.32559375,69.4958898,8.0,0.0,0.0,0.08333333333333333,4.251478841343673,6.0,58.55405652,6.0,22.610766429999998,0.0,6.0,8.330163944391682,0.0,5.0
False,nonsense,33.962082,nonsense_blep_jict_zamp,Human,False,True,False,False,True,nonsense_blep_jict_zamp^nonsense^invalid,6.6741928999999995,6.48545365,0.01670843776106934,0.003419292995417563,-6.3586244999999995,-7.62233965,-1.9506646,-1.32995355,68.8410289,8.0,1.028150475,1.028150475,1.0,0.998382928836373,8.0,81.6114506,0.0,0.0,23.470771059999997,0.0,1.9934286564877932e-15,8.841090211283056,7.0
True,consistent,28.463895,guns_weapons_dangerous,Human,False,False,True,True,False,guns_weapons_dangerous^consistent^invalid,6.44597555,6.24617695,0.011000967117988394,0.002950776863820342,-6.76522825,-7.8805242,-1.8586807499999995,-1.4993720499999998,70.98612015,8.0,0.7220952499999997,0.6257914500000004,1.0,0.6282946795828372,8.0,85.89878935,0.0,0.0,23.510562384999997,0.0,1.4351441988087624e-15,6.165712876289506,6.0
False,violate,17.880786,librarians_happy_healthy,Human,True,False,True,False,False,librarians_happy_healthy^violate^valid,6.5305669,6.2470415,0.08012820512820512,0.01,-4.4437014999999995,-6.4155605,2.00354005,1.7134435000000003,69.13207704999999,8.0,0.0,0.0,0.08333333333333333,4.209615969003537,6.0,60.37416155,6.0,25.7530211,0.0,6.0,10.836666528128507,0.0,5.0
True,violate,34.797288,gems_diamonds_transparent,Human,False,False,True,False,False,gems_diamonds_transparent^violate^invalid,6.54417985,6.2232831,0.014724310776942355,0.003206742381417339,-6.520405500000001,-7.78959085,-1.8865203500000005,-1.4694999500000003,70.84039609999999,8.0,0.6408786500000003,0.49384809999999946,1.0,0.8431403125175523,8.0,83.08205534999999,0.0,0.0,22.57233653,0.0,1.7192539355520916e-15,4.2441669087975615,6.0
True,consistent,16.527067,guns_weapons_dangerous,Human,True,True,True,True,False,guns_weapons_dangerous^consistent^valid,6.4460763,6.23771665,0.05555555555555555,0.010365198711063372,-4.8854012,-6.3792031,1.8348008,1.4967684499999998,70.87122375000001,8.0,0.0,0.0,0.08333333333333333,4.178935275009273,6.0,62.253303349999996,6.0,23.474716800000003,0.0,6.0,6.423485446299349,0.0,2.5
True,violate,20.20916,dragons_mythical_exist,Human,False,False,True,False,False,dragons_mythical_exist^violate^invalid,6.3965742500000005,6.317690649999999,0.016411084207694375,0.002816990818990486,-6.351449,-7.92016295,-1.8188361499999997,-1.5580721999999998,68.2857051,8.0,0.9220247500000005,0.9220247500000005,1.0,0.9051403786675013,8.0,83.5121707,0.0,0.0,24.115853095,0.0,1.4280514096016063e-15,9.760069242080714,6.5
True,nonsense,31.395652,nonsense_fleff_drap_ved,Human,False,False,False,False,True,nonsense_fleff_drap_ved^nonsense^invalid,6.7356882,6.4797887,0.017857142857142856,0.0033333333333333335,-6.2327225,-7.6453165,-1.7768858500000002,-1.2957879499999998,69.57095895,8.0,0.8390180499999997,0.8390180499999997,1.0,1.1067655183148273,8.0,80.09782385,0.0,0.0,21.5798461,0.0,1.5592593902284698e-15,10.58589834287269,6.0
False,violate,28.592826,food_vegetables_healthy,Human,False,True,True,False,False,food_vegetables_healthy^violate^invalid,6.42677595,6.31220815,0.01562881562881563,0.002949955185046599,-6.4373935,-7.8457002,-1.8429373500000001,-1.5693540000000001,69.29372484999999,8.0,0.8066157500000002,0.7714321000000002,1.0,0.8284038808706596,8.0,84.6058833,0.0,0.0,24.320579359999996,0.0,1.5359023006172268e-15,7.146503379295183,4.0
False,nonsense,22.996629,nonsense_zint_thade_snaff,Human,False,True,False,False,True,nonsense_zint_thade_snaff^nonsense^invalid,6.7210474,6.4816360500000005,0.01707175925925926,0.0034246977000574694,-6.2579017,-7.6307297,-1.7251587499999999,-1.30741605,70.9449906,8.0,0.7375063500000001,0.7375063500000001,1.0,1.0036876587964536,8.0,80.31357249999999,0.0,0.0,20.835939930000002,0.0,1.4961083306774549e-15,11.46372616016183,7.0
False,consistent,71.23107,librarians_happy_healthy,Human,False,True,True,True,False,librarians_happy_healthy^consistent^invalid,6.4564919,6.2082235,0.01316017316017316,0.002439154981527863,-6.56037875,-8.156236,-2.18236525,-1.6797223500000005,68.5649792,8.0,0.9607439,0.9607439,1.0,0.7880140342786139,8.0,87.18519895,0.0,0.0,26.80061415,0.0,2.047661216425686e-15,10.450981391754892,2.0
True,consistent,37.995533,flowers_animals_reptiles,Human,False,False,True,True,False,flowers_animals_reptiles^consistent^invalid,6.5008722,6.31083915,0.020545073375262055,0.003101140450410601,-6.1047525,-7.7991162,-1.5645790000000002,-1.4242303500000002,68.9486307,8.0,0.9084529999999997,0.6793224,1.0,0.9306593400489598,8.0,81.2164412,0.0,0.0,21.67141261,0.0,1.3543479362216075e-15,7.965921565107013,4.0
False,consistent,28.161834,librarians_happy_healthy,Human,False,True,True,True,False,librarians_happy_healthy^consistent^invalid,6.4564919,6.2082235,0.01316017316017316,0.002439154981527863,-6.56037875,-8.156236,-2.18236525,-1.6797223500000005,68.5649792,8.0,0.9607439,0.9607439,1.0,0.7880140342786139,8.0,87.18519895,0.0,0.0,26.80061415,0.0,2.047661216425686e-15,10.450981391754892,2.0
True,consistent,17.595886,librarians_happy_healthy,Human,True,True,True,True,False,librarians_happy_healthy^consistent^valid,6.4488923499999995,6.21358025,0.08333333333333333,0.009478885893980233,-4.3865333500000006,-6.49733885,2.1736029,1.6753026500000003,68.60927085,8.0,0.0,0.0,0.08333333333333333,4.202778071855432,6.0,60.489633715,6.0,26.835941335,0.0,6.0,10.648016475550474,0.0,5.0
False,consistent,21.498886,vehicles_mobile_buildings,Human,False,True,True,True,False,vehicles_mobile_buildings^consistent^invalid,6.4189703,6.20475225,0.017908538535337384,0.003565073716319268,-6.2863693000000005,-7.65832855,-1.6578865,-1.3874936499999997,68.73863765,8.0,0.9254654999999996,0.7147571500000001,1.0,0.923093373579289,8.0,81.53225795000002,0.0,0.0,21.98636992,0.0,1.5822442479216904e-15,8.810153623685938,6.0
True,consistent,25.094806,dragons_mythical_exist,Human,True,True,True,True,False,dragons_mythical_exist^consistent^valid,6.3897132,6.291689,0.06904761904761905,0.010929288103201148,-4.6077385,-6.30269085,1.7525634500000002,1.6223964999999998,68.6732855,8.0,0.0,0.0,0.08333333333333333,4.227263650259546,6.0,59.557831455,6.0,24.081231845,0.0,5.5,7.144700547850129,0.0,2.5
True,violate,23.495682,guns_weapons_dangerous,Human,False,False,True,False,False,guns_weapons_dangerous^violate^invalid,6.4394995,6.20302535,0.01105276013678554,0.0028313523211482396,-6.7744107,-7.9281578,-1.8454207,-1.5204529999999998,70.8790377,8.0,0.7291772999999999,0.6630851499999999,1.0,0.5614459822509108,8.0,86.16747995000001,0.0,0.0,23.647519385,0.0,1.4537708353217846e-15,7.491897435044687,6.0
True,consistent,28.430331,whales_mammals_big,Human,True,True,True,True,False,whales_mammals_big^consistent^valid,6.41403665,6.2108725,0.06696428571428571,0.00975632971635256,-4.6359095,-6.4396763,2.0391463,1.6546882000000003,69.3921962,8.0,0.0,0.0,0.08333333333333333,4.173582388585834,6.0,61.237626000000006,6.0,24.621449549999994,0.0,6.0,3.5560485472706302,0.0,0.0
True,consistent,20.198344,dragons_mythical_exist,Human,True,True,True,True,False,dragons_mythical_exist^consistent^valid,6.3897132,6.291689,0.06904761904761905,0.010929288103201148,-4.6077385,-6.30269085,1.7525634500000002,1.6223964999999998,68.6732855,8.0,0.0,0.0,0.08333333333333333,4.227263650259546,6.0,59.557831455,6.0,24.081231845,0.0,5.5,7.144700547850129,0.0,2.5
True,violate,55.662572,flowers_animals_reptiles,Human,True,True,True,False,False,flowers_animals_reptiles^violate^valid,6.48343315,6.2991987,0.07142857142857142,0.010205144225762783,-4.51195335,-6.387707,1.59619145,1.4434542000000001,68.9133758,8.0,0.0,0.0,0.08333333333333333,4.205102274473268,6.0,59.566164199999996,6.0,22.0102812,0.0,6.0,8.709453465091162,0.0,0.0
False,violate,29.030088,vehicles_mobile_buildings,Human,False,True,True,False,False,vehicles_mobile_buildings^violate^invalid,6.392072300000001,6.24234065,0.017078071182548796,0.0033003300330033004,-6.3503642,-7.754690999999999,-1.7715988499999997,-1.4810226999999996,68.9766537,8.0,0.8604618999999998,0.8604618999999998,1.0,0.8893919805418689,8.0,83.067856,0.0,0.0,23.2554352,0.0,1.5307203401176875e-15,8.8691659972438,7.0
True,nonsense,18.494869,nonsense_zeff_zaff_zom,Human,True,True,False,False,True,nonsense_zeff_zaff_zom^nonsense^valid,6.6234459999999995,6.495430150000001,0.08012820512820512,0.011363636363636364,-4.47186935,-6.34852695,1.65972125,1.3204198000000003,69.1789092,8.0,0.0,0.0,0.08333333333333333,4.239275117224576,6.0,58.69241437499999,6.0,21.584066175000004,0.0,6.0,11.329917165397685,0.0,3.0
True,nonsense,68.19701,nonsense_sclace_dact_yink,Human,True,True,False,False,True,nonsense_sclace_dact_yink^nonsense^valid,6.6996305,6.49316,0.07142857142857142,0.013333333333333334,-4.62263075,-6.26985025,1.8822250500000002,1.32559375,69.4958898,8.0,0.0,0.0,0.08333333333333333,4.251478841343673,6.0,58.55405652,6.0,22.610766429999998,0.0,6.0,8.330163944391682,0.0,5.0
True,consistent,52.896575,gems_diamonds_transparent,Human,False,False,True,True,False,gems_diamonds_transparent^consistent^invalid,6.4679161999999994,6.28759485,0.013435374149659864,0.0035089447310424644,-6.6082792,-7.6733095,-2.0089684,-1.4442087999999997,69.9610065,8.0,0.5890672999999997,0.5890672999999997,1.0,0.8466426575146375,8.0,83.04690445,0.0,0.0,23.274048465000003,0.0,2.0308195454351643e-15,4.093566946761465,7.0
False,consistent,16.563986,food_vegetables_healthy,Human,False,True,True,True,False,food_vegetables_healthy^consistent^invalid,6.385794000000001,6.30319185,0.014925373134328358,0.002857166180948416,-6.4566896,-7.90417695,-1.99980535,-1.6097369499999998,68.8608315,8.0,0.8265580999999997,0.8265580999999997,1.0,0.821025837755418,8.0,85.405561,0.0,0.0,25.470094664999998,0.0,2.0042303656203608e-15,8.285601659992627,7.0
True,violate,31.096071,vehicles_mobile_buildings,Human,False,False,True,False,False,vehicles_mobile_buildings^violate^invalid,6.392072300000001,6.24234065,0.017078071182548796,0.0033003300330033004,-6.3503642,-7.754690999999999,-1.7715988499999997,-1.4810226999999996,68.9766537,8.0,0.8604618999999998,0.8604618999999998,1.0,0.8893919805418689,8.0,83.067856,0.0,0.0,23.2554352,0.0,1.5307203401176875e-15,8.8691659972438,7.0
True,violate,26.697533,plants_trees_tall,Human,False,False,True,False,False,plants_trees_tall^violate^invalid,6.38619115,6.28409735,0.01391304347826087,0.0028250616485910604,-6.5820267,-7.904741700000001,-1.94494635,-1.4837399500000004,68.6596727,8.0,0.8188750499999999,0.8188750499999999,1.0,0.8301860391296563,8.0,84.3862721,0.0,0.0,23.987561715,0.0,1.9225480256938434e-15,5.124418675638259,7.0
True,consistent,25.430075,guns_weapons_dangerous,Human,False,False,True,True,False,guns_weapons_dangerous^consistent^invalid,6.44597555,6.24617695,0.011000967117988394,0.002950776863820342,-6.76522825,-7.8805242,-1.8586807499999995,-1.4993720499999998,70.98612015,8.0,0.7220952499999997,0.6257914500000004,1.0,0.6282946795828372,8.0,85.89878935,0.0,0.0,23.510562384999997,0.0,1.4351441988087624e-15,6.165712876289506,6.0
True,nonsense,68.06476,nonsense_zint_thade_snaff,Human,False,False,False,False,True,nonsense_zint_thade_snaff^nonsense^invalid,6.7210474,6.4816360500000005,0.01707175925925926,0.0034246977000574694,-6.2579017,-7.6307297,-1.7251587499999999,-1.30741605,70.9449906,8.0,0.7375063500000001,0.7375063500000001,1.0,1.0036876587964536,8.0,80.31357249999999,0.0,0.0,20.835939930000002,0.0,1.4961083306774549e-15,11.46372616016183,7.0
True,nonsense,33.198833,nonsense_phrite_ing_pand,Human,True,True,False,False,True,nonsense_phrite_ing_pand^nonsense^valid,6.78927335,6.4204802999999995,0.08012820512820512,0.012196935891715008,-4.490728649999999,-6.2951688,1.7119826000000002,1.4278045500000003,70.91099205,8.0,0.0,0.0,0.08333333333333333,4.242352061088863,6.0,58.710175875000004,6.0,22.165997075,0.0,5.5,9.70258907505362,0.0,5.0
False,consistent,15.164977,flowers_animals_reptiles,Human,False,True,True,True,False,flowers_animals_reptiles^consistent^invalid,6.5008722,6.31083915,0.020545073375262055,0.003101140450410601,-6.1047525,-7.7991162,-1.5645790000000002,-1.4242303500000002,68.9486307,8.0,0.9084529999999997,0.6793224,1.0,0.9306593400489598,8.0,81.2164412,0.0,0.0,21.67141261,0.0,1.3543479362216075e-15,7.965921565107013,4.0
True,consistent,48.565366,dragons_mythical_exist,Human,True,True,True,True,False,dragons_mythical_exist^consistent^valid,6.3897132,6.291689,0.06904761904761905,0.010929288103201148,-4.6077385,-6.30269085,1.7525634500000002,1.6223964999999998,68.6732855,8.0,0.0,0.0,0.08333333333333333,4.227263650259546,6.0,59.557831455,6.0,24.081231845,0.0,5.5,7.144700547850129,0.0,2.5
False,nonsense,18.164139,nonsense_paft_usp_cesk,Human,True,False,False,False,True,nonsense_paft_usp_cesk^nonsense^valid,6.60848765,6.43326115,0.08116883116883117,0.010205144225762783,-4.415316750000001,-6.40260265,1.9637490499999997,1.4512771999999998,69.9446505,8.0,0.0,0.0,0.08333333333333333,4.230910783702164,6.0,59.68671201,6.0,23.09536234,0.0,6.0,10.336150785700415,0.0,5.0
True,nonsense,115.764006,nonsense_shiff_yot_plusk,Human,True,True,False,False,True,nonsense_shiff_yot_plusk^nonsense^valid,6.6630405,6.4421315,0.08333333333333333,0.012010932105868816,-4.481248750000001,-6.32354165,1.74328225,1.2753396499999998,70.6576311,8.0,0.0,0.0,0.08333333333333333,4.231048708694868,6.0,59.016534065,6.0,21.190878835,0.0,6.5,9.594795138239126,0.0,3.0
True,consistent,16.897307,dragons_mythical_exist,Human,True,True,True,True,False,dragons_mythical_exist^consistent^valid,6.3897132,6.291689,0.06904761904761905,0.010929288103201148,-4.6077385,-6.30269085,1.7525634500000002,1.6223964999999998,68.6732855,8.0,0.0,0.0,0.08333333333333333,4.227263650259546,6.0,59.557831455,6.0,24.081231845,0.0,5.5,7.144700547850129,0.0,2.5
True,violate,26.160408,plants_trees_tall,Human,False,False,True,False,False,plants_trees_tall^violate^invalid,6.38619115,6.28409735,0.01391304347826087,0.0028250616485910604,-6.5820267,-7.904741700000001,-1.94494635,-1.4837399500000004,68.6596727,8.0,0.8188750499999999,0.8188750499999999,1.0,0.8301860391296563,8.0,84.3862721,0.0,0.0,23.987561715,0.0,1.9225480256938434e-15,5.124418675638259,7.0
True,consistent,43.631826,librarians_happy_healthy,Human,True,True,True,True,False,librarians_happy_healthy^consistent^valid,6.4488923499999995,6.21358025,0.08333333333333333,0.009478885893980233,-4.3865333500000006,-6.49733885,2.1736029,1.6753026500000003,68.60927085,8.0,0.0,0.0,0.08333333333333333,4.202778071855432,6.0,60.489633715,6.0,26.835941335,0.0,6.0,10.648016475550474,0.0,5.0
False,nonsense,82.064449,nonsense_yuft_yab_sunt,Human,False,True,False,False,True,nonsense_yuft_yab_sunt^nonsense^invalid,6.6497302000000005,6.520653299999999,0.01667129758266185,0.003424657534246575,-6.3136357499999995,-7.60167,-1.7694892000000002,-1.328246,69.1145506,8.0,1.0278129499999997,1.0278129499999997,1.0,1.0065202922983731,8.0,80.63342094999999,0.0,0.0,22.389742305000002,0.0,1.950911711250765e-15,9.591605296156429,7.0
True,nonsense,24.132617,nonsense_shiff_yot_plusk,Human,True,True,False,False,True,nonsense_shiff_yot_plusk^nonsense^valid,6.6630405,6.4421315,0.08333333333333333,0.012010932105868816,-4.481248750000001,-6.32354165,1.74328225,1.2753396499999998,70.6576311,8.0,0.0,0.0,0.08333333333333333,4.231048708694868,6.0,59.016534065,6.0,21.190878835,0.0,6.5,9.594795138239126,0.0,3.0
True,nonsense,18.06448,nonsense_fleff_drap_ved,Human,False,False,False,False,True,nonsense_fleff_drap_ved^nonsense^invalid,6.7356882,6.4797887,0.017857142857142856,0.0033333333333333335,-6.2327225,-7.6453165,-1.7768858500000002,-1.2957879499999998,69.57095895,8.0,0.8390180499999997,0.8390180499999997,1.0,1.1067655183148273,8.0,80.09782385,0.0,0.0,21.5798461,0.0,1.5592593902284698e-15,10.58589834287269,6.0
True,consistent,23.097163,guns_weapons_dangerous,Human,True,True,True,True,False,guns_weapons_dangerous^consistent^valid,6.4460763,6.23771665,0.05555555555555555,0.010365198711063372,-4.8854012,-6.3792031,1.8348008,1.4967684499999998,70.87122375000001,8.0,0.0,0.0,0.08333333333333333,4.178935275009273,6.0,62.253303349999996,6.0,23.474716800000003,0.0,6.0,6.423485446299349,0.0,2.5
False,violate,53.231766,gems_diamonds_transparent,Human,False,True,True,False,False,gems_diamonds_transparent^violate^invalid,6.54417985,6.2232831,0.014724310776942355,0.003206742381417339,-6.520405500000001,-7.78959085,-1.8865203500000005,-1.4694999500000003,70.84039609999999,8.0,0.6408786500000003,0.49384809999999946,1.0,0.8431403125175523,8.0,83.08205534999999,0.0,0.0,22.57233653,0.0,1.7192539355520916e-15,4.2441669087975615,6.0
False,consistent,58.949401,librarians_happy_healthy,Human,False,True,True,True,False,librarians_happy_healthy^consistent^invalid,6.4564919,6.2082235,0.01316017316017316,0.002439154981527863,-6.56037875,-8.156236,-2.18236525,-1.6797223500000005,68.5649792,8.0,0.9607439,0.9607439,1.0,0.7880140342786139,8.0,87.18519895,0.0,0.0,26.80061415,0.0,2.047661216425686e-15,10.450981391754892,2.0
True,violate,43.405749,flowers_animals_reptiles,Human,False,False,True,False,False,flowers_animals_reptiles^violate^invalid,6.511972500000001,6.299694649999999,0.020638297872340425,0.0030771852749583396,-6.099171,-7.8213919999999995,-1.5850982499999997,-1.4380342499999998,68.83154575,8.0,0.8858627500000003,0.7332459000000002,1.0,0.9176825938046316,8.0,81.4447405,0.0,0.0,21.956226824999998,0.0,1.5408950250308162e-15,8.545072663703762,2.0
True,violate,36.097,librarians_happy_healthy,Human,True,True,True,False,False,librarians_happy_healthy^violate^valid,6.5305669,6.2470415,0.08012820512820512,0.01,-4.4437014999999995,-6.4155605,2.00354005,1.7134435000000003,69.13207704999999,8.0,0.0,0.0,0.08333333333333333,4.209615969003537,6.0,60.37416155,6.0,25.7530211,0.0,6.0,10.836666528128507,0.0,5.0
False,violate,15.964497,dragons_mythical_exist,Human,False,True,True,False,False,dragons_mythical_exist^violate^invalid,6.3965742500000005,6.317690649999999,0.016411084207694375,0.002816990818990486,-6.351449,-7.92016295,-1.8188361499999997,-1.5580721999999998,68.2857051,8.0,0.9220247500000005,0.9220247500000005,1.0,0.9051403786675013,8.0,83.5121707,0.0,0.0,24.115853095,0.0,1.4280514096016063e-15,9.760069242080714,6.5
True,violate,19.997153,food_vegetables_healthy,Human,False,False,True,False,False,food_vegetables_healthy^violate^invalid,6.42677595,6.31220815,0.01562881562881563,0.002949955185046599,-6.4373935,-7.8457002,-1.8429373500000001,-1.5693540000000001,69.29372484999999,8.0,0.8066157500000002,0.7714321000000002,1.0,0.8284038808706596,8.0,84.6058833,0.0,0.0,24.320579359999996,0.0,1.5359023006172268e-15,7.146503379295183,4.0
True,consistent,21.459737,guns_weapons_dangerous,Human,True,True,True,True,False,guns_weapons_dangerous^consistent^valid,6.4460763,6.23771665,0.05555555555555555,0.010365198711063372,-4.8854012,-6.3792031,1.8348008,1.4967684499999998,70.87122375000001,8.0,0.0,0.0,0.08333333333333333,4.178935275009273,6.0,62.253303349999996,6.0,23.474716800000003,0.0,6.0,6.423485446299349,0.0,2.5
True,violate,26.845043,librarians_happy_healthy,Human,False,False,True,False,False,librarians_happy_healthy^violate^invalid,6.5184307,6.25073135,0.01565940787863959,0.0024969139266075636,-6.4542280000000005,-8.1183655,-1.9697572,-1.7046477000000007,69.12546295000001,8.0,0.8838414999999997,0.8838414999999997,1.0,0.8417871351391385,8.0,85.92273235000002,0.0,0.0,25.449208115,0.0,1.864196823354998e-15,10.415242718678988,2.0
True,nonsense,56.598969,nonsense_blep_jict_zamp,Human,False,False,False,False,True,nonsense_blep_jict_zamp^nonsense^invalid,6.6741928999999995,6.48545365,0.01670843776106934,0.003419292995417563,-6.3586244999999995,-7.62233965,-1.9506646,-1.32995355,68.8410289,8.0,1.028150475,1.028150475,1.0,0.998382928836373,8.0,81.6114506,0.0,0.0,23.470771059999997,0.0,1.9934286564877932e-15,8.841090211283056,7.0
False,nonsense,32.524168,nonsense_paft_usp_cesk,Human,True,False,False,False,True,nonsense_paft_usp_cesk^nonsense^valid,6.60848765,6.43326115,0.08116883116883117,0.010205144225762783,-4.415316750000001,-6.40260265,1.9637490499999997,1.4512771999999998,69.9446505,8.0,0.0,0.0,0.08333333333333333,4.230910783702164,6.0,59.68671201,6.0,23.09536234,0.0,6.0,10.336150785700415,0.0,5.0
True,consistent,24.964537,whales_mammals_big,Human,True,True,True,True,False,whales_mammals_big^consistent^valid,6.41403665,6.2108725,0.06696428571428571,0.00975632971635256,-4.6359095,-6.4396763,2.0391463,1.6546882000000003,69.3921962,8.0,0.0,0.0,0.08333333333333333,4.173582388585834,6.0,61.237626000000006,6.0,24.621449549999994,0.0,6.0,3.5560485472706302,0.0,0.0
True,violate,27.229783,gems_diamonds_transparent,Human,False,False,True,False,False,gems_diamonds_transparent^violate^invalid,6.54417985,6.2232831,0.014724310776942355,0.003206742381417339,-6.520405500000001,-7.78959085,-1.8865203500000005,-1.4694999500000003,70.84039609999999,8.0,0.6408786500000003,0.49384809999999946,1.0,0.8431403125175523,8.0,83.08205534999999,0.0,0.0,22.57233653,0.0,1.7192539355520916e-15,4.2441669087975615,6.0
True,consistent,29.562605,librarians_happy_healthy,Human,True,True,True,True,False,librarians_happy_healthy^consistent^valid,6.4488923499999995,6.21358025,0.08333333333333333,0.009478885893980233,-4.3865333500000006,-6.49733885,2.1736029,1.6753026500000003,68.60927085,8.0,0.0,0.0,0.08333333333333333,4.202778071855432,6.0,60.489633715,6.0,26.835941335,0.0,6.0,10.648016475550474,0.0,5.0
False,nonsense,115.764977,nonsense_zint_thade_snaff,Human,False,True,False,False,True,nonsense_zint_thade_snaff^nonsense^invalid,6.7210474,6.4816360500000005,0.01707175925925926,0.0034246977000574694,-6.2579017,-7.6307297,-1.7251587499999999,-1.30741605,70.9449906,8.0,0.7375063500000001,0.7375063500000001,1.0,1.0036876587964536,8.0,80.31357249999999,0.0,0.0,20.835939930000002,0.0,1.4961083306774549e-15,11.46372616016183,7.0
False,consistent,36.296726,gems_diamonds_transparent,Human,False,True,True,True,False,gems_diamonds_transparent^consistent^invalid,6.4679161999999994,6.28759485,0.013435374149659864,0.0035089447310424644,-6.6082792,-7.6733095,-2.0089684,-1.4442087999999997,69.9610065,8.0,0.5890672999999997,0.5890672999999997,1.0,0.8466426575146375,8.0,83.04690445,0.0,0.0,23.274048465000003,0.0,2.0308195454351643e-15,4.093566946761465,7.0
False,consistent,58.530414,librarians_happy_healthy,Human,False,True,True,True,False,librarians_happy_healthy^consistent^invalid,6.4564919,6.2082235,0.01316017316017316,0.002439154981527863,-6.56037875,-8.156236,-2.18236525,-1.6797223500000005,68.5649792,8.0,0.9607439,0.9607439,1.0,0.7880140342786139,8.0,87.18519895,0.0,0.0,26.80061415,0.0,2.047661216425686e-15,10.450981391754892,2.0
True,consistent,60.898852,vehicles_mobile_buildings,Human,False,False,True,True,False,vehicles_mobile_buildings^consistent^invalid,6.4189703,6.20475225,0.017908538535337384,0.003565073716319268,-6.2863693000000005,-7.65832855,-1.6578865,-1.3874936499999997,68.73863765,8.0,0.9254654999999996,0.7147571500000001,1.0,0.923093373579289,8.0,81.53225795000002,0.0,0.0,21.98636992,0.0,1.5822442479216904e-15,8.810153623685938,6.0
True,violate,21.604721,guns_weapons_dangerous,Human,False,False,True,False,False,guns_weapons_dangerous^violate^invalid,6.4394995,6.20302535,0.01105276013678554,0.0028313523211482396,-6.7744107,-7.9281578,-1.8454207,-1.5204529999999998,70.8790377,8.0,0.7291772999999999,0.6630851499999999,1.0,0.5614459822509108,8.0,86.16747995000001,0.0,0.0,23.647519385,0.0,1.4537708353217846e-15,7.491897435044687,6.0
True,nonsense,54.197351,nonsense_sclace_dact_yink,Human,True,True,False,False,True,nonsense_sclace_dact_yink^nonsense^valid,6.6996305,6.49316,0.07142857142857142,0.013333333333333334,-4.62263075,-6.26985025,1.8822250500000002,1.32559375,69.4958898,8.0,0.0,0.0,0.08333333333333333,4.251478841343673,6.0,58.55405652,6.0,22.610766429999998,0.0,6.0,8.330163944391682,0.0,5.0
True,nonsense,47.601065,nonsense_shrad_splect_dring,Human,True,True,False,False,True,nonsense_shrad_splect_dring^nonsense^valid,6.7610812,6.47533,0.08116883116883117,0.012434352795798579,-4.5256802,-6.28925465,1.7478102499999997,1.4159046000000002,71.13687965000001,8.0,0.0,0.0,0.08333333333333333,4.2501012416620565,6.0,59.227644260000005,6.0,22.47998154,0.0,6.5,10.09146835248848,0.0,5.0
False,violate,58.263148,flowers_animals_reptiles,Human,True,False,True,False,False,flowers_animals_reptiles^violate^valid,6.48343315,6.2991987,0.07142857142857142,0.010205144225762783,-4.51195335,-6.387707,1.59619145,1.4434542000000001,68.9133758,8.0,0.0,0.0,0.08333333333333333,4.205102274473268,6.0,59.566164199999996,6.0,22.0102812,0.0,6.0,8.709453465091162,0.0,0.0
True,nonsense,26.065583,nonsense_zeff_zaff_zom,Human,True,True,False,False,True,nonsense_zeff_zaff_zom^nonsense^valid,6.6234459999999995,6.495430150000001,0.08012820512820512,0.011363636363636364,-4.47186935,-6.34852695,1.65972125,1.3204198000000003,69.1789092,8.0,0.0,0.0,0.08333333333333333,4.239275117224576,6.0,58.69241437499999,6.0,21.584066175000004,0.0,6.0,11.329917165397685,0.0,3.0
False,consistent,33.330792,food_vegetables_healthy,Human,False,True,True,True,False,food_vegetables_healthy^consistent^invalid,6.385794000000001,6.30319185,0.014925373134328358,0.002857166180948416,-6.4566896,-7.90417695,-1.99980535,-1.6097369499999998,68.8608315,8.0,0.8265580999999997,0.8265580999999997,1.0,0.821025837755418,8.0,85.405561,0.0,0.0,25.470094664999998,0.0,2.0042303656203608e-15,8.285601659992627,7.0
False,nonsense,33.731715,nonsense_zint_thade_snaff,Human,False,True,False,False,True,nonsense_zint_thade_snaff^nonsense^invalid,6.7210474,6.4816360500000005,0.01707175925925926,0.0034246977000574694,-6.2579017,-7.6307297,-1.7251587499999999,-1.30741605,70.9449906,8.0,0.7375063500000001,0.7375063500000001,1.0,1.0036876587964536,8.0,80.31357249999999,0.0,0.0,20.835939930000002,0.0,1.4961083306774549e-15,11.46372616016183,7.0
True,consistent,21.930702,guns_weapons_dangerous,Human,False,False,True,True,False,guns_weapons_dangerous^consistent^invalid,6.44597555,6.24617695,0.011000967117988394,0.002950776863820342,-6.76522825,-7.8805242,-1.8586807499999995,-1.4993720499999998,70.98612015,8.0,0.7220952499999997,0.6257914500000004,1.0,0.6282946795828372,8.0,85.89878935,0.0,0.0,23.510562384999997,0.0,1.4351441988087624e-15,6.165712876289506,6.0
False,consistent,56.765465,librarians_happy_healthy,Human,False,True,True,True,False,librarians_happy_healthy^consistent^invalid,6.4564919,6.2082235,0.01316017316017316,0.002439154981527863,-6.56037875,-8.156236,-2.18236525,-1.6797223500000005,68.5649792,8.0,0.9607439,0.9607439,1.0,0.7880140342786139,8.0,87.18519895,0.0,0.0,26.80061415,0.0,2.047661216425686e-15,10.450981391754892,2.0
True,consistent,30.159837,politicians_dishonest_lie,Human,False,False,True,True,False,politicians_dishonest_lie^consistent^invalid,6.3229398,6.1018700500000005,0.011696306429548563,0.00206825453861027,-6.6775573,-8.384043,-2.07348635,-1.8434265,68.77078785,8.0,1.1970911499999999,1.1970911499999999,1.0,0.5955017881109077,8.0,88.85676230000001,0.0,0.0,27.509388350000002,0.0,2.2214782544241507e-15,11.435251791454718,7.0
True,violate,19.531745,vehicles_mobile_buildings,Human,False,False,True,False,False,vehicles_mobile_buildings^violate^invalid,6.392072300000001,6.24234065,0.017078071182548796,0.0033003300330033004,-6.3503642,-7.754690999999999,-1.7715988499999997,-1.4810226999999996,68.9766537,8.0,0.8604618999999998,0.8604618999999998,1.0,0.8893919805418689,8.0,83.067856,0.0,0.0,23.2554352,0.0,1.5307203401176875e-15,8.8691659972438,7.0
True,nonsense,34.79857,nonsense_yuft_yab_sunt,Human,False,False,False,False,True,nonsense_yuft_yab_sunt^nonsense^invalid,6.6497302000000005,6.520653299999999,0.01667129758266185,0.003424657534246575,-6.3136357499999995,-7.60167,-1.7694892000000002,-1.328246,69.1145506,8.0,1.0278129499999997,1.0278129499999997,1.0,1.0065202922983731,8.0,80.63342094999999,0.0,0.0,22.389742305000002,0.0,1.950911711250765e-15,9.591605296156429,7.0
True,nonsense,59.732367,nonsense_shrad_splect_dring,Human,True,True,False,False,True,nonsense_shrad_splect_dring^nonsense^valid,6.7610812,6.47533,0.08116883116883117,0.012434352795798579,-4.5256802,-6.28925465,1.7478102499999997,1.4159046000000002,71.13687965000001,8.0,0.0,0.0,0.08333333333333333,4.2501012416620565,6.0,59.227644260000005,6.0,22.47998154,0.0,6.5,10.09146835248848,0.0,5.0
True,nonsense,41.132013,nonsense_phrite_ing_pand,Human,True,True,False,False,True,nonsense_phrite_ing_pand^nonsense^valid,6.78927335,6.4204802999999995,0.08012820512820512,0.012196935891715008,-4.490728649999999,-6.2951688,1.7119826000000002,1.4278045500000003,70.91099205,8.0,0.0,0.0,0.08333333333333333,4.242352061088863,6.0,58.710175875000004,6.0,22.165997075,0.0,5.5,9.70258907505362,0.0,5.0
True,consistent,17.997094,guns_weapons_dangerous,Human,True,True,True,True,False,guns_weapons_dangerous^consistent^valid,6.4460763,6.23771665,0.05555555555555555,0.010365198711063372,-4.8854012,-6.3792031,1.8348008,1.4967684499999998,70.87122375000001,8.0,0.0,0.0,0.08333333333333333,4.178935275009273,6.0,62.253303349999996,6.0,23.474716800000003,0.0,6.0,6.423485446299349,0.0,2.5
False,consistent,42.16459,flowers_animals_reptiles,Human,False,True,True,True,False,flowers_animals_reptiles^consistent^invalid,6.5008722,6.31083915,0.020545073375262055,0.003101140450410601,-6.1047525,-7.7991162,-1.5645790000000002,-1.4242303500000002,68.9486307,8.0,0.9084529999999997,0.6793224,1.0,0.9306593400489598,8.0,81.2164412,0.0,0.0,21.67141261,0.0,1.3543479362216075e-15,7.965921565107013,4.0
False,nonsense,26.63089,nonsense_fleff_drap_ved,Human,False,True,False,False,True,nonsense_fleff_drap_ved^nonsense^invalid,6.7356882,6.4797887,0.017857142857142856,0.0033333333333333335,-6.2327225,-7.6453165,-1.7768858500000002,-1.2957879499999998,69.57095895,8.0,0.8390180499999997,0.8390180499999997,1.0,1.1067655183148273,8.0,80.09782385,0.0,0.0,21.5798461,0.0,1.5592593902284698e-15,10.58589834287269,6.0
True,nonsense,41.131398,nonsense_shiff_yot_plusk,Human,True,True,False,False,True,nonsense_shiff_yot_plusk^nonsense^valid,6.6630405,6.4421315,0.08333333333333333,0.012010932105868816,-4.481248750000001,-6.32354165,1.74328225,1.2753396499999998,70.6576311,8.0,0.0,0.0,0.08333333333333333,4.231048708694868,6.0,59.016534065,6.0,21.190878835,0.0,6.5,9.594795138239126,0.0,3.0
True,violate,18.797654,librarians_happy_healthy,Human,False,False,True,False,False,librarians_happy_healthy^violate^invalid,6.5184307,6.25073135,0.01565940787863959,0.0024969139266075636,-6.4542280000000005,-8.1183655,-1.9697572,-1.7046477000000007,69.12546295000001,8.0,0.8838414999999997,0.8838414999999997,1.0,0.8417871351391385,8.0,85.92273235000002,0.0,0.0,25.449208115,0.0,1.864196823354998e-15,10.415242718678988,2.0
True,violate,23.698428,vehicles_mobile_buildings,Human,False,False,True,False,False,vehicles_mobile_buildings^violate^invalid,6.392072300000001,6.24234065,0.017078071182548796,0.0033003300330033004,-6.3503642,-7.754690999999999,-1.7715988499999997,-1.4810226999999996,68.9766537,8.0,0.8604618999999998,0.8604618999999998,1.0,0.8893919805418689,8.0,83.067856,0.0,0.0,23.2554352,0.0,1.5307203401176875e-15,8.8691659972438,7.0
True,consistent,26.564495,librarians_happy_healthy,Human,True,True,True,True,False,librarians_happy_healthy^consistent^valid,6.4488923499999995,6.21358025,0.08333333333333333,0.009478885893980233,-4.3865333500000006,-6.49733885,2.1736029,1.6753026500000003,68.60927085,8.0,0.0,0.0,0.08333333333333333,4.202778071855432,6.0,60.489633715,6.0,26.835941335,0.0,6.0,10.648016475550474,0.0,5.0
True,consistent,24.797652,guns_weapons_dangerous,Human,True,True,True,True,False,guns_weapons_dangerous^consistent^valid,6.4460763,6.23771665,0.05555555555555555,0.010365198711063372,-4.8854012,-6.3792031,1.8348008,1.4967684499999998,70.87122375000001,8.0,0.0,0.0,0.08333333333333333,4.178935275009273,6.0,62.253303349999996,6.0,23.474716800000003,0.0,6.0,6.423485446299349,0.0,2.5
True,violate,41.699174,plants_trees_tall,Human,False,False,True,False,False,plants_trees_tall^violate^invalid,6.38619115,6.28409735,0.01391304347826087,0.0028250616485910604,-6.5820267,-7.904741700000001,-1.94494635,-1.4837399500000004,68.6596727,8.0,0.8188750499999999,0.8188750499999999,1.0,0.8301860391296563,8.0,84.3862721,0.0,0.0,23.987561715,0.0,1.9225480256938434e-15,5.124418675638259,7.0
True,violate,30.073649,librarians_happy_healthy,Human,True,True,True,False,False,librarians_happy_healthy^violate^valid,6.5305669,6.2470415,0.08012820512820512,0.01,-4.4437014999999995,-6.4155605,2.00354005,1.7134435000000003,69.13207704999999,8.0,0.0,0.0,0.08333333333333333,4.209615969003537,6.0,60.37416155,6.0,25.7530211,0.0,6.0,10.836666528128507,0.0,5.0
True,consistent,18.831501,dragons_mythical_exist,Human,True,True,True,True,False,dragons_mythical_exist^consistent^valid,6.3897132,6.291689,0.06904761904761905,0.010929288103201148,-4.6077385,-6.30269085,1.7525634500000002,1.6223964999999998,68.6732855,8.0,0.0,0.0,0.08333333333333333,4.227263650259546,6.0,59.557831455,6.0,24.081231845,0.0,5.5,7.144700547850129,0.0,2.5
True,violate,23.662732,food_vegetables_healthy,Human,False,False,True,False,False,food_vegetables_healthy^violate^invalid,6.42677595,6.31220815,0.01562881562881563,0.002949955185046599,-6.4373935,-7.8457002,-1.8429373500000001,-1.5693540000000001,69.29372484999999,8.0,0.8066157500000002,0.7714321000000002,1.0,0.8284038808706596,8.0,84.6058833,0.0,0.0,24.320579359999996,0.0,1.5359023006172268e-15,7.146503379295183,4.0
True,violate,30.564495,dragons_mythical_exist,Human,False,False,True,False,False,dragons_mythical_exist^violate^invalid,6.3965742500000005,6.317690649999999,0.016411084207694375,0.002816990818990486,-6.351449,-7.92016295,-1.8188361499999997,-1.5580721999999998,68.2857051,8.0,0.9220247500000005,0.9220247500000005,1.0,0.9051403786675013,8.0,83.5121707,0.0,0.0,24.115853095,0.0,1.4280514096016063e-15,9.760069242080714,6.5
True,nonsense,23.264165,nonsense_paft_usp_cesk,Human,True,True,False,False,True,nonsense_paft_usp_cesk^nonsense^valid,6.60848765,6.43326115,0.08116883116883117,0.010205144225762783,-4.415316750000001,-6.40260265,1.9637490499999997,1.4512771999999998,69.9446505,8.0,0.0,0.0,0.08333333333333333,4.230910783702164,6.0,59.68671201,6.0,23.09536234,0.0,6.0,10.336150785700415,0.0,5.0
False,nonsense,36.665541,nonsense_blep_jict_zamp,Human,False,True,False,False,True,nonsense_blep_jict_zamp^nonsense^invalid,6.6741928999999995,6.48545365,0.01670843776106934,0.003419292995417563,-6.3586244999999995,-7.62233965,-1.9506646,-1.32995355,68.8410289,8.0,1.028150475,1.028150475,1.0,0.998382928836373,8.0,81.6114506,0.0,0.0,23.470771059999997,0.0,1.9934286564877932e-15,8.841090211283056,7.0
True,violate,30.565104,plants_trees_tall,Human,False,False,True,False,False,plants_trees_tall^violate^invalid,6.38619115,6.28409735,0.01391304347826087,0.0028250616485910604,-6.5820267,-7.904741700000001,-1.94494635,-1.4837399500000004,68.6596727,8.0,0.8188750499999999,0.8188750499999999,1.0,0.8301860391296563,8.0,84.3862721,0.0,0.0,23.987561715,0.0,1.9225480256938434e-15,5.124418675638259,7.0
False,consistent,28.129813,librarians_happy_healthy,Human,True,False,True,True,False,librarians_happy_healthy^consistent^valid,6.4488923499999995,6.21358025,0.08333333333333333,0.009478885893980233,-4.3865333500000006,-6.49733885,2.1736029,1.6753026500000003,68.60927085,8.0,0.0,0.0,0.08333333333333333,4.202778071855432,6.0,60.489633715,6.0,26.835941335,0.0,6.0,10.648016475550474,0.0,5.0
True,violate,23.898423,gems_diamonds_transparent,Human,False,False,True,False,False,gems_diamonds_transparent^violate^invalid,6.54417985,6.2232831,0.014724310776942355,0.003206742381417339,-6.520405500000001,-7.78959085,-1.8865203500000005,-1.4694999500000003,70.84039609999999,8.0,0.6408786500000003,0.49384809999999946,1.0,0.8431403125175523,8.0,83.08205534999999,0.0,0.0,22.57233653,0.0,1.7192539355520916e-15,4.2441669087975615,6.0
True,violate,39.165505,gems_diamonds_transparent,Human,False,False,True,False,False,gems_diamonds_transparent^violate^invalid,6.54417985,6.2232831,0.014724310776942355,0.003206742381417339,-6.520405500000001,-7.78959085,-1.8865203500000005,-1.4694999500000003,70.84039609999999,8.0,0.6408786500000003,0.49384809999999946,1.0,0.8431403125175523,8.0,83.08205534999999,0.0,0.0,22.57233653,0.0,1.7192539355520916e-15,4.2441669087975615,6.0
False,violate,28.031291,flowers_animals_reptiles,Human,False,True,True,False,False,flowers_animals_reptiles^violate^invalid,6.511972500000001,6.299694649999999,0.020638297872340425,0.0030771852749583396,-6.099171,-7.8213919999999995,-1.5850982499999997,-1.4380342499999998,68.83154575,8.0,0.8858627500000003,0.7332459000000002,1.0,0.9176825938046316,8.0,81.4447405,0.0,0.0,21.956226824999998,0.0,1.5408950250308162e-15,8.545072663703762,2.0
True,consistent,26.330306,gems_diamonds_transparent,Human,False,False,True,True,False,gems_diamonds_transparent^consistent^invalid,6.4679161999999994,6.28759485,0.013435374149659864,0.0035089447310424644,-6.6082792,-7.6733095,-2.0089684,-1.4442087999999997,69.9610065,8.0,0.5890672999999997,0.5890672999999997,1.0,0.8466426575146375,8.0,83.04690445,0.0,0.0,23.274048465000003,0.0,2.0308195454351643e-15,4.093566946761465,7.0
True,violate,85.931477,guns_weapons_dangerous,Human,False,False,True,False,False,guns_weapons_dangerous^violate^invalid,6.4394995,6.20302535,0.01105276013678554,0.0028313523211482396,-6.7744107,-7.9281578,-1.8454207,-1.5204529999999998,70.8790377,8.0,0.7291772999999999,0.6630851499999999,1.0,0.5614459822509108,8.0,86.16747995000001,0.0,0.0,23.647519385,0.0,1.4537708353217846e-15,7.491897435044687,6.0
False,consistent,11.932255,vehicles_mobile_buildings,Human,False,True,True,True,False,vehicles_mobile_buildings^consistent^invalid,6.4189703,6.20475225,0.017908538535337384,0.003565073716319268,-6.2863693000000005,-7.65832855,-1.6578865,-1.3874936499999997,68.73863765,8.0,0.9254654999999996,0.7147571500000001,1.0,0.923093373579289,8.0,81.53225795000002,0.0,0.0,21.98636992,0.0,1.5822442479216904e-15,8.810153623685938,6.0
False,nonsense,58.598841,nonsense_zint_thade_snaff,Human,False,True,False,False,True,nonsense_zint_thade_snaff^nonsense^invalid,6.7210474,6.4816360500000005,0.01707175925925926,0.0034246977000574694,-6.2579017,-7.6307297,-1.7251587499999999,-1.30741605,70.9449906,8.0,0.7375063500000001,0.7375063500000001,1.0,1.0036876587964536,8.0,80.31357249999999,0.0,0.0,20.835939930000002,0.0,1.4961083306774549e-15,11.46372616016183,7.0
