entity,correct,incorrect,model,item_id,condition,correct_first,output_entropy,midpoint_entropy,output_rank_correct,midpoint_rank_correct,output_logprob_correct,midpoint_logprob_correct,output_logprobdiff,midpoint_logprobdiff,auc_entropy,layer_biggest_change_entropy,twostage_magnitude,twostage_magnitude_latter34,twostage_layer,auc_rank_correct,layer_biggest_change_rank_correct,auc_logprob_correct,layer_biggest_change_logprob_correct,auc_logprobdiff_pos,auc_logprobdiff_neg,layer_biggest_change_logprobdiff,auc_boosting_pos,auc_boosting_neg,layer_argmax_boosting
Australia,Canberra,Sydney,Llama-2-13b-hf,1,has_competitor,True,3.0348525,0.9726034,1.0,0.012195121951219513,-0.83066475,-10.73078,2.14299095,-3.3407614999999993,130.61307382,14,4.944648,4.944648,0.7,13.251667292896807,27,213.258411235,16,130.492052665,30.8059707,27,110.39967478525081,63.754304947110455,27
Australia,Canberra,Sydney,Llama-2-13b-hf,1,has_competitor,False,2.8004806,1.9145546,1.0,0.015625,-0.6351989,-8.706588,2.7061624,-2.8597720000000004,141.02418418000002,18,4.4885505000000006,4.4885505000000006,0.7,13.847010624844003,26,196.805415214,16,137.035606586,24.768685199999997,27,119.63543563027577,58.83534516158594,27
Brazil,Brasilia,Rio de Janeiro,Llama-2-13b-hf,2,has_competitor,True,1.949848,0.96909994,1.0,0.009174311926605505,-0.34852013,-9.905493,3.2595661700000003,0.24916100000000085,168.80874264,18,3.497676499999999,2.5653550000000003,0.55,8.023866857848235,31,306.43741052999997,15,49.44310217,31.305585599999997,22,57.792976047710276,23.49634803700649,22
Brazil,Brasilia,Rio de Janeiro,Llama-2-13b-hf,2,has_competitor,False,2.1700354,0.7401729,1.0,0.012658227848101266,-0.39994705,-9.649554,2.99905975,0.5023560000000007,175.0157503,18,3.6631009999999993,2.5829579999999996,0.55,10.483826490945471,37,290.44298863000006,15,45.58797586999999,29.8652397,22,58.88637159243482,26.453802596553267,22
Canada,Ottawa,Toronto,Llama-2-13b-hf,3,has_competitor,True,3.3127365,1.0779451,1.0,0.08333333333333333,-0.7908233,-6.4929013,3.4050457,-1.1518879000000002,148.23663261000002,18,1.6643504999999994,1.6643504999999994,0.55,17.72344021237213,21,212.35699798399997,15,103.896516916,9.8834803,27,79.04899254705201,17.25958240191708,27
Canada,Ottawa,Toronto,Llama-2-13b-hf,3,has_competitor,False,3.5109932,2.0796962,1.0,0.1,-0.8525157,-5.257847,3.3921737999999997,-1.0112325000000002,154.1911479,14,1.5767756000000004,1.5767756000000004,0.55,18.306567526735506,21,207.24700635,15,105.47120645000001,8.680581000000002,22,77.8004255402208,16.849805115410273,27
India,New Delhi,Mumbai,Llama-2-13b-hf,4,has_competitor,True,3.3219192,1.1740911,1.0,0.07692307692307693,-1.2209643,-6.8946033,4.0779107,2.8703447000000004,147.04624362,14,2.3379642,1.1957799999999992,0.425,9.901100547227994,30,229.50528645999998,16,96.65909044000001,13.3778123,8,82.54412684422574,38.606579069356314,32
India,New Delhi,Mumbai,Llama-2-13b-hf,4,has_competitor,False,3.4561186,1.6824389,1.0,0.0625,-1.1171029,-6.4753895,4.1293401,2.5718855000000005,155.85689485,14,2.281628499999999,1.0720569999999991,0.425,9.901297100708614,30,226.132783,16,91.90371339999999,13.483875300000001,8,81.16031315040738,36.70386717976473,32
Morrocco,Rabat,Marrakesh,Llama-2-13b-hf,5,has_competitor,True,4.2703667,3.0612993,1.0,0.002109704641350211,-1.1869699,-9.816644,2.3174618000000002,-0.4825400000000002,188.2339303,18,5.43536,3.058136000000001,0.6,5.900481916420878,36,307.3621408,23,44.750599199999996,58.266802999999996,23,72.69720626576819,56.610339145270416,23
Morrocco,Rabat,Marrakesh,Llama-2-13b-hf,5,has_competitor,False,3.8678696,4.7924347,1.0,0.0017513134851138354,-0.9473738,-9.251584,3.1558618999999997,-0.6202839999999998,195.8164783,27,5.271257000000001,3.0618049999999997,0.625,8.163277128169288,30,298.87987865,22,39.307139049999996,60.577370199999976,6,69.83650995436865,51.47269521003793,23
New Zealand,Wellington,Auckland,Llama-2-13b-hf,6,has_competitor,True,4.2614384,2.219839,1.0,0.00819672131147541,-1.8117931,-8.735232,1.8100690999999998,0.7722770000000008,142.92845000999998,14,4.228129999999999,4.228129999999999,0.5,13.556049771914154,26,249.710613157,26,90.055159943,49.33378439999999,26,102.53408488884203,70.17997161926078,32
New Zealand,Wellington,Auckland,Llama-2-13b-hf,6,has_competitor,False,4.2284293,2.3906488,1.0,0.008403361344537815,-1.7253081,-8.610399,2.4319399,0.3831160000000011,147.19542998999998,14,4.1000944,4.1000944,0.5,13.460359446029184,26,253.58444809,26,83.84495260999999,50.24369370000001,26,98.30307664761807,67.83663141366776,26
Pakistan,Islamabad,Karachi,Llama-2-13b-hf,7,has_competitor,True,3.9741755,1.9283626,1.0,0.001869158878504673,-1.2124083,-10.876768,1.9318694999999997,-4.0781387,179.07721220000002,14,4.0781387,4.0781387,0.675,5.01134557161338,35,287.4801931,25,32.1761125,38.9550359,25,79.73059235054771,60.97222473076982,25
Pakistan,Islamabad,Karachi,Llama-2-13b-hf,7,has_competitor,False,3.8126395,3.3785958,1.0,0.001984126984126984,-1.0179026,-9.752362,2.4149732999999998,-4.0910566,187.60053849999997,14,4.0910566,4.0910566,0.675,6.427472877532617,30,274.8211888,25,34.7876855,37.31085290000001,25,83.76256875888106,60.02749195248327,25
South Africa,Pretoria,Johannesburg,Llama-2-13b-hf,8,has_competitor,True,4.4413958,2.5563524,1.0,0.006060606060606061,-2.3255525,-9.03664,1.5950832,-0.4579240000000002,168.9053959,14,4.4176237,4.4176237,0.8,6.903391942683654,33,264.37069813,33,105.93254757,35.9633789,33,125.45984577184124,90.03891007398794,34
South Africa,Pretoria,Johannesburg,Llama-2-13b-hf,8,has_competitor,False,4.2814436,2.9251044,1.0,0.005154639175257732,-1.9123166,-8.954162,2.8559509999999997,-1.4919776000000002,168.88414559999998,14,5.068872300000001,5.068872300000001,0.825,6.9020965242338,33,259.21566612000004,33,108.59842988000001,44.327550900000006,33,127.82552667313075,91.33417456671063,33
Switzerland,Bern,Zurich,Llama-2-13b-hf,9,has_competitor,True,4.203471,2.5318096,0.5,0.002336448598130841,-1.9558084,-9.889328,1.5012016,-3.155748400000001,161.58421460000002,14,4.3244016,4.3244016,0.725,4.035373900846051,37,289.2219497,16,73.5101517,30.786285200000002,1,73.9358533374528,42.99727265801563,37
Switzerland,Bern,Zurich,Llama-2-13b-hf,9,has_competitor,False,4.087844,2.2971773,0.5,0.0019646365422396855,-1.9034933,-10.191646,2.4002114,-3.7676570000000007,157.7935799,14,5.073159499999999,5.073159499999999,0.725,2.965487328648046,37,300.74158040000003,16,73.58867090000001,37.514909100000004,1,73.01055457638172,41.86186766350634,37
Turkey,Ankara,Istanbul,Llama-2-13b-hf,10,has_competitor,True,3.7606566,3.0674756,1.0,0.015625,-1.1234105,-7.3515425,1.3183165000000001,-1.003469,180.91623195,14,3.7522703,3.7522703,0.8,6.9832139248165355,34,235.36353368,0,61.750443020000006,27.031647299999996,34,102.72327117577366,70.44204590736389,34
Turkey,Ankara,Istanbul,Llama-2-13b-hf,10,has_competitor,False,3.6807306,4.170575,1.0,0.0125,-0.9754535,-7.103438,2.2402552,-1.1004062999999995,182.43356591,14,2.9737928,2.9737928,0.775,7.232887262098344,34,229.209888275,0,75.71473032499998,20.804536400000003,34,117.25255801400367,65.99438777622214,34
United Arab Emirates,Abu Dhabi,Dubai,Llama-2-13b-hf,11,has_competitor,True,3.75709,2.174975,1.0,0.005319148936170213,-1.1640701,-9.521095,1.9837752000000002,-0.2976870000000016,162.28005268,14,3.4267434999999997,3.4267434999999997,0.65,9.924085842712906,31,260.52903011,0,67.84133959,21.8960711,33,97.05388017760434,56.17792558721852,33
United Arab Emirates,Abu Dhabi,Dubai,Llama-2-13b-hf,11,has_competitor,False,3.5107331,2.5037413,1.0,0.005128205128205128,-1.0072007,-9.171603,3.0280553,-0.9024599999999996,157.39823525,14,3.2987676000000006,3.2987676000000006,0.65,9.764193074738554,31,259.51757550499997,0,77.74068949500001,22.468273999999997,33,96.9017492312961,47.53989084201289,33
Alabama,Montgomery,Birmingham,Llama-2-13b-hf,12,has_competitor,True,3.2323802,2.241556,1.0,0.0036363636363636364,-0.7643721,-9.780672,2.8214110999999997,-1.3817229999999991,171.99466890000002,14,5.1162056,5.1162056,0.725,8.408327517853863,31,285.44298625,20,31.637155949999993,73.34322119999999,8,69.26318633192811,57.589914765367766,31
Alabama,Montgomery,Birmingham,Llama-2-13b-hf,12,has_competitor,False,2.9985254,2.1612191,1.0,0.0035335689045936395,-0.6404831,-9.755182,3.5588615,-1.5016990000000003,171.7994508,18,5.353327999999999,5.353327999999999,0.725,9.3511536163359,31,281.89329213,20,38.72789637,71.39714660000001,14,74.95283892175688,56.28442702770317,31
Alaska,Juneau,Anchorage,Llama-2-13b-hf,13,has_competitor,True,4.072362,0.96902347,1.0,0.0012453300124533001,-1.3904086,-12.53632,1.7859363000000001,-2.1064240000000005,157.27674587,18,4.743741,4.743741,0.95,2.5195045164661463,37,346.79883270000005,29,8.926029999999999,69.59623029999997,37,49.77110224420181,59.99534136706164,37
Alaska,Juneau,Anchorage,Llama-2-13b-hf,13,has_competitor,False,3.9940114,1.0953121,1.0,0.001349527665317139,-1.3741623,-12.244988,2.0795038999999997,-2.203488,158.8396318,18,5.131306400000001,5.131306400000001,0.975,2.4089612147822885,37,349.75038494,37,8.76665736,75.55638829999998,37,52.15255209383372,63.00988952274096,37
California,Sacramento,Los Angeles,Llama-2-13b-hf,14,has_competitor,True,3.196106,2.8891878,1.0,0.1,-0.8119978,-4.961202,3.8895417,-0.9298929999999999,147.0537477,14,5.6868549999999995,5.446958400000001,0.625,16.70648285765929,24,225.44692913900002,15,91.32498106099999,54.492617500000016,27,79.21033746879432,28.83058990892181,26
California,Sacramento,Los Angeles,Llama-2-13b-hf,14,has_competitor,False,2.466339,3.8502202,1.0,0.1,-0.46076876,-4.2106285,5.69846624,-0.07565780000000011,138.65586257,15,5.666212999999999,5.391649600000001,0.55,19.506200919738895,20,215.26100015100002,20,135.229817649,46.04746620000001,24,115.00565603553719,22.339449329868412,24
Connecticut,Hartford,Bridgeport,Llama-2-13b-hf,15,has_competitor,True,4.264151,2.5463452,1.0,0.012987012987012988,-1.3807755,-8.228233,4.6177139,4.382674,174.9725955,14,0.660107,0.660107,0.3,11.670302104991293,26,282.45990043,20,186.04237397,0.660107,1,95.09994414629753,26.91174336278329,31
Connecticut,Hartford,Bridgeport,Llama-2-13b-hf,15,has_competitor,False,4.040675,2.4419618,1.0,0.01282051282051282,-1.0951427,-8.143001,5.0320379,4.133826000000001,177.4015029,18,0.7478679999999986,0.7478679999999986,0.3,14.2992286649387,22,274.24645573,20,188.31576367,0.848509,20,99.56737943322189,26.495198725398485,31
Delaware,Dover,Wilmington,Llama-2-13b-hf,16,has_competitor,True,4.2147946,0.78281796,1.0,0.012987012987012988,-1.7285323,-9.504225,0.9603299999999999,3.5113570000000003,169.01594226,18,0.0,0.0,0.025,7.26419427332823,34,225.72605325,20,121.94686945,0.0,34,114.88695032179005,56.665046976896164,34
Delaware,Dover,Wilmington,Llama-2-13b-hf,16,has_competitor,False,4.253504,0.6615525,1.0,0.012345679012345678,-1.771264,-9.856709,0.9321385000000002,3.259017,168.7915286,18,0.0,0.0,0.025,6.2846047461132155,34,233.00892218,20,110.03516352000005,0.0,35,106.53137616887169,59.508498441612126,35
Florida,Tallahassee,Jacksonville,Llama-2-13b-hf,17,has_competitor,True,3.818752,2.7677302,1.0,0.006622516556291391,-1.105038,-8.690105,3.847668,0.7367809999999988,162.92818323,14,1.1713724999999995,1.1713724999999995,0.55,8.605443695734934,33,230.36331229399997,20,130.01549160599998,2.2800519999999986,33,148.6972474701803,47.528346693765215,33
Florida,Tallahassee,Jacksonville,Llama-2-13b-hf,17,has_competitor,False,3.309072,2.4960754,1.0,0.010416666666666666,-0.8055979,-8.200486,4.915763699999999,1.9564450000000004,161.36970525499999,33,1.3428333000000006,1.3428333000000006,0.425,9.580686432218233,33,213.93615251900002,20,160.51873658100004,2.1548453000000016,15,159.58029468741344,44.53361303597631,33
Illinois,Springfield,Chicago,Llama-2-13b-hf,18,has_competitor,True,3.8205369,2.7615533,1.0,0.0044444444444444444,-1.1767323,-9.260485,1.4033203,-6.858542299999999,173.08326,18,9.5870563,9.5870563,0.675,5.148117868350953,37,312.469958,25,40.000537,91.64396008000001,25,78.04605151493034,60.35788837882826,25
Illinois,Springfield,Chicago,Llama-2-13b-hf,18,has_competitor,False,3.6254323,1.2801054,1.0,0.0029940119760479044,-0.9508065,-10.683621,2.3423959,-4.7258244000000005,168.2202607,18,7.6851287,7.6851287,0.675,6.072915565160718,37,309.99500283000003,20,58.49644557,71.09778030000001,25,88.49670513064437,52.648369368810094,25
Kansas,Topeka,Wichita,Llama-2-13b-hf,19,has_competitor,True,3.9669883,2.5410523,1.0,0.010309278350515464,-1.281571,-8.289468,1.4200466999999999,-0.6399065999999998,160.1750296,35,2.975662,1.7518778,0.575,9.849189450353665,33,239.312749795,16,60.992549804999996,17.695107300000004,35,87.95956247030803,55.318483868976934,35
Kansas,Topeka,Wichita,Llama-2-13b-hf,19,has_competitor,False,3.419344,2.740553,1.0,0.010526315789473684,-0.86450744,-8.048244,2.04833606,-0.4598746,164.40252689,35,2.9655424999999997,1.769587399999999,0.55,10.244067615224358,33,228.07012481200002,20,70.559658388,16.5566625,35,92.76734215691494,52.80680729597006,35
Kentucky,Frankfort,Louisville,Llama-2-13b-hf,20,has_competitor,True,3.581656,2.1188722,1.0,0.0005571030640668524,-1.0178053,-11.953971,1.2814931999999999,-1.0413479999999993,176.5546004,18,5.586685,5.044254499999999,0.8,3.6204729409984306,37,349.2100338,26,12.290515400000004,64.8056583,26,63.945089147509684,56.81414423519545,26
Kentucky,Frankfort,Louisville,Llama-2-13b-hf,20,has_competitor,False,2.5278172,2.4144502,1.0,0.0007616146230007616,-0.4670174,-11.273094,3.0691662,-0.8554410000000008,177.2054261,18,5.4707175999999995,4.891835,0.7,5.190259735139784,37,322.8722074,26,33.6379326,56.922553199999996,26,80.60735827798861,45.40421148863407,26
Louisiana,Baton Rouge,New Orleans,Llama-2-13b-hf,21,has_competitor,True,3.2934418,2.4609141,1.0,0.0038461538461538464,-0.80431104,-9.366288,1.57017426,-2.671272000000001,178.54126330000003,18,5.070755999999999,3.6889450000000004,0.7,6.952023183949183,35,281.51349044,20,21.265390559999993,70.54569349999998,27,54.8265211129577,55.89873049060702,27
Louisiana,Baton Rouge,New Orleans,Llama-2-13b-hf,21,has_competitor,False,2.2873569,1.5929117,1.0,0.0031446540880503146,-0.39677486,-10.304475,3.1773432400000003,-2.2938550000000006,166.0985611,18,5.325593,3.8982969999999995,0.675,8.48016738186223,34,283.8638183,20,36.904086899999996,65.65289940000001,22,70.93432160373331,53.64076542802173,27
Maine,Augusta,Portland,Llama-2-13b-hf,22,has_competitor,True,3.754117,2.4966724,1.0,0.0017482517482517483,-1.0447303,-10.395855,1.7085407,-2.1742919999999994,169.8329101,18,6.1856488,6.1856488,0.95,2.6195483490623515,37,310.62606433999997,37,43.84514046000001,56.59508769999999,5,69.28448836068989,61.07903192556697,37
Maine,Augusta,Portland,Llama-2-13b-hf,22,has_competitor,False,3.8208876,2.4637172,1.0,0.0016181229773462784,-1.020055,-10.4551,2.3757276999999997,-1.5687409999999993,168.5761838,18,5.6961601,5.6961601,0.95,2.5478321837755944,37,312.7948357,37,44.488625899999995,46.30375579999999,37,73.60672396127788,58.74406726815057,37
Maryland,Annapolis,Baltimore,Llama-2-13b-hf,23,has_competitor,True,3.6725616,2.3816109,1.0,0.0055248618784530384,-1.0433881,-9.156148,2.1064625,-2.9393044,173.4589542,18,6.201414,6.201414,0.725,8.079103278125864,31,271.80917825,27,78.69922695,39.77120740000001,8,85.57183451041561,66.10549201081238,35
Maryland,Annapolis,Baltimore,Llama-2-13b-hf,23,has_competitor,False,3.649612,1.6087804,1.0,0.009345794392523364,-0.96863353,-8.977735,2.68310747,-1.1660019999999989,169.33872689999998,18,4.343632,4.343632,0.7,9.176511989335186,31,268.00180134,15,86.91123335999998,21.3273116,27,90.91841563087577,57.8495797710226,35
Michigan,Lansing,Detroit,Llama-2-13b-hf,24,has_competitor,True,3.486413,0.8860115,1.0,0.013157894736842105,-1.0923294,-9.378608,1.5267764,-1.2657399999999992,163.0526913,18,3.4522383999999997,3.4522383999999997,0.725,6.586814994514242,38,230.95231586,20,110.53853583999998,14.4759572,35,125.00758420915434,80.14666780921489,35
Michigan,Lansing,Detroit,Llama-2-13b-hf,24,has_competitor,False,2.856772,0.75395954,1.0,0.02702702702702703,-0.6685644,-8.440555,2.6349963,0.6019839999999999,162.93277579,18,2.2423423,2.2423423,0.675,8.295448815245539,33,216.01223505000002,20,133.61726665,4.903975700000001,35,139.69342800284215,70.15696934448323,35
Minnesota,St. Paul,Minneapolis,Llama-2-13b-hf,25,has_competitor,True,3.5366187,1.9365304,1.0,0.017543859649122806,-1.4223866,-7.808468,2.0471049,0.9968519999999996,154.68250260000002,18,6.0210551,6.0210551,0.875,3.618635494472133,35,287.28820500000006,35,29.369834800000007,36.923260799999994,35,65.1885671752643,63.87755805293081,35
Minnesota,St. Paul,Minneapolis,Llama-2-13b-hf,25,has_competitor,False,3.6272826,1.3676978,1.0,0.017241379310344827,-1.5483758,-8.239528,2.1869879,1.2147249999999996,146.90148099,18,6.2061452,6.2061452,0.875,3.052236864130865,38,296.18170469999995,35,31.609503900000007,38.23118609999999,35,63.13627755330041,65.28086784627249,35
Montana,Helena,Billings,Llama-2-13b-hf,26,has_competitor,True,4.221198,2.4541795,1.0,0.00045167118337850043,-1.4156501,-12.049998,1.7654429000000003,-1.22382,174.0368158,18,2.4980089999999997,2.0837795000000003,0.625,6.484305264529609,33,303.65086619,20,69.15712641,25.382837100000003,24,96.65717106938736,47.087255605367105,33
Montana,Helena,Billings,Llama-2-13b-hf,26,has_competitor,False,3.7931397,2.3201637,1.0,0.0004428697962798937,-1.0363374,-12.0237665,2.7983675000000003,-0.7855305000000001,177.1113815,18,2.483945499999999,2.265320000000001,0.55,7.178493392760926,33,294.35861515,20,84.20772134999999,22.871735,24,101.10116377340779,39.112911161172605,24
Nebraska,Lincoln,Omaha,Llama-2-13b-hf,27,has_competitor,True,3.3382897,2.92269,1.0,0.002890173410404624,-0.8481482,-9.659514,2.239833,-0.32009799999999977,166.6737366,14,6.461329,5.755225999999999,0.975,3.1305076328794508,38,331.60279990000004,20,21.016599499999995,75.0260256,18,82.47753090392158,82.99479437095506,24
Nebraska,Lincoln,Omaha,Llama-2-13b-hf,27,has_competitor,False,3.480619,2.8402977,1.0,0.0019646365422396855,-0.9563797,-10.10054,1.6761293000000002,-0.9188170000000007,167.0174473,14,6.506425699999999,5.835029499999999,1.0,2.9862506627374286,38,337.6815207,20,11.3793005,82.3149124,18,80.8766111859175,92.64217115875313,24
Nevada,Carson City,Las Vegas,Llama-2-13b-hf,28,has_competitor,True,3.3318691,2.1324315,1.0,0.008695652173913044,-0.80849135,-8.82931,2.93299365,-0.10927699999999874,154.98212436999998,33,0.7252369999999999,0.7252369999999999,0.575,13.57335931496472,22,213.78220763299998,20,118.43336156699999,1.9666362000000008,33,145.38832294412927,51.10542070217768,33
Nevada,Carson City,Las Vegas,Llama-2-13b-hf,28,has_competitor,False,3.096304,2.4326491,1.0,0.010416666666666666,-0.6882552,-8.352277,3.5938282999999998,0.888833,153.64955408999998,15,0.5005569999999988,0.5005569999999988,0.35,14.20286178260348,22,212.079665473,22,141.48715552700003,0.5005569999999988,22,156.8159364200815,48.28660010861258,33
New Hampshire,Concord,Manchester,Llama-2-13b-hf,29,has_competitor,True,3.941502,2.5581732,1.0,0.0021141649048625794,-1.2108223,-10.226984,2.6275329999999997,0.751538,168.7099662,18,0.0,0.0,0.025,8.657704065406367,32,252.84746993999997,20,139.79688746,0.0,32,98.41013533266027,29.975375274623072,32
New Hampshire,Concord,Manchester,Llama-2-13b-hf,29,has_competitor,False,3.8434124,2.471157,1.0,0.002380952380952381,-1.1014047,-10.044015,2.6631755000000004,1.0477799999999995,167.2954635,18,0.0,0.0,0.025,8.096904284552716,33,253.32574362,20,137.82866897999997,0.0,22,97.80952381744505,34.038657561240186,32
New Jersey,Trenton,Newark,Llama-2-13b-hf,30,has_competitor,True,3.5355155,2.028561,1.0,0.0016778523489932886,-0.97862685,-10.756156,3.55115415,-4.444094700000001,156.1625083,18,7.1286416,7.1286416,0.725,8.457847861446275,35,279.06337513000005,22,44.14273347,86.30230610000001,27,83.59235677241477,59.53974069922806,35
New Jersey,Trenton,Newark,Llama-2-13b-hf,30,has_competitor,False,3.0824957,1.6142459,1.0,0.001594896331738437,-0.70281583,-11.09274,3.98287417,-4.060214499999999,155.92514314,18,6.675271700000001,6.675271700000001,0.725,9.393717250263208,34,268.31357042,22,50.54753208,74.6931616,22,94.17714062617227,60.78115268846867,22
New Mexico,Santa Fe,Albuquerque,Llama-2-13b-hf,31,has_competitor,True,3.0235257,1.6752566,1.0,0.017241379310344827,-0.66019535,-8.519205,2.56066605,0.590243000000001,166.97179949999997,18,5.135769,3.4940373000000005,0.5,8.649511792359114,31,256.50411376,20,53.05898544000002,48.309099200000006,20,86.04559956380011,56.44299112145414,24
New Mexico,Santa Fe,Albuquerque,Llama-2-13b-hf,31,has_competitor,False,3.1747572,0.9736082,1.0,0.011235955056179775,-0.73588055,-9.677341,2.37819395,0.023604999999999876,166.2406531,18,5.052187,3.5558330000000007,0.55,7.417385767817772,31,264.45663285,20,46.59439005,48.48360810000001,18,82.31531944297389,59.1248509367766,24
New York,Albany,New York,Llama-2-13b-hf,32,has_competitor,True,2.1304388,5.018505,1.0,0.07692307692307693,-0.36479497,-4.621252,2.90087803,-1.2772638,169.84591569999998,27,4.1607744,4.079536000000001,0.7,15.060261582980262,26,232.394177746,15,44.033294254,64.2217483,27,70.86768819488087,47.1401737975114,27
New York,Albany,New York,Llama-2-13b-hf,32,has_competitor,False,2.4927745,4.585278,1.0,0.06666666666666667,-0.43912745,-4.888153,3.38125135,-1.3342264999999998,158.15507054,9,4.219565000000001,3.645033999999999,0.675,15.888814205324621,25,226.357674036,15,62.009825864,55.3921055,27,80.76672137062025,44.11481434298629,27
North Carolina,Raleigh,Charlotte,Llama-2-13b-hf,33,has_competitor,True,4.1146517,1.4819852,1.0,0.01818181818181818,-1.410292,-8.187928,2.5252763,2.600821,165.1205813,18,1.0529936000000006,1.0529936000000006,0.7,8.283957587627066,33,212.11724699399997,20,144.24489120599998,2.616791000000001,7,126.13815963843965,59.981096954523565,35
North Carolina,Raleigh,Charlotte,Llama-2-13b-hf,33,has_competitor,False,3.8832965,1.4854746,1.0,0.01694915254237288,-1.1312923,-8.292801,2.8635741,2.112354999999999,170.60959739999998,18,1.9180979999999996,1.9180979999999996,0.725,8.864275404750426,32,207.70618679,20,141.48916420999998,7.4097079,7,125.25418251165907,64.2160233353725,35
North Dakota,Bismarck,Fargo,Llama-2-13b-hf,34,has_competitor,True,3.416146,1.5079923,1.0,0.047619047619047616,-0.97601867,-7.0243287,3.0752193299999995,2.1737093000000005,157.60818324999997,18,1.2119679999999997,1.2119679999999997,0.425,10.002768256146666,34,181.29761245999998,20,94.75168864,1.4284144999999997,15,77.2504691842659,22.000148654742368,34
North Dakota,Bismarck,Fargo,Llama-2-13b-hf,34,has_competitor,False,2.961113,1.7376223,1.0,0.041666666666666664,-0.698751,-6.953653,3.6181993,1.8532680000000008,160.335168355,18,0.87364,0.87364,0.425,10.491557542343612,31,181.67412006019998,20,89.1532165398,1.3237153,35,80.10747166156824,28.491776619951946,35
Oregon,Salem,Portland,Llama-2-13b-hf,35,has_competitor,True,4.0168667,1.4539857,1.0,0.0136986301369863,-1.4863377,-8.594036,1.5639227999999998,-0.53247,154.921426204,18,6.44380852,6.44380852,0.775,8.396482164510882,34,235.26918046499998,20,70.163437735,23.31328297,34,121.2994729091764,75.61727303035052,34
Oregon,Salem,Portland,Llama-2-13b-hf,35,has_competitor,False,3.723207,0.45792365,1.0,0.04,-1.1835792,-8.577336,2.6087808,1.8410879999999992,151.30884319999998,18,2.5424137,2.5424137,0.6,11.270820326828424,33,208.246230943,20,107.73308495699999,2.5424137,34,134.3929750486438,56.92067941423231,34
Pennsylvania,Harrisburg,Philadelphia,Llama-2-13b-hf,36,has_competitor,True,3.8552701,1.7126875,1.0,0.004878048780487805,-1.0314158,-9.770508,2.3315812,-1.5417480000000001,172.97971711000002,18,5.4300766000000005,5.4300766000000005,0.675,12.339509107335996,27,284.830684755,25,52.726250345,42.5120697,24,93.23218265727417,50.23697148591288,24
Pennsylvania,Harrisburg,Philadelphia,Llama-2-13b-hf,36,has_competitor,False,3.750451,0.8764177,1.0,0.0055248618784530384,-0.91132295,-10.410778,3.4685080500000005,-0.0205990000000007,165.82610687,18,4.048831,3.7061499999999996,0.65,13.285808689051512,26,276.76047954,20,87.54691195999999,30.535106600000013,24,115.87758211392303,43.85689775719509,24
South Dakota,Pierre,Sioux Falls,Llama-2-13b-hf,37,has_competitor,True,4.2589912,1.9353921,1.0,0.006622516556291391,-1.2967331,-9.358273,2.3823872,3.5021414999999987,174.91739289999998,18,2.737516000000001,2.46537,0.45,6.868378117776323,38,278.02512855,20,108.82138584999998,21.618331999999995,16,85.40636777440291,43.53415156337401,26
South Dakota,Pierre,Sioux Falls,Llama-2-13b-hf,37,has_competitor,False,3.5202575,2.0622153,1.0,0.005555555555555556,-0.78594697,-9.404597,2.49885833,3.6644499999999987,178.8152466,18,2.749981,2.2018189999999986,0.45,7.057894214999694,26,280.27728167,20,88.75813073,20.115851999999993,16,92.93529835975521,56.414932636774715,26
Texas,Austin,Houston,Llama-2-13b-hf,38,has_competitor,True,2.888671,3.3391757,1.0,0.09090909090909091,-0.5698689,-4.5737257,3.8663408,1.4730787000000003,155.4282146,11,0.0330130000000004,0.0330130000000004,0.35,18.961755296069732,20,201.26724967,15,128.00386923,0.0330130000000004,1,75.98251466926654,16.307257416780327,35
Texas,Austin,Houston,Llama-2-13b-hf,38,has_competitor,False,2.5691414,4.035551,1.0,0.08333333333333333,-0.44277287,-4.2294264,4.15941233,1.5939655999999998,146.86777461999998,11,0.13823750000000068,0.13823750000000068,0.35,19.48381017676743,20,195.215889914,15,144.440057486,0.13823750000000068,20,86.70869563639408,15.642753428711863,35
Vermont,Montpelier,Burlington,Llama-2-13b-hf,39,has_competitor,True,2.965804,0.5148958,1.0,0.002967359050445104,-0.711504,-12.440357,2.3066424999999997,0.12789199999999923,156.7023428,18,2.880067499999999,2.880067499999999,0.475,5.515395428789795,36,297.1849381,20,49.5756381,19.272307500000004,23,88.1491335158197,62.237461069068175,23
Vermont,Montpelier,Burlington,Llama-2-13b-hf,39,has_competitor,False,2.6878202,0.99077594,1.0,0.004032258064516129,-0.56416655,-10.796374,2.73012925,0.5241150000000001,160.80216724000002,18,2.349361,2.2524429999999995,0.425,7.853545392861406,34,279.55125245,20,56.019962449999994,15.4226585,23,86.91822974743721,56.653054386180315,23
Virginia,Richmond,Virginia Beach,Llama-2-13b-hf,40,has_competitor,True,4.2366085,3.4493237,1.0,0.019230769230769232,-1.2515376,-7.149416,2.5250377000000004,0.16681859999999915,175.5673729,18,2.5946992999999994,2.5946992999999994,0.725,5.098204840221678,38,287.9765926,20,35.00762499999999,24.8434613,18,45.28936086282656,30.663735811941546,36
Virginia,Richmond,Virginia Beach,Llama-2-13b-hf,40,has_competitor,False,4.0048146,3.7271829,1.0,0.02702702702702703,-1.0868013,-6.6793594,2.6553144,0.21482560000000017,175.87048860000002,19,2.5277350000000007,2.5277350000000007,0.675,6.447317604796343,38,280.0976955,20,35.500112900000005,25.6905459,18,47.4190619386252,30.41640213122404,36
Washington,Olympia,Seattle,Llama-2-13b-hf,41,has_competitor,True,2.345802,3.7563317,1.0,0.012345679012345678,-0.42521605,-7.8206224,3.74228795,-3.5950114000000006,139.80644522999998,23,6.1305141999999995,6.1305141999999995,0.675,13.872514738608443,26,258.046478931,25,97.503045769,44.14172659999999,16,97.36610091250625,53.03247930886746,25
Washington,Olympia,Seattle,Llama-2-13b-hf,41,has_competitor,False,2.5723453,3.782369,1.0,0.024390243902439025,-0.45994103,-6.969471,3.9649065699999997,-0.8533880000000007,148.31426962999998,23,3.6631979999999995,3.6631979999999995,0.65,14.56244636996271,25,243.550916272,25,110.42359842799999,23.113440200000003,16,101.98027205410156,45.13105784772868,25
Wisconsin,Madison,Milwaukee,Llama-2-13b-hf,42,has_competitor,True,3.1849613,2.4956825,1.0,0.00641025641025641,-0.79826975,-9.061499,3.15563105,0.8496490000000012,162.02213310000002,14,0.0,0.0,0.025,8.359791370100343,37,235.73011710999998,20,98.90162029,0.0,33,84.5022782347332,28.562948106424116,33
Wisconsin,Madison,Milwaukee,Llama-2-13b-hf,42,has_competitor,False,3.0840054,1.9726038,1.0,0.007246376811594203,-0.7227458,-9.032019,3.4772492,1.1666694999999994,160.37176316,18,0.0,0.0,0.025,9.204155303153108,33,230.31245092,20,110.88420098,0.0,33,90.2828776545023,26.25829615787976,33
Austria,Vienna,Graz,Llama-2-13b-hf,43,no_competitor,True,3.4027963,4.077482,1.0,0.02,-0.7816061,-7.0000973,3.9730636,2.8848506999999994,185.8184396,14,5.1798205,5.1798205,0.425,9.881995402022676,38,288.94430825,20,111.21668105,42.96555349999999,20,113.25670642817234,44.14665780432283,20
Austria,Vienna,Graz,Llama-2-13b-hf,43,no_competitor,False,2.7152393,4.4089823,1.0,0.027777777777777776,-0.5047661,-6.553747,5.3575829,3.306959,195.1677896,9,5.34858,5.34858,0.425,11.31590224981066,31,281.56874456,20,121.47754783999999,43.77683349999998,20,124.0826497443684,41.60440432492402,20
Egypt,Cairo,Alexandria,Llama-2-13b-hf,44,no_competitor,True,4.499857,3.4022079,1.0,0.015151515151515152,-1.757072,-7.4728603,2.111266,0.12048069999999989,179.87948520000003,14,0.0,0.0,0.025,10.633901465032231,29,217.89160470000002,16,177.4517522,0.0,28,114.11045861689286,35.62149640767367,33
Egypt,Cairo,Alexandria,Llama-2-13b-hf,44,no_competitor,False,4.486949,4.1487656,1.0,0.03333333333333333,-1.5350915,-6.3142643,2.218933,1.1276027000000006,186.00557600000002,14,0.0,0.0,0.025,11.861491920428977,29,202.21524031,16,190.25943858999997,0.0,28,120.32984617911058,35.804924044252715,33
France,Paris,Marseille,Llama-2-13b-hf,45,no_competitor,True,3.600553,3.1255875,1.0,0.3333333333333333,-1.0073042,-2.2509093,2.992609,7.934023699999999,161.61423754,14,0.04007600000000089,0.0,0.15,17.16316400045038,20,209.41220146999999,15,210.81918302999995,0.04007600000000089,12,76.71627743552803,19.873762765753902,23
France,Paris,Marseille,Llama-2-13b-hf,45,no_competitor,False,3.160528,3.408712,1.0,1.0,-0.72497404,-1.4216955,4.45701226,8.4516765,160.73281676,14,0.06611299999999964,0.0,0.15,20.255738016280883,20,196.721899074,15,227.63400162599996,0.06611299999999964,15,88.0486282021056,12.107162034477758,23
Germany,Berlin,Hamburg,Llama-2-13b-hf,46,no_competitor,True,3.8491707,1.8931954,1.0,0.14285714285714285,-1.142884,-4.6638956,3.773881,4.234499400000001,155.4214599,14,0.0,0.0,0.025,12.627000947966469,22,250.20100098,15,149.49157911999998,0.0,15,79.91189131839586,6.282725677572484,22
Germany,Berlin,Hamburg,Llama-2-13b-hf,46,no_competitor,False,3.409514,2.135259,1.0,0.16666666666666666,-0.8744904,-3.881003,5.2883032,5.341324,152.2773609,14,0.0,0.0,0.025,14.204317113513106,22,239.49455733000002,15,191.26927197000003,0.0,15,95.03073472206408,7.061372097952938,22
Italy,Rome,Milan,Llama-2-13b-hf,47,no_competitor,True,2.8640301,3.9467,1.0,0.1,-0.68845314,-4.900703,4.9900398599999995,5.634677999999999,169.2904609,14,0.0,0.0,0.025,13.327552890147924,21,223.00049618999998,15,197.55045831,0.0,12,72.72271405478585,11.811506570474021,21
Italy,Rome,Milan,Llama-2-13b-hf,47,no_competitor,False,2.5501175,3.7806926,1.0,0.125,-0.5648056,-4.346939,5.9825257,6.418215000000001,163.8039304,14,0.0,0.0,0.025,14.385752483093796,21,216.81625972999998,15,220.10131106999998,0.0,12,82.33315367118706,9.42593459047035,21
Japan,Tokyo,Yokohama,Llama-2-13b-hf,48,no_competitor,True,3.6377048,2.9703825,1.0,0.3333333333333333,-1.0955691,-1.6409645,4.6692477,8.0153885,139.48936182,14,4.595751,2.6026299999999996,0.425,17.545753090671205,16,212.87989582799997,15,180.53050377199997,39.519974,15,132.4021259012539,49.55125857147101,26
Japan,Tokyo,Yokohama,Llama-2-13b-hf,48,no_competitor,False,2.93976,2.9750118,1.0,1.0,-0.633492,-0.8524254,5.376888299999999,8.6720846,136.527895387,14,4.646540499999999,2.7994149999999998,0.425,21.419263001667307,16,200.7523208185,15,200.90388618149998,42.00930119999999,15,150.93957253270622,53.621872892442475,26
Korea,Seoul,Busan,Llama-2-13b-hf,49,no_competitor,True,4.342959,3.015329,1.0,0.006711409395973154,-1.4009026,-8.619093,3.4937230999999995,4.326314,176.85168529999999,14,0.0,0.0,0.025,7.984275921976815,34,252.14583313,20,172.94396087,0.0,7,103.06344218332147,31.295225162047064,34
Korea,Seoul,Busan,Llama-2-13b-hf,49,no_competitor,False,4.0667286,4.123661,1.0,0.010638297872340425,-1.0733545,-7.4059978,4.4015858,4.806051699999999,183.60736045,34,0.0,0.0,0.025,11.236365580696884,30,231.29601114500002,20,204.85897035499994,0.0,7,127.3919613681496,25.998643100856473,34
Russia,Moscow,Saint Petersburg,Llama-2-13b-hf,50,no_competitor,True,3.690726,1.6003668,1.0,0.05263157894736842,-1.0498624,-7.2120066,2.1812525000000003,3.163790400000001,169.1766075,14,1.7431420000000006,1.7431420000000006,0.425,9.32196609590104,38,261.20766605,15,103.89221225,6.539972499999999,15,77.29739451602042,32.322910608929476,19
Russia,Moscow,Saint Petersburg,Llama-2-13b-hf,50,no_competitor,False,3.2053227,1.8339007,1.0,0.1,-0.7272601,-5.686438,2.8012133,4.064742,163.43230739999998,14,2.0041840000000004,2.0041840000000004,0.425,12.960656978158362,31,246.697245,15,122.1903757,7.2901679999999995,15,85.83126783484417,29.787541227179062,15
Spain,Madrid,Barcelona,Llama-2-13b-hf,51,no_competitor,True,3.799461,2.5291424,1.0,0.16666666666666666,-1.1725637,-4.877267,2.5213707,1.8088387,147.85290364999997,14,2.3841789999999996,0.5459340000000008,0.375,14.565749877295977,38,247.261580185,15,103.46726811500001,17.070787,23,56.25254734115034,7.971906291155015,23
Spain,Madrid,Barcelona,Llama-2-13b-hf,51,no_competitor,False,3.0573082,3.2905326,1.0,0.16666666666666666,-0.7288398,-4.0294304,3.7656728,2.6202940999999997,150.07904494000002,14,2.3843859999999992,0.6911609999999992,0.375,16.41654234813288,20,234.96090474,15,131.17815816,17.731043999999997,15,70.97884536591283,7.363617074207383,23
Sweden,Stockholm,Gothenburg,Llama-2-13b-hf,52,no_competitor,True,4.1704416,2.4958127,1.0,0.1,-1.3911567,-5.0656896,2.5903862999999996,6.6893974,155.9215378,14,0.0,0.0,0.025,12.679197459966542,38,253.12566876,15,193.56808434,0.0,15,84.2604969798385,17.68722485242383,20
Sweden,Stockholm,Gothenburg,Llama-2-13b-hf,52,no_competitor,False,2.5601506,4.4505033,1.0,0.2,-0.47459427,-2.8807185,5.73453603,8.5985155,148.19886248,20,0.0,0.0,0.025,16.319287314649138,20,222.124799075,15,263.039467825,0.0,15,120.2326659988629,9.257199218841652,20
United Kingdom,London,Birmingham,Llama-2-13b-hf,53,no_competitor,True,3.2262232,1.5530865,1.0,0.5,-0.80152327,-2.115845,4.259876230000001,7.002394000000001,140.89867727,14,2.8576070000000007,2.6628060000000007,0.425,19.855179851655386,21,174.32342188,15,143.10106272000002,26.745849800000006,15,101.71967939631101,46.900865256071995,15
United Kingdom,London,Birmingham,Llama-2-13b-hf,53,no_competitor,False,2.758358,2.223247,1.0,1.0,-0.55214816,-0.57504416,5.48003384,8.668142840000002,136.82492689999998,14,2.850669999999999,2.8145310000000006,0.425,22.71827761097219,16,157.44258060600004,15,174.909687194,27.454527,15,120.3300058313727,40.55731139226725,15
Arizona,Phoenix,Tucson,Llama-2-13b-hf,54,no_competitor,True,2.9286532,2.192238,1.0,0.03125,-0.6286885,-7.325261,3.3861435,3.2050779999999994,161.43906710000002,14,5.35126,5.35126,0.5,7.899783221188592,38,267.26118676,15,78.92351184,55.5925832,15,102.22865325259194,64.23900247153021,21
Arizona,Phoenix,Tucson,Llama-2-13b-hf,54,no_competitor,False,2.455743,2.016616,1.0,0.030303030303030304,-0.45383006,-7.3453803,4.05920624,3.1815366999999988,158.3850657,18,5.316203,5.316203,0.425,10.522630765375173,25,259.21479723,15,91.23900766999999,55.8975398,15,110.62123120053795,65.30056214135095,21
Colorado,Denver,Colorado Springs,Llama-2-13b-hf,55,no_competitor,True,3.8869255,2.8758855,1.0,0.038461538461538464,-1.2360351,-6.674614,3.4988749,0.34766669999999955,161.2736361,14,1.6306392,1.6306392,0.575,12.206044118788315,22,221.46033495999998,20,65.18933034,2.9568594,4,56.64751677497474,22.91595141474256,33
Colorado,Denver,Colorado Springs,Llama-2-13b-hf,55,no_competitor,False,3.2326639,3.4965873,1.0,0.0625,-0.7664396,-5.5875406,4.3251017,1.3591099,161.9696283,22,0.7893399999999993,0.7893399999999993,0.45,15.224245953360974,20,203.34745055000002,20,87.51759045000001,1.1661594999999991,4,68.82837758954877,20.614537966817498,33
Georgia,Atlanta,Augusta,Llama-2-13b-hf,56,no_competitor,True,3.2268686,2.339709,1.0,0.08333333333333333,-0.7405411,-5.318787,3.5304639,5.597476,161.7550832,20,4.300229999999999,3.6479339999999993,0.425,15.43190093222139,20,225.242846246,15,173.68227935399997,34.055397,20,114.6497829245487,58.65752029524027,20
Georgia,Atlanta,Augusta,Llama-2-13b-hf,56,no_competitor,False,2.71693,3.2242074,1.0,0.16666666666666666,-0.5174443,-3.5581932,4.3311777,6.849327799999999,157.64330546999997,20,4.2954975,3.8021213000000005,0.4,18.872336056511273,20,207.285555148,15,199.89715585200003,35.35048769999999,20,126.1183531063036,58.82776488229387,20
Hawaii,Honolulu,Hilo,Llama-2-13b-hf,57,no_competitor,True,4.490941,3.2261333,1.0,0.01020408163265306,-1.7836106,-8.040852,2.5182339999999996,-0.7773421999999997,167.8842451,14,4.031898,1.7811389000000002,0.6,10.453042962924275,27,271.50585237999996,20,57.86404872,38.36561610000001,27,82.80607275302826,53.60997365699609,27
Hawaii,Honolulu,Hilo,Llama-2-13b-hf,57,no_competitor,False,4.184904,3.225635,1.0,0.014925373134328358,-1.319001,-7.4343376,3.3020775,-0.032695300000000316,166.4673056,27,4.022407000000001,1.224048999999999,0.6,10.825236334673708,27,258.86070917,20,74.41331582999999,34.102618899999996,27,94.1015471345012,51.09236120613865,27
Idaho,Boise,Meridian,Llama-2-13b-hf,58,no_competitor,True,3.7686703,2.6182733,1.0,0.0005117707267144319,-1.0986893,-11.676199,3.4413697,1.3038879999999988,171.67986150000002,18,2.2404379999999993,2.2404379999999993,0.425,5.891852823891822,34,311.08549897,20,102.92386203,16.508345000000006,15,113.29934926079646,47.136367515622375,35
Idaho,Boise,Meridian,Llama-2-13b-hf,58,no_competitor,False,3.350287,2.755512,1.0,0.0006067961165048543,-0.82073784,-11.3315735,3.71702866,1.8651485,173.45625599999997,35,2.0953429999999997,2.0953429999999997,0.425,6.663981856182354,34,297.93621726999993,20,123.35091652999999,15.9488405,15,132.703166573459,52.8130188142099,35
Massachusetts,Boston,Worcester,Llama-2-13b-hf,59,no_competitor,True,3.283833,3.6865497,1.0,0.08333333333333333,-0.8367742,-4.3467646,1.6958140000000002,6.268367399999999,157.00646079999999,14,0.3645329999999998,0.3645329999999998,0.35,18.414104807912082,20,210.68416847999998,15,139.69548482000002,0.7114215000000002,31,101.59584930013453,58.288651561761675,31
Massachusetts,Boston,Worcester,Llama-2-13b-hf,59,no_competitor,False,2.497167,4.5181847,1.0,0.5,-0.44820184,-2.9267662,3.1295757600000003,8.0186378,150.32357935000002,20,0.6260965000000009,0.6260965000000009,0.35,19.924174117486587,20,197.595058217,15,193.03509608299998,1.4578795000000024,15,135.37321616747911,58.95809486544769,31
Ohio,Columbus,Cleveland,Llama-2-13b-hf,60,no_competitor,True,3.9184122,2.4475534,1.0,0.006802721088435374,-1.0361935,-9.013303,2.7339877,-0.4328990000000008,174.314212,18,4.742314,4.742314,0.575,8.265797374028985,21,301.76405046,20,80.84383964,41.31949229999999,21,56.68399501987491,25.664646690909226,21
Ohio,Columbus,Cleveland,Llama-2-13b-hf,60,no_competitor,False,3.6176622,3.719501,1.0,0.006493506493506494,-0.79761225,-8.394876,3.2305030499999994,-0.7100863000000004,179.1482694,21,4.7577,4.7577,0.55,10.683969570241583,21,292.84799059,20,88.37105350999997,43.116299600000005,21,59.78037077617596,20.999714475023282,21
Rhode Island,Providence,Warwick,Llama-2-13b-hf,61,no_competitor,True,3.9903986,2.6931553,1.0,0.012658227848101266,-1.3667746,-7.969177,2.9105280999999996,5.665849,171.6118046,18,0.9864669999999993,0.0,0.05,7.313249988538353,35,267.5329224,20,127.17467569999998,0.9864669999999993,35,78.22443052804026,28.175093208142314,35
Rhode Island,Providence,Warwick,Llama-2-13b-hf,61,no_competitor,False,3.7290392,3.4938543,1.0,0.013333333333333334,-1.0229853,-7.4203877,3.5851242,5.8419763,179.8442495,19,0.9902200000000008,0.0,0.05,7.59857461869637,35,257.9641501,20,148.0469101,0.9902200000000008,35,83.68839323470783,20.989833652152086,35
Tennessee,Nashville,Memphis,Llama-2-13b-hf,62,no_competitor,True,3.6925015,1.6073763,1.0,0.05263157894736842,-0.99666846,-6.8205557,3.7707642399999997,2.146776300000001,167.6896938,18,6.800557,6.800557,0.5,11.185086253052566,20,247.50275039,20,81.38074931,57.94523630000001,15,111.35920641786757,55.39388913282256,22
Tennessee,Nashville,Memphis,Llama-2-13b-hf,62,no_competitor,False,3.7371998,1.512065,1.0,0.047619047619047616,-1.0127274,-6.9682674,3.5350456,1.8442556000000003,169.7398637,18,6.639248,6.639248,0.5,9.017487269933685,20,252.04368153,15,71.56462096999999,58.934318499999996,15,108.96826657309072,58.73952421720273,22
Australia,Canberra,Sydney,Llama-2-7b-hf,1,has_competitor,True,3.4775224,4.4357405,1.0,0.020833333333333332,-1.8352624,-6.6929407,1.2700423,1.2914772999999995,117.81463292000001,11,3.0401591999999997,3.0401591999999997,0.71875,10.49647496441997,21,181.36354589500002,19,57.937623505,9.764532200000003,26,81.17805514024256,42.634809465794,26
Australia,Canberra,Sydney,Llama-2-7b-hf,1,has_competitor,False,3.5153916,3.560275,0.5,0.011111111111111112,-1.9027028,-7.6217546,1.8234511,0.6269693999999992,116.91645278,11,1.8310110000000002,1.8310110000000002,0.6875,9.510640665194536,22,184.46231034,19,66.00678445999999,6.855446199999999,26,85.781418902649,36.19574195027854,26
Brazil,Brasilia,Rio de Janeiro,Llama-2-7b-hf,2,has_competitor,True,3.7297883,4.0670753,1.0,0.000111185234600845,-1.9162973,-13.34562,1.3359624,-5.4560564000000005,133.6187933,11,6.269860999999999,6.269860999999999,1.0,8.106593135191511,30,305.86977886,18,9.52260984,86.54256289999998,19,38.425435876260245,41.47966583772161,23
Brazil,Brasilia,Rio de Janeiro,Llama-2-7b-hf,2,has_competitor,False,3.8187537,3.620189,0.5,9.94431185361973e-05,-2.0276914,-13.854561,1.4718904,-5.495075,141.4737914,23,6.146432000000001,6.146432000000001,1.0,5.965435938585887,23,308.90582556,18,9.09609184,85.33560059999999,23,39.34430123700747,38.75198645536217,23
Canada,Ottawa,Toronto,Llama-2-7b-hf,3,has_competitor,True,3.5818431,3.8573325,1.0,0.00030873726458783575,-1.6020274,-11.553773,2.0163975999999995,-2.7355730000000005,112.503744375,11,2.7355730000000005,2.7355730000000005,0.59375,11.315388485352305,19,225.350590934,19,61.432902266,21.4003875,20,72.70920505207074,20.909119571268022,22
Canada,Ottawa,Toronto,Llama-2-7b-hf,3,has_competitor,False,3.6637836,4.063472,1.0,0.0003732736095558044,-1.5814456,-11.153769,2.2040606,-2.1683510000000012,111.780495216,11,2.1683510000000012,2.1683510000000012,0.59375,11.352800520559466,19,222.931270273,19,67.863405627,19.4167847,20,75.80362194929357,19.09287257359927,22
India,New Delhi,Mumbai,Llama-2-7b-hf,4,has_competitor,True,3.3654985,5.509718,1.0,0.006578947368421052,-1.3824403,-7.390074,3.6994157000000003,-1.504372,133.3720605,11,1.504372,1.504372,0.59375,9.397202775277865,21,171.974839,21,58.76101040000001,7.4067276999999985,17,78.25254199130823,36.39680083584829,26
India,New Delhi,Mumbai,Llama-2-7b-hf,4,has_competitor,False,3.3874297,5.0457726,1.0,0.0049504950495049506,-1.2172354,-7.8643427,4.0878441,-1.7064833999999998,130.1880724,11,1.7064833999999998,1.7064833999999998,0.59375,10.086513551410956,21,170.91815399,21,63.39090060999999,8.681605099999999,18,79.24294564255024,32.10812521129614,26
Morrocco,Rabat,Marrakesh,Llama-2-7b-hf,5,has_competitor,True,4.0499005,4.5399437,1.0,0.00011403808872163302,-1.6218963,-13.130409,1.7700367,-5.212797,129.1078419,11,6.321605,6.321605,1.0,6.14980888500605,30,298.6601297,21,17.6479192,83.72560999999999,15,42.663013715349,56.11577753027831,21
Morrocco,Rabat,Marrakesh,Llama-2-7b-hf,5,has_competitor,False,3.6784906,3.9704025,1.0,0.00012023566189731875,-1.2523713,-13.071432,3.2742414999999996,-4.825388,113.79559511,11,6.269435,6.269435,0.5625,8.536917831685145,30,289.21781412,21,48.121569580000006,81.7920345,15,60.85406709464072,43.956531600522545,21
New Zealand,Wellington,Auckland,Llama-2-7b-hf,6,has_competitor,True,3.915836,3.947035,0.5,0.00023832221163012392,-2.4719272,-12.073591,0.9733418,-4.015614000000001,109.56221980800001,22,7.355357000000001,7.355357000000001,0.65625,9.578438136845197,22,235.560008552,1,40.480146448,62.559220999999994,20,85.14208779420325,66.57943218435246,20
New Zealand,Wellington,Auckland,Llama-2-7b-hf,6,has_competitor,False,3.8420753,4.15932,0.5,0.0002818489289740699,-2.0960524,-11.614804,1.9266393000000002,-3.5419140000000002,106.49588983999999,22,7.567387000000001,7.567387000000001,0.65625,10.579928640272561,20,231.49216398,20,55.46533091999999,59.4854565,20,100.23497995025048,64.81284264574612,20
Pakistan,Islamabad,Karachi,Llama-2-7b-hf,7,has_competitor,True,2.9991903,4.270944,1.0,0.00044365572315882877,-0.84687084,-10.793901,3.3889521599999997,-0.1961510000000004,150.1193299,17,1.7706786999999995,1.7706786999999995,0.71875,7.603472381185936,23,238.84332609999998,19,48.248130700000004,5.724106700000002,21,56.69721850930149,29.23921034873069,18
Pakistan,Islamabad,Karachi,Llama-2-7b-hf,7,has_competitor,False,2.993109,4.348604,1.0,0.0004170141784820684,-0.8154835,-10.839951,3.8851319,-0.2984409999999986,153.66793819999998,11,1.4046280000000007,1.4046280000000007,0.71875,8.119834919817553,23,236.27275786,19,53.763025039999995,4.1457935,21,56.15283725417394,23.54397905451905,21
South Africa,Pretoria,Johannesburg,Llama-2-7b-hf,8,has_competitor,True,3.7973106,4.143122,0.5,0.038461538461538464,-1.9702097,-5.970278,2.4751183,6.216835,127.8298195,11,8.403609999999999,8.403609999999999,0.84375,6.792319359999214,25,185.89975639,21,116.94262321000001,29.68959318,21,111.51858978313336,73.86850461228741,27
South Africa,Pretoria,Johannesburg,Llama-2-7b-hf,8,has_competitor,False,3.8120112,3.9981706,0.5,0.034482758620689655,-2.0717523,-6.227542,2.6159432000000002,6.417379,133.5474162,11,7.497974559999999,7.497974559999999,0.84375,6.861869878722076,25,183.13114328,21,120.19623642,24.66697672,21,109.51455248644935,67.57635051611564,27
Switzerland,Bern,Zurich,Llama-2-7b-hf,9,has_competitor,True,3.866003,4.0306463,1.0,0.00027359781121751026,-1.6498618,-11.62568,1.6231412,1.0638340000000017,140.2674108,11,2.8512034999999996,2.8512034999999996,0.75,8.083543644897055,24,252.74160505,19,68.41318125000001,15.5616161,24,51.77092390773065,31.18751037701408,24
Switzerland,Bern,Zurich,Llama-2-7b-hf,9,has_competitor,False,3.7436538,3.7264304,1.0,0.0003257328990228013,-1.5520027,-11.425002,2.4231032999999997,1.434883000000001,134.11607,11,2.736892000000001,2.1304713,0.6875,10.281120280226197,21,243.6135901,19,82.6213048,11.781656900000002,24,60.09756724157251,29.065730632805664,24
Turkey,Ankara,Istanbul,Llama-2-7b-hf,10,has_competitor,True,3.749739,4.0998554,0.5,0.0020491803278688526,-2.2295403,-9.133879,1.3048687,3.473466,128.4433194,23,2.68799972,2.68799972,0.8125,7.4003581971964065,24,200.42482503999997,21,100.41113846,9.39363872,24,90.09878148461215,56.11091976881263,27
Turkey,Ankara,Istanbul,Llama-2-7b-hf,10,has_competitor,False,3.787896,3.131182,0.5,0.002380952380952381,-2.143267,-9.325968,2.035653,4.006542,129.21626170000002,23,0.3584119999999995,0.3584119999999995,0.78125,8.465819728480632,23,193.50445608,21,116.66510951999999,0.6239835999999999,24,88.10391365629017,37.05297694382579,27
United Arab Emirates,Abu Dhabi,Dubai,Llama-2-7b-hf,11,has_competitor,True,3.274166,3.9464524,1.0,0.004,-1.3008937,-8.259803,2.8769892999999995,0.2868680000000001,117.65071578000001,22,3.0398723,3.0398723,0.71875,10.768411008525076,21,191.84102286499999,16,82.38734883499998,11.9207991,11,69.4193794336427,35.88867674432702,27
United Arab Emirates,Abu Dhabi,Dubai,Llama-2-7b-hf,11,has_competitor,False,3.0658555,3.8983412,1.0,0.005714285714285714,-1.1698198,-7.920984,3.5107675,1.0569510000000006,115.80382695,22,2.4161378,2.4161378,0.6875,10.98694638288309,21,186.793580446,16,93.092970654,6.9257842,11,74.46610587314143,31.769060010612726,27
Alabama,Montgomery,Birmingham,Llama-2-7b-hf,12,has_competitor,True,3.473931,3.1659522,1.0,0.000493339911198816,-1.6794181,-11.4075365,1.9842262000000002,-5.609931500000001,126.28052836999998,9,5.626779399999999,5.626779399999999,0.75,7.76833253826587,25,239.31147950000002,20,23.4208176,74.68221100000001,20,78.0536323842783,70.90497766124773,20
Alabama,Montgomery,Birmingham,Llama-2-7b-hf,12,has_competitor,False,3.6079054,3.2674608,1.0,0.0004833252779120348,-1.8420545,-11.392593,2.3100709000000004,-5.4526509999999995,126.26611005999999,9,6.0520004,6.0520004,0.75,7.456684062710396,25,239.16407773999998,20,30.19132156,71.83846969999999,20,84.05309415063088,66.64980722182833,20
Alaska,Juneau,Anchorage,Llama-2-7b-hf,13,has_competitor,True,3.4116342,3.411461,1.0,0.0010976948408342481,-1.3726205,-10.2143545,2.4637557,-0.479924500000001,121.4563506,11,6.6925962199999995,6.6925962199999995,0.84375,5.503341689758819,27,253.76277525,24,9.44226905,53.92033861999999,24,58.86809688750788,67.15857767741838,24
Alaska,Juneau,Anchorage,Llama-2-7b-hf,13,has_competitor,False,3.5186193,2.8474941,1.0,0.0012738853503184713,-1.3740976,-10.242328,2.6687958,-0.27268700000000123,120.7955429,23,6.20816144,6.20816144,0.8125,7.151198400929127,24,252.11638167,24,13.15501903,48.08922704,24,68.80315002439012,68.02654856909942,24
California,Sacramento,Los Angeles,Llama-2-7b-hf,14,has_competitor,True,3.567258,4.204548,1.0,0.00042140750105351877,-1.3194386,-11.001528,3.1372344000000005,-5.295869000000001,121.84635568000002,20,5.532164,5.295869000000001,0.6875,9.588069547104517,20,246.67297748399997,19,57.07922581599999,60.256728599999995,20,75.58973250936587,30.823416944692042,20
California,Sacramento,Los Angeles,Llama-2-7b-hf,14,has_competitor,False,3.417872,3.0707371,1.0,0.0006406149903907751,-1.3092815,-10.969583,3.8744419,-4.6684184,111.536448524,20,5.496931,4.774952,0.65625,9.091945172725726,20,251.70641686300002,19,67.839865737,56.429945999999994,20,81.92325120854017,27.24686479855784,20
Connecticut,Hartford,Bridgeport,Llama-2-7b-hf,15,has_competitor,True,3.5069456,2.3389482,1.0,8.775778850372971e-05,-1.1881973,-15.195071,2.5663907999999998,-2.0560039999999997,114.40416479,9,3.7994144999999993,3.5439120000000006,0.5625,9.8735218675709,20,278.22566697400003,19,73.78406042599998,26.735365,20,73.23183060975916,40.09009111225373,20
Connecticut,Hartford,Bridgeport,Llama-2-7b-hf,15,has_competitor,False,3.191121,3.2413244,1.0,8.972633467922836e-05,-0.9128218,-14.237233,3.7982462,-1.6873729999999991,115.12123363,9,3.668635,3.308928,0.5625,10.641728558723056,20,269.316288589,19,90.370830411,25.081925499999997,20,81.14390220019501,33.286026240956225,20
Delaware,Dover,Wilmington,Llama-2-7b-hf,16,has_competitor,True,4.230468,2.3360896,0.1,0.010309278350515464,-3.3086758,-8.023868,-0.028131500000000198,3.8466000000000005,123.22275457,9,3.0046557000000003,3.0046557000000003,1.0,8.130053693904355,23,186.246003,21,93.07766460000002,4.176608,23,103.55654981633364,57.97900165817839,23
Delaware,Dover,Wilmington,Llama-2-7b-hf,16,has_competitor,False,4.192305,2.6051004,0.16666666666666666,0.020833333333333332,-2.9156022,-7.138307,1.6015338,4.971608000000001,118.0448296,9,0.0,0.0,0.03125,8.78425180987441,23,175.01524956999998,21,130.16554703,0.0,23,117.07546774615413,46.45723587372233,23
Florida,Tallahassee,Jacksonville,Llama-2-7b-hf,17,has_competitor,True,3.8001227,4.1715174,1.0,0.02564102564102564,-1.8982232,-6.421889,1.9709033999999999,6.911279,125.21193857,17,1.5715415000000004,1.5715415000000004,0.75,8.35007358800513,23,198.191446751,21,107.26526474900002,2.7302917,28,122.75952964082164,55.10181564518007,28
Florida,Tallahassee,Jacksonville,Llama-2-7b-hf,17,has_competitor,False,3.830893,4.380799,1.0,0.02127659574468085,-1.8889558,-6.6539907,2.1852229000000003,6.7108583,130.32841607,27,0.9993050000000006,0.9993050000000006,0.71875,8.408491624726404,23,195.80843319960002,21,109.0452396004,1.3877130000000006,28,124.22031471215598,52.899705187821645,28
Illinois,Springfield,Chicago,Llama-2-7b-hf,18,has_competitor,True,3.6541474,3.8454442,0.3333333333333333,0.00029895366218236175,-2.2008533,-11.565816,-0.02063360000000003,-2.419625999999999,124.78514756,9,6.173525,6.173525,1.0,6.756239457852592,23,267.83177926999997,19,22.481575230000004,49.49366880000001,21,72.68058864848415,68.07507569183159,21
Illinois,Springfield,Chicago,Llama-2-7b-hf,18,has_competitor,False,3.6949143,2.2414408,1.0,0.0002710761724044456,-1.9872555,-12.678292,0.9046622,-2.3374300000000012,119.18888212000002,9,4.800567000000001,4.800567000000001,0.6875,6.37416664894849,30,274.06255015,19,40.638487749999996,37.736251,21,87.04458347046194,57.729740939253254,21
Kansas,Topeka,Wichita,Llama-2-7b-hf,19,has_competitor,True,3.781962,2.9558287,0.2,0.0033444816053511705,-2.654347,-9.334998,0.7931165,-2.3186926000000003,120.29148714,18,3.0222455000000013,3.0222455000000013,0.6875,6.431373043611302,23,217.21397466000002,19,20.817052040000004,33.83368060000001,20,47.158616836951275,40.38497870282446,20
Kansas,Topeka,Wichita,Llama-2-7b-hf,19,has_competitor,False,3.7678094,2.562435,0.2,0.004,-2.5864158,-9.34911,0.9450721999999998,-1.9987559999999993,120.76797126,9,3.0085864000000004,3.0085864000000004,0.6875,6.528549315930027,23,216.75727362,19,21.47756938,30.933310900000002,20,48.22908959585455,37.86794421170064,20
Kentucky,Frankfort,Louisville,Llama-2-7b-hf,20,has_competitor,True,3.6021202,3.4846292,1.0,0.00847457627118644,-1.6674856,-7.917859,1.0375663999999998,2.1995310000000003,124.19429504,11,1.2581980000000001,1.13671115,0.78125,9.524296035654142,21,207.89209319,19,51.35226571000001,3.6995778500000007,0,63.20188021882568,36.511575639475346,29
Kentucky,Frankfort,Louisville,Llama-2-7b-hf,20,has_competitor,False,3.5124066,2.4488716,1.0,0.0064516129032258064,-1.4757055,-8.87013,1.7807742,2.472734000000001,119.60978816,11,1.2658459999999998,0.0,0.28125,10.388957292654387,21,206.14809246,19,74.33777813999998,1.9669100000000004,0,70.63554284752068,27.251560421097288,24
Louisiana,Baton Rouge,New Orleans,Llama-2-7b-hf,21,has_competitor,True,3.8420377,3.37141,1.0,0.0011337868480725624,-1.6909047,-10.176021,1.2671117,-2.0520949999999996,117.5804495,9,4.814728999999999,4.163757,1.0,10.401420685625936,20,211.921955296,19,29.026302803999997,54.65063790000001,20,73.51961987025052,65.70447833958988,20
Louisiana,Baton Rouge,New Orleans,Llama-2-7b-hf,21,has_competitor,False,3.6825085,3.3390021,1.0,0.0014347202295552368,-1.6137478,-9.995942,2.2234621999999997,-1.600479,113.52153906,11,4.776047999999999,3.707639499999999,0.6875,10.651349114697236,20,209.83213819899998,19,43.060499801000006,50.001408799999986,20,76.05895236231326,55.30656659467938,20
Maine,Augusta,Portland,Llama-2-7b-hf,22,has_competitor,True,3.1559002,3.4850857,1.0,0.0010162601626016261,-0.9199152,-10.212062,2.6037808,-1.4463289999999986,139.67349160000003,11,6.653179699999999,6.653179699999999,0.8125,3.9151640761060644,28,244.11202479999997,24,33.3773415,37.846139099999995,24,70.51143643660536,55.4742138821935,24
Maine,Augusta,Portland,Llama-2-7b-hf,22,has_competitor,False,2.632718,3.1135552,1.0,0.0012062726176115801,-0.63963974,-10.176933,3.4434862600000002,-0.6461450000000006,131.9850821,9,4.681862699999999,4.681862699999999,0.8125,6.640667346730158,25,232.17834258,24,45.627941320000005,24.666528699999997,24,78.1745197453449,45.40250053731877,24
Maryland,Annapolis,Baltimore,Llama-2-7b-hf,23,has_competitor,True,3.5301733,3.1006577,1.0,0.00024295432458697764,-1.8756373,-12.330793,0.3300495000000001,-0.6701259999999998,121.29621254,25,5.9227392000000005,5.9227392000000005,0.8125,7.277283973663943,25,250.02772309,19,33.95845611,36.10688420000001,25,76.58640272263185,50.17539898633592,25
Maryland,Annapolis,Baltimore,Llama-2-7b-hf,23,has_competitor,False,3.5858393,2.7151897,1.0,0.00026096033402922753,-1.738595,-12.535734,1.0094748000000002,-0.6510940000000005,123.8026117,25,5.0934466,5.0934466,0.71875,8.127635642906613,23,245.00895972,20,40.065296180000004,30.179122800000002,25,76.27188962063941,43.84304855565551,25
Michigan,Lansing,Detroit,Llama-2-7b-hf,24,has_competitor,True,3.608852,3.0855103,0.5,0.014705882352941176,-2.0603652,-7.574656,0.5620995,2.6348340000000006,113.47428192,9,4.912507199999999,4.912507199999999,0.71875,8.000334780380703,23,192.70674950400002,21,78.375909396,8.246707599999999,21,117.8496079097855,55.38651170631236,27
Michigan,Lansing,Detroit,Llama-2-7b-hf,24,has_competitor,False,3.5918832,2.9460092,0.5,0.02702702702702703,-1.8240366,-7.047505,1.3862094000000003,3.2477539999999996,111.20098679499999,9,2.6241402999999996,2.6241402999999996,0.71875,9.22338445399316,22,182.625511236,21,101.93682296400002,3.3968093,21,136.16853069706815,47.65404427465234,27
Minnesota,St. Paul,Minneapolis,Llama-2-7b-hf,25,has_competitor,True,3.6817462,2.2922866,0.2,0.0024875621890547263,-2.9351,-10.259596,1.5372105,0.34083299999999994,118.6802806,18,6.26257227,6.26257227,0.875,3.9049412980514724,27,255.4829902,19,40.4731253,35.966080039999994,24,68.55218669922571,56.79296460088175,29
Minnesota,St. Paul,Minneapolis,Llama-2-7b-hf,25,has_competitor,False,3.7348845,2.93514,0.2,0.002583979328165375,-3.002953,-9.771486,1.3298693,0.4998590000000007,123.6759884,9,5.9360496199999995,5.9360496199999995,0.875,3.968973211315256,27,247.53205309999998,19,41.5965098,32.65196361,24,70.72072019536834,58.39616016441176,29
Montana,Helena,Billings,Llama-2-7b-hf,26,has_competitor,True,3.9060044,3.7274663,0.5,0.00011049723756906077,-2.0537896,-13.641532,1.4088384,-4.497876999999999,121.2353086,20,6.129028,6.129028,0.71875,6.085315923359483,26,291.3598576,19,25.372283099999997,58.656903299999996,19,70.31550977277878,53.132908526446585,23
Montana,Helena,Billings,Llama-2-7b-hf,26,has_competitor,False,3.8061275,3.729972,0.5,0.00010860121633362293,-1.9228256,-13.621045,1.8607064000000002,-4.463363000000001,121.56280136,20,6.357559,6.357559,0.71875,6.081980490157985,26,290.86390385,19,29.042730549999998,58.885257900000006,19,72.34271224180985,50.57632459171847,23
Nebraska,Lincoln,Omaha,Llama-2-7b-hf,27,has_competitor,True,3.8414578,3.215916,0.5,0.00010725010725010725,-2.0766623,-14.148979,1.3836736999999997,-4.949562,127.63682495999998,9,7.885142000000002,7.885142000000002,1.0,4.745911925771521,22,304.25481955000004,19,13.176940949999999,90.9481343,22,73.38023354087609,83.64710911111254,22
Nebraska,Lincoln,Omaha,Llama-2-7b-hf,27,has_competitor,False,3.8178253,3.6118267,1.0,0.00010855405992184108,-1.8823403,-13.7228565,1.9611883999999997,-4.4285475000000005,129.23497654,22,8.106557,8.106557,1.0,6.17931028751396,22,300.21483355,19,20.601571250000003,85.7913825,22,78.20585306122703,76.84272261721405,22
Nevada,Carson City,Las Vegas,Llama-2-7b-hf,28,has_competitor,True,3.9068146,3.2711115,0.5,0.00024271844660194174,-2.535684,-12.167632,0.6428434000000003,-0.4093399999999985,125.6768744,22,7.21499965,7.21499965,0.90625,4.944657826945827,27,269.66579060000004,23,22.6793691,47.86235583,23,83.98743863295759,77.65947446694854,24
Nevada,Carson City,Las Vegas,Llama-2-7b-hf,28,has_competitor,False,3.7306337,2.8076243,0.3333333333333333,0.00022036139268400177,-2.3753104,-12.787778,1.5274362999999997,-0.43644149999999904,124.36785425000001,11,4.222553,4.222553,0.78125,5.156677857217254,23,265.25900690000003,19,33.0867827,27.0341938,23,87.9753502582917,59.00315401904383,23
New Hampshire,Concord,Manchester,Llama-2-7b-hf,29,has_competitor,True,3.9237838,3.466451,0.3333333333333333,0.000774593338497289,-2.4008021,-10.518834,1.3347407000000002,-0.6637240000000002,131.36825975,18,2.5236339999999995,2.5236339999999995,0.625,5.529608721118877,27,246.3391506,19,39.6976446,17.104832499999993,8,85.22295967288814,33.86963828843992,28
New Hampshire,Concord,Manchester,Llama-2-7b-hf,29,has_competitor,False,3.831894,3.754581,1.0,0.0009624639076034649,-1.9697378,-10.097431,2.4774552000000005,0.046123999999998944,125.12333555000001,9,2.504576,2.504576,0.59375,9.565190443665028,22,232.21008842999998,19,68.19818256999999,14.044286499999997,19,103.68505935065973,28.12725695655093,28
New Jersey,Trenton,Newark,Llama-2-7b-hf,30,has_competitor,True,4.022399,3.2307591,0.5,0.0006226650062266501,-2.3673124,-10.790015,0.3338433000000003,-2.7830010000000005,129.8770688,11,7.6913158,7.6913158,0.875,5.266558819608875,27,259.4740828,23,3.3576911000000003,99.8293167,23,40.82644114710478,61.977985808525354,23
New Jersey,Trenton,Newark,Llama-2-7b-hf,30,has_competitor,False,3.9983625,3.5564995,1.0,0.0008795074758135445,-2.119424,-10.296293,1.1052629,-2.1985580000000002,131.6863424,11,6.101892399999999,6.101892399999999,0.84375,7.6702824890939745,23,246.48733762,23,11.45115388,87.5068855,23,47.66649824691882,55.88953282600334,23
New Mexico,Santa Fe,Albuquerque,Llama-2-7b-hf,31,has_competitor,True,3.7103455,3.0291843,1.0,0.0005367686527106817,-1.8130172,-11.372082,1.9201814000000001,-0.20031,127.89078897,11,3.382453999999999,2.3699187999999998,1.0,3.87097268743039,30,265.30034450000005,19,18.475869900000003,24.969330800000012,26,50.72422521669485,66.15067410676565,22
New Mexico,Santa Fe,Albuquerque,Llama-2-7b-hf,31,has_competitor,False,3.6971576,3.0233302,1.0,0.0005373455131649651,-1.7279483,-11.334275,2.3542422000000003,-0.005639999999999645,127.48610255,17,3.3459199999999996,1.6895159999999998,0.875,4.782580455139777,30,264.2805482,19,24.365973000000007,22.423372900000004,26,55.6303110787543,61.96766033640235,18
New York,Albany,New York,Llama-2-7b-hf,32,has_competitor,True,3.453165,4.65201,1.0,0.00013579576317218902,-1.5759989,-12.644531,0.24520209999999998,-4.612468,122.10772674,11,8.528359,7.8244847,1.0,7.973819125436718,20,273.1318691,20,13.218994300000002,128.78421939000003,20,56.119935822646084,97.71387811965793,20
New York,Albany,New York,Llama-2-7b-hf,32,has_competitor,False,3.5423603,4.5486355,1.0,0.0001793400286944046,-1.1765709,-12.215828,1.4712543000000002,-4.2651334,124.39783575999999,20,8.5585855,8.3362375,1.0,10.37266482094433,20,264.750181537,20,28.109820463,118.94805423999998,20,60.13373454809777,77.66413097721257,20
North Carolina,Raleigh,Charlotte,Llama-2-7b-hf,33,has_competitor,True,3.7206151,3.2003884,0.2,0.013157894736842105,-2.8354135,-7.664359,2.7018764999999996,4.0800030000000005,121.65924461,9,3.0440601999999997,3.0440601999999997,0.78125,6.939465258459304,23,196.20300009,19,99.36842650999998,5.4649328,21,120.12706104291951,45.320100751081675,27
North Carolina,Raleigh,Charlotte,Llama-2-7b-hf,33,has_competitor,False,3.7966425,3.5359378,0.16666666666666666,0.010526315789473684,-2.8210354,-7.7187,2.4666766,3.576224,126.95137462000001,27,3.8506211999999995,3.8506211999999995,0.78125,7.250357345232499,23,194.45776218,19,92.76978382,8.9033202,21,118.54505794741857,46.80359058258994,27
North Dakota,Bismarck,Fargo,Llama-2-7b-hf,34,has_competitor,True,3.907414,4.2592034,0.5,0.06666666666666667,-2.206824,-5.237153,1.8158050000000001,3.7199870000000006,122.2214078,9,0.0,0.0,0.03125,8.658656125925203,23,161.19728343,13,81.53706727,0.0,13,65.67624465046119,26.102157952435352,26
North Dakota,Bismarck,Fargo,Llama-2-7b-hf,34,has_competitor,False,3.922921,3.8891554,0.5,0.06666666666666667,-2.30197,-5.5777903,2.1270104000000005,3.7903547,117.75632698,9,0.0,0.0,0.03125,8.162373475967142,23,165.50395211,13,86.97809649,0.0,13,69.61143292853168,25.58892532569977,26
Oregon,Salem,Portland,Llama-2-7b-hf,35,has_competitor,True,3.9645357,3.6746287,0.25,0.03333333333333333,-2.6754744,-6.3964257,0.7270279,2.4953208,137.5786096,29,8.4512739,8.4512739,0.8125,4.960264795642493,27,190.53224663999998,21,61.71582286000001,17.3434141,21,106.23115594829315,55.195704198705904,27
Oregon,Salem,Portland,Llama-2-7b-hf,35,has_competitor,False,3.9163249,3.066453,0.3333333333333333,0.05555555555555555,-2.3798177,-6.2118473,1.8915866000000006,3.2790097000000005,133.10792515,27,5.2883336000000005,5.2883336000000005,0.78125,7.761904371726679,23,172.83048056,21,87.25721134000001,7.359498400000001,21,120.20435183032697,45.3298108792164,27
Pennsylvania,Harrisburg,Philadelphia,Llama-2-7b-hf,36,has_competitor,True,3.7625074,2.9975643,1.0,0.00031857279388340236,-1.5748432,-11.881912,0.7476034,-2.235405,122.81104314000001,9,3.7376390000000006,3.7376390000000006,0.6875,9.392569652716979,30,230.92520013,19,43.96824937,19.722048700000002,21,72.23701258189786,40.961260696855675,21
Pennsylvania,Harrisburg,Philadelphia,Llama-2-7b-hf,36,has_competitor,False,3.9245653,1.9574912,1.0,0.0003322259136212625,-1.7164731,-12.681517,0.9124432000000002,-2.060326,125.5788727,9,3.4205946999999997,3.4205946999999997,0.6875,8.107052856402472,30,239.59712929999998,19,39.562832099999994,19.271916800000003,21,70.54552796869464,39.86963633129296,21
South Dakota,Pierre,Sioux Falls,Llama-2-7b-hf,37,has_competitor,True,3.4875045,3.490161,1.0,0.00010329511414110113,-1.1716795,-13.975164,2.9724770000000005,-2.402763,114.65869848999999,9,5.217285,5.217285,0.65625,11.14292276045716,20,266.61339703600004,19,47.285564064,35.881400000000006,20,50.38438548337634,36.12325156247592,20
South Dakota,Pierre,Sioux Falls,Llama-2-7b-hf,37,has_competitor,False,3.4765,3.3285363,1.0,0.00010578652279699566,-1.1087677,-13.847618,3.5751483,-2.1323290000000004,122.1241537,9,5.520758000000001,5.520758000000001,0.5625,11.086478313063745,20,273.99352673,20,57.72825117,37.362593000000004,20,61.037868573766076,35.15330253545955,20
Texas,Austin,Houston,Llama-2-7b-hf,38,has_competitor,True,3.6179452,4.260124,1.0,0.0006548788474132286,-1.3865623,-10.374813,2.8123273999999996,1.0874760000000006,118.07879604,11,1.2499669999999998,0.9214769999999994,0.46875,11.76713760842022,20,207.81122872999998,19,77.95496357,7.3198384999999995,20,65.047811705516,24.94886094638362,20
Texas,Austin,Houston,Llama-2-7b-hf,38,has_competitor,False,3.6729188,4.235301,1.0,0.000676132521974307,-1.3082094,-10.288867,2.9687462,1.1351840000000006,114.51085236,17,1.2051200000000009,0.9837670000000003,0.46875,11.753409182340846,20,206.451117665,19,81.35274803499998,7.367309000000002,20,67.4637153394001,24.527722597539064,20
Vermont,Montpelier,Burlington,Llama-2-7b-hf,39,has_competitor,True,3.8876915,3.8855755,1.0,0.0004268032437046522,-2.0081441,-11.124285,0.9136047999999999,1.1615289999999998,143.63352136999998,18,1.5526740000000014,1.5526740000000014,0.78125,6.987646469404103,30,234.6317659,20,55.89227639999999,2.1568648000000015,25,76.38550192989084,42.688796459869664,25
Vermont,Montpelier,Burlington,Llama-2-7b-hf,39,has_competitor,False,3.942464,3.9891455,0.5,0.0005737234652897303,-2.1055198,-10.683342,1.2609871999999998,1.380459,138.9221072,18,1.4682899999999997,1.4682899999999997,0.40625,7.793017270099865,20,226.90035255000004,20,74.95749955000001,1.6215039999999998,20,88.92743382628018,43.29625123243706,20
Virginia,Richmond,Virginia Beach,Llama-2-7b-hf,40,has_competitor,True,3.7824173,3.1075044,1.0,0.0002554931016862545,-1.3312145,-12.157758,2.6198015000000003,-2.1235979999999994,132.7406966,11,4.986610300000001,4.986610300000001,0.8125,3.7302132400720174,30,265.7999298,30,10.0249399,50.24810434,20,26.308659808462362,30.35831399590717,22
Virginia,Richmond,Virginia Beach,Llama-2-7b-hf,40,has_competitor,False,3.568717,2.8884544,1.0,0.0002453385672227674,-1.2160213,-12.264668,3.6450856999999997,-2.3336939999999995,134.4979781,9,3.8726563,3.8726563,0.75,6.279325957538751,30,262.5191441,20,18.481027700000002,43.1832438,20,30.675655952224794,24.042068550392337,22
Washington,Olympia,Seattle,Llama-2-7b-hf,41,has_competitor,True,3.5806196,5.1475687,1.0,0.00020238818053025704,-1.6023977,-11.6692295,1.4622163000000001,-3.1096664999999994,140.53717396000002,11,6.1978724000000005,6.1978724000000005,0.71875,6.931635805951711,30,286.5541724,20,19.1223386,79.3382933,20,51.013294055507004,53.37947127808455,25
Washington,Olympia,Seattle,Llama-2-7b-hf,41,has_competitor,False,3.546829,4.6389456,1.0,0.00020920502092050208,-1.5295616,-11.809589,2.201291,-2.7735115000000015,137.12626697000002,17,5.1445996,5.1445996,0.71875,6.7045762288946635,25,288.670325,20,25.387854200000003,72.4112319,20,55.211539149013085,47.96994662106538,25
Wisconsin,Madison,Milwaukee,Llama-2-7b-hf,42,has_competitor,True,3.7931423,3.3969228,0.25,0.0014749262536873156,-2.4649825,-9.922515,1.3230971999999999,-1.311465,128.9894913,9,1.322438,1.322438,0.6875,8.563163811392613,21,216.09138223,19,48.83587557,6.6748393,20,48.82627023116045,46.410379599579095,25
Wisconsin,Madison,Milwaukee,Llama-2-7b-hf,42,has_competitor,False,3.78577,3.3387756,0.3333333333333333,0.0020408163265306124,-2.19252,-9.575207,2.1335984999999997,-0.7973025000000007,129.69734555000002,9,0.8484095000000007,0.8484095000000007,0.6875,9.291415379729902,20,217.07318716,19,61.38018413999999,1.9954895000000032,20,57.59623325230913,39.08424860678688,20
Austria,Vienna,Graz,Llama-2-7b-hf,43,no_competitor,True,3.4865072,3.2406647,1.0,0.00020128824476650564,-1.206474,-12.592015,3.4132819999999997,-0.7708960000000005,132.24631397000002,11,3.4048719999999992,3.4048719999999992,0.53125,10.394363919618034,19,249.14536463,19,61.63628637000001,11.385371000000003,16,100.1756889438771,54.2830622416098,20
Austria,Vienna,Graz,Llama-2-7b-hf,43,no_competitor,False,3.0792718,4.2152615,1.0,0.0002626050420168067,-0.91245323,-11.560376,5.10560027,-0.08366700000000016,129.24053124,11,3.505955,3.505955,0.53125,11.161391053606017,30,237.21869254,13,94.08907115999999,10.3088015,16,107.35508793843503,38.57595314617956,20
Egypt,Cairo,Alexandria,Llama-2-7b-hf,44,no_competitor,True,3.4775472,4.7296743,1.0,0.006097560975609756,-1.3599136,-7.6291947,2.839616,6.1427252999999995,135.96709099999998,11,1.1708165999999993,1.1708165999999993,0.71875,8.117463332057804,24,191.99575988,21,114.02724402000003,2.4801557999999995,21,94.14555843314966,38.88329791217724,27
Egypt,Cairo,Alexandria,Llama-2-7b-hf,44,no_competitor,False,3.1481242,5.173951,1.0,0.03225806451612903,-1.0422554,-5.8474874,3.8019980999999996,7.8117106,132.9296551,11,0.0,0.0,0.03125,9.959585690239692,22,174.68621781000002,21,140.46003179,0.0,21,106.60633669917183,31.55803664067748,27
France,Paris,Marseille,Llama-2-7b-hf,45,no_competitor,True,3.719506,5.795347,1.0,0.0056179775280898875,-0.9195359,-7.5147676,2.2675953,6.5383574,142.32382859,11,0.0,0.0,0.03125,11.53839627205604,19,170.099636731,0,210.906026469,0.0,8,105.95365228900609,15.816462592080178,20
France,Paris,Marseille,Llama-2-7b-hf,45,no_competitor,False,2.7603116,5.928378,1.0,0.005376344086021506,-0.6222219,-7.516275,4.1797848,6.7888090000000005,129.47469815,11,0.0,0.0,0.03125,13.60880596914557,18,160.937130637,15,240.79251756300002,0.0,8,120.07576609449876,11.173593239865323,20
Germany,Berlin,Hamburg,Llama-2-7b-hf,46,no_competitor,True,3.5821614,4.798467,1.0,0.00021963540522732265,-1.1411996,-11.661289,4.5655744,1.2137829999999994,151.77176300000002,11,0.0,0.0,0.03125,7.347664923203581,30,234.10096049999999,18,113.85634500000003,0.0,3,78.3893139095227,8.186171428090335,25
Germany,Berlin,Hamburg,Llama-2-7b-hf,46,no_competitor,False,3.2340205,5.065957,1.0,0.00020837674515524068,-0.94274324,-11.619148,5.5294637600000005,1.5044900000000005,148.7677959,11,0.0,0.0,0.03125,9.295850089145667,30,227.48716471,18,126.95382308999999,0.0,3,85.46095356982877,6.760526966051509,25
Italy,Rome,Milan,Llama-2-7b-hf,47,no_competitor,True,3.5973325,4.2191973,0.5,0.0035971223021582736,-1.8995546,-8.411818,2.0845968,3.259454999999999,135.9398358,11,1.1071740000000005,0.0,0.0625,9.221909081539433,20,199.06556649,18,90.61554191,1.1071740000000005,0,48.27572112192811,7.668890933730064,17
Italy,Rome,Milan,Llama-2-7b-hf,47,no_competitor,False,3.4841433,4.255515,1.0,0.003236245954692557,-1.5915467,-8.497444,2.7847736999999997,3.1577455000000008,133.16738594999998,11,1.1166260000000001,0.0,0.0625,11.209146136734645,30,196.168268146,18,97.53399395400001,1.1166260000000001,0,55.2810080713928,5.3874557242019,19
Japan,Tokyo,Yokohama,Llama-2-7b-hf,48,no_competitor,True,3.5042915,3.8851848,1.0,0.012195121951219513,-1.3434278,-7.3451014,2.9580935000000004,2.0931816000000003,121.84244672,11,4.9324770000000004,2.3660770000000007,0.46875,13.39228421307933,18,195.43726686999997,13,77.57534373,30.402102000000006,13,89.83171873766614,64.35557652412021,23
Japan,Tokyo,Yokohama,Llama-2-7b-hf,48,no_competitor,False,2.7020526,4.523922,1.0,0.017241379310344827,-0.7171144,-6.7912226,4.4799738,2.5297688999999997,111.269287437,11,4.932606999999999,2.454834,0.46875,13.946004470516193,18,185.9182097136,13,105.3934908864,31.222722,13,106.55911284128935,63.61118369046151,23
Korea,Seoul,Busan,Llama-2-7b-hf,49,no_competitor,True,4.037628,3.328403,0.5,0.0012195121951219512,-2.378881,-9.852448,1.1827106,1.3997669999999989,117.50154763500001,23,2.1115896000000003,2.1115896000000003,0.5625,10.078327036723847,21,199.25132521800003,18,75.25985208200001,3.8412761000000035,23,87.98873441150482,39.18429468843962,23
Korea,Seoul,Busan,Llama-2-7b-hf,49,no_competitor,False,3.6359916,3.6839323,1.0,0.001718213058419244,-1.5605261,-9.299301,3.5598314,2.2334999999999994,110.81627045,23,2.1507856,2.1507856,0.46875,11.323870825524558,21,188.8095516484,18,116.7824710516,3.903392600000001,23,114.74696057598547,31.221136818630008,23
Russia,Moscow,Saint Petersburg,Llama-2-7b-hf,50,no_competitor,True,3.7387521,2.6389139,1.0,0.0012135922330097086,-1.5067631,-10.440638,2.1725577000000005,2.1595654999999994,152.07147830000002,11,0.7970208999999997,0.7970208999999997,0.96875,6.589694683290472,30,227.83573424999997,19,72.41896425000002,1.9528700999999997,19,63.73367237889043,54.64446367042375,19
Russia,Moscow,Saint Petersburg,Llama-2-7b-hf,50,no_competitor,False,3.5077505,3.899428,1.0,0.0015723270440251573,-1.3011329,-9.479063,2.2352181,2.619142,148.62830567,11,0.8231067000000001,0.8231067000000001,0.96875,8.02508709594812,30,220.61283016,19,74.99546553999998,2.0976980999999997,19,70.07156592094016,59.899036871885464,19
Spain,Madrid,Barcelona,Llama-2-7b-hf,51,no_competitor,True,3.7911189,3.2180536,1.0,0.0004830917874396135,-1.682179,-11.244725,2.7241715999999996,1.559709999999999,134.65612395,11,0.0,0.0,0.03125,8.821757349332445,30,236.82832205000003,19,78.86736434999997,0.0,15,51.91970637121841,7.853649567785087,19
Spain,Madrid,Barcelona,Llama-2-7b-hf,51,no_competitor,False,3.711967,3.6062028,1.0,0.0006150061500615006,-1.5889423,-10.627937,2.8464243,2.0143380000000004,132.28957679,11,0.03909699999999994,0.03909699999999994,0.40625,9.815870680739593,30,231.809425613,18,83.57237408699999,0.03909699999999994,15,53.395880942818025,6.266973967291114,19
Sweden,Stockholm,Gothenburg,Llama-2-7b-hf,52,no_competitor,True,3.7979395,2.9666903,1.0,0.0006119951040391676,-1.782419,-10.969125,2.4427645,5.439195,125.7937369,11,1.1626270000000005,1.1626270000000005,0.46875,8.358296830761605,30,261.453381165,19,83.92750583499998,4.654954999999999,19,65.52463923320703,23.00251581537471,19
Sweden,Stockholm,Gothenburg,Llama-2-7b-hf,52,no_competitor,False,3.7328973,3.612679,1.0,0.001098901098901099,-1.4484584,-9.890855,3.7055829000000005,5.935203,128.14246605,11,1.2945080000000004,1.2945080000000004,0.46875,9.606779467237256,30,251.711920354,13,103.97895214600001,5.368452000000003,13,76.45477314140419,16.057119790525082,19
United Kingdom,London,Birmingham,Llama-2-7b-hf,53,no_competitor,True,3.1906333,5.7540207,1.0,0.05555555555555555,-1.334355,-5.4088783,4.626784000000001,-0.03593199999999985,117.15519599000001,17,2.9905733000000003,2.164479000000001,0.53125,14.832122724615393,18,134.52384124,13,93.96056895999999,16.753678800000003,15,96.01228627071332,46.63591811233385,20
United Kingdom,London,Birmingham,Llama-2-7b-hf,53,no_competitor,False,2.7500563,6.1090994,1.0,0.09090909090909091,-0.9320098,-4.8736167,5.8089789,1.0835485,110.85553425,11,3.1413514000000005,2.2664646999999993,0.46875,15.340839855371609,16,128.73684638,13,123.96173452,17.389413400000002,15,112.19579362818251,44.22810918110132,20
Arizona,Phoenix,Tucson,Llama-2-7b-hf,54,no_competitor,True,3.747631,2.629632,1.0,0.004329004329004329,-1.9237406,-9.261018,1.9518490000000002,-1.2517645000000002,113.38984761,18,3.1979289999999994,2.4178289999999993,1.0,10.889360954139212,30,212.63854436399998,19,64.22025073599998,34.894586499999996,19,85.6776981215683,75.9233158801977,19
Arizona,Phoenix,Tucson,Llama-2-7b-hf,54,no_competitor,False,3.6747148,3.9097934,1.0,0.003745318352059925,-1.5984906,-8.624987,2.1789571,-1.4457105000000006,113.84243709999998,9,3.198513,2.6074756,0.53125,11.1189614424909,30,207.80348409,19,65.52328921,36.372405099999995,19,84.82110599390137,73.6414909598348,20
Colorado,Denver,Colorado Springs,Llama-2-7b-hf,55,no_competitor,True,3.9208899,2.6958008,0.5,0.0008857395925597874,-2.3628175,-10.968212,0.3528471000000004,0.569677500000001,115.6759664,9,2.4928670000000004,2.4928670000000004,0.6875,9.390717708264226,27,213.33265386000002,19,21.646781040000004,15.4908061,21,47.13881548887759,34.4624109955943,21
Colorado,Denver,Colorado Springs,Llama-2-7b-hf,55,no_competitor,False,3.8094506,2.4436367,0.5,0.0009372071227741331,-1.8871943,-10.763028,1.0574416000000002,0.5417199999999998,112.61833591,9,2.803128000000001,2.803128000000001,0.6875,10.14594268456262,20,204.91118735999999,16,34.31619894,15.298414600000001,20,55.94707684550593,31.68938527101295,21
Georgia,Atlanta,Augusta,Llama-2-7b-hf,56,no_competitor,True,3.222934,3.6741457,1.0,0.0038910505836575876,-1.1808493,-8.670811,1.6949729999999998,2.0658949999999994,132.46551359999998,23,3.9536125,3.9536125,0.46875,8.405919496900403,19,222.70579804,16,76.43649596000003,38.392604899999995,19,95.32330069563143,71.96608838283812,19
Georgia,Atlanta,Augusta,Llama-2-7b-hf,56,no_competitor,False,2.9696681,3.5886586,1.0,0.005917159763313609,-0.9441002,-8.246262,1.9766654000000003,2.3894325,136.75516340000001,11,3.8673699999999993,3.8673699999999993,0.46875,10.052279170233293,19,217.71611382999998,16,80.30358777,38.3444882,16,98.00026641890481,72.37906878768491,19
Hawaii,Honolulu,Hilo,Llama-2-7b-hf,57,no_competitor,True,3.6827006,2.6068158,0.3333333333333333,0.0015527950310559005,-2.5351744,-10.36582,1.4062176000000002,-4.263723399999999,113.26245607999999,11,5.9505604000000005,5.9505604000000005,0.65625,10.07039015485915,20,222.33811185000002,19,32.828077150000006,65.40673940000002,20,62.44262952524884,61.57148678818941,22
Hawaii,Honolulu,Hilo,Llama-2-7b-hf,57,no_competitor,False,3.4274702,4.060572,0.5,0.001838235294117647,-1.6472101,-9.226139,3.1990129000000005,-3.840479,112.64237976,11,5.8995750000000005,5.8995750000000005,0.625,10.88630957463728,20,208.234358442,1,54.685818757999996,63.4069689,20,82.15080811279667,56.52786024939866,22
Idaho,Boise,Meridian,Llama-2-7b-hf,58,no_competitor,True,4.070675,3.115164,0.16666666666666666,0.0006485084306095979,-2.9064472,-11.104302,0.5419367999999998,-1.3953880000000005,134.9917286,9,1.3953880000000005,1.3953880000000005,0.78125,4.010094743033076,27,256.091023,19,28.374452299999994,5.999577800000002,24,68.67765514877092,58.562018423573704,24
Idaho,Boise,Meridian,Llama-2-7b-hf,58,no_competitor,False,3.929695,3.320228,0.3333333333333333,0.000628140703517588,-2.4351792,-11.019956,1.3776788,-1.5150180000000013,131.85514885,9,1.5150180000000013,1.5150180000000013,0.5625,5.830601444478124,24,247.04150629999998,19,43.6959155,4.983050500000003,21,79.46970951170516,57.57044110904124,24
Massachusetts,Boston,Worcester,Llama-2-7b-hf,59,no_competitor,True,3.3704689,4.0415683,1.0,0.0009416195856873823,-1.2325399,-10.053081,1.0273094,-0.333399,136.30319003,9,4.399129100000001,4.399129100000001,1.0,5.333177334668948,19,223.3558667,19,58.96985120000001,14.178206030000004,16,77.8521752952838,75.6439293947471,16
Massachusetts,Boston,Worcester,Llama-2-7b-hf,59,no_competitor,False,3.0111413,3.4817514,1.0,0.0007230657989877079,-0.88300633,-10.44654,2.02995207,-0.06868850000000037,136.67253555,9,2.0361080000000005,2.0361080000000005,0.9375,8.57726187045324,19,212.35597473,13,77.52213446999997,5.167952400000001,16,94.23450046394687,74.66668854146987,23
Ohio,Columbus,Cleveland,Llama-2-7b-hf,60,no_competitor,True,3.7327638,2.0569894,1.0,0.00011734334663224596,-1.7186508,-14.625553,1.8052654,-0.28729799999999983,122.22356353,9,3.411771,1.608960999999999,0.59375,8.014029860790824,30,293.89597089000006,19,51.92390501,26.030544499999998,20,47.33862421462682,19.282163469008918,20
Ohio,Columbus,Cleveland,Llama-2-7b-hf,60,no_competitor,False,3.689319,2.5532281,1.0,0.00012399256044637322,-1.654662,-14.0698595,2.1347457,-0.36271649999999944,123.01151895999999,9,3.4145255,1.497363,0.59375,8.522727701533432,30,292.15000366000004,19,54.77073444000001,25.613805999999997,20,47.94631770694417,16.41001783977086,20
Rhode Island,Providence,Warwick,Llama-2-7b-hf,61,no_competitor,True,3.7627726,2.347159,1.0,7.441029838529652e-05,-2.0327985,-15.21664,0.9955254999999998,-3.3613040000000005,124.57141580000001,9,4.7029689999999995,4.7029689999999995,1.0,4.849599297830224,30,325.335598,20,4.368118799999998,48.989334099999994,15,40.9150204621237,49.2770898869395,22
Rhode Island,Providence,Warwick,Llama-2-7b-hf,61,no_competitor,False,3.6461039,2.6869233,1.0,7.614986293024673e-05,-1.5378468,-14.891755,2.0059071,-3.313414,122.96439643,9,4.472849,4.472849,0.5625,8.250271959666545,22,307.77467705000004,18,27.623356549999997,39.627536500000005,15,50.740845320642926,32.910511413082816,22
Tennessee,Nashville,Memphis,Llama-2-7b-hf,62,no_competitor,True,3.3780985,2.1307764,0.3333333333333333,0.0005238344683080147,-2.3816502,-12.060012,2.3737085,-4.1786376,123.97897420000001,9,5.893674399999999,4.1786376,1.0,5.959881635622262,20,249.70223823999999,19,29.781130459999996,61.25643889999999,19,69.74780900354494,83.95539779792948,20
Tennessee,Nashville,Memphis,Llama-2-7b-hf,62,no_competitor,False,3.3990533,3.7325146,0.3333333333333333,0.0004284490145672665,-2.060085,-11.185773,3.2371266,-4.5426025999999995,127.19092537,9,5.856161600000001,4.5426025999999995,0.59375,7.543872812003496,20,244.43707143999998,19,39.91005226,62.04740349999999,19,74.10949485512923,78.63331217294278,20
Australia,Canberra,Sydney,gpt2-xl,1,has_competitor,True,5.060338,6.9149323,0.5,0.00042140750105351877,-2.4434907,-10.196491,0.5798912999999999,-2.018484000000001,288.80190419999997,0,4.365525999999999,4.365525999999999,0.625,10.08163992342185,33,429.4202935,29,23.642059900000003,71.21207500000001,29,56.637029859348544,23.180074123976986,29
Australia,Canberra,Sydney,gpt2-xl,1,has_competitor,False,5.0364037,6.897951,0.5,0.00040241448692152917,-2.6361184,-10.248758,0.4461336,-1.8820690000000013,289.494952,0,4.440847999999999,4.440847999999999,0.625,8.347806932843229,34,440.6673794,30,19.193250999999997,70.71163979999997,21,58.214627998050794,24.8219331411353,35
Brazil,Brasilia,Rio de Janeiro,gpt2-xl,2,has_competitor,True,4.643965,6.840478,0.125,0.00016191709844559586,-3.773702,-11.6021,-0.09044700000000017,-4.4803077,283.9281992,0,4.460464,4.460464,1.0,1.9565066138486031,32,425.160008,28,0.7725945999999997,76.1956157,0,58.85488220677263,55.20833558813119,10
Brazil,Brasilia,Rio de Janeiro,gpt2-xl,2,has_competitor,False,4.649778,6.813385,0.125,0.00013257324671881213,-3.997367,-11.95038,-0.257444,-4.900002999999999,281.5901933,0,4.954991400000001,4.954991400000001,1.0,1.4976396272444743,42,439.55047820000004,23,0.0,91.13719390000001,23,54.069739761088286,55.94428626051917,23
Canada,Ottawa,Toronto,gpt2-xl,3,has_competitor,True,5.1413174,6.631521,0.5,0.0011862396204033216,-3.1475103,-9.106765,1.0317547,-0.4756659999999986,288.0984572,0,2.251284,2.251284,0.6458333333333334,3.6342057716063882,41,392.49812099999997,13,15.558793600000001,28.49033839999999,19,34.62496055856075,25.63985311184969,29
Canada,Ottawa,Toronto,gpt2-xl,3,has_competitor,False,5.144512,6.592332,0.5,0.0011013215859030838,-3.1695335,-9.197751,0.5536623,-0.252301000000001,286.35226720000003,0,2.3606510000000007,2.3606510000000007,0.9166666666666666,3.561137477427532,34,395.6777505,28,8.840526100000002,29.258827399999987,19,38.64518060926416,36.28393589558811,30
India,New Delhi,Mumbai,gpt2-xl,4,has_competitor,True,5.140312,6.6609216,0.125,0.00558659217877095,-3.642729,-7.1977053,-0.3666505,1.8660667000000002,282.35337660000005,0,0.5228034000000004,0.5228034000000004,1.0,1.2903692592783682,44,319.48454360000005,0,43.48081479999998,5.425702000000003,0,59.91556142892798,86.10134087829823,41
India,New Delhi,Mumbai,gpt2-xl,4,has_competitor,False,5.122278,6.6884766,0.2,0.006329113924050633,-3.490163,-7.0674214,-0.5837615999999999,2.1102096,284.149675,0,1.1862804000000002,1.1862804000000002,1.0,1.5247365359111344,44,316.7644993,24,46.19003609999999,15.111275199999998,0,58.50192776504354,94.46185099615964,41
Morrocco,Rabat,Marrakesh,gpt2-xl,5,has_competitor,True,5.0666876,6.238526,0.1,0.0045662100456621,-3.6851108,-7.5677843,-0.2848606,-1.7261723,276.42878659999997,0,3.8686774,3.1405003999999987,1.0,1.6543018291025473,34,379.636178,22,2.0122551999999994,82.0139593,1,67.68567286624453,84.66915396096506,22
Morrocco,Rabat,Marrakesh,gpt2-xl,5,has_competitor,False,5.077935,6.426011,0.1,0.004366812227074236,-3.7887676,-7.523387,-0.5457763999999998,-2.0738506999999995,280.10144249999996,0,3.473063900000001,2.8849496,1.0,1.5838023050944896,34,379.06771030000004,22,0.2878818000000001,94.97832520000001,1,54.07499720111837,84.93366724504463,38
New Zealand,Wellington,Auckland,gpt2-xl,6,has_competitor,True,4.9864526,6.928545,0.14285714285714285,0.0003713330857779428,-3.5549357,-10.36,0.8234832999999999,-0.4696819999999988,286.1508624,0,1.250061500000001,1.250061500000001,0.9583333333333334,1.0176853593860478,45,439.055531,29,19.016657900000002,6.465026299999997,25,39.29884114044143,34.08553750083886,31
New Zealand,Wellington,Auckland,gpt2-xl,6,has_competitor,False,4.9416127,6.834567,0.25,0.0004100041000410004,-3.1903524,-10.273704,1.4109385999999997,0.014587999999999823,283.90044650000004,0,1.073086,1.073086,0.9375,1.2269618898969405,45,440.74400560000004,32,22.363085999999996,4.3428716000000005,45,46.289722212791425,35.059973439200846,32
Pakistan,Islamabad,Karachi,gpt2-xl,7,has_competitor,True,4.971072,6.8577523,0.2,0.0014992503748125937,-3.2904649,-8.660445,1.6437391000000003,0.5291350000000001,287.5371901,0,2.041044000000001,1.5258479999999999,0.4375,4.776032706558513,35,382.5156591,20,37.95199019999999,26.146686000000003,18,49.10204325655396,26.551914959722897,31
Pakistan,Islamabad,Karachi,gpt2-xl,7,has_competitor,False,4.995784,6.761762,0.1111111111111111,0.0012376237623762376,-3.7051358,-8.938915,0.7764816999999997,0.4786230000000007,288.3331641,0,2.0206619999999997,1.6788980000000002,0.4375,2.1860221433196614,36,398.2449841,23,23.240573499999996,27.7924695,18,44.049621155167735,29.597180138992023,26
South Africa,Pretoria,Johannesburg,gpt2-xl,8,has_competitor,True,5.0354347,6.7347355,0.125,0.00013066771200836272,-3.6019025,-11.993367,0.2666073,-0.9148049999999994,281.2524275,0,3.6326322,3.6326322,0.9375,0.5838979627932732,45,524.2122022,32,1.6765034,81.72228639999999,20,46.98411038164969,79.20510509560238,40
South Africa,Pretoria,Johannesburg,gpt2-xl,8,has_competitor,False,5.0157146,6.6751337,0.1111111111111111,0.00012693577050012695,-3.9977624,-12.071457,0.11229259999999996,-0.7514599999999998,279.6516816,0,3.9427683,3.9427683,0.9375,0.4178513833764053,46,534.1842475999999,32,0.9398020999999988,86.33632130000001,20,43.612738324226335,85.52415205267444,40
Switzerland,Bern,Zurich,gpt2-xl,9,has_competitor,True,4.9610653,6.8048625,0.1111111111111111,0.00016702856188408218,-4.2571344,-11.567223,0.7547856,0.33671000000000006,283.3063062,0,1.4370130000000003,1.4370130000000003,0.875,0.789074156691993,45,448.3791191,29,45.7362601,11.620653599999997,0,35.90745278601699,59.50533831305762,0
Switzerland,Bern,Zurich,gpt2-xl,9,has_competitor,False,4.9491377,6.7610574,0.1,0.0001773049645390071,-4.1361046,-11.4896755,0.9470257999999996,0.5421199999999988,280.2959092,0,1.6307350000000005,1.6307350000000005,0.8958333333333334,0.7328723638135193,45,456.8631742,13,43.712552699999996,14.814259100000001,0,35.93891073013018,63.24247968794034,0
Turkey,Ankara,Istanbul,gpt2-xl,10,has_competitor,True,4.7882175,6.652269,0.125,0.0007722007722007722,-3.628862,-9.591069,-1.564727,-2.399363299999999,282.2771836,0,1.1388065999999992,1.1388065999999992,1.0,5.60781671706223,35,343.79771170000004,30,4.888390399999998,41.135434900000014,25,32.21939369215502,36.56446546679058,25
Turkey,Ankara,Istanbul,gpt2-xl,10,has_competitor,False,4.7887464,6.573078,0.1111111111111111,0.0007716049382716049,-3.7173982,-9.633424,-1.5915412999999998,-2.1110923,282.6724623,0,1.2568932000000008,1.2568932000000008,1.0,3.009252642036014,35,354.0071583,29,2.261283400000003,46.1721146,21,23.003590180690107,35.4742296712989,11
United Arab Emirates,Abu Dhabi,Dubai,gpt2-xl,11,has_competitor,True,4.5528817,6.8207183,0.5,0.007874015748031496,-2.4621365,-6.877966,0.31308369999999996,2.7290739999999998,276.4354211,0,1.228396,1.0422820000000002,0.9583333333333334,8.04508352731653,34,330.8092599,23,27.6764747,11.1194644,0,45.079704315188515,59.99539046814016,34
United Arab Emirates,Abu Dhabi,Dubai,gpt2-xl,11,has_competitor,False,4.442773,6.887019,1.0,0.01098901098901099,-1.8623577,-6.585164,1.3978118,3.293412000000001,276.0175149,0,1.2947349999999993,1.0515549999999987,0.3541666666666667,14.21649683757548,33,316.7710392,23,49.348898000000005,10.737087499999994,0,50.612694793172466,47.74360438898297,34
Alabama,Montgomery,Birmingham,gpt2-xl,12,has_competitor,True,4.9851775,6.852788,0.14285714285714285,0.0008710801393728223,-3.9700584,-9.302068,0.6055916000000003,0.7371389999999991,286.0580147,0,2.0467992000000006,2.0467992000000006,0.8958333333333334,0.7028491586474104,46,381.66950369999995,13,17.531541199999996,13.968469299999999,15,40.29665007726049,50.156129405049896,8
Alabama,Montgomery,Birmingham,gpt2-xl,12,has_competitor,False,4.9654016,6.8921595,0.037037037037037035,0.0008665511265164644,-4.9054785,-9.280699,-0.29764449999999965,0.7678019999999997,285.58235449999995,0,2.1058245000000007,2.1058245000000007,1.0,0.39868538404131615,34,393.100836,34,13.533891000000004,22.012599000000005,15,38.3448062576606,53.360432556161236,8
Alaska,Juneau,Anchorage,gpt2-xl,13,has_competitor,True,5.209641,6.6623583,0.125,0.000315357931251971,-3.9114597,-10.706045,0.06543210000000022,0.042015000000001024,283.143505,0,6.8737312,6.8737312,0.9791666666666666,0.3669907317754242,46,433.5754972,40,95.4658596,80.260012,40,81.39404623277126,145.70773241410058,40
Alaska,Juneau,Anchorage,gpt2-xl,13,has_competitor,False,5.2082567,6.802,0.08333333333333333,0.00026845637583892615,-4.1798363,-10.840813,-0.38669679999999973,-0.06737900000000074,284.4071725,0,6.464385699999999,6.464385699999999,1.0,0.2905437450299064,46,436.59195679999993,40,93.9085985,80.4577795,38,86.4917761330864,146.73294924630872,40
California,Sacramento,Los Angeles,gpt2-xl,14,has_competitor,True,5.0264297,6.799302,0.16666666666666666,0.0001774937877174299,-3.468559,-11.455757,0.6584294000000002,-2.6718530000000005,288.5437512,0,3.768021,3.768021,0.6666666666666666,1.7587983977109989,34,432.0671347,28,8.709250099999998,70.1968959,28,47.08035195158104,33.001119698462475,28
California,Sacramento,Los Angeles,gpt2-xl,14,has_competitor,False,4.992032,6.8039904,0.1111111111111111,0.0001751927119831815,-3.7678976,-11.474801,-0.12545349999999988,-2.728947999999999,286.37649550000003,0,3.6376764999999986,3.6376764999999986,1.0,1.3032409358672155,34,439.28103699999997,28,0.5030429000000005,80.37684020000002,28,27.578054186247414,30.55905323977783,36
Connecticut,Hartford,Bridgeport,gpt2-xl,15,has_competitor,True,5.1914353,6.664856,0.14285714285714285,3.7942024586431934e-05,-3.949758,-14.792656,0.7593613000000001,-1.7970049999999986,282.12717310000005,0,2.7886830000000007,2.7886830000000007,0.9583333333333334,0.6477921405075528,46,504.3888356,28,25.395288600000008,33.3547604,25,72.62606335485931,43.0630901038809,28
Connecticut,Hartford,Bridgeport,gpt2-xl,15,has_competitor,False,5.242893,6.588611,0.1,3.3709758975223326e-05,-4.1193037,-15.259125,0.3020239,-2.324971999999999,281.0244867,0,2.807842000000001,2.807842000000001,1.0,0.5927427492485645,46,510.682195,28,19.141985500000004,38.26964789999999,28,72.01231816515168,46.85272061599006,28
Delaware,Dover,Wilmington,gpt2-xl,16,has_competitor,True,4.934476,6.3977704,0.030303030303030304,0.00022386389075442132,-5.3937626,-11.294593,-1.5620822999999997,0.8484629999999989,275.1225941,0,1.3566887000000007,1.3566887000000007,1.0,0.31117955602671066,35,445.3043559,25,39.23219499999998,39.4994258,15,29.51695249596005,71.07938920184648,5
Delaware,Dover,Wilmington,gpt2-xl,16,has_competitor,False,4.9577675,6.4465036,0.022727272727272728,0.00025031289111389235,-5.6662726,-11.106932,-1.7312989,0.9451710000000002,275.1388136,0,0.8596321999999996,0.8596321999999996,1.0,0.2981775281335089,35,445.5220078,25,40.768694,36.897302999999994,15,30.00275350916754,63.49306175271314,5
Florida,Tallahassee,Jacksonville,gpt2-xl,17,has_competitor,True,5.010677,6.6990623,0.14285714285714285,0.0020242914979757085,-3.6504796,-8.3636055,0.4162547000000001,1.8891045000000002,281.922732,0,3.298501,3.298501,0.875,1.1912851124452768,46,362.6287869,17,46.98069730000001,21.143825,17,64.62255327042182,83.3634976991267,17
Florida,Tallahassee,Jacksonville,gpt2-xl,17,has_competitor,False,5.0035305,6.636942,0.125,0.0018148820326678765,-3.6826768,-8.521993,0.01804640000000024,1.8147190000000002,281.0384071,0,3.1701667999999996,3.1701667999999996,0.9375,1.1542194609453058,46,361.7660853,17,43.779827999999995,24.678540799999993,17,59.87944160082756,83.22667559455238,17
Illinois,Springfield,Chicago,gpt2-xl,18,has_competitor,True,4.988479,6.564947,0.5,0.0005773672055427252,-2.7317505,-9.963556,1.1660123000000002,0.0676609999999993,280.0612246,0,1.3687709999999988,0.8596510000000013,0.8333333333333334,2.6324727275199487,46,359.30782050000005,25,7.6596307999999995,14.211243099999997,25,46.51987232834309,46.61748573604664,25
Illinois,Springfield,Chicago,gpt2-xl,18,has_competitor,False,5.002717,6.5397086,0.5,0.0004450378282153983,-2.858498,-10.294877,1.0199338,-0.28303299999999965,278.0214608,0,1.3706800000000001,1.3357719999999986,0.9166666666666666,2.521561400933475,46,362.5696201,25,6.2783262,15.801293499999998,25,47.11053103386988,45.460923529347056,25
Kansas,Topeka,Wichita,gpt2-xl,19,has_competitor,True,5.1572866,6.6369,0.0625,0.0006635700066357001,-4.4295545,-9.751738,0.42627550000000003,2.135465,279.42137360000004,0,4.419031,4.419031,0.9375,0.23849151950263375,46,474.55334170000003,17,75.4374001,47.25204,0,75.71095354703212,109.41275275872378,37
Kansas,Topeka,Wichita,gpt2-xl,19,has_competitor,False,5.1631436,6.687326,0.05263157894736842,0.0005827505827505828,-4.5164776,-9.89069,-0.007510199999999578,1.9509940000000014,281.60046950000003,0,4.4731322,4.4731322,1.0,0.23128152087060472,46,473.47919670000005,17,72.4816452,48.041852799999994,0,74.503245465315,109.30849688125436,37
Kentucky,Frankfort,Louisville,gpt2-xl,20,has_competitor,True,5.110539,6.668237,0.3333333333333333,0.0003792188092529389,-2.9294376,-10.458902,0.4444756999999999,-0.5206780000000002,279.7853958,0,4.964558,4.964558,0.9375,1.1527913253528976,46,429.6134352,41,33.68303669999999,60.630551300000015,0,59.88725531044013,97.48645111198856,41
Kentucky,Frankfort,Louisville,gpt2-xl,20,has_competitor,False,5.1687703,6.7837825,0.25,0.0003225806451612903,-3.127857,-10.608034,0.2801895000000001,-0.7265149999999991,281.9277982,0,5.424265300000001,5.424265300000001,0.9375,1.0225522391279827,46,428.2113683,30,30.590831500000007,64.8396791,0,63.2127857369513,102.76537052478629,41
Louisiana,Baton Rouge,New Orleans,gpt2-xl,21,has_competitor,True,4.963977,6.7716312,0.058823529411764705,0.000925925925925926,-4.523161,-9.287246,-1.1894866,-2.3828832999999996,277.6722898,0,5.442449399999999,4.6122744,1.0,2.2018108651216215,32,432.8437515,28,12.2425102,135.75933830000002,28,79.88708992109595,73.25552051037018,28
Louisiana,Baton Rouge,New Orleans,gpt2-xl,21,has_competitor,False,4.9357796,6.727109,0.0625,0.0007880220646178094,-4.4349885,-9.485061,-0.9189210000000001,-2.5436614000000004,276.13802910000004,0,5.675287999999999,5.000895000000001,1.0,1.9958387461743636,32,437.96659999999997,25,11.0912787,135.16473159999998,22,77.7879791122402,71.60724467767292,28
Maine,Augusta,Portland,gpt2-xl,22,has_competitor,True,5.2042074,6.697653,0.14285714285714285,0.0001950078003120125,-3.6893637,-11.318921,0.03513730000000015,0.4431370000000001,285.19179740000004,0,1.4654160000000012,0.9588209999999986,0.3125,1.9924706465749655,34,431.93592509999996,23,33.96654819999999,12.485985000000005,13,45.77621702238651,37.62106868829986,35
Maine,Augusta,Portland,gpt2-xl,22,has_competitor,False,5.1908283,6.6903224,0.125,0.00020279862096937742,-3.775773,-11.273582,-0.2936209999999999,0.49602900000000005,284.6071291,0,1.2791340000000009,0.710427000000001,1.0,2.3182190236512006,37,432.8173504,23,33.8934971,14.164021700000003,13,50.84685817378621,42.64170793551772,32
Maryland,Annapolis,Baltimore,gpt2-xl,23,has_competitor,True,4.905192,6.6022367,0.25,0.0009009009009009009,-3.5196795,-9.388271,0.5037508000000002,0.5335730000000005,275.4764915,0,2.590224,2.590224,0.8333333333333334,0.9886151958714342,46,403.0781794,34,17.948853700000004,33.5144126,38,72.76054918586368,76.69504334748606,38
Maryland,Annapolis,Baltimore,gpt2-xl,23,has_competitor,False,4.996388,6.65076,0.25,0.0010515247108307045,-3.4355354,-9.1815,0.3411780000000002,0.6647789999999993,278.3957538,0,2.6659186000000004,2.6659186000000004,0.875,1.1221413490185639,46,397.9080572,34,17.8127127,34.1447323,16,69.95134414290526,77.92577385017432,38
Michigan,Lansing,Detroit,gpt2-xl,24,has_competitor,True,5.187319,6.6964293,0.047619047619047616,5.384739647838027e-05,-4.869379,-13.804042,-1.1000470000000004,-2.032387,282.639149,0,3.2120884999999997,2.5509420000000005,1.0,1.9911015336909248,36,499.1397223,28,0.0,115.9055713,25,26.972710802203032,49.58802579623798,25
Michigan,Lansing,Detroit,gpt2-xl,24,has_competitor,False,5.173954,6.7171607,0.034482758620689655,5.0671395996959714e-05,-5.1612406,-13.980243,-1.3153868000000002,-2.0963390000000004,281.649778,0,3.0603172000000005,2.4004251999999995,1.0,2.0020963403632495,36,501.7486732,28,0.0,115.85201110000001,25,26.382192909297142,45.55874328802091,25
Minnesota,St. Paul,Minneapolis,gpt2-xl,25,has_competitor,True,5.0366344,6.5251164,0.5,0.0011198208286674132,-3.1336603,-9.125584,0.4870534000000002,3.241925,281.5205102,0,2.6757422999999996,2.6757422999999996,0.9166666666666666,1.9702891521337573,46,356.088614,23,86.2890693,22.8271092,0,75.4337933845604,83.84235357551243,38
Minnesota,St. Paul,Minneapolis,gpt2-xl,25,has_competitor,False,5.0678043,6.5685735,0.16666666666666666,0.0011210762331838565,-3.4694805,-9.087803,0.14762399999999998,3.0744440000000015,281.8404055,0,3.3345197,3.3345197,0.9375,1.1691531992582727,46,365.1083824,23,82.0386294,32.6592451,0,74.63892430501332,94.46297705458474,37
Montana,Helena,Billings,gpt2-xl,26,has_competitor,True,4.7980404,6.876545,0.5,8.857395925597875e-05,-2.1789987,-12.622553,0.9541388,-2.8916780000000006,282.2510233,0,3.6201479999999986,3.6201479999999986,0.5625,4.698151695557704,39,446.393552,30,54.07461589999999,71.15793649999999,25,102.63280326047298,67.5571840470945,30
Montana,Helena,Billings,gpt2-xl,26,has_competitor,False,4.940931,6.787963,0.3333333333333333,9.028530155290719e-05,-2.9793577,-12.650655,0.05750659999999996,-3.106776,281.67423829999996,0,4.009818000000001,4.009818000000001,0.5625,2.280295152125527,46,456.9040109,30,41.3062491,72.0685635,23,99.97912936082639,82.31392632104321,30
Nebraska,Lincoln,Omaha,gpt2-xl,27,has_competitor,True,5.151889,6.589254,0.5,0.0006075334143377885,-3.3005967,-9.869884,0.08974830000000011,0.9349239999999988,280.1943182,0,2.7320724,2.7320724,0.9166666666666666,2.178278704961084,46,370.9232415,34,69.85449009999998,28.0954295,0,45.692113618385754,73.15513099512235,9
Nebraska,Lincoln,Omaha,gpt2-xl,27,has_competitor,False,5.0316358,6.5916243,0.09090909090909091,0.0005359056806002144,-3.9959455,-10.024933,-0.5609183999999998,1.048534,281.37521660000004,0,1.8765948999999997,1.8765948999999997,1.0,1.079465592687495,34,382.4022455,34,67.0311943,23.944217399999992,0,38.036637984389856,68.4227145730265,9
Nevada,Carson City,Las Vegas,gpt2-xl,28,has_competitor,True,5.09776,6.7012186,0.25,0.0003436426116838488,-3.3592446,-10.569631,0.4032334000000004,0.5978500000000011,284.1617829,0,2.0887137,2.0887137,0.9375,1.439493544203875,46,449.6457678,28,3.4085057999999986,41.801222900000006,21,43.44871636110715,73.53047757277653,40
Nevada,Carson City,Las Vegas,gpt2-xl,28,has_competitor,False,5.1327353,6.696199,0.2,0.0003245699448231094,-3.3626695,-10.631346,0.2699446000000001,0.27597199999999944,284.79152320000003,0,2.0956744,2.0956744,0.9375,1.4117115997932845,46,447.541338,28,2.1577441,43.935935100000016,21,44.2739674178718,74.89522089238832,31
New Hampshire,Concord,Manchester,gpt2-xl,29,has_competitor,True,5.0112705,6.808322,0.5,0.00013819789939192924,-2.279365,-11.840525,1.9520870000000001,-0.6336459999999988,283.6990197,0,3.1197,3.1197,0.5625,3.781536965441889,37,431.0850272,25,49.5850094,16.643407000000003,19,85.97276542630108,39.186600036759465,30
New Hampshire,Concord,Manchester,gpt2-xl,29,has_competitor,False,5.123514,6.8110776,0.5,0.00012229423994129877,-2.98263,-12.059021,1.0603416000000006,-0.7249970000000001,283.45525469999995,0,3.2074005000000003,3.2074005000000003,0.625,2.0057268956804397,46,445.94860830000005,25,36.2472591,17.984367499999998,19,78.05495326651064,46.218468834992606,30
New Jersey,Trenton,Newark,gpt2-xl,30,has_competitor,True,4.975234,6.48959,0.14285714285714285,0.0004899559039686428,-3.6478727,-10.2187,0.4574652999999995,-0.5875889999999995,274.0559661,0,3.549272,3.549272,0.8958333333333334,1.0742994264130372,46,444.17926079999995,13,2.292359800000001,65.1575759,38,42.781342847004666,73.36540965131783,25
New Jersey,Trenton,Newark,gpt2-xl,30,has_competitor,False,5.00268,6.459316,0.1111111111111111,0.0004655493482309125,-3.9011045,-10.295634,-0.08851820000000021,-0.6432000000000002,274.58750310000005,0,3.525445799999999,3.525445799999999,1.0,0.8187596927327998,46,448.29677560000005,13,0.14349850000000153,71.56385819999997,17,42.991414077485224,76.5076492288468,13
New Mexico,Santa Fe,Albuquerque,gpt2-xl,31,has_competitor,True,4.9183397,6.7527437,0.3333333333333333,0.004,-3.0151696,-7.5586114,0.5960559999999999,3.2542016,280.75502819999997,0,1.0387116,1.0387116,0.8958333333333334,2.248726874064401,46,355.62002169999994,30,91.59358970000002,5.3807014,0,52.90745464456366,50.77237470366435,18
New Mexico,Santa Fe,Albuquerque,gpt2-xl,31,has_competitor,False,4.9285026,6.669825,0.16666666666666666,0.0031446540880503146,-3.396346,-7.845734,0.24791819999999998,3.031445999999999,278.8485589,0,0.9790051000000002,0.9790051000000002,0.8958333333333334,1.4497284398075962,46,369.0783432,23,89.68017870000004,5.418090200000002,0,49.86569884370921,48.228564783296896,18
New York,Albany,New York,gpt2-xl,32,has_competitor,True,4.606696,6.4842362,1.0,0.0006657789613848203,-2.0345435,-9.819075,0.15789610000000032,-2.9972867,256.6686469,0,4.651676999999999,3.711518699999999,1.0,12.758301921243593,46,333.99923297,28,6.217280430000001,86.98436260000001,28,65.97433072321854,56.240745781025375,33
New York,Albany,New York,gpt2-xl,32,has_competitor,False,4.534526,6.3633566,0.5,0.0007132667617689016,-2.138293,-9.78771,-0.06616499999999981,-2.9206150000000006,256.39706620000004,0,4.574558,3.6504647000000015,1.0,10.183668849510608,33,342.30382341000006,28,2.5841263900000007,89.9611957,23,64.3809764909627,56.69194214533642,33
North Carolina,Raleigh,Charlotte,gpt2-xl,33,has_competitor,True,4.9540477,6.832569,0.3333333333333333,0.0001599488163787588,-3.3690162,-11.616583,1.9960687999999998,-0.24920100000000112,281.2217694,0,2.5146569999999997,2.5146569999999997,0.5833333333333334,2.8464916974266377,46,426.3402771,28,25.131334899999995,31.60009200000001,17,53.0975081871971,19.99707466642792,33
North Carolina,Raleigh,Charlotte,gpt2-xl,33,has_competitor,False,5.0040274,6.8841906,0.3333333333333333,0.00018244845831052726,-3.2658849,-11.380003,1.1051216,-0.18849849999999968,283.4395412,0,2.579829,2.579829,0.8541666666666666,3.278434797073201,46,420.89688219999994,28,10.060143000000002,32.00141,17,47.535575805515506,28.03553205364025,32
North Dakota,Bismarck,Fargo,gpt2-xl,34,has_competitor,True,4.788851,6.690667,0.3333333333333333,0.00392156862745098,-2.7412734,-7.601797,-0.10245799999999994,8.147613,274.687419,0,1.7526457999999998,1.7526457999999998,1.0,1.7001517367608772,45,329.02535589999997,0,207.9241499,11.393479699999997,0,98.422641271991,85.73933847757137,45
North Dakota,Bismarck,Fargo,gpt2-xl,34,has_competitor,False,4.7146106,6.740093,0.25,0.0035335689045936395,-3.2009578,-7.6927443,-1.0084838,7.9577857,275.3004023,0,1.8610794999999998,1.8610794999999998,1.0,1.0930818244060196,46,335.1385974,0,200.48899639999996,24.412722700000003,0,92.57607373137317,102.14294628744588,45
Oregon,Salem,Portland,gpt2-xl,35,has_competitor,True,4.982688,6.9259176,0.5,0.00023889154323936931,-2.7089882,-10.943147,1.6516132000000003,0.9612639999999999,289.1505364,0,0.801526,0.801526,0.6666666666666666,3.5649153976787504,46,419.5132724,30,35.0522646,3.3519246000000003,19,41.59126546636924,36.58082118355795,27
Oregon,Salem,Portland,gpt2-xl,35,has_competitor,False,5.04049,6.8014574,0.16666666666666666,0.00019290123456790122,-3.49138,-11.312731,0.5282399999999998,0.9148980000000009,286.1986278,0,1.5608464,1.5608464,0.7916666666666666,1.7972971653740253,37,439.351453,18,19.480985600000004,7.419421400000003,21,37.7368207298299,42.477790580876544,32
Pennsylvania,Harrisburg,Philadelphia,gpt2-xl,36,has_competitor,True,4.7769604,6.836781,0.5,0.000819000819000819,-2.2530267,-9.370421,1.3168044,-1.1091689999999996,283.0004051,0,2.5809613999999996,2.5809613999999996,0.8333333333333334,2.6825029622026966,46,363.3601479,32,13.787332500000002,26.598856499999997,38,64.00728761208073,67.60567502890406,32
Pennsylvania,Harrisburg,Philadelphia,gpt2-xl,36,has_competitor,False,4.873763,6.8196154,0.3333333333333333,0.0008012820512820513,-2.759394,-9.421697,0.3729800000000001,-1.016387,281.8666584,0,3.4598315000000004,3.4598315000000004,0.9583333333333334,1.7213638061197425,46,375.38325410000004,32,6.007177199999995,38.997409899999994,38,56.58115766834912,81.47482264884425,32
South Dakota,Pierre,Sioux Falls,gpt2-xl,37,has_competitor,True,4.8922706,6.8065686,0.3333333333333333,0.0030211480362537764,-2.6574655,-7.8970814,-0.1602020999999998,5.7915556,281.764342,0,1.5807042000000004,1.5807042000000004,1.0,1.2564254836415367,46,402.9747514,30,116.7873341,9.755811699999999,0,95.12463634111296,78.03070854478582,30
South Dakota,Pierre,Sioux Falls,gpt2-xl,37,has_competitor,False,4.72043,6.8363276,0.3333333333333333,0.0040650406504065045,-2.7226226,-7.599684,-0.6940611999999997,5.571028999999999,276.6194791,0,0.5067016000000004,0.5067016000000004,1.0,1.3364803740674458,46,407.1313347,30,114.86947139999998,8.975575899999999,0,95.04962072488183,80.95049313621737,30
Texas,Austin,Houston,gpt2-xl,38,has_competitor,True,4.8563514,6.5370836,0.16666666666666666,0.0005952380952380953,-3.5241907,-9.944187,1.5689662999999996,-0.5590049999999991,279.5803743,0,2.669996000000001,2.015975000000001,0.7083333333333334,1.896207373228588,46,390.5746126,28,16.7439519,38.224638999999996,13,43.99534615060277,35.01907194576975,34
Texas,Austin,Houston,gpt2-xl,38,has_competitor,False,4.875982,6.607401,0.14285714285714285,0.0005892751915144372,-3.851922,-9.920907,0.8066019999999998,-0.6608269999999994,281.213358,0,2.7086509999999997,2.0483290000000007,0.8541666666666666,1.2905449179592963,46,400.48796560000005,23,4.069154599999999,49.77058640000002,13,32.23550352420819,48.83204114624596,39
Vermont,Montpelier,Burlington,gpt2-xl,39,has_competitor,True,5.1662135,6.5498466,0.16666666666666666,0.0017064846416382253,-3.424076,-8.630356,0.9668410000000001,3.1933099999999985,279.61257520000004,0,2.8435730999999995,2.8435730999999995,0.8958333333333334,0.9057870702038376,45,393.6920442,13,56.14820570000001,12.3387002,0,66.95304134247048,77.98610470359415,38
Vermont,Montpelier,Burlington,gpt2-xl,39,has_competitor,False,5.227773,6.5424886,0.14285714285714285,0.001763668430335097,-3.9580152,-8.604744,0.06689079999999947,3.071346,279.74627460000005,0,3.5275003000000003,3.5275003000000003,0.9791666666666666,0.6848682455947147,46,399.42429430000004,13,50.865128299999995,20.3725546,0,58.138205920411416,84.18491870317975,38
Virginia,Richmond,Virginia Beach,gpt2-xl,40,has_competitor,True,5.1024966,6.8534517,0.1,0.00013598041881968996,-4.1059723,-11.858821,-0.4050090000000002,-2.154651000000001,283.9697961,0,2.718397000000001,2.718397000000001,1.0,2.638270631978549,37,399.4608809,28,0.19741440000000043,60.95880760000003,22,43.237580459086374,36.96167313007859,31
Virginia,Richmond,Virginia Beach,gpt2-xl,40,has_competitor,False,5.0833406,6.6811256,0.1,0.00010067451927917044,-4.057818,-12.460173,-0.42669400000000035,-2.4870529999999995,281.5716814,0,3.0621459999999994,3.0621459999999994,1.0,1.8880108709431815,34,410.5803242,28,0.0,67.15763849999996,22,40.96521921316152,35.64114944098745,31
Washington,Olympia,Seattle,gpt2-xl,41,has_competitor,True,4.980972,6.5306454,0.25,0.0001331026221216558,-3.3447359,-12.057383,1.0814031000000002,-1.8911879999999996,280.0190506,0,3.578761,2.7239320000000014,0.8125,1.3728090028959112,46,485.4307499,18,4.920613599999999,76.8330282,31,51.25812889172314,37.342726664975636,31
Washington,Olympia,Seattle,gpt2-xl,41,has_competitor,False,4.9976997,6.582943,0.25,0.00014575134819997084,-3.1722374,-11.873907,0.9721351,-1.8742875000000012,279.85886259999995,0,3.6824150000000007,2.901083,0.7083333333333334,1.777526837513,46,480.7541788,18,6.4273312,77.9787254,32,56.67785759579474,40.19782296676038,32
Wisconsin,Madison,Milwaukee,gpt2-xl,42,has_competitor,True,4.7924333,6.536334,0.5,0.00022670596236681024,-2.5156627,-11.227763,2.1758822999999996,2.5341820000000013,282.99316120000003,0,0.9651049999999994,0.0,0.2708333333333333,5.807937411216124,34,396.4893624,23,61.386998,6.145515999999995,13,44.40349466161216,19.242472917755812,13
Wisconsin,Madison,Milwaukee,gpt2-xl,42,has_competitor,False,4.810432,6.5490065,0.5,0.00023696682464454977,-2.6388702,-11.162408,1.5018278000000005,2.422085000000001,283.7682608,0,1.0438399999999994,0.010780000000000456,0.2916666666666667,5.829994508692175,34,398.85836739999996,23,44.73781369999998,6.957961499999998,13,40.65836551063255,28.134897927304866,13
Austria,Vienna,Graz,gpt2-xl,43,no_competitor,True,4.9304943,6.989473,0.3333333333333333,0.001996007984031936,-2.8997254,-8.309466,0.24080860000000026,0.34788599999999903,278.122358,0,2.2786150000000003,1.1921589999999984,1.0,4.760304299585835,36,330.2154699,23,64.21030359999999,8.403154999999998,1,126.27937661617915,88.81909999887297,36
Austria,Vienna,Graz,gpt2-xl,43,no_competitor,False,4.9238815,6.8027086,0.2,0.0025188916876574307,-3.0827312,-8.079633,-0.3879184000000002,0.7208050000000004,280.1530797,0,1.8865306000000004,0.8683451000000009,1.0,5.818184195008866,35,326.2779154,23,59.960931099999996,10.695394799999999,1,121.41219023009967,84.95682761265094,35
Egypt,Cairo,Alexandria,gpt2-xl,44,no_competitor,True,4.8592243,6.600151,0.5,0.00102880658436214,-2.5765624,-9.220104,1.2027096000000004,-0.03352049999999984,275.618018,0,0.41623050000000106,0.41623050000000106,0.5625,4.711537748387629,35,373.40223849999995,20,36.6903049,1.2613150000000015,26,62.22487016169089,31.611940858342663,26
Egypt,Cairo,Alexandria,gpt2-xl,44,no_competitor,False,4.826253,6.5868053,0.5,0.0008764241893076249,-2.655549,-9.434021,0.7695499999999997,-0.1945800000000002,275.23021,0,0.4664389999999994,0.4664389999999994,0.9583333333333334,3.431646819331346,46,384.0262935,20,18.963232299999998,2.5377103,26,50.137405456864684,36.22245955404602,26
France,Paris,Marseille,gpt2-xl,45,no_competitor,True,4.995998,6.639182,0.25,0.005076142131979695,-3.002082,-7.275512,1.7090339999999995,1.2323329999999997,280.4750111,0,0.10280700000000031,0.0,0.041666666666666664,5.82327350328392,38,302.41599940000003,13,98.94070399999998,0.10280700000000031,0,86.02228407471787,26.014843169312304,39
France,Paris,Marseille,gpt2-xl,45,no_competitor,False,5.0009203,6.6987543,0.5,0.005952380952380952,-2.8825948,-7.083824,1.4194539000000002,1.2764970000000009,282.18737869999995,0,0.08112099999999955,0.0,0.041666666666666664,6.312547064346813,37,297.922682,13,87.29837150000002,0.08112099999999955,0,75.5603833828179,27.568586866106955,13
Germany,Berlin,Hamburg,gpt2-xl,46,no_competitor,True,4.8031416,6.752722,1.0,0.010752688172043012,-1.7451526,-6.448183,2.9215894000000002,5.703471,280.46702700000003,0,0.6745490000000007,0.0,0.22916666666666666,14.415095949579667,34,317.79376279999997,30,113.63623559999999,3.0868889999999993,18,84.60296853096541,9.296907872166193,20
Germany,Berlin,Hamburg,gpt2-xl,46,no_competitor,False,4.8275704,6.7903867,1.0,0.01282051282051282,-1.8438263,-6.2363243,1.7960911,5.719049700000001,282.6386529,0,0.7426960000000005,0.0,0.22916666666666666,12.942007257787873,30,318.9182352,30,94.44792309999998,3.622033000000002,18,73.24737835036717,21.57205586515927,21
Italy,Rome,Milan,gpt2-xl,47,no_competitor,True,5.15267,6.805511,0.3333333333333333,0.002564102564102564,-3.1240156,-8.08831,0.5641079000000002,2.2070980000000002,284.2917613,0,0.0,0.0,0.020833333333333332,3.831541711373408,41,347.9581805,13,71.85633729999999,0.0,0,43.77201967304527,26.71297954170234,31
Italy,Rome,Milan,gpt2-xl,47,no_competitor,False,5.105818,6.756748,0.2,0.0024096385542168677,-3.2413876,-8.132381,0.23254740000000007,2.199413999999999,282.5088111,0,0.0,0.0,0.020833333333333332,2.4374109514015934,34,357.7668572,13,61.552970200000004,0.0,22,42.94475294325059,38.069438811390306,37
Japan,Tokyo,Yokohama,gpt2-xl,48,no_competitor,True,4.9226804,6.784013,0.5,0.0014792899408284023,-2.3638253,-8.7445755,1.4870291,3.2259975,282.34452480000004,0,0.0,0.0,0.020833333333333332,7.495398697481576,35,371.4249676,29,110.61333249999998,0.0,0,72.29051581444632,25.15954140955939,29
Japan,Tokyo,Yokohama,gpt2-xl,48,no_competitor,False,4.871431,6.717116,0.5,0.0013531799729364006,-2.3442214,-8.877864,1.3599767000000003,3.0467594999999985,280.7569226,0,0.0,0.0,0.020833333333333332,3.5877135591001075,37,379.8312417,29,108.93702560000004,0.0,0,72.37544618176172,22.911460373005777,30
Korea,Seoul,Busan,gpt2-xl,49,no_competitor,True,4.827565,6.700366,0.2,0.0021645021645021645,-3.0819182,-8.269618,-0.6239538000000002,1.5821240000000003,276.26811480000003,0,0.3285391999999985,0.09399039999999959,1.0,8.371739422358694,34,365.56047044,13,73.90339246,4.723103299999998,11,146.43650174819103,61.55978270318835,30
Korea,Seoul,Busan,gpt2-xl,49,no_competitor,False,4.7566643,6.5906296,0.25,0.0018050541516245488,-2.9491045,-8.55337,-0.7231310999999998,1.1296290000000013,273.09518449999996,0,0.19182389999999927,0.13158389999999898,1.0,8.648875718265499,34,365.8569759,13,65.92559080000001,6.410687399999995,11,147.29846620819714,64.54144699203894,30
Russia,Moscow,Saint Petersburg,gpt2-xl,50,no_competitor,True,5.021036,6.4507656,0.5,0.000968054211035818,-2.711014,-9.413231,0.7114406,-1.2688179999999996,276.0233042,0,1.4162999999999997,1.4162999999999997,0.5625,11.431090353591673,35,353.60584059999996,30,85.81173999999999,4.637959799999998,30,136.58024960459213,57.81685308032867,30
Russia,Moscow,Saint Petersburg,gpt2-xl,50,no_competitor,False,4.8982067,6.4102817,0.5,0.0008285004142502071,-2.6523738,-9.60998,0.5785684,-1.5733040000000003,274.51486739999996,0,1.588030999999999,1.588030999999999,0.5625,10.696978490859992,35,358.7909876,30,79.02338309999999,6.1344767000000004,30,131.68190106098228,59.27756321456638,30
Spain,Madrid,Barcelona,gpt2-xl,51,no_competitor,True,4.9768853,6.763385,0.5,0.0004880429477794046,-2.8480577,-10.066298,1.4271060000000002,-1.9516489999999997,284.7468316,0,1.9516489999999997,1.9516489999999997,0.625,6.890490332086733,38,324.73619440000004,28,43.59332849999999,14.6855262,38,42.880322276215296,28.411170076751866,38
Spain,Madrid,Barcelona,gpt2-xl,51,no_competitor,False,4.9945116,6.814145,0.5,0.0005488474204171241,-2.8982992,-9.902488,1.0803089000000003,-1.8219919999999998,284.762919,0,1.8219919999999998,1.8219919999999998,0.6666666666666666,6.147018956055662,41,325.14228330000003,28,35.093293499999994,13.4824761,23,34.00870737848562,28.61568553073513,23
Sweden,Stockholm,Gothenburg,gpt2-xl,52,no_competitor,True,4.9229774,6.725834,0.2,0.00016616816218012627,-3.201918,-11.612043,-0.3307047999999999,2.3518810000000006,281.1737074,0,0.07083180000000056,0.07083180000000056,1.0,2.2134149519974935,42,436.7526406,28,96.50610520000002,0.7322414000000004,23,99.62181819936676,51.07537101071377,30
Sweden,Stockholm,Gothenburg,gpt2-xl,52,no_competitor,False,4.816288,6.692466,0.2,0.0001795009872554299,-3.3290253,-11.511273,-0.9571833000000001,2.3561760000000014,281.170995,0,0.0,0.0,1.0,2.6131128655214595,46,432.50356680000004,28,89.2725406,2.2264114000000004,23,95.31793885785756,57.389364423672134,30
United Kingdom,London,Birmingham,gpt2-xl,53,no_competitor,True,4.910374,6.9986916,0.5,0.001288659793814433,-2.7153983,-8.831526,1.4224242999999999,0.862677999999999,290.6419768,0,0.12368899999999972,0.12368899999999972,0.625,7.6060874272035335,30,331.53631929999995,30,50.531231400000024,0.31220039999999916,18,79.82941752229279,35.10332206295017,31
United Kingdom,London,Birmingham,gpt2-xl,53,no_competitor,False,4.9168515,6.9678593,0.5,0.0017094017094017094,-2.6877937,-8.510281,0.6356845,1.1651279999999993,291.63342650000004,0,0.23299749999999975,0.23299749999999975,0.4166666666666667,7.607589195893784,30,329.9553692,30,42.93214859999999,0.3879405000000009,18,78.29218455837432,42.948150211048244,32
Arizona,Phoenix,Tucson,gpt2-xl,54,no_competitor,True,4.987767,6.866288,0.2,0.0008183306055646482,-3.328425,-9.388193,0.8171567,-0.20992999999999995,285.2441015,0,2.1725090000000016,1.4564330000000005,0.7916666666666666,2.7217849117936685,28,373.7305467,18,10.466670399999996,16.2193869,18,39.190825469056925,38.94489363466773,27
Arizona,Phoenix,Tucson,gpt2-xl,54,no_competitor,False,5.0090723,6.83111,0.2,0.0009208103130755065,-3.53598,-9.264058,0.3597984000000003,-0.24153599999999997,285.3591686,0,2.200811999999999,1.5497190000000014,0.9375,2.2138171242669116,46,378.52686470000003,18,4.7857568999999955,22.536807600000014,18,37.97134834350848,44.985851965805544,27
Colorado,Denver,Colorado Springs,gpt2-xl,55,no_competitor,True,5.001952,6.840313,0.3333333333333333,0.000727802037845706,-3.0875902,-9.527899,0.12617779999999978,-0.5937009999999994,275.47577720000004,0,2.6231159999999996,2.3513625000000005,1.0,10.531670717818336,33,345.2081306,28,4.839743399999999,37.80005630000001,18,30.935962137886023,37.72266006834818,34
Colorado,Denver,Colorado Springs,gpt2-xl,55,no_competitor,False,4.993105,6.7515388,0.16666666666666666,0.000819672131147541,-3.5106282,-9.424244,-0.2796597000000003,-0.5156960000000002,277.2542975,0,2.364493299999999,2.079490300000001,1.0,7.229221876316056,33,353.1682044,28,1.9899694999999995,42.99356190000001,18,30.260801593126093,41.391069116054254,23
Georgia,Atlanta,Augusta,gpt2-xl,56,no_competitor,True,5.0994635,6.6989517,0.05263157894736842,0.00033921302578018993,-4.510522,-10.562038,-1.5050780000000001,0.4492060000000002,280.5908462,0,0.5823195000000001,0.5823195000000001,1.0,1.5081971950473823,34,375.27308619999997,28,56.6595353,21.6007985,20,40.593838675025644,54.592381587460224,33
Georgia,Atlanta,Augusta,gpt2-xl,56,no_competitor,False,5.0220337,6.6695023,0.043478260869565216,0.00031436655139893113,-4.7900248,-10.679641,-2.1685238000000004,0.4527594999999991,282.2638017,0,0.5735000999999991,0.5735000999999991,1.0,1.025997034559538,34,388.842749,23,53.810490099999996,33.648979000000004,0,32.965405976320895,60.551302384523886,33
Hawaii,Honolulu,Hilo,gpt2-xl,57,no_competitor,True,4.868814,6.6676702,0.07142857142857142,0.000243842965130456,-4.3589306,-11.03233,-1.6958956,-2.9095130000000005,278.5693878,0,4.6980719,4.6980719,1.0,0.5546764686533789,46,477.07650490000003,30,0.0,160.54645930000004,30,64.49874055982038,100.03157563470793,30
Hawaii,Honolulu,Hilo,gpt2-xl,57,no_competitor,False,4.909601,6.6028066,0.08333333333333333,0.00023724792408066428,-4.296398,-11.113319,-1.4852664999999998,-3.136532400000001,278.11932889999997,0,5.173514500000001,5.173514500000001,1.0,0.7679446674793955,46,466.5938383,30,1.8911577,150.88161970000002,30,74.38184049880184,95.37305412306787,30
Idaho,Boise,Meridian,gpt2-xl,58,no_competitor,True,5.0816126,6.8503776,0.5,0.00016053941242575052,-2.6517818,-11.571402,3.1872951999999994,0.44138399999999933,288.4173076,0,3.0322440000000004,2.8190519999999992,0.4166666666666667,3.218072421064621,46,419.8569769,25,51.631515,35.21665499999999,18,69.23936805201653,30.82686114300551,28
Idaho,Boise,Meridian,gpt2-xl,58,no_competitor,False,5.02913,6.7927427,0.5,0.00016371971185330714,-2.5009606,-11.582702,1.9007899999999998,0.4007050000000003,288.5087565,0,3.035729999999999,2.8297310000000007,0.4166666666666667,3.9562945572838166,46,414.5547275,23,41.0197912,35.53528000000001,18,65.40009512726992,36.96605075464601,23
Massachusetts,Boston,Worcester,gpt2-xl,59,no_competitor,True,5.184429,6.745677,0.1111111111111111,0.0003022061045633122,-4.2042656,-10.715017,0.9732117999999996,2.5489630000000005,283.7755905,0,0.0,0.0,0.020833333333333332,1.1017303386945958,46,407.5966629,28,72.97672280000002,0.0,21,56.420539916720884,30.45205925014807,28
Massachusetts,Boston,Worcester,gpt2-xl,59,no_competitor,False,5.198158,6.729577,0.1111111111111111,0.0003049710277523635,-4.265414,-10.713766,0.2679809999999998,2.361460000000001,284.7624691,0,0.0667920000000013,0.0667920000000013,0.9583333333333334,1.0139554580759162,46,410.1520412,28,58.0528638,0.16203700000000065,21,49.31738983947522,31.331738325611205,36
Ohio,Columbus,Cleveland,gpt2-xl,60,no_competitor,True,5.046876,6.760877,0.3333333333333333,0.0019267822736030828,-2.9638133,-8.380157,1.7004967000000004,0.11959099999999978,276.7750976,0,0.8686980000000002,0.7020776,0.7708333333333334,2.881523661615706,46,326.0136263,25,16.856311299999994,5.8353797000000025,1,49.99398820289867,30.365674837632483,35
Ohio,Columbus,Cleveland,gpt2-xl,60,no_competitor,False,5.1041746,6.7962365,0.16666666666666666,0.001658374792703151,-3.542189,-8.536227,0.4094820000000001,-0.15213100000000068,275.32895279999997,0,1.8658151999999997,1.8658151999999997,0.9583333333333334,1.9196647495431622,33,338.3540792,28,6.290106500000002,20.7212048,1,42.41924734388945,43.2183348172103,35
Rhode Island,Providence,Warwick,gpt2-xl,61,no_competitor,True,4.986479,6.9975696,0.5,0.0007183908045977011,-2.7638192,-9.482797,1.5971365,2.391027000000001,280.74584559999994,0,0.1070600000000006,0.0,0.16666666666666666,2.308170452417029,46,423.6936793,32,79.9387857,0.1070600000000006,28,74.67004107038782,37.61891517400176,28
Rhode Island,Providence,Warwick,gpt2-xl,61,no_competitor,False,5.0030203,6.892795,0.5,0.0005830903790087463,-2.7101674,-9.769862,1.0903946000000002,2.5099280000000004,280.4919605,0,0.18512100000000054,0.0,0.16666666666666666,2.4801353060190494,46,428.550067,32,74.78123919999997,0.18512100000000054,17,74.04140885514286,36.60502101888909,28
Tennessee,Nashville,Memphis,gpt2-xl,62,no_competitor,True,5.1117716,6.848408,0.5,0.00028595939376608524,-2.8905413,-10.735904,2.2037323,0.7623850000000001,280.4397868,0,0.6428739999999991,0.0,0.22916666666666666,4.88603936036288,37,394.16253770000003,28,64.8488622,1.281265999999997,17,71.93017421028503,17.146907775751323,33
Tennessee,Nashville,Memphis,gpt2-xl,62,no_competitor,False,5.167425,6.8065953,0.14285714285714285,0.00029403116730373417,-3.5759404,-10.705093,0.5801636000000001,0.7540119999999995,282.8673031,0,0.6186939999999996,0.0,0.22916666666666666,2.0236972696007443,34,408.04807519999997,28,33.17723230000001,1.380751,23,47.509284053505375,24.050859898302956,23
Australia,Canberra,Sydney,gpt2,1,has_competitor,True,6.645604,6.0800576,0.02857142857142857,0.00042283298097251583,-5.60044,-10.5177,-0.17909240000000004,0.7958560000000006,73.50077470000001,8,0.0,0.0,1.0,0.3697548950331208,8,114.0120856,8,8.522860800000002,0.3564864000000014,6,6.2200521337250265,0.0,3
Australia,Canberra,Sydney,gpt2,1,has_competitor,False,6.672281,6.070345,0.02564102564102564,0.0004032258064516129,-5.802094,-10.580173,-0.4447100000000006,0.7238299999999995,73.70833689999999,8,0.0,0.0,1.0,0.363668321845921,8,115.2503863,8,6.230582800000001,0.6392919999999993,6,6.188706342375717,0.0,3
Brazil,Brasilia,Rio de Janeiro,gpt2,2,has_competitor,True,6.60303,6.1596956,0.009615384615384616,0.00014371945961483184,-6.761711,-11.90386,-0.3715131999999999,-0.4268590000000003,71.7892116,6,0.8790187999999999,0.8790187999999999,1.0,0.06905659910020487,8,132.69458749999998,8,2.5975364999999995,4.396297799999999,0,1.8976884362454407e-15,5.510475125747255,4
Brazil,Brasilia,Rio de Janeiro,gpt2,2,has_competitor,False,6.6158466,6.184041,0.008620689655172414,0.00014415453366008361,-6.932062,-11.894067,-0.7012860000000005,-0.4918479999999992,71.7883099,8,0.8804000000000007,0.8804000000000007,1.0,0.05425961100428539,8,134.227195,8,2.4180069999999976,6.3021154000000035,0,1.9094474901329333e-15,5.223422802902108,4
Canada,Ottawa,Toronto,gpt2,3,has_competitor,True,6.664401,6.160743,0.030303030303030304,0.00034831069313827936,-5.4389505,-10.692995,-0.2225874999999995,0.1952840000000009,73.29054769999999,6,0.3259595000000015,0.10688550000000063,1.0,0.35781545744516585,9,114.7483098,8,1.7539416000000019,1.7865190000000002,8,1.3146145571340017e-15,0.7274026803806655,8
Canada,Ottawa,Toronto,gpt2,3,has_competitor,False,6.6354237,6.1490316,0.025,0.0003439972480220158,-5.8928847,-10.729403,-0.7777633000000002,0.19505499999999998,72.9492935,8,0.0,0.0,1.0,0.1964484358962212,9,117.4696991,8,0.4109075000000004,3.2963638000000057,4,1.1313925687639815e-15,0.28919667020368495,4
India,New Delhi,Mumbai,gpt2,4,has_competitor,True,6.5558014,6.0255785,0.1,0.0005045408678102926,-4.50595,-10.310397,1.7640914999999993,-0.015736000000000416,72.31630659999999,8,1.3082455,1.3082455,0.9166666666666666,0.1523063456138941,10,112.31655470000001,9,11.1337723,3.758953700000001,0,0.4829165671890995,0.0,3
India,New Delhi,Mumbai,gpt2,4,has_competitor,False,6.5394945,6.033056,0.038461538461538464,0.0005091649694501018,-5.184477,-10.294842,0.6460416999999996,-0.10352199999999989,72.4753431,8,2.3133164000000006,2.3133164000000006,1.0,0.0646144817310664,10,114.507613,0,9.6435217,7.6016407,0,0.5408984924477189,0.0,3
Morrocco,Rabat,Marrakesh,gpt2,5,has_competitor,True,6.813015,6.3648367,0.01282051282051282,5.05382321726386e-05,-6.504756,-13.342677,-0.9785767000000005,-2.9643929999999994,73.41581350000001,6,2.486548299999998,2.486548299999998,1.0,0.038290741958561,8,145.546533,8,0.5429460000000006,22.983926599999997,8,3.927421842008388e-15,4.126278633177316,2
Morrocco,Rabat,Marrakesh,gpt2,5,has_competitor,False,6.8803988,6.3648424,0.009523809523809525,4.643172215257464e-05,-6.898318,-13.534438,-1.6987459999999999,-3.1795469999999995,72.9988183,8,2.8026669999999996,2.8026669999999996,1.0,0.024333432632673267,8,149.30989269999998,0,0.5630030000000019,28.6685289,8,4.180227296140622e-15,3.945570817026371,2
New Zealand,Wellington,Auckland,gpt2,6,has_competitor,True,6.9250016,6.0343604,0.02857142857142857,0.00015167602002123465,-5.6764917,-11.95903,0.0904847000000002,0.08740599999999965,74.15949300000001,8,1.0762174999999998,1.0762174999999998,1.0,0.2338413985130771,8,126.2232607,8,5.5340222,2.832713699999999,9,2.6389011763624035,0.0,3
New Zealand,Wellington,Auckland,gpt2,6,has_competitor,False,6.901715,6.0864577,0.02127659574468085,0.0001489203276247208,-6.0581107,-11.957679,-0.4636687000000004,0.00815699999999886,73.9197226,8,1.7202339999999996,1.7202339999999996,1.0,0.13878838501183433,8,129.4570959,8,5.185720500000002,6.566023200000001,9,2.737864674064287,0.0,3
Pakistan,Islamabad,Karachi,gpt2,7,has_competitor,True,6.6850023,5.9580855,0.034482758620689655,0.0004116920543433512,-5.514371,-10.584085,0.07736959999999993,-0.08658400000000022,72.6484582,8,0.4772475000000007,0.4772475000000007,0.8333333333333334,0.8788339256484551,8,114.82124879999999,8,6.1937107,0.7400495000000005,8,1.6068525936001415e-15,0.22825789064093563,2
Pakistan,Islamabad,Karachi,gpt2,7,has_competitor,False,6.691263,5.9567866,0.02857142857142857,0.0003875968992248062,-5.650294,-10.66529,-0.3265076999999996,-0.15149300000000032,72.28631,8,0.420360800000001,0.420360800000001,1.0,0.4369816050728895,8,116.496022,8,5.056778000000002,1.9133970999999992,8,0.2019987181447097,0.0,3
South Africa,Pretoria,Johannesburg,gpt2,8,has_competitor,True,6.7701626,5.854678,0.01,3.792763407418645e-05,-6.70817,-14.906215,-0.46230300000000035,-1.3253199999999996,72.42766060000001,4,3.4707030000000003,2.324973999999999,1.0,0.047713346466275945,8,148.243189,8,0.0,21.262997299999995,0,1.6550530371605553e-15,2.97237513397551,6
South Africa,Pretoria,Johannesburg,gpt2,8,has_competitor,False,6.7222924,5.875903,0.006944444444444444,3.621351488375462e-05,-7.2120647,-15.023959,-1.0472792999999996,-1.503437,72.1614359,4,2.8647177000000017,2.3170076999999996,1.0,0.02113058963413785,9,152.3180967,8,0.0,25.552194699999994,0,2.171230940492389e-15,1.5585388701902845,6
Switzerland,Bern,Zurich,gpt2,9,has_competitor,True,6.7386727,5.9623775,0.015151515151515152,0.0001497678598172832,-6.189095,-11.976195,0.2443010000000001,0.10988899999999902,74.040116,4,1.9253747999999997,1.9253747999999997,1.0,0.1284274406893349,9,122.10646879999999,8,10.554238000000002,2.3668421,9,0.2372806879701507,0.0,3
Switzerland,Bern,Zurich,gpt2,9,has_competitor,False,6.7497025,5.9508824,0.012048192771084338,0.00013581420616596497,-6.473593,-12.133847,-0.2143934000000005,-0.05304899999999968,73.5804262,4,2.503076799999999,2.503076799999999,1.0,0.07609910493221766,9,125.3593265,8,8.950337,3.9884489999999997,9,0.6287844496617859,0.0,3
Turkey,Ankara,Istanbul,gpt2,10,has_competitor,True,6.4914503,5.7649355,0.016666666666666666,0.0002720348204570185,-6.1597643,-11.215705,0.039291399999999754,0.7166340000000009,71.4933853,3,0.45372769999999996,0.45372769999999996,0.9166666666666666,0.44247043361192684,8,115.272963,8,7.006318200000001,0.6461419000000017,0,1.829227741323161e-15,2.7527974710790883,0
Turkey,Ankara,Istanbul,gpt2,10,has_competitor,False,6.504712,5.7465158,0.014084507042253521,0.00025627883136852895,-6.3190484,-11.316722,-0.12915039999999944,0.6888674999999989,71.2186299,8,0.6186350000000003,0.6186350000000003,1.0,0.3459179596446312,8,116.9421619,8,6.378350499999996,1.4599913999999985,0,1.8257715594220413e-15,2.5182957777123556,0
United Arab Emirates,Abu Dhabi,Dubai,gpt2,11,has_competitor,True,6.5589743,5.7017665,0.043478260869565216,0.00015820281601012498,-5.2271404,-12.013982,1.3740921000000004,-0.3904540000000001,70.5953403,8,1.2129580000000004,1.2129580000000004,0.8333333333333334,0.8820790018386089,8,118.84943609999999,8,7.9007795000000005,2.4138494999999995,8,2.1900847449571568e-15,2.7063408544268652,5
United Arab Emirates,Abu Dhabi,Dubai,gpt2,11,has_competitor,False,6.540353,5.660651,0.029411764705882353,0.0001341381623071764,-5.713314,-12.346239,0.6211243000000009,-0.5283540000000002,69.5351599,8,1.5622539999999994,1.5622539999999994,0.9166666666666666,0.28212900755789116,8,124.3807173,8,4.819701599999998,5.0011514,0,1.8130996219433138e-15,2.460727903093508,5
Alabama,Montgomery,Birmingham,gpt2,12,has_competitor,True,6.5694094,6.10694,0.012048192771084338,0.0005482456140350877,-6.598631,-10.200956,-0.3236466,1.2945890000000002,71.0323574,8,0.3945083999999994,0.3945083999999994,1.0,0.07787351887899266,8,117.29620290000001,8,14.510045399999997,1.1425782999999994,8,1.8298348989278977e-15,7.048320651961962,5
Alabama,Montgomery,Birmingham,gpt2,12,has_competitor,False,6.579916,6.0786657,0.006802721088435374,0.0004977600796416127,-7.17972,-10.321449,-1.1261444999999997,1.2169345000000007,71.0516732,8,0.017454500000000372,0.017454500000000372,1.0,0.04067935586269153,9,120.54089220000002,8,13.427936000000003,4.0322857999999995,9,1.9150627482606898e-15,6.933669085719959,6
Alaska,Juneau,Anchorage,gpt2,13,has_competitor,True,6.633396,6.2777224,0.037037037037037035,0.00014511681903932666,-5.3010383,-11.8386545,1.6534880999999997,-0.17184950000000043,72.556982,8,1.9923970000000004,0.17184950000000043,0.5833333333333334,0.15130717519114303,9,123.0582109,0,12.547413599999999,2.164246500000001,0,3.262296428595343e-15,0.0,5
Alaska,Juneau,Anchorage,gpt2,13,has_competitor,False,6.6270766,6.1377482,0.017857142857142856,0.00011373976342129209,-6.2977257,-12.290255,0.22695929999999986,-0.3966259999999995,71.08412039999999,8,2.0700340000000006,2.0700340000000006,1.0,0.03777200236660905,9,131.9919567,0,5.690478300000001,7.360427500000001,0,4.13475256863413e-15,0.0,5
California,Sacramento,Los Angeles,gpt2,14,has_competitor,True,6.604409,6.2582507,0.014705882352941176,0.00010883761427949499,-6.4170027,-12.270233,-0.7401427000000007,-0.8981549999999991,74.13203770000001,8,2.1088657999999993,0.9370132999999994,1.0,0.05760432146612281,8,129.18679590000002,8,0.223885000000001,13.181303800000002,0,1.6588574733654913,0.0,3
California,Sacramento,Los Angeles,gpt2,14,has_competitor,False,6.625974,6.267107,0.011111111111111112,0.00011425959780621572,-6.6700044,-12.180267,-1.3738861,-0.8965160000000001,73.99563810000001,6,1.4533699000000002,0.3427808999999993,1.0,0.044722662906262554,8,130.4077143,8,0.0,16.0706603,0,1.9229273725987404,0.0,3
Connecticut,Hartford,Bridgeport,gpt2,15,has_competitor,True,6.803324,6.2716713,0.024390243902439025,0.0001269035532994924,-5.9220114,-12.057498,0.04999559999999992,-0.48421800000000026,74.75797,4,1.4408165000000004,1.4408165000000004,0.9166666666666666,0.15150379978807096,9,129.5536001,8,3.756797099999999,5.068284099999999,5,2.922417940383672e-15,5.435491583267827,5
Connecticut,Hartford,Bridgeport,gpt2,15,has_competitor,False,6.8788476,6.2445316,0.017241379310344827,0.00011970313622216902,-6.253433,-12.184723,-0.8819119999999998,-0.6167949999999998,75.2376257,4,1.1629333000000006,1.1629333000000006,1.0,0.09172553651849417,8,131.2848543,8,2.693607,10.016889499999998,5,3.333237441200696e-15,4.974902056196286,5
Delaware,Dover,Wilmington,gpt2,16,has_competitor,True,6.7295628,6.254323,0.006329113924050633,5.2623270009998424e-05,-7.2984524,-13.647853,-0.055580400000000196,-0.29574899999999893,72.626254,4,5.833782599999999,1.6631146,1.0,0.020742746440079646,8,155.92603400000002,8,0.5354260000000002,14.2817227,0,7.321505060066785,0.0,3
Delaware,Dover,Wilmington,gpt2,16,has_competitor,False,6.665678,6.2473044,0.0041841004184100415,5.102561485865905e-05,-7.8105664,-13.736133,-0.7877121000000002,-0.3381090000000011,72.4960232,4,5.077035900000002,0.9333488999999986,1.0,0.012336175951749403,8,158.44755379999998,8,0.0,16.322491900000003,0,7.646108623354896,0.0,3
Florida,Tallahassee,Jacksonville,gpt2,17,has_competitor,True,6.6584153,6.19033,0.018518518518518517,0.00014092446448703494,-6.1588287,-11.915674,0.5122147000000004,1.0432490000000012,72.5513942,8,0.8542829999999988,0.8542829999999988,0.8333333333333334,0.06342012974530765,9,136.84566619999998,8,6.360021200000002,1.0320709999999984,8,1.71737382066323,0.0,3
Florida,Tallahassee,Jacksonville,gpt2,17,has_competitor,False,6.6181717,6.1756754,0.0125,0.00014064697609001407,-6.5840864,-11.920942,-0.28127290000000027,0.9515919999999998,71.549004,8,0.9365275999999989,0.9365275999999989,1.0,0.036726137934353226,9,139.9879774,9,4.191590999999999,2.7089853999999995,4,0.7419099628129062,0.0,3
Illinois,Springfield,Chicago,gpt2,18,has_competitor,True,6.6898246,6.0858727,0.02564102564102564,0.0008116883116883117,-5.848097,-9.696316,-0.4614564999999997,-0.7331179999999993,73.5190085,4,1.1983854999999997,0.8184634999999991,1.0,0.1532311880536351,8,110.7417673,8,1.6614984000000002,8.256525499999999,6,10.047842402475945,0.0,3
Illinois,Springfield,Chicago,gpt2,18,has_competitor,False,6.673299,6.04646,0.017857142857142856,0.0007716049382716049,-6.2223024,-9.782944,-1.0393524000000003,-0.8417180000000002,73.223523,4,0.6335850999999995,0.2931215999999992,1.0,0.09717615603569185,8,113.18572130000001,8,0.6114379999999997,10.561815399999999,6,10.119510926732598,0.0,3
Kansas,Topeka,Wichita,gpt2,19,has_competitor,True,6.801381,6.196414,0.02631578947368421,0.00013440860215053763,-5.838631,-11.984361,0.711182,1.516699000000001,73.7003495,8,1.9550907000000004,1.9550907000000004,1.0,0.0531881118616641,9,128.7505224,9,13.220481500000002,1.9604351000000007,9,1.6638722739887137,0.0,3
Kansas,Topeka,Wichita,gpt2,19,has_competitor,False,6.800628,6.145316,0.022222222222222223,0.00012070006035003017,-5.987179,-12.202924,0.27777099999999955,1.349495000000001,73.5077813,8,3.0570507000000005,3.0570507000000005,1.0,0.04457195653652092,9,130.6271025,9,11.2303245,4.232554300000001,9,1.7036939651609595,0.0,3
Kentucky,Frankfort,Louisville,gpt2,20,has_competitor,True,6.753687,6.09519,0.02,0.00015313935681470137,-6.1383667,-11.824185,-0.09376529999999939,0.27224499999999985,73.5872524,8,0.9496596999999998,0.6358070000000007,1.0,0.046764263198263115,9,130.7708259,0,4.003725500000003,2.9841812999999986,0,2.547938836381828,0.0,3
Kentucky,Frankfort,Louisville,gpt2,20,has_competitor,False,6.718013,6.028643,0.014705882352941176,0.0001438021282714984,-6.407741,-11.958014,-0.48285669999999925,0.09809300000000043,73.0516473,8,1.1576013000000014,1.1576013000000014,1.0,0.03310017833128957,9,132.4894694,0,3.3680125000000025,5.179313599999999,0,2.266812276143615,0.0,3
Louisiana,Baton Rouge,New Orleans,gpt2,21,has_competitor,True,6.4761505,6.1231976,0.007936507936507936,5.1610239471511145e-05,-7.066805,-13.919522,-2.2266847,-4.2339600000000015,72.15475559999999,6,3.4865432999999992,3.4865432999999992,1.0,0.022696867443748308,8,149.9316553,8,0.0,37.823462,8,4.270777065215421e-15,5.092926719018313,2
Louisiana,Baton Rouge,New Orleans,gpt2,21,has_competitor,False,6.485566,6.1569376,0.005747126436781609,5.2929656486529405e-05,-7.4150033,-13.834846,-3.0825043,-4.185906000000001,72.0974665,8,2.6466727,2.6466727,1.0,0.01744633029678304,8,151.40670730000002,8,0.0,41.811300900000006,8,4.319451086752489e-15,4.939530397877215,2
Maine,Augusta,Portland,gpt2,22,has_competitor,True,6.856701,6.3743205,0.023255813953488372,7.493443237167478e-05,-5.9887257,-12.771422,-0.4057693999999996,-1.0731209999999987,74.25973889999999,8,1.9519496000000016,1.6628336,1.0,0.2910088160469706,8,125.35187860000002,6,3.1428125,10.9056384,6,1.8893990488461425,0.0,3
Maine,Augusta,Portland,gpt2,22,has_competitor,False,6.8169327,6.345804,0.014705882352941176,7.180297264306742e-05,-6.3950396,-12.872532,-1.1012191999999992,-1.1081019999999988,73.8151977,8,1.2995468,1.0300358000000003,1.0,0.12725591298650468,8,129.0245374,6,1.4189699999999998,13.7603634,6,2.3667053647362555,0.0,3
Maryland,Annapolis,Baltimore,gpt2,23,has_competitor,True,6.691215,6.160374,0.0625,0.001610305958132045,-4.7740707,-8.800985,0.5210572999999998,0.708126,73.5653603,4,3.9669550000000022,0.718521,1.0,0.3011119710372105,8,107.0644963,0,3.4588938999999987,6.582549500000002,0,9.150368421809334,0.0,3
Maryland,Annapolis,Baltimore,gpt2,23,has_competitor,False,6.643628,6.1265078,0.034482758620689655,0.0012919896640826874,-5.3061724,-9.084305,0.0328065999999998,0.598274,72.5634977,8,3.974157999999999,1.529934,1.0,0.12169579286181484,8,112.33292039999999,0,2.0294356000000002,9.4366297,0,9.859389344267852,0.0,3
Michigan,Lansing,Detroit,gpt2,24,has_competitor,True,6.736212,6.2625847,0.011904761904761904,0.00019817677368212446,-6.631297,-11.408662,-1.1707763,-1.6280319999999993,73.8419873,8,2.140672199999999,1.9110957000000006,1.0,0.09147735054696679,8,134.5121955,8,0.0,23.986702599999994,8,0.49971764970469257,0.0,3
Michigan,Lansing,Detroit,gpt2,24,has_competitor,False,6.752528,6.247191,0.009900990099009901,0.00019327406262079628,-6.8314714,-11.464077,-1.3788223999999998,-1.6457449999999998,73.50423289999999,8,1.9370776000000012,1.7052416,1.0,0.07885758187159753,8,136.1326814,8,0.0,25.082387300000004,8,0.006179908103458067,0.0,3
Minnesota,St. Paul,Minneapolis,gpt2,25,has_competitor,True,6.695043,6.136574,0.2,0.0009208103130755065,-3.6030622,-9.52095,2.4857937999999997,2.2780530000000017,72.826202,8,4.541065999999999,0.0,0.16666666666666666,0.40941323010278596,9,111.1949004,0,18.659489100000002,4.541065999999999,0,8.1286994796987,0.0,3
Minnesota,St. Paul,Minneapolis,gpt2,25,has_competitor,False,6.661378,6.1382627,0.14285714285714285,0.0008741258741258741,-4.2528,-9.578851,1.6888960000000006,2.1589925,72.7364186,8,4.538637000000001,0.3999347000000002,0.9166666666666666,0.23018203432741807,10,114.9986078,0,14.2851684,4.938571700000002,0,9.280210049429453,0.0,3
Montana,Helena,Billings,gpt2,26,has_competitor,True,6.829755,6.316486,0.008,3.603343903142116e-05,-7.0175753,-14.452199,-1.7828216999999995,-5.669797000000001,72.6769781,8,3.9902503000000014,3.9902503000000014,1.0,0.024322302647438416,9,155.0723178,8,1.052570000000003,38.89858470000001,8,4.236796720183408e-15,8.943247512871398,2
Montana,Helena,Billings,gpt2,26,has_competitor,False,6.8515005,6.3411574,0.006535947712418301,3.5277101633329805e-05,-7.276457,-14.486174,-2.3023989999999994,-5.932171,74.00011439999999,8,3.8923520000000007,3.8923520000000007,1.0,0.017367168454503375,9,156.83234149999998,8,1.054866999999998,45.87704010000001,7,4.456089006999896e-15,9.184774074360533,2
Nebraska,Lincoln,Omaha,gpt2,27,has_competitor,True,6.7347803,6.17782,0.05555555555555555,0.007518796992481203,-4.858733,-7.144844,1.4457094000000001,2.682104,73.6117355,8,0.0,0.0,0.08333333333333333,0.5434338932707176,8,96.7873443,0,28.325918199999997,0.0,3,14.819072004879459,0.0,3
Nebraska,Lincoln,Omaha,gpt2,27,has_competitor,False,6.716935,6.173303,0.03333333333333333,0.007575757575757576,-5.2324023,-7.1521387,0.8286666999999994,2.6066617999999995,73.59645880000001,8,0.0,0.0,0.08333333333333333,0.3690964338865999,8,98.31063490000001,0,24.9513521,0.0,3,14.821304101976594,0.0,3
Nevada,Carson City,Las Vegas,gpt2,28,has_competitor,True,6.8234673,6.180594,0.02702702702702703,0.00021696680407897592,-5.7599444,-11.326781,-0.19700640000000025,0.5267049999999998,73.3139128,8,0.7061526000000002,0.7061526000000002,1.0,0.09460106426819606,8,127.55203139999999,8,3.7163721999999986,1.9356233999999999,8,2.0918478089452376e-15,4.144443250535935,2
Nevada,Carson City,Las Vegas,gpt2,28,has_competitor,False,6.7499094,6.148701,0.01818181818181818,0.0002032520325203252,-6.190337,-11.423576,-0.6711577000000002,0.42022549999999903,73.2101035,8,1.0660512999999998,1.0660512999999998,1.0,0.06517260754572504,8,130.0619183,8,3.193264499999998,5.638075399999999,8,2.292621293313228e-15,4.085712797247762,2
New Hampshire,Concord,Manchester,gpt2,29,has_competitor,True,7.020109,6.0451937,0.016129032258064516,4.894762604013705e-05,-6.356633,-13.882069,-0.4245756000000007,-2.6213680000000004,73.77863450000001,8,2.1967923999999996,2.1967923999999996,1.0,0.0855373025067643,8,143.9207455,0,0.7125835,17.201159000000008,5,2.8246722553254767e-15,3.0580094379547313,5
New Hampshire,Concord,Manchester,gpt2,29,has_competitor,False,6.9918346,6.078932,0.011764705882352941,5.081559022308044e-05,-6.6503634,-13.750163,-0.8685606999999997,-2.67427,74.0273648,8,1.8057093000000002,1.8057093000000002,1.0,0.05168213341758139,8,145.24800399999998,0,0.0,20.195936199999995,5,2.2932401365546714e-15,2.895876918054296,5
New Jersey,Trenton,Newark,gpt2,30,has_competitor,True,6.812601,6.0973835,0.02127659574468085,0.0005197505197505198,-6.05278,-10.272842,0.45935840000000017,0.5977029999999992,74.2272656,8,1.0990450000000003,0.6882514999999998,0.9166666666666666,0.17156381585696517,9,119.2344435,8,4.964900400000001,2.0237075000000004,0,7.479490330073748,0.0,3
New Jersey,Trenton,Newark,gpt2,30,has_competitor,False,6.824872,6.077011,0.015873015873015872,0.0005058168942842691,-6.318327,-10.317768,-0.0695800000000002,0.5799830000000004,74.0432953,8,1.8737715999999995,1.8737715999999995,1.0,0.09913639521643987,8,120.9260505,8,4.212726500000002,4.502345900000001,0,8.08008427005314,0.0,3
New Mexico,Santa Fe,Albuquerque,gpt2,31,has_competitor,True,6.811365,6.1646643,0.05,0.00046511627906976747,-5.0837994,-10.359549,1.23806,2.9024929999999998,72.6528264,8,0.4548129999999997,0.0,0.16666666666666666,0.2644862843710995,8,110.2689313,0,26.4216062,0.4548129999999997,0,1.5182562610827262,0.0,3
New Mexico,Santa Fe,Albuquerque,gpt2,31,has_competitor,False,6.7851834,6.1363745,0.027777777777777776,0.0004737091425864519,-5.700856,-10.34638,0.32452400000000026,2.7699990000000003,71.5612506,8,0.4258299999999995,0.32080470000000005,1.0,0.12551636947401007,8,114.52723230000001,0,21.045991,0.8611289999999991,0,1.5844355797893201,0.0,3
New York,Albany,New York,gpt2,32,has_competitor,True,6.7194242,5.956502,0.02564102564102564,0.00012226433549333658,-5.878586,-12.291587,-1.3442842000000006,-2.809887999999999,72.5992158,4,3.3424937999999997,2.8832948,1.0,0.20561979148764017,8,132.76339670000002,8,1.8306386000000012,28.080967699999995,6,1.7678451775172077,0.0,3
New York,Albany,New York,gpt2,32,has_competitor,False,6.7382574,5.979301,0.018867924528301886,0.00012420817289777666,-6.1763887,-12.224332,-1.6847763000000002,-2.744822000000001,72.8007289,4,3.0191276999999994,2.5939007,1.0,0.19868997167521352,8,132.9178762,8,1.0419771000000004,29.4154633,6,1.8724084740996432,0.0,3
North Carolina,Raleigh,Charlotte,gpt2,33,has_competitor,True,6.635371,6.072509,0.02702702702702703,0.00011442956860052638,-5.7808747,-12.380207,-0.30539700000000014,-0.5156080000000003,72.52239610000001,8,0.7394319999999999,0.7055475000000007,1.0,0.18299526244060593,8,126.3805277,8,2.7301566999999984,4.792120500000004,6,4.458618671978086,0.0,3
North Carolina,Raleigh,Charlotte,gpt2,33,has_competitor,False,6.627581,6.0568933,0.020833333333333332,0.00011139578923916676,-6.005211,-12.442738,-0.6756134999999999,-0.5861920000000005,71.96142760000001,8,0.3837925000000011,0.36393750000000136,1.0,0.13556780620780273,8,128.2289036,8,2.196764,6.339143100000001,3,4.706688953167023,0.0,3
North Dakota,Bismarck,Fargo,gpt2,34,has_competitor,True,6.9114704,6.1253657,0.16666666666666666,0.0040650406504065045,-4.026436,-7.842189,1.8860013999999996,6.590350999999999,73.956634,8,4.163259,0.0,0.16666666666666666,0.41891342457898484,9,96.4002368,0,51.225244599999996,4.163259,0,5.196266745469575,0.0,3
North Dakota,Bismarck,Fargo,gpt2,34,has_competitor,False,6.9173803,6.1374846,0.09090909090909091,0.003816793893129771,-4.460579,-7.92831,0.9276580000000001,6.504106999999999,73.10024810000002,8,4.125233,0.5078049,0.9166666666666666,0.2330426231148513,9,99.893166,0,45.304598399999996,4.6330379,0,4.015754423516293,0.0,3
Oregon,Salem,Portland,gpt2,35,has_competitor,True,6.9482813,6.3111567,0.024390243902439025,8.689607229753215e-05,-5.828699,-12.5404415,-0.5236130000000001,-1.0957904999999997,73.59520720000002,8,0.9910349999999992,0.7670109999999992,1.0,0.18408172297956762,8,121.7876194,6,1.0471011999999993,8.5082849,6,1.7482142982873659e-15,0.0,3
Oregon,Salem,Portland,gpt2,35,has_competitor,False,6.8477097,6.318903,0.014925373134328358,8.182636445462728e-05,-6.468006,-12.655732,-1.3776015,-1.251126000000001,73.02169839999999,8,0.3174666000000004,0.3174666000000004,1.0,0.08520405171614186,8,126.4724759,6,0.8156350000000003,13.923757200000004,6,2.105223754420562e-15,0.0,8
Pennsylvania,Harrisburg,Philadelphia,gpt2,36,has_competitor,True,6.891094,6.3174167,0.04,0.000175530981218185,-5.190048,-11.51923,0.46337899999999976,-2.0535250000000005,75.16745089999999,8,4.148066,3.4406360000000005,0.9166666666666666,0.2498731592332179,9,126.5436825,8,0.9033359999999995,23.480035,0,2.2849391299259687,0.0,3
Pennsylvania,Harrisburg,Philadelphia,gpt2,36,has_competitor,False,6.8079224,6.3065434,0.030303030303030304,0.00016753224995811694,-5.558458,-11.591806,-0.14755260000000003,-2.190593,74.3554824,8,3.998131400000001,3.832301,1.0,0.13812790905111505,9,129.38273560000002,8,0.0,26.4144858,0,2.1934143823988634,0.0,3
South Dakota,Pierre,Sioux Falls,gpt2,37,has_competitor,True,6.983328,6.1257796,0.008849557522123894,9.519276534983341e-05,-6.891739,-12.50358,-0.1855090000000006,1.9617850000000008,74.24043069999999,8,0.7379793999999995,0.7379793999999995,1.0,0.12800982961484692,8,128.05743249999998,8,19.8492445,1.2793774000000004,8,3.889460886191216,0.0,3
South Dakota,Pierre,Sioux Falls,gpt2,37,has_competitor,False,6.946223,6.052454,0.008333333333333333,8.78966335589347e-05,-6.9892817,-12.714094,-0.6556931000000006,1.893002000000001,72.54626830000001,8,1.0800248999999997,1.0800248999999997,1.0,0.0789244670115464,8,130.7939907,8,17.3133295,3.542496100000001,8,3.163987519947985,0.0,3
Texas,Austin,Houston,gpt2,38,has_competitor,True,6.6802225,6.1342783,0.037037037037037035,0.0009950248756218905,-5.1456137,-9.409236,0.5842437,1.6152809999999995,72.0558552,8,0.10635800000000017,0.08216800000000113,0.4166666666666667,0.34520395772634727,9,103.3537408,6,12.210577500000001,0.1885260000000013,6,12.571663126265896,0.0,3
Texas,Austin,Houston,gpt2,38,has_competitor,False,6.6877985,6.140196,0.034482758620689655,0.0009900990099009901,-5.3322906,-9.427743,0.034751899999999836,1.5878899999999998,72.41988049999999,8,0.11784799999999862,0.1176169999999992,0.4166666666666667,0.2984012155164856,9,104.3692321,8,8.925500600000003,0.23546499999999781,3,12.397684981710382,0.0,3
Vermont,Montpelier,Burlington,gpt2,39,has_competitor,True,6.7815933,6.3238945,0.02564102564102564,8.439530762089628e-05,-5.826565,-12.648594,0.33704359999999944,-2.3238939999999992,73.2547981,8,3.3556849999999994,3.3556849999999994,1.0,0.07225729777017817,9,136.4412908,8,0.9294065999999983,14.7004038,9,2.8866501471475074e-15,6.507053964645657,4
Vermont,Montpelier,Burlington,gpt2,39,has_competitor,False,6.733496,6.327467,0.01020408163265306,8.49689863199932e-05,-6.7838573,-12.636431,-0.7194747000000001,-2.437830999999999,73.054694,8,3.5523023,3.5523023,1.0,0.023388415513263178,9,141.272966,8,0.5703470000000017,20.686662499999997,9,3.726070063145406e-15,5.802947027548721,8
Virginia,Richmond,Virginia Beach,gpt2,40,has_competitor,True,6.6519732,6.1207247,0.024390243902439025,7.822889775483064e-05,-5.9315815,-12.976128,-0.19874550000000024,-3.2803949999999986,73.1336298,4,3.0816494999999984,3.0816494999999984,1.0,0.13820355536493847,9,129.6258155,6,0.0721740000000004,21.528743099999996,7,1.900277444802091e-15,0.0,4
Virginia,Richmond,Virginia Beach,gpt2,40,has_competitor,False,6.6453934,6.0836377,0.01694915254237288,7.531821947729155e-05,-6.2269135,-13.064298,-0.5584870000000004,-3.4187130000000003,72.7123629,4,2.860226,2.860226,1.0,0.0883484312648404,9,132.2300118,6,0.0,23.415528300000002,7,1.931486446117421e-15,0.0,4
Washington,Olympia,Seattle,gpt2,41,has_competitor,True,6.7358766,5.9757166,0.0125,8.407600470825626e-05,-6.6236057,-12.831171,-1.1300656999999994,-2.3911669999999994,72.8969069,8,5.2458033,2.8827382999999998,1.0,0.06834768145012197,8,144.1171786,8,0.0,34.3521303,0,6.476311041817447,0.0,3
Washington,Olympia,Seattle,gpt2,41,has_competitor,False,6.678483,5.971053,0.01,8.638562543192812e-05,-6.7863555,-12.798427,-1.3980024999999996,-2.4025750000000006,72.30200430000001,8,4.9519544999999985,2.6558005000000007,1.0,0.043932961542639364,8,146.3049122,8,0.0,36.406298299999996,0,6.736252572945356,0.0,3
Wisconsin,Madison,Milwaukee,gpt2,42,has_competitor,True,6.810065,6.1756954,0.02857142857142857,0.0008090614886731392,-5.725337,-9.707348,0.3115845000000004,1.1572910000000007,75.1438052,8,0.27645300000000006,0.0,0.3333333333333333,0.33737744406483566,8,109.94848510000001,8,10.3333393,0.27645300000000006,6,4.137071935318775,0.0,3
Wisconsin,Madison,Milwaukee,gpt2,42,has_competitor,False,6.8391757,6.2090483,0.02631578947368421,0.0008090614886731392,-5.833264,-9.70082,-0.16149900000000006,1.1200290000000006,75.2594935,8,0.1367199999999995,0.0,1.0,0.2549643132344605,8,111.27079869999999,8,8.006101800000001,0.47033399999999936,2,3.7598070649280615,0.0,3
Austria,Vienna,Graz,gpt2,43,no_competitor,True,6.5526133,5.938316,0.010416666666666666,0.0002973535533749628,-6.7285857,-11.002672,-2.5974044999999997,-2.4711480000000012,72.726748,6,0.8676244999999998,0.5362055000000012,1.0,0.1785165466606317,8,114.88384129999999,8,8.6585152,20.396565200000005,8,4.39072376704491e-15,2.0110567700098056,8
Austria,Vienna,Graz,gpt2,43,no_competitor,False,6.5235405,5.9385586,0.009345794392523364,0.000251004016064257,-6.853181,-11.2409935,-3.1941527,-2.8006305000000005,72.75349809999999,6,0.2167393000000004,0.0,1.0,0.1090165423156386,8,118.3125476,8,6.9963123000000005,25.5376845,8,3.9383342446766525e-15,2.030360700977371,0
Egypt,Cairo,Alexandria,gpt2,44,no_competitor,True,6.5001793,5.8009653,0.024390243902439025,0.00016943409013893597,-5.868618,-11.850506,0.3464584000000004,0.38967500000000044,70.44355379999999,4,2.9505869999999996,2.9505869999999996,0.9166666666666666,0.14684841467181736,8,125.48197569999998,8,0.9765164000000004,7.5433453,8,2.8282733730428244,4.453746496290227,3
Egypt,Cairo,Alexandria,gpt2,44,no_competitor,False,6.5168443,5.7506456,0.018518518518518517,0.00015634771732332708,-6.109874,-12.009049,-0.2545699999999993,0.32063300000000083,70.0365493,4,3.2022825000000017,3.2022825000000017,1.0,0.11944158108957507,8,127.33164260000002,8,0.32063300000000083,10.242778400000002,8,2.84342263627158,4.214738799055497,3
France,Paris,Marseille,gpt2,45,no_competitor,True,6.6610665,5.8637075,0.038461538461538464,0.00026102845210127906,-5.291292,-11.224134,2.1583254,3.249606,71.82471480000001,4,0.6448649999999994,0.0,0.16666666666666666,0.23466028348034604,8,116.65526,8,30.803919799999996,0.6448649999999994,0,8.799000935367228,0.0,3
France,Paris,Marseille,gpt2,45,no_competitor,False,6.6961427,5.8789725,0.03571428571428571,0.00025614754098360657,-5.4287777,-11.2435665,1.4972228999999997,3.1754165000000008,71.8889119,4,0.6039490000000001,0.0,0.16666666666666666,0.224390958748709,8,117.4910462,8,27.542534099999994,0.6039490000000001,0,9.091903999428961,0.0,3
Germany,Berlin,Hamburg,gpt2,46,no_competitor,True,6.6401415,5.9592547,0.037037037037037035,0.0005141388174807198,-5.2939954,-10.281197,1.0385970999999996,2.9598549999999992,72.0881689,6,0.0,0.0,0.08333333333333333,0.5020545124789624,8,107.6951345,8,27.0416684,0.0,0,10.647574186522201,0.0,3
Germany,Berlin,Hamburg,gpt2,46,no_competitor,False,6.700328,5.9938335,0.03125,0.0005497526113249038,-5.53166,-10.190895,0.5231324000000006,2.872097,72.5871185,6,0.0,0.0,0.08333333333333333,1.1652562433185258,8,107.142699,8,24.0081756,0.0,0,10.527665053809555,0.0,3
Italy,Rome,Milan,gpt2,47,no_competitor,True,6.672987,5.969513,0.04,0.0005521811154058532,-5.217973,-10.211685,1.0181430000000002,0.3218910000000008,72.38900120000001,6,2.263884000000001,0.0,0.16666666666666666,0.38461158788711675,8,111.3728178,0,12.004295200000003,2.263884000000001,0,2.068977329456994,0.0,5
Italy,Rome,Milan,gpt2,47,no_competitor,False,6.6490726,5.992033,0.04,0.0006090133982947625,-5.2689753,-10.080755,0.6369933999999997,0.26929299999999934,72.5083054,6,2.2178460000000015,0.0,0.16666666666666666,0.4780955364651267,8,110.8842208,0,9.642285,2.2178460000000015,0,0.9135015842183398,0.0,3
Japan,Tokyo,Yokohama,gpt2,48,no_competitor,True,6.646763,6.06773,0.030303030303030304,0.0003736920777279522,-5.503207,-10.674614,2.122345,4.661911,72.95953070000002,6,0.0,0.0,0.08333333333333333,0.23209924491847667,9,118.50897040000001,8,44.054245599999994,0.0,2,4.993886008289958,0.0,3
Japan,Tokyo,Yokohama,gpt2,48,no_competitor,False,6.7455177,6.1227684,0.03125,0.0003866976024748647,-5.497052,-10.610507,1.5217745000000003,4.550549999999999,73.68245509999998,6,0.0,0.0,0.08333333333333333,0.2247858970213064,9,118.7457576,8,40.3696835,0.0,2,5.683944220666455,0.0,3
Korea,Seoul,Busan,gpt2,49,no_competitor,True,6.6311207,6.0149913,0.03225806451612903,0.000425531914893617,-5.4106636,-10.52719,0.008689899999999362,0.16680200000000056,71.49502389999999,8,0.6723990000000004,0.6723990000000004,0.5,0.8917344120844162,8,108.9517273,8,14.509111700000002,1.1713959999999997,6,5.255519145329702,0.0,3
Korea,Seoul,Busan,gpt2,49,no_competitor,False,6.6476297,6.035491,0.027777777777777776,0.00041135335252982314,-5.611532,-10.562441,-0.7644346000000004,-0.29800000000000004,71.669569,8,0.0,0.0,1.0,0.4428112399069713,8,111.9306972,8,8.863227200000003,2.2036266000000007,6,4.900391822825639,0.0,3
Russia,Moscow,Saint Petersburg,gpt2,50,no_competitor,True,6.6322074,5.89664,0.029411764705882353,0.00029770765108663293,-5.687976,-11.012262,0.3242186,0.856167000000001,72.0874219,8,0.14258900000000096,0.0,0.16666666666666666,0.7425633151189558,8,113.86622399999999,8,11.861518700000001,0.14258900000000096,0,2.2108364124407563e-15,0.2443392735713581,5
Russia,Moscow,Saint Petersburg,gpt2,50,no_competitor,False,6.689614,5.9048796,0.025,0.0002602811035918792,-5.8192687,-11.183865,-0.37371830000000017,0.420242,72.94208100000002,4,0.0,0.0,1.0,0.4254624889080009,8,117.08564799999999,8,4.7025577,0.7519207999999988,7,1.846697520448187e-15,1.0773960109739207,6
Spain,Madrid,Barcelona,gpt2,51,no_competitor,True,6.574543,6.019823,0.034482758620689655,0.00044306601683650863,-5.452054,-10.477816,0.28137969999999957,0.9967319999999997,72.09704280000001,8,0.0,0.0,0.08333333333333333,0.3516652504544331,8,114.8838158,8,8.2979022,0.0,4,1.958384376557906e-15,1.7601569179992418,4
Spain,Madrid,Barcelona,gpt2,51,no_competitor,False,6.5850153,6.018519,0.03125,0.0004508566275924256,-5.6713114,-10.460144,-0.08728789999999975,0.970479000000001,72.19204099999999,8,0.005397799999999897,0.005397799999999897,1.0,0.27040708308977196,8,115.82249130000001,8,6.177265900000001,0.1799735999999994,4,1.7838821855234854e-15,1.7043484214246325,4
Sweden,Stockholm,Gothenburg,gpt2,52,no_competitor,True,6.774357,6.0196705,0.015151515151515152,0.00018037518037518038,-6.229462,-11.62399,-0.34287249999999947,3.0876350000000006,73.9021155,6,0.0,0.0,1.0,0.2741017177780185,8,122.8580053,8,24.27606,0.34287249999999947,1,11.73969512625407,0.0,3
Sweden,Stockholm,Gothenburg,gpt2,52,no_competitor,False,6.7701735,6.019301,0.013888888888888888,0.0001874062968515742,-6.2944083,-11.5723095,-0.7489775999999999,3.0982605000000003,74.1005456,4,0.0,0.0,1.0,0.2430758600345308,8,123.6348178,8,22.205122700000004,0.7489775999999999,1,12.043140297240136,0.0,3
United Kingdom,London,Birmingham,gpt2,53,no_competitor,True,6.511184,6.086294,0.08333333333333333,0.0008726003490401396,-4.5607677,-9.572298,1.8069229,2.4530279999999998,73.1947148,4,0.0,0.0,0.08333333333333333,0.3783456147221176,8,106.8312026,8,25.4206714,0.0,0,0.6274161943717274,0.0,3
United Kingdom,London,Birmingham,gpt2,53,no_competitor,False,6.5713463,6.0998993,0.06666666666666667,0.0007776049766718507,-4.785982,-9.713101,0.9996416000000004,2.236411500000001,73.3944769,4,0.0,0.0,0.08333333333333333,0.34701535101548925,8,108.07978019999999,8,20.1268999,0.0,0,0.23212461111072066,0.0,3
Arizona,Phoenix,Tucson,gpt2,54,no_competitor,True,6.732851,6.1810045,0.03225806451612903,0.00027166530834012495,-5.5892544,-11.005303,0.8976286,1.0961160000000003,73.71420499999999,8,1.2679425999999996,1.2679425999999996,1.0,0.09347267056140673,9,117.8227607,8,15.5384761,1.8246823999999995,10,2.8690759405481637e-15,2.285174477928051,8
Arizona,Phoenix,Tucson,gpt2,54,no_competitor,False,6.741394,6.1621256,0.02631578947368421,0.0002449779519843214,-5.841337,-11.152572,0.45379659999999955,1.0090430000000001,72.7161406,8,2.0539513000000005,2.0539513000000005,1.0,0.06572415082216963,9,120.48204030000001,8,14.088362599999996,3.163883300000001,10,2.992611536774802e-15,2.545413902981235,8
Colorado,Denver,Colorado Springs,gpt2,55,no_competitor,True,6.7027087,6.262808,0.034482758620689655,0.0009775171065493646,-5.248349,-9.435388,0.3620529999999995,0.7512290000000004,73.8250181,8,0.36958800000000025,0.12981299999999862,0.5,0.19763392828551193,8,102.8270079,8,8.050320699999999,0.7930379999999975,4,1.4355582956558177e-15,2.3275952809542657,0
Colorado,Denver,Colorado Springs,gpt2,55,no_competitor,False,6.71758,6.221176,0.03333333333333333,0.0008984725965858042,-5.427502,-9.564264,0.0648730000000004,0.7247599999999998,73.2854332,8,0.38174300000000017,0.1173169999999999,1.0,0.16291502716430206,9,105.09371630000001,8,7.012858699999997,0.9029280000000011,4,1.5325638215692288e-15,1.9432559777473009,0
Georgia,Atlanta,Augusta,gpt2,56,no_competitor,True,6.7160425,6.2353888,0.03225806451612903,0.0002543881963876876,-5.4717035,-11.082327,0.7127914999999998,1.884957,72.3314422,8,0.1627780000000012,0.13511300000000048,0.75,0.1753782082473311,9,119.5870461,8,10.883757399999999,0.2978910000000017,1,0.894164272946752,0.0,3
Georgia,Atlanta,Augusta,gpt2,56,no_competitor,False,6.8208747,6.3378415,0.027777777777777776,0.0002632964718272775,-5.671935,-10.966722,-0.24774160000000034,1.6134299999999993,73.7125783,8,0.926609,0.926609,1.0,0.1680506189280835,8,118.8789642,8,8.083402499999998,3.490352000000002,7,1.123525905256491,0.0,3
Hawaii,Honolulu,Hilo,gpt2,57,no_competitor,True,6.7861166,6.065642,0.013513513513513514,9.97307270370001e-05,-6.4199944,-12.497931,-2.1669464000000005,-3.5733669999999993,70.5570629,8,3.3777425999999995,2.7068655999999987,1.0,0.06553736960711204,9,134.8715644,8,3.9577596999999987,33.5146714,8,3.647776875296203e-15,1.3041807006720068,8
Hawaii,Honolulu,Hilo,gpt2,57,no_competitor,False,6.824867,6.0505733,0.011363636363636364,9.156670634557275e-05,-6.629154,-12.647112,-2.9905014,-3.858791,71.9793034,8,2.543818099999999,1.8594775999999995,1.0,0.05716263186551725,9,135.43627990000002,8,3.6718164999999985,38.49418689999999,8,3.6344595438184256e-15,2.1281437497461617,2
Idaho,Boise,Meridian,gpt2,58,no_competitor,True,6.8952084,6.1548147,0.023255813953488372,6.493928177154361e-05,-5.96554,-13.257271,1.0511245000000002,0.19595699999999994,72.2289442,8,0.8077640000000006,0.8077640000000006,0.8333333333333334,0.18875804134182594,8,131.4954054,8,11.174489500000004,1.1970980000000004,8,2.4279741238588795e-15,2.9396752486772413,4
Idaho,Boise,Meridian,gpt2,58,no_competitor,False,6.9244156,6.124491,0.01694915254237288,6.382842918235782e-05,-6.3765883,-13.327088,-0.3235242999999999,0.17758399999999952,70.92038380000001,8,2.4588413,2.4588413,1.0,0.1110203524926609,8,135.26063720000002,8,8.218956499999999,8.466033800000002,9,3.03024630661193e-15,2.608609393400652,6
Massachusetts,Boston,Worcester,gpt2,59,no_competitor,True,6.7008777,6.1372833,0.07692307692307693,0.0008605851979345956,-4.781205,-9.596587,1.7503435000000005,1.6924130000000002,73.580848,4,0.0,0.0,0.08333333333333333,0.30557277881899686,9,107.48261439999999,8,25.2099181,0.0,10,1.887410609071571e-15,4.544168007910711,5
Massachusetts,Boston,Worcester,gpt2,59,no_competitor,False,6.7569447,6.1481276,0.05,0.0008291873963515755,-4.985173,-9.651957,1.0904240000000005,1.5842730000000014,73.81835500000001,4,0.16195109999999957,0.16195109999999957,0.9166666666666666,0.23254365269564986,8,108.54388819999998,8,22.044820300000005,0.16195109999999957,9,2.0442515499653806e-15,4.673447565159087,8
Ohio,Columbus,Cleveland,gpt2,60,no_competitor,True,6.7099905,6.1549997,0.034482758620689655,0.0001897893338394382,-5.235547,-11.491999,0.3314515,-0.754156,71.63263610000001,8,3.992607999999999,1.3713909999999991,0.6666666666666666,0.2093412478600272,8,122.6117,8,3.4770413,11.057958999999997,0,1.6660447617656199e-15,0.03256838713091421,1
Ohio,Columbus,Cleveland,gpt2,60,no_competitor,False,6.7507257,6.1715775,0.03125,0.00020525451559934318,-5.5132656,-11.374403,-0.21089930000000034,-0.7201069999999987,71.9756534,8,3.7604376999999998,1.1658876999999999,1.0,0.19374169082267642,8,122.19765050000001,8,1.4991385,11.5368487,0,0.30286792774886245,0.0,3
Rhode Island,Providence,Warwick,gpt2,61,no_competitor,True,6.8479285,6.0773435,0.022727272727272728,6.242586928022972e-05,-5.9591436,-13.328787,1.2014313999999997,0.555102999999999,72.1314913,8,0.3986529999999995,0.0,0.16666666666666666,0.17505928493661055,8,136.1368463,8,16.9703821,0.3986529999999995,6,2.926533349104679e-15,2.457646799879967,5
Rhode Island,Providence,Warwick,gpt2,61,no_competitor,False,6.946164,6.113551,0.017241379310344827,6.085316132173066e-05,-6.2201037,-13.352516,0.5490569999999995,0.4520685000000011,73.3255517,8,0.3663999999999987,0.0,0.16666666666666666,0.13575129164418073,8,137.7399914,8,12.1074873,0.3663999999999987,0,2.5751345263949598e-15,2.108926472699135,5
Tennessee,Nashville,Memphis,gpt2,62,no_competitor,True,6.768855,6.1859026,0.025,0.0002196836555360281,-5.8429813,-11.294616,0.5258102999999998,-0.1364649999999994,72.8707171,8,1.736702000000001,0.7787160000000011,0.5833333333333334,0.10942020566105035,8,126.0694991,8,3.138592499999999,3.5568135000000023,0,1.5196326528988162e-15,4.844492963407818,8
Tennessee,Nashville,Memphis,gpt2,62,no_competitor,False,6.76555,6.2102375,0.021739130434782608,0.0002277385561375541,-5.992344,-11.237144,-0.0019914000000005316,-0.14243650000000052,73.02608520000001,8,1.7218326,0.7708006000000003,1.0,0.09663495001835123,8,126.45277850000001,8,1.1573797000000008,3.5686864000000016,0,1.2633080878536552e-15,5.425138968574398,4
