correct,incorrect,model,unique_id,syllogism_name,order_first,is_valid,is_realistic,is_consistent,output_entropy,midpoint_entropy,output_rank_correct,midpoint_rank_correct,output_logprob_correct,midpoint_logprob_correct,output_logprobdiff,midpoint_logprobdiff,auc_entropy,layer_biggest_change_entropy,twostage_magnitude,twostage_magnitude_latter34,twostage_layer,auc_rank_correct,layer_biggest_change_rank_correct,auc_logprob_correct,layer_biggest_change_logprob_correct,auc_logprobdiff_pos,auc_logprobdiff_neg,layer_biggest_change_logprobdiff,auc_boosting_pos,auc_boosting_neg,layer_argmax_boosting
valid,invalid,Llama-2-13b-hf,librarians_happy_healthy^consistent^valid,librarians_happy_healthy,1,True,True,True,2.848,4.254,1.0,1.0,-1.087,-1.3,0.391,5.180000000000001,158.26839999999999,19,0.9220000000000002,0.9220000000000002,0.95,13.573466748895283,18,186.6916,24,73.75339999999998,2.22,14,61.52208790004263,27.135309044779508,30
valid,invalid,Llama-2-13b-hf,librarians_happy_healthy^consistent^valid,librarians_happy_healthy,2,True,True,True,2.807,4.15,1.0,1.0,-1.115,-1.189,0.274,5.123,158.0598,19,1.117,1.117,0.95,13.503987690790254,18,186.8612,24,70.4458,2.97,14,61.54970925868275,27.816607118986713,30
invalid,valid,Llama-2-13b-hf,librarians_happy_healthy^consistent^invalid,librarians_happy_healthy,1,False,True,True,2.84,4.137,0.5,0.02857142857142857,-1.428,-6.473,-0.32799999999999985,-5.234999999999999,156.51,19,4.907,4.907,1.0,8.386090899446401,27,257.875,20,2.3110000000000004,73.6534,27,27.379342669405464,61.80624262705267,25
invalid,valid,Llama-2-13b-hf,librarians_happy_healthy^consistent^invalid,librarians_happy_healthy,2,False,True,True,2.844,4.16,0.5,0.02857142857142857,-1.41,-6.484,-0.30499999999999994,-5.228,156.8946,19,4.923,4.923,1.0,8.397431813168131,27,257.953,20,2.508,72.47909999999999,27,27.345729040431483,60.75326464564461,25
valid,invalid,Llama-2-13b-hf,librarians_happy_healthy^violate^valid,librarians_happy_healthy,1,True,True,False,2.916,4.242,0.5,0.5,-1.392,-1.835,-0.24299999999999988,3.5650000000000004,153.5887,19,1.639,1.639,1.0,10.303670581061475,30,199.9148,24,52.44070000000001,6.42,1,54.403373244522996,28.31515645805068,30
valid,invalid,Llama-2-13b-hf,librarians_happy_healthy^violate^valid,librarians_happy_healthy,2,True,True,False,2.848,4.504,0.5,1.0,-1.296,-1.802,-0.11699999999999999,3.772,155.17499999999998,19,1.539,1.539,1.0,12.275438731883739,18,195.7853,24,55.4757,5.14,1,56.254176906901165,28.31005837525481,30
invalid,valid,Llama-2-13b-hf,librarians_happy_healthy^violate^invalid,librarians_happy_healthy,1,False,True,False,2.844,4.53,1.0,0.07142857142857142,-1.089,-5.33,0.31200000000000006,-3.271,155.46300000000002,19,3.67,3.67,0.875,11.299883154030105,33,243.0139,20,7.572100000000001,48.92370000000001,27,28.768141344951704,53.26192059872089,25
invalid,valid,Llama-2-13b-hf,librarians_happy_healthy^violate^invalid,librarians_happy_healthy,2,False,True,False,2.87,4.508,1.0,0.058823529411764705,-1.138,-5.566,0.2260000000000002,-3.721,155.4933,19,4.075000000000001,4.075000000000001,0.9,10.246446761883593,37,244.555,20,6.046,53.1184,27,29.097720259412828,55.712798277555216,25
valid,invalid,Llama-2-13b-hf,computers_electronics_expensive^consistent^valid,computers_electronics_expensive,1,True,True,True,2.87,4.05,1.0,1.0,-1.067,-1.123,0.399,5.209,156.82229999999998,19,0.681,0.681,0.95,13.566514386483673,18,186.5074,24,73.22359999999998,1.5779999999999996,8,60.93064555816151,27.489121385610034,30
valid,invalid,Llama-2-13b-hf,computers_electronics_expensive^consistent^valid,computers_electronics_expensive,2,True,True,True,2.855,4.01,1.0,1.0,-1.091,-1.078,0.32800000000000007,5.1819999999999995,157.909,19,0.7809999999999999,0.7809999999999999,0.95,14.02019669700004,18,186.5305,24,71.09750000000003,1.9420000000000008,8,60.58365224024528,27.715443892967347,30
invalid,valid,Llama-2-13b-hf,computers_electronics_expensive^consistent^invalid,computers_electronics_expensive,1,False,True,True,2.857,4.3,0.5,0.04,-1.305,-5.973,-0.133,-4.513,158.8844,19,4.4510000000000005,4.4510000000000005,1.0,8.897012873397646,27,251.22400000000002,20,3.22,63.31190000000001,27,27.912763973752558,58.76852976264165,25
invalid,valid,Llama-2-13b-hf,computers_electronics_expensive^consistent^invalid,computers_electronics_expensive,2,False,True,True,2.873,4.254,0.5,0.038461538461538464,-1.303,-6.035,-0.10999999999999988,-4.654,158.89870000000002,19,4.645000000000001,4.645000000000001,1.0,8.895230181017194,27,251.399,20,3.495,63.61870000000002,27,27.91603322049785,57.80528882803425,25
valid,invalid,Llama-2-13b-hf,computers_electronics_expensive^violate^valid,computers_electronics_expensive,1,True,True,False,2.91,4.035,0.5,1.0,-1.272,-1.474,-0.015000000000000124,4.386,157.089,19,1.1569999999999998,1.1569999999999998,1.0,12.42964710377682,18,191.43189999999998,20,62.56710000000001,3.5300000000000002,8,59.11177909171096,28.199853470118097,30
valid,invalid,Llama-2-13b-hf,computers_electronics_expensive^violate^valid,computers_electronics_expensive,2,True,True,False,2.871,4.152,0.5,1.0,-1.309,-1.511,-0.10999999999999988,4.141,157.12,19,1.2810000000000004,1.2810000000000004,1.0,12.261117479615425,18,192.2219,20,59.0461,4.327999999999999,8,57.715584150013235,28.484698731094124,30
invalid,valid,Llama-2-13b-hf,computers_electronics_expensive^violate^invalid,computers_electronics_expensive,1,False,True,False,2.896,4.145,1.0,0.1,-1.042,-5.03,0.5229999999999999,-2.95,156.9976,19,3.5680000000000005,3.5680000000000005,0.725,13.06047384130012,37,237.0822,20,10.342999999999998,46.376200000000004,27,30.680683059727784,53.29834626542751,25
invalid,valid,Llama-2-13b-hf,computers_electronics_expensive^violate^invalid,computers_electronics_expensive,2,False,True,False,2.904,3.982,1.0,0.07692307692307693,-1.129,-5.37,0.31200000000000006,-3.481,155.6534,19,4.025,4.025,0.875,11.310007071571803,33,243.39979999999997,20,6.584500000000001,51.71409999999999,27,28.984213738751173,55.88577703603883,25
valid,invalid,Llama-2-13b-hf,plants_trees_tall^consistent^valid,plants_trees_tall,1,True,True,True,2.684,4.266,1.0,1.0,-1.055,-1.341,0.28100000000000014,4.741,158.65,19,0.968,0.968,0.95,14.423451863124104,18,186.05540000000002,20,69.3736,2.5939999999999994,8,60.60695776159785,26.56000793435369,30
valid,invalid,Llama-2-13b-hf,plants_trees_tall^consistent^valid,plants_trees_tall,2,True,True,True,2.72,4.215,1.0,1.0,-1.032,-1.217,0.367,5.0600000000000005,159.788,19,0.8359999999999999,0.8359999999999999,0.95,14.374352689555636,18,184.4608,20,72.2062,2.1319999999999997,14,61.36878935959008,26.50761366968325,30
invalid,valid,Llama-2-13b-hf,plants_trees_tall^consistent^invalid,plants_trees_tall,1,False,True,True,2.799,4.195,0.5,0.045454545454545456,-1.335,-5.88,-0.20300000000000007,-4.538,157.2242,19,4.335,4.335,1.0,8.976591290025045,27,250.946,20,3.28,65.52740000000001,27,26.252720319482577,59.01475906948762,25
invalid,valid,Llama-2-13b-hf,plants_trees_tall^consistent^invalid,plants_trees_tall,2,False,True,True,2.807,4.086,0.5,0.043478260869565216,-1.365,-5.945,-0.25,-4.777,157.7675,19,4.527,4.527,1.0,8.917823561101397,27,252.0425,20,3.087,67.61370000000001,27,26.30036716313675,59.325844621171726,25
valid,invalid,Llama-2-13b-hf,plants_trees_tall^violate^valid,plants_trees_tall,1,True,True,False,2.785,3.975,1.0,1.0,-1.13,-1.196,0.16400000000000015,4.694,155.9006,19,1.061,1.061,0.95,13.458265454285566,18,187.7157,20,65.7083,2.976,30,61.57146107861182,27.230041673240482,30
valid,invalid,Llama-2-13b-hf,plants_trees_tall^violate^valid,plants_trees_tall,2,True,True,False,2.799,4.043,1.0,1.0,-1.156,-1.406,0.11699999999999999,4.418,154.9945,19,1.133,1.133,0.95,13.285679571913406,18,189.49540000000002,20,63.80160000000001,3.2499999999999996,30,61.37500416528411,27.035623993031116,30
invalid,valid,Llama-2-13b-hf,plants_trees_tall^violate^invalid,plants_trees_tall,1,False,True,False,2.746,4.19,1.0,0.125,-0.956,-4.668,0.617,-2.443,153.7129,19,3.4379999999999997,3.4379999999999997,0.675,13.67417770930269,37,233.1802,20,14.1018,43.158999999999985,27,31.37976238355955,51.73428683243188,25
invalid,valid,Llama-2-13b-hf,plants_trees_tall^violate^invalid,plants_trees_tall,2,False,True,False,2.775,4.227,1.0,0.1,-1.07,-5.1,0.32099999999999995,-3.26,155.0977,19,3.854,3.854,0.875,12.389991745449098,33,239.0655,20,7.934099999999999,49.51159999999999,27,28.924137283708955,55.36852393713009,25
valid,invalid,Llama-2-13b-hf,flowers_animals_reptiles^consistent^valid,flowers_animals_reptiles,1,True,True,True,2.678,4.293,1.0,1.0,-1.102,-1.256,0.17099999999999982,4.803999999999999,159.5371,19,1.0160000000000002,1.0160000000000002,0.95,14.234154802003467,18,181.7196,20,70.81890000000003,2.7290000000000005,8,61.07703875895404,26.844594245092466,30
valid,invalid,Llama-2-13b-hf,flowers_animals_reptiles^consistent^valid,flowers_animals_reptiles,2,True,True,True,2.586,4.152,1.0,1.0,-1.03,-1.174,0.266,5.24,160.2656,19,0.7569999999999999,0.7569999999999999,0.95,14.965971354308587,18,176.1673,20,76.7822,1.8509999999999998,14,63.83779355503199,27.003373898900158,30
invalid,valid,Llama-2-13b-hf,flowers_animals_reptiles^consistent^invalid,flowers_animals_reptiles,1,False,True,True,2.643,4.098,0.5,0.03333333333333333,-1.366,-6.24,-0.3510000000000002,-5.143000000000001,160.2902,19,4.8790000000000004,4.8790000000000004,1.0,8.722890789584179,27,252.629,20,1.328,76.77820000000001,27,26.781043541033796,63.900632145938204,25
invalid,valid,Llama-2-13b-hf,flowers_animals_reptiles^consistent^invalid,flowers_animals_reptiles,2,False,True,True,2.613,4.242,0.5,0.03225806451612903,-1.301,-6.188,-0.25,-4.936999999999999,160.5435,19,4.989999999999999,4.989999999999999,1.0,8.733737002734296,27,249.209,20,2.0799999999999996,73.27619999999999,27,27.04942388275795,62.736391879258015,25
valid,invalid,Llama-2-13b-hf,flowers_animals_reptiles^violate^valid,flowers_animals_reptiles,1,True,True,False,2.656,4.496,1.0,1.0,-1.115,-1.472,0.14100000000000001,4.118,160.28499999999997,19,1.2109999999999999,1.2109999999999999,0.95,14.033305473786513,18,182.3766,20,64.7144,3.3269999999999995,30,59.149413192858084,26.74947319127562,30
valid,invalid,Llama-2-13b-hf,flowers_animals_reptiles^violate^valid,flowers_animals_reptiles,2,True,True,False,2.607,4.56,1.0,1.0,-1.122,-1.379,0.08599999999999985,4.218999999999999,162.19299999999998,19,1.227,1.227,0.95,13.967964733940686,18,182.2693,20,64.51169999999998,3.3900000000000006,8,59.83200601825156,27.325872142811452,30
invalid,valid,Llama-2-13b-hf,flowers_animals_reptiles^violate^invalid,flowers_animals_reptiles,1,False,True,False,2.574,4.594,0.5,0.058823529411764705,-1.182,-5.625,-0.04699999999999993,-3.932,161.1667,19,4.225,4.225,1.0,9.207625659461677,27,242.589,20,3.549,62.4317,27,26.446641678403875,57.78181067319017,25
invalid,valid,Llama-2-13b-hf,flowers_animals_reptiles^violate^invalid,flowers_animals_reptiles,2,False,True,False,2.648,4.676,0.5,0.047619047619047616,-1.193,-5.766,-0.039000000000000146,-4.048,161.873,19,4.221,4.221,1.0,8.93694502358737,27,244.784,20,3.7039999999999997,62.70979999999998,27,26.685490903488205,58.06320326433619,25
valid,invalid,Llama-2-13b-hf,gems_diamonds_transparent^consistent^valid,gems_diamonds_transparent,1,True,True,True,2.691,4.42,1.0,1.0,-1.003,-1.3545,0.41400000000000015,4.9775,160.9375,19,0.8440000000000003,0.8440000000000003,0.95,14.32289086489197,18,184.8068,20,72.68719999999999,2.0090000000000003,30,59.83476815411555,24.8811256503237,30
valid,invalid,Llama-2-13b-hf,gems_diamonds_transparent^consistent^valid,gems_diamonds_transparent,2,True,True,True,2.732,4.49,1.0,1.0,-0.9897,-1.367,0.4993000000000001,5.213,161.622,19,0.7190000000000001,0.7190000000000001,0.95,13.890499966623914,18,184.96769999999998,24,75.28130000000002,1.5689999999999997,14,59.63796597380485,24.47563115797518,30
invalid,valid,Llama-2-13b-hf,gems_diamonds_transparent^consistent^invalid,gems_diamonds_transparent,1,False,True,True,2.729,4.266,0.5,0.023809523809523808,-1.487,-6.56,-0.5160000000000001,-5.356,159.8443,19,4.84,4.84,1.0,8.226842590564033,27,259.187,20,1.1890000000000005,77.4533,27,24.501180914717274,61.472024187507465,21
invalid,valid,Llama-2-13b-hf,gems_diamonds_transparent^consistent^invalid,gems_diamonds_transparent,2,False,True,True,2.684,4.332,0.5,0.015384615384615385,-1.581,-6.94,-0.6713,-5.775,161.096,19,5.1037,5.1037,1.0,7.388135966200313,27,263.775,20,0.42799999999999994,83.25800000000001,27,24.148339637276436,63.181786287329615,21
valid,invalid,Llama-2-13b-hf,gems_diamonds_transparent^violate^valid,gems_diamonds_transparent,1,True,True,False,2.836,4.2,1.0,1.0,-1.1045,-1.304,0.26550000000000007,4.686,158.838,19,1.024,1.024,0.95,13.322992655757936,18,187.0819,20,67.0081,2.72,8,60.221467175076945,26.265667831345127,30
valid,invalid,Llama-2-13b-hf,gems_diamonds_transparent^violate^valid,gems_diamonds_transparent,2,True,True,False,2.89,4.082,1.0,1.0,-1.099,-1.261,0.32000000000000006,4.895,158.1343,19,0.891,0.891,0.95,13.304232989116056,18,186.14499999999998,24,71.05999999999997,2.2880000000000007,14,60.57053209489121,25.74401257840312,30
invalid,valid,Llama-2-13b-hf,gems_diamonds_transparent^violate^invalid,gems_diamonds_transparent,1,False,True,False,2.828,4.36,1.0,0.1111111111111111,-1.112,-4.96,0.2889999999999999,-2.966,157.0617,19,3.759999999999999,3.759999999999999,0.875,11.90517201958418,33,238.0953,20,8.4053,47.544700000000006,27,28.11901783772293,51.345688843063975,25
invalid,valid,Llama-2-13b-hf,gems_diamonds_transparent^violate^invalid,gems_diamonds_transparent,2,False,True,False,2.86,4.32,1.0,0.09090909090909091,-1.172,-5.117,0.18700000000000006,-3.141,157.31119999999999,19,3.7600000000000007,3.7600000000000007,0.875,11.331562662469114,33,241.15900000000002,20,6.807000000000001,49.4729,27,27.60193737230569,53.111729461115345,25
valid,invalid,Llama-2-13b-hf,guns_weapons_dangerous^consistent^valid,guns_weapons_dangerous,1,True,True,True,2.775,4.0,1.0,1.0,-1.0205,-1.22,0.4295,5.405,155.947,19,0.6100000000000001,0.6100000000000001,0.95,14.448022978208666,18,181.68220000000002,20,78.5538,1.2419999999999998,14,65.11148345532357,25.81505126015563,30
valid,invalid,Llama-2-13b-hf,guns_weapons_dangerous^consistent^valid,guns_weapons_dangerous,2,True,True,True,2.75,3.943,1.0,1.0,-1.001,-1.127,0.4770000000000001,5.697,157.0223,19,0.5239999999999998,0.5239999999999998,0.95,14.982030161242474,18,179.61016,20,81.03583999999998,0.9539999999999995,14,66.43748130353984,26.295533425374742,30
invalid,valid,Llama-2-13b-hf,guns_weapons_dangerous^consistent^invalid,guns_weapons_dangerous,1,False,True,True,2.723,4.17,0.5,0.03125,-1.323,-6.246,-0.242,-4.801,156.4595,19,4.624,4.624,1.0,8.90542362715258,27,253.361,20,2.515,70.3207,27,26.68195191691244,62.47105420282155,25
invalid,valid,Llama-2-13b-hf,guns_weapons_dangerous^consistent^invalid,guns_weapons_dangerous,2,False,True,True,2.783,4.125,0.5,0.029411764705882353,-1.319,-6.27,-0.19499999999999984,-4.8469999999999995,156.55539999999996,19,4.674999999999999,4.674999999999999,1.0,8.734956081911008,27,253.079,20,3.0250000000000004,69.1604,27,27.148601823625054,61.812112165763686,25
valid,invalid,Llama-2-13b-hf,guns_weapons_dangerous^violate^valid,guns_weapons_dangerous,1,True,True,False,2.863,4.145,1.0,1.0,-1.157,-1.456,0.17999999999999994,4.677,156.085,19,1.0780000000000003,1.0780000000000003,0.95,13.238606552190408,18,186.58,20,68.05850000000002,2.999,8,61.24691011459064,26.652798436035273,30
valid,invalid,Llama-2-13b-hf,guns_weapons_dangerous^violate^valid,guns_weapons_dangerous,2,True,True,False,2.828,4.266,1.0,1.0,-1.193,-1.541,0.07799999999999985,4.409000000000001,157.2597,19,1.2579999999999998,1.2579999999999998,0.95,14.052855397972793,18,187.19129999999998,20,64.9267,3.655,30,60.4003154722716,27.756206976147936,30
invalid,valid,Llama-2-13b-hf,guns_weapons_dangerous^violate^invalid,guns_weapons_dangerous,1,False,True,False,2.82,4.312,1.0,0.06666666666666667,-1.099,-5.375,0.27300000000000013,-3.08,154.3526,19,3.670000000000001,3.670000000000001,0.875,11.297876707058348,33,241.98729999999998,20,7.3757,50.66570000000001,27,28.19627132516946,54.55425491609453,25
invalid,valid,Llama-2-13b-hf,guns_weapons_dangerous^violate^invalid,guns_weapons_dangerous,2,False,True,False,2.797,4.23,1.0,0.09090909090909091,-1.016,-5.055,0.484,-2.493,153.98739999999998,19,3.363999999999999,3.363999999999999,0.675,13.581252083385623,37,236.56939999999997,20,11.411599999999998,45.46259999999999,27,29.313166856805605,52.77992789045114,25
valid,invalid,Llama-2-13b-hf,dragons_mythical_exist^consistent^valid,dragons_mythical_exist,1,True,True,True,2.623,4.348,1.0,1.0,-1.049,-1.238,0.23399999999999999,5.039,160.9215,19,0.8579999999999999,0.8579999999999999,0.95,14.678178029100486,18,178.0939,20,72.98660000000001,2.0604999999999998,8,64.53436969323698,27.60409529094945,30
valid,invalid,Llama-2-13b-hf,dragons_mythical_exist^consistent^valid,dragons_mythical_exist,2,True,True,True,2.629,4.395,1.0,1.0,-1.103,-1.324,0.11699999999999999,4.711,160.7714,19,1.0080000000000002,1.0080000000000002,0.95,14.615361211981085,18,180.8669,20,68.32909999999998,2.715500000000001,8,62.52222924345826,27.916561910565573,30
invalid,valid,Llama-2-13b-hf,dragons_mythical_exist^consistent^invalid,dragons_mythical_exist,1,False,True,True,2.602,4.56,0.5,0.045454545454545456,-1.205,-5.74,-0.08600000000000008,-4.3420000000000005,162.1687,19,4.748,4.748,1.0,8.996407547480402,27,242.13299999999998,20,3.507,64.36749999999999,27,27.228790080427093,59.78876132863065,25
invalid,valid,Llama-2-13b-hf,dragons_mythical_exist^consistent^invalid,dragons_mythical_exist,2,False,True,True,2.613,4.496,1.0,0.045454545454545456,-1.144,-5.86,0.03100000000000014,-4.36,160.42000000000002,19,4.7299999999999995,4.7299999999999995,1.0,9.453472070411067,27,243.59699999999995,20,3.592,63.4338,27,27.726319802931886,61.10724961996665,25
invalid,valid,Llama-2-13b-hf,dragons_mythical_exist^violate^invalid,dragons_mythical_exist,1,False,True,False,2.633,4.29,0.5,0.02631578947368421,-1.253,-6.348,-0.16399999999999992,-5.04,158.57,19,4.949000000000001,4.949000000000001,1.0,8.87152739395221,27,252.4735,20,2.4610000000000003,72.05390000000001,27,26.978298884259697,64.29600599984751,25
invalid,valid,Llama-2-13b-hf,dragons_mythical_exist^violate^invalid,dragons_mythical_exist,2,False,True,False,2.674,4.28,0.5,0.02702702702702703,-1.23,-6.31,-0.08499999999999996,-4.997,158.3973,19,4.9879999999999995,4.9879999999999995,1.0,8.923921559101093,27,250.4905,20,2.975,69.66079999999998,27,27.547126238754235,63.364734629947414,25
valid,invalid,Llama-2-13b-hf,dragons_mythical_exist^violate^valid,dragons_mythical_exist,1,True,True,False,2.56,4.3,1.0,1.0,-0.9424,-1.203,0.45309999999999995,5.686999999999999,161.1213,19,0.25,0.25,0.95,15.693801191789579,18,175.8958,20,83.4327,0.29700000000000015,8,67.11023401991778,26.055227605205868,30
valid,invalid,Llama-2-13b-hf,dragons_mythical_exist^violate^valid,dragons_mythical_exist,2,True,True,False,2.637,4.26,1.0,1.0,-0.991,-1.195,0.406,5.508,159.98,19,0.562,0.562,0.95,15.213290011915362,18,177.32940000000002,20,80.14360000000003,1.0539999999999998,8,65.5915771951868,26.24702341426306,30
valid,invalid,Llama-2-13b-hf,politicians_dishonest_lie^consistent^valid,politicians_dishonest_lie,1,True,True,True,2.78,4.26,1.0,1.0,-1.062,-1.233,0.32799999999999985,5.026999999999999,158.07659999999998,19,0.9750000000000001,0.9750000000000001,0.95,14.273698082514528,18,184.08429999999998,20,73.29269999999998,2.396000000000001,14,63.34958604106822,27.094351748920985,30
valid,invalid,Llama-2-13b-hf,politicians_dishonest_lie^consistent^valid,politicians_dishonest_lie,2,True,True,True,2.727,4.184,1.0,1.0,-1.011,-1.118,0.41400000000000015,5.327,158.445,19,0.8440000000000001,0.8440000000000001,0.95,14.475372421628094,18,181.9149,24,77.03909999999999,1.9140000000000001,14,64.32254839916574,26.426993829152455,30
invalid,valid,Llama-2-13b-hf,politicians_dishonest_lie^consistent^invalid,politicians_dishonest_lie,1,False,True,True,2.793,4.33,0.5,0.043478260869565216,-1.309,-6.004,-0.17199999999999993,-4.645,157.4733,19,4.736000000000001,4.736000000000001,1.0,8.961274806252767,27,252.312,20,3.4850000000000008,67.78739999999998,27,27.22507846035983,60.985197741475716,25
invalid,valid,Llama-2-13b-hf,politicians_dishonest_lie^consistent^invalid,politicians_dishonest_lie,2,False,True,True,2.814,4.344,0.5,0.03571428571428571,-1.354,-6.105,-0.2350000000000001,-4.748,158.07299999999998,19,4.7250000000000005,4.7250000000000005,1.0,8.760416767064582,27,253.865,20,3.164,69.47739999999997,27,26.694748374469924,60.82602966231212,25
valid,invalid,Llama-2-13b-hf,politicians_dishonest_lie^violate^valid,politicians_dishonest_lie,1,True,True,False,2.893,4.188,1.0,1.0,-1.1875,-1.41,0.13250000000000006,4.508,156.1505,19,1.1720000000000002,1.1720000000000002,0.95,13.003030405210195,18,189.1195,24,66.9865,3.3360000000000003,14,60.84329301146219,26.992627464054248,30
valid,invalid,Llama-2-13b-hf,politicians_dishonest_lie^violate^valid,politicians_dishonest_lie,2,True,True,False,2.828,4.3,1.0,1.0,-1.169,-1.469,0.125,4.411,157.1807,19,1.1730000000000003,1.1730000000000003,0.95,13.058951496568277,18,189.2334,20,65.74410000000002,3.2910000000000004,14,60.895773592878385,27.16974942633388,30
invalid,valid,Llama-2-13b-hf,politicians_dishonest_lie^violate^invalid,politicians_dishonest_lie,1,False,True,False,2.857,4.28,1.0,0.05263157894736842,-1.1875,-5.652,0.10949999999999993,-3.978,155.18200000000002,19,4.358,4.358,1.0,9.4839530868105,27,249.6515,20,4.6735,60.110800000000005,27,27.383124421828647,58.55348238019794,25
invalid,valid,Llama-2-13b-hf,politicians_dishonest_lie^violate^invalid,politicians_dishonest_lie,2,False,True,False,2.896,4.152,0.5,0.05555555555555555,-1.265,-5.76,-0.0239999999999998,-4.269,154.73970000000003,19,4.4,4.4,1.0,8.567634599128397,27,251.66699999999997,20,3.891,63.5943,27,26.821375040485627,59.54750602425853,25
invalid,valid,Llama-2-13b-hf,whales_mammals_big^consistent^invalid,whales_mammals_big,1,False,True,True,2.736,4.387,0.5,0.018867924528301886,-1.404,-6.707,-0.3899999999999999,-5.479,159.6138,19,5.089,5.089,1.0,8.411978911078057,27,260.091,20,1.3479999999999996,77.17719999999997,27,26.76557126435805,63.243934344269846,25
invalid,valid,Llama-2-13b-hf,whales_mammals_big^consistent^invalid,whales_mammals_big,2,False,True,True,2.734,4.266,0.5,0.02702702702702703,-1.333,-6.41,-0.258,-5.163,157.8503,19,4.905,4.905,1.0,8.63211928219199,27,256.302,20,2.377,72.44629999999998,27,26.859634938039452,61.337283747391226,25
valid,invalid,Llama-2-13b-hf,whales_mammals_big^consistent^valid,whales_mammals_big,1,True,True,True,2.654,4.605,1.0,1.0,-1.145,-1.678,0.05400000000000005,4.326,158.747,19,1.352,1.352,0.95,13.65950312722454,18,191.1121,20,62.53240000000001,3.9399999999999995,30,57.3332225455258,27.350431954375722,30
valid,invalid,Llama-2-13b-hf,whales_mammals_big^consistent^valid,whales_mammals_big,2,True,True,True,2.723,4.58,1.0,1.0,-1.109,-1.631,0.16399999999999992,4.572,159.64499999999998,19,1.142,1.142,0.95,13.829424161676306,18,189.70839999999998,20,66.52960000000002,3.2359999999999998,8,58.74096235196762,26.890342120340126,30
invalid,valid,Llama-2-13b-hf,whales_mammals_big^violate^invalid,whales_mammals_big,1,False,True,False,2.756,4.324,1.0,0.07142857142857142,-1.078,-5.375,0.258,-3.497,154.30039999999997,19,3.7959999999999994,3.7959999999999994,0.9,10.46512267689499,27,243.83819999999997,20,6.4693,52.3483,27,28.440288765405583,55.42605404817268,25
invalid,valid,Llama-2-13b-hf,whales_mammals_big^violate^invalid,whales_mammals_big,2,False,True,False,2.816,4.31,1.0,0.05,-1.158,-5.79,0.11699999999999999,-4.014,154.6787,19,4.12,4.12,0.975,10.05056216108888,37,249.29200000000003,20,4.836999999999999,57.64909999999998,27,27.933566309478387,57.10267051762673,25
valid,invalid,Llama-2-13b-hf,whales_mammals_big^violate^valid,whales_mammals_big,1,True,True,False,2.803,4.406,0.5,0.5,-1.261,-1.771,-0.09399999999999986,3.739,156.488,19,1.4460000000000004,1.4460000000000004,1.0,11.780051156317747,30,194.29569999999998,24,57.37930000000001,4.7490000000000006,30,56.02526489717135,27.265561014116727,30
valid,invalid,Llama-2-13b-hf,whales_mammals_big^violate^valid,whales_mammals_big,2,True,True,False,2.787,4.39,0.5,0.5,-1.291,-1.724,-0.16399999999999992,3.753,156.4275,19,1.4210000000000003,1.4210000000000003,1.0,11.464498750040775,30,193.0647,20,56.4838,5.03,30,56.31080069211337,27.815398684546203,30
valid,invalid,Llama-2-13b-hf,food_vegetables_healthy^violate^valid,food_vegetables_healthy,1,True,True,False,2.719,4.383,1.0,1.0,-1.109,-1.387,0.14900000000000002,4.7330000000000005,157.99020000000002,19,1.102,1.102,0.95,13.982325371474815,18,185.9827,20,67.78930000000001,2.9850000000000003,30,61.55730513230876,27.355675696680056,30
valid,invalid,Llama-2-13b-hf,food_vegetables_healthy^violate^valid,food_vegetables_healthy,2,True,True,False,2.799,4.316,1.0,1.0,-1.196,-1.64,0.02400000000000002,4.172000000000001,155.2072,19,1.3060000000000003,1.3060000000000003,0.95,12.991993936620744,18,190.7149,20,62.11009999999999,3.7770000000000006,30,58.86387739791606,27.00609287639129,30
invalid,valid,Llama-2-13b-hf,food_vegetables_healthy^violate^invalid,food_vegetables_healthy,1,False,True,False,2.791,4.387,0.5,0.045454545454545456,-1.237,-5.832,-0.05400000000000005,-4.247,155.1686,19,4.270999999999999,4.270999999999999,1.0,8.919508878503295,27,250.54850000000002,20,3.8675000000000006,62.67649999999999,27,27.525849160926793,58.569882561890495,25
invalid,valid,Llama-2-13b-hf,food_vegetables_healthy^violate^invalid,food_vegetables_healthy,2,False,True,False,2.805,4.375,0.5,0.03571428571428571,-1.257,-6.11,-0.08599999999999985,-4.575,156.327,19,4.489000000000001,4.489000000000001,1.0,8.77855485041946,27,252.256,20,3.6729999999999996,65.2883,27,27.662790678059658,59.44081852651114,25
valid,invalid,Llama-2-13b-hf,food_vegetables_healthy^consistent^valid,food_vegetables_healthy,1,True,True,True,2.69,4.47,1.0,1.0,-0.997,-1.408,0.42200000000000004,5.256,158.086,19,0.782,0.782,0.95,14.334223191889398,18,185.5268,20,76.14919999999996,1.807,14,61.516218361331624,26.37235532909251,30
valid,invalid,Llama-2-13b-hf,food_vegetables_healthy^consistent^valid,food_vegetables_healthy,2,True,True,True,2.713,4.438,1.0,1.0,-0.9907,-1.338,0.44630000000000003,5.439,159.437,19,0.7270000000000001,0.7270000000000001,0.95,14.18474455516612,18,184.2314,24,77.8766,1.6030000000000002,14,62.181375204083515,26.294529993205387,30
invalid,valid,Llama-2-13b-hf,food_vegetables_healthy^consistent^invalid,food_vegetables_healthy,1,False,True,True,2.775,4.42,0.5,0.027777777777777776,-1.323,-6.336,-0.20299999999999985,-4.8500000000000005,157.626,19,4.647,4.647,1.0,8.799540455441464,27,255.608,20,3.1860000000000004,69.41929999999999,27,26.56406482140395,58.77203638043773,25
invalid,valid,Llama-2-13b-hf,food_vegetables_healthy^consistent^invalid,food_vegetables_healthy,2,False,True,True,2.777,4.363,0.5,0.025,-1.332,-6.516,-0.23399999999999999,-5.126,158.03,19,4.892,4.892,1.0,8.350761034392685,27,256.776,20,2.953,71.87880000000004,27,26.631391883089194,60.07024023652241,25
valid,invalid,Llama-2-13b-hf,famous_wealthy_old^consistent^valid,famous_wealthy_old,1,True,True,True,2.844,4.383,1.0,1.0,-1.137,-1.465,0.20300000000000007,4.723,159.2514,19,1.2409999999999999,1.2409999999999999,0.95,13.691814606036344,18,187.0242,20,68.8128,3.5379999999999994,14,59.244188979691934,26.531393933137462,30
valid,invalid,Llama-2-13b-hf,famous_wealthy_old^consistent^valid,famous_wealthy_old,2,True,True,True,2.875,4.47,1.0,1.0,-1.167,-1.627,0.15599999999999992,4.553,159.771,19,1.2340000000000002,1.2340000000000002,0.95,13.684011601315673,18,187.638,20,68.42500000000003,3.585,14,59.4268352136996,26.569028034284596,30
invalid,valid,Llama-2-13b-hf,famous_wealthy_old^consistent^invalid,famous_wealthy_old,1,False,True,True,2.902,4.31,1.0,0.043478260869565216,-1.25,-5.9,0.016000000000000014,-4.1530000000000005,157.867,19,4.474,4.474,1.0,9.450062372183377,27,248.939,20,5.228,60.60160000000001,27,27.075275748110165,55.84352498899407,25
invalid,valid,Llama-2-13b-hf,famous_wealthy_old^consistent^invalid,famous_wealthy_old,2,False,True,True,2.898,4.297,1.0,0.05,-1.214,-5.812,0.08600000000000008,-4.018000000000001,157.46499999999997,19,4.425000000000001,4.425000000000001,1.0,9.623186648313464,27,248.09,20,5.365000000000002,59.60050000000001,27,26.790991545981512,56.26047802934093,25
valid,invalid,Llama-2-13b-hf,famous_wealthy_old^violate^valid,famous_wealthy_old,1,True,True,False,3.014,4.113,0.5,0.5,-1.336,-1.894,-0.10200000000000009,3.816,154.8708,19,1.5069999999999997,1.5069999999999997,1.0,11.454704526114991,30,196.5882,24,56.895799999999994,5.023,30,56.62136834332299,27.170094693316884,30
valid,invalid,Llama-2-13b-hf,famous_wealthy_old^violate^valid,famous_wealthy_old,2,True,True,False,2.955,4.27,0.5,1.0,-1.324,-1.801,-0.10899999999999999,3.9450000000000003,156.889,19,1.501,1.501,1.0,12.007561080621961,18,195.058,24,57.142,5.054,30,56.131466863223885,27.337031279597987,30
invalid,valid,Llama-2-13b-hf,famous_wealthy_old^violate^invalid,famous_wealthy_old,1,False,True,False,2.957,4.19,1.0,0.09090909090909091,-1.041,-5.1,0.5550000000000002,-2.82,153.8155,19,3.4560000000000004,3.4560000000000004,0.675,12.99498351471525,37,238.8487,20,12.7003,46.5553,27,29.63275460794613,52.27152225798183,25
invalid,valid,Llama-2-13b-hf,famous_wealthy_old^violate^invalid,famous_wealthy_old,2,False,True,False,2.863,4.25,1.0,0.1,-0.9766,-4.973,0.6484,-2.719,154.869,19,3.3949999999999996,3.3949999999999996,0.675,13.5116399536082,37,234.9604,20,15.219100000000001,45.748999999999995,27,30.698032725623598,51.66005443108662,25
valid,invalid,Llama-2-13b-hf,vehicles_mobile_buildings^consistent^valid,vehicles_mobile_buildings,1,True,True,True,2.588,4.203,1.0,1.0,-1.078,-1.254,0.18799999999999994,4.82,159.441,19,0.9850000000000001,0.9850000000000001,0.95,14.448408919692243,18,179.1415,20,70.82550000000002,2.624,8,61.58112855413585,26.61594118559989,30
valid,invalid,Llama-2-13b-hf,vehicles_mobile_buildings^consistent^valid,vehicles_mobile_buildings,2,True,True,True,2.63,4.27,1.0,1.0,-1.065,-1.226,0.2270000000000001,4.894,160.44400000000002,19,0.9379999999999997,0.9379999999999997,0.95,14.643494762098989,18,179.4811,20,72.3019,2.431,8,62.010295414006414,26.80000085631921,30
invalid,valid,Llama-2-13b-hf,vehicles_mobile_buildings^consistent^invalid,vehicles_mobile_buildings,1,False,True,True,2.602,4.33,0.5,0.03333333333333333,-1.274,-6.094,-0.19500000000000006,-4.7620000000000005,161.3364,19,5.0680000000000005,5.0680000000000005,1.0,8.934960390673616,27,247.07600000000002,20,2.938,70.3082,27,26.910410763727075,61.758250516415494,25
invalid,valid,Llama-2-13b-hf,vehicles_mobile_buildings^consistent^invalid,vehicles_mobile_buildings,2,False,True,True,2.629,4.19,0.5,0.029411764705882353,-1.36,-6.34,-0.3510000000000002,-5.199,160.61,19,5.11,5.11,1.0,8.85506093954018,27,252.924,20,1.6624999999999994,76.64649999999999,27,26.367176324347493,63.74871467341766,25
valid,invalid,Llama-2-13b-hf,vehicles_mobile_buildings^violate^valid,vehicles_mobile_buildings,1,True,True,False,2.594,4.617,1.0,1.0,-1.148,-1.559,0.05500000000000016,3.918,162.86060000000003,19,1.4540000000000002,1.4540000000000002,0.95,13.944736794024063,18,183.978,20,61.29950000000001,4.165,30,57.50283495092516,27.158118244844026,30
valid,invalid,Llama-2-13b-hf,vehicles_mobile_buildings^violate^valid,vehicles_mobile_buildings,2,True,True,False,2.557,4.5,1.0,1.0,-1.135,-1.347,0.030999999999999917,4.093,164.177,19,1.3036,1.3036,0.95,14.029329803962844,18,180.61180000000002,20,63.717200000000005,3.7266,8,60.27325722252714,28.340031865216595,30
invalid,valid,Llama-2-13b-hf,vehicles_mobile_buildings^violate^invalid,vehicles_mobile_buildings,1,False,True,False,2.615,4.383,0.5,0.047619047619047616,-1.254,-5.81,-0.17199999999999993,-4.449999999999999,160.70100000000002,19,4.664000000000001,4.664000000000001,1.0,8.998306906319057,27,246.65000000000003,20,3.0260000000000002,67.7173,27,26.99694330134176,60.17451086538878,25
invalid,valid,Llama-2-13b-hf,vehicles_mobile_buildings^violate^invalid,vehicles_mobile_buildings,2,False,True,False,2.602,4.418,0.5,0.047619047619047616,-1.21,-5.707,-0.07000000000000006,-4.101,160.1015,19,4.6000000000000005,4.6000000000000005,1.0,9.194941947670555,27,243.89999999999998,20,3.7140000000000004,63.222500000000004,27,26.98382315598771,58.60976089842716,25
valid,invalid,Llama-2-13b-hf,nonsense_phrite_ing_pand^nonsense^valid,nonsense_phrite_ing_pand,1,True,False,True,2.752,4.188,1.0,1.0,-1.006,-1.043,0.3979999999999999,5.3069999999999995,163.1095,19,0.688,0.688,0.95,14.500860386187611,18,178.0195,20,80.112,1.479,8,62.63868132306867,24.991287397087536,30
valid,invalid,Llama-2-13b-hf,nonsense_phrite_ing_pand^nonsense^valid,nonsense_phrite_ing_pand,2,True,False,True,2.744,4.066,1.0,1.0,-1.04,-1.06,0.31299999999999994,5.303000000000001,160.091,19,0.8670000000000002,0.8670000000000002,0.95,14.282688679173859,18,181.6734,20,78.2746,2.1159999999999997,8,61.613238383554965,25.57547913232564,30
invalid,valid,Llama-2-13b-hf,nonsense_bosp_jift_nup^nonsense^invalid,nonsense_bosp_jift_nup,1,False,False,True,2.72,4.273,0.5,0.03571428571428571,-1.316,-6.055,-0.2570000000000001,-4.885,160.541,19,4.757,4.757,1.0,8.596513346256756,27,253.91899999999998,20,2.9240000000000004,73.60730000000001,27,24.437651789845038,57.62195206006059,25
invalid,valid,Llama-2-13b-hf,nonsense_bosp_jift_nup^nonsense^invalid,nonsense_bosp_jift_nup,2,False,False,True,2.816,4.43,0.5,0.034482758620689655,-1.339,-6.11,-0.25,-4.892,162.8435,19,4.747000000000001,4.747000000000001,1.0,8.777620023476432,27,253.5765,20,2.7275000000000005,73.96189999999999,27,25.307897220499676,58.94812254176836,25
valid,invalid,Llama-2-13b-hf,nonsense_snid_ust_bem^nonsense^valid,nonsense_snid_ust_bem,1,True,False,False,2.787,4.254,1.0,1.0,-1.129,-1.216,0.125,4.628,159.1594,19,1.179,1.179,0.95,13.811110376013426,18,183.61380000000003,20,70.8192,3.272,8,60.296044843405234,25.749062108029516,30
valid,invalid,Llama-2-13b-hf,nonsense_snid_ust_bem^nonsense^valid,nonsense_snid_ust_bem,2,True,False,False,2.734,4.316,1.0,1.0,-1.106,-1.216,0.1569999999999998,4.596,159.291,19,1.172,1.172,0.95,13.970670979415225,18,183.55309999999997,20,69.9614,3.18,30,60.05263162038935,25.655494755636177,30
invalid,valid,Llama-2-13b-hf,nonsense_nept_bript_jeft^nonsense^invalid,nonsense_nept_bript_jeft,1,False,False,False,2.992,4.438,1.0,0.047619047619047616,-1.221,-5.8,0.053999999999999826,-4.1739999999999995,159.62290000000002,19,4.220000000000001,4.220000000000001,1.0,9.353760741429996,27,250.156,20,4.602,62.18069999999998,27,26.5917724967898,56.12521968875021,25
invalid,valid,Llama-2-13b-hf,nonsense_nept_bript_jeft^nonsense^invalid,nonsense_nept_bript_jeft,2,False,False,False,2.982,4.426,1.0,0.047619047619047616,-1.206,-5.84,0.07800000000000007,-4.292,159.983,19,4.4,4.4,1.0,9.38308860806202,27,249.906,20,4.64,63.425300000000014,27,26.961553435584136,57.02291384455342,25
valid,invalid,Llama-2-13b-hf,nonsense_sclack_chask_pron^nonsense^valid,nonsense_sclack_chask_pron,1,True,False,True,2.734,4.35,1.0,1.0,-1.069,-1.179,0.2350000000000001,4.715999999999999,162.5523,19,1.0229999999999997,1.0229999999999997,0.95,14.173095325465553,18,181.21550000000002,20,72.3485,2.782,8,62.08072987853866,27.13198585006812,30
valid,invalid,Llama-2-13b-hf,nonsense_sclack_chask_pron^nonsense^valid,nonsense_sclack_chask_pron,2,True,False,True,2.7,4.418,1.0,1.0,-1.137,-1.229,0.062000000000000055,4.411,162.575,19,1.172,1.172,0.95,13.923512722443581,18,184.5365,20,68.4175,3.3835,30,59.72013951575916,27.076441024177797,30
invalid,valid,Llama-2-13b-hf,nonsense_stope_unt_gleck^nonsense^invalid,nonsense_stope_unt_gleck,1,False,False,True,2.959,4.332,1.0,0.07142857142857142,-1.174,-5.49,0.14800000000000013,-4.071,162.2903,19,4.418,4.418,1.0,9.659688515063115,27,245.243,20,5.422000000000001,60.674400000000006,27,26.17762475067981,56.69525547768526,25
invalid,valid,Llama-2-13b-hf,nonsense_stope_unt_gleck^nonsense^invalid,nonsense_stope_unt_gleck,2,False,False,True,3.031,4.31,1.0,0.07692307692307693,-1.15,-5.473,0.2430000000000001,-4.1209999999999996,162.8192,19,4.5200000000000005,4.5200000000000005,0.925,10.248508875492899,37,244.748,20,5.9,60.25200000000001,27,26.136020079228157,56.84147604498629,25
valid,invalid,Llama-2-13b-hf,nonsense_gluff_caft_jint^nonsense^valid,nonsense_gluff_caft_jint,1,True,False,False,2.865,4.203,1.0,1.0,-1.21,-1.4375,0.016000000000000014,4.3985,156.91340000000002,19,1.336,1.336,0.95,12.934283770030536,18,189.04340000000002,24,66.76560000000002,3.9,8,59.674564274002975,25.48441496555906,30
valid,invalid,Llama-2-13b-hf,nonsense_gluff_caft_jint^nonsense^valid,nonsense_gluff_caft_jint,2,True,False,False,2.812,4.344,1.0,1.0,-1.187,-1.478,0.030999999999999917,4.37,157.9434,19,1.4219999999999997,1.4219999999999997,0.95,12.92895223718426,18,189.848,24,65.509,4.132,8,58.586973277549056,25.939239478103886,30
invalid,valid,Llama-2-13b-hf,nonsense_fleff_drap_ved^nonsense^invalid,nonsense_fleff_drap_ved,1,False,False,False,2.906,4.38,1.0,0.1111111111111111,-1.1455,-5.273,0.1955,-3.6979999999999995,158.894,19,4.07,4.07,0.9,10.34267416616293,37,244.9035,20,5.8545,57.1101,27,27.229307980901595,56.26746968574671,25
invalid,valid,Llama-2-13b-hf,nonsense_fleff_drap_ved^nonsense^invalid,nonsense_fleff_drap_ved,2,False,False,False,2.918,4.25,1.0,0.1,-1.18,-5.258,0.10099999999999998,-3.849,160.3668,19,4.144000000000001,4.144000000000001,1.0,9.5514265529077,27,244.26600000000002,20,4.859000000000001,60.04019999999999,27,26.848046914922474,57.59260436650549,25
valid,invalid,Llama-2-13b-hf,nonsense_paft_usp_cesk^nonsense^valid,nonsense_paft_usp_cesk,1,True,False,True,2.717,4.69,1.0,1.0,-1.108,-1.445,0.133,4.649,163.5236,19,1.3059999999999998,1.3059999999999998,0.95,13.52547128678045,18,186.48630000000003,20,69.28920000000001,3.6109999999999998,30,57.18277245768301,25.7879909603629,30
valid,invalid,Llama-2-13b-hf,nonsense_paft_usp_cesk^nonsense^valid,nonsense_paft_usp_cesk,2,True,False,True,2.775,4.75,1.0,1.0,-1.055,-1.418,0.28900000000000015,4.882,165.341,19,0.9930000000000001,0.9930000000000001,0.95,13.888574907546293,18,183.7689,20,73.58609999999999,2.5180000000000002,8,58.082538215384254,24.913774959403757,30
invalid,valid,Llama-2-13b-hf,nonsense_trime_dimp_mag^nonsense^invalid,nonsense_trime_dimp_mag,1,False,False,True,2.98,4.203,0.5,0.047619047619047616,-1.32,-5.797,-0.10899999999999999,-4.497999999999999,161.5335,19,4.530999999999999,4.530999999999999,1.0,8.80505822920859,27,249.652,20,4.086,67.85429999999998,27,25.7869551594139,57.68858858777983,25
invalid,valid,Llama-2-13b-hf,nonsense_trime_dimp_mag^nonsense^invalid,nonsense_trime_dimp_mag,2,False,False,True,2.906,4.277,0.5,0.045454545454545456,-1.265,-5.867,-0.04699999999999993,-4.4670000000000005,159.637,19,4.519,4.519,1.0,8.655617253469323,27,251.49,20,4.1419999999999995,66.0523,27,26.114958793265085,57.00910316523339,25
valid,invalid,Llama-2-13b-hf,nonsense_kemp_clud_thrund^nonsense^valid,nonsense_kemp_clud_thrund,1,True,False,False,2.793,4.42,0.5,1.0,-1.216,-1.505,-0.030999999999999917,4.202,159.235,19,1.407,1.407,1.0,12.881101433773429,18,189.71660000000003,20,63.639399999999995,4.321,30,58.26587498335791,26.49591775063408,30
valid,invalid,Llama-2-13b-hf,nonsense_kemp_clud_thrund^nonsense^valid,nonsense_kemp_clud_thrund,2,True,False,False,2.85,4.336,0.5,1.0,-1.262,-1.604,-0.08600000000000008,3.9959999999999996,157.79559999999998,19,1.468,1.468,1.0,12.30035673344025,18,191.78840000000002,20,61.25759999999999,4.782000000000001,30,57.66925363673175,26.277104800157044,30
invalid,valid,Llama-2-13b-hf,nonsense_frupt_liff_blop^nonsense^invalid,nonsense_frupt_liff_blop,1,False,False,False,2.709,4.473,1.0,0.1111111111111111,-1.047,-5.17,0.28100000000000014,-3.471,155.3055,19,4.134,4.134,0.875,10.895497614873113,33,242.15730000000002,20,7.075999999999999,54.20330000000001,27,27.470131701544965,53.21738115791372,25
invalid,valid,Llama-2-13b-hf,nonsense_frupt_liff_blop^nonsense^invalid,nonsense_frupt_liff_blop,2,False,False,False,2.957,4.414,1.0,0.08333333333333333,-1.165,-5.383,0.15599999999999992,-3.758,157.46429999999998,19,4.22,4.22,1.0,9.5899076019988,27,246.092,20,5.313,58.311400000000006,27,26.87720039579964,55.55345756490014,25
valid,invalid,Llama-2-13b-hf,nonsense_gand_yusp_druff^nonsense^valid,nonsense_gand_yusp_druff,1,True,False,True,2.709,4.574,1.0,1.0,-1.138,-1.431,0.07000000000000006,4.182,162.35250000000002,19,1.234,1.234,0.95,13.576067579570235,18,183.52159999999998,20,64.9334,3.6155000000000004,8,58.946050939870375,27.29404554021433,30
valid,invalid,Llama-2-13b-hf,nonsense_gand_yusp_druff^nonsense^valid,nonsense_gand_yusp_druff,2,True,False,True,2.688,4.574,0.5,1.0,-1.219,-1.438,-0.07100000000000017,3.9960000000000004,161.0885,19,1.5779999999999998,1.5779999999999998,1.0,12.999407536296516,18,186.38819999999998,20,60.895300000000006,5.096,8,56.714935695716335,27.95406653659408,30
invalid,valid,Llama-2-13b-hf,nonsense_glap_phropt_soff^nonsense^invalid,nonsense_glap_phropt_soff,1,False,False,True,2.678,4.484,0.5,0.03225806451612903,-1.369,-6.145,-0.375,-4.9159999999999995,163.16500000000002,19,4.730999999999999,4.730999999999999,1.0,8.92693203746538,27,251.378,20,2.2105000000000006,76.11089999999997,27,25.787990960362905,60.33454211200988,25
invalid,valid,Llama-2-13b-hf,nonsense_glap_phropt_soff^nonsense^invalid,nonsense_glap_phropt_soff,2,False,False,True,2.615,4.723,0.5,0.03571428571428571,-1.278,-6.023,-0.21799999999999997,-4.497,160.948,19,4.53,4.53,1.0,8.954376783044264,27,249.14499999999998,20,3.6029999999999998,69.00549999999997,27,26.21612201928445,57.13823301687585,25
valid,invalid,Llama-2-13b-hf,nonsense_vonk_jang_fress^nonsense^valid,nonsense_vonk_jang_fress,1,True,False,False,2.705,4.348,1.0,1.0,-1.078,-1.213,0.21899999999999986,4.721,162.60660000000001,19,1.1079999999999999,1.1079999999999999,0.95,14.29837653131729,18,178.181,20,72.4265,3.0469999999999993,30,60.12617348776861,25.6768149918365,30
valid,invalid,Llama-2-13b-hf,nonsense_vonk_jang_fress^nonsense^valid,nonsense_vonk_jang_fress,2,True,False,False,2.71,4.457,1.0,1.0,-1.048,-1.278,0.2809999999999999,4.662000000000001,162.48899999999998,19,0.9599999999999997,0.9599999999999997,0.95,14.128783293698747,18,179.4411,20,72.91740000000001,2.5309999999999997,8,59.64072810966886,24.802944257860357,30
invalid,valid,Llama-2-13b-hf,nonsense_zint_thade_snaff^nonsense^invalid,nonsense_zint_thade_snaff,1,False,False,False,2.645,4.785,0.5,0.043478260869565216,-1.193,-5.848,-0.04700000000000015,-4.247,162.9696,19,4.478999999999999,4.478999999999999,1.0,8.948876187705523,27,246.94,20,4.359,64.83139999999996,27,26.101061797199282,55.8486608353662,25
invalid,valid,Llama-2-13b-hf,nonsense_zint_thade_snaff^nonsense^invalid,nonsense_zint_thade_snaff,2,False,False,False,2.705,4.656,0.5,0.03333333333333333,-1.227,-6.066,-0.10200000000000009,-4.653,165.159,19,4.765,4.765,1.0,9.044568314322655,27,248.904,20,3.527,69.56590000000001,27,26.17923240006941,58.52896842440486,25
valid,invalid,Llama-2-13b-hf,nonsense_yoct_fisk_nand^nonsense^valid,nonsense_yoct_fisk_nand,1,True,False,True,2.727,4.418,1.0,1.0,-1.067,-1.285,0.25,4.653,160.618,19,1.18,1.18,0.95,13.810448829417789,18,184.9139,24,70.84410000000001,3.1319999999999997,14,57.81150363372829,25.15408077957262,30
valid,invalid,Llama-2-13b-hf,nonsense_yoct_fisk_nand^nonsense^valid,nonsense_yoct_fisk_nand,2,True,False,True,2.756,4.51,1.0,1.0,-1.068,-1.286,0.258,4.600999999999999,162.5793,19,1.062,1.062,0.95,13.909969559122633,18,184.1239,24,70.62110000000003,2.8209999999999997,14,59.17392714865119,25.269143699056094,30
invalid,valid,Llama-2-13b-hf,nonsense_flact_frep_blen^nonsense^invalid,nonsense_flact_frep_blen,1,False,False,True,2.744,4.23,0.5,0.03333333333333333,-1.335,-6.188,-0.2729999999999999,-5.037,159.65210000000002,19,4.830000000000001,4.830000000000001,1.0,8.689433056096796,27,256.30899999999997,20,2.743,76.29199999999996,27,25.304962451144164,59.633477503025844,25
invalid,valid,Llama-2-13b-hf,nonsense_flact_frep_blen^nonsense^invalid,nonsense_flact_frep_blen,2,False,False,True,2.787,4.43,0.5,0.029411764705882353,-1.397,-6.348,-0.367,-5.1605,162.815,19,4.7935,4.7935,1.0,8.66636050115412,27,256.076,20,2.026,76.8765,27,25.494168757828845,60.69033973799264,25
valid,invalid,Llama-2-13b-hf,nonsense_sclace_dact_yink^nonsense^valid,nonsense_sclace_dact_yink,1,True,False,False,2.875,4.293,1.0,1.0,-1.169,-1.41,0.10149999999999992,4.645,158.464,19,1.1889999999999998,1.1889999999999998,0.95,13.77044360784099,18,186.7502,20,69.1443,3.3149999999999995,14,59.66558733244496,25.91694817851387,30
valid,invalid,Llama-2-13b-hf,nonsense_sclace_dact_yink^nonsense^valid,nonsense_sclace_dact_yink,2,True,False,False,2.86,4.273,1.0,1.0,-1.146,-1.425,0.14900000000000002,4.591,157.974,19,1.1409999999999998,1.1409999999999998,0.95,13.283374358909075,18,186.2892,24,70.46280000000002,3.218,14,59.651086119158904,25.64125249258738,30
invalid,valid,Llama-2-13b-hf,nonsense_bisk_uft_glap^nonsense^invalid,nonsense_bisk_uft_glap,1,False,False,False,2.787,4.527,1.0,0.1,-1.068,-5.086,0.28200000000000003,-3.3270000000000004,158.2344,19,4.1290000000000004,4.1290000000000004,0.875,11.338547917621886,33,242.9639,20,7.3038000000000025,53.692600000000006,27,26.776145065712466,52.281707633980346,25
invalid,valid,Llama-2-13b-hf,nonsense_bisk_uft_glap^nonsense^invalid,nonsense_bisk_uft_glap,2,False,False,False,2.844,4.45,1.0,0.07692307692307693,-1.131,-5.312,0.17199999999999993,-3.6060000000000003,158.864,19,4.206,4.206,0.975,10.05662783639621,37,245.837,20,5.668999999999999,56.5367,27,26.577961817469756,54.30911535816366,25
valid,invalid,Llama-2-13b-hf,nonsense_phrist_biss_skemp^nonsense^valid,nonsense_phrist_biss_skemp,1,True,False,True,2.875,4.176,1.0,1.0,-1.168,-1.213,0.10200000000000009,4.662,159.6648,19,1.078,1.078,0.95,13.856674598917785,18,182.86630000000002,20,72.07170000000002,2.9939999999999998,14,61.28143681289077,25.462058928409732,30
valid,invalid,Llama-2-13b-hf,nonsense_phrist_biss_skemp^nonsense^valid,nonsense_phrist_biss_skemp,2,True,False,True,2.914,4.195,1.0,1.0,-1.184,-1.233,0.08600000000000008,4.7829999999999995,159.6934,19,1.1009999999999998,1.1009999999999998,0.95,14.133999133003186,18,184.3361,20,71.9419,3.06,30,61.94158728438915,26.032008400599032,30
invalid,valid,Llama-2-13b-hf,nonsense_rimp_thomp_zin^nonsense^invalid,nonsense_rimp_thomp_zin,1,False,False,True,2.887,4.387,0.5,0.043478260869565216,-1.223,-5.938,-0.008000000000000007,-4.362,158.2464,19,4.406999999999999,4.406999999999999,1.0,8.70432515480697,27,252.216,20,4.235000000000001,65.6486,27,26.65276606725562,57.477975728149076,25
invalid,valid,Llama-2-13b-hf,nonsense_rimp_thomp_zin^nonsense^invalid,nonsense_rimp_thomp_zin,2,False,False,True,2.865,4.37,1.0,0.041666666666666664,-1.204,-5.934,0.03100000000000014,-4.336,158.0235,19,4.336,4.336,1.0,9.159891830176488,27,251.43,20,4.428000000000001,64.3492,27,26.6719391744054,57.386825244636746,25
valid,invalid,Llama-2-13b-hf,nonsense_sland_spluff_gusp^nonsense^valid,nonsense_sland_spluff_gusp,1,True,False,False,2.787,4.324,1.0,1.0,-1.142,-1.397,0.13200000000000012,4.5169999999999995,158.4046,19,1.2579999999999998,1.2579999999999998,0.95,13.176874515076166,18,185.3015,20,69.8155,3.6099999999999994,8,59.27819777751756,26.084057398286472,30
valid,invalid,Llama-2-13b-hf,nonsense_sland_spluff_gusp^nonsense^valid,nonsense_sland_spluff_gusp,2,True,False,False,2.857,4.375,1.0,1.0,-1.154,-1.372,0.1100000000000001,4.6240000000000006,160.5743,19,1.109,1.109,0.95,13.813689691363546,18,185.71980000000002,20,70.54720000000002,3.155,8,60.55223294479214,26.046682247376587,30
invalid,valid,Llama-2-13b-hf,nonsense_gick_criff_riff^nonsense^invalid,nonsense_gick_criff_riff,1,False,False,False,2.822,4.457,1.0,0.05263157894736842,-1.2,-5.805,0.008000000000000007,-4.3069999999999995,159.553,19,4.433000000000001,4.433000000000001,1.0,9.386688225997734,27,250.831,20,4.115,66.64289999999998,27,27.094826491022612,59.38419474129894,25
invalid,valid,Llama-2-13b-hf,nonsense_gick_criff_riff^nonsense^invalid,nonsense_gick_criff_riff,2,False,False,False,2.85,4.414,0.5,0.047619047619047616,-1.25,-5.887,-0.07800000000000007,-4.372999999999999,157.8656,19,4.402,4.402,1.0,8.70405466177214,27,252.809,20,3.78,67.48250000000002,27,26.130970549601766,58.538635899928906,25
valid,invalid,Llama-2-13b-hf,nonsense_shiff_yot_plusk^nonsense^valid,nonsense_shiff_yot_plusk,1,True,False,True,2.676,4.594,1.0,1.0,-1.077,-1.429,0.20300000000000007,4.5089999999999995,161.303,19,1.225,1.225,0.95,14.05743522342508,18,183.17219999999998,20,68.86480000000002,3.3190000000000004,8,59.14009098431706,26.311264652287726,30
valid,invalid,Llama-2-13b-hf,nonsense_shiff_yot_plusk^nonsense^valid,nonsense_shiff_yot_plusk,2,True,False,True,2.715,4.46,1.0,1.0,-1.095,-1.343,0.15599999999999992,4.411,162.228,19,1.132,1.132,0.95,14.119233435473598,18,181.7608,20,67.8742,3.13,8,60.3994523048141,26.67362235094753,30
invalid,valid,Llama-2-13b-hf,nonsense_zoft_chand_splink^nonsense^invalid,nonsense_zoft_chand_splink,1,False,False,True,2.648,4.688,0.5,0.047619047619047616,-1.252,-5.805,-0.1479999999999999,-4.186,162.728,19,4.462000000000001,4.462000000000001,1.0,8.973506184657797,27,247.3275,20,4.011,65.64620000000001,27,26.400839855190117,56.90137986653699,25
invalid,valid,Llama-2-13b-hf,nonsense_zoft_chand_splink^nonsense^invalid,nonsense_zoft_chand_splink,2,False,False,True,2.738,4.375,0.5,0.05555555555555555,-1.244,-5.785,-0.08600000000000008,-4.356,162.3106,19,4.676999999999999,4.676999999999999,1.0,9.13013025221171,27,248.142,20,4.077,66.70229999999998,27,26.640109874409973,57.113891694574264,25
invalid,valid,Llama-2-13b-hf,nonsense_dask_flump_fect^nonsense^invalid,nonsense_dask_flump_fect,1,False,False,False,2.738,4.48,1.0,0.08333333333333333,-1.144,-5.312,0.07800000000000007,-3.7590000000000003,160.3576,19,4.250000000000001,4.250000000000001,1.0,9.676042150097473,27,242.94400000000002,20,4.648000000000001,60.822700000000026,27,26.64097304186748,58.86491319886507,25
invalid,valid,Llama-2-13b-hf,nonsense_dask_flump_fect^nonsense^invalid,nonsense_dask_flump_fect,2,False,False,False,2.666,4.484,1.0,0.08333333333333333,-1.115,-5.31,0.09400000000000008,-3.8469999999999995,159.811,19,4.35,4.35,1.0,9.715082695476978,27,242.94400000000002,20,4.797,61.0451,27,26.454010970572305,58.221249225805,25
valid,invalid,Llama-2-13b-hf,nonsense_hap_thrum_zid^nonsense^valid,nonsense_hap_thrum_zid,1,True,False,False,2.686,4.42,1.0,1.0,-0.958,-1.134,0.4770000000000001,5.166,163.714,19,0.6810000000000003,0.6810000000000003,0.95,14.89308948980349,18,175.3164,20,79.5656,1.471,8,62.270238293833465,25.264566214133023,30
valid,invalid,Llama-2-13b-hf,nonsense_hap_thrum_zid^nonsense^valid,nonsense_hap_thrum_zid,2,True,False,False,2.633,4.625,1.0,1.0,-1.031,-1.356,0.2815000000000001,4.601,162.9766,19,1.1410000000000002,1.1410000000000002,0.95,14.339840735880312,18,179.7426,20,72.17389999999997,3.087,8,58.803800942873856,25.767922316975955,30
valid,invalid,Llama-2-13b-hf,nonsense_teft_yact_jund^nonsense^valid,nonsense_teft_yact_jund,1,True,False,True,2.885,4.3,1.0,1.0,-1.055,-1.219,0.40600000000000014,5.210999999999999,161.444,19,0.7900000000000003,0.7900000000000003,0.95,13.339576288984473,18,184.1599,24,76.86910000000002,1.7910000000000004,14,60.927192888331504,24.693839891231963,30
valid,invalid,Llama-2-13b-hf,nonsense_teft_yact_jund^nonsense^valid,nonsense_teft_yact_jund,2,True,False,True,2.932,4.145,1.0,1.0,-1.064,-1.136,0.40700000000000003,5.372,160.9598,19,0.812,0.812,0.95,13.94607931184022,18,183.9198,24,77.7442,1.8340000000000003,14,60.792538764961016,24.406232494391926,30
invalid,valid,Llama-2-13b-hf,nonsense_troff_plam_sphob^nonsense^invalid,nonsense_troff_plam_sphob,1,False,False,True,2.854,4.434,0.5,0.04,-1.289,-6.016,-0.10899999999999999,-4.436,158.3115,19,4.327,4.327,1.0,8.700951986767489,27,253.3875,20,4.141,65.5447,27,26.477489125416387,56.550588611807726,25
invalid,valid,Llama-2-13b-hf,nonsense_troff_plam_sphob^nonsense^invalid,nonsense_troff_plam_sphob,2,False,False,True,2.807,4.555,0.5,0.05263157894736842,-1.264,-5.742,-0.10200000000000009,-4.202,160.17860000000002,19,4.201,4.201,1.0,8.96042010885532,27,250.029,20,4.297,63.007099999999994,27,26.56138900228569,56.39314686755916,25
valid,invalid,Llama-2-13b-hf,nonsense_zeff_zaff_zom^nonsense^valid,nonsense_zeff_zaff_zom,1,True,False,False,2.818,4.316,1.0,1.0,-1.091,-1.497,0.23399999999999999,4.948,156.93,19,0.9209999999999998,0.9209999999999998,0.95,12.948300962280936,18,187.5959,24,74.8671,2.336,14,60.44243804419774,25.154426046555624,30
valid,invalid,Llama-2-13b-hf,nonsense_zeff_zaff_zom^nonsense^valid,nonsense_zeff_zaff_zom,2,True,False,False,2.803,4.41,1.0,1.0,-1.07,-1.468,0.266,4.992,158.301,19,0.875,0.875,0.95,13.318751463545492,18,185.9096,24,75.1454,2.204,14,61.52623110383866,25.462102086782608,30
invalid,valid,Llama-2-13b-hf,nonsense_yuft_yab_sunt^nonsense^invalid,nonsense_yuft_yab_sunt,1,False,False,False,2.754,4.492,1.0,0.1,-1.152,-5.336,0.05500000000000016,-3.8080000000000003,160.39870000000002,19,4.072,4.072,1.0,9.62917753748213,27,243.9385,20,4.789999999999999,59.78039999999999,27,26.62452970180204,56.872032172981896,25
invalid,valid,Llama-2-13b-hf,nonsense_yuft_yab_sunt^nonsense^invalid,nonsense_yuft_yab_sunt,2,False,False,False,2.783,4.41,1.0,0.1,-1.1,-5.28,0.20299999999999985,-3.5360000000000005,158.377,19,3.926,3.926,0.975,10.228508506154771,37,244.1155,20,5.882,56.2713,27,26.52548123605356,55.44987746999977,25
invalid,valid,Llama-2-13b-hf,nonsense_plig_prash_lupt^nonsense^invalid,nonsense_plig_prash_lupt,1,False,False,True,2.861,4.45,0.5,0.03571428571428571,-1.428,-6.137,-0.375,-4.826,161.6454,19,4.451,4.451,1.0,8.445298702218816,27,255.773,20,2.4690000000000003,73.33150000000002,27,24.98006622013999,59.39006428000996,25
invalid,valid,Llama-2-13b-hf,nonsense_plig_prash_lupt^nonsense^invalid,nonsense_plig_prash_lupt,2,False,False,True,2.77,4.3,0.5,0.05263157894736842,-1.373,-5.82,-0.30499999999999994,-4.5840000000000005,159.8075,19,4.521000000000001,4.521000000000001,1.0,8.659224198208241,27,253.57599999999996,20,3.361,70.71100000000001,27,24.83571225246582,56.962837389511215,25
valid,invalid,Llama-2-13b-hf,nonsense_thrag_ont_vept^nonsense^valid,nonsense_thrag_ont_vept,1,True,False,True,2.615,4.426,1.0,1.0,-1.015,-1.159,0.30400000000000005,4.971,163.53900000000002,19,0.8680000000000001,0.8680000000000001,0.95,14.542005259256335,18,180.1232,20,77.1168,2.132,14,61.62673616467166,25.174106264586698,30
valid,invalid,Llama-2-13b-hf,nonsense_thrag_ont_vept^nonsense^valid,nonsense_thrag_ont_vept,2,True,False,True,2.707,4.41,1.0,1.0,-1.037,-1.094,0.29700000000000015,5.093999999999999,165.4778,19,0.758,0.758,0.95,14.573352670443604,18,179.04930000000002,20,77.92569999999998,1.8440000000000005,14,62.09091525453719,24.975070638479696,30
invalid,valid,Llama-2-13b-hf,nonsense_blep_jict_zamp^nonsense^invalid,nonsense_blep_jict_zamp,1,False,False,False,2.805,4.35,1.0,0.05263157894736842,-1.168,-5.73,0.062000000000000055,-3.926,157.1592,19,4.0600000000000005,4.0600000000000005,1.0,9.390251295857325,27,248.867,20,4.835999999999999,59.2311,27,26.8410552585167,55.786167511442976,25
invalid,valid,Llama-2-13b-hf,nonsense_blep_jict_zamp^nonsense^invalid,nonsense_blep_jict_zamp,2,False,False,False,2.809,4.383,1.0,0.05555555555555555,-1.171,-5.727,0.05499999999999994,-3.9880000000000004,158.24200000000002,19,4.191,4.191,1.0,9.392358570228861,27,248.35,20,4.807,60.474100000000014,27,26.918395062708978,56.291638374556804,25
valid,invalid,Llama-2-13b-hf,nonsense_gapt_prash_glemp^nonsense^valid,nonsense_gapt_prash_glemp,1,True,False,False,2.98,4.21,1.0,1.0,-1.18,-1.381,0.16400000000000015,4.435,160.315,19,1.3045000000000002,1.3045000000000002,0.95,12.8010410372137,18,188.7108,24,66.8732,3.6655,30,58.24170629454783,25.34067600469836,30
valid,invalid,Llama-2-13b-hf,nonsense_gapt_prash_glemp^nonsense^valid,nonsense_gapt_prash_glemp,2,True,False,False,2.986,4.203,1.0,1.0,-1.184,-1.3545,0.17900000000000005,4.5325,160.156,19,1.3050000000000002,1.3050000000000002,0.95,12.962942655968156,18,188.6297,24,67.57430000000001,3.6339999999999995,30,57.665110432935734,25.733525093794462,30
valid,invalid,Llama-2-13b-hf,nonsense_luft_noct_vosk^nonsense^valid,nonsense_luft_noct_vosk,1,True,False,False,2.79,4.29,1.0,1.0,-1.086,-1.413,0.23399999999999999,4.552,158.64499999999998,19,1.204,1.204,0.95,13.22975102047748,18,187.38060000000002,24,67.80239999999998,3.2489999999999997,14,58.791371331485806,25.85324642015014,30
valid,invalid,Llama-2-13b-hf,nonsense_luft_noct_vosk^nonsense^valid,nonsense_luft_noct_vosk,2,True,False,False,2.82,4.293,1.0,1.0,-1.077,-1.327,0.28100000000000014,4.646,159.2745,19,1.14,1.14,0.95,13.321834982104379,18,185.6602,24,70.27579999999999,3.0779999999999994,30,58.67605215916338,25.40508987621452,30
invalid,valid,Llama-2-13b-hf,nonsense_wib_mact_boct^nonsense^invalid,nonsense_wib_mact_boct,1,False,False,False,2.797,4.504,0.5,0.04,-1.216,-5.957,-0.038999999999999924,-4.412,159.8979,19,4.511,4.511,1.0,8.773602071742037,27,251.367,20,3.8979999999999997,67.74969999999998,27,26.51141160649626,58.92360858597528,25
invalid,valid,Llama-2-13b-hf,nonsense_wib_mact_boct^nonsense^invalid,nonsense_wib_mact_boct,2,False,False,False,2.766,4.617,1.0,0.047619047619047616,-1.181,-5.793,0.014999999999999902,-4.216,160.8884,19,4.426,4.426,1.0,9.457731242223689,27,248.891,20,4.297,65.42499999999998,27,26.614646434413633,58.38620052693384,25
valid,invalid,Llama-2-13b-hf,nonsense_namp_clun_hamp^nonsense^valid,nonsense_namp_clun_hamp,1,True,False,True,2.707,4.613,1.0,1.0,-1.147,-1.537,0.07099999999999995,4.303,161.67129999999997,19,1.4929999999999999,1.4929999999999999,0.95,13.328166760135758,18,189.2861,20,64.2819,4.346,30,55.460235479489796,26.27429950592016,30
valid,invalid,Llama-2-13b-hf,nonsense_namp_clun_hamp^nonsense^valid,nonsense_namp_clun_hamp,2,True,False,True,2.736,4.715,1.0,1.0,-1.081,-1.515,0.21900000000000008,4.559,162.918,19,1.1860000000000002,1.1860000000000002,0.95,13.464970786435963,18,186.4688,20,68.55019999999999,3.282,8,57.26218386377329,25.51151842372466,30
invalid,valid,Llama-2-13b-hf,nonsense_trunt_om_jemp^nonsense^invalid,nonsense_trunt_om_jemp,1,False,False,True,2.781,4.44,0.5,0.058823529411764705,-1.222,-5.7,-0.038999999999999924,-4.173,159.3635,19,4.376,4.376,1.0,8.918690848931915,27,250.38,20,4.203,64.0582,27,26.304855633915768,57.094729377017686,25
invalid,valid,Llama-2-13b-hf,nonsense_trunt_om_jemp^nonsense^invalid,nonsense_trunt_om_jemp,2,False,False,True,2.822,4.395,1.0,0.0625,-1.21,-5.652,0.016000000000000014,-4.072,159.1569,19,4.307,4.307,1.0,9.426052342801022,27,250.23,20,4.579000000000001,62.6393,27,26.62509076064942,56.71148302588631,25
valid,invalid,Llama-2-13b-hf,nonsense_vesk_foff_strod^nonsense^valid,nonsense_vesk_foff_strod,1,True,False,True,2.771,4.504,1.0,1.0,-1.131,-1.431,0.16399999999999992,4.503,159.961,19,1.3525,1.3525,0.95,13.267312868545275,18,188.2518,24,67.8812,3.8554999999999997,14,57.124077070572795,25.45316830359745,30
valid,invalid,Llama-2-13b-hf,nonsense_vesk_foff_strod^nonsense^valid,nonsense_vesk_foff_strod,2,True,False,True,2.742,4.633,1.0,1.0,-1.079,-1.495,0.23399999999999999,4.618,161.43509999999998,19,1.142,1.142,0.95,13.856344835987606,18,186.3801,24,69.76739999999997,3.102,8,59.09943579706866,25.520926949011447,30
invalid,valid,Llama-2-13b-hf,nonsense_yob_broft_jank^nonsense^invalid,nonsense_yob_broft_jank,1,False,False,True,2.936,4.34,1.0,0.05,-1.218,-5.844,0.05400000000000005,-4.3500000000000005,160.27429999999998,19,4.51,4.51,1.0,9.133479313049913,27,251.546,24,4.782000000000001,62.88430000000002,27,25.847376881439125,55.81033620025306,25
invalid,valid,Llama-2-13b-hf,nonsense_yob_broft_jank^nonsense^invalid,nonsense_yob_broft_jank,2,False,False,True,2.889,4.418,1.0,0.045454545454545456,-1.222,-5.87,0.007500000000000062,-4.293,159.933,19,4.422000000000001,4.422000000000001,1.0,9.127810347532385,27,251.37,24,4.562500000000001,62.4762,27,25.66162324458445,55.278625046431145,25
valid,invalid,Llama-2-13b-hf,nonsense_shrad_splect_dring^nonsense^valid,nonsense_shrad_splect_dring,1,True,False,False,2.969,4.402,0.5,1.0,-1.31,-1.605,-0.1100000000000001,3.9650000000000003,158.711,19,1.546,1.546,1.0,12.197674374459275,18,192.64069999999998,24,60.09030000000001,5.158,30,55.65772819376651,26.37529009844802,30
valid,invalid,Llama-2-13b-hf,nonsense_shrad_splect_dring^nonsense^valid,nonsense_shrad_splect_dring,2,True,False,False,2.867,4.414,0.5,1.0,-1.2295,-1.483,-0.007500000000000062,4.380000000000001,159.4375,19,1.4605,1.4605,1.0,12.312962224226592,18,190.1909,24,64.2296,4.3725000000000005,30,57.08609770244266,26.92235484342027,30
invalid,valid,Llama-2-13b-hf,nonsense_blit_slipe_bruss^nonsense^invalid,nonsense_blit_slipe_bruss,1,False,False,False,2.85,4.316,1.0,0.1111111111111111,-1.083,-5.11,0.27300000000000013,-3.4210000000000003,157.586,19,3.865,3.865,0.9,11.015706655535315,27,242.2157,20,6.405000000000001,54.897700000000015,27,26.397991402580352,55.66256193152853,25
invalid,valid,Llama-2-13b-hf,nonsense_blit_slipe_bruss^nonsense^invalid,nonsense_blit_slipe_bruss,2,False,False,False,2.836,4.36,1.0,0.1111111111111111,-1.033,-5.008,0.391,-3.299,158.204,19,3.8,3.8,0.875,11.354436611896453,33,240.17289999999997,20,7.8521,53.8773,27,26.84744269770222,55.283150943611645,25
valid,invalid,Llama-2-13b-hf,nonsense_sneb_jing_omp^nonsense^valid,nonsense_sneb_jing_omp,1,True,False,True,2.613,4.67,1.0,1.0,-1.1,-1.382,0.11699999999999999,4.384,161.99200000000002,19,1.3599999999999999,1.3599999999999999,0.95,13.877183915261899,18,182.78860000000003,20,67.6814,3.8910000000000005,30,57.2076316804591,26.190971477491452,30
valid,invalid,Llama-2-13b-hf,nonsense_sneb_jing_omp^nonsense^valid,nonsense_sneb_jing_omp,2,True,False,True,2.684,4.527,1.0,1.0,-1.061,-1.26,0.22599999999999998,4.63,163.018,19,1.04,1.04,0.95,14.338687481763202,18,179.875,20,71.37299999999999,2.8230000000000004,30,58.7578804341347,25.83166723371256,30
invalid,valid,Llama-2-13b-hf,nonsense_blim_phrint_yemp^nonsense^invalid,nonsense_blim_phrint_yemp,1,False,False,True,2.682,4.516,0.5,0.05555555555555555,-1.185,-5.76,-0.02400000000000002,-4.227,158.98899999999998,19,4.651000000000001,4.651000000000001,1.0,9.175334891108694,27,247.277,20,3.907,66.84999999999998,27,26.557440011167614,58.26587498335791,25
invalid,valid,Llama-2-13b-hf,nonsense_blim_phrint_yemp^nonsense^invalid,nonsense_blim_phrint_yemp,2,False,False,True,2.791,4.254,0.5,0.034482758620689655,-1.32,-6.07,-0.242,-4.924,161.6203,19,4.848,4.848,1.0,8.912393079798662,27,251.388,20,2.2030000000000003,75.564,27,25.69856681176558,62.019272355564425,25
valid,invalid,Llama-2-13b-hf,nonsense_splack_zoct_spuff^nonsense^valid,nonsense_splack_zoct_spuff,1,True,False,False,2.713,4.53,1.0,1.0,-1.194,-1.481,0.008000000000000007,4.062,160.8523,19,1.5159999999999998,1.5159999999999998,0.95,13.566988717419946,18,185.817,20,63.57699999999999,4.561999999999999,8,57.68695396440718,26.996641192731634,30
valid,invalid,Llama-2-13b-hf,nonsense_splack_zoct_spuff^nonsense^valid,nonsense_splack_zoct_spuff,2,True,False,False,2.742,4.453,1.0,1.0,-1.125,-1.277,0.14100000000000001,4.539,163.573,19,1.2040000000000002,1.2040000000000002,0.95,13.937195986070115,18,180.8811,20,69.96090000000001,3.46,8,60.02886754132496,26.900786446575914,30
invalid,valid,Llama-2-13b-hf,nonsense_threck_crand_grosp^nonsense^invalid,nonsense_threck_crand_grosp,1,False,False,False,2.875,4.316,0.5,0.043478260869565216,-1.317,-5.83,-0.17900000000000005,-4.671,164.5165,19,4.8839999999999995,4.8839999999999995,1.0,8.970838016490463,27,246.876,20,2.7989999999999995,72.6578,27,25.555076011548913,60.74074871751082,25
invalid,valid,Llama-2-13b-hf,nonsense_threck_crand_grosp^nonsense^invalid,nonsense_threck_crand_grosp,2,False,False,False,2.756,4.508,0.5,0.0625,-1.232,-5.605,-0.04600000000000004,-4.226000000000001,162.072,19,4.593999999999999,4.593999999999999,1.0,9.189078952354107,27,244.14100000000002,20,4.446000000000001,64.365,27,26.98960637795298,57.14651942446788,25
valid,invalid,Llama-2-7b-hf,librarians_happy_healthy^consistent^valid,librarians_happy_healthy,1,True,True,True,1.4427565,6.385922,0.5,0.03225806451612903,-1.5672436,-5.900625,-1.10728263,2.785070000000001,150.8882351,21,1.1110209699999996,1.1110209699999996,1.0,6.18790806732605,22,169.46892211,21,61.64427938999999,7.598173749999999,22,34.796973648451285,21.136689878222352,22
valid,invalid,Llama-2-7b-hf,librarians_happy_healthy^consistent^valid,librarians_happy_healthy,2,True,True,True,1.4433987,6.623436,0.5,0.05,-1.266618,-5.5008373,-0.7074279,3.282998700000001,153.27453350000002,21,0.7712099999999998,0.7712099999999998,1.0,7.3367786501518575,22,163.09979897,21,67.55403792999999,3.6214907999999997,22,36.33819033249099,18.042561265443357,22
invalid,valid,Llama-2-7b-hf,librarians_happy_healthy^consistent^invalid,librarians_happy_healthy,1,False,True,True,1.4478219,6.5273685,1.0,0.0012165450121654502,-0.49230886,-8.78578,0.9655113399999999,-3.036060400000001,152.03633230000003,21,5.222698,5.222698,0.90625,6.746312786564126,21,224.96122012,19,5.88907118,64.18477923,19,20.232833010229854,35.82685195371488,19
invalid,valid,Llama-2-7b-hf,librarians_happy_healthy^consistent^invalid,librarians_happy_healthy,2,False,True,True,1.3827193,6.6004257,1.0,0.0011976047904191617,-0.49600387,-8.789395,0.87787243,-3.150772000000001,152.87904879,21,5.042966600000001,5.042966600000001,0.9375,6.045331192835936,21,225.60894267000003,21,4.78609793,65.06295452000002,19,19.28402458954546,35.666345164202056,19
valid,invalid,Llama-2-7b-hf,librarians_happy_healthy^violate^valid,librarians_happy_healthy,1,True,True,False,1.325603,6.4804645,0.5,0.024390243902439025,-1.7682626,-6.0152407,-1.3860492,2.6215802999999998,149.1177469,21,1.0612483999999998,1.0612483999999998,1.0,6.148425298421037,22,171.38478185,21,60.53252969999999,9.481179599999999,22,33.014963083736966,21.814041827297174,22
valid,invalid,Llama-2-7b-hf,librarians_happy_healthy^violate^valid,librarians_happy_healthy,2,True,True,False,1.3504887,6.434431,0.5,0.02564102564102564,-1.6952455,-5.904175,-1.29402735,2.6978779999999993,150.2005737,21,1.0266922499999995,1.0266922499999995,1.0,6.169060584930895,22,169.91597683999998,21,60.58527123,8.586439729999999,22,33.50722672610772,21.394716888756655,22
invalid,valid,Llama-2-7b-hf,librarians_happy_healthy^violate^invalid,librarians_happy_healthy,1,False,True,False,1.3594711,6.5293584,1.0,0.0013850415512465374,-0.43037024,-8.650757,1.15470886,-2.8384682000000003,149.22298082999998,21,5.1324375,5.1324375,0.875,6.836856826343417,21,223.42692472,19,6.9466852800000005,62.10740962000001,19,20.77512572042631,33.877004798916346,19
invalid,valid,Llama-2-7b-hf,librarians_happy_healthy^violate^invalid,librarians_happy_healthy,2,False,True,False,1.3649886,6.4716196,1.0,0.0013623978201634877,-0.42370164,-8.684403,1.19674686,-2.7829299999999995,149.82904816,21,5.0817417,5.0817417,0.875,7.060757313267377,21,222.94510922,19,7.701834780000001,61.29132719000001,19,20.640673901928675,33.670588500991826,19
valid,invalid,Llama-2-7b-hf,computers_electronics_expensive^consistent^valid,computers_electronics_expensive,1,True,True,True,1.3750842,6.853942,0.5,0.058823529411764705,-1.3685566,-5.3769445,-0.87610243,3.1718205,156.3706206,21,0.7001505699999999,0.7001505699999999,1.0,7.332590891386061,22,163.66128291,21,65.69119474,4.33173653,22,37.36168511822596,18.86761140818116,22
valid,invalid,Llama-2-7b-hf,computers_electronics_expensive^consistent^valid,computers_electronics_expensive,2,True,True,True,1.3612205,6.8493795,0.5,0.08333333333333333,-1.3810973,-5.289571,-0.8959788799999999,3.258948000000001,155.4930423,21,0.55473142,0.55473142,1.0,7.405181971997754,22,162.71923581,21,66.58949284,4.05537618,22,37.50394468255709,18.46286367369455,22
invalid,valid,Llama-2-7b-hf,computers_electronics_expensive^consistent^invalid,computers_electronics_expensive,1,False,True,True,1.3342667,6.923598,1.0,0.0014619883040935672,-0.4606152,-8.501677,0.9708709000000001,-3.1166854000000006,156.5672187,21,4.9880070000000005,4.9880070000000005,0.9375,5.984333632377353,21,224.91718,21,4.6559513,65.21624353000001,19,19.05734646815383,36.45155705205613,19
invalid,valid,Llama-2-7b-hf,computers_electronics_expensive^consistent^invalid,computers_electronics_expensive,2,False,True,True,1.317796,6.805758,1.0,0.0015723270440251573,-0.43531048,-8.455339,1.0720234199999998,-2.9999147000000006,154.26247999999998,21,5.040837699999999,5.040837699999999,0.90625,6.820504172623075,21,224.45872828,21,5.306311619999999,64.37749200999997,19,18.978284080116065,35.774816274431565,19
valid,invalid,Llama-2-7b-hf,computers_electronics_expensive^violate^valid,computers_electronics_expensive,1,True,True,False,1.3133738,6.6950355,0.5,0.058823529411764705,-1.7311215,-5.531785,-1.34839048,2.770649999999999,154.95629487000002,21,0.7451796199999996,0.7451796199999996,1.0,6.302487167750135,22,166.79847136,21,61.35369009,8.077151269999998,22,34.73890557503431,20.864835877537626,22
valid,invalid,Llama-2-7b-hf,computers_electronics_expensive^violate^valid,computers_electronics_expensive,2,True,True,False,1.317526,6.675435,0.5,0.05555555555555555,-1.6986405,-5.4535093,-1.311718,2.8423587,155.01333809,21,0.7379704,0.7379704,1.0,6.388762966876241,22,166.02885589,21,61.71716890999999,7.87515459,22,35.081715986823255,21.11743273025664,22
invalid,valid,Llama-2-7b-hf,computers_electronics_expensive^violate^invalid,computers_electronics_expensive,1,False,True,False,1.2780428,6.712326,1.0,0.00196078431372549,-0.35123533,-8.288478,1.49253847,-2.7852936999999995,154.7818054,21,5.0489686,5.0489686,0.8125,7.559640498542502,21,219.71753649000001,21,9.49418585,61.209007940000006,19,22.13793719708976,34.43163540895849,19
invalid,valid,Llama-2-7b-hf,computers_electronics_expensive^violate^invalid,computers_electronics_expensive,2,False,True,False,1.2427386,6.710439,1.0,0.001984126984126984,-0.34097016,-8.267397,1.5217228399999998,-2.705955600000001,154.39691021000002,21,5.0261765,5.0261765,0.8125,7.571596407819255,21,218.85077776,21,9.533422509999998,60.73867412999999,19,21.53312414684018,33.79367365162086,19
valid,invalid,Llama-2-7b-hf,plants_trees_tall^consistent^valid,plants_trees_tall,1,True,True,True,1.3752367,6.8574495,0.5,0.05263157894736842,-1.3063571,-5.5018272,-0.7898577600000001,3.0648538000000007,155.66922363999998,21,0.8073750399999999,0.8073750399999999,1.0,7.315822065489215,22,162.89481855000002,21,66.22016205000001,3.7906074200000006,22,36.80335494211524,18.823393252800198,22
valid,invalid,Llama-2-7b-hf,plants_trees_tall^consistent^valid,plants_trees_tall,2,True,True,True,1.3496678,6.7957344,0.5,0.05263157894736842,-1.3794873,-5.567149,-0.8982429700000001,2.989986000000001,155.10191494,21,0.7964611299999995,0.7964611299999995,1.0,7.277503019593659,22,164.46433939000002,21,64.62454845,4.44512837,22,36.04431628933326,19.19535394230581,22
invalid,valid,Llama-2-7b-hf,plants_trees_tall^consistent^invalid,plants_trees_tall,1,False,True,True,1.384995,6.783868,1.0,0.001607717041800643,-0.5109985,-8.469189,0.8156279999999999,-2.9222053,155.32696854,21,4.909174999999999,4.909174999999999,0.9375,5.907731486544208,21,226.01548354,21,4.1756626599999995,65.17552993000001,19,18.698408290827686,36.308841795998916,19
invalid,valid,Llama-2-7b-hf,plants_trees_tall^consistent^invalid,plants_trees_tall,2,False,True,True,1.3708686,6.750746,1.0,0.0016181229773462784,-0.4830739,-8.470153,0.9092675000000001,-2.8764744999999996,154.2344845,21,4.9470849999999995,4.9470849999999995,0.9375,5.912017346151681,21,225.59825426999998,21,4.446733129999999,64.2895381,19,18.47223137975855,35.45228300648916,19
valid,invalid,Llama-2-7b-hf,plants_trees_tall^violate^valid,plants_trees_tall,1,True,True,False,1.3795888,6.6971655,0.5,0.05,-1.4567796,-5.5194473,-0.99238205,2.904913699999999,154.43382642,21,0.7906923499999998,0.7906923499999998,1.0,7.1044209558217535,22,164.83296408,21,63.27399727000002,5.0416593999999995,22,36.15573569805666,19.56388969460774,22
valid,invalid,Llama-2-7b-hf,plants_trees_tall^violate^valid,plants_trees_tall,2,True,True,False,1.3850319,6.7421894,0.5,0.05263157894736842,-1.3993267,-5.479501,-0.9143944,2.933051,155.5480011,21,0.8602742999999994,0.8602742999999994,1.0,7.089488471323532,22,164.13820307999998,21,64.03972617999999,4.7300951,22,36.79279707226956,19.586274391614058,22
invalid,valid,Llama-2-7b-hf,plants_trees_tall^violate^invalid,plants_trees_tall,1,False,True,False,1.296232,6.7281775,1.0,0.0019047619047619048,-0.3703441,-8.328897,1.3917199,-2.662374,153.48786705,21,4.9693510000000005,4.9693510000000005,0.875,6.827592039547405,21,220.72036176,21,8.52399484,60.747886760000014,19,22.122839985218917,34.73061360405829,19
invalid,valid,Llama-2-7b-hf,plants_trees_tall^violate^invalid,plants_trees_tall,2,False,True,False,1.2688463,6.7517567,1.0,0.0020325203252032522,-0.373197,-8.248927,1.3403434,-2.6285733000000002,153.73648702999998,21,4.941724499999999,4.941724499999999,0.875,6.906669348017513,21,221.11273201,21,7.899450889999998,61.268835629999984,19,21.357626397661612,34.7351742723888,19
valid,invalid,Llama-2-7b-hf,flowers_animals_reptiles^consistent^valid,flowers_animals_reptiles,1,True,True,True,1.3344775,6.778989,0.5,0.058823529411764705,-1.4934493,-5.4771557,-1.0544986,3.1081273000000005,155.40295389,21,0.9662042000000004,0.9662042000000004,1.0,7.023349981790112,22,165.38497854000002,21,63.605856560000014,5.3923933,22,36.72247948094823,21.149993783835907,22
valid,invalid,Llama-2-7b-hf,flowers_animals_reptiles^consistent^valid,flowers_animals_reptiles,2,True,True,True,1.38765,6.8637834,0.5,0.06666666666666667,-1.333731,-5.3719277,-0.8283443,3.2857613,156.5372544,21,0.9582807000000003,0.9582807000000003,1.0,7.036351802398789,22,163.75972343,21,65.92874137,4.2826901,22,38.27580373230651,20.456915159707727,22
invalid,valid,Llama-2-7b-hf,flowers_animals_reptiles^consistent^invalid,flowers_animals_reptiles,1,False,True,True,1.3326725,6.786002,1.0,0.001349527665317139,-0.43556586,-8.614003,1.0840034399999998,-3.1174180000000007,154.4666373,21,4.862508999999999,4.862508999999999,0.9375,5.965268693934042,21,224.37161285999997,21,5.2573709399999995,63.245502419999994,19,20.766840324358647,36.47090599585792,19
invalid,valid,Llama-2-7b-hf,flowers_animals_reptiles^consistent^invalid,flowers_animals_reptiles,2,False,True,True,1.367338,6.8122997,1.0,0.001358695652173913,-0.47659707,-8.603104,0.9323196300000001,-3.2410473,155.36830472999998,21,4.983815,4.983815,0.9375,5.961979381405747,21,225.04054207000001,21,4.49417419,65.3672104,19,20.538450766962963,37.5833034472336,19
valid,invalid,Llama-2-7b-hf,flowers_animals_reptiles^violate^valid,flowers_animals_reptiles,1,True,True,False,1.3520272,6.8441925,0.5,0.058823529411764705,-1.4334939,-5.48372,-0.97116863,3.2473305000000003,156.06541164,21,0.8964728700000004,0.8964728700000004,1.0,7.010831059207318,22,165.44647499,21,64.86372061000002,4.76299867,22,37.83981338195573,20.91407570347812,22
valid,invalid,Llama-2-7b-hf,flowers_animals_reptiles^violate^valid,flowers_animals_reptiles,2,True,True,False,1.2981018,6.736597,0.5,0.07142857142857142,-1.548698,-5.3923793,-1.1344719699999999,3.2642837,155.05990219,21,0.9035312300000005,0.9035312300000005,1.0,7.040073162419005,22,165.72245789,21,63.48882771000001,5.639867369999999,22,36.85721680219768,21.672065363347503,22
invalid,valid,Llama-2-7b-hf,flowers_animals_reptiles^violate^invalid,flowers_animals_reptiles,1,False,True,False,1.3526237,6.8245373,1.0,0.001183431952662722,-0.4695946,-8.746112,0.9449425,-3.2362944000000002,155.4955143,21,4.9474492,4.9474492,0.9375,5.945794339635,21,226.0803088,21,4.418572799999999,65.03806786,19,20.541848224421425,37.87142145314333,19
invalid,valid,Llama-2-7b-hf,flowers_animals_reptiles^violate^invalid,flowers_animals_reptiles,2,False,True,False,1.3336635,6.742131,1.0,0.0013831258644536654,-0.4304562,-8.5909,1.1040268,-3.1312775999999998,153.6613211,21,4.929402999999999,4.929402999999999,0.9375,5.97999096621392,21,223.69498923999998,21,5.573825599999999,63.09829841999999,19,21.37936974607414,36.345349944088085,19
valid,invalid,Llama-2-7b-hf,gems_diamonds_transparent^consistent^valid,gems_diamonds_transparent,1,True,True,True,1.4149857,6.842827,0.5,0.0625,-1.1671405,-5.5030694,-0.57939716,3.3111565999999995,156.87363750000003,21,0.8169193400000002,0.8169193400000002,1.0,7.825869656358606,21,161.97852532000002,21,69.05730407999998,2.57207096,22,38.861698874574024,18.094580907850812,22
valid,invalid,Llama-2-7b-hf,gems_diamonds_transparent^consistent^valid,gems_diamonds_transparent,2,True,True,True,1.3783201,6.8316236,0.5,0.045454545454545456,-1.2675607,-5.6281166,-0.7381687,3.1459653999999997,156.25046667,21,0.8783830999999999,0.8783830999999999,1.0,7.199975600463265,22,164.15190091,21,66.27027929,3.610807,22,37.73941507909,19.29083823873655,22
invalid,valid,Llama-2-7b-hf,gems_diamonds_transparent^consistent^invalid,gems_diamonds_transparent,1,False,True,True,1.4372066,6.8741956,1.0,0.0011560693641618498,-0.6207038,-8.778859,0.4952622,-3.450997000000001,157.97506676,21,4.9835713,4.9835713,1.0,5.3360384625706825,30,229.0765851,21,2.2095069,70.98620716,19,17.41943977171462,39.479729513691396,19
invalid,valid,Llama-2-7b-hf,gems_diamonds_transparent^consistent^invalid,gems_diamonds_transparent,2,False,True,True,1.3645971,6.84122,1.0,0.0012239902080783353,-0.52934504,-8.721225,0.72707556,-3.262391300000001,156.16944997,21,4.915889999999999,4.915889999999999,0.9375,5.980999963151811,21,226.68323883999997,21,3.22712262,67.72097747000004,19,18.63709297132034,38.103801811330804,19
valid,invalid,Llama-2-7b-hf,gems_diamonds_transparent^violate^valid,gems_diamonds_transparent,1,True,True,False,1.3606812,6.6448874,0.5,0.05263157894736842,-1.4822985,-5.5203066,-1.033329,2.9306403999999997,155.9929471,21,0.8516570000000001,0.8516570000000001,1.0,7.114155682655113,22,163.40687266,21,63.34275344,5.26130976,22,37.25789652286601,20.4021175131478,22
valid,invalid,Llama-2-7b-hf,gems_diamonds_transparent^violate^valid,gems_diamonds_transparent,2,True,True,False,1.3645412,6.641267,0.5,0.05555555555555555,-1.4940872,-5.5303326,-1.044117,3.0315474,155.1299237,21,0.9122284000000005,0.9122284000000005,1.0,7.084108500993414,22,164.4391993,21,63.87338909999999,5.543870100000001,22,36.95094692571996,20.851989497038087,22
invalid,valid,Llama-2-7b-hf,gems_diamonds_transparent^violate^invalid,gems_diamonds_transparent,1,False,True,False,1.2784069,6.605816,1.0,0.0016,-0.37661982,-8.491762,1.32531358,-2.7442386999999995,153.76805245,21,4.9544299999999994,4.9544299999999994,0.875,6.903670493616257,21,221.07346109,21,7.783228769999999,60.70281835000001,19,22.170241723875574,35.30090901758016,19
invalid,valid,Llama-2-7b-hf,gems_diamonds_transparent^violate^invalid,gems_diamonds_transparent,2,False,True,False,1.2704246,6.633729,1.0,0.0015479876160990713,-0.39687002,-8.510018,1.2009238800000002,-2.8772160000000007,153.17703114,21,5.045645,5.045645,0.90625,6.312822232368651,21,222.29965628000002,21,6.203910919999999,62.35824499999998,19,21.045420983139135,35.329231868366875,19
valid,invalid,Llama-2-7b-hf,guns_weapons_dangerous^consistent^valid,guns_weapons_dangerous,1,True,True,True,1.4271148,6.829166,0.5,0.1,-1.3795867,-5.1418047,-0.8729456999999999,3.1314463000000003,156.68862346999998,21,0.6729231999999999,0.6729231999999999,1.0,7.244101068608829,22,163.5696314,21,64.5293567,4.1953325,22,37.01108744397192,17.872063860518967,22
valid,invalid,Llama-2-7b-hf,guns_weapons_dangerous^consistent^valid,guns_weapons_dangerous,2,True,True,True,1.328753,6.7839756,0.5,0.09090909090909091,-1.5519035,-5.213106,-1.1243897,3.0654190000000003,155.04175333,21,0.5241112000000001,0.5241112000000001,1.0,6.4633070794736085,22,164.51482643,21,63.20418222,5.436018730000001,22,35.57629003513567,18.38103097330416,22
invalid,valid,Llama-2-7b-hf,guns_weapons_dangerous^consistent^invalid,guns_weapons_dangerous,1,False,True,True,1.3921264,6.857665,1.0,0.0019646365422396855,-0.47558203,-8.258773,0.96991537,-3.1227419999999997,156.37513345000002,21,4.864145999999999,4.864145999999999,0.9375,6.504668260136905,21,222.72445597,21,4.8010025700000005,63.66038618000001,19,18.521504480635937,36.72467979932158,19
invalid,valid,Llama-2-7b-hf,guns_weapons_dangerous^consistent^invalid,guns_weapons_dangerous,2,False,True,True,1.3109084,6.777308,1.0,0.0019646365422396855,-0.4029589,-8.287303,1.2360763,-2.9749136,154.4757594,21,4.8785135,4.8785135,0.875,6.755453050218929,21,221.70528396999998,21,6.584889530000001,61.91973020000001,19,19.587017440553307,35.37972758609929,19
valid,invalid,Llama-2-7b-hf,guns_weapons_dangerous^violate^valid,guns_weapons_dangerous,1,True,True,False,1.3523159,6.7773066,0.5,0.07142857142857142,-1.5543215,-5.32952,-1.1207599,2.937521000000001,155.19355815,21,0.7043952000000004,0.7043952000000004,1.0,6.374494095183637,22,166.34987959,21,62.01313081000002,5.96012477,22,35.96292094678987,18.855352112207946,22
valid,invalid,Llama-2-7b-hf,guns_weapons_dangerous^violate^valid,guns_weapons_dangerous,2,True,True,False,1.3063521,6.7990694,0.5,0.05263157894736842,-1.6421661,-5.4699354,-1.24464797,2.9301725999999997,156.10059760000001,21,0.6461389299999998,0.6461389299999998,1.0,6.28136773643603,22,167.06151044,21,61.679206920000006,6.53360821,22,35.414308148071804,19.499931514817668,22
invalid,valid,Llama-2-7b-hf,guns_weapons_dangerous^violate^invalid,guns_weapons_dangerous,1,False,True,False,1.3334955,6.719127,1.0,0.0022371364653243847,-0.3822152,-8.181772,1.3804951,-2.688135000000001,154.19394569999997,21,4.9531734,4.9531734,0.875,6.7547596177677836,21,220.37449539,21,8.51248138,59.590336150000006,19,20.942281554613366,34.38001083003555,19
invalid,valid,Llama-2-7b-hf,guns_weapons_dangerous^violate^invalid,guns_weapons_dangerous,2,False,True,False,1.2666945,6.7699237,1.0,0.0022935779816513763,-0.35162213,-8.131166,1.48785207,-2.6849055,153.4638258,21,4.9693297,4.9693297,0.875,7.036366038480086,21,218.99396477,21,9.03180755,59.502314799999986,19,20.835605015046593,33.71996918170004,19
valid,invalid,Llama-2-7b-hf,dragons_mythical_exist^consistent^valid,dragons_mythical_exist,1,True,True,True,1.4071403,6.68701,0.5,0.05555555555555555,-1.3270453,-5.506572,-0.8117027,3.1900165000000005,152.87878318,21,0.9322424999999998,0.9322424999999998,1.0,7.025447744203638,22,164.96028431,21,65.95899129000001,4.3237403699999994,22,37.175388250640836,19.258536156467954,22
valid,invalid,Llama-2-7b-hf,dragons_mythical_exist^consistent^valid,dragons_mythical_exist,2,True,True,True,1.3034614,6.5853024,0.5,0.07142857142857142,-1.507995,-5.456614,-1.07810782,3.1552249999999997,150.67548765000004,21,0.9079910800000004,0.9079910800000004,1.0,6.354392345899313,22,166.28043812,21,63.88677788000001,5.60489538,22,35.51484894943237,20.667176008859723,22
invalid,valid,Llama-2-7b-hf,dragons_mythical_exist^consistent^invalid,dragons_mythical_exist,1,False,True,True,1.3539808,6.621458,1.0,0.0012610340479192938,-0.48565716,-8.733539,0.87863544,-3.0778145000000006,151.46225940000002,21,4.906208599999999,4.906208599999999,0.9375,5.8913774504253205,21,227.03564141,21,4.418139689999999,64.96124587999999,19,19.22825739688239,36.236764278724316,19
invalid,valid,Llama-2-7b-hf,dragons_mythical_exist^consistent^invalid,dragons_mythical_exist,2,False,True,True,1.3219671,6.5015798,1.0,0.0014970059880239522,-0.43923086,-8.57539,1.0548897400000001,-3.0248553000000005,149.7605666,21,5.038540600000001,5.038540600000001,0.90625,6.628208906756824,21,224.75509396,21,5.59705551,63.04278423999999,19,20.566558584528575,34.72130884431253,19
invalid,valid,Llama-2-7b-hf,dragons_mythical_exist^violate^invalid,dragons_mythical_exist,1,False,True,False,1.4089556,6.6749773,1.0,0.001218026796589525,-0.54766333,-8.761847,0.70228577,-3.078266599999999,151.8841922,21,4.8835675,4.8835675,0.9375,5.847903089950769,21,227.74689902999995,21,3.4632260099999996,66.0585072,19,18.369098652581698,36.44141934414327,19
invalid,valid,Llama-2-7b-hf,dragons_mythical_exist^violate^invalid,dragons_mythical_exist,2,False,True,False,1.410885,6.711837,1.0,0.0012547051442910915,-0.5632806,-8.719047,0.6553325,-3.182905,151.6973774,21,4.973982,4.973982,0.9375,5.8521425209758515,21,227.88360283999998,21,3.0980781,67.18713428999999,19,18.433090844878517,36.91737089173484,19
valid,invalid,Llama-2-7b-hf,dragons_mythical_exist^violate^valid,dragons_mythical_exist,1,True,True,False,1.3858743,6.6096296,0.5,0.0625,-1.2242062,-5.4482746,-0.6725902,3.337875399999999,151.89728110000001,21,0.8905058000000002,0.8905058000000002,1.0,7.21908173364337,22,163.14440837,21,67.75535769,3.1112288600000007,22,37.421329525924094,19.31903825253328,22
valid,invalid,Llama-2-7b-hf,dragons_mythical_exist^violate^valid,dragons_mythical_exist,2,True,True,False,1.4653578,6.6877327,0.5,0.05263157894736842,-1.1319547,-5.5640087,-0.5099544000000001,3.338025300000001,152.82017253,21,0.9339411000000003,0.9339411000000003,1.0,7.084707488079401,22,163.32563619,21,69.62450581000002,2.55586374,22,37.981349579925876,18.655704429566875,22
valid,invalid,Llama-2-7b-hf,politicians_dishonest_lie^consistent^valid,politicians_dishonest_lie,1,True,True,True,1.3965416,6.624492,0.5,0.0625,-1.4862856,-5.502925,-1.02174568,3.3856270000000004,152.32087033,21,0.6688419200000002,0.6688419200000002,1.0,6.743020038769661,22,165.23291122,21,66.59628508000002,5.04585009,22,36.097837729320275,19.343157376649515,22
valid,invalid,Llama-2-7b-hf,politicians_dishonest_lie^consistent^valid,politicians_dishonest_lie,2,True,True,True,1.4304725,6.541445,0.5,0.058823529411764705,-1.3619012,-5.5213413,-0.8435898,3.4903087,151.64129642,21,0.5049905000000001,0.5049905000000001,1.0,7.366165737127213,22,163.27125747000002,21,69.21776407,3.5648725400000005,22,35.96988786299557,17.786522869662345,22
invalid,valid,Llama-2-7b-hf,politicians_dishonest_lie^consistent^invalid,politicians_dishonest_lie,1,False,True,True,1.3816462,6.6051903,1.0,0.0011037527593818985,-0.44972706,-8.886405,1.08360094,-3.3124003,151.08649664,21,5.149056000000001,5.149056000000001,0.9375,6.415231232480501,21,227.882198,21,5.288177040000001,66.38389902000002,19,19.087582764789516,35.26768735429733,19
invalid,valid,Llama-2-7b-hf,politicians_dishonest_lie^consistent^invalid,politicians_dishonest_lie,2,False,True,True,1.3852761,6.4742126,1.0,0.0012195121951219512,-0.46123344,-8.815363,1.03049466,-3.1718702999999993,150.52803694,21,5.191066999999999,5.191066999999999,0.9375,6.060633365240626,21,227.46119852,21,4.643146509999999,66.27326122999999,19,18.182926792549253,34.49373061375068,19
valid,invalid,Llama-2-7b-hf,politicians_dishonest_lie^violate^valid,politicians_dishonest_lie,1,True,True,False,1.3819685,6.3962355,0.5,0.047619047619047616,-1.619954,-5.571951,-1.1909542199999998,3.0040435,149.44376655999997,21,0.7728037799999996,0.7728037799999996,1.0,6.281328698625957,22,166.54948496,21,64.40859464,6.899988669999999,22,34.50012934829161,20.280605261831774,22
valid,invalid,Llama-2-7b-hf,politicians_dishonest_lie^violate^valid,politicians_dishonest_lie,2,True,True,False,1.3843116,6.4947405,0.5,0.0625,-1.6115464,-5.487544,-1.18298343,3.1059990000000006,150.8346049,21,0.6482695700000003,0.6482695700000003,1.0,6.315431406202993,22,166.00456373,21,64.44126272,6.2272767899999995,22,34.599987454999976,19.614033170053727,22
invalid,valid,Llama-2-7b-hf,politicians_dishonest_lie^violate^invalid,politicians_dishonest_lie,1,False,True,False,1.3847194,6.5188417,1.0,0.0013986013986013986,-0.4133026,-8.638712,1.2551404,-3.0868493,150.51960266,21,5.152540999999999,5.152540999999999,0.875,6.652716233429323,21,224.123744,21,6.91269856,64.17870686999997,19,20.606299880587283,34.52988316887895,19
invalid,valid,Llama-2-7b-hf,politicians_dishonest_lie^violate^invalid,politicians_dishonest_lie,2,False,True,False,1.3614553,6.4512415,1.0,0.0014705882352941176,-0.4025421,-8.608635,1.3038635,-3.0144839999999995,149.42013426,21,5.272577999999999,5.272577999999999,0.875,6.743222421432575,21,223.59401078000002,21,7.647908160000002,63.797787500000005,19,21.14696138130582,33.90178402697397,19
invalid,valid,Llama-2-7b-hf,whales_mammals_big^consistent^invalid,whales_mammals_big,1,False,True,True,1.3875496,6.715699,1.0,0.0012531328320802004,-0.5376973,-8.716602,0.7200051000000001,-3.2494413,153.13512383,21,5.106356,5.106356,0.9375,6.040608684539407,21,227.4481027,19,3.5186338,68.05439373000002,19,19.48473825027907,38.68133358586092,19
invalid,valid,Llama-2-7b-hf,whales_mammals_big^consistent^invalid,whales_mammals_big,2,False,True,True,1.4273415,6.787033,1.0,0.0011947431302270011,-0.5801448,-8.760255,0.614832,-3.4047040000000006,154.3275033,21,5.195662500000001,5.195662500000001,0.9375,5.980574542823147,21,229.00344513,21,2.813984969999999,70.34394133,19,19.395994288596444,39.69535456084077,19
valid,invalid,Llama-2-7b-hf,whales_mammals_big^consistent^valid,whales_mammals_big,1,True,True,True,1.3841026,6.7449884,0.5,0.05263157894736842,-1.3079716,-5.5724816,-0.7853622499999999,3.2371464000000003,152.02172566000002,21,0.8039980500000001,0.8039980500000001,1.0,7.362114068324679,22,163.51623732000002,21,68.16855768,3.5846990500000007,22,38.70348381994897,20.12343991661574,22
valid,invalid,Llama-2-7b-hf,whales_mammals_big^consistent^valid,whales_mammals_big,2,True,True,True,1.3931593,6.669813,0.5,0.041666666666666664,-1.3293886,-5.6838255,-0.8151588,3.096905499999999,151.59603405000001,21,0.8077660000000003,0.8077660000000003,1.0,7.206198390317747,22,165.0021858,21,66.9082988,3.8794508300000006,22,37.827423430752134,19.92648948476539,22
invalid,valid,Llama-2-7b-hf,whales_mammals_big^violate^invalid,whales_mammals_big,1,False,True,False,1.3899412,6.6535044,1.0,0.001336898395721925,-0.49640188,-8.673811,0.8856907199999999,-3.177576,151.6951861,21,5.107453999999999,5.107453999999999,0.9375,6.127066882087012,21,225.85178939000002,19,4.28758195,66.57780768,19,20.45112898746306,38.3383826143322,19
invalid,valid,Llama-2-7b-hf,whales_mammals_big^violate^invalid,whales_mammals_big,2,False,True,False,1.3932489,6.6242313,1.0,0.0012836970474967907,-0.47781,-8.703923,0.9625625999999998,-3.0687653999999993,150.7944405,21,5.120375999999999,5.120375999999999,0.9375,6.06976639563841,21,226.34509884,21,4.6812646,65.70077597999999,19,20.416937061580658,37.31018470391874,19
valid,invalid,Llama-2-7b-hf,whales_mammals_big^violate^valid,whales_mammals_big,1,True,True,False,1.3832121,6.6244307,0.5,0.047619047619047616,-1.4551018,-5.6087933,-0.9856776700000001,2.9634777000000003,151.8408712,21,0.8847196300000004,0.8847196300000004,1.0,7.069382782827422,22,165.44747205,21,64.11221920999999,5.103237970000001,22,37.09734948311286,20.715475201435144,22
valid,invalid,Llama-2-7b-hf,whales_mammals_big^violate^valid,whales_mammals_big,2,True,True,False,1.3739722,6.4957366,0.5,0.045454545454545456,-1.4630877,-5.651354,-1.00258254,2.9745415,151.77760404999998,21,0.8720106600000002,0.8720106600000002,1.0,7.064156982621778,22,165.9231532,21,63.4310855,5.268732539999999,22,37.30352613405675,20.707737630104422,22
valid,invalid,Llama-2-7b-hf,food_vegetables_healthy^violate^valid,food_vegetables_healthy,1,True,True,False,1.3554027,6.6523895,0.5,0.0625,-1.477232,-5.4552927,-1.0224571400000002,2.9887503000000004,152.12013644,21,0.7428748600000001,0.7428748600000001,1.0,7.279450737182252,22,165.0139324,21,63.98646980000002,4.94481094,22,36.42784325418202,19.945777821399012,22
valid,invalid,Llama-2-7b-hf,food_vegetables_healthy^violate^valid,food_vegetables_healthy,2,True,True,False,1.43653,6.669551,0.5,0.05263157894736842,-1.3675187,-5.5446606,-0.8532103999999999,2.9127024000000006,152.77854156,21,0.9355744000000003,0.9355744000000003,1.0,7.075180798987962,22,165.27393030000002,21,64.2630123,4.49116974,22,37.00396041188872,19.55148486556662,22
invalid,valid,Llama-2-7b-hf,food_vegetables_healthy^violate^invalid,food_vegetables_healthy,1,False,True,False,1.4075844,6.6598806,1.0,0.0014970059880239522,-0.49410364,-8.543352,0.9118290599999999,-2.968515300000001,152.4100034,21,5.147581,5.147581,0.9375,6.079767876049036,21,224.58034768,21,4.781221419999999,63.99459611,19,19.940852372094632,36.72529210873676,19
invalid,valid,Llama-2-7b-hf,food_vegetables_healthy^violate^invalid,food_vegetables_healthy,2,False,True,False,1.3381809,6.6061506,1.0,0.0015600624024961,-0.43147233,-8.521243,1.1220950699999999,-2.9152025000000004,151.41849094999998,21,5.146306000000001,5.146306000000001,0.90625,6.754083895882552,21,223.87545108999998,21,5.642439660000001,62.67156958000001,19,20.556768377381676,35.59575302830952,19
valid,invalid,Llama-2-7b-hf,food_vegetables_healthy^consistent^valid,food_vegetables_healthy,1,True,True,True,1.4190953,6.739336,0.5,0.045454545454545456,-1.2284491,-5.615924,-0.66188627,3.149177,152.94228826,21,0.8313592299999996,0.8313592299999996,1.0,7.285751034972843,22,164.12801846000002,21,67.44496474,3.05081987,22,37.74828593703032,18.809081321010808,22
valid,invalid,Llama-2-7b-hf,food_vegetables_healthy^consistent^valid,food_vegetables_healthy,2,True,True,True,1.3488579,6.670697,0.5,0.041666666666666664,-1.3797771,-5.663645,-0.8950958500000001,3.0150370000000004,152.22582537,21,0.75074985,0.75074985,1.0,7.246585845003326,22,165.86227451000002,21,64.90076672000002,4.138526250000001,22,36.339038832845205,19.34064114657314,22
invalid,valid,Llama-2-7b-hf,food_vegetables_healthy^consistent^invalid,food_vegetables_healthy,1,False,True,True,1.406395,6.727382,1.0,0.0012706480304955528,-0.54563355,-8.691811,0.7197265500000001,-3.019253999999999,152.84269875,21,5.135105,5.135105,0.9375,5.980698109905617,21,228.48268825000002,21,3.4647105500000004,66.32989031999998,19,18.488645364544,36.86632465186718,19
invalid,valid,Llama-2-7b-hf,food_vegetables_healthy^consistent^invalid,food_vegetables_healthy,2,False,True,True,1.3425915,6.6450796,1.0,0.0013440860215053765,-0.46372622,-8.642978,0.9803276799999998,-2.920559999999999,151.46945067000001,21,5.1204670000000005,5.1204670000000005,0.9375,5.935326245262543,21,227.06463911999998,21,4.615395779999999,64.15637894,19,19.327945272469634,35.62853792380123,19
valid,invalid,Llama-2-7b-hf,famous_wealthy_old^consistent^valid,famous_wealthy_old,1,True,True,True,1.4281565,6.7658505,0.5,0.05555555555555555,-1.3824112,-5.52006,-0.8730620299999999,3.284866,153.8807967,21,0.8674677700000005,0.8674677700000005,1.0,7.318045738784258,22,164.29312768,21,65.92217672000001,4.564529230000001,22,37.573837138617485,19.900876212722597,22
valid,invalid,Llama-2-7b-hf,famous_wealthy_old^consistent^valid,famous_wealthy_old,2,True,True,True,1.4127464,6.756435,0.5,0.05263157894736842,-1.3238909,-5.6159425,-0.8006019000000001,3.2088905,154.53306295,21,0.8854235999999999,0.8854235999999999,1.0,7.2998300016925715,22,164.20097173,21,65.77811091,4.28333534,22,37.39721120259797,19.212304899014715,22
invalid,valid,Llama-2-7b-hf,famous_wealthy_old^consistent^invalid,famous_wealthy_old,1,False,True,True,1.3977154,6.7555637,1.0,0.0012755102040816326,-0.47774494,-8.694642,0.9719962600000001,-3.0761260000000004,153.3222051,21,5.130491299999999,5.130491299999999,0.90625,6.827676613109655,21,224.92822614000002,21,5.33833301,64.16606954,19,20.00547010791705,36.558656240219776,19
invalid,valid,Llama-2-7b-hf,famous_wealthy_old^consistent^invalid,famous_wealthy_old,2,False,True,True,1.3949131,6.767688,1.0,0.001199040767386091,-0.49334806,-8.76034,0.90186894,-3.1200463999999997,153.97136319999998,21,5.143102,5.143102,0.9375,6.069141458787636,21,225.78024931,21,4.837500090000001,65.13120589999998,19,19.562606238776887,36.64724360528676,19
valid,invalid,Llama-2-7b-hf,famous_wealthy_old^violate^valid,famous_wealthy_old,1,True,True,False,1.3852308,6.6429253,0.5,0.05555555555555555,-1.6515492,-5.5018926,-1.2323341,3.0623094,152.54560157,21,0.9246390999999998,0.9246390999999998,1.0,6.283245926730036,22,166.84748829999998,21,64.02805439999999,7.521476989999999,22,35.94851679769594,21.929387341399917,22
valid,invalid,Llama-2-7b-hf,famous_wealthy_old^violate^valid,famous_wealthy_old,2,True,True,False,1.3481804,6.678451,0.5,0.05555555555555555,-1.6464707,-5.479506,-1.23802567,3.2142229999999996,153.43029234,21,0.8180227299999998,0.8180227299999998,1.0,6.351887460682005,22,165.17514414,21,64.93800355999997,7.09809587,22,36.40986774973268,21.726565284569546,22
invalid,valid,Llama-2-7b-hf,famous_wealthy_old^violate^invalid,famous_wealthy_old,1,False,True,False,1.3192477,6.640926,1.0,0.001451378809869376,-0.37171352,-8.5753145,1.4227733800000002,-2.9031810999999994,152.47527763,21,5.2621910000000005,5.2621910000000005,0.875,7.006337025918937,21,221.80192069,19,9.19763371,62.380254039999976,19,23.134494161773787,35.31487437583424,19
invalid,valid,Llama-2-7b-hf,famous_wealthy_old^violate^invalid,famous_wealthy_old,2,False,True,False,1.3542023,6.7178183,1.0,0.001314060446780552,-0.39262116,-8.654186,1.33396914,-3.0305225999999994,153.30965719,21,5.25785,5.25785,0.875,7.000713049753025,21,222.12869426,21,8.49116154,63.05492382,19,22.847427509000145,36.110201254449855,19
valid,invalid,Llama-2-7b-hf,vehicles_mobile_buildings^consistent^valid,vehicles_mobile_buildings,1,True,True,True,1.3682817,6.9132223,0.5,0.07142857142857142,-1.3409231,-5.3733807,-0.8435382999999999,3.2519513,155.30831046,21,0.9296829000000002,0.9296829000000002,1.0,7.058946816796659,22,164.61346075999998,21,65.85274324000001,4.313306799999999,22,37.74509858161169,20.103014984844904,22
valid,invalid,Llama-2-7b-hf,vehicles_mobile_buildings^consistent^valid,vehicles_mobile_buildings,2,True,True,True,1.3220265,6.865444,0.5,0.0625,-1.47571,-5.4269915,-1.0351199500000001,3.1732405000000004,155.12320374,21,0.9168076500000002,0.9168076500000002,1.0,7.013297415215108,22,165.61861109999998,21,63.80152336,5.29302539,22,37.00895717366078,20.483080176144384,22
invalid,valid,Llama-2-7b-hf,vehicles_mobile_buildings^consistent^invalid,vehicles_mobile_buildings,1,False,True,True,1.3443271,6.9561543,1.0,0.001447178002894356,-0.4740117,-8.513483,0.9130287000000001,-3.182825000000001,156.81099736,21,4.880039000000001,4.880039000000001,0.9375,5.907787589044613,21,224.49740556,21,4.50394404,64.55674422000001,19,20.87636953122003,36.94804688536763,19
invalid,valid,Llama-2-7b-hf,vehicles_mobile_buildings^consistent^invalid,vehicles_mobile_buildings,2,False,True,True,1.3525054,6.855258,1.0,0.0013831258644536654,-0.45663333,-8.572777,0.9959964699999999,-3.144413,155.6840911,21,4.882276699999999,4.882276699999999,0.9375,5.967009254518027,21,224.05759446000002,21,5.17332597,63.47902638,19,20.575661207988865,36.645178873325065,19
valid,invalid,Llama-2-7b-hf,vehicles_mobile_buildings^violate^valid,vehicles_mobile_buildings,1,True,True,False,1.3126848,6.8914614,0.5,0.05555555555555555,-1.4078798,-5.5208616,-0.9498271599999999,3.0680884000000006,155.75840144,21,0.91543084,0.91543084,1.0,7.018397207341451,22,165.72824391,21,62.19346599,4.7525270200000005,22,37.7268650963026,20.770539806133534,22
valid,invalid,Llama-2-7b-hf,vehicles_mobile_buildings^violate^valid,vehicles_mobile_buildings,2,True,True,False,1.2712575,6.8635287,0.5,0.07142857142857142,-1.4722908,-5.398463,-1.0447769,3.2480849999999997,155.07014125,21,0.8732119000000003,0.8732119000000003,1.0,7.032971289790454,22,165.91223488,21,62.26746228999999,5.161943000000001,22,37.361062988595094,21.716019047254058,22
invalid,valid,Llama-2-7b-hf,vehicles_mobile_buildings^violate^invalid,vehicles_mobile_buildings,1,False,True,False,1.3084553,6.7634516,1.0,0.001644736842105263,-0.4125955,-8.427187,1.1593285,-2.914306,153.61170466,21,4.7517013,4.7517013,0.90625,6.650320716202906,21,221.95675667999998,21,6.34015792,60.50188449999999,19,21.10144963377694,35.56569709911203,19
invalid,valid,Llama-2-7b-hf,vehicles_mobile_buildings^violate^invalid,vehicles_mobile_buildings,2,False,True,False,1.3175535,6.753983,1.0,0.0015015015015015015,-0.43325046,-8.532224,1.07434844,-3.0954325999999996,153.49092676,21,4.968751299999999,4.968751299999999,0.9375,5.970858006151984,21,224.00569341000002,21,5.227462840000001,63.388205530000015,19,20.418387123903678,35.97923675049171,19
valid,invalid,Llama-2-7b-hf,nonsense_phrite_ing_pand^nonsense^valid,nonsense_phrite_ing_pand,1,True,False,True,1.4602158,6.8877807,0.5,0.06666666666666667,-1.2021949,-5.3325634,-0.6281814000000001,3.1252826000000002,158.08434653,21,0.7453690999999998,0.7453690999999998,1.0,8.011604106994394,22,161.65193374,21,65.73834526,2.7798413999999996,22,39.3489418579096,17.870392063625935,22
valid,invalid,Llama-2-7b-hf,nonsense_phrite_ing_pand^nonsense^valid,nonsense_phrite_ing_pand,2,True,False,True,1.4383413,6.9496665,0.5,0.07142857142857142,-1.1687946,-5.2082996,-0.58543965,3.2841494000000004,158.26543525,21,0.6087842500000004,0.6087842500000004,1.0,8.738870008963572,21,159.42867389,21,68.55015556,2.2115396500000006,22,40.29998873986527,18.193981826619964,22
invalid,valid,Llama-2-7b-hf,nonsense_bosp_jift_nup^nonsense^invalid,nonsense_bosp_jift_nup,1,False,False,True,1.4413319,6.946935,1.0,0.0011160714285714285,-0.62223077,-8.789688,0.4900036299999999,-3.437729,157.05651192,21,4.7672332,4.7672332,1.0,5.339194224354285,30,230.7825071,21,1.9677382299999997,71.46654608,19,18.078803761946364,40.31388733751131,19
invalid,valid,Llama-2-7b-hf,nonsense_bosp_jift_nup^nonsense^invalid,nonsense_bosp_jift_nup,2,False,False,True,1.3765975,6.8078523,1.0,0.0011534025374855825,-0.51742256,-8.783299,0.7605133399999999,-3.2164319999999993,156.53819789,21,4.648861,4.648861,0.9375,6.034444496530602,21,228.38224346,21,3.2366351900000003,67.09995439000001,19,19.954703680976646,39.267172714966776,19
valid,invalid,Llama-2-7b-hf,nonsense_snid_ust_bem^nonsense^valid,nonsense_snid_ust_bem,1,True,False,False,1.4684033,6.872243,0.5,0.0625,-1.2081164,-5.409326,-0.63008116,3.1805730000000008,156.87039668,21,0.7617271400000005,0.7617271400000005,1.0,7.217695398844614,22,163.62817249,21,66.90621774000002,2.8571756900000005,22,39.09717588816215,17.98857772740928,22
valid,invalid,Llama-2-7b-hf,nonsense_snid_ust_bem^nonsense^valid,nonsense_snid_ust_bem,2,True,False,False,1.4329253,6.7585373,0.5,0.058823529411764705,-1.2840047,-5.422658,-0.7512492700000001,3.1709049999999994,155.19007295,21,0.7510391299999993,0.7510391299999993,1.0,7.151102551017544,22,164.36175756,21,65.93888434,3.2334151199999996,22,39.08495642096078,19.27125375727187,22
invalid,valid,Llama-2-7b-hf,nonsense_nept_bript_jeft^nonsense^invalid,nonsense_nept_bript_jeft,1,False,False,False,1.4211404,6.7372255,1.0,0.0012674271229404308,-0.5050406,-8.696062,0.830906,-3.1908689999999993,155.16298124000002,21,4.7775713,4.7775713,1.0,5.997101010410334,30,227.1207135,19,3.6345050000000003,66.57336899,0,20.248603855180452,39.17184223345968,19
invalid,valid,Llama-2-7b-hf,nonsense_nept_bript_jeft^nonsense^invalid,nonsense_nept_bript_jeft,2,False,False,False,1.4157221,6.7215347,1.0,0.0011389521640091116,-0.4758987,-8.806161,0.9276696000000001,-3.1076609999999993,155.11739720000003,21,4.7193406,4.7193406,1.0,6.053355584633913,21,226.70792049999994,19,4.21844545,65.12510508,0,21.237616238953084,39.03661613520805,19
valid,invalid,Llama-2-7b-hf,nonsense_sclack_chask_pron^nonsense^valid,nonsense_sclack_chask_pron,1,True,False,True,1.3965613,6.9532585,0.5,0.06666666666666667,-1.2238533,-5.2498026,-0.67584027,3.2602474,158.46051905,21,0.5917590300000001,0.5917590300000001,1.0,7.957137988575294,22,161.48988538,21,67.63522891999999,2.60494737,22,38.263850843921965,17.62862914261035,22
valid,invalid,Llama-2-7b-hf,nonsense_sclack_chask_pron^nonsense^valid,nonsense_sclack_chask_pron,2,True,False,True,1.3334816,6.9089174,0.5,0.0625,-1.3218296,-5.217947,-0.8294869500000001,3.233738,156.6077854,21,0.4829723500000004,0.4829723500000004,1.0,7.49676796429401,22,161.34772235000003,21,67.34191154999999,3.137211310000001,22,37.86885475221587,18.163873803917724,22
invalid,valid,Llama-2-7b-hf,nonsense_stope_unt_gleck^nonsense^invalid,nonsense_stope_unt_gleck,1,False,False,True,1.4097673,6.7640986,1.0,0.0016722408026755853,-0.51125103,-8.413264,0.79946127,-2.972347,155.70057744000002,21,4.6418053,4.6418053,0.9375,6.635230494821715,21,224.72568233000004,21,3.8340052700000005,64.28726876,19,19.588303130167127,36.994026568282095,19
invalid,valid,Llama-2-7b-hf,nonsense_stope_unt_gleck^nonsense^invalid,nonsense_stope_unt_gleck,2,False,False,True,1.3946083,6.6612496,1.0,0.001834862385321101,-0.45989165,-8.349182,0.99480055,-2.812513000000001,154.15585176000002,21,4.663403300000001,4.663403300000001,0.9375,6.738569984413008,21,222.58684754,19,5.1140318,62.02702647000001,19,20.736498386647163,36.251176056397824,19
valid,invalid,Llama-2-7b-hf,nonsense_gluff_caft_jint^nonsense^valid,nonsense_gluff_caft_jint,1,True,False,False,1.4246452,6.877898,0.5,0.058823529411764705,-1.3253578,-5.5013475,-0.8083495999999999,3.1015485,155.75955536,21,0.8972884000000005,0.8972884000000005,1.0,7.31372244651891,22,164.83884438,21,64.95967948,4.00247406,22,38.426588255392225,19.987683084174236,22
valid,invalid,Llama-2-7b-hf,nonsense_gluff_caft_jint^nonsense^valid,nonsense_gluff_caft_jint,2,True,False,False,1.4376026,6.8179445,0.5,0.05263157894736842,-1.3387959,-5.5880423,-0.8224812,3.0323957000000004,156.15189550000002,21,0.8668435999999996,0.8668435999999996,1.0,7.116095640286205,22,166.1552252,21,63.415903099999994,4.093576799999999,22,37.80036793570015,19.338808896627828,22
invalid,valid,Llama-2-7b-hf,nonsense_fleff_drap_ved^nonsense^invalid,nonsense_fleff_drap_ved,1,False,False,False,1.3223121,6.8840113,1.0,0.0018115942028985507,-0.41740963,-8.3304825,1.11431887,-2.7944269000000004,156.3921532,21,4.611966,4.611966,0.90625,6.831067106479914,21,221.26423376999998,21,6.319595529999999,60.99415109,19,21.43278430165333,37.03976947020163,19
invalid,valid,Llama-2-7b-hf,nonsense_fleff_drap_ved^nonsense^invalid,nonsense_fleff_drap_ved,2,False,False,False,1.3400936,6.8901653,1.0,0.0017857142857142857,-0.43177018,-8.338947,1.05713652,-2.835897599999999,157.21524188,21,4.649055000000001,4.649055000000001,0.9375,6.668048813038297,21,222.02829408000002,19,5.639878720000002,62.30065325000001,19,21.24027553650673,37.69541098755262,19
valid,invalid,Llama-2-7b-hf,nonsense_paft_usp_cesk^nonsense^valid,nonsense_paft_usp_cesk,1,True,False,True,1.4262116,6.891037,0.5,0.05,-1.2172853,-5.536621,-0.6557044999999999,3.1910670000000003,156.78069371,21,0.7383243000000006,0.7383243000000006,1.0,7.463426737419909,22,163.99035637999998,21,67.42793369,2.8026571700000007,22,38.62765464310102,18.401624766423552,22
valid,invalid,Llama-2-7b-hf,nonsense_paft_usp_cesk^nonsense^valid,nonsense_paft_usp_cesk,2,True,False,True,1.3793945,6.774391,0.5,0.045454545454545456,-1.3363822,-5.618277,-0.8384666300000001,3.0028060000000005,155.76948081,21,0.7944696700000002,0.7944696700000002,1.0,7.3737247835370585,22,165.53622473000001,21,64.65415066999999,4.0076719700000005,22,37.65391286333401,19.55848326546816,22
invalid,valid,Llama-2-7b-hf,nonsense_trime_dimp_mag^nonsense^invalid,nonsense_trime_dimp_mag,1,False,False,True,1.4077668,6.8475914,1.0,0.001466275659824047,-0.5130689,-8.514568,0.8062953999999999,-3.0400340000000003,155.1589335,21,4.702261,4.702261,0.9375,5.998459766829581,21,226.94488115000001,21,3.6318320000000006,65.89426414,19,18.372547149873707,37.596699696592225,19
invalid,valid,Llama-2-7b-hf,nonsense_trime_dimp_mag^nonsense^invalid,nonsense_trime_dimp_mag,2,False,False,True,1.3189107,6.7546988,1.0,0.001644736842105263,-0.43053287,-8.436758,1.0610733300000001,-2.979355299999999,154.28507525999999,21,4.6285123,4.6285123,0.9375,6.1541909981987475,21,224.75630956999998,21,4.543167990000001,63.75826840999999,19,19.034906537702543,37.21170593712158,19
valid,invalid,Llama-2-7b-hf,nonsense_kemp_clud_thrund^nonsense^valid,nonsense_kemp_clud_thrund,1,True,False,False,1.3963916,6.844859,0.5,0.06666666666666667,-1.4543378,-5.3521476,-0.9907722400000001,3.2240544,157.0545357,21,0.6729237599999998,0.6729237599999998,1.0,7.144996826873875,22,164.98796274,21,64.67572666000001,4.44448158,22,37.744319286382726,19.65085250939887,22
valid,invalid,Llama-2-7b-hf,nonsense_kemp_clud_thrund^nonsense^valid,nonsense_kemp_clud_thrund,2,True,False,False,1.4401063,6.8715477,0.5,0.0625,-1.3553632,-5.420538,-0.8452815499999999,3.1578030000000004,157.74459339999999,21,0.8328061500000004,0.8328061500000004,1.0,7.162765466688772,22,164.69817899999998,21,64.30994093000001,4.14978638,22,37.548818263579236,19.096841415883,22
invalid,valid,Llama-2-7b-hf,nonsense_frupt_liff_blop^nonsense^invalid,nonsense_frupt_liff_blop,1,False,False,False,1.311816,6.832611,1.0,0.0016339869281045752,-0.3945275,-8.408373,1.2332649,-2.843865499999999,155.96544790000002,21,4.741645,4.741645,0.9375,6.0770738932134645,21,221.02718815999998,21,6.6012308399999995,61.036239689999995,19,22.134404490394427,37.268791398912384,19
invalid,valid,Llama-2-7b-hf,nonsense_frupt_liff_blop^nonsense^invalid,nonsense_frupt_liff_blop,2,False,False,False,1.2862455,6.7862363,1.0,0.0015360983102918587,-0.4061473,-8.481228,1.1425285,-2.91073,155.73639523,21,4.59418,4.59418,0.9375,6.068177801623204,21,222.85065230000004,21,5.4166571,61.94550271000002,19,20.64178961330246,37.407623455082046,19
valid,invalid,Llama-2-7b-hf,nonsense_gand_yusp_druff^nonsense^valid,nonsense_gand_yusp_druff,1,True,False,True,1.3201157,6.7381415,0.5,0.045454545454545456,-1.4804701,-5.583306,-1.04324154,3.232296999999999,153.82615986000002,21,0.8498882600000002,0.8498882600000002,1.0,6.984826150334401,22,168.20876102,21,63.825866829999974,4.91321989,22,37.53346821276418,21.117833968254455,22
valid,invalid,Llama-2-7b-hf,nonsense_gand_yusp_druff^nonsense^valid,nonsense_gand_yusp_druff,2,True,False,True,1.3265605,6.7815742,0.5,0.058823529411764705,-1.5093904,-5.4606876,-1.08113872,3.171104400000001,153.77573236,21,0.8791740799999996,0.8791740799999996,1.0,7.178250123401812,22,167.18911118,21,63.99434752,5.3298253199999985,22,38.07392062296725,22.04728029532035,22
invalid,valid,Llama-2-7b-hf,nonsense_glap_phropt_soff^nonsense^invalid,nonsense_glap_phropt_soff,1,False,False,True,1.4191935,6.8640847,1.0,0.0011695906432748538,-0.52022076,-8.749336,0.7956924400000001,-3.4296944,155.2421845,21,4.665869399999999,4.665869399999999,0.9375,5.95843647427121,21,227.48141936000002,21,3.6016555400000003,66.82312529000001,19,20.156126251702208,39.11655682142193,19
invalid,valid,Llama-2-7b-hf,nonsense_glap_phropt_soff^nonsense^invalid,nonsense_glap_phropt_soff,2,False,False,True,1.4363266,6.9079304,1.0,0.0011135857461024498,-0.5425322,-8.81604,0.7278824,-3.458446499999999,156.65260870999998,21,4.759996000000001,4.759996000000001,0.9375,5.8086385085968795,21,228.47400366,21,3.2055666400000002,67.87728554000003,19,20.219758046297418,39.06581926507277,19
valid,invalid,Llama-2-7b-hf,nonsense_vonk_jang_fress^nonsense^valid,nonsense_vonk_jang_fress,1,True,False,False,1.4361483,6.93941,0.5,0.06666666666666667,-1.1490412,-5.234133,-0.5521297700000001,3.401255000000001,156.9644063,21,0.9630718300000001,0.9630718300000001,1.0,7.967840949763983,22,162.85363526,21,67.58422530000001,2.8118896800000006,22,39.22857825572947,19.112574328669936,22
valid,invalid,Llama-2-7b-hf,nonsense_vonk_jang_fress^nonsense^valid,nonsense_vonk_jang_fress,2,True,False,False,1.3994219,6.786398,0.5,0.0625,-1.2913992,-5.4187536,-0.7660178000000001,3.323230400000001,155.85911922999998,21,0.8897676999999998,0.8897676999999998,1.0,7.0752877142765005,22,165.26979236,21,64.61741974,3.6840827400000005,22,38.05390053274979,19.34320500258833,22
invalid,valid,Llama-2-7b-hf,nonsense_zint_thade_snaff^nonsense^invalid,nonsense_zint_thade_snaff,1,False,False,False,1.416029,6.9061327,1.0,0.0012106537530266344,-0.52970123,-8.695236,0.7559585699999999,-3.3479091999999993,156.42258574,21,4.662305,4.662305,0.9375,5.813375024187595,21,227.55242389000003,21,3.57331845,66.52164262000001,19,20.356331452855386,39.703828859083465,19
invalid,valid,Llama-2-7b-hf,nonsense_zint_thade_snaff^nonsense^invalid,nonsense_zint_thade_snaff,2,False,False,False,1.4028274,6.7874894,1.0,0.0011961722488038277,-0.49312454,-8.723347,0.88232986,-3.1958297,154.06119996,21,4.590503299999999,4.590503299999999,0.9375,5.875145170913445,21,226.62827064000004,21,4.3015199200000005,63.971000639999986,19,20.981168007217153,38.47807358112767,19
valid,invalid,Llama-2-7b-hf,nonsense_yoct_fisk_nand^nonsense^valid,nonsense_yoct_fisk_nand,1,True,False,True,1.3545192,6.9676867,0.5,0.04,-1.2371352,-5.634389,-0.7052136,3.1311430000000007,156.16809460000002,21,0.7138384000000002,0.7138384000000002,1.0,8.388071586192542,21,164.46000768,21,66.89313334999999,2.7195538,22,38.005732206138994,18.434934179444987,22
valid,invalid,Llama-2-7b-hf,nonsense_yoct_fisk_nand^nonsense^valid,nonsense_yoct_fisk_nand,2,True,False,True,1.3761232,6.879072,0.5,0.03333333333333333,-1.2946789,-5.6954336,-0.7816467,2.918461399999999,155.70782864,21,0.8460420999999996,0.8460420999999996,1.0,7.19099242224107,22,166.05976362,21,63.734951079999995,3.567449,22,37.52692997215469,19.303228295307267,22
invalid,valid,Llama-2-7b-hf,nonsense_flact_frep_blen^nonsense^invalid,nonsense_flact_frep_blen,1,False,False,True,1.4328377,6.958603,1.0,0.0012165450121654502,-0.59965307,-8.695789,0.5417556299999999,-3.391082999999999,158.1029857,21,4.737508,4.737508,1.0,5.39902869696455,30,229.18027752999998,21,2.2904176299999994,70.41602509999998,19,18.319382230078247,40.12697702254611,19
invalid,valid,Llama-2-7b-hf,nonsense_flact_frep_blen^nonsense^invalid,nonsense_flact_frep_blen,2,False,False,True,1.3858149,6.837346,1.0,0.0014104372355430183,-0.5317334,-8.564127,0.7075385999999999,-3.1435059999999995,157.50526167,21,4.6208763,4.6208763,1.0,6.557516191482758,21,225.96414435999998,21,3.4518170400000003,66.26242954999998,19,20.255596354523195,39.27189269838467,19
valid,invalid,Llama-2-7b-hf,nonsense_sclace_dact_yink^nonsense^valid,nonsense_sclace_dact_yink,1,True,False,False,1.44684,6.824997,0.5,0.05555555555555555,-1.3252604,-5.5209703,-0.8055858999999999,3.1334087000000004,156.680148,21,0.8700846000000004,0.8700846000000004,1.0,7.094647149570467,22,164.0745872,21,66.04465624,3.92001238,22,39.52162950811056,20.4143871350989,22
valid,invalid,Llama-2-7b-hf,nonsense_sclace_dact_yink^nonsense^valid,nonsense_sclace_dact_yink,2,True,False,False,1.4512587,6.835495,0.5,0.05555555555555555,-1.2948828,-5.5496454,-0.7576695299999999,3.0783376000000002,156.19035774,21,0.9763914700000006,0.9763914700000006,1.0,7.10612665831226,22,165.26179705,21,65.13649165,4.13979223,22,38.24481863368675,19.904213442334537,22
invalid,valid,Llama-2-7b-hf,nonsense_bisk_uft_glap^nonsense^invalid,nonsense_bisk_uft_glap,1,False,False,False,1.3579925,6.84926,1.0,0.001366120218579235,-0.42263916,-8.5756855,1.1475391400000001,-2.9053175000000007,155.49496192,21,4.711571999999999,4.711571999999999,0.9375,6.062926069793022,21,222.34906759,21,6.391587840000001,61.38765962,19,22.183370066791653,37.85662394751225,19
invalid,valid,Llama-2-7b-hf,nonsense_bisk_uft_glap^nonsense^invalid,nonsense_bisk_uft_glap,2,False,False,False,1.3216367,6.8477316,1.0,0.0013623978201634877,-0.4466107,-8.597712,0.9931469,-3.062049,155.30566189,21,4.6295036000000005,4.6295036000000005,0.9375,6.140739327740296,21,224.66619047,21,4.70183843,64.27612992000002,19,20.84412457900459,39.20045041841082,19
valid,invalid,Llama-2-7b-hf,nonsense_phrist_biss_skemp^nonsense^valid,nonsense_phrist_biss_skemp,1,True,False,True,1.4392056,6.88721,0.5,0.0625,-1.283116,-5.359213,-0.7485466,3.19442,157.51944005000001,21,0.7588187999999999,0.7588187999999999,1.0,7.978248596465322,22,161.75598655,21,66.21806955,3.451368539999999,22,38.653413743239675,19.740130113403925,22
valid,invalid,Llama-2-7b-hf,nonsense_phrist_biss_skemp^nonsense^valid,nonsense_phrist_biss_skemp,2,True,False,True,1.4113902,6.81839,0.5,0.07142857142857142,-1.3667352,-5.3259993,-0.87617675,3.258238699999999,157.39595716,21,0.7202473500000002,0.7202473500000002,1.0,7.978892518863677,22,161.92849610999997,21,65.86378414000002,3.8127765,22,39.292614365042425,21.327873462158074,22
invalid,valid,Llama-2-7b-hf,nonsense_rimp_thomp_zin^nonsense^invalid,nonsense_rimp_thomp_zin,1,False,False,True,1.3689988,6.8322597,1.0,0.0013422818791946308,-0.50110894,-8.608793,0.8183802600000001,-3.1139138000000006,155.50695946000002,21,4.56628,4.56628,0.9375,6.133846687677948,21,224.97119944000002,21,4.09736006,64.35633931999999,19,19.923719509587556,39.0238203098533,19
invalid,valid,Llama-2-7b-hf,nonsense_rimp_thomp_zin^nonsense^invalid,nonsense_rimp_thomp_zin,2,False,False,True,1.3964772,6.782511,1.0,0.0013831258644536654,-0.48568732,-8.591988,0.90063088,-3.0432810000000003,155.73725946,21,4.5798367,4.5798367,0.9375,6.057115872993863,21,224.05074388000003,21,4.80004812,63.15501200000001,19,20.768803355974885,38.85314673110213,19
valid,invalid,Llama-2-7b-hf,nonsense_sland_spluff_gusp^nonsense^valid,nonsense_sland_spluff_gusp,1,True,False,False,1.4052348,6.899927,0.5,0.0625,-1.2555528,-5.4306097,-0.7155381000000001,3.1979822999999996,156.0065811,21,0.7952445999999995,0.7952445999999995,1.0,7.402624592358515,22,162.35556185000002,21,67.31901545,3.1605041,22,39.15130736163451,18.81980440650264,22
valid,invalid,Llama-2-7b-hf,nonsense_sland_spluff_gusp^nonsense^valid,nonsense_sland_spluff_gusp,2,True,False,False,1.4067657,6.740075,0.5,0.07142857142857142,-1.2940481,-5.347997,-0.7731094999999999,3.333448999999999,155.02315996,21,0.7380147000000004,0.7380147000000004,1.0,7.904785233238879,22,162.73684137,21,67.11660917,3.25152824,22,39.88176092593834,19.425709818771924,22
invalid,valid,Llama-2-7b-hf,nonsense_gick_criff_riff^nonsense^invalid,nonsense_gick_criff_riff,1,False,False,False,1.3997703,6.7780285,1.0,0.001321003963011889,-0.45565933,-8.635632,1.02748117,-2.9892849999999997,156.10724336,21,4.611435999999999,4.611435999999999,0.9375,6.542352839204628,21,224.11953623,21,5.287059469999999,62.046648340000004,19,20.957743041695885,37.687805757326224,19
invalid,valid,Llama-2-7b-hf,nonsense_gick_criff_riff^nonsense^invalid,nonsense_gick_criff_riff,2,False,False,False,1.3282759,6.79842,1.0,0.0014124293785310734,-0.42118016,-8.568569,1.10850714,-2.9621532999999998,155.7123846,21,4.508073,4.508073,0.9375,6.545472905760965,21,224.22335156000003,21,5.193074639999999,61.966364979999994,19,20.861503536960115,37.15570019329595,19
valid,invalid,Llama-2-7b-hf,nonsense_shiff_yot_plusk^nonsense^valid,nonsense_shiff_yot_plusk,1,True,False,True,1.425118,6.9340744,0.5,0.07142857142857142,-1.2167871,-5.226514,-0.65468407,3.4776380000000007,155.98041596,21,0.8319979300000001,0.8319979300000001,1.0,7.711966286743831,27,163.22990741,21,68.35474879,2.82952214,22,41.0645505685572,19.525520889597367,22
valid,invalid,Llama-2-7b-hf,nonsense_shiff_yot_plusk^nonsense^valid,nonsense_shiff_yot_plusk,2,True,False,True,1.3816476,6.75274,0.5,0.06666666666666667,-1.3243694,-5.3052316,-0.81988904,3.4307644,153.69978696,21,0.8072694599999998,0.8072694599999998,1.0,7.0788385064707215,22,165.39579684,21,66.54550875999999,3.5409969399999994,22,40.034165742468204,20.32125979580401,22
invalid,valid,Llama-2-7b-hf,nonsense_zoft_chand_splink^nonsense^invalid,nonsense_zoft_chand_splink,1,False,False,True,1.373238,6.8449817,1.0,0.0016155088852988692,-0.4941622,-8.437218,0.8470019999999999,-3.239388,155.69904495999998,21,4.6450245,4.6450245,0.9375,6.125592787632831,21,225.613454,21,3.6040272999999994,66.19433824999999,19,19.88236337810158,39.51762446168397,19
invalid,valid,Llama-2-7b-hf,nonsense_zoft_chand_splink^nonsense^invalid,nonsense_zoft_chand_splink,2,False,False,True,1.4095879,6.757531,1.0,0.0013020833333333333,-0.48388672,-8.64348,0.9312514799999999,-3.2202722,154.5786991,21,4.5921964,4.5921964,0.9375,6.0334469361709315,21,227.00367472,21,4.149955579999999,64.98582026,19,19.846505977353416,37.34692904294697,19
invalid,valid,Llama-2-7b-hf,nonsense_dask_flump_fect^nonsense^invalid,nonsense_dask_flump_fect,1,False,False,False,1.322141,6.7389927,1.0,0.0012135922330097086,-0.44347876,-8.734975,1.01363954,-3.056495,153.54265704,21,4.529231000000001,4.529231000000001,0.9375,6.04183795220093,21,226.22556156,21,4.623685640000001,63.015376970000005,19,20.199568399308394,37.13476973115064,19
invalid,valid,Llama-2-7b-hf,nonsense_dask_flump_fect^nonsense^invalid,nonsense_dask_flump_fect,2,False,False,False,1.343781,6.819877,1.0,0.0011655011655011655,-0.43502536,-8.761583,1.0731239399999999,-3.0864684000000002,154.9029604,21,4.524846,4.524846,0.9375,5.953248418399902,21,225.74829052,21,5.093217679999999,62.314106730000006,19,20.765551558024878,37.17714535275526,19
valid,invalid,Llama-2-7b-hf,nonsense_hap_thrum_zid^nonsense^valid,nonsense_hap_thrum_zid,1,True,False,False,1.3576696,6.8175116,0.5,0.06666666666666667,-1.3342876,-5.3135753,-0.8415069399999999,3.4049587,155.73687179,21,0.8233934600000001,0.8233934600000001,1.0,7.055327765406524,22,165.03256015,21,65.12479205,3.8746356000000004,22,38.290710145394144,20.312012102891153,22
valid,invalid,Llama-2-7b-hf,nonsense_hap_thrum_zid^nonsense^valid,nonsense_hap_thrum_zid,2,True,False,False,1.4158398,6.9163246,0.5,0.07692307692307693,-1.2042086,-5.212227,-0.6412429700000001,3.468491,156.51852416,21,0.86334063,0.86334063,1.0,7.222885092534957,22,162.20655139000002,21,67.79008755999999,2.9925177700000005,22,39.39248229196651,19.657879695597945,22
valid,invalid,Llama-2-7b-hf,nonsense_teft_yact_jund^nonsense^valid,nonsense_teft_yact_jund,1,True,False,True,1.4326174,6.769147,0.5,0.05,-1.1333007,-5.5068035,-0.5425720599999999,3.1338504999999994,156.188702,21,0.8996627399999997,0.8996627399999997,1.0,7.498312035667613,22,162.85021235,21,68.05048909000001,2.8340624599999997,22,40.18071134626495,18.6831099120489,22
valid,invalid,Llama-2-7b-hf,nonsense_teft_yact_jund^nonsense^valid,nonsense_teft_yact_jund,2,True,False,True,1.4212986,6.8471937,0.5,0.05555555555555555,-1.052261,-5.364847,-0.4217395999999999,3.4145069999999995,157.27360742,21,0.6225261000000001,0.6225261000000001,1.0,8.69147248421912,21,160.29761541,21,72.31522208999999,1.5858906999999998,22,41.472263755305036,17.181261419091463,22
invalid,valid,Llama-2-7b-hf,nonsense_troff_plam_sphob^nonsense^invalid,nonsense_troff_plam_sphob,1,False,False,True,1.3618611,6.833875,1.0,0.001287001287001287,-0.48538852,-8.652117,0.87050628,-3.196714600000001,154.85791616,21,4.748678999999999,4.748678999999999,0.9375,6.051495692239669,21,227.43236758,21,3.5973648199999997,66.71673916,19,19.049517838556902,38.094089070091485,19
invalid,valid,Llama-2-7b-hf,nonsense_troff_plam_sphob^nonsense^invalid,nonsense_troff_plam_sphob,2,False,False,True,1.2829458,6.7830195,1.0,0.0014970059880239522,-0.41261935,-8.517217,1.09378815,-3.026648400000001,153.8984077,21,4.746758700000001,4.746758700000001,0.9375,6.235823889368212,21,224.37517755000002,19,4.43995655,64.52527436999999,19,20.874390104479712,37.89238723434769,19
valid,invalid,Llama-2-7b-hf,nonsense_zeff_zaff_zom^nonsense^valid,nonsense_zeff_zaff_zom,1,True,False,False,1.3756192,6.847061,0.5,0.0625,-1.1942537,-5.505833,-0.6396750999999999,3.1621239999999995,155.96472565,21,0.7703351000000004,0.7703351000000004,1.0,8.213075337709903,21,163.49675049,21,67.26639520999998,2.627076,22,39.48457159652943,18.091677263942927,22
valid,invalid,Llama-2-7b-hf,nonsense_zeff_zaff_zom^nonsense^valid,nonsense_zeff_zaff_zom,2,True,False,False,1.4018921,6.883194,0.5,0.058823529411764705,-1.1664736,-5.534237,-0.5904122,3.1897189999999993,156.6597127,21,0.7644447999999999,0.7644447999999999,1.0,8.194872044946154,21,163.30774937,21,67.85276297,2.4424796,22,39.652276941327365,18.22328998643117,22
invalid,valid,Llama-2-7b-hf,nonsense_yuft_yab_sunt^nonsense^invalid,nonsense_yuft_yab_sunt,1,False,False,False,1.3225766,6.8411217,1.0,0.0014577259475218659,-0.4382949,-8.530966,1.0316619999999999,-2.9359349999999997,154.89182283000002,21,4.5801254,4.5801254,0.9375,6.062157401022507,21,223.86741537,21,5.152229130000001,62.171015090000004,19,21.269662258043557,37.7700760684447,19
invalid,valid,Llama-2-7b-hf,nonsense_yuft_yab_sunt^nonsense^invalid,nonsense_yuft_yab_sunt,2,False,False,False,1.3205183,6.8518753,1.0,0.0015290519877675841,-0.44774997,-8.47296,0.98771473,-2.832205300000001,155.54890586000002,21,4.6263025,4.6263025,0.9375,6.060739258517856,21,223.33748397,21,5.06221173,62.40934341000001,19,21.004278051486345,37.90313173043856,19
invalid,valid,Llama-2-7b-hf,nonsense_plig_prash_lupt^nonsense^invalid,nonsense_plig_prash_lupt,1,False,False,True,1.4007858,6.8116055,1.0,0.0012674271229404308,-0.52991194,-8.662786,0.73180966,-3.2579790000000006,156.55040151,21,4.6821984,4.6821984,0.9375,6.051047748969182,21,226.94477617,21,3.1026929,66.64922457,19,18.968190521027008,39.4083424460891,19
invalid,valid,Llama-2-7b-hf,nonsense_plig_prash_lupt^nonsense^invalid,nonsense_plig_prash_lupt,2,False,False,True,1.4139385,6.9446754,1.0,0.0011668611435239206,-0.5782745,-8.740843,0.5939635999999999,-3.4601794999999997,157.54903583,21,4.837423600000001,4.837423600000001,1.0,5.397003238257652,30,228.52590524,21,2.4655617000000003,69.88348505,19,18.540591186746283,40.449500048804325,19
valid,invalid,Llama-2-7b-hf,nonsense_thrag_ont_vept^nonsense^valid,nonsense_thrag_ont_vept,1,True,False,True,1.3836875,7.0142555,0.5,0.07142857142857142,-1.1650944,-5.29967,-0.5937766700000001,3.4520329999999992,157.79691459999998,21,0.6162443300000001,0.6162443300000001,1.0,8.505723981292796,21,161.81544254,21,69.87725596,2.1762648700000007,22,40.26940327766309,17.99032294411241,22
valid,invalid,Llama-2-7b-hf,nonsense_thrag_ont_vept^nonsense^valid,nonsense_thrag_ont_vept,2,True,False,True,1.3500667,6.91066,0.5,0.058823529411764705,-1.2561865,-5.3675165,-0.739809,3.300643,156.97797889999998,21,0.6471178000000003,0.6471178000000003,1.0,7.985900617496414,22,163.15919929,21,67.37118591000001,2.8576298000000007,22,40.11193852123523,19.440733189364177,22
invalid,valid,Llama-2-7b-hf,nonsense_blep_jict_zamp^nonsense^invalid,nonsense_blep_jict_zamp,1,False,False,False,1.3981421,6.84836,1.0,0.0013513513513513514,-0.52672,-8.594838,0.7513733000000001,-3.0923289999999994,156.28672767999998,21,4.611650699999999,4.611650699999999,0.9375,6.045985794964311,21,226.32599330000002,21,3.6731927,65.85867089,19,19.22619683745869,39.45957257265683,19
invalid,valid,Llama-2-7b-hf,nonsense_blep_jict_zamp^nonsense^invalid,nonsense_blep_jict_zamp,2,False,False,False,1.4000144,6.7966213,1.0,0.0013175230566534915,-0.5092981,-8.619732,0.8140526,-3.057838000000001,155.95448672,21,4.670300000000001,4.670300000000001,0.9375,6.047724200771891,21,226.3567883,21,3.9503386000000003,65.55282127000001,19,19.115298700957673,38.412854199042776,19
valid,invalid,Llama-2-7b-hf,nonsense_gapt_prash_glemp^nonsense^valid,nonsense_gapt_prash_glemp,1,True,False,False,1.5015755,6.827236,0.5,0.06666666666666667,-1.2923,-5.3446236,-0.7401143,3.2619828999999996,157.13180625,21,0.8839387000000004,0.8839387000000004,1.0,7.209977562860039,22,163.40922823,21,65.57289382,3.8712149500000006,22,38.40215530584198,18.917686036750105,22
valid,invalid,Llama-2-7b-hf,nonsense_gapt_prash_glemp^nonsense^valid,nonsense_gapt_prash_glemp,2,True,False,False,1.4762405,6.8817825,0.5,0.06666666666666667,-1.2255788,-5.4143553,-0.6534309,3.3225406999999993,158.10825119999998,21,0.8759233999999996,0.8759233999999996,1.0,7.689766068845083,27,162.68758173,21,66.21984827,3.1708842,22,39.08890397908599,19.485147369737565,22
valid,invalid,Llama-2-7b-hf,nonsense_luft_noct_vosk^nonsense^valid,nonsense_luft_noct_vosk,1,True,False,False,1.4261428,6.804845,0.5,0.045454545454545456,-1.4048792,-5.640831,-0.9176139700000001,3.0975769999999994,156.14050197,21,0.81178003,0.81178003,1.0,7.052463502356785,22,165.27172149,21,63.53808371,4.31820497,22,38.49197099866196,20.63309817449624,22
valid,invalid,Llama-2-7b-hf,nonsense_luft_noct_vosk^nonsense^valid,nonsense_luft_noct_vosk,2,True,False,False,1.4090468,6.7932644,0.5,0.045454545454545456,-1.353518,-5.6506386,-0.8508168,3.0489103999999996,155.6980775,21,0.8482609999999999,0.8482609999999999,1.0,7.1246096881575784,22,165.73318588,21,63.94570892000001,4.1347012,22,38.212105893599684,19.846949572933998,22
invalid,valid,Llama-2-7b-hf,nonsense_wib_mact_boct^nonsense^invalid,nonsense_wib_mact_boct,1,False,False,False,1.4086802,6.8481326,1.0,0.001282051282051282,-0.5620193,-8.660232,0.6365242,-3.1427883000000003,156.16834456,21,4.6299036000000005,4.6299036000000005,1.0,5.901540088921953,30,227.85342134,21,3.07010326,66.59069238,19,19.28999401628745,38.80072338510622,19
invalid,valid,Llama-2-7b-hf,nonsense_wib_mact_boct^nonsense^invalid,nonsense_wib_mact_boct,2,False,False,False,1.3859051,6.771141,1.0,0.0013717421124828531,-0.51056767,-8.602821,0.79768943,-3.0187620000000006,155.72926624000002,21,4.686392400000001,4.686392400000001,0.9375,6.05024785715529,21,226.05849657000002,19,3.794026690000001,64.76194824,19,19.78252744063552,37.68506064878901,19
valid,invalid,Llama-2-7b-hf,nonsense_namp_clun_hamp^nonsense^valid,nonsense_namp_clun_hamp,1,True,False,True,1.3984523,6.8591557,0.5,0.05555555555555555,-1.2225729,-5.4745884,-0.67222974,3.3102245999999997,155.84264647,21,0.7668864599999999,0.7668864599999999,1.0,7.956220176023489,22,162.57665858000001,21,68.61552882000001,2.84453834,22,39.85210062920782,19.26295858313535,22
valid,invalid,Llama-2-7b-hf,nonsense_namp_clun_hamp^nonsense^valid,nonsense_namp_clun_hamp,2,True,False,True,1.3625332,6.765627,0.5,0.045454545454545456,-1.2993307,-5.5877867,-0.7917156000000001,3.1814773,155.0544601,21,0.8629467000000004,0.8629467000000004,1.0,7.329340230735547,22,165.15168031000002,21,65.58607859000001,3.7367001,22,38.69676970054064,20.009531631120648,22
invalid,valid,Llama-2-7b-hf,nonsense_trunt_om_jemp^nonsense^invalid,nonsense_trunt_om_jemp,1,False,False,True,1.4085228,6.793091,1.0,0.0012903225806451613,-0.52986616,-8.655111,0.7423325399999999,-3.1531655,155.17893575,21,4.696228,4.696228,0.9375,5.953631392572843,21,228.37713986,21,3.5233799400000008,66.16069945,19,19.04655263917677,38.7584129225294,19
invalid,valid,Llama-2-7b-hf,nonsense_trunt_om_jemp^nonsense^invalid,nonsense_trunt_om_jemp,2,False,False,True,1.3779384,6.712258,1.0,0.0013531799729364006,-0.48862368,-8.637009,0.8642024199999999,-3.0921587000000006,154.03397471,21,4.6900070000000005,4.6900070000000005,0.9375,6.129308134208246,21,226.96920758,21,4.22601022,64.61644738999999,19,20.361450988397156,38.607621108038884,19
valid,invalid,Llama-2-7b-hf,nonsense_vesk_foff_strod^nonsense^valid,nonsense_vesk_foff_strod,1,True,False,True,1.3552802,6.845935,0.5,0.034482758620689655,-1.3544178,-5.6927805,-0.86716276,3.0019595,155.93243136,21,0.8466951399999998,0.8466951399999998,1.0,7.229269959706903,22,166.12729763,21,63.700513029999996,4.12369932,22,37.60120161221592,19.349345039773095,22
valid,invalid,Llama-2-7b-hf,nonsense_vesk_foff_strod^nonsense^valid,nonsense_vesk_foff_strod,2,True,False,True,1.3242421,6.8544645,0.5,0.034482758620689655,-1.3511459,-5.7467546,-0.8733482699999999,2.9587674,156.77415815,21,0.8765219300000002,0.8765219300000002,1.0,7.204645231787954,22,166.36534701,21,63.000713590000004,4.23034554,22,37.80286227048872,19.537960110466873,22
invalid,valid,Llama-2-7b-hf,nonsense_yob_broft_jank^nonsense^invalid,nonsense_yob_broft_jank,1,False,False,True,1.3540312,6.74682,1.0,0.00141643059490085,-0.46409813,-8.567594,0.94609067,-3.021051,155.75738495000002,21,4.701662000000001,4.701662000000001,0.9375,6.120630173440128,21,226.18472403,21,4.03685037,64.94463574,19,18.540693519294464,37.74964732238408,19
invalid,valid,Llama-2-7b-hf,nonsense_yob_broft_jank^nonsense^invalid,nonsense_yob_broft_jank,2,False,False,True,1.3707895,6.7928624,1.0,0.0014792899408284023,-0.48323095,-8.510709,0.8876228499999999,-3.0766866000000004,156.7620627,21,4.680159,4.680159,0.9375,6.121205317686895,21,225.89305324999998,19,3.8180969499999984,65.47638209000002,19,18.42628337020073,38.10259236536594,19
valid,invalid,Llama-2-7b-hf,nonsense_shrad_splect_dring^nonsense^valid,nonsense_shrad_splect_dring,1,True,False,False,1.4337031,6.838279,0.5,0.058823529411764705,-1.3179642,-5.4992533,-0.8008404,3.0222901999999996,156.4519589,21,0.8825826000000003,0.8825826000000003,1.0,7.8605859639436835,22,163.54198402999998,21,64.91427037,3.7575426399999996,22,38.816480827358994,20.29509739247197,22
valid,invalid,Llama-2-7b-hf,nonsense_shrad_splect_dring^nonsense^valid,nonsense_shrad_splect_dring,2,True,False,False,1.4518933,6.7825646,0.5,0.058823529411764705,-1.326512,-5.4667068,-0.8055801599999999,3.1355312,156.81271230000002,21,0.7431373400000005,0.7431373400000005,1.0,7.860921840610788,22,163.45990383999998,21,65.50972836,3.48683096,22,39.073156652076875,19.730849419508672,22
invalid,valid,Llama-2-7b-hf,nonsense_blit_slipe_bruss^nonsense^invalid,nonsense_blit_slipe_bruss,1,False,False,False,1.3987875,6.794482,1.0,0.0017331022530329288,-0.47305453,-8.391751,0.9475154700000001,-2.998390999999999,156.70234806,21,4.6872986999999995,4.6872986999999995,0.9375,6.6546364925678,21,222.96005263,21,4.61798297,63.98367970999999,19,21.30163232851301,38.909436713274125,19
invalid,valid,Llama-2-7b-hf,nonsense_blit_slipe_bruss^nonsense^invalid,nonsense_blit_slipe_bruss,2,False,False,False,1.3555121,6.7904205,1.0,0.001597444089456869,-0.44084844,-8.462678,1.0448723599999998,-3.041931,156.43269924999998,21,4.698061399999999,4.698061399999999,0.9375,6.670729486407932,21,222.48142534,21,5.28014806,63.29108296,19,22.15753232063369,38.931918769500506,19
valid,invalid,Llama-2-7b-hf,nonsense_sneb_jing_omp^nonsense^valid,nonsense_sneb_jing_omp,1,True,False,True,1.3912511,6.8117847,0.5,0.058823529411764705,-1.4678378,-5.4543,-1.0089930800000002,3.1972400000000007,154.79826705,21,0.9468246200000001,0.9468246200000001,1.0,7.0027744256769555,22,166.29884245,21,63.75561455,5.0581055500000005,22,38.31223466736919,21.429096030940144,22
valid,invalid,Llama-2-7b-hf,nonsense_sneb_jing_omp^nonsense^valid,nonsense_sneb_jing_omp,2,True,False,True,1.3655739,6.7234325,0.5,0.0625,-1.3967924,-5.415065,-0.9229355300000001,3.288525,153.90410664,21,0.8798598700000003,0.8798598700000003,1.0,7.042810378654813,22,166.19609961,21,64.82544609,4.2866723900000006,22,38.89608299008563,20.82588687901065,22
invalid,valid,Llama-2-7b-hf,nonsense_blim_phrint_yemp^nonsense^invalid,nonsense_blim_phrint_yemp,1,False,False,True,1.4362459,6.896343,1.0,0.0011210762331838565,-0.56106895,-8.79637,0.65832715,-3.5410665999999997,157.40575853,21,4.76941,4.76941,1.0,5.334707646617753,30,228.79884195,21,2.67264945,69.55892314,19,19.763395679544118,40.71443147176799,19
invalid,valid,Llama-2-7b-hf,nonsense_blim_phrint_yemp^nonsense^invalid,nonsense_blim_phrint_yemp,2,False,False,True,1.4227712,6.8712654,1.0,0.0012004801920768306,-0.5241038,-8.721336,0.7766114,-3.3960687000000007,156.4922775,21,4.691583,4.691583,0.9375,5.9476614155208605,21,227.00884685,21,3.65260711,67.07624334,19,20.109291830699934,39.51181338065184,19
valid,invalid,Llama-2-7b-hf,nonsense_splack_zoct_spuff^nonsense^valid,nonsense_splack_zoct_spuff,1,True,False,False,1.4226114,6.8220463,0.5,0.0625,-1.322223,-5.414034,-0.805256,3.2879130000000005,156.37728676,21,0.9202181000000005,0.9202181000000005,1.0,7.003011941620242,22,164.24342107,21,65.79068410000001,3.9035070700000003,22,39.47879208348682,20.523900663332636,22
valid,invalid,Llama-2-7b-hf,nonsense_splack_zoct_spuff^nonsense^valid,nonsense_splack_zoct_spuff,2,True,False,False,1.385616,6.787687,0.5,0.0625,-1.3601171,-5.4175663,-0.8690128300000001,3.335591700000001,156.0955253,21,0.8790851700000001,0.8790851700000001,1.0,7.009056550262155,22,165.31805607,21,64.91186903000002,4.12865028,22,39.35281692345539,20.636145475937273,22
invalid,valid,Llama-2-7b-hf,nonsense_threck_crand_grosp^nonsense^invalid,nonsense_threck_crand_grosp,1,False,False,False,1.3939103,6.801209,1.0,0.0014814814814814814,-0.4620961,-8.525822,0.9911671000000001,-3.2310413000000002,155.52296696,21,4.600217000000001,4.600217000000001,0.9375,6.1575372249381335,21,224.9633392,21,4.5311558,64.21360014000001,19,21.08162282900675,39.09720598101198,19
invalid,valid,Llama-2-7b-hf,nonsense_threck_crand_grosp^nonsense^invalid,nonsense_threck_crand_grosp,2,False,False,False,1.4385285,6.8159065,1.0,0.0012836970474967907,-0.5362923,-8.672569,0.7336044,-3.421493299999999,155.99577813000002,21,4.73426,4.73426,1.0,5.953447265712812,21,227.83944294999998,21,3.0407705499999995,68.21527383999998,19,20.816398021830604,41.25948695003118,19
valid,invalid,gpt2-xl,librarians_happy_healthy^consistent^valid,librarians_happy_healthy,1,True,True,True,1.2390535,6.43912,1.0,0.5,-0.28745562,-2.8395586,1.70822808,1.511343,191.74060327,0,0.0,0.0,0.020833333333333332,25.526981945627725,23,174.07440153000002,23,114.38606307000002,0.0,23,87.78140791023984,18.584731539044892,27
valid,invalid,gpt2-xl,librarians_happy_healthy^consistent^valid,librarians_happy_healthy,2,True,True,True,1.1827495,6.4603434,1.0,0.5,-0.284123,-3.0645022,1.6565313000000002,1.5033258000000003,191.08254499999998,0,0.0,0.0,0.020833333333333332,25.36890517476796,23,175.474044125,23,114.044317975,0.0,23,85.78547764416061,18.542591897645092,23
invalid,valid,gpt2-xl,librarians_happy_healthy^consistent^invalid,librarians_happy_healthy,1,False,True,True,1.2201886,6.363695,0.5,0.14285714285714285,-1.8383548,-4.3158345,-1.5311451,-1.4878363000000001,191.0136089,0,2.206549525,2.206549525,1.0,11.493588858510337,27,284.74653539999997,20,0.0,110.54695610599998,20,18.934145603352214,83.91683237787079,20
invalid,valid,gpt2-xl,librarians_happy_healthy^consistent^invalid,librarians_happy_healthy,2,False,True,True,1.1955462,6.5180216,0.5,0.1,-2.0339327,-4.672928,-1.7606516599999997,-1.6496942999999997,190.65477144,0,2.30814333,2.30814333,1.0,11.258162474167701,27,293.0589882,20,0.0,118.29184478900001,20,17.260491762320548,88.20227209383485,20
valid,invalid,gpt2-xl,librarians_happy_healthy^violate^valid,librarians_happy_healthy,1,True,True,False,1.2430084,6.4405584,1.0,0.5,-0.2876044,-3.193138,1.7109517,1.5472880000000004,193.30604676000002,0,0.0,0.0,0.020833333333333332,25.220592953841926,23,175.227605997,23,116.15544350299997,0.0,23,83.98313957011577,19.481359801049287,23
valid,invalid,gpt2-xl,librarians_happy_healthy^violate^valid,librarians_happy_healthy,2,True,True,False,1.2120172,6.4271774,1.0,0.5,-0.28268853,-3.1758287,1.71290107,1.6319412999999998,191.4991644,0,0.0,0.0,0.020833333333333332,25.267624119195176,23,174.235876517,23,118.351539283,0.0,23,85.95811948073722,20.083562191208397,23
invalid,valid,gpt2-xl,librarians_happy_healthy^violate^invalid,librarians_happy_healthy,1,False,True,False,1.2393965,6.465663,0.5,0.1,-1.9057124,-4.6701508,-1.60584447,-1.5480996,192.60374309999997,0,2.407679464,2.407679464,1.0,11.106711318649364,27,289.8827995,20,0.0,115.529231439,20,20.03819140381436,82.84894368439656,20
invalid,valid,gpt2-xl,librarians_happy_healthy^violate^invalid,librarians_happy_healthy,2,False,True,False,1.2496364,6.4467726,0.5,0.1,-1.8923496,-4.707338,-1.588006,-1.599879,192.49869213,0,2.4492385800000003,2.4492385800000003,1.0,11.10086867227663,27,289.7926352,20,0.0,115.95056347299996,20,20.65431970277735,83.54239138847717,20
valid,invalid,gpt2-xl,computers_electronics_expensive^consistent^valid,computers_electronics_expensive,1,True,True,True,1.3434515,6.424165,1.0,0.5,-0.30970487,-2.9210947,1.71317093,1.6108448000000002,189.51947560000002,0,0.0,0.0,0.020833333333333332,25.64192864222109,23,173.716837403,23,115.06897109700003,0.0,15,88.67526349966808,20.84587169231591,23
valid,invalid,gpt2-xl,computers_electronics_expensive^consistent^valid,computers_electronics_expensive,2,True,True,True,1.3109403,6.3803244,1.0,0.5,-0.30894694,-3.0699718,1.67980296,1.5201962000000004,191.48171508999997,0,0.0,0.0,0.020833333333333332,25.690169745398602,23,175.03207243,23,112.75913967000002,0.0,15,87.43519881873385,21.963890500685146,27
invalid,valid,gpt2-xl,computers_electronics_expensive^consistent^invalid,computers_electronics_expensive,1,False,True,True,1.342359,6.5507126,0.5,0.1111111111111111,-1.990701,-4.525606,-1.67833714,-1.5388756999999997,190.51833638,0,2.23993598,2.23993598,1.0,11.290996513977571,27,287.9445713,20,0.0,113.43374154600001,20,22.375462589662366,88.41965470671397,20
invalid,valid,gpt2-xl,computers_electronics_expensive^consistent^invalid,computers_electronics_expensive,2,False,True,True,1.281641,6.543648,0.5,0.1111111111111111,-2.0800757,-4.602067,-1.7915887000000001,-1.608511,191.11699183,0,2.18469716,2.18469716,1.0,11.12712515436481,27,289.7323408,20,0.0,114.98493849299999,20,21.527775753911,89.75510862186215,20
valid,invalid,gpt2-xl,computers_electronics_expensive^violate^valid,computers_electronics_expensive,1,True,True,False,1.3950169,6.3592596,1.0,0.5,-0.34630457,-3.0782206,1.50775523,1.7199809999999998,191.05326528,0,0.0,0.0,0.020833333333333332,25.77350707698629,23,171.071371704,23,114.641650096,0.0,23,85.82838718204214,21.747775391054713,23
valid,invalid,gpt2-xl,computers_electronics_expensive^violate^valid,computers_electronics_expensive,2,True,True,False,1.3903861,6.3202314,1.0,0.5,-0.34155294,-3.1089158,1.5380964599999998,1.6235957,190.24754174,0,0.0,0.0,0.020833333333333332,25.703422846532035,23,172.036337043,23,115.07780835700001,0.0,23,87.19466182310087,21.580641683963126,23
invalid,valid,gpt2-xl,computers_electronics_expensive^violate^invalid,computers_electronics_expensive,1,False,True,False,1.4406781,6.3636994,0.5,0.1111111111111111,-1.8044634,-4.640885,-1.4397087499999999,-1.482297,191.13591223999998,0,2.5224313500000006,2.5224313500000006,1.0,11.233686766723574,27,284.4276254,12,0.0,112.231537907,20,22.98223133797654,84.78030051099117,20
invalid,valid,gpt2-xl,computers_electronics_expensive^violate^invalid,computers_electronics_expensive,2,False,True,False,1.3826911,6.385624,0.5,0.08333333333333333,-1.8558455,-4.7943506,-1.51262577,-1.6777779999999995,190.80470721,0,2.4913224599999997,2.4913224599999997,1.0,11.194274723456886,23,285.903684,12,0.0,115.054046371,20,22.252639149889156,86.54004965823104,20
valid,invalid,gpt2-xl,plants_trees_tall^consistent^valid,plants_trees_tall,1,True,True,True,1.2482324,6.482661,1.0,0.5,-0.30559942,-2.7651718,1.59134578,1.6085972000000002,190.82246729000002,0,0.0,0.0,0.020833333333333332,25.764168654389923,23,170.09622168099997,23,114.237920319,0.0,15,89.26358726978735,20.69489042774133,23
valid,invalid,gpt2-xl,plants_trees_tall^consistent^valid,plants_trees_tall,2,True,True,True,1.2147466,6.577922,1.0,0.5,-0.28018007,-2.7939367,1.7480401299999997,1.8118262999999994,190.84332751,0,0.0,0.0,0.020833333333333332,25.76815212398673,23,169.794079171,23,120.480244529,0.0,15,92.54065366739859,19.625668207980222,23
invalid,valid,gpt2-xl,plants_trees_tall^consistent^invalid,plants_trees_tall,1,False,True,True,1.2185378,6.5871,0.5,0.1,-2.1114502,-4.554357,-1.8423958200000001,-1.8098244000000006,189.76916051,0,2.229952076,2.229952076,1.0,11.263399231275221,27,289.9486117,20,0.0,120.785502372,20,19.099448535638185,93.89969968139583,20
invalid,valid,gpt2-xl,plants_trees_tall^consistent^invalid,plants_trees_tall,2,False,True,True,1.1738075,6.6544147,0.5,0.09090909090909091,-2.163052,-4.788604,-1.9068306499999998,-1.9052229000000005,190.3872494,0,2.3670522099999998,2.3670522099999998,1.0,11.157758367594258,27,295.3375245,20,0.0,124.72099750999996,20,19.008268633625597,96.47572283847516,40
valid,invalid,gpt2-xl,plants_trees_tall^violate^valid,plants_trees_tall,1,True,True,False,1.243744,6.5429316,1.0,0.5,-0.2909816,-2.9065268,1.7144783999999997,1.7683245999999997,191.70071908,0,0.0,0.0,0.020833333333333332,25.764495457398457,23,168.831770028,23,120.64103757199997,0.0,15,92.54163967184607,20.299035256822037,23
valid,invalid,gpt2-xl,plants_trees_tall^violate^valid,plants_trees_tall,2,True,True,False,1.2891597,6.4824066,1.0,0.5,-0.30516243,-2.815992,1.65552047,1.6976292999999996,191.99211547,0,0.0,0.0,0.020833333333333332,25.789308048615467,23,168.152560491,23,117.03023830899998,0.0,15,89.72691777500499,20.155495186939454,23
invalid,valid,gpt2-xl,plants_trees_tall^violate^invalid,plants_trees_tall,1,False,True,False,1.2383854,6.4902735,0.5,0.1111111111111111,-2.0126567,-4.5653563,-1.72465135,-1.6108850000000006,191.38597234999997,0,2.34384442,2.34384442,1.0,11.22454040081267,27,288.197563,21,0.0,118.18755329600002,20,19.889833274797407,91.11744480851493,20
invalid,valid,gpt2-xl,plants_trees_tall^violate^invalid,plants_trees_tall,2,False,True,False,1.2327292,6.491728,0.5,0.1111111111111111,-2.0521338,-4.4814854,-1.7697144200000001,-1.5252939000000003,190.8413128,0,2.2319641199999993,2.2319641199999993,1.0,11.280929234939947,27,286.5531932,21,0.0,117.82908626000003,20,20.970451665221074,92.10517183984852,20
valid,invalid,gpt2-xl,flowers_animals_reptiles^consistent^valid,flowers_animals_reptiles,1,True,True,True,1.3915993,6.436123,1.0,0.5,-0.45107633,-2.7751687,0.96387957,1.6128089,195.97312705999997,0,0.0,0.0,0.020833333333333332,25.92254068026503,23,170.14437513000001,23,92.51093007000003,0.0,15,67.16971325411659,21.97880667076821,23
valid,invalid,gpt2-xl,flowers_animals_reptiles^consistent^valid,flowers_animals_reptiles,2,True,True,True,1.3545136,6.391831,1.0,0.5,-0.39801753,-2.8468938,1.15782647,1.5310892000000003,194.43188977,0,0.0,0.0,0.020833333333333332,25.851362264990442,23,169.770196017,23,96.66770488300001,0.0,15,72.08274394743313,21.52963489354567,23
invalid,valid,gpt2-xl,flowers_animals_reptiles^consistent^invalid,flowers_animals_reptiles,1,False,True,True,1.4013417,6.4224596,0.5,0.125,-1.4333229,-4.3895216,-0.9867163200000001,-1.5746548000000002,196.18443772999998,0,2.1848191599999995,2.1848191599999995,1.0,11.401778787428713,27,264.1410073,21,0.0,93.35393638500001,20,21.97763296533088,68.63494418576612,20
invalid,valid,gpt2-xl,flowers_animals_reptiles^consistent^invalid,flowers_animals_reptiles,2,False,True,True,1.3543965,6.349035,0.5,0.1111111111111111,-1.5329492,-4.3946323,-1.1286659,-1.5713622999999997,194.47962116,0,2.1880626899999998,2.1880626899999998,1.0,11.394690690305534,27,265.6631108,21,0.0,95.735870664,20,21.380182843075612,71.502038557357,20
valid,invalid,gpt2-xl,flowers_animals_reptiles^violate^valid,flowers_animals_reptiles,1,True,True,False,1.3784249,6.3223214,1.0,0.5,-0.3967556,-2.8082592,1.1820526,1.5258187999999997,194.93500952,0,0.0,0.0,0.020833333333333332,25.894260033093317,23,169.52054993,23,97.00717677000002,0.0,15,71.97392754914718,21.205484493172744,33
valid,invalid,gpt2-xl,flowers_animals_reptiles^violate^valid,flowers_animals_reptiles,2,True,True,False,1.404311,6.364004,1.0,0.5,-0.45840192,-2.798771,0.94503688,1.5948990000000003,196.35451451,0,0.0,0.0,0.020833333333333332,25.81861576684123,23,170.69943605999998,23,91.38420984000001,0.0,15,66.50949812935261,22.059731991657006,23
invalid,valid,gpt2-xl,flowers_animals_reptiles^violate^invalid,flowers_animals_reptiles,1,False,True,False,1.4122431,6.329027,0.5,0.1111111111111111,-1.5451994,-4.3704386,-1.1319371,-1.5762475999999999,195.21099374,0,2.30667388,2.30667388,1.0,11.400972833043783,27,267.41515200000003,21,0.0,97.608213795,20,21.61177370649679,72.23832343318023,20
invalid,valid,gpt2-xl,flowers_animals_reptiles^violate^invalid,flowers_animals_reptiles,2,False,True,False,1.4375134,6.410075,0.5,0.14285714285714285,-1.318042,-4.285489,-0.82297512,-1.5027806,198.33049134,0,2.0792388099999997,2.0792388099999997,1.0,11.431432626484492,27,258.3683901,21,0.0,87.49454629,20,22.65155163212601,63.63808990137609,20
valid,invalid,gpt2-xl,gems_diamonds_transparent^consistent^valid,gems_diamonds_transparent,1,True,True,True,1.279088,6.4457464,1.0,0.5,-0.3033071,-2.7923918,1.6551236999999999,1.5551395000000001,190.27173843,0,0.0,0.0,0.020833333333333332,25.72898288326703,23,170.794468629,23,114.80670847100001,0.0,15,87.09594399937895,20.95905170134215,23
valid,invalid,gpt2-xl,gems_diamonds_transparent^consistent^valid,gems_diamonds_transparent,2,True,True,True,1.3235142,6.561635,1.0,0.5,-0.30160657,-2.8317788,1.73774243,1.7143982000000002,191.53057669999998,0,0.0,0.0,0.020833333333333332,25.732758261616137,23,170.803541508,23,118.466332392,0.0,15,87.59179096681014,20.765824332428444,23
invalid,valid,gpt2-xl,gems_diamonds_transparent^consistent^invalid,gems_diamonds_transparent,1,False,True,True,1.2608632,6.4386225,0.5,0.125,-1.9601858,-4.350936,-1.6611041800000002,-1.6004127000000001,189.88669976,0,2.2657125299999996,2.2657125299999996,1.0,11.30538999055231,27,285.1863737,20,0.0,114.84609737100001,20,20.94624074526878,87.64187495197945,20
invalid,valid,gpt2-xl,gems_diamonds_transparent^consistent^invalid,gems_diamonds_transparent,2,False,True,True,1.3203621,6.4733276,0.5,0.14285714285714285,-2.062121,-4.3964586,-1.7621536999999998,-1.6263966,190.90321292,0,2.2454917300000004,2.2454917300000004,1.0,11.338216320728694,27,285.71254180000005,20,0.0,115.351925053,20,21.612083401539646,90.13892804369272,20
valid,invalid,gpt2-xl,gems_diamonds_transparent^violate^valid,gems_diamonds_transparent,1,True,True,False,1.2476834,6.3942175,1.0,0.5,-0.28180775,-2.7665627,1.8067530500000002,1.8790786000000002,189.14112595,0,0.0,0.0,0.020833333333333332,25.85585641897265,23,167.240165384,23,123.72178421599997,0.0,23,92.11561877918894,21.10217582397678,23
valid,invalid,gpt2-xl,gems_diamonds_transparent^violate^valid,gems_diamonds_transparent,2,True,True,False,1.3157575,6.472023,1.0,0.5,-0.3003422,-2.872288,1.7364548,1.7714229999999995,192.07052652,0,0.0,0.0,0.020833333333333332,25.807632813675355,23,168.11056184,23,120.69264125999997,0.0,15,89.99328969295703,22.2560252909188,23
invalid,valid,gpt2-xl,gems_diamonds_transparent^violate^invalid,gems_diamonds_transparent,1,False,True,False,1.2429652,6.4267826,0.5,0.09090909090909091,-2.05353,-4.632066,-1.770012,-1.7609682000000002,190.11916549,0,2.4037339,2.4037339,1.0,11.156165755492394,27,290.34102140000005,21,0.0,121.13948783599999,20,21.407613360785653,90.04778126910307,20
invalid,valid,gpt2-xl,gems_diamonds_transparent^violate^invalid,gems_diamonds_transparent,2,False,True,False,1.2874455,6.4690075,0.5,0.1,-2.0154252,-4.57203,-1.7190447400000002,-1.6581899999999998,191.37905955000002,0,2.2852897199999997,2.2852897199999997,1.0,11.263734314793645,27,287.7082404,21,0.0,118.57929509400002,20,23.10481738562551,90.17950475350922,20
valid,invalid,gpt2-xl,guns_weapons_dangerous^consistent^valid,guns_weapons_dangerous,1,True,True,True,1.3837948,6.5248775,1.0,0.3333333333333333,-0.32644817,-3.2892835,1.61474993,1.5634940000000004,193.85104285,0,0.0,0.0,0.020833333333333332,25.27536333836818,23,172.511326541,23,117.98816665900002,0.0,23,85.68462373386245,21.16181407823503,23
valid,invalid,gpt2-xl,guns_weapons_dangerous^consistent^valid,guns_weapons_dangerous,2,True,True,True,1.3917298,6.5235534,1.0,0.3333333333333333,-0.3307464,-3.337096,1.5991755,1.632581,194.06737117,0,0.0,0.0,0.020833333333333332,25.276649305769357,23,173.00388119000002,23,118.93897680999999,0.0,23,85.04421345536058,21.475537221845816,23
invalid,valid,gpt2-xl,guns_weapons_dangerous^consistent^invalid,guns_weapons_dangerous,1,False,True,True,1.4224285,6.5393734,0.5,0.07142857142857142,-1.966797,-4.8323073,-1.6352186299999998,-1.4995589000000002,194.20170672,0,2.29566011,2.29566011,1.0,10.784579547898092,27,291.4149231,20,0.0,118.400118133,20,21.03037276697968,85.85918430571753,20
invalid,valid,gpt2-xl,guns_weapons_dangerous^consistent^invalid,guns_weapons_dangerous,2,False,True,True,1.3657458,6.5287924,0.5,0.0625,-1.9555008,-4.942935,-1.63457395,-1.5858798000000003,193.90065836,0,2.36181957,2.36181957,1.0,10.916677481832505,27,291.6723391,20,0.0,119.58320175099998,20,21.161984646530957,86.22255133710549,20
valid,invalid,gpt2-xl,guns_weapons_dangerous^violate^valid,guns_weapons_dangerous,1,True,True,False,1.458461,6.4626923,1.0,0.3333333333333333,-0.35310727,-3.3353245,1.54335683,1.6409995,193.57739754,0,0.0,0.0,0.020833333333333332,25.324771427660814,23,172.402103011,23,119.39999108900001,0.0,23,83.78121764352905,21.246824018800414,23
valid,invalid,gpt2-xl,guns_weapons_dangerous^violate^valid,guns_weapons_dangerous,2,True,True,False,1.3490225,6.4942455,1.0,0.3333333333333333,-0.31865814,-3.2455747,1.6468791600000001,1.8358893000000003,191.70535316,0,0.0,0.0,0.020833333333333332,25.4138874186988,23,170.45581866499998,23,122.85236503499999,0.0,23,86.61218664470894,21.909533436206132,23
invalid,valid,gpt2-xl,guns_weapons_dangerous^violate^invalid,guns_weapons_dangerous,1,False,True,False,1.3786781,6.475066,0.5,0.07142857142857142,-1.9963288,-4.855896,-1.677619,-1.5600936000000005,192.2290829,0,2.3773805400000008,2.3773805400000008,1.0,10.759936244536508,27,293.3915923,21,0.0,121.810044277,20,20.89138738057513,88.28523344468152,20
invalid,valid,gpt2-xl,guns_weapons_dangerous^violate^invalid,guns_weapons_dangerous,2,False,True,False,1.425238,6.4682236,0.5,0.06666666666666667,-1.9154944,-4.902526,-1.57514186,-1.5491834999999998,192.83540198,0,2.41832923,2.41832923,1.0,10.917995503627347,27,292.6306399,21,0.0,120.296079046,20,22.027150707590447,86.55577797701153,20
valid,invalid,gpt2-xl,dragons_mythical_exist^consistent^valid,dragons_mythical_exist,1,True,True,True,1.4891026,6.2226343,1.0,0.3333333333333333,-0.44795838,-2.9527435,1.02472492,1.2651859,195.1809874,0,0.0,0.0,0.020833333333333332,25.37425199393816,23,171.42540649900002,23,96.479765701,0.0,15,70.6118462034139,21.007142267017446,23
valid,invalid,gpt2-xl,dragons_mythical_exist^consistent^valid,dragons_mythical_exist,2,True,True,True,1.416414,6.318901,1.0,0.3333333333333333,-0.4154997,-2.941279,1.1186293999999999,1.3585448000000002,195.90549339,0,0.0,0.0,0.020833333333333332,25.35944939650112,23,171.898183354,23,96.68667924599998,0.0,15,70.19010081351026,20.149944657724813,23
invalid,valid,gpt2-xl,dragons_mythical_exist^consistent^invalid,dragons_mythical_exist,1,False,True,True,1.5042981,6.3230286,0.5,0.125,-1.5180763,-4.262842,-1.07887173,-1.2761149999999999,196.62286878,0,2.12134547,2.12134547,1.0,11.408479424125069,27,268.7868594,21,0.0,96.19415792599999,20,22.724293425879992,71.14636366299709,20
invalid,valid,gpt2-xl,dragons_mythical_exist^consistent^invalid,dragons_mythical_exist,2,False,True,True,1.4255177,6.3376875,0.5,0.125,-1.53726,-4.28923,-1.12089056,-1.3836269999999997,195.86402200999999,0,2.0630731100000004,2.0630731100000004,1.0,11.318096112650709,27,268.96360559999994,21,0.0,96.83657886899998,20,20.706847657251267,70.57902518807305,20
invalid,valid,gpt2-xl,dragons_mythical_exist^violate^invalid,dragons_mythical_exist,1,False,True,False,1.4246367,6.362338,0.5,0.125,-1.5688963,-4.4206996,-1.16185475,-1.6008166999999998,193.5695811,0,2.2558393800000003,2.2558393800000003,1.0,11.250388118858545,27,271.7909345,21,0.0,101.795111677,20,18.838852969715084,71.25030204825664,40
invalid,valid,gpt2-xl,dragons_mythical_exist^violate^invalid,dragons_mythical_exist,2,False,True,False,1.3932387,6.342828,0.5,0.125,-1.5610478,-4.362476,-1.15818883,-1.5494080000000001,193.49064851000003,0,2.1939859100000003,2.1939859100000003,1.0,11.258301566316419,27,270.478367,21,0.0,100.14774118599999,20,19.764849577230354,70.95147511819616,20
valid,invalid,gpt2-xl,dragons_mythical_exist^violate^valid,dragons_mythical_exist,1,True,True,False,1.3875344,6.3246818,1.0,0.3333333333333333,-0.40752086,-2.930308,1.1249409400000001,1.4063704999999995,194.47698154,0,0.0,0.0,0.020833333333333332,25.513501407417436,23,169.922893075,23,100.710701125,0.0,15,72.7153680171411,21.81699716431476,23
valid,invalid,gpt2-xl,dragons_mythical_exist^violate^valid,dragons_mythical_exist,2,True,True,False,1.4205194,6.2521663,1.0,0.3333333333333333,-0.40745416,-2.9483747,1.14997384,1.3284322999999998,194.06705252,0,0.0,0.0,0.020833333333333332,25.4130810807169,23,170.456348124,23,100.386509276,0.0,15,72.86698942912429,20.8075447391261,23
valid,invalid,gpt2-xl,politicians_dishonest_lie^consistent^valid,politicians_dishonest_lie,1,True,True,True,1.595798,6.3248687,1.0,0.3333333333333333,-0.4055111,-3.378433,1.3729058,1.406095,197.94181365999998,0,0.0,0.0,0.020833333333333332,24.840426992962207,23,179.81026752,23,110.34040498000003,0.0,23,84.06993046791183,23.121195482369448,24
valid,invalid,gpt2-xl,politicians_dishonest_lie^consistent^valid,politicians_dishonest_lie,2,True,True,True,1.5599173,6.263339,1.0,0.3333333333333333,-0.40070385,-3.556635,1.37755495,1.2553489999999998,197.56387469,0,0.0,0.0,0.020833333333333332,24.304727922939122,24,181.657226325,23,107.84258317500002,0.0,23,83.68097541044335,24.788855620074376,23
invalid,valid,gpt2-xl,politicians_dishonest_lie^consistent^invalid,politicians_dishonest_lie,1,False,True,True,1.5899721,6.399018,0.5,0.07692307692307693,-1.7921791,-4.839096,-1.3920612,-1.4936591999999997,197.00403235,0,2.45312881,2.45312881,1.0,10.799057678543956,27,291.19427559999997,20,0.0,111.010427801,20,22.416295004408752,84.4772552293038,20
invalid,valid,gpt2-xl,politicians_dishonest_lie^consistent^invalid,politicians_dishonest_lie,2,False,True,True,1.5596821,6.4363165,0.5,0.07692307692307693,-1.7660112,-4.8661604,-1.3637704199999998,-1.4455694000000001,197.52286305,0,2.36506483,2.36506483,1.0,10.779242759176281,27,290.49794010000005,20,0.0,108.825976406,20,23.43062331420794,82.64130875249421,20
valid,invalid,gpt2-xl,politicians_dishonest_lie^violate^valid,politicians_dishonest_lie,1,True,True,False,1.6302047,6.2422967,1.0,0.3333333333333333,-0.42679843,-3.52014,1.30013277,1.4179445999999998,197.83859045,0,0.0,0.0,0.020833333333333332,24.82342443724591,23,177.404851296,23,109.282752904,0.0,23,79.51243882966246,24.454895098168635,24
valid,invalid,gpt2-xl,politicians_dishonest_lie^violate^valid,politicians_dishonest_lie,2,True,True,False,1.5876298,6.239276,1.0,0.3333333333333333,-0.41671762,-3.4659972,1.30272198,1.5809938000000003,196.1704466,0,0.0,0.0,0.020833333333333332,24.868244919915753,23,175.718770095,23,111.49192990500005,0.0,23,80.76793060585086,24.177918126973985,23
invalid,valid,gpt2-xl,politicians_dishonest_lie^violate^invalid,politicians_dishonest_lie,1,False,True,False,1.6582588,6.1991897,0.5,0.07692307692307693,-1.6583021,-4.9096355,-1.20941445,-1.4819945000000003,197.20884194,0,2.40900625,2.40900625,1.0,10.980077901979376,27,285.2404031,20,0.0,108.62695388599997,20,24.52389520007894,78.87271596625979,20
invalid,valid,gpt2-xl,politicians_dishonest_lie^violate^invalid,politicians_dishonest_lie,2,False,True,False,1.6226151,6.2624903,0.5,0.07142857142857142,-1.7398671,-4.9674025,-1.3166370500000002,-1.3583905000000005,198.63534040000002,0,2.36131666,2.36131666,1.0,10.6851444088956,27,287.2736799,20,0.0,109.190222384,20,24.266385499963267,80.56693738507109,20
invalid,valid,gpt2-xl,whales_mammals_big^consistent^invalid,whales_mammals_big,1,False,True,True,1.2117703,6.607382,0.5,0.09090909090909091,-2.0265174,-4.6844606,-1.7472381,-1.6407406000000004,191.46920482000002,0,2.295127804,2.295127804,1.0,11.248062981225075,27,288.24705130000007,20,0.0,114.15277827700001,20,19.12410262970257,89.67557739228157,20
invalid,valid,gpt2-xl,whales_mammals_big^consistent^invalid,whales_mammals_big,2,False,True,True,1.2307414,6.542238,0.5,0.1,-1.8677697,-4.521208,-1.5631408,-1.4809607999999996,191.76289596,0,2.2860271599999997,2.2860271599999997,1.0,11.264572952108193,27,284.443191,20,0.0,109.120635851,20,19.92131688634135,86.38699009040958,20
valid,invalid,gpt2-xl,whales_mammals_big^consistent^valid,whales_mammals_big,1,True,True,True,1.2475288,6.5197334,1.0,0.5,-0.31269544,-3.0740294,1.52682406,1.4241496000000002,192.26317589999996,0,0.0,0.0,0.020833333333333332,25.63469361077253,23,175.72227285,23,107.02257115,0.0,15,84.45982726510017,20.37316203816494,23
valid,invalid,gpt2-xl,whales_mammals_big^consistent^valid,whales_mammals_big,2,True,True,True,1.2184122,6.6250973,1.0,0.5,-0.28924024,-3.0851543,1.66897006,1.5434592,192.06050546,0,0.0,0.0,0.020833333333333332,25.594342370568697,23,175.003094111,23,112.31759388900001,0.0,23,87.26476488696332,20.282847495245978,23
invalid,valid,gpt2-xl,whales_mammals_big^violate^invalid,whales_mammals_big,1,False,True,False,1.375082,6.5151553,0.5,0.1,-1.8041162,-4.5171347,-1.4574574999999999,-1.3592641999999997,194.77586975999998,0,2.3013639300000004,2.3013639300000004,1.0,11.215333961084923,27,281.58663479999996,20,0.018363000000000795,106.27492541900001,20,21.60086492199041,83.266681414769,20
invalid,valid,gpt2-xl,whales_mammals_big^violate^invalid,whales_mammals_big,2,False,True,False,1.3075093,6.552087,0.5,0.09090909090909091,-1.8154026,-4.569219,-1.4845313500000001,-1.4279941000000003,194.16711282,0,2.36514488,2.36514488,1.0,11.203100886690416,27,282.6955326,20,0.0,107.93456328799996,20,22.097434876460916,84.10516262016236,20
valid,invalid,gpt2-xl,whales_mammals_big^violate^valid,whales_mammals_big,1,True,True,False,1.2656915,6.5708942,1.0,0.5,-0.32303032,-3.0610642,1.48649128,1.5549082999999997,193.43368817,0,0.0,0.0,0.020833333333333332,25.72941895400092,23,172.45315935999997,23,110.31634413999998,0.0,15,85.59784965265895,22.821987881973214,23
valid,invalid,gpt2-xl,whales_mammals_big^violate^valid,whales_mammals_big,2,True,True,False,1.2586194,6.5321217,1.0,0.5,-0.31030092,-3.095633,1.56926348,1.7070317999999998,192.38481409000002,0,0.0,0.0,0.020833333333333332,25.68282360491081,23,172.61529267999998,23,114.29595762,0.0,23,87.28922641207684,21.25494837175992,23
valid,invalid,gpt2-xl,food_vegetables_healthy^violate^valid,food_vegetables_healthy,1,True,True,False,1.168362,6.531191,1.0,0.5,-0.25826237,-3.0393746,1.8803692300000001,1.7632824,192.11370827000002,0,0.0,0.0,0.020833333333333332,25.622773517770874,23,171.763605504,23,125.75337149600003,0.0,23,94.8982854689266,21.52553788269562,23
valid,invalid,gpt2-xl,food_vegetables_healthy^violate^valid,food_vegetables_healthy,2,True,True,False,1.2690812,6.5104003,1.0,0.5,-0.29951182,-3.0051484,1.66564078,1.6776581,193.20247876,0,0.0,0.0,0.020833333333333332,25.59526062180933,23,173.06134328500002,23,119.59625721499998,0.0,23,89.69725907985467,21.675237588047523,23
invalid,valid,gpt2-xl,food_vegetables_healthy^violate^invalid,food_vegetables_healthy,1,False,True,False,1.28988,6.534996,0.5,0.09090909090909091,-1.9506977,-4.617292,-1.6451235800000001,-1.5289039999999998,193.60929538,0,2.41714114,2.41714114,1.0,11.067837851414712,27,292.26262199999996,21,0.0,118.256971811,20,21.893746406865706,88.55267121428557,20
invalid,valid,gpt2-xl,food_vegetables_healthy^violate^invalid,food_vegetables_healthy,2,False,True,False,1.2228824,6.5156918,0.5,0.09090909090909091,-2.0537267,-4.7034345,-1.77562442,-1.6536937000000003,193.03922964999998,0,2.4464589000000005,2.4464589000000005,1.0,10.90030959470162,27,295.2369585,21,0.0,122.54617402299999,20,21.629133192608304,91.94426162070177,20
valid,invalid,gpt2-xl,food_vegetables_healthy^consistent^valid,food_vegetables_healthy,1,True,True,True,1.1918877,6.568386,1.0,0.5,-0.2728264,-2.9442952,1.7664919000000001,1.5991951999999996,190.88958405,0,0.0,0.0,0.020833333333333332,25.6093555973315,23,174.327603133,23,119.755517567,0.0,23,91.46888491397702,20.644123115717115,23
valid,invalid,gpt2-xl,food_vegetables_healthy^consistent^valid,food_vegetables_healthy,2,True,True,True,1.1735237,6.6743884,1.0,0.5,-0.2555389,-2.9652555,1.9013815000000003,1.7374728000000004,191.43947522000002,0,0.0,0.0,0.020833333333333332,25.66994365974444,23,173.159541056,23,125.04549154399999,0.0,23,94.61669065720142,20.240622253596847,23
invalid,valid,gpt2-xl,food_vegetables_healthy^consistent^invalid,food_vegetables_healthy,1,False,True,True,1.2496011,6.6820893,0.5,0.09090909090909091,-2.0513835,-4.629423,-1.7698995,-1.7175377000000003,191.39266197999999,0,2.3736379000000003,2.3736379000000003,1.0,11.158419712149149,27,296.294433,21,0.0,121.63360779099999,20,21.119215752682887,92.86774370508802,40
invalid,valid,gpt2-xl,food_vegetables_healthy^consistent^invalid,food_vegetables_healthy,2,False,True,True,1.1888616,6.6764135,0.5,0.08333333333333333,-2.1962454,-4.7537003,-1.9425125699999999,-1.8278258000000003,191.08176891,0,2.3966320099999994,2.3966320099999994,1.0,10.880977145476784,27,300.66411089999997,21,0.0,126.86515846899998,20,19.93908026570214,96.22324958138947,40
valid,invalid,gpt2-xl,famous_wealthy_old^consistent^valid,famous_wealthy_old,1,True,True,True,1.3586638,6.465416,1.0,0.5,-0.38262433,-2.9536095,1.2355461699999999,1.5929207,191.45931857,0,0.0,0.0,0.020833333333333332,25.473201898448846,23,176.997465465,23,101.493219535,0.0,15,74.01815353068683,20.275147518904124,33
valid,invalid,gpt2-xl,famous_wealthy_old^consistent^valid,famous_wealthy_old,2,True,True,True,1.3565817,6.5384526,1.0,0.5,-0.37639648,-2.9863977,1.2695426200000002,1.5199173,192.53789791000003,0,0.0,0.0,0.020833333333333332,25.42258508885104,23,177.206755306,23,101.614267594,0.0,15,74.69389627093867,20.93529525085735,23
invalid,valid,gpt2-xl,famous_wealthy_old^consistent^invalid,famous_wealthy_old,1,False,True,True,1.3676386,6.5577593,0.5,0.09090909090909091,-1.7367387,-4.649493,-1.3778105600000001,-1.7434219999999998,191.0837786,0,2.1263121499999995,2.1263121499999995,1.0,11.25228915883757,27,282.3231997,20,0.0,104.81857500000001,20,20.20438034714973,76.87840786915946,20
invalid,valid,gpt2-xl,famous_wealthy_old^consistent^invalid,famous_wealthy_old,2,False,True,True,1.36312,6.572067,0.5,0.09090909090909091,-1.6747222,-4.6361966,-1.3043576,-1.6493338999999998,191.95615137,0,2.1808642500000004,2.1808642500000004,1.0,11.420340546933112,27,281.1186628,20,0.0,103.16953373500002,20,21.02910313531514,76.17926635765274,20
valid,invalid,gpt2-xl,famous_wealthy_old^violate^valid,famous_wealthy_old,1,True,True,False,1.3784106,6.4805484,1.0,0.5,-0.37166405,-3.1424363,1.31500145,1.5410421000000003,193.41874673,0,0.0,0.0,0.020833333333333332,25.362091763013222,23,175.366284656,23,107.253243044,0.0,15,78.79222309311015,21.7783462704473,23
valid,invalid,gpt2-xl,famous_wealthy_old^violate^valid,famous_wealthy_old,2,True,True,False,1.3833597,6.4169173,1.0,0.5,-0.3758945,-3.19093,1.3022414,1.5894536000000006,192.04317498,0,0.0,0.0,0.020833333333333332,25.36650152600278,23,175.67202075400002,23,107.132847146,0.0,15,78.06187550705691,22.287642592266216,23
invalid,valid,gpt2-xl,famous_wealthy_old^violate^invalid,famous_wealthy_old,1,False,True,False,1.3382993,6.4885697,0.5,0.08333333333333333,-1.7635119,-4.6565495,-1.4149113299999998,-1.4979321999999997,192.22122156,0,2.31740952,2.31740952,1.0,11.243847014016449,23,283.70997090000003,20,0.0,108.299487696,20,21.148191816401248,79.79707173374229,20
invalid,valid,gpt2-xl,famous_wealthy_old^violate^invalid,famous_wealthy_old,2,False,True,False,1.3669674,6.4205275,0.5,0.08333333333333333,-1.6777749,-4.63517,-1.3060188,-1.6126970999999997,191.57175433,0,2.3661242700000003,2.3661242700000003,1.0,11.327309665943273,23,281.49925410000003,20,0.0,106.40508836999997,20,21.60155107268417,77.11855835711815,20
valid,invalid,gpt2-xl,vehicles_mobile_buildings^consistent^valid,vehicles_mobile_buildings,1,True,True,True,1.325055,6.352321,1.0,0.3333333333333333,-0.34447584,-3.0494268,1.4247741600000001,1.3760969999999997,190.80347317000002,0,0.0,0.0,0.020833333333333332,25.223811368737824,23,173.620038304,23,104.25587029599998,0.0,23,80.40815275793527,21.141230442506128,23
valid,invalid,gpt2-xl,vehicles_mobile_buildings^consistent^valid,vehicles_mobile_buildings,2,True,True,True,1.3868823,6.3345604,1.0,0.3333333333333333,-0.38648662,-2.9703343,1.26011848,1.3695246999999995,192.51310177,0,0.0,0.0,0.020833333333333332,25.253930335125744,23,173.74997464,23,98.93283055999997,0.0,23,76.63994886067209,21.87423878017929,23
invalid,valid,gpt2-xl,vehicles_mobile_buildings^consistent^invalid,vehicles_mobile_buildings,1,False,True,True,1.3525918,6.3685637,0.5,0.1111111111111111,-1.7597728,-4.4113874,-1.4082117299999999,-1.2626553999999999,191.70770519,0,2.2013482900000003,2.2013482900000003,1.0,11.241003818984112,27,277.97457269999995,21,0.0,103.19893455400002,20,22.81807614866922,81.0272691420171,20
invalid,valid,gpt2-xl,vehicles_mobile_buildings^consistent^invalid,vehicles_mobile_buildings,2,False,True,True,1.3841038,6.3269696,0.5,0.125,-1.6282629,-4.3194456,-1.2401581,-1.3254875999999998,192.74283224,0,2.1603822,2.1603822,1.0,11.269032530521429,27,272.03992980000004,21,0.0,98.55492519999999,20,22.319862551400487,76.3861087602157,20
valid,invalid,gpt2-xl,vehicles_mobile_buildings^violate^valid,vehicles_mobile_buildings,1,True,True,False,1.3018132,6.293826,1.0,0.5,-0.31610078,-2.8597574,1.59860522,1.6128516000000004,188.72203601,0,0.0,0.0,0.020833333333333332,25.807486876231856,23,170.322406828,23,113.126424772,0.0,23,89.99084180399552,21.592804252919002,23
valid,invalid,gpt2-xl,vehicles_mobile_buildings^violate^valid,vehicles_mobile_buildings,2,True,True,False,1.4155686,6.373735,1.0,0.3333333333333333,-0.3920422,-2.927859,1.2678661,1.3797095999999995,193.32829359,0,0.0,0.0,0.020833333333333332,25.523211228399383,23,172.219125045,23,100.542236755,0.0,23,81.0016984804382,24.565051429062432,23
invalid,valid,gpt2-xl,vehicles_mobile_buildings^violate^invalid,vehicles_mobile_buildings,1,False,True,False,1.3957794,6.3963227,0.5,0.14285714285714285,-1.6637092,-4.3450365,-1.27818308,-1.4308999,192.94201205000002,0,2.13025643,2.13025643,1.0,11.325540241474567,27,274.5529388,21,0.0,100.74915766500001,20,23.397278750714847,80.85884317040333,20
invalid,valid,gpt2-xl,vehicles_mobile_buildings^violate^invalid,vehicles_mobile_buildings,2,False,True,False,1.3726726,6.3045034,0.5,0.1111111111111111,-1.7732849,-4.383255,-1.41808127,-1.3892770000000003,191.48421161,0,2.26667508,2.26667508,1.0,11.237185938791239,27,278.9716945,21,0.0,105.34992063500002,20,22.881988346247567,84.42487563173663,20
valid,invalid,gpt2-xl,nonsense_phrite_ing_pand^nonsense^valid,nonsense_phrite_ing_pand,1,True,False,True,1.1994387,6.6653132,1.0,0.5,-0.2826507,-3.0202749,1.6796007,1.7082311000000003,191.46705025,0,0.0,0.0,0.020833333333333332,25.61633032622855,23,174.337272146,23,120.50501955399996,0.0,23,90.16819565823566,23.620546960254273,23
valid,invalid,gpt2-xl,nonsense_phrite_ing_pand^nonsense^valid,nonsense_phrite_ing_pand,2,True,False,True,1.2190027,6.616745,1.0,0.3333333333333333,-0.3041343,-3.2584708,1.5564289999999998,1.6252362000000002,193.02522904,0,0.0,0.0,0.020833333333333332,25.253840800187756,23,176.970082595,23,115.57342490500001,0.0,23,87.09132267119676,24.548279596459707,23
invalid,valid,gpt2-xl,nonsense_bosp_jift_nup^nonsense^invalid,nonsense_bosp_jift_nup,1,False,False,True,1.2301341,6.7247953,0.5,0.1111111111111111,-1.6713803,-4.6389093,-1.33305548,-1.3481668999999998,196.02874921,0,2.29653555,2.29653555,1.0,11.41859122689349,27,284.89055299999995,22,0.0,105.53455093999997,20,24.620463239498864,81.45256879672917,20
invalid,valid,gpt2-xl,nonsense_bosp_jift_nup^nonsense^invalid,nonsense_bosp_jift_nup,2,False,False,True,1.1725494,6.7237377,0.5,0.08333333333333333,-1.8310794,-4.8248506,-1.53405,-1.6535035000000002,193.99950711999998,0,2.5430184000000002,2.5430184000000002,1.0,11.167483242718546,27,291.5678167,21,0.0,114.46639686600001,21,23.281670282424255,86.39945055329075,21
valid,invalid,gpt2-xl,nonsense_snid_ust_bem^nonsense^valid,nonsense_snid_ust_bem,1,True,False,False,1.2528698,6.702395,1.0,0.3333333333333333,-0.30541664,-3.2120159,1.59083936,1.7546885000000003,194.69500076,0,0.0,0.0,0.020833333333333332,25.133381789321014,23,176.833145671,23,119.96647132899999,0.0,23,88.1846620130988,23.55301085020042,23
valid,invalid,gpt2-xl,nonsense_snid_ust_bem^nonsense^valid,nonsense_snid_ust_bem,2,True,False,False,1.2795817,6.6443872,1.0,0.3333333333333333,-0.33187234,-3.2059503,1.4370288599999999,1.7265881999999997,194.70763700999998,0,0.0,0.0,0.020833333333333332,25.13236973306811,23,177.194723243,23,116.56726645699997,0.0,23,84.5418741873848,23.68533088110037,23
invalid,valid,gpt2-xl,nonsense_nept_bript_jeft^nonsense^invalid,nonsense_nept_bript_jeft,1,False,False,False,1.3689315,6.6848073,0.5,0.08333333333333333,-1.7777051,-4.800948,-1.4297352399999999,-1.3836810000000002,197.10451172999998,0,2.4674091000000007,2.4674091000000007,1.0,11.168931475870894,27,292.29555059999996,21,0.0,111.75821397899998,20,24.376459623429042,83.70009197759586,20
invalid,valid,gpt2-xl,nonsense_nept_bript_jeft^nonsense^invalid,nonsense_nept_bript_jeft,2,False,False,False,1.3636585,6.6862965,0.5,0.07692307692307693,-1.7971938,-4.881509,-1.45302305,-1.5478126000000003,196.43427935,0,2.492716854,2.492716854,1.0,11.126776677526124,27,292.7852425,21,0.0,113.29107393999998,20,24.013623473744943,84.26096662217148,20
valid,invalid,gpt2-xl,nonsense_sclack_chask_pron^nonsense^valid,nonsense_sclack_chask_pron,1,True,False,True,1.2791803,6.70339,1.0,0.5,-0.3070166,-3.1124349,1.582243,1.7120840999999998,192.79036886,0,0.0,0.0,0.020833333333333332,25.373537160395323,23,178.51000262,23,118.36742428000001,0.0,23,91.31191047291132,26.25145094069913,23
valid,invalid,gpt2-xl,nonsense_sclack_chask_pron^nonsense^valid,nonsense_sclack_chask_pron,2,True,False,True,1.2571254,6.770812,1.0,0.3333333333333333,-0.3114419,-3.1960473,1.5355024000000002,1.6375916999999998,193.65937267,0,0.0,0.0,0.020833333333333332,25.165501848993518,23,178.59463946,23,115.20219654,0.0,23,89.66122670646496,25.3655875738603,23
invalid,valid,gpt2-xl,nonsense_stope_unt_gleck^nonsense^invalid,nonsense_stope_unt_gleck,1,False,False,True,1.346242,6.7364016,0.5,0.09090909090909091,-1.7518381,-4.755375,-1.407073,-1.4882942,195.06560553000003,0,2.3698329,2.3698329,1.0,11.229342619014377,27,287.1574418,21,0.0,106.66974997999998,20,25.424583847322026,83.42684542396292,40
invalid,valid,gpt2-xl,nonsense_stope_unt_gleck^nonsense^invalid,nonsense_stope_unt_gleck,2,False,False,True,1.4044079,6.7450047,0.5,0.08333333333333333,-1.6999602,-4.731786,-1.33080855,-1.5407556999999996,195.02036044,0,2.4811916800000002,2.4811916800000002,1.0,11.222534261181789,23,287.1556575,21,0.0,106.72124522799999,20,25.41959130023482,82.37416428280892,40
valid,invalid,gpt2-xl,nonsense_gluff_caft_jint^nonsense^valid,nonsense_gluff_caft_jint,1,True,False,False,1.367795,6.6268997,1.0,0.3333333333333333,-0.34342033,-3.3517442,1.47890947,1.5443415000000003,195.83518759999998,0,0.0,0.0,0.020833333333333332,25.02796384488179,23,178.757569135,23,110.866942265,0.0,23,83.86226589623824,25.767549401660332,23
valid,invalid,gpt2-xl,nonsense_gluff_caft_jint^nonsense^valid,nonsense_gluff_caft_jint,2,True,False,False,1.3518784,6.658768,1.0,0.3333333333333333,-0.33203256,-3.320935,1.53919224,1.6538346000000002,194.97078767,0,0.0,0.0,0.020833333333333332,25.04642543294062,23,178.383535044,23,115.19229095600001,0.0,23,86.94253704669534,26.37601156820083,23
invalid,valid,gpt2-xl,nonsense_fleff_drap_ved^nonsense^invalid,nonsense_fleff_drap_ved,1,False,False,False,1.2835112,6.7518888,0.5,0.07142857142857142,-2.0490592,-4.9553905,-1.7591373,-1.7151318,194.69480083999997,0,2.48828492,2.48828492,1.0,11.021029465992937,27,297.23434810000003,21,0.0,119.44198616200002,20,23.99339559956432,90.89501317177157,21
invalid,valid,gpt2-xl,nonsense_fleff_drap_ved^nonsense^invalid,nonsense_fleff_drap_ved,2,False,False,False,1.3055758,6.788103,0.5,0.07692307692307693,-2.0119681,-4.8480744,-1.7143677999999998,-1.5646308999999996,195.55002879,0,2.38190843,2.38190843,1.0,11.063100351876052,27,294.8526614,21,0.0,116.20956600800004,20,24.244140604053456,89.91642406188394,20
valid,invalid,gpt2-xl,nonsense_paft_usp_cesk^nonsense^valid,nonsense_paft_usp_cesk,1,True,False,True,1.249632,6.7189293,1.0,0.5,-0.32607293,-3.19,1.42577077,1.3618036000000004,193.80939077,0,0.0,0.0,0.020833333333333332,25.33193591331336,23,178.938330248,23,107.30451625199998,0.0,23,83.52316172025668,23.32752757089065,23
valid,invalid,gpt2-xl,nonsense_paft_usp_cesk^nonsense^valid,nonsense_paft_usp_cesk,2,True,False,True,1.2651911,6.7879963,1.0,0.5,-0.3125928,-3.2144804,1.5339317,1.5466719000000002,194.49331942999999,0,0.0,0.0,0.020833333333333332,25.513227707115792,23,178.158032228,23,111.18070977199999,0.0,23,84.9132953129358,22.805290185677013,23
invalid,valid,gpt2-xl,nonsense_trime_dimp_mag^nonsense^invalid,nonsense_trime_dimp_mag,1,False,False,True,1.2595346,6.8065944,0.5,0.07692307692307693,-2.0262926,-4.89935,-1.73945908,-1.6341964,193.97344313999997,0,2.19471332,2.19471332,1.0,11.156924173188912,27,294.92812719999995,21,0.0,116.42254206300001,20,25.777199091214296,90.19191695824881,40
invalid,valid,gpt2-xl,nonsense_trime_dimp_mag^nonsense^invalid,nonsense_trime_dimp_mag,2,False,False,True,1.1576375,6.6880093,0.5,0.07142857142857142,-2.0531116,-4.983466,-1.79039292,-1.7986627999999998,191.69639124999998,0,2.2490243,2.2490243,1.0,11.152523569795598,27,297.004991,21,0.0,119.78268931699999,20,23.60253078409611,90.57813639022096,40
valid,invalid,gpt2-xl,nonsense_kemp_clud_thrund^nonsense^valid,nonsense_kemp_clud_thrund,1,True,False,False,1.3459754,6.6740084,1.0,0.3333333333333333,-0.34510106,-3.4438462,1.4301529400000002,1.5530008,192.9057886,0,0.0,0.0,0.020833333333333332,24.963784718847627,23,179.505820778,23,117.36435862199997,0.0,23,88.9373074841871,23.486908407345506,23
valid,invalid,gpt2-xl,nonsense_kemp_clud_thrund^nonsense^valid,nonsense_kemp_clud_thrund,2,True,False,False,1.3890276,6.681446,1.0,0.3333333333333333,-0.3664625,-3.353155,1.3411616999999998,1.4392959999999997,194.53669872,0,0.0,0.0,0.020833333333333332,24.997514774454693,23,179.58443432500002,23,113.49072057499998,0.0,23,86.24631908294569,24.49671684696354,23
invalid,valid,gpt2-xl,nonsense_frupt_liff_blop^nonsense^invalid,nonsense_frupt_liff_blop,1,False,False,False,1.3144104,6.754841,0.5,0.07142857142857142,-1.8227153,-5.08977,-1.49425797,-1.5834389999999998,195.05672317,0,2.5037901000000002,2.5037901000000002,1.0,11.060815394398558,27,295.05339200000003,22,0.0,115.70544109200002,20,25.12720820184317,86.29279965481294,20
invalid,valid,gpt2-xl,nonsense_frupt_liff_blop^nonsense^invalid,nonsense_frupt_liff_blop,2,False,False,False,1.3080537,6.7432165,0.5,0.07142857142857142,-1.8293806,-4.9540625,-1.5058508,-1.5489155000000001,194.40331401,0,2.4597853999999995,2.4597853999999995,1.0,11.060396055522133,27,294.2440149,21,0.0,116.426595478,20,26.482016792764522,87.4616963316584,40
valid,invalid,gpt2-xl,nonsense_gand_yusp_druff^nonsense^valid,nonsense_gand_yusp_druff,1,True,False,True,1.4229107,6.460802,1.0,0.5,-0.3862376,-2.8998058,1.2931853,1.5368978999999996,197.87808095999998,0,0.0,0.0,0.020833333333333332,25.601678504651776,23,175.915027445,23,102.054539055,0.0,23,78.60110443639454,23.761916256704303,23
valid,invalid,gpt2-xl,nonsense_gand_yusp_druff^nonsense^valid,nonsense_gand_yusp_druff,2,True,False,True,1.2883892,6.4913626,1.0,0.5,-0.32046568,-2.9970617,1.5254602199999998,1.5628572999999997,193.87901881,0,0.0,0.0,0.020833333333333332,25.638087180182154,23,175.412923397,23,109.80585880299999,0.0,23,84.2371267209266,22.745479761542597,23
invalid,valid,gpt2-xl,nonsense_glap_phropt_soff^nonsense^invalid,nonsense_glap_phropt_soff,1,False,False,True,1.3981178,6.542197,0.5,0.08333333333333333,-1.5023375,-4.868987,-1.07793625,-1.5315749999999997,197.65030236,0,2.33058447,2.33058447,1.0,11.176805546424744,23,279.0946176,21,0.0,98.34406346599998,20,25.132147475313857,74.47604595448163,20
invalid,valid,gpt2-xl,nonsense_glap_phropt_soff^nonsense^invalid,nonsense_glap_phropt_soff,2,False,False,True,1.3064263,6.5000467,0.5,0.07692307692307693,-1.6549124,-4.9097066,-1.29347997,-1.6639885999999997,193.45501143,0,2.63331634,2.63331634,1.0,11.167699412476274,23,286.574486,21,0.0,107.93861818900004,20,24.475425649941837,80.98039022447955,20
valid,invalid,gpt2-xl,nonsense_vonk_jang_fress^nonsense^valid,nonsense_vonk_jang_fress,1,True,False,False,1.2398896,6.6142006,1.0,0.3333333333333333,-0.33199537,-3.0593202,1.38320923,1.4901467999999998,194.16583779,0,0.0,0.0,0.020833333333333332,25.29193102911961,23,175.802392365,23,104.31010173499998,0.0,23,81.17026363148246,25.303570762206334,23
valid,invalid,gpt2-xl,nonsense_vonk_jang_fress^nonsense^valid,nonsense_vonk_jang_fress,2,True,False,False,1.2896547,6.5365777,1.0,0.3333333333333333,-0.40205342,-3.0655513,1.08906738,1.5043100999999997,196.33603631,0,0.0,0.0,0.020833333333333332,25.248824733711523,23,177.03910001,23,95.62987929000002,0.0,23,73.07260445223834,25.066735819306036,23
invalid,valid,gpt2-xl,nonsense_zint_thade_snaff^nonsense^invalid,nonsense_zint_thade_snaff,1,False,False,False,1.2837132,6.4958353,0.5,0.1,-1.8434738,-4.6194296,-1.5235338,-1.5723465,192.70857786,0,2.46288282,2.46288282,1.0,11.255203399177876,27,288.4915258,21,0.0,111.54335739800001,20,22.71132800160683,86.26680824651369,20
invalid,valid,gpt2-xl,nonsense_zint_thade_snaff^nonsense^invalid,nonsense_zint_thade_snaff,2,False,False,False,1.3690441,6.4749928,0.5,0.1,-1.6146427,-4.5641937,-1.22738265,-1.6500932999999995,195.35315541,0,2.34082225,2.34082225,1.0,11.344625405311557,27,280.3552856,21,0.0,102.63889774799999,20,23.28670522924106,79.16615510662447,20
valid,invalid,gpt2-xl,nonsense_yoct_fisk_nand^nonsense^valid,nonsense_yoct_fisk_nand,1,True,False,True,1.2699497,6.7237477,1.0,0.3333333333333333,-0.33466688,-3.245678,1.3961229199999998,1.3336706000000005,194.25653824000003,0,0.0,0.0,0.020833333333333332,25.138636253177275,23,180.521360346,23,105.94503915399999,0.0,23,83.396643835257,23.03991528501619,23
valid,invalid,gpt2-xl,nonsense_yoct_fisk_nand^nonsense^valid,nonsense_yoct_fisk_nand,2,True,False,True,1.3119648,6.721535,1.0,0.3333333333333333,-0.31785196,-3.1399791,1.56220914,1.6709491999999995,193.41572931,0,0.0,0.0,0.020833333333333332,25.226465164529213,23,178.96459435399998,23,114.22262604599999,0.0,23,87.45569887726217,21.471746997906077,23
invalid,valid,gpt2-xl,nonsense_flact_frep_blen^nonsense^invalid,nonsense_flact_frep_blen,1,False,False,True,1.1106024,6.708103,0.5,0.09090909090909091,-2.0213747,-4.770369,-1.7651434799999999,-1.4501747999999997,191.93757087,0,2.216931094,2.216931094,1.0,11.179494867737219,27,294.8325453,22,0.0,115.702536408,20,22.452298781161787,89.5801531340365,20
invalid,valid,gpt2-xl,nonsense_flact_frep_blen^nonsense^invalid,nonsense_flact_frep_blen,2,False,False,True,1.1212361,6.743086,0.5,0.08333333333333333,-2.1004581,-4.9496937,-1.8517980299999999,-1.6837928,191.26804162,0,2.3320101460000005,2.3320101460000005,1.0,11.16641750363382,27,298.4053156,21,0.0,120.46499749599998,20,21.098658163706364,90.21221285744292,20
valid,invalid,gpt2-xl,nonsense_sclace_dact_yink^nonsense^valid,nonsense_sclace_dact_yink,1,True,False,False,1.352816,6.7094774,1.0,0.3333333333333333,-0.34839696,-3.295112,1.42647084,1.5133300000000003,195.02369900000002,0,0.0,0.0,0.020833333333333332,25.044037277447114,23,177.373522731,23,111.92533696900001,0.0,23,84.00998850346323,25.026009825352144,23
valid,invalid,gpt2-xl,nonsense_sclace_dact_yink^nonsense^valid,nonsense_sclace_dact_yink,2,True,False,False,1.3802714,6.682987,1.0,0.3333333333333333,-0.35832977,-3.2438357,1.3920965299999999,1.3417507999999998,196.28629389000002,0,0.0,0.0,0.020833333333333332,25.053684820122406,23,178.344107705,23,107.44031079500002,0.0,23,81.32175979356859,25.004360675146035,23
invalid,valid,gpt2-xl,nonsense_bisk_uft_glap^nonsense^invalid,nonsense_bisk_uft_glap,1,False,False,False,1.2384967,6.659931,0.5,0.07692307692307693,-1.8696469,-4.844408,-1.56426712,-1.4690649999999996,195.16581323000003,0,2.447296124,2.447296124,1.0,11.079040090715218,27,290.6874557,21,0.0,113.19409713600001,21,22.68296839876821,87.60063999268296,21
invalid,valid,gpt2-xl,nonsense_bisk_uft_glap^nonsense^invalid,nonsense_bisk_uft_glap,2,False,False,False,1.2786571,6.6633987,0.5,0.07692307692307693,-1.8338944,-4.8489227,-1.5146313299999998,-1.4819081,194.40941119000001,0,2.5709002149999995,2.5709002149999995,1.0,11.07458865784903,27,292.99494919999995,21,0.0,114.86715853000001,21,24.109374370065936,88.03647718138619,21
valid,invalid,gpt2-xl,nonsense_phrist_biss_skemp^nonsense^valid,nonsense_phrist_biss_skemp,1,True,False,True,1.2283053,6.6892195,1.0,0.3333333333333333,-0.33722287,-3.2848291,1.33531753,1.5143388999999998,194.89221600000002,0,0.0,0.0,0.020833333333333332,25.121557112227077,23,177.10510401200003,23,111.997642088,0.0,23,81.55271862284947,23.794051121351437,23
valid,invalid,gpt2-xl,nonsense_phrist_biss_skemp^nonsense^valid,nonsense_phrist_biss_skemp,2,True,False,True,1.2065628,6.7530985,1.0,0.3333333333333333,-0.3268174,-3.3444731,1.376359,1.4981096000000003,194.95036872,0,0.0,0.0,0.020833333333333332,25.102254831240145,23,177.605658054,23,112.44784534599998,0.0,23,82.91562403430156,24.288863383651638,23
invalid,valid,gpt2-xl,nonsense_rimp_thomp_zin^nonsense^invalid,nonsense_rimp_thomp_zin,1,False,False,True,1.3058255,6.7121415,0.5,0.08333333333333333,-1.6570938,-4.8645697,-1.2985726,-1.5980717999999996,196.02558387,0,2.59001239,2.59001239,1.0,11.165902385613139,27,290.1131495,21,0.0,111.790395244,20,23.52872533032626,82.51880202521413,21
invalid,valid,gpt2-xl,nonsense_rimp_thomp_zin^nonsense^invalid,nonsense_rimp_thomp_zin,2,False,False,True,1.2838537,6.7102747,0.5,0.08333333333333333,-1.6795754,-4.867179,-1.3301315200000001,-1.6423012000000003,195.54968416000003,0,2.5237979399999997,2.5237979399999997,1.0,11.167086403356233,27,289.4808887,21,0.0,111.52354904699999,20,23.64564456560554,81.29687052008948,21
valid,invalid,gpt2-xl,nonsense_sland_spluff_gusp^nonsense^valid,nonsense_sland_spluff_gusp,1,True,False,False,1.3409841,6.707924,1.0,0.3333333333333333,-0.3545357,-3.3057613,1.357564,1.6515483999999998,194.73710092,0,0.0,0.0,0.020833333333333332,25.158850270123096,23,177.601296289,23,112.02427711100002,0.0,23,82.53539557664766,25.312393614886208,23
valid,invalid,gpt2-xl,nonsense_sland_spluff_gusp^nonsense^valid,nonsense_sland_spluff_gusp,2,True,False,False,1.3079218,6.716918,1.0,0.3333333333333333,-0.34778163,-3.3397484,1.37213037,1.6846599000000002,194.06735671,0,0.0,0.0,0.020833333333333332,25.158650687472875,23,177.51461557399998,23,112.60251372599998,0.0,23,82.29154655521818,24.536856788988892,23
invalid,valid,gpt2-xl,nonsense_gick_criff_riff^nonsense^invalid,nonsense_gick_criff_riff,1,False,False,False,1.2965102,6.6572013,0.5,0.07142857142857142,-1.8613143,-4.8243775,-1.5434351000000002,-1.5891222999999997,193.08131401999998,0,2.5145557500000004,2.5145557500000004,1.0,11.108484362312382,27,292.0366656,21,0.0,116.75618389300001,20,23.257959940591718,87.54884480331724,20
invalid,valid,gpt2-xl,nonsense_gick_criff_riff^nonsense^invalid,nonsense_gick_criff_riff,2,False,False,False,1.3089728,6.7082844,0.5,0.07692307692307693,-1.858463,-4.854912,-1.53711308,-1.5673039999999996,193.53698877000002,0,2.51101125,2.51101125,1.0,11.078622588027246,27,292.6161104,21,0.0,116.17735573500002,20,23.312386821325294,87.55199064409007,20
valid,invalid,gpt2-xl,nonsense_shiff_yot_plusk^nonsense^valid,nonsense_shiff_yot_plusk,1,True,False,True,1.255055,6.619709,1.0,0.3333333333333333,-0.34185043,-3.1575384,1.34304137,1.3973616,195.44091894000002,0,0.0,0.0,0.020833333333333332,25.08971883797729,23,178.81849763,23,102.64312437000002,0.0,23,80.43447057777118,22.917197654906172,23
valid,invalid,gpt2-xl,nonsense_shiff_yot_plusk^nonsense^valid,nonsense_shiff_yot_plusk,2,True,False,True,1.3048043,6.6298075,1.0,0.3333333333333333,-0.4006086,-3.056833,1.1056222,1.4584133999999995,197.38790142,0,0.0,0.0,0.020833333333333332,25.237894713898612,23,177.88339603000003,23,96.22508237000001,0.0,23,75.2417972936791,24.34057234056529,23
invalid,valid,gpt2-xl,nonsense_zoft_chand_splink^nonsense^invalid,nonsense_zoft_chand_splink,1,False,False,True,1.2956238,6.56613,0.5,0.1,-1.7915354,-4.666389,-1.4606084799999999,-1.5382341999999998,194.10318862,0,2.26498317,2.26498317,1.0,11.259129617344207,27,282.5716896,21,0.0,105.563654552,20,21.558665811387367,82.88390141851642,20
invalid,valid,gpt2-xl,nonsense_zoft_chand_splink^nonsense^invalid,nonsense_zoft_chand_splink,2,False,False,True,1.3664267,6.5704956,0.5,0.1111111111111111,-1.5443442,-4.567798,-1.13973816,-1.5112541999999998,196.27901199000001,0,2.17325401,2.17325401,1.0,11.443334825695946,27,273.35690719999997,21,0.0,95.75853009000001,20,22.36704927790947,75.1966899662351,20
invalid,valid,gpt2-xl,nonsense_dask_flump_fect^nonsense^invalid,nonsense_dask_flump_fect,1,False,False,False,1.5275726,6.6367116,0.5,0.09090909090909091,-1.6034615,-4.834913,-1.17370897,-1.7230399000000003,199.13971017999998,0,2.25148773,2.25148773,1.0,11.177675137359472,27,278.9248586,21,0.0,100.46848347600002,20,25.719688536309423,77.49428678521981,20
invalid,valid,gpt2-xl,nonsense_dask_flump_fect^nonsense^invalid,nonsense_dask_flump_fect,2,False,False,False,1.4223607,6.5620146,0.5,0.07692307692307693,-1.6042291,-4.870676,-1.1988363,-1.7876388999999997,197.473931,0,2.31387996,2.31387996,1.0,11.166783871947615,23,279.3858054,21,0.0,101.830091542,20,25.97116091111016,78.39576427395305,20
valid,invalid,gpt2-xl,nonsense_hap_thrum_zid^nonsense^valid,nonsense_hap_thrum_zid,1,True,False,False,1.3973793,6.627675,1.0,0.3333333333333333,-0.42244962,-3.0445015,1.0904750799999998,1.4673698000000002,198.17237002000002,0,0.0,0.0,0.020833333333333332,25.150993395304873,23,178.39889737599998,23,97.074379724,0.0,23,75.6721046051235,24.270476989576153,23
valid,invalid,gpt2-xl,nonsense_hap_thrum_zid^nonsense^valid,nonsense_hap_thrum_zid,2,True,False,False,1.325727,6.60381,1.0,0.3333333333333333,-0.35005894,-3.067558,1.37554266,1.4387553000000004,195.25901299999998,0,0.0,0.0,0.020833333333333332,25.161300733465016,23,177.290731946,23,105.25803495399997,0.0,23,82.19940052099717,23.77066151703607,23
valid,invalid,gpt2-xl,nonsense_teft_yact_jund^nonsense^valid,nonsense_teft_yact_jund,1,True,False,True,1.4253726,6.687768,1.0,0.5,-0.35682675,-3.105013,1.43699455,1.6490873000000001,194.45763261000002,0,0.0,0.0,0.020833333333333332,25.35464941290452,23,178.11705637199998,23,113.86782092799997,0.0,23,84.81406835528388,22.421666198782976,23
valid,invalid,gpt2-xl,nonsense_teft_yact_jund^nonsense^valid,nonsense_teft_yact_jund,2,True,False,True,1.3796175,6.691342,1.0,0.3333333333333333,-0.3503236,-3.3204658,1.4308995999999998,1.4500951999999998,195.22549174,0,0.0,0.0,0.020833333333333332,25.117466636321204,23,179.837542166,23,110.73406623400001,0.0,23,85.78494232650097,24.304367101876373,23
invalid,valid,gpt2-xl,nonsense_troff_plam_sphob^nonsense^invalid,nonsense_troff_plam_sphob,1,False,False,True,1.2450801,6.7584476,0.5,0.1,-2.078455,-4.7416644,-1.80377963,-1.6593137000000002,192.93729617999998,0,2.21398046,2.21398046,1.0,11.241392063002861,27,294.19807789999993,21,0.0,116.168580993,20,22.13830602416108,89.5907864045942,40
invalid,valid,gpt2-xl,nonsense_troff_plam_sphob^nonsense^invalid,nonsense_troff_plam_sphob,2,False,False,True,1.3474207,6.736722,0.5,0.09090909090909091,-2.060748,-4.791173,-1.7600124,-1.6133267999999998,193.95318119,0,2.2832164300000004,2.2832164300000004,1.0,11.23433703255375,27,293.4793609,21,0.0,114.43831777199996,20,23.49664609951916,89.87197530002133,40
valid,invalid,gpt2-xl,nonsense_zeff_zaff_zom^nonsense^valid,nonsense_zeff_zaff_zom,1,True,False,False,1.2155454,6.7664175,1.0,0.3333333333333333,-0.30912152,-3.3623462,1.50579738,1.5248197999999995,194.56110873000003,0,0.0,0.0,0.020833333333333332,25.136880757371024,23,178.56364681,23,113.53211209,0.0,23,85.38425528281769,24.104333185515543,23
valid,invalid,gpt2-xl,nonsense_zeff_zaff_zom^nonsense^valid,nonsense_zeff_zaff_zom,2,True,False,False,1.2100048,6.764735,1.0,0.3333333333333333,-0.30544028,-3.3186681,1.52533062,1.5807259,194.14714550999997,0,0.0,0.0,0.020833333333333332,25.11046036108184,23,178.263454353,23,114.59184164700002,0.0,23,85.87750183184254,24.282076982398113,23
invalid,valid,gpt2-xl,nonsense_yuft_yab_sunt^nonsense^invalid,nonsense_yuft_yab_sunt,1,False,False,False,1.263102,6.767476,0.5,0.07692307692307693,-1.9813871,-4.830263,-1.68801214,-1.3542765000000005,197.70710896,0,2.31079752,2.31079752,1.0,11.080963999377706,27,293.9884594,21,0.0,114.27955183399997,21,24.140499143341653,87.32189453972475,21
invalid,valid,gpt2-xl,nonsense_yuft_yab_sunt^nonsense^invalid,nonsense_yuft_yab_sunt,2,False,False,False,1.2895316,6.8110585,0.5,0.07692307692307693,-1.8887879,-4.806104,-1.57656003,-1.3556536000000006,197.91013135,0,2.4168960339999996,2.4168960339999996,1.0,11.16468166027563,27,292.29327280000007,21,0.0,112.69036325600001,21,23.757134949621836,85.38188171982353,21
invalid,valid,gpt2-xl,nonsense_plig_prash_lupt^nonsense^invalid,nonsense_plig_prash_lupt,1,False,False,True,1.4039907,6.760987,0.5,0.08333333333333333,-1.8294594,-4.7827196,-1.4805669,-1.5644356,194.72879888,0,2.54922576,2.54922576,1.0,11.222231728121162,23,289.98175319999996,21,0.0,113.534494766,20,26.118806463359338,86.40702101236711,20
invalid,valid,gpt2-xl,nonsense_plig_prash_lupt^nonsense^invalid,nonsense_plig_prash_lupt,2,False,False,True,1.3436289,6.7134504,0.5,0.1,-1.7655455,-4.568151,-1.41934113,-1.3107730000000002,194.73409133,0,2.3550529239999998,2.3550529239999998,1.0,11.245818105112196,27,286.1802732,22,0.0,108.51020773300002,20,26.89560508160738,84.27291795112261,20
valid,invalid,gpt2-xl,nonsense_thrag_ont_vept^nonsense^valid,nonsense_thrag_ont_vept,1,True,False,True,1.2052001,6.641492,1.0,0.3333333333333333,-0.31016165,-3.2027802,1.46508785,1.4464688000000003,192.41328911,0,0.0,0.0,0.020833333333333332,25.10429587350439,23,177.99936682599997,23,113.34069737399999,0.0,23,83.32191587126692,22.91994310061817,23
valid,invalid,gpt2-xl,nonsense_thrag_ont_vept^nonsense^valid,nonsense_thrag_ont_vept,2,True,False,True,1.2344497,6.750243,1.0,0.3333333333333333,-0.28704703,-3.151091,1.65994837,1.4724810000000002,192.74726567,0,0.0,0.0,0.020833333333333332,25.158540512431152,23,176.923082115,23,116.144368585,0.0,23,86.0404737273045,22.448781879534643,23
invalid,valid,gpt2-xl,nonsense_blep_jict_zamp^nonsense^invalid,nonsense_blep_jict_zamp,1,False,False,False,1.2533123,6.707206,0.5,0.08333333333333333,-1.8622602,-4.7572193,-1.5530195,-1.5270715,194.24379063,0,2.44762411,2.44762411,1.0,11.090241698446057,27,291.7675723,21,0.0,114.380809641,20,23.755093693454754,86.6064007674922,21
invalid,valid,gpt2-xl,nonsense_blep_jict_zamp^nonsense^invalid,nonsense_blep_jict_zamp,2,False,False,False,1.2559686,6.701729,0.5,0.08333333333333333,-1.8301176,-4.7482195,-1.5138645,-1.5153399000000003,194.47724327,0,2.4122105800000004,2.4122105800000004,1.0,11.175062965429307,27,289.5930536999999,21,0.0,112.456984497,20,24.471247464261562,85.27723612098266,20
valid,invalid,gpt2-xl,nonsense_gapt_prash_glemp^nonsense^valid,nonsense_gapt_prash_glemp,1,True,False,False,1.343774,6.68142,1.0,0.3333333333333333,-0.3699464,-3.3458602,1.2670507,1.3983978000000001,195.55338049000002,0,0.0,0.0,0.020833333333333332,24.99297058992267,23,179.347280226,23,107.29889467399998,0.0,23,78.72161647977514,25.427753248183194,23
valid,invalid,gpt2-xl,nonsense_gapt_prash_glemp^nonsense^valid,nonsense_gapt_prash_glemp,2,True,False,False,1.253548,6.7171793,1.0,0.3333333333333333,-0.31627995,-3.4129386,1.5078524500000001,1.4838554,193.71175578999998,0,0.0,0.0,0.020833333333333332,24.987630677953,23,179.05115070099998,23,113.194433599,0.0,23,83.37106442820694,24.666781783075365,23
valid,invalid,gpt2-xl,nonsense_luft_noct_vosk^nonsense^valid,nonsense_luft_noct_vosk,1,True,False,False,1.2760506,6.6550703,1.0,0.3333333333333333,-0.33650064,-3.251607,1.40581326,1.5345106,193.67278098,0,0.0,0.0,0.020833333333333332,25.155756867465627,23,177.62952908,23,110.12421332000001,0.0,23,82.58114265110521,24.336999973685508,23
valid,invalid,gpt2-xl,nonsense_luft_noct_vosk^nonsense^valid,nonsense_luft_noct_vosk,2,True,False,False,1.2738873,6.7119274,1.0,0.3333333333333333,-0.33546883,-3.221224,1.40647787,1.4623599999999999,194.47694237000002,0,0.0,0.0,0.020833333333333332,25.09084675138975,23,177.69800545,23,108.64462915000001,0.0,23,81.6350642082394,24.595844506640372,23
invalid,valid,gpt2-xl,nonsense_wib_mact_boct^nonsense^invalid,nonsense_wib_mact_boct,1,False,False,False,1.2921231,6.669593,0.5,0.08333333333333333,-1.8156443,-4.789319,-1.4911338,-1.4562155999999997,194.84568465,0,2.4425076000000003,2.4425076000000003,1.0,11.166337515030424,27,291.6302743,21,0.0,112.39724569999998,20,25.159201284491903,83.72065695280759,20
invalid,valid,gpt2-xl,nonsense_wib_mact_boct^nonsense^invalid,nonsense_wib_mact_boct,2,False,False,False,1.3081266,6.6520805,0.5,0.07692307692307693,-1.8489709,-4.8745856,-1.5252152200000002,-1.5864785999999995,194.29017295,0,2.52447213,2.52447213,1.0,11.026902920838026,27,293.2281276,21,0.0,114.85069609000001,20,24.31190767883715,84.40708475155718,20
valid,invalid,gpt2-xl,nonsense_namp_clun_hamp^nonsense^valid,nonsense_namp_clun_hamp,1,True,False,True,1.346343,6.706115,1.0,0.3333333333333333,-0.36218673,-3.275496,1.32175157,1.5116725,195.33945806999998,0,0.0,0.0,0.020833333333333332,25.146536419133263,23,179.17265502200001,23,110.45883397799999,0.0,23,83.67783732469064,24.710973090913825,23
valid,invalid,gpt2-xl,nonsense_namp_clun_hamp^nonsense^valid,nonsense_namp_clun_hamp,2,True,False,True,1.2914554,6.75315,1.0,0.3333333333333333,-0.32310447,-3.2109222,1.5009937299999998,1.6322803999999995,194.35129796,0,0.0,0.0,0.020833333333333332,25.265780375134245,23,177.784793685,23,115.27893971500002,0.0,23,87.86786171754152,24.134956579881372,23
invalid,valid,gpt2-xl,nonsense_trunt_om_jemp^nonsense^invalid,nonsense_trunt_om_jemp,1,False,False,True,1.31885,6.6544456,0.5,0.1,-1.7586105,-4.6271687,-1.41829394,-1.5482187000000005,192.86916664999998,0,2.5619299050000004,2.5619299050000004,1.0,11.327546030386127,27,292.1985523,21,0.0,113.760256242,20,23.526148303420907,86.03622203752043,40
invalid,valid,gpt2-xl,nonsense_trunt_om_jemp^nonsense^invalid,nonsense_trunt_om_jemp,2,False,False,True,1.3963089,6.648138,0.5,0.09090909090909091,-1.6849207,-4.7449927,-1.3125487,-1.657969,193.71638198,0,2.6648603900000003,2.6648603900000003,1.0,11.181439868597067,27,291.3372539,21,0.0,112.756074773,20,23.410935341156744,83.62727804951065,40
valid,invalid,gpt2-xl,nonsense_vesk_foff_strod^nonsense^valid,nonsense_vesk_foff_strod,1,True,False,True,1.2322952,6.750069,1.0,0.3333333333333333,-0.2993315,-3.2481642,1.5865688000000002,1.5780137999999995,193.11979765,0,0.0,0.0,0.020833333333333332,25.140975549707164,23,180.747874647,23,114.80133855300001,0.0,23,88.9142063645131,24.149117836687342,23
valid,invalid,gpt2-xl,nonsense_vesk_foff_strod^nonsense^valid,nonsense_vesk_foff_strod,2,True,False,True,1.250866,6.797448,1.0,0.3333333333333333,-0.28136742,-3.2402225,1.7580555800000002,1.7280750000000005,193.10140536,0,0.0,0.0,0.020833333333333332,25.123810638499712,23,180.31946718400002,23,120.41346451599999,0.0,23,93.17668996703541,23.355404508020122,23
invalid,valid,gpt2-xl,nonsense_yob_broft_jank^nonsense^invalid,nonsense_yob_broft_jank,1,False,False,True,1.353427,6.776923,0.5,0.09090909090909091,-1.74121,-4.788542,-1.39476018,-1.6910156999999995,196.07398304,0,2.49438284,2.49438284,1.0,11.180372111664443,27,289.72360660000004,21,0.0,111.01941985900002,20,22.65685008103971,82.2054958614491,40
invalid,valid,gpt2-xl,nonsense_yob_broft_jank^nonsense^invalid,nonsense_yob_broft_jank,2,False,False,True,1.371819,6.7761617,0.5,0.09090909090909091,-1.7438055,-4.734088,-1.39403153,-1.6127997,196.69040961000002,0,2.3323525700000003,2.3323525700000003,1.0,11.183257087177903,27,287.1784572,21,0.0,108.31483720500002,20,22.745143766866274,80.80849323335158,40
valid,invalid,gpt2-xl,nonsense_shrad_splect_dring^nonsense^valid,nonsense_shrad_splect_dring,1,True,False,False,1.2491963,6.6524487,1.0,0.3333333333333333,-0.3114384,-3.545576,1.5253487,1.5505349999999996,195.10079525999998,0,0.0,0.0,0.020833333333333332,24.925222040619218,23,180.55581442300002,23,114.440713477,0.0,23,83.9634338110945,23.76257551770871,23
valid,invalid,gpt2-xl,nonsense_shrad_splect_dring^nonsense^valid,nonsense_shrad_splect_dring,2,True,False,False,1.187787,6.6714787,1.0,0.3333333333333333,-0.28858775,-3.4757566,1.61106875,1.6971083999999999,192.7012219,0,0.0,0.0,0.020833333333333332,24.941713318335637,23,179.545027526,23,120.446997274,0.0,23,85.89445302035914,21.79627305313977,23
invalid,valid,gpt2-xl,nonsense_blit_slipe_bruss^nonsense^invalid,nonsense_blit_slipe_bruss,1,False,False,False,1.3709588,6.608193,0.5,0.09090909090909091,-1.7143805,-4.654478,-1.3543415300000001,-1.449878,193.16438723,0,2.6846264250000003,2.6846264250000003,1.0,11.181682358535134,27,290.79157399999997,21,0.0,113.054025494,20,24.184368280670093,83.51032387449395,20
invalid,valid,gpt2-xl,nonsense_blit_slipe_bruss^nonsense^invalid,nonsense_blit_slipe_bruss,2,False,False,False,1.3732226,6.6746693,0.5,0.07142857142857142,-1.7245666,-4.8402987,-1.3661289699999999,-1.5025981000000002,194.04769233,0,2.6553259440000003,2.6553259440000003,1.0,11.071972403402185,27,291.8391473,21,0.0,112.62019969599997,20,24.827732673930946,84.05245795448936,20
valid,invalid,gpt2-xl,nonsense_sneb_jing_omp^nonsense^valid,nonsense_sneb_jing_omp,1,True,False,True,1.4154941,6.5246935,1.0,0.3333333333333333,-0.37661704,-3.1078868,1.33334926,1.5762849,195.22379173000002,0,0.0,0.0,0.020833333333333332,25.25922972385603,23,177.66884271599997,23,104.35525228400002,0.0,23,82.79966306030671,24.025253306535642,23
valid,invalid,gpt2-xl,nonsense_sneb_jing_omp^nonsense^valid,nonsense_sneb_jing_omp,2,True,False,True,1.4674051,6.582836,1.0,0.3333333333333333,-0.4492532,-3.1733444,1.0412836,1.4599056000000004,199.29230855,0,0.0,0.0,0.020833333333333332,25.119378038824664,23,179.76694398499998,23,94.10656171500001,0.0,23,75.95925597306265,25.68481374718745,23
invalid,valid,gpt2-xl,nonsense_blim_phrint_yemp^nonsense^invalid,nonsense_blim_phrint_yemp,1,False,False,True,1.3427674,6.535646,0.5,0.09090909090909091,-1.9429681,-4.7371874,-1.6301030500000002,-1.4273368999999998,194.51974156,0,2.2312660799999997,2.2312660799999997,1.0,11.19652525587313,27,285.63126489999996,22,0.0,106.48082384899999,20,23.697863499386173,84.02938330303618,20
invalid,valid,gpt2-xl,nonsense_blim_phrint_yemp^nonsense^invalid,nonsense_blim_phrint_yemp,2,False,False,True,1.3865907,6.5937824,0.5,0.1111111111111111,-1.7235017,-4.392489,-1.3593168699999998,-1.3337365,196.33462781000003,0,2.19244106,2.19244106,1.0,11.233354720972432,27,277.7239625,21,0.0,99.879236645,20,25.348515318521386,79.1688819971864,20
valid,invalid,gpt2-xl,nonsense_splack_zoct_spuff^nonsense^valid,nonsense_splack_zoct_spuff,1,True,False,False,1.2582309,6.601488,1.0,0.3333333333333333,-0.310353,-3.1855571,1.5526953,1.4589912999999997,192.93016054,0,0.0,0.0,0.020833333333333332,25.171480945116123,23,176.44775173099998,23,108.01226006900002,0.0,23,85.54571324240771,23.3528352361349,23
valid,invalid,gpt2-xl,nonsense_splack_zoct_spuff^nonsense^valid,nonsense_splack_zoct_spuff,2,True,False,False,1.2964737,6.6384716,1.0,0.3333333333333333,-0.34771788,-3.1228628,1.37923912,1.4850526000000004,195.27694422000002,0,0.0,0.0,0.020833333333333332,25.2147819102835,23,176.52387508,23,100.82916192000002,0.0,23,80.2800387928559,23.202869837049978,23
invalid,valid,gpt2-xl,nonsense_threck_crand_grosp^nonsense^invalid,nonsense_threck_crand_grosp,1,False,False,False,1.3920114,6.5094495,0.5,0.1,-1.5213354,-4.6255417,-1.1069375,-1.5250316000000002,196.06839543,0,2.31503856,2.31503856,1.0,11.339203717548596,27,276.1661701,21,0.0,97.866159349,20,23.220446084403385,75.99336727202386,20
invalid,valid,gpt2-xl,nonsense_threck_crand_grosp^nonsense^invalid,nonsense_threck_crand_grosp,2,False,False,False,1.384057,6.4329286,0.5,0.09090909090909091,-1.6195347,-4.745242,-1.2340612,-1.5915867000000001,193.31878651000002,0,2.58982754,2.58982754,1.0,11.192420292636356,27,283.4126097,21,0.0,105.39272888099998,20,23.10582739270322,81.3034956675006,20
valid,invalid,gpt2,librarians_happy_healthy^consistent^valid,librarians_happy_healthy,1,True,True,True,6.4755874,6.2003155,0.08333333333333333,0.009433962264150943,-4.393738,-6.5186787,2.1154400000000004,1.6547273000000002,68.4594433,8,0.0,0.0,0.08333333333333333,4.202741515257374,6,60.47573737999999,6,26.396149719999997,0.0,6,9.101921293795638,0.0,5
valid,invalid,gpt2,librarians_happy_healthy^consistent^valid,librarians_happy_healthy,2,True,True,True,6.4221973,6.226845,0.08333333333333333,0.009523809523809525,-4.3793287,-6.475999,2.2317658,1.6958780000000004,68.7590984,8,0.0,0.0,0.08333333333333333,4.202814628453489,6,60.50353005000001,6,27.275732950000005,0.0,6,12.194111657305308,0.0,5
invalid,valid,gpt2,librarians_happy_healthy^consistent^invalid,librarians_happy_healthy,1,False,True,True,6.4616528,6.193766,0.012987012987012988,0.002457002457002457,-6.581808,-8.15238,-2.160652,-1.6712012000000005,68.8937775,8,0.9437561000000003,0.9437561000000003,1.0,0.7705538957310735,8,87.35807120000001,0,0.0,26.584517860000002,0,2.051071048054001e-15,10.042803662442772,2
invalid,valid,gpt2,librarians_happy_healthy^consistent^invalid,librarians_happy_healthy,2,False,True,True,6.451331,6.222681,0.013333333333333334,0.002421307506053269,-6.5389495,-8.160092,-2.2040785000000005,-1.6882435000000005,68.2361809,8,0.9777316999999996,0.9777316999999996,1.0,0.8054741728261545,8,87.0123267,0,0.0,27.016710440000004,0,2.0442513847973706e-15,10.859159121067012,2
valid,invalid,gpt2,librarians_happy_healthy^violate^valid,librarians_happy_healthy,1,True,True,False,6.520059,6.245052,0.08333333333333333,0.01,-4.4300914,-6.412913,2.0574721999999994,1.717454,69.2287987,8,0.0,0.0,0.08333333333333333,4.212795525494397,6,60.4098121,6,26.0966822,0.0,6,11.061600043946296,0.0,5
valid,invalid,gpt2,librarians_happy_healthy^violate^valid,librarians_happy_healthy,2,True,True,False,6.5410748,6.249031,0.07692307692307693,0.01,-4.4573116,-6.418208,1.9496079000000002,1.7094330000000006,69.0353554,8,0.0,0.0,0.08333333333333333,4.206436412512677,6,60.33851099999999,6,25.409360000000003,0.0,6,10.611733012310717,0.0,5
invalid,valid,gpt2,librarians_happy_healthy^violate^invalid,librarians_happy_healthy,1,False,True,False,6.4972754,6.249819,0.014925373134328358,0.0024875621890547263,-6.471458,-8.124207,-1.9885254000000003,-1.7052994000000004,69.07772700000001,8,0.8958738999999993,0.8958738999999993,1.0,0.8338904786225074,8,86.14868680000002,0,0.0,25.6468371,0,1.8839606209708257e-15,10.57351559878019,2
invalid,valid,gpt2,librarians_happy_healthy^violate^invalid,librarians_happy_healthy,2,False,True,False,6.539586,6.2516437,0.01639344262295082,0.002506265664160401,-6.436998,-8.112524,-1.9509889999999999,-1.703996000000001,69.1731989,8,0.8718091000000001,0.8718091000000001,1.0,0.8496837916557696,8,85.6967779,0,0.0,25.251579130000003,0,1.844433025739171e-15,10.256969838577785,2
valid,invalid,gpt2,computers_electronics_expensive^consistent^valid,computers_electronics_expensive,1,True,True,True,6.398678,6.187041,0.06666666666666667,0.009523809523809525,-4.604938,-6.42764,1.8743134000000001,1.4032364,70.2422187,8,0.0,0.0,0.08333333333333333,4.188125358761058,6,61.45638226,6,22.549683239999993,0.0,6,4.028367457989052,0.0,0
valid,invalid,gpt2,computers_electronics_expensive^consistent^valid,computers_electronics_expensive,2,True,True,True,6.435149,6.1700954,0.06666666666666667,0.009433962264150943,-4.701247,-6.453166,1.8275378,1.3824433999999997,70.8361729,8,0.0,0.0,0.08333333333333333,4.174174050016245,6,61.94549146,6,21.99123334,0.0,6,4.953216491113068,0.0,0
invalid,valid,gpt2,computers_electronics_expensive^consistent^invalid,computers_electronics_expensive,1,False,True,True,6.4407196,6.207882,0.015873015873015872,0.003076923076923077,-6.4249096,-7.856557,-1.9883499000000002,-1.3717709999999999,70.2999432,8,0.5729103999999996,0.5729103999999996,1.0,0.8226387635041581,8,84.39216429999999,0,0.0,23.187445499999992,0,1.8246895644345746e-15,6.226572925539237,6
invalid,valid,gpt2,computers_electronics_expensive^consistent^invalid,computers_electronics_expensive,2,False,True,True,6.457076,6.1961613,0.014492753623188406,0.0031645569620253164,-6.4856663,-7.832122,-1.9745863000000003,-1.3424712999999997,70.38424169999999,8,0.5690786999999986,0.5466310999999999,1.0,0.8221916146447521,8,84.03652100000001,0,0.0,22.9030372,0,1.8335549522094833e-15,8.179397755185057,6
valid,invalid,gpt2,computers_electronics_expensive^violate^valid,computers_electronics_expensive,1,True,True,False,6.5655236,6.1760044,0.05555555555555555,0.009433962264150943,-4.877474,-6.450435,1.5291365,1.3484639999999999,72.06176060000001,8,0.0,0.0,0.08333333333333333,4.163850453611978,6,62.846044600000006,6,20.3754743,0.0,6,7.254844424350194,0.0,0
valid,invalid,gpt2,computers_electronics_expensive^violate^valid,computers_electronics_expensive,2,True,True,False,6.432658,6.185489,0.07142857142857142,0.009523809523809525,-4.548094,-6.4557467,1.7980802000000002,1.3869047000000005,70.1087887,8,0.0,0.0,0.08333333333333333,4.19325625624828,6,61.14472239999999,6,22.317620899999998,0.0,6,8.136344665137482,0.0,5
invalid,valid,gpt2,computers_electronics_expensive^violate^invalid,computers_electronics_expensive,1,False,True,False,6.469532,6.182465,0.017543859649122806,0.0030303030303030303,-6.345269,-7.8599873,-1.8199230000000002,-1.3734799000000004,70.3529251,8,0.7347109999999999,0.5989423,1.0,0.8135705354702977,8,83.79238959999999,0,0.0,22.53153825,0,1.4469301544358826e-15,9.063331976473847,6
invalid,valid,gpt2,computers_electronics_expensive^violate^invalid,computers_electronics_expensive,2,False,True,False,6.575266,6.178526,0.015625,0.003236245954692557,-6.4040713,-7.800832,-1.5074157000000001,-1.3504253999999998,72.1890976,8,1.0447522999999999,0.5589597999999998,1.0,0.8236908572934057,8,83.33180680000001,0,0.0,20.3899948,0,1.1777823993068425e-15,7.545192209280408,6
valid,invalid,gpt2,plants_trees_tall^consistent^valid,plants_trees_tall,1,True,True,True,6.352147,6.287932,0.07142857142857142,0.01020408163265306,-4.581236,-6.40082,1.9673766000000006,1.4820973999999998,68.98034069999999,8,0.0,0.0,0.08333333333333333,4.193526066050772,6,60.59056199999999,6,23.801729400000006,0.0,6,3.7105107622105677,0.0,0
valid,invalid,gpt2,plants_trees_tall^consistent^valid,plants_trees_tall,2,True,True,True,6.375512,6.2926245,0.06666666666666667,0.010309278350515464,-4.5682044,-6.3810368,2.0044250999999997,1.4803127999999992,68.60913919999999,8,0.0,0.0,0.08333333333333333,4.1816339182204345,6,60.0770358,6,24.048737999999997,0.0,6,3.996453189947029,0.0,0
invalid,valid,gpt2,plants_trees_tall^consistent^invalid,plants_trees_tall,1,False,True,True,6.3649693,6.309081,0.013888888888888888,0.002824858757062147,-6.557102,-7.924185,-2.048698000000001,-1.4761754999999992,68.9641458,8,0.8556787999999997,0.8556787999999997,1.0,0.8193676003065936,8,85.26528640000001,0,0.0,24.64278202,0,2.0851259819270274e-15,4.375475162452161,7
invalid,valid,gpt2,plants_trees_tall^consistent^invalid,plants_trees_tall,2,False,True,True,6.376134,6.306017,0.013513513513513514,0.0028735632183908046,-6.5747504,-7.8746333,-2.0444944000000005,-1.4638100000000005,68.7097593,8,0.8172455999999988,0.8172455999999988,1.0,0.8499120281121524,8,84.5451035,0,0.0,24.363857030000002,0,2.0448379996308643e-15,6.587816767286596,7
valid,invalid,gpt2,plants_trees_tall^violate^valid,plants_trees_tall,1,True,True,False,6.42496,6.3231483,0.06666666666666667,0.01020408163265306,-4.653397,-6.381404,1.9127729999999996,1.4086694,69.2945799,8,0.0,0.0,0.08333333333333333,4.169653814834832,6,60.57429956,6,23.15891154,0.0,6,5.273964629286796,0.0,0
valid,invalid,gpt2,plants_trees_tall^violate^valid,plants_trees_tall,2,True,True,False,6.4039645,6.3255258,0.07142857142857142,0.01020408163265306,-4.586955,-6.408891,1.9427340000000006,1.4539240000000007,68.8926528,8,0.0,0.0,0.08333333333333333,4.185989198481219,6,60.46375917,6,23.811781330000002,0.0,7,3.7582756170405704,0.0,0
invalid,valid,gpt2,plants_trees_tall^violate^invalid,plants_trees_tall,1,False,True,False,6.3805733,6.284704,0.013333333333333334,0.002849002849002849,-6.6346054,-7.8860264,-1.9405213999999997,-1.4774599000000004,68.9638475,8,0.8075672999999997,0.8075672999999997,1.0,0.8297645018669784,8,84.39671229999999,0,0.0,23.793425499999998,0,1.9216238358361748e-15,5.23929530605131,7
invalid,valid,gpt2,plants_trees_tall^violate^invalid,plants_trees_tall,2,False,True,False,6.391809,6.2834907,0.014492753623188406,0.0028011204481792717,-6.529448,-7.923457,-1.9493713000000001,-1.4900200000000003,68.3554979,8,0.8301828000000002,0.8301828000000002,1.0,0.8306075763923342,8,84.37583190000001,0,0.0,24.18169793,0,1.9234722155515124e-15,5.009542045225208,7
valid,invalid,gpt2,flowers_animals_reptiles^consistent^valid,flowers_animals_reptiles,1,True,True,True,6.515032,6.3082237,0.07142857142857142,0.010101010101010102,-4.485034,-6.3980875,1.546875,1.4374846999999997,68.55507870000001,8,0.0,0.0,0.08333333333333333,4.205373703657612,6,59.2280573,6,21.7368062,0.0,6,8.052908066427012,0.0,0
valid,invalid,gpt2,flowers_animals_reptiles^consistent^valid,flowers_animals_reptiles,2,True,True,True,6.466444,6.2912717,0.07142857142857142,0.010309278350515464,-4.56705,-6.366371,1.6330795,1.4690972999999996,68.9056188,8,0.0,0.0,0.08333333333333333,4.205457810351862,6,59.47828466,6,22.22918184,0.0,6,7.839539055784732,0.0,0
invalid,valid,gpt2,flowers_animals_reptiles^consistent^invalid,flowers_animals_reptiles,1,False,True,True,6.5379534,6.321351,0.022222222222222223,0.003134796238244514,-5.996255,-7.79451,-1.4927599999999996,-1.4071103000000003,68.78667940000001,8,0.9810140000000009,0.7189957000000002,1.0,0.94550779152553,8,80.62861020000001,0,0.0,21.18487086,0,1.1982712019025367e-15,7.971588082448757,6
invalid,valid,gpt2,flowers_animals_reptiles^consistent^invalid,flowers_animals_reptiles,2,False,True,True,6.463791,6.3003273,0.018867924528301886,0.003067484662576687,-6.21325,-7.8037224,-1.6363980000000007,-1.4413504000000001,69.110582,8,0.8358919999999985,0.6396490999999997,1.0,0.9158108885723895,8,81.8042722,0,0.0,22.15795436,0,1.5104246705406785e-15,7.960255047765269,2
valid,invalid,gpt2,flowers_animals_reptiles^violate^valid,flowers_animals_reptiles,1,True,True,False,6.476218,6.290805,0.07142857142857142,0.010309278350515464,-4.5351734,-6.3800626,1.6478196,1.4517354000000005,69.0951307,8,0.0,0.0,0.08333333333333333,4.205167156036614,6,59.70290795999999,6,22.256147640000002,0.0,6,8.693303382797666,0.0,0
valid,invalid,gpt2,flowers_animals_reptiles^violate^valid,flowers_animals_reptiles,2,True,True,False,6.4906483,6.3075924,0.07142857142857142,0.010101010101010102,-4.4887333,-6.3953514,1.5445633,1.4351729999999998,68.7316209,8,0.0,0.0,0.08333333333333333,4.205037392909922,6,59.42942044,6,21.764414760000005,0.0,6,8.725603547384658,0.0,0
invalid,valid,gpt2,flowers_animals_reptiles^violate^invalid,flowers_animals_reptiles,1,False,True,False,6.527237,6.287781,0.02,0.003105590062111801,-6.13362,-7.817622,-1.6011354999999998,-1.4404310000000002,69.0898373,8,0.8712675000000001,0.6898058000000002,1.0,0.9168303956454118,8,81.6292965,0,0.0,21.96904705,0,1.5370394307510298e-15,8.636397213700441,2
invalid,valid,gpt2,flowers_animals_reptiles^violate^invalid,flowers_animals_reptiles,2,False,True,False,6.496708,6.3116083,0.02127659574468085,0.003048780487804878,-6.064722,-7.825162,-1.5690609999999996,-1.4356374999999995,68.57325420000001,8,0.9004580000000004,0.7766860000000002,1.0,0.9185347919638515,8,81.2601845,0,0.0,21.943406599999996,0,1.5447506193106026e-15,8.453748113707082,2
valid,invalid,gpt2,gems_diamonds_transparent^consistent^valid,gems_diamonds_transparent,1,True,True,True,6.431618,6.304462,0.07142857142857142,0.012987012987012988,-4.504116,-6.148609,1.8737260000000004,1.4914269999999998,69.149449,8,0.0,0.0,0.08333333333333333,4.2333213650800054,6,59.2775202,6,22.979767400000004,0.0,6,4.128677968969344,0.0,0
valid,invalid,gpt2,gems_diamonds_transparent^consistent^valid,gems_diamonds_transparent,2,True,True,True,6.4507647,6.288172,0.07142857142857142,0.013157894736842105,-4.490307,-6.1382627,1.9022597,1.4747209999999997,68.5450132,8,0.0,0.0,0.08333333333333333,4.2337908056093445,6,58.67030083,6,23.346537670000004,0.0,6,4.0676769806581925,0.0,0
invalid,valid,gpt2,gems_diamonds_transparent^consistent^invalid,gems_diamonds_transparent,1,False,True,True,6.4308124,6.297125,0.016666666666666666,0.003484320557491289,-6.4018974,-7.662583,-1.8938598000000004,-1.4927745999999997,69.25969309999999,8,0.6498756999999995,0.6498756999999995,1.0,0.863364192437603,8,82.5245353,0,0.0,23.142691430000006,0,1.973241476485849e-15,4.14974802147691,7
invalid,valid,gpt2,gems_diamonds_transparent^consistent^invalid,gems_diamonds_transparent,2,False,True,True,6.50502,6.2780647,0.01020408163265306,0.0035335689045936395,-6.814661,-7.684036,-2.1240769999999998,-1.3956429999999997,70.6623199,8,0.5282589,0.5282589,1.0,0.829921122591672,8,83.5692736,0,0.0,23.4054055,0,2.08839761438448e-15,4.037385872046019,7
valid,invalid,gpt2,gems_diamonds_transparent^violate^valid,gems_diamonds_transparent,1,True,True,False,6.5609784,6.2633343,0.07142857142857142,0.011235955056179775,-4.525421,-6.297058,1.7540437000000004,1.394635,70.6812619,8,0.0,0.0,0.08333333333333333,4.191053129432055,6,60.334179500000005,6,21.471605500000006,0.0,9,3.4855246471258337,0.0,0
valid,invalid,gpt2,gems_diamonds_transparent^violate^valid,gems_diamonds_transparent,2,True,True,False,6.5797954,6.251479,0.06666666666666667,0.010638297872340425,-4.769065,-6.356606,1.8357389999999993,1.3960594999999998,71.9988252,8,0.0,0.0,0.08333333333333333,4.168802407037531,6,61.47548813,6,21.68253067,0.0,6,5.635437749890054,0.0,0
invalid,valid,gpt2,gems_diamonds_transparent^violate^invalid,gems_diamonds_transparent,1,False,True,False,6.5147667,6.2298985,0.017543859649122806,0.003278688524590164,-6.3869185,-7.7636557,-1.8323822000000005,-1.4881447000000003,70.428913,8,0.6972448000000009,0.5006485999999994,1.0,0.8421045288937141,8,82.63665689999999,0,0.0,22.360426500000003,0,1.7996939255801898e-15,3.726395066477351,5
invalid,valid,gpt2,gems_diamonds_transparent^violate^invalid,gems_diamonds_transparent,2,False,True,False,6.573593,6.2166677,0.011904761904761904,0.003134796238244514,-6.6538925,-7.815526,-1.9406585000000005,-1.4508552000000003,71.25187919999999,8,0.5845124999999998,0.48704759999999947,1.0,0.8441760961413906,8,83.5274538,0,0.0,22.784246559999996,0,1.6388139455239933e-15,4.761938751117772,7
valid,invalid,gpt2,guns_weapons_dangerous^consistent^valid,guns_weapons_dangerous,1,True,True,True,6.434058,6.244646,0.05555555555555555,0.01020408163265306,-4.883582,-6.3911896,1.8429567000000002,1.5122689999999999,70.76756220000001,8,0.0,0.0,0.08333333333333333,4.187065402430305,6,62.275285399999994,6,23.4131646,0.0,6,5.061174800636752,0.0,0
valid,invalid,gpt2,guns_weapons_dangerous^consistent^valid,guns_weapons_dangerous,2,True,True,True,6.4580946,6.2307873,0.05555555555555555,0.010526315789473684,-4.8872204,-6.3672166,1.8266448999999998,1.4812678999999997,70.9748853,8,0.0,0.0,0.08333333333333333,4.170805147588243,6,62.231321300000005,6,23.536269000000004,0.0,6,7.785796091961945,0.0,5
invalid,valid,gpt2,guns_weapons_dangerous^consistent^invalid,guns_weapons_dangerous,1,False,True,True,6.4346895,6.2488103,0.011363636363636364,0.002898550724637681,-6.7302265,-7.896103,-1.8465194999999994,-1.5090743,70.8207421,8,0.7372604999999997,0.6211738000000002,1.0,0.6348410053631706,8,85.74066280000001,0,0.0,23.459930469999996,0,1.4026503452206907e-15,4.748877442764245,6
invalid,valid,gpt2,guns_weapons_dangerous^consistent^invalid,guns_weapons_dangerous,2,False,True,True,6.4572616,6.2435436,0.010638297872340425,0.003003003003003003,-6.80023,-7.8649454,-1.8708419999999997,-1.4896697999999997,71.1514982,8,0.7069299999999998,0.6304091000000005,1.0,0.6217483538025038,8,86.05691589999999,0,0.0,23.561194299999997,0,1.4676380523968338e-15,7.582548309814767,6
valid,invalid,gpt2,guns_weapons_dangerous^violate^valid,guns_weapons_dangerous,1,True,True,False,6.472227,6.1729116,0.047619047619047616,0.00980392156862745,-5.001053,-6.4362154,1.8125990000000005,1.4982862,71.0718252,8,0.0,0.0,0.08333333333333333,4.1563116238223445,6,62.795003349999995,6,23.263920049999996,0.0,6,7.307996489356859,0.0,5
valid,invalid,gpt2,guns_weapons_dangerous^violate^valid,guns_weapons_dangerous,2,True,True,False,6.5344143,6.165991,0.04,0.009708737864077669,-5.277896,-6.4573307,1.7144392999999996,1.5125159999999997,71.93840449999999,8,0.0,0.0,0.08333333333333333,4.138294138832941,6,63.9298761,6,22.5545388,0.0,6,6.393769979344136,0.0,0
invalid,valid,gpt2,guns_weapons_dangerous^violate^invalid,guns_weapons_dangerous,1,False,True,False,6.428698,6.2122927,0.010869565217391304,0.0027472527472527475,-6.782988,-7.9609756,-1.866409,-1.543869,70.7604199,8,0.7110940000000001,0.6220971999999998,1.0,0.5301455857610655,8,86.16708080000002,0,0.0,23.736322469999998,0,1.4375310210751793e-15,6.441464701818216,6
invalid,valid,gpt2,guns_weapons_dangerous^violate^invalid,guns_weapons_dangerous,2,False,True,False,6.450301,6.193758,0.011235955056179775,0.0029154518950437317,-6.7658334,-7.89534,-1.8244324,-1.4970369999999997,70.9976555,8,0.7472605999999997,0.7040731,1.0,0.5927463787407562,8,86.16787910000001,0,0.0,23.5587163,0,1.47001064956839e-15,8.542330168271159,6
valid,invalid,gpt2,dragons_mythical_exist^consistent^valid,dragons_mythical_exist,1,True,True,True,6.389138,6.283451,0.06666666666666667,0.010869565217391304,-4.6263943,-6.3143187,1.7483062,1.6283959999999995,68.8967283,8,0.0,0.0,0.08333333333333333,4.224700904326758,6,59.80155067999999,6,23.94657172,0.0,5,6.542468106988028,0.0,0
valid,invalid,gpt2,dragons_mythical_exist^consistent^valid,dragons_mythical_exist,2,True,True,True,6.3902884,6.299927,0.07142857142857142,0.01098901098901099,-4.5890827,-6.291063,1.7568207000000005,1.616397,68.4498427,8,0.0,0.0,0.08333333333333333,4.229826396192334,6,59.31411223,6,24.21589197,0.0,6,7.7469329887122305,0.0,5
invalid,valid,gpt2,dragons_mythical_exist^consistent^invalid,dragons_mythical_exist,1,False,True,True,6.346297,6.272296,0.015384615384615385,0.00273224043715847,-6.4308596,-7.9703264,-1.8352965999999995,-1.6352644000000005,68.8676679,8,0.831344500000001,0.831344500000001,1.0,0.8884653384343976,8,84.1534026,0,0.0,24.172731980000002,0,1.6947241324238928e-15,7.7399467271030655,7
invalid,valid,gpt2,dragons_mythical_exist^consistent^invalid,dragons_mythical_exist,2,False,True,True,6.359873,6.2878904,0.015625,0.002849002849002849,-6.415246,-7.926801,-1.8220367,-1.6418680000000005,68.4886053,8,0.9446355999999998,0.9446355999999998,1.0,0.8819604613435172,8,84.01404419999999,0,0.0,24.502495429999996,0,1.4273608008598206e-15,8.0823920628902,6
invalid,valid,gpt2,dragons_mythical_exist^violate^invalid,dragons_mythical_exist,1,False,True,False,6.3992863,6.3245583,0.01694915254237288,0.0028011204481792717,-6.312746,-7.9250355,-1.8126829999999998,-1.554265,68.0933214,8,0.8927439000000001,0.8927439000000001,1.0,0.9112943885515824,8,83.2165583,0,0.0,23.92056263,0,1.4244123867134238e-15,9.331012006163146,7
invalid,valid,gpt2,dragons_mythical_exist^violate^invalid,dragons_mythical_exist,2,False,True,False,6.3938622,6.310823,0.015873015873015872,0.0028328611898017,-6.390152,-7.9152904,-1.8249892999999995,-1.5618793999999996,68.4780888,8,0.9513056000000009,0.9513056000000009,1.0,0.8989863687834202,8,83.8077831,0,0.0,24.311143559999998,0,1.4316904324897887e-15,10.189126477998284,6
valid,invalid,gpt2,dragons_mythical_exist^violate^valid,dragons_mythical_exist,1,True,True,False,6.4849024,6.2780323,0.07142857142857142,0.01098901098901099,-4.6210995,-6.302049,1.6957855000000004,1.5756549999999994,68.6737922,8,0.0,0.0,0.08333333333333333,4.247049559500908,6,59.46909913,6,23.27079817,0.0,6,9.134281306907512,0.0,5
valid,invalid,gpt2,dragons_mythical_exist^violate^valid,dragons_mythical_exist,2,True,True,False,6.390482,6.2902417,0.07142857142857142,0.01098901098901099,-4.571312,-6.30875,1.8455504999999999,1.600136,68.6714068,8,0.0,0.0,0.08333333333333333,4.229108220419072,6,59.68000249999999,6,24.183987700000003,0.0,5,7.932922310743773,0.0,5
valid,invalid,gpt2,politicians_dishonest_lie^consistent^valid,politicians_dishonest_lie,1,True,True,True,6.3430285,6.084995,0.06666666666666667,0.009433962264150943,-4.6470146,-6.5211306,2.0308227999999993,1.8792394000000003,68.8507345,8,0.0,0.0,0.08333333333333333,4.194796527270655,6,61.45700574999999,6,27.182417849999997,0.0,5,10.648086017850513,0.0,5
valid,invalid,gpt2,politicians_dishonest_lie^consistent^valid,politicians_dishonest_lie,2,True,True,True,6.2810345,6.081958,0.0625,0.009259259259259259,-4.6946955,-6.534517,2.0501937999999997,1.8696650000000004,69.2270349,8,0.0,0.0,0.08333333333333333,4.201437346735037,6,61.7364759,6,27.716455599999996,0.0,5,11.705730835500471,0.0,5
invalid,valid,gpt2,politicians_dishonest_lie^consistent^invalid,politicians_dishonest_lie,1,False,True,True,6.3462896,6.1008205,0.011764705882352941,0.002070393374741201,-6.674102,-8.381224,-2.0755235,-1.8486545999999997,68.8413518,8,1.1006586,1.1006586,1.0,0.6012315645600865,8,88.6887904,0,0.0,27.2635676,0,2.1971057480179687e-15,10.894313975997344,7
invalid,valid,gpt2,politicians_dishonest_lie^consistent^invalid,politicians_dishonest_lie,2,False,True,True,6.29959,6.1029196,0.011627906976744186,0.002066115702479339,-6.6810126,-8.386862,-2.0714492,-1.8381984000000005,68.7002239,8,1.2935236999999997,1.2935236999999997,1.0,0.589772011661729,8,89.02473420000003,0,0.0,27.755209100000002,0,2.2458507608303328e-15,11.976189606912094,7
valid,invalid,gpt2,politicians_dishonest_lie^violate^valid,politicians_dishonest_lie,1,True,True,False,6.3702855,6.094431,0.0625,0.010101010101010102,-4.7483234,-6.405917,1.8977205999999995,1.794156,69.5370362,8,0.0,0.0,0.08333333333333333,4.191776051178748,6,61.42454557000001,6,26.16404153,0.0,6,9.40284018268196,0.0,5
valid,invalid,gpt2,politicians_dishonest_lie^violate^valid,politicians_dishonest_lie,2,True,True,False,6.384748,6.0863934,0.06666666666666667,0.01020408163265306,-4.6681223,-6.3907394,1.8974687000000001,1.7791235999999993,69.0994194,8,0.0,0.0,0.08333333333333333,4.220856192132117,6,60.9689593,6,26.0949019,0.0,6,9.592941014079436,0.0,5
invalid,valid,gpt2,politicians_dishonest_lie^violate^invalid,politicians_dishonest_lie,1,False,True,False,6.3709106,6.0751452,0.0125,0.0023752969121140144,-6.615139,-8.217653,-1.9014129999999998,-1.7700440000000004,68.875923,8,1.0860764000000005,1.0860764000000005,1.0,0.7866872176925006,8,87.433622,0,0.0,26.128495850000007,0,1.9131792600202274e-15,9.6150413884457,7
invalid,valid,gpt2,politicians_dishonest_lie^violate^invalid,politicians_dishonest_lie,2,False,True,False,6.343633,6.0713673,0.011764705882352941,0.002331002331002331,-6.6437,-8.234249,-1.9041059999999996,-1.772049,69.0737297,8,1.1647569999999998,1.1647569999999998,1.0,0.6048545743891797,8,87.7997831,0,0.0,26.39390585,0,1.9397657765008697e-15,10.028791352599443,6
invalid,valid,gpt2,whales_mammals_big^consistent^invalid,whales_mammals_big,1,False,True,True,6.412341,6.20026,0.011363636363636364,0.0025188916876574307,-6.689537,-8.125317,-2.0444945999999993,-1.6494350000000004,69.4526358,8,0.7286683000000007,0.7286683000000007,1.0,0.8038362519006055,8,86.0559033,0,0.0,24.6647408,0,2.1705408014471316e-15,3.845238895447036,2
invalid,valid,gpt2,whales_mammals_big^consistent^invalid,whales_mammals_big,2,False,True,True,6.415389,6.210514,0.01282051282051282,0.002551020408163265,-6.6313806,-8.112101,-2.0141146,-1.658859699999999,69.18147689999999,8,0.6755469000000001,0.6755469000000001,1.0,0.8055862597435602,8,85.7881591,0,0.0,24.590557760000003,0,2.1014170808407355e-15,3.9745080002769795,2
valid,invalid,gpt2,whales_mammals_big^consistent^valid,whales_mammals_big,1,True,True,True,6.412081,6.219955,0.07142857142857142,0.009708737864077669,-4.610646,-6.440897,2.0224225999999996,1.6603960000000004,69.2178083,8,0.0,0.0,0.08333333333333333,4.183807549789668,6,61.14702220000001,6,24.616964,0.0,6,3.7080343819794623,0.0,0
valid,invalid,gpt2,whales_mammals_big^consistent^valid,whales_mammals_big,2,True,True,True,6.4159923,6.20179,0.0625,0.00980392156862745,-4.661173,-6.4384556,2.0558700000000005,1.6489804000000001,69.5665841,8,0.0,0.0,0.08333333333333333,4.163357227382001,6,61.328229799999995,6,24.625935099999992,0.0,6,3.404062712561798,0.0,0
invalid,valid,gpt2,whales_mammals_big^violate^invalid,whales_mammals_big,1,False,True,False,6.4442477,6.254265,0.0136986301369863,0.0026595744680851063,-6.5707145,-8.024822,-1.9665375000000003,-1.5860446000000001,68.7921894,8,0.7273026999999996,0.7273026999999996,1.0,0.8286488399270903,8,84.9302068,0,0.0,24.20078553,0,1.755532624412168e-15,3.839538197011148,7
invalid,valid,gpt2,whales_mammals_big^violate^invalid,whales_mammals_big,2,False,True,False,6.452212,6.237262,0.011627906976744186,0.002702702702702703,-6.678232,-8.003393,-1.9593580000000008,-1.5738567000000012,69.97558790000001,8,0.6931136999999996,0.6931136999999996,1.0,0.8204510509264451,8,85.42079919999999,0,0.0,23.740843500000004,0,1.9718684967567752e-15,3.395684677721102,7
valid,invalid,gpt2,whales_mammals_big^violate^valid,whales_mammals_big,1,True,True,False,6.4798174,6.2091465,0.058823529411764705,0.00909090909090909,-4.7684536,-6.5281353,1.9243698,1.5555787000000008,70.5935434,8,0.0,0.0,0.08333333333333333,4.139998849765817,6,62.33560433000001,6,23.404615070000002,0.0,6,7.136590314084875,0.0,5
valid,invalid,gpt2,whales_mammals_big^violate^valid,whales_mammals_big,2,True,True,False,6.466181,6.246708,0.06666666666666667,0.00909090909090909,-4.64487,-6.515697,2.0394056000000003,1.5644230000000006,69.32668410000001,8,0.0,0.0,0.08333333333333333,4.171869964404101,6,61.153288229999994,6,24.644754469999995,0.0,6,7.70863819356784,0.0,5
valid,invalid,gpt2,food_vegetables_healthy^violate^valid,food_vegetables_healthy,1,True,True,False,6.457206,6.309063,0.07142857142857142,0.011111111111111112,-4.5280614,-6.276818,1.8568875999999994,1.5569795000000006,68.9052669,8,0.0,0.0,0.08333333333333333,4.195130053083368,6,59.90629132,6,24.60382888,0.0,6,7.980477442855586,0.0,5
valid,invalid,gpt2,food_vegetables_healthy^violate^valid,food_vegetables_healthy,2,True,True,False,6.443308,6.3122487,0.06666666666666667,0.011235955056179775,-4.579834,-6.282465,1.790909,1.5753754999999998,69.4235747,8,0.0,0.0,0.08333333333333333,4.199290453361622,6,60.284718899999994,6,24.063718300000005,0.0,6,7.8695819194591765,0.0,5
invalid,valid,gpt2,food_vegetables_healthy^violate^invalid,food_vegetables_healthy,1,False,True,False,6.4106436,6.3112593,0.015873015873015872,0.002932551319648094,-6.444062,-7.853753,-1.8288877000000001,-1.5757026000000005,69.3705308,8,0.8013933,0.731026,1.0,0.8261627347492443,8,84.53707610000001,0,0.0,24.159582199999996,0,1.501701683397886e-15,6.5320191445989035,2
invalid,valid,gpt2,food_vegetables_healthy^violate^invalid,food_vegetables_healthy,2,False,True,False,6.4429083,6.313157,0.015384615384615385,0.002967359050445104,-6.430725,-7.8376474,-1.8569870000000002,-1.5630053999999998,69.2169189,8,0.8118382000000004,0.8118382000000004,1.0,0.830645026992075,8,84.6746905,0,0.0,24.48157652,0,1.5701029178365674e-15,7.760987613991461,6
valid,invalid,gpt2,food_vegetables_healthy^consistent^valid,food_vegetables_healthy,1,True,True,True,6.364728,6.2884684,0.07142857142857142,0.011494252873563218,-4.5437517,-6.2741804,1.9217758000000007,1.6395311000000001,69.2194455,8,0.0,0.0,0.08333333333333333,4.215090815260418,6,60.302898100000014,6,24.988972500000003,0.0,6,7.072720979851468,0.0,0
valid,invalid,gpt2,food_vegetables_healthy^consistent^valid,food_vegetables_healthy,2,True,True,True,6.406548,6.2902927,0.07142857142857142,0.011494252873563218,-4.4352126,-6.25513,1.9729614,1.6336515,68.468356,8,0.0,0.0,0.08333333333333333,4.215345724878877,6,59.53315055,6,25.449722449999996,0.0,6,7.223829907230181,0.0,0
invalid,valid,gpt2,food_vegetables_healthy^consistent^invalid,food_vegetables_healthy,1,False,True,True,6.365813,6.3021507,0.014925373134328358,0.002849002849002849,-6.4552245,-7.9115496,-1.9770050000000001,-1.6147095999999994,68.89296130000001,8,0.8007200999999995,0.8007200999999995,1.0,0.8238952927835712,8,85.3381667,0,0.0,25.281519879999998,0,1.974325443166435e-15,7.068504271951648,7
invalid,valid,gpt2,food_vegetables_healthy^consistent^invalid,food_vegetables_healthy,2,False,True,True,6.405775,6.304233,0.014925373134328358,0.0028653295128939827,-6.4581547,-7.8968043,-2.0226056999999997,-1.6047643000000003,68.8287017,8,0.8523961,0.8523961,1.0,0.818156382727265,8,85.47295530000001,0,0.0,25.65866945,0,2.034135288074287e-15,9.502699048033607,7
valid,invalid,gpt2,famous_wealthy_old^consistent^valid,famous_wealthy_old,1,True,True,True,6.4776754,6.204238,0.07692307692307693,0.010416666666666666,-4.6054206,-6.334737,1.8983383999999992,1.4991450000000004,69.76376789999999,8,0.0,0.0,0.08333333333333333,4.250242407625629,6,60.66049,6,23.681811699999997,0.0,6,10.689608334360175,0.0,5
valid,invalid,gpt2,famous_wealthy_old^consistent^valid,famous_wealthy_old,2,True,True,True,6.483892,6.2028985,0.08333333333333333,0.010101010101010102,-4.4932556,-6.390334,1.9664229999999998,1.4601439999999997,69.5034758,8,0.0,0.0,0.08333333333333333,4.224734910202963,6,60.61410552,6,23.638332579999993,0.0,6,10.36902684482546,0.0,5
invalid,valid,gpt2,famous_wealthy_old^consistent^invalid,famous_wealthy_old,1,False,True,True,6.466528,6.2174873,0.015873015873015872,0.0029940119760479044,-6.4226036,-7.8483076,-1.9874420000000006,-1.4610462000000002,69.0315957,8,0.7106018999999995,0.7106018999999995,1.0,0.8701368582568321,8,84.290959,0,0.0,24.061340550000004,0,1.6171053152364924e-15,11.409038854051309,6
invalid,valid,gpt2,famous_wealthy_old^consistent^invalid,famous_wealthy_old,2,False,True,True,6.4803658,6.2145357,0.015384615384615385,0.002976190476190476,-6.4648714,-7.85476,-2.0013657,-1.4370954999999999,69.71581139999999,8,0.6570988999999998,0.6570988999999998,1.0,0.8396562701500476,8,84.55383749999999,0,0.0,23.755975049999996,0,1.601844162741102e-15,11.003608509206217,6
valid,invalid,gpt2,famous_wealthy_old^violate^valid,famous_wealthy_old,1,True,True,False,6.525522,6.2569313,0.07142857142857142,0.011494252873563218,-4.5548897,-6.2745085,1.8534546,1.4488125000000007,68.92753269999999,8,0.0,0.0,0.08333333333333333,4.24669819476295,6,59.80798464,6,23.288963759999998,0.0,6,11.615231436503942,0.0,5
valid,invalid,gpt2,famous_wealthy_old^violate^valid,famous_wealthy_old,2,True,True,False,6.5394344,6.244996,0.08333333333333333,0.011363636363636364,-4.5420446,-6.2736683,1.8503189000000004,1.4692030000000003,68.93399860000001,8,0.0,0.0,0.08333333333333333,4.258485679008163,6,59.601275339999994,6,23.69649856,0.0,6,12.392331657599925,0.0,5
invalid,valid,gpt2,famous_wealthy_old^violate^invalid,famous_wealthy_old,1,False,True,False,6.5321417,6.250585,0.016129032258064516,0.0033112582781456954,-6.3878417,-7.7315235,-1.8935241999999999,-1.4418904999999995,68.63833269999999,8,0.8199102000000003,0.8199102000000003,1.0,0.8765029083619791,8,83.16961779999998,0,0.0,23.574373899999998,0,1.5736744695926679e-15,11.596707390821221,6
invalid,valid,gpt2,famous_wealthy_old^violate^invalid,famous_wealthy_old,2,False,True,False,6.512028,6.231532,0.014925373134328358,0.0033333333333333335,-6.4558764,-7.727892,-1.8813859000000006,-1.4375143999999995,69.0202522,8,0.8815685999999991,0.8815685999999991,1.0,0.8609152469047481,8,83.5133948,0,0.0,23.7269952,0,1.586111083949157e-15,12.11928717703216,6
valid,invalid,gpt2,vehicles_mobile_buildings^consistent^valid,vehicles_mobile_buildings,1,True,True,True,6.378378,6.1964893,0.06666666666666667,0.011764705882352941,-4.6535788,-6.2621913,1.6967315000000003,1.3843613000000001,68.7836606,8,0.0,0.0,0.08333333333333333,4.226581341567803,6,59.8069587,6,22.262080400000002,0.0,5,8.355408052188373,0.0,5
valid,invalid,gpt2,vehicles_mobile_buildings^consistent^valid,vehicles_mobile_buildings,2,True,True,True,6.3860035,6.224386,0.07142857142857142,0.011363636363636364,-4.6379857,-6.284893,1.5802307000000004,1.3571988,68.2415369,8,0.0,0.0,0.08333333333333333,4.231234635454194,6,59.5007656,6,21.525755700000005,0.0,6,8.607789365924095,0.0,5
invalid,valid,gpt2,vehicles_mobile_buildings^consistent^invalid,vehicles_mobile_buildings,1,False,True,True,6.4421926,6.1872625,0.01694915254237288,0.0035587188612099642,-6.3388376,-7.6661024,-1.6848602000000001,-1.4138450999999996,69.1482679,8,0.8991958000000002,0.6622526999999998,1.0,0.9288298148980579,8,81.73014530000002,0,0.0,22.11814504,0,1.5881725458818876e-15,9.200962763167263,6
invalid,valid,gpt2,vehicles_mobile_buildings^consistent^invalid,vehicles_mobile_buildings,2,False,True,True,6.395748,6.222242,0.018867924528301886,0.0035714285714285713,-6.233901,-7.6505547,-1.6309128,-1.3611421999999997,68.32900740000001,8,0.951735199999999,0.7672616000000003,1.0,0.91735693226052,8,81.33437060000001,0,0.0,21.854594800000005,0,1.5763159499614932e-15,8.419344484204611,6
valid,invalid,gpt2,vehicles_mobile_buildings^violate^valid,vehicles_mobile_buildings,1,True,True,False,6.3843684,6.2286034,0.07142857142857142,0.011494252873563218,-4.4773197,-6.2709556,1.7891922999999998,1.4727324,68.5067521,8,0.0,0.0,0.08333333333333333,4.230465517039663,6,59.3902124,6,23.4780847,0.0,6,10.404353996072501,0.0,5
valid,invalid,gpt2,vehicles_mobile_buildings^violate^valid,vehicles_mobile_buildings,2,True,True,False,6.461072,6.240818,0.07142857142857142,0.011764705882352941,-4.4832253,-6.2603602,1.6432497000000001,1.4624991999999999,68.5658818,8,0.0,0.0,0.08333333333333333,4.249219447876463,6,59.16256543,6,22.382076970000007,0.0,6,10.11549096032163,0.0,5
invalid,valid,gpt2,vehicles_mobile_buildings^violate^invalid,vehicles_mobile_buildings,1,False,True,False,6.408107,6.2496743,0.019230769230769232,0.0033003300330033004,-6.237627,-7.756175,-1.7173232999999994,-1.4874399999999994,68.7415663,8,0.8915727000000002,0.8915727000000002,1.0,0.9155270457330298,8,82.5472608,0,0.0,22.954123600000003,0,1.4959464040896575e-15,9.720156893037323,7
invalid,valid,gpt2,vehicles_mobile_buildings^violate^invalid,vehicles_mobile_buildings,2,False,True,False,6.3760376,6.235007,0.014925373134328358,0.0033003300330033004,-6.4631014,-7.753207,-1.8258744,-1.4746053999999997,69.2117411,8,0.8293510999999993,0.8293510999999993,1.0,0.863256915350708,8,83.58845120000001,0,0.0,23.556746800000003,0,1.5654942761457173e-15,8.018175101450275,7
valid,invalid,gpt2,nonsense_phrite_ing_pand^nonsense^valid,nonsense_phrite_ing_pand,1,True,False,True,6.7641897,6.424327,0.07692307692307693,0.012345679012345678,-4.475381,-6.2890606,1.6940535000000008,1.4225941000000004,70.6239801,8,0.0,0.0,0.08333333333333333,4.239702883392337,6,58.58611065000001,6,21.739421450000002,0.0,6,9.385633478896295,0.0,5
valid,invalid,gpt2,nonsense_phrite_ing_pand^nonsense^valid,nonsense_phrite_ing_pand,2,True,False,True,6.814357,6.4166336,0.08333333333333333,0.012048192771084338,-4.5060763,-6.301277,1.7299116999999997,1.4330150000000001,71.198004,8,0.0,0.0,0.08333333333333333,4.245001238785389,6,58.8342411,6,22.592572699999998,0.0,5,10.019544671210944,0.0,5
invalid,valid,gpt2,nonsense_bosp_jift_nup^nonsense^invalid,nonsense_bosp_jift_nup,1,False,False,True,6.662414,6.494993,0.014084507042253521,0.003278688524590164,-6.441949,-7.6727915,-1.9948730000000001,-1.3084604999999998,70.4240704,8,0.9679643000000002,0.9679643000000002,1.0,1.0026353848042597,8,81.5886104,0,0.0,22.45129737,0,2.0236657524558175e-15,7.003138218833921,2
invalid,valid,gpt2,nonsense_bosp_jift_nup^nonsense^invalid,nonsense_bosp_jift_nup,2,False,False,True,6.7055454,6.4942265,0.015151515151515152,0.0033222591362126247,-6.3546557,-7.6468463,-1.8743133000000007,-1.2954898000000004,70.77814550000001,8,0.8581123999999996,0.8581123999999996,1.0,0.9907832825942442,8,81.3003412,0,0.0,22.1712802,0,1.931759541098945e-15,8.405862887477733,2
valid,invalid,gpt2,nonsense_snid_ust_bem^nonsense^valid,nonsense_snid_ust_bem,1,True,False,False,6.719047,6.5003614,0.07142857142857142,0.012987012987012988,-4.585741,-6.2720127,1.9804764000000006,1.3405733,69.092147,8,0.0,0.0,0.08333333333333333,4.234036544234646,6,58.22286228000001,6,22.77156902,0.0,6,7.027348380142943,0.0,5
valid,invalid,gpt2,nonsense_snid_ust_bem^nonsense^valid,nonsense_snid_ust_bem,2,True,False,False,6.6753273,6.5035915,0.07142857142857142,0.01282051282051282,-4.6186895,-6.2797866,1.9214629999999993,1.3398470999999992,69.1681085,8,0.0,0.0,0.08333333333333333,4.2516901974864725,6,58.2681776,6,22.555917600000008,0.0,6,7.858739474092356,0.0,5
invalid,valid,gpt2,nonsense_nept_bript_jeft^nonsense^invalid,nonsense_nept_bript_jeft,1,False,False,False,6.6948185,6.520726,0.015873015873015872,0.003401360544217687,-6.412509,-7.624812,-2.065689,-1.3031880000000005,69.5303706,8,0.9272387000000002,0.9272387000000002,1.0,0.9799693535973517,8,81.31008630000001,0,0.0,23.010341,0,1.8146013294901763e-15,11.7117699731299,7
invalid,valid,gpt2,nonsense_nept_bript_jeft^nonsense^invalid,nonsense_nept_bript_jeft,2,False,False,False,6.7292085,6.5256634,0.016129032258064516,0.003401360544217687,-6.3121605,-7.632527,-1.9385529000000004,-1.3256479999999993,70.19653439999999,8,0.7768440999999995,0.7768440999999995,1.0,0.9913618607672527,8,81.0410991,0,0.0,22.53657053,0,1.7219409816456738e-15,11.876205734007762,6
valid,invalid,gpt2,nonsense_sclack_chask_pron^nonsense^valid,nonsense_sclack_chask_pron,1,True,False,True,6.7105064,6.514131,0.1,0.012195121951219513,-4.344014,-6.2906303,2.1850510000000005,1.4442673,69.76036779999998,8,0.0,0.0,0.08333333333333333,4.259888614520069,6,58.61204226,6,23.90060654,0.0,7,5.655781022141899,0.0,5
valid,invalid,gpt2,nonsense_sclack_chask_pron^nonsense^valid,nonsense_sclack_chask_pron,2,True,False,True,6.704063,6.5143948,0.1,0.011764705882352941,-4.283037,-6.3087697,2.2020419999999996,1.4141012999999996,69.1082066,8,0.0,0.0,0.08333333333333333,4.2769625111559755,6,58.17330326,6,24.30195444,0.0,6,6.397508910569236,0.0,5
invalid,valid,gpt2,nonsense_stope_unt_gleck^nonsense^invalid,nonsense_stope_unt_gleck,1,False,False,True,6.5899715,6.4489727,0.017241379310344827,0.0032679738562091504,-6.3624835,-7.667016,-2.0634232,-1.3616010000000003,68.7537654,8,0.7795334,0.7795334,1.0,0.9705876333027444,8,82.1149598,0,0.0,23.13100337,0,1.928578900730497e-15,12.751139917265537,7
invalid,valid,gpt2,nonsense_stope_unt_gleck^nonsense^invalid,nonsense_stope_unt_gleck,2,False,False,True,6.5755563,6.458205,0.016666666666666666,0.003215434083601286,-6.358243,-7.6848044,-2.0322495,-1.3856368000000003,68.8028793,8,0.7668609500000003,0.7668609500000003,1.0,0.970172673115285,8,82.01278660000001,0,0.0,23.178132249999997,0,1.8849163656606546e-15,13.227765477258501,7
valid,invalid,gpt2,nonsense_gluff_caft_jint^nonsense^valid,nonsense_gluff_caft_jint,1,True,False,False,6.777419,6.5049305,0.07142857142857142,0.010752688172043012,-4.5317345,-6.3936114,2.0414735000000004,1.2646375999999995,71.25259689999999,8,0.0,0.0,0.08333333333333333,4.1890092221100765,6,59.718625599999996,6,22.6001909,0.0,7,9.572846239646411,0.0,5
valid,invalid,gpt2,nonsense_gluff_caft_jint^nonsense^valid,nonsense_gluff_caft_jint,2,True,False,False,6.8212204,6.5068836,0.08333333333333333,0.010752688172043012,-4.4435477,-6.3907146,2.0590287,1.2910804000000002,71.12536899999999,8,0.0,0.0,0.08333333333333333,4.242601890547528,6,59.20304087000001,6,22.951415729999994,0.0,7,11.667855654379855,0.0,5
invalid,valid,gpt2,nonsense_fleff_drap_ved^nonsense^invalid,nonsense_fleff_drap_ved,1,False,False,False,6.7283764,6.482004,0.017857142857142856,0.0033333333333333335,-6.2295284,-7.640889,-1.7979734,-1.2981965999999998,69.1421172,8,0.8394624999999998,0.8394624999999998,1.0,1.1066913254861468,8,80.1407039,0,0.0,21.83471738,0,1.5835171203522067e-15,10.885461114761327,6
invalid,valid,gpt2,nonsense_fleff_drap_ved^nonsense^invalid,nonsense_fleff_drap_ved,2,False,False,False,6.743,6.4775734,0.017857142857142856,0.0033333333333333335,-6.2359166,-7.649744,-1.7557983000000004,-1.2933792999999998,69.9998007,8,0.8385735999999997,0.8385735999999997,1.0,1.1068397111435078,8,80.0549438,0,0.0,21.32497482,0,1.535001660104733e-15,10.286335570984054,6
valid,invalid,gpt2,nonsense_paft_usp_cesk^nonsense^valid,nonsense_paft_usp_cesk,1,True,False,True,6.6088643,6.4253583,0.09090909090909091,0.010101010101010102,-4.31543,-6.411314,1.9840929999999997,1.4672859999999996,69.8488057,8,0.0,0.0,0.08333333333333333,4.233527195110916,6,59.51908462,6,23.26318768,0.0,6,10.16659704871418,0.0,5
valid,invalid,gpt2,nonsense_paft_usp_cesk^nonsense^valid,nonsense_paft_usp_cesk,2,True,False,True,6.608111,6.441164,0.07142857142857142,0.010309278350515464,-4.5152035,-6.3938913,1.9434050999999997,1.4352684,70.04049529999999,8,0.0,0.0,0.08333333333333333,4.228294372293411,6,59.8543394,6,22.927536999999997,0.0,6,10.50570452268665,0.0,5
invalid,valid,gpt2,nonsense_trime_dimp_mag^nonsense^invalid,nonsense_trime_dimp_mag,1,False,False,True,6.72157,6.499614,0.01694915254237288,0.003205128205128205,-6.367754,-7.6966877,-1.9952163999999994,-1.4095716999999999,70.2792978,8,0.8826370000000003,0.8826370000000003,1.0,1.0127244674274394,8,81.83782110000001,0,0.0,23.263239869999996,0,1.8795070462338583e-15,9.038133050098761,2
invalid,valid,gpt2,nonsense_trime_dimp_mag^nonsense^invalid,nonsense_trime_dimp_mag,2,False,False,True,6.63842,6.505397,0.01694915254237288,0.003205128205128205,-6.3587904,-7.694293,-2.0686417000000006,-1.4121113000000003,69.5487002,8,0.9448393999999993,0.9448393999999993,1.0,0.9460749849463286,8,81.9583558,0,0.0,23.624078980000004,0,1.949920032195763e-15,9.320991677223379,7
valid,invalid,gpt2,nonsense_kemp_clud_thrund^nonsense^valid,nonsense_kemp_clud_thrund,1,True,False,False,6.855672,6.4479423,0.1,0.011627906976744186,-4.4212875,-6.3447022,2.524292,1.4585157999999998,71.50347880000001,8,0.0,0.0,0.08333333333333333,4.276529084985986,6,59.6246798,6,25.076396499999998,0.0,9,8.218868110228117,0.0,5
valid,invalid,gpt2,nonsense_kemp_clud_thrund^nonsense^valid,nonsense_kemp_clud_thrund,2,True,False,False,6.7077775,6.4445505,0.09090909090909091,0.011235955056179775,-4.3914337,-6.3519053,2.5033493,1.4544239999999995,69.56281870000001,8,0.0,0.0,0.08333333333333333,4.266776842826674,6,58.971217,6,25.367163199999997,0.0,6,6.580436348350159,0.0,3
invalid,valid,gpt2,nonsense_frupt_liff_blop^nonsense^invalid,nonsense_frupt_liff_blop,1,False,False,False,6.779253,6.4574094,0.01818181818181818,0.003484320557491289,-6.2198,-7.6011677,-1.7109985000000005,-1.3338737000000007,69.9090845,8,1.0106639999999993,1.0106639999999993,1.0,0.9502502242943259,8,80.8185898,0,0.0,22.045027800000007,0,1.6906078875398354e-15,10.439587412728455,7
invalid,valid,gpt2,nonsense_frupt_liff_blop^nonsense^invalid,nonsense_frupt_liff_blop,2,False,False,False,6.7173147,6.456917,0.017543859649122806,0.0035971223021582736,-6.265153,-7.569976,-1.7981262999999998,-1.3089715999999996,68.5544697,8,1.0372791000000001,1.0372791000000001,1.0,0.9617524367772278,8,80.8975389,0,0.0,22.750917349999998,0,1.782537387586117e-15,11.112556258145544,7
valid,invalid,gpt2,nonsense_gand_yusp_druff^nonsense^valid,nonsense_gand_yusp_druff,1,True,False,True,6.758855,6.4974947,0.07142857142857142,0.0125,-4.5716333,-6.3053193,1.6022416999999995,1.3025957000000004,70.0711592,8,0.0,0.0,0.08333333333333333,4.249918516429857,6,58.943097179999995,6,21.304348119999997,0.0,6,14.371102592951235,0.0,3
valid,invalid,gpt2,nonsense_gand_yusp_druff^nonsense^valid,nonsense_gand_yusp_druff,2,True,False,True,6.7721453,6.483795,0.07142857142857142,0.01282051282051282,-4.708853,-6.2974625,1.5475766999999996,1.3332948,70.1128144,8,0.0,0.0,0.08333333333333333,4.250052602251414,6,59.10453329999999,6,21.3992111,0.0,6,14.788134195023733,0.0,5
invalid,valid,gpt2,nonsense_glap_phropt_soff^nonsense^invalid,nonsense_glap_phropt_soff,1,False,False,True,6.855298,6.4863663,0.017241379310344827,0.003236245954692557,-6.2983723,-7.6967387,-1.7756957999999994,-1.3551001000000005,72.3072874,8,0.6433163000000008,0.6433163000000008,1.0,1.0125871324922502,8,81.0234503,0,0.0,21.14159376,0,1.5028956829421303e-15,11.379776550011284,7
invalid,valid,gpt2,nonsense_glap_phropt_soff^nonsense^invalid,nonsense_glap_phropt_soff,2,False,False,True,6.815136,6.4786134,0.018518518518518517,0.0033003300330033004,-6.1952143,-7.6770735,-1.6582033000000003,-1.3496055,71.6179279,8,0.8367918999999997,0.8367918999999997,1.0,1.0805260195624258,8,80.6829836,0,0.0,21.338537700000003,0,1.4597006352785727e-15,13.199100225474485,7
valid,invalid,gpt2,nonsense_vonk_jang_fress^nonsense^valid,nonsense_vonk_jang_fress,1,True,False,False,6.6594415,6.466236,0.07692307692307693,0.011235955056179775,-4.612356,-6.3610024,1.6568604999999996,1.2796320999999997,69.9957427,8,0.0,0.0,0.08333333333333333,4.235992972167579,6,59.08561017,6,21.353400030000003,0.0,6,10.650158799860282,0.0,5
valid,invalid,gpt2,nonsense_vonk_jang_fress^nonsense^valid,nonsense_vonk_jang_fress,2,True,False,False,6.6185684,6.4902077,0.07692307692307693,0.011111111111111112,-4.5115566,-6.3577485,1.6898194000000002,1.2692428000000007,69.7154816,8,0.0,0.0,0.08333333333333333,4.253797689347888,6,58.912471530000005,6,21.52870627,0.0,6,12.06022494375251,0.0,5
invalid,valid,gpt2,nonsense_zint_thade_snaff^nonsense^invalid,nonsense_zint_thade_snaff,1,False,False,False,6.7006483,6.4711447,0.018518518518518517,0.003436426116838488,-6.161233,-7.6197634,-1.6235276,-1.3002874000000002,70.7731244,8,0.7179593,0.7179593,1.0,1.0496447076280766,8,79.92521679999999,0,0.0,20.52795256,0,1.4306676502339042e-15,11.679036033178036,7
invalid,valid,gpt2,nonsense_zint_thade_snaff^nonsense^invalid,nonsense_zint_thade_snaff,2,False,False,False,6.7414465,6.4921274,0.015625,0.0034129692832764505,-6.3545704,-7.641696,-1.8267898999999996,-1.3145447,71.1168568,8,0.7570534000000002,0.7570534000000002,1.0,0.9577306099648305,8,80.7019282,0,0.0,21.1439273,0,1.5615490111210053e-15,11.248416287145622,7
valid,invalid,gpt2,nonsense_yoct_fisk_nand^nonsense^valid,nonsense_yoct_fisk_nand,1,True,False,True,6.6362267,6.473371,0.07142857142857142,0.011494252873563218,-4.5719967,-6.3177733,1.8904037000000002,1.4766450000000004,69.3185206,8,0.0,0.0,0.08333333333333333,4.247601237986236,6,59.12147304999999,6,23.677153750000002,0.0,7,13.41304470918633,0.0,5
valid,invalid,gpt2,nonsense_yoct_fisk_nand^nonsense^valid,nonsense_yoct_fisk_nand,2,True,False,True,6.665493,6.478168,0.07142857142857142,0.011904761904761904,-4.590307,-6.309847,1.8303225000000003,1.4650329999999991,69.46884250000001,8,0.0,0.0,0.08333333333333333,4.248393794508047,6,59.01885875000001,6,23.44799135,0.0,7,13.589133399327876,0.0,3
invalid,valid,gpt2,nonsense_flact_frep_blen^nonsense^invalid,nonsense_flact_frep_blen,1,False,False,True,6.6532784,6.4398217,0.015384615384615385,0.0031847133757961785,-6.377963,-7.7230673,-1.9366836000000003,-1.4142573,70.9805013,8,0.7705385999999996,0.7705385999999996,1.0,0.9123226391480563,8,82.4751949,0,0.0,22.947485039999997,0,1.7491986376889243e-15,8.674964277486211,7
invalid,valid,gpt2,nonsense_flact_frep_blen^nonsense^invalid,nonsense_flact_frep_blen,2,False,False,True,6.6281204,6.437249,0.015384615384615385,0.003257328990228013,-6.409029,-7.6898766,-2.0245056000000003,-1.4013929999999997,69.7374147,8,0.8253098999999997,0.8253098999999997,1.0,0.9377758340445371,8,82.3300492,0,0.0,23.662991529999996,0,1.8110570923937286e-15,10.393549229988249,7
valid,invalid,gpt2,nonsense_sclace_dact_yink^nonsense^valid,nonsense_sclace_dact_yink,1,True,False,False,6.681628,6.503225,0.07142857142857142,0.013333333333333334,-4.4900575,-6.256484,1.9738615,1.3334729999999997,69.0231601,8,0.0,0.0,0.08333333333333333,4.251582995459984,6,58.04939304,6,23.221895059999994,0.0,6,9.189357965604579,0.0,5
valid,invalid,gpt2,nonsense_sclace_dact_yink^nonsense^valid,nonsense_sclace_dact_yink,2,True,False,False,6.717633,6.483095,0.07142857142857142,0.013333333333333334,-4.755204,-6.2832165,1.7905886000000004,1.3177145000000001,69.9686195,8,0.0,0.0,0.08333333333333333,4.2513746872273614,6,59.05872000000001,6,21.999637800000002,0.0,6,7.470969923178785,0.0,5
invalid,valid,gpt2,nonsense_bisk_uft_glap^nonsense^invalid,nonsense_bisk_uft_glap,1,False,False,False,6.8153615,6.488761,0.014925373134328358,0.0035971223021582736,-6.4286394,-7.582315,-2.0447388,-1.3083797000000006,70.2799671,8,0.8778790999999995,0.8778790999999995,1.0,0.9619942365916365,8,81.4635981,0,0.0,23.10544248,0,1.9614405628308235e-15,11.215548825977674,7
invalid,valid,gpt2,nonsense_bisk_uft_glap^nonsense^invalid,nonsense_bisk_uft_glap,2,False,False,False,6.744053,6.4953704,0.014705882352941176,0.0035842293906810036,-6.465477,-7.5824184,-2.022171,-1.2757264,69.9283143,8,0.8861409,0.8861409,1.0,0.9796550901941232,8,81.39712220000001,0,0.0,23.08384878,0,1.9381631874304037e-15,11.35671413168091,7
valid,invalid,gpt2,nonsense_phrist_biss_skemp^nonsense^valid,nonsense_phrist_biss_skemp,1,True,False,True,6.6946225,6.486507,0.1,0.012195121951219513,-4.3898067,-6.3133655,1.9227143,1.4072661000000002,70.211072,8,0.0,0.0,0.08333333333333333,4.246192724220748,6,59.006721080000005,6,22.68056232,0.0,7,11.56284458967884,0.0,3
valid,invalid,gpt2,nonsense_phrist_biss_skemp^nonsense^valid,nonsense_phrist_biss_skemp,2,True,False,True,6.767436,6.502571,0.1111111111111111,0.012195121951219513,-4.190946,-6.2966566,2.1382524,1.4209356,70.1626485,8,0.0,0.0,0.08333333333333333,4.289267124634809,6,58.351206680000004,6,23.59066942,0.0,6,12.864314995110506,0.0,3
invalid,valid,gpt2,nonsense_rimp_thomp_zin^nonsense^invalid,nonsense_rimp_thomp_zin,1,False,False,True,6.7024946,6.4874153,0.013513513513513514,0.0034602076124567475,-6.5810776,-7.60081,-1.9493790000000004,-1.2649049999999997,70.6449706,8,1.0289381999999998,1.0289381999999998,1.0,0.9720170584792208,8,81.77848530000001,0,0.0,22.4274031,0,1.7720162266415241e-15,10.300419699057242,7
invalid,valid,gpt2,nonsense_rimp_thomp_zin^nonsense^invalid,nonsense_rimp_thomp_zin,2,False,False,True,6.6678057,6.494691,0.015625,0.003401360544217687,-6.2971706,-7.627639,-1.6950836000000002,-1.2931044000000007,70.4206446,8,0.9228859999999997,0.9228859999999997,1.0,1.0054672606536943,8,80.9137605,0,0.0,21.770117600000003,0,1.6113866619344798e-15,11.395277149369228,7
valid,invalid,gpt2,nonsense_sland_spluff_gusp^nonsense^valid,nonsense_sland_spluff_gusp,1,True,False,False,6.805704,6.50215,0.06666666666666667,0.0136986301369863,-4.6020575,-6.2220697,1.8794554999999997,1.3662183000000008,70.836668,8,0.0,0.0,0.08333333333333333,4.247020146352721,6,58.909797870000006,6,22.108914630000005,0.0,6,10.358973978518641,0.0,5
valid,invalid,gpt2,nonsense_sland_spluff_gusp^nonsense^valid,nonsense_sland_spluff_gusp,2,True,False,False,6.7612667,6.5099754,0.07142857142857142,0.013888888888888888,-4.6451755,-6.2159767,1.9373624999999999,1.3617120000000007,70.01160669999999,8,0.0,0.0,0.08333333333333333,4.2521599486745,6,58.613564069999995,6,22.809069029999996,0.0,7,11.021319963649647,0.0,5
invalid,valid,gpt2,nonsense_gick_criff_riff^nonsense^invalid,nonsense_gick_criff_riff,1,False,False,False,6.7655115,6.405656,0.01639344262295082,0.002976190476190476,-6.3517084,-7.816357,-1.8514023999999996,-1.3395346000000004,70.2335289,8,0.8183631000000005,0.8183631000000005,1.0,0.9632384282311655,8,82.0710254,0,0.0,21.95725752,0,1.9118117050279824e-15,6.3808440466680265,7
invalid,valid,gpt2,nonsense_gick_criff_riff^nonsense^invalid,nonsense_gick_criff_riff,2,False,False,False,6.78282,6.401017,0.019230769230769232,0.003048780487804878,-6.2068415,-7.769742,-1.9485015000000008,-1.3235244999999995,70.28731239999999,8,0.7910117999999993,0.7910117999999993,1.0,0.9544103051760269,8,81.9201681,0,0.0,22.411000559999998,0,1.9322404587290436e-15,7.669763457787937,7
valid,invalid,gpt2,nonsense_shiff_yot_plusk^nonsense^valid,nonsense_shiff_yot_plusk,1,True,False,True,6.654287,6.428898,0.08333333333333333,0.012658227848101266,-4.492923,-6.2987003,1.778404,1.2875842999999998,70.92215239999999,8,0.0,0.0,0.08333333333333333,4.231617760346076,6,59.103488979999995,6,21.171062820000003,0.0,7,8.689638967200736,0.0,3
valid,invalid,gpt2,nonsense_shiff_yot_plusk^nonsense^valid,nonsense_shiff_yot_plusk,2,True,False,True,6.671794,6.455365,0.08333333333333333,0.011363636363636364,-4.4695745,-6.348383,1.7081605,1.2630949999999999,70.3931098,8,0.0,0.0,0.08333333333333333,4.230479657043659,6,58.92957915,6,21.210694849999996,0.0,6,10.499951309277517,0.0,3
invalid,valid,gpt2,nonsense_zoft_chand_splink^nonsense^invalid,nonsense_zoft_chand_splink,1,False,False,True,6.7379074,6.4800453,0.016666666666666666,0.0034602076124567475,-6.4264097,-7.6056848,-1.9483031999999998,-1.3012797999999997,70.4578146,8,0.8674395000000006,0.8674395000000006,1.0,0.9580000686772809,8,81.57919919999999,0,0.0,22.390609599999998,0,1.7537020673574084e-15,10.783310809549837,7
invalid,valid,gpt2,nonsense_zoft_chand_splink^nonsense^invalid,nonsense_zoft_chand_splink,2,False,False,True,6.6957417,6.501507,0.017857142857142856,0.003355704697986577,-6.2674565,-7.6385612,-1.8187635000000002,-1.3154642,70.3589457,8,0.9200289999999995,0.9200289999999995,1.0,0.958938042129063,8,81.1895084,0,0.0,22.004747769999998,0,1.6880567024574736e-15,11.01745981808823,7
invalid,valid,gpt2,nonsense_dask_flump_fect^nonsense^invalid,nonsense_dask_flump_fect,1,False,False,False,6.6401806,6.525715,0.017543859649122806,0.003745318352059925,-6.212901,-7.4893055,-1.7186125999999993,-1.1516771000000006,70.1723445,8,0.7182628000000006,0.7182628000000006,1.0,1.1067545924431614,8,79.8890598,0,0.0,20.8742148,0,1.5321635781890118e-15,12.407190613336136,7
invalid,valid,gpt2,nonsense_dask_flump_fect^nonsense^invalid,nonsense_dask_flump_fect,2,False,False,False,6.7024574,6.52254,0.017241379310344827,0.0037174721189591076,-6.209592,-7.4985304,-1.7567215999999997,-1.1570244,70.78159869999999,8,0.7748738,0.7748738,1.0,1.0487828940873474,8,80.25806340000001,0,0.0,21.124043599999997,0,1.558314876963321e-15,12.627957154535352,7
valid,invalid,gpt2,nonsense_hap_thrum_zid^nonsense^valid,nonsense_hap_thrum_zid,1,True,False,False,6.720509,6.5236735,0.09090909090909091,0.012048192771084338,-4.387658,-6.323004,1.7710343999999996,1.2977125999999997,70.21972149999999,8,0.0,0.0,0.08333333333333333,4.268985479624986,6,58.82246650000001,6,21.819276300000006,0.0,6,13.286446028678036,0.0,5
valid,invalid,gpt2,nonsense_hap_thrum_zid^nonsense^valid,nonsense_hap_thrum_zid,2,True,False,False,6.702733,6.5081882,0.1,0.012658227848101266,-4.351221,-6.294321,1.7560655,1.3052599999999996,70.13508569999999,8,0.0,0.0,0.08333333333333333,4.27863217629207,6,58.65579197,6,21.78920823,0.0,6,12.626181592101286,0.0,5
valid,invalid,gpt2,nonsense_teft_yact_jund^nonsense^valid,nonsense_teft_yact_jund,1,True,False,True,6.713091,6.4999475,0.0625,0.011494252873563218,-4.9017963,-6.325116,1.8996047000000003,1.3288832999999993,70.64334000000001,8,0.0,0.0,0.08333333333333333,4.2395451770564225,6,59.80355223,6,22.82956387,0.0,6,9.302181538732967,0.0,5
valid,invalid,gpt2,nonsense_teft_yact_jund^nonsense^valid,nonsense_teft_yact_jund,2,True,False,True,6.6781273,6.5099854,0.06666666666666667,0.011627906976744186,-4.8109703,-6.329399,1.8487776999999994,1.3406325,70.2796538,8,0.0,0.0,0.08333333333333333,4.243828589945093,6,59.44589408,6,23.152180719999997,0.0,6,10.076904340398148,0.0,5
invalid,valid,gpt2,nonsense_troff_plam_sphob^nonsense^invalid,nonsense_troff_plam_sphob,1,False,False,True,6.6765213,6.4474,0.012345679012345678,0.0029850746268656717,-6.6796436,-7.7789164,-2.0743942000000004,-1.4535808999999995,70.1988979,8,0.8967323,0.8967323,1.0,0.8892903349934849,8,83.37853969999999,0,0.0,23.8430757,0,1.977272763074766e-15,10.226103341189742,7
invalid,valid,gpt2,nonsense_troff_plam_sphob^nonsense^invalid,nonsense_troff_plam_sphob,2,False,False,True,6.710984,6.4548054,0.011111111111111112,0.00303951367781155,-6.764147,-7.771589,-2.1286394,-1.4252883999999995,70.3284474,8,0.8367456999999998,0.8367456999999998,1.0,0.9120641308100215,8,83.38364739999999,0,0.0,23.76641645,0,1.9681374443180244e-15,10.778750520540957,7
valid,invalid,gpt2,nonsense_zeff_zaff_zom^nonsense^valid,nonsense_zeff_zaff_zom,1,True,False,False,6.630393,6.492123,0.07692307692307693,0.011363636363636364,-4.4937897,-6.3468065,1.6646499000000006,1.3152170000000005,69.12702850000001,8,0.0,0.0,0.08333333333333333,4.2360210683890305,6,58.727651249999994,6,21.638940050000006,0.0,6,11.070148267761278,0.0,3
valid,invalid,gpt2,nonsense_zeff_zaff_zom^nonsense^valid,nonsense_zeff_zaff_zom,2,True,False,False,6.616499,6.4987373,0.08333333333333333,0.011363636363636364,-4.449949,-6.3502474,1.6547925999999995,1.3256226,69.2307899,8,0.0,0.0,0.08333333333333333,4.2425291660601205,6,58.65717749999999,6,21.5291923,0.0,6,11.589686063034094,0.0,3
invalid,valid,gpt2,nonsense_yuft_yab_sunt^nonsense^invalid,nonsense_yuft_yab_sunt,1,False,False,False,6.638772,6.5199146,0.01694915254237288,0.003424657534246575,-6.261978,-7.606933,-1.7526396000000002,-1.3394829999999995,68.8056816,8,1.0435486999999997,1.0435486999999997,1.0,1.0070179950912035,8,80.4674242,0,0.0,22.382373270000002,0,1.9674019098775203e-15,9.253380377191778,7
invalid,valid,gpt2,nonsense_yuft_yab_sunt^nonsense^invalid,nonsense_yuft_yab_sunt,2,False,False,False,6.6606884,6.521392,0.01639344262295082,0.003424657534246575,-6.3652935,-7.596407,-1.7863388000000002,-1.3170090000000005,69.4234196,8,1.0120771999999998,1.0120771999999998,1.0,1.0060225895055428,8,80.79941769999999,0,0.0,22.397111340000002,0,1.93442151262401e-15,9.929830215121079,7
invalid,valid,gpt2,nonsense_plig_prash_lupt^nonsense^invalid,nonsense_plig_prash_lupt,1,False,False,True,6.6707783,6.4638853,0.012048192771084338,0.0034129692832764505,-6.617642,-7.620137,-2.1153794,-1.3632929999999996,70.00103279999999,8,0.8908957999999996,0.8908957999999996,1.0,0.9247768400807989,8,81.9145587,0,0.0,23.140412259999998,0,2.037087088164888e-15,7.3410981184151325,7
invalid,valid,gpt2,nonsense_plig_prash_lupt^nonsense^invalid,nonsense_plig_prash_lupt,2,False,False,True,6.7592745,6.477033,0.010752688172043012,0.003355704697986577,-6.7234917,-7.6437063,-2.0577697000000006,-1.3809472999999999,70.3945483,8,0.8774488999999996,0.8774488999999996,1.0,0.9567869837112626,8,82.19917969999999,0,0.0,23.160701529999997,0,2.050010462969829e-15,6.239218665966446,7
valid,invalid,gpt2,nonsense_thrag_ont_vept^nonsense^valid,nonsense_thrag_ont_vept,1,True,False,True,6.675409,6.48308,0.08333333333333333,0.011627906976744186,-4.4419317,-6.3052497,2.3983763000000007,1.4242002999999999,69.95939419999999,8,0.0,0.0,0.08333333333333333,4.259617182384656,6,58.942523900000005,6,24.518670299999997,0.0,6,8.863719950066617,0.0,5
valid,invalid,gpt2,nonsense_thrag_ont_vept^nonsense^valid,nonsense_thrag_ont_vept,2,True,False,True,6.6273527,6.479207,0.07692307692307693,0.012987012987012988,-4.4003916,-6.2788506,2.3082884000000004,1.4234134000000003,68.62835340000001,8,0.0,0.0,0.08333333333333333,4.25467342455908,6,58.08855296000001,6,24.630298840000002,0.0,6,10.450716709546244,0.0,5
invalid,valid,gpt2,nonsense_blep_jict_zamp^nonsense^invalid,nonsense_blep_jict_zamp,1,False,False,False,6.6895285,6.481206,0.017543859649122806,0.0034602076124567475,-6.348794,-7.609515,-1.9753265999999998,-1.3252914000000002,68.8887555,8,0.9937209,0.9937209,1.0,0.9818621448111008,8,81.6601635,0,0.0,23.491283219999996,0,2.0965393753001052e-15,8.437617334670206,7
invalid,valid,gpt2,nonsense_blep_jict_zamp^nonsense^invalid,nonsense_blep_jict_zamp,2,False,False,False,6.6588573,6.4897013,0.015873015873015872,0.0033783783783783786,-6.368455,-7.6351643,-1.9260026000000003,-1.3346156999999996,68.79330230000001,8,1.0625800499999998,1.0625800499999998,1.0,1.0149037128616454,8,81.5627377,0,0.0,23.4502589,0,1.8903179376754816e-15,9.244563087895905,7
valid,invalid,gpt2,nonsense_gapt_prash_glemp^nonsense^valid,nonsense_gapt_prash_glemp,1,True,False,False,6.758126,6.500179,0.07142857142857142,0.010309278350515464,-4.5337353,-6.423415,1.9153136999999996,1.2938909999999995,70.44665280000001,8,0.0,0.0,0.08333333333333333,4.228246697954672,6,59.41179262,6,22.153816380000002,0.0,6,10.93777344595826,0.0,5
valid,invalid,gpt2,nonsense_gapt_prash_glemp^nonsense^valid,nonsense_gapt_prash_glemp,2,True,False,False,6.737389,6.5006027,0.1,0.010526315789473684,-4.369403,-6.4087963,2.1489867,1.3058997000000003,69.1903259,8,0.0,0.0,0.08333333333333333,4.275336004327806,6,58.63940649999999,6,23.434592700000003,0.0,6,12.105261717372098,0.0,5
valid,invalid,gpt2,nonsense_luft_noct_vosk^nonsense^valid,nonsense_luft_noct_vosk,1,True,False,False,6.6949425,6.477266,0.09090909090909091,0.011764705882352941,-4.444867,-6.3491945,1.8527069999999997,1.2371045,70.0707592,8,0.0,0.0,0.08333333333333333,4.251613298588482,6,58.67853133,6,21.845537569999998,0.0,6,9.650898325578524,0.0,5
valid,invalid,gpt2,nonsense_luft_noct_vosk^nonsense^valid,nonsense_luft_noct_vosk,2,True,False,False,6.6385775,6.473192,0.08333333333333333,0.011235955056179775,-4.456908,-6.35134,1.8199236,1.260935,70.4304173,8,0.0,0.0,0.08333333333333333,4.243403469896795,6,58.87228189999999,6,21.678548300000006,0.0,6,9.14663724560436,0.0,5
invalid,valid,gpt2,nonsense_wib_mact_boct^nonsense^invalid,nonsense_wib_mact_boct,1,False,False,False,6.7212615,6.5024424,0.013513513513513514,0.003436426116838488,-6.5426655,-7.619028,-2.0507355,-1.2648663000000004,69.5295981,8,0.8454056999999997,0.8454056999999997,1.0,1.0028204327269798,8,81.42485709999998,0,0.0,22.728504199999996,0,1.9496094647219717e-15,7.6347461701711445,7
invalid,valid,gpt2,nonsense_wib_mact_boct^nonsense^invalid,nonsense_wib_mact_boct,2,False,False,False,6.7151127,6.5120583,0.012195121951219513,0.0033783783783783786,-6.636972,-7.63358,-2.1136170000000005,-1.2831147000000005,69.65562390000001,8,0.9515608999999996,0.9515608999999996,1.0,0.9695006119620773,8,81.9728102,0,0.0,23.21777786,0,2.0254187321608832e-15,8.131221547113588,7
valid,invalid,gpt2,nonsense_namp_clun_hamp^nonsense^valid,nonsense_namp_clun_hamp,1,True,False,True,6.716176,6.4765315,0.1111111111111111,0.012987012987012988,-4.3173075,-6.2258873,2.2126387999999997,1.4335231999999998,70.1194682,8,0.0,0.0,0.08333333333333333,4.289736255052073,6,58.6521677,6,23.493132099999997,0.0,6,7.10464519454974,0.0,5
valid,invalid,gpt2,nonsense_namp_clun_hamp^nonsense^valid,nonsense_namp_clun_hamp,2,True,False,True,6.6827154,6.4833813,0.1,0.0136986301369863,-4.3736105,-6.220084,2.0888519,1.4374042999999999,69.3125257,8,0.0,0.0,0.08333333333333333,4.2796462995020335,6,58.29577335,6,23.346249049999997,0.0,6,7.796464302257023,0.0,5
invalid,valid,gpt2,nonsense_trunt_om_jemp^nonsense^invalid,nonsense_trunt_om_jemp,1,False,False,True,6.594964,6.5180535,0.019230769230769232,0.0033112582781456954,-6.2340117,-7.6569796,-1.8744506999999997,-1.3809309,69.2724869,8,1.0672835000000003,1.0672835000000003,1.0,0.9636552052190074,8,81.80923309999999,0,0.0,23.0824806,0,1.9212353245461672e-15,9.266170259840894,7
invalid,valid,gpt2,nonsense_trunt_om_jemp^nonsense^invalid,nonsense_trunt_om_jemp,2,False,False,True,6.622796,6.5133343,0.015151515151515152,0.0033112582781456954,-6.390234,-7.6696224,-1.9113390000000008,-1.4003144,70.56267319999999,8,0.890124999999999,0.890124999999999,1.0,0.8937992602029307,8,82.3706604,0,0.0,23.05860604,0,1.8916058558794083e-15,10.426796518554976,7
valid,invalid,gpt2,nonsense_vesk_foff_strod^nonsense^valid,nonsense_vesk_foff_strod,1,True,False,True,6.6813526,6.4957876,0.07692307692307693,0.010416666666666666,-4.539558,-6.4018464,1.7995756999999992,1.3279255999999995,70.25558579999999,8,0.0,0.0,0.08333333333333333,4.220681562282278,6,59.2336231,6,22.278163199999995,0.0,6,12.441117477688255,0.0,5
valid,invalid,gpt2,nonsense_vesk_foff_strod^nonsense^valid,nonsense_vesk_foff_strod,2,True,False,True,6.764596,6.4766316,0.09090909090909091,0.010638297872340425,-4.497719,-6.37992,1.8831249999999997,1.3147799999999998,70.1085105,8,0.0,0.0,0.08333333333333333,4.248989459812514,6,59.043782930000006,6,22.490780769999997,0.0,6,12.029829648130818,0.0,5
invalid,valid,gpt2,nonsense_yob_broft_jank^nonsense^invalid,nonsense_yob_broft_jank,1,False,False,True,6.6626244,6.4811163,0.012658227848101266,0.0030581039755351682,-6.5774345,-7.7710066,-1.9654615,-1.3806905999999994,69.3629834,8,1.0006450000000005,1.0006450000000005,1.0,0.8727510857284644,8,82.871226,0,0.0,23.526600050000003,0,2.2919937787512597e-15,8.178682270284735,7
invalid,valid,gpt2,nonsense_yob_broft_jank^nonsense^invalid,nonsense_yob_broft_jank,2,False,False,True,6.664546,6.4786215,0.014285714285714285,0.0030303030303030303,-6.49034,-7.7801905,-1.8659666000000001,-1.3860215,70.0543191,8,0.9059945999999997,0.9059945999999997,1.0,0.8922015061603793,8,82.40189570000001,0,0.0,22.624558759999996,0,2.16533219212148e-15,7.549167162857168,7
valid,invalid,gpt2,nonsense_shrad_splect_dring^nonsense^valid,nonsense_shrad_splect_dring,1,True,False,False,6.8227634,6.467497,0.07142857142857142,0.012048192771084338,-4.589967,-6.3071246,1.6916044000000001,1.4200684,71.9913204,8,0.0,0.0,0.08333333333333333,4.230978906988519,6,59.646681900000004,6,22.1671957,0.0,7,9.534434276263157,0.0,5
valid,invalid,gpt2,nonsense_shrad_splect_dring^nonsense^valid,nonsense_shrad_splect_dring,2,True,False,False,6.699399,6.483163,0.09090909090909091,0.01282051282051282,-4.4613934,-6.2713847,1.8040160999999992,1.4117408000000005,70.28243890000002,8,0.0,0.0,0.08333333333333333,4.269223576335593,6,58.808606620000006,6,22.79276738,0.0,6,10.648502428713803,0.0,5
invalid,valid,gpt2,nonsense_blit_slipe_bruss^nonsense^invalid,nonsense_blit_slipe_bruss,1,False,False,False,6.7142935,6.4436235,0.014925373134328358,0.003215434083601286,-6.4996753,-7.72134,-2.0275498,-1.4033659999999992,69.92635779999999,8,0.8443679,0.8443679,1.0,0.8758269394513432,8,82.5808759,0,0.0,23.3443544,0,2.0659915415287797e-15,6.771436762082251,7
invalid,valid,gpt2,nonsense_blit_slipe_bruss^nonsense^invalid,nonsense_blit_slipe_bruss,2,False,False,False,6.765525,6.4519024,0.014084507042253521,0.0031847133757961785,-6.4995794,-7.7322745,-2.0715714,-1.4064385000000001,69.9415821,8,0.8609045000000002,0.8609045000000002,1.0,0.9130129363681281,8,82.68483189999999,0,0.0,23.697998849999998,0,2.0663884402567943e-15,7.6194856392623205,7
valid,invalid,gpt2,nonsense_sneb_jing_omp^nonsense^valid,nonsense_sneb_jing_omp,1,True,False,True,6.656248,6.483584,0.1,0.01282051282051282,-4.4146857,-6.2828765,1.7516633000000006,1.2545338,69.2070385,8,0.0,0.0,0.08333333333333333,4.278546189839936,6,58.60324634999999,6,21.44283955,0.0,6,12.671172172774908,0.0,3
valid,invalid,gpt2,nonsense_sneb_jing_omp^nonsense^valid,nonsense_sneb_jing_omp,2,True,False,True,6.6561337,6.5080595,0.1,0.012658227848101266,-4.3916597,-6.2885714,1.6779786000000003,1.2025805999999992,69.0190996,8,0.0,0.0,0.08333333333333333,4.278425494717278,6,58.42325144,6,21.154950959999994,0.0,6,12.18314605884714,0.0,3
invalid,valid,gpt2,nonsense_blim_phrint_yemp^nonsense^invalid,nonsense_blim_phrint_yemp,1,False,False,True,6.812142,6.4660163,0.016666666666666666,0.0033333333333333335,-6.348362,-7.6899896,-1.8162839999999996,-1.3700633,71.82346179999999,8,0.8018277999999999,0.8018277999999999,1.0,0.9465763554876059,8,81.94738829999999,0,0.0,22.21630245,0,2.0381563652155857e-15,8.66378221281409,7
invalid,valid,gpt2,nonsense_blim_phrint_yemp^nonsense^invalid,nonsense_blim_phrint_yemp,2,False,False,True,6.8378334,6.4818535,0.017543859649122806,0.0033112582781456954,-6.317358,-7.6821785,-1.7899933,-1.3346605,70.6019524,8,0.7307166999999999,0.7307166999999999,1.0,1.0141994631751794,8,80.99656069999999,0,0.0,21.737212500000002,0,1.9692837928913855e-15,7.989238423961847,2
valid,invalid,gpt2,nonsense_splack_zoct_spuff^nonsense^valid,nonsense_splack_zoct_spuff,1,True,False,False,6.795203,6.468894,0.07142857142857142,0.011494252873563218,-4.681142,-6.3740344,1.5039976999999993,1.1708869999999996,71.941966,8,0.0,0.0,0.08333333333333333,4.198153480167437,6,59.875984599999995,6,20.211516500000002,0.0,7,8.185535685027396,0.0,5
valid,invalid,gpt2,nonsense_splack_zoct_spuff^nonsense^valid,nonsense_splack_zoct_spuff,2,True,False,False,6.801586,6.494766,0.08333333333333333,0.011111111111111112,-4.6077223,-6.3965573,1.4595795000000003,1.1522065000000001,71.2038211,8,0.0,0.0,0.08333333333333333,4.229993571871812,6,59.337989539999995,6,20.17267506,0.0,7,8.734070849250497,0.0,5
invalid,valid,gpt2,nonsense_threck_crand_grosp^nonsense^invalid,nonsense_threck_crand_grosp,1,False,False,False,6.7646227,6.490692,0.015384615384615385,0.0033003300330033004,-6.4721465,-7.6739264,-1.9279251000000004,-1.3292663999999998,70.387255,8,0.8954819999999994,0.8954819999999994,1.0,0.9260616946835083,8,82.50015099999999,0,0.0,22.914470679999997,0,1.7913370436545486e-15,11.424054511770283,7
invalid,valid,gpt2,nonsense_threck_crand_grosp^nonsense^invalid,nonsense_threck_crand_grosp,2,False,False,False,6.7432623,6.4688635,0.016666666666666666,0.0033222591362126247,-6.405992,-7.67555,-1.9222640000000002,-1.3458343,71.0024736,8,0.7950173999999999,0.7950173999999999,1.0,0.9031193402715646,8,82.48298639999999,0,0.0,22.6594597,0,1.7191915123673147e-15,11.98758636763053,7
