==========================================
Running ALL tasks for model: EleutherAI/pythia-1.4b
Job ID: 567255
Node: c009
==========================================
GPU Information:
Fri Oct 31 09:42:09 2025       
+-----------------------------------------------------------------------------------------+
| NVIDIA-SMI 570.86.15              Driver Version: 570.86.15      CUDA Version: 12.8     |
|-----------------------------------------+------------------------+----------------------+
| GPU  Name                 Persistence-M | Bus-Id          Disp.A | Volatile Uncorr. ECC |
| Fan  Temp   Perf          Pwr:Usage/Cap |           Memory-Usage | GPU-Util  Compute M. |
|                                         |                        |               MIG M. |
|=========================================+========================+======================|
|   0  NVIDIA A100-SXM4-80GB          On  |   00000000:84:00.0 Off |                    0 |
| N/A   29C    P0             57W /  400W |       1MiB /  81920MiB |      0%      Default |
|                                         |                        |             Disabled |
+-----------------------------------------+------------------------+----------------------+
                                                                                         
+-----------------------------------------------------------------------------------------+
| Processes:                                                                              |
|  GPU   GI   CI              PID   Type   Process name                        GPU Memory |
|        ID   ID                                                               Usage      |
|=========================================================================================|
|  No running processes found                                                             |
+-----------------------------------------------------------------------------------------+

==========================================
Running task: capitals-recall
==========================================
Namespace(stimuli_dir='data/stimuli', output_dir='data/model_output', cache_dir='/scratch/jhu35/rpandya4/huggingface_cache', prompt_file=None, model='EleutherAI/pythia-1.4b', reduce_precision=False, task=['capitals-recall'], use_tuned_lens=False)
GPTNeoXForCausalLM(
  (gpt_neox): GPTNeoXModel(
    (embed_in): Embedding(50304, 2048)
    (emb_dropout): Dropout(p=0.0, inplace=False)
    (layers): ModuleList(
      (0-23): 24 x GPTNeoXLayer(
        (input_layernorm): LayerNorm((2048,), eps=1e-05, elementwise_affine=True)
        (post_attention_layernorm): LayerNorm((2048,), eps=1e-05, elementwise_affine=True)
        (post_attention_dropout): Dropout(p=0.0, inplace=False)
        (post_mlp_dropout): Dropout(p=0.0, inplace=False)
        (attention): GPTNeoXAttention(
          (query_key_value): Linear(in_features=2048, out_features=6144, bias=True)
          (dense): Linear(in_features=2048, out_features=2048, bias=True)
        )
        (mlp): GPTNeoXMLP(
          (dense_h_to_4h): Linear(in_features=2048, out_features=8192, bias=True)
          (dense_4h_to_h): Linear(in_features=8192, out_features=2048, bias=True)
          (act): GELUActivation()
        )
      )
    )
    (final_layer_norm): LayerNorm((2048,), eps=1e-05, elementwise_affine=True)
    (rotary_emb): GPTNeoXRotaryEmbedding()
  )
  (embed_out): Linear(in_features=2048, out_features=50304, bias=False)
)
Using standard logit lens
No pad token found; setting pad token to eos token
***** Task = CAPITALS-RECALL *****
* PREFIX FOR EVALUATION: The capital of Australia is
* ANSWER OPTIONS: [('correct', 'Canberra'), ('incorrect', 'Sydney')]
* PREFIX FOR EVALUATION: The capital of Brazil is
* ANSWER OPTIONS: [('correct', 'Brasilia'), ('incorrect', 'Rio de Janeiro')]
* PREFIX FOR EVALUATION: The capital of Canada is
* ANSWER OPTIONS: [('correct', 'Ottawa'), ('incorrect', 'Toronto')]
* PREFIX FOR EVALUATION: The capital of India is
* ANSWER OPTIONS: [('correct', 'New Delhi'), ('incorrect', 'Mumbai')]
* PREFIX FOR EVALUATION: The capital of Morrocco is
* ANSWER OPTIONS: [('correct', 'Rabat'), ('incorrect', 'Marrakesh')]
* PREFIX FOR EVALUATION: The capital of New Zealand is
* ANSWER OPTIONS: [('correct', 'Wellington'), ('incorrect', 'Auckland')]
* PREFIX FOR EVALUATION: The capital of Pakistan is
* ANSWER OPTIONS: [('correct', 'Islamabad'), ('incorrect', 'Karachi')]
* PREFIX FOR EVALUATION: The capital of South Africa is
* ANSWER OPTIONS: [('correct', 'Pretoria'), ('incorrect', 'Johannesburg')]
* PREFIX FOR EVALUATION: The capital of Switzerland is
* ANSWER OPTIONS: [('correct', 'Bern'), ('incorrect', 'Zurich')]
* PREFIX FOR EVALUATION: The capital of Turkey is
* ANSWER OPTIONS: [('correct', 'Ankara'), ('incorrect', 'Istanbul')]
* PREFIX FOR EVALUATION: The capital of the United Arab Emirates is
* ANSWER OPTIONS: [('correct', 'Abu Dhabi'), ('incorrect', 'Dubai')]
* PREFIX FOR EVALUATION: The capital of Alabama is
* ANSWER OPTIONS: [('correct', 'Montgomery'), ('incorrect', 'Birmingham')]
* PREFIX FOR EVALUATION: The capital of Alaska is
* ANSWER OPTIONS: [('correct', 'Juneau'), ('incorrect', 'Anchorage')]
* PREFIX FOR EVALUATION: The capital of California is
* ANSWER OPTIONS: [('correct', 'Sacramento'), ('incorrect', 'Los Angeles')]
* PREFIX FOR EVALUATION: The capital of Connecticut is
* ANSWER OPTIONS: [('correct', 'Hartford'), ('incorrect', 'Bridgeport')]
* PREFIX FOR EVALUATION: The capital of Delaware is
* ANSWER OPTIONS: [('correct', 'Dover'), ('incorrect', 'Wilmington')]
* PREFIX FOR EVALUATION: The capital of Florida is
* ANSWER OPTIONS: [('correct', 'Tallahassee'), ('incorrect', 'Jacksonville')]
* PREFIX FOR EVALUATION: The capital of Illinois is
* ANSWER OPTIONS: [('correct', 'Springfield'), ('incorrect', 'Chicago')]
* PREFIX FOR EVALUATION: The capital of Kansas is
* ANSWER OPTIONS: [('correct', 'Topeka'), ('incorrect', 'Wichita')]
* PREFIX FOR EVALUATION: The capital of Kentucky is
* ANSWER OPTIONS: [('correct', 'Frankfort'), ('incorrect', 'Louisville')]
* PREFIX FOR EVALUATION: The capital of Louisiana is
* ANSWER OPTIONS: [('correct', 'Baton Rouge'), ('incorrect', 'New Orleans')]
* PREFIX FOR EVALUATION: The capital of Maine is
* ANSWER OPTIONS: [('correct', 'Augusta'), ('incorrect', 'Portland')]
* PREFIX FOR EVALUATION: The capital of Maryland is
* ANSWER OPTIONS: [('correct', 'Annapolis'), ('incorrect', 'Baltimore')]
* PREFIX FOR EVALUATION: The capital of Michigan is
* ANSWER OPTIONS: [('correct', 'Lansing'), ('incorrect', 'Detroit')]
* PREFIX FOR EVALUATION: The capital of Minnesota is
* ANSWER OPTIONS: [('correct', 'St. Paul'), ('incorrect', 'Minneapolis')]
* PREFIX FOR EVALUATION: The capital of Montana is
* ANSWER OPTIONS: [('correct', 'Helena'), ('incorrect', 'Billings')]
* PREFIX FOR EVALUATION: The capital of Nebraska is
* ANSWER OPTIONS: [('correct', 'Lincoln'), ('incorrect', 'Omaha')]
* PREFIX FOR EVALUATION: The capital of Nevada is
* ANSWER OPTIONS: [('correct', 'Carson City'), ('incorrect', 'Las Vegas')]
* PREFIX FOR EVALUATION: The capital of New Hampshire is
* ANSWER OPTIONS: [('correct', 'Concord'), ('incorrect', 'Manchester')]
* PREFIX FOR EVALUATION: The capital of New Jersey is
* ANSWER OPTIONS: [('correct', 'Trenton'), ('incorrect', 'Newark')]
* PREFIX FOR EVALUATION: The capital of New Mexico is
* ANSWER OPTIONS: [('correct', 'Santa Fe'), ('incorrect', 'Albuquerque')]
* PREFIX FOR EVALUATION: The capital of New York is
* ANSWER OPTIONS: [('correct', 'Albany'), ('incorrect', 'New York')]
* PREFIX FOR EVALUATION: The capital of North Carolina is
* ANSWER OPTIONS: [('correct', 'Raleigh'), ('incorrect', 'Charlotte')]
* PREFIX FOR EVALUATION: The capital of North Dakota is
* ANSWER OPTIONS: [('correct', 'Bismarck'), ('incorrect', 'Fargo')]
* PREFIX FOR EVALUATION: The capital of Oregon is
* ANSWER OPTIONS: [('correct', 'Salem'), ('incorrect', 'Portland')]
* PREFIX FOR EVALUATION: The capital of Pennsylvania is
* ANSWER OPTIONS: [('correct', 'Harrisburg'), ('incorrect', 'Philadelphia')]
* PREFIX FOR EVALUATION: The capital of South Dakota is
* ANSWER OPTIONS: [('correct', 'Pierre'), ('incorrect', 'Sioux Falls')]
* PREFIX FOR EVALUATION: The capital of Texas is
* ANSWER OPTIONS: [('correct', 'Austin'), ('incorrect', 'Houston')]
* PREFIX FOR EVALUATION: The capital of Vermont is
* ANSWER OPTIONS: [('correct', 'Montpelier'), ('incorrect', 'Burlington')]
* PREFIX FOR EVALUATION: The capital of Virginia is
* ANSWER OPTIONS: [('correct', 'Richmond'), ('incorrect', 'Virginia Beach')]
* PREFIX FOR EVALUATION: The capital of Washington is
* ANSWER OPTIONS: [('correct', 'Olympia'), ('incorrect', 'Seattle')]
* PREFIX FOR EVALUATION: The capital of Wisconsin is
* ANSWER OPTIONS: [('correct', 'Madison'), ('incorrect', 'Milwaukee')]
* PREFIX FOR EVALUATION: The capital of Austria is
* ANSWER OPTIONS: [('correct', 'Vienna'), ('incorrect', 'Graz')]
* PREFIX FOR EVALUATION: The capital of Egypt is
* ANSWER OPTIONS: [('correct', 'Cairo'), ('incorrect', 'Alexandria')]
* PREFIX FOR EVALUATION: The capital of France is
* ANSWER OPTIONS: [('correct', 'Paris'), ('incorrect', 'Marseille')]
* PREFIX FOR EVALUATION: The capital of Germany is
* ANSWER OPTIONS: [('correct', 'Berlin'), ('incorrect', 'Hamburg')]
* PREFIX FOR EVALUATION: The capital of Italy is
* ANSWER OPTIONS: [('correct', 'Rome'), ('incorrect', 'Milan')]
* PREFIX FOR EVALUATION: The capital of Japan is
* ANSWER OPTIONS: [('correct', 'Tokyo'), ('incorrect', 'Yokohama')]
* PREFIX FOR EVALUATION: The capital of Korea is
* ANSWER OPTIONS: [('correct', 'Seoul'), ('incorrect', 'Busan')]
* PREFIX FOR EVALUATION: The capital of Russia is
* ANSWER OPTIONS: [('correct', 'Moscow'), ('incorrect', 'Saint Petersburg')]
* PREFIX FOR EVALUATION: The capital of Spain is
* ANSWER OPTIONS: [('correct', 'Madrid'), ('incorrect', 'Barcelona')]
* PREFIX FOR EVALUATION: The capital of Sweden is
* ANSWER OPTIONS: [('correct', 'Stockholm'), ('incorrect', 'Gothenburg')]
* PREFIX FOR EVALUATION: The capital of the United Kingdom is
* ANSWER OPTIONS: [('correct', 'London'), ('incorrect', 'Birmingham')]
* PREFIX FOR EVALUATION: The capital of Arizona is
* ANSWER OPTIONS: [('correct', 'Phoenix'), ('incorrect', 'Tucson')]
* PREFIX FOR EVALUATION: The capital of Colorado is
* ANSWER OPTIONS: [('correct', 'Denver'), ('incorrect', 'Colorado Springs')]
* PREFIX FOR EVALUATION: The capital of Georgia is
* ANSWER OPTIONS: [('correct', 'Atlanta'), ('incorrect', 'Augusta')]
* PREFIX FOR EVALUATION: The capital of Hawaii is
* ANSWER OPTIONS: [('correct', 'Honolulu'), ('incorrect', 'Hilo')]
* PREFIX FOR EVALUATION: The capital of Idaho is
* ANSWER OPTIONS: [('correct', 'Boise'), ('incorrect', 'Meridian')]
* PREFIX FOR EVALUATION: The capital of Massachusetts is
* ANSWER OPTIONS: [('correct', 'Boston'), ('incorrect', 'Worcester')]
* PREFIX FOR EVALUATION: The capital of Ohio is
* ANSWER OPTIONS: [('correct', 'Columbus'), ('incorrect', 'Cleveland')]
* PREFIX FOR EVALUATION: The capital of Rhode Island is
* ANSWER OPTIONS: [('correct', 'Providence'), ('incorrect', 'Warwick')]
* PREFIX FOR EVALUATION: The capital of Tennessee is
* ANSWER OPTIONS: [('correct', 'Nashville'), ('incorrect', 'Memphis')]
Wrote results to data/model_output/logit_lens/capitals-recall_pythia-1.4b.csv
Task capitals-recall complete!

==========================================
Running task: capitals-recognition
==========================================
Namespace(stimuli_dir='data/stimuli', output_dir='data/model_output', cache_dir='/scratch/jhu35/rpandya4/huggingface_cache', prompt_file=None, model='EleutherAI/pythia-1.4b', reduce_precision=False, task=['capitals-recognition'], use_tuned_lens=False)
GPTNeoXForCausalLM(
  (gpt_neox): GPTNeoXModel(
    (embed_in): Embedding(50304, 2048)
    (emb_dropout): Dropout(p=0.0, inplace=False)
    (layers): ModuleList(
      (0-23): 24 x GPTNeoXLayer(
        (input_layernorm): LayerNorm((2048,), eps=1e-05, elementwise_affine=True)
        (post_attention_layernorm): LayerNorm((2048,), eps=1e-05, elementwise_affine=True)
        (post_attention_dropout): Dropout(p=0.0, inplace=False)
        (post_mlp_dropout): Dropout(p=0.0, inplace=False)
        (attention): GPTNeoXAttention(
          (query_key_value): Linear(in_features=2048, out_features=6144, bias=True)
          (dense): Linear(in_features=2048, out_features=2048, bias=True)
        )
        (mlp): GPTNeoXMLP(
          (dense_h_to_4h): Linear(in_features=2048, out_features=8192, bias=True)
          (dense_4h_to_h): Linear(in_features=8192, out_features=2048, bias=True)
          (act): GELUActivation()
        )
      )
    )
    (final_layer_norm): LayerNorm((2048,), eps=1e-05, elementwise_affine=True)
    (rotary_emb): GPTNeoXRotaryEmbedding()
  )
  (embed_out): Linear(in_features=2048, out_features=50304, bias=False)
)
Using standard logit lens
No pad token found; setting pad token to eos token
***** Task = CAPITALS-RECOGNITION *****
* PREFIX FOR EVALUATION: The capital of Australia is either Canberra or Sydney. In fact, the capital of Australia is
* ANSWER OPTIONS: [('correct', 'Canberra'), ('incorrect', 'Sydney')]
* PREFIX FOR EVALUATION: The capital of Australia is either Sydney or Canberra. In fact, the capital of Australia is
* ANSWER OPTIONS: [('correct', 'Canberra'), ('incorrect', 'Sydney')]
* PREFIX FOR EVALUATION: The capital of Brazil is either Brasilia or Rio de Janeiro. In fact, the capital of Brazil is
* ANSWER OPTIONS: [('correct', 'Brasilia'), ('incorrect', 'Rio de Janeiro')]
* PREFIX FOR EVALUATION: The capital of Brazil is either Rio de Janeiro or Brasilia. In fact, the capital of Brazil is
* ANSWER OPTIONS: [('correct', 'Brasilia'), ('incorrect', 'Rio de Janeiro')]
* PREFIX FOR EVALUATION: The capital of Canada is either Ottawa or Toronto. In fact, the capital of Canada is
* ANSWER OPTIONS: [('correct', 'Ottawa'), ('incorrect', 'Toronto')]
* PREFIX FOR EVALUATION: The capital of Canada is either Toronto or Ottawa. In fact, the capital of Canada is
* ANSWER OPTIONS: [('correct', 'Ottawa'), ('incorrect', 'Toronto')]
* PREFIX FOR EVALUATION: The capital of India is either New Delhi or Mumbai. In fact, the capital of India is
* ANSWER OPTIONS: [('correct', 'New Delhi'), ('incorrect', 'Mumbai')]
* PREFIX FOR EVALUATION: The capital of India is either Mumbai or New Delhi. In fact, the capital of India is
* ANSWER OPTIONS: [('correct', 'New Delhi'), ('incorrect', 'Mumbai')]
* PREFIX FOR EVALUATION: The capital of Morrocco is either Rabat or Marrakesh. In fact, the capital of Morrocco is
* ANSWER OPTIONS: [('correct', 'Rabat'), ('incorrect', 'Marrakesh')]
* PREFIX FOR EVALUATION: The capital of Morrocco is either Marrakesh or Rabat. In fact, the capital of Morrocco is
* ANSWER OPTIONS: [('correct', 'Rabat'), ('incorrect', 'Marrakesh')]
* PREFIX FOR EVALUATION: The capital of New Zealand is either Wellington or Auckland. In fact, the capital of New Zealand is
* ANSWER OPTIONS: [('correct', 'Wellington'), ('incorrect', 'Auckland')]
* PREFIX FOR EVALUATION: The capital of New Zealand is either Auckland or Wellington. In fact, the capital of New Zealand is
* ANSWER OPTIONS: [('correct', 'Wellington'), ('incorrect', 'Auckland')]
* PREFIX FOR EVALUATION: The capital of Pakistan is either Islamabad or Karachi. In fact, the capital of Pakistan is
* ANSWER OPTIONS: [('correct', 'Islamabad'), ('incorrect', 'Karachi')]
* PREFIX FOR EVALUATION: The capital of Pakistan is either Karachi or Islamabad. In fact, the capital of Pakistan is
* ANSWER OPTIONS: [('correct', 'Islamabad'), ('incorrect', 'Karachi')]
* PREFIX FOR EVALUATION: The capital of South Africa is either Pretoria or Johannesburg. In fact, the capital of South Africa is
* ANSWER OPTIONS: [('correct', 'Pretoria'), ('incorrect', 'Johannesburg')]
* PREFIX FOR EVALUATION: The capital of South Africa is either Johannesburg or Pretoria. In fact, the capital of South Africa is
* ANSWER OPTIONS: [('correct', 'Pretoria'), ('incorrect', 'Johannesburg')]
* PREFIX FOR EVALUATION: The capital of Switzerland is either Bern or Zurich. In fact, the capital of Switzerland is
* ANSWER OPTIONS: [('correct', 'Bern'), ('incorrect', 'Zurich')]
* PREFIX FOR EVALUATION: The capital of Switzerland is either Zurich or Bern. In fact, the capital of Switzerland is
* ANSWER OPTIONS: [('correct', 'Bern'), ('incorrect', 'Zurich')]
* PREFIX FOR EVALUATION: The capital of Turkey is either Ankara or Istanbul. In fact, the capital of Turkey is
* ANSWER OPTIONS: [('correct', 'Ankara'), ('incorrect', 'Istanbul')]
* PREFIX FOR EVALUATION: The capital of Turkey is either Istanbul or Ankara. In fact, the capital of Turkey is
* ANSWER OPTIONS: [('correct', 'Ankara'), ('incorrect', 'Istanbul')]
* PREFIX FOR EVALUATION: The capital of United Arab Emirates is either Abu Dhabi or Dubai. In fact, the capital of the United Arab Emirates is
* ANSWER OPTIONS: [('correct', 'Abu Dhabi'), ('incorrect', 'Dubai')]
* PREFIX FOR EVALUATION: The capital of United Arab Emirates is either Dubai or Abu Dhabi. In fact, the capital of the United Arab Emirates is
* ANSWER OPTIONS: [('correct', 'Abu Dhabi'), ('incorrect', 'Dubai')]
* PREFIX FOR EVALUATION: The capital of Alabama is either Montgomery or Birmingham. In fact, the capital of Alabama is
* ANSWER OPTIONS: [('correct', 'Montgomery'), ('incorrect', 'Birmingham')]
* PREFIX FOR EVALUATION: The capital of Alabama is either Birmingham or Montgomery. In fact, the capital of Alabama is
* ANSWER OPTIONS: [('correct', 'Montgomery'), ('incorrect', 'Birmingham')]
* PREFIX FOR EVALUATION: The capital of Alaska is either Juneau or Anchorage. In fact, the capital of Alaska is
* ANSWER OPTIONS: [('correct', 'Juneau'), ('incorrect', 'Anchorage')]
* PREFIX FOR EVALUATION: The capital of Alaska is either Anchorage or Juneau. In fact, the capital of Alaska is
* ANSWER OPTIONS: [('correct', 'Juneau'), ('incorrect', 'Anchorage')]
* PREFIX FOR EVALUATION: The capital of California is either Sacramento or Los Angeles. In fact, the capital of California is
* ANSWER OPTIONS: [('correct', 'Sacramento'), ('incorrect', 'Los Angeles')]
* PREFIX FOR EVALUATION: The capital of California is either Los Angeles or Sacramento. In fact, the capital of California is
* ANSWER OPTIONS: [('correct', 'Sacramento'), ('incorrect', 'Los Angeles')]
* PREFIX FOR EVALUATION: The capital of Connecticut is either Hartford or Bridgeport. In fact, the capital of Connecticut is
* ANSWER OPTIONS: [('correct', 'Hartford'), ('incorrect', 'Bridgeport')]
* PREFIX FOR EVALUATION: The capital of Connecticut is either Bridgeport or Hartford. In fact, the capital of Connecticut is
* ANSWER OPTIONS: [('correct', 'Hartford'), ('incorrect', 'Bridgeport')]
* PREFIX FOR EVALUATION: The capital of Delaware is either Dover or Wilmington. In fact, the capital of Delaware is
* ANSWER OPTIONS: [('correct', 'Dover'), ('incorrect', 'Wilmington')]
* PREFIX FOR EVALUATION: The capital of Delaware is either Wilmington or Dover. In fact, the capital of Delaware is
* ANSWER OPTIONS: [('correct', 'Dover'), ('incorrect', 'Wilmington')]
* PREFIX FOR EVALUATION: The capital of Florida is either Tallahassee or Jacksonville. In fact, the capital of Florida is
* ANSWER OPTIONS: [('correct', 'Tallahassee'), ('incorrect', 'Jacksonville')]
* PREFIX FOR EVALUATION: The capital of Florida is either Jacksonville or Tallahassee. In fact, the capital of Florida is
* ANSWER OPTIONS: [('correct', 'Tallahassee'), ('incorrect', 'Jacksonville')]
* PREFIX FOR EVALUATION: The capital of Illinois is either Springfield or Chicago. In fact, the capital of Illinois is
* ANSWER OPTIONS: [('correct', 'Springfield'), ('incorrect', 'Chicago')]
* PREFIX FOR EVALUATION: The capital of Illinois is either Chicago or Springfield. In fact, the capital of Illinois is
* ANSWER OPTIONS: [('correct', 'Springfield'), ('incorrect', 'Chicago')]
* PREFIX FOR EVALUATION: The capital of Kansas is either Topeka or Wichita. In fact, the capital of Kansas is
* ANSWER OPTIONS: [('correct', 'Topeka'), ('incorrect', 'Wichita')]
* PREFIX FOR EVALUATION: The capital of Kansas is either Wichita or Topeka. In fact, the capital of Kansas is
* ANSWER OPTIONS: [('correct', 'Topeka'), ('incorrect', 'Wichita')]
* PREFIX FOR EVALUATION: The capital of Kentucky is either Frankfort or Louisville. In fact, the capital of Kentucky is
* ANSWER OPTIONS: [('correct', 'Frankfort'), ('incorrect', 'Louisville')]
* PREFIX FOR EVALUATION: The capital of Kentucky is either Louisville or Frankfort. In fact, the capital of Kentucky is
* ANSWER OPTIONS: [('correct', 'Frankfort'), ('incorrect', 'Louisville')]
* PREFIX FOR EVALUATION: The capital of Louisiana is either Baton Rouge or New Orleans. In fact, the capital of Louisiana is
* ANSWER OPTIONS: [('correct', 'Baton Rouge'), ('incorrect', 'New Orleans')]
* PREFIX FOR EVALUATION: The capital of Louisiana is either New Orleans or Baton Rouge. In fact, the capital of Louisiana is
* ANSWER OPTIONS: [('correct', 'Baton Rouge'), ('incorrect', 'New Orleans')]
* PREFIX FOR EVALUATION: The capital of Maine is either Augusta or Portland. In fact, the capital of Maine is
* ANSWER OPTIONS: [('correct', 'Augusta'), ('incorrect', 'Portland')]
* PREFIX FOR EVALUATION: The capital of Maine is either Portland or Augusta. In fact, the capital of Maine is
* ANSWER OPTIONS: [('correct', 'Augusta'), ('incorrect', 'Portland')]
* PREFIX FOR EVALUATION: The capital of Maryland is either Annapolis or Baltimore. In fact, the capital of Maryland is
* ANSWER OPTIONS: [('correct', 'Annapolis'), ('incorrect', 'Baltimore')]
* PREFIX FOR EVALUATION: The capital of Maryland is either Baltimore or Annapolis. In fact, the capital of Maryland is
* ANSWER OPTIONS: [('correct', 'Annapolis'), ('incorrect', 'Baltimore')]
* PREFIX FOR EVALUATION: The capital of Michigan is either Lansing or Detroit. In fact, the capital of Michigan is
* ANSWER OPTIONS: [('correct', 'Lansing'), ('incorrect', 'Detroit')]
* PREFIX FOR EVALUATION: The capital of Michigan is either Detroit or Lansing. In fact, the capital of Michigan is
* ANSWER OPTIONS: [('correct', 'Lansing'), ('incorrect', 'Detroit')]
* PREFIX FOR EVALUATION: The capital of Minnesota is either St. Paul or Minneapolis. In fact, the capital of Minnesota is
* ANSWER OPTIONS: [('correct', 'St. Paul'), ('incorrect', 'Minneapolis')]
* PREFIX FOR EVALUATION: The capital of Minnesota is either Minneapolis or St. Paul. In fact, the capital of Minnesota is
* ANSWER OPTIONS: [('correct', 'St. Paul'), ('incorrect', 'Minneapolis')]
* PREFIX FOR EVALUATION: The capital of Montana is either Helena or Billings. In fact, the capital of Montana is
* ANSWER OPTIONS: [('correct', 'Helena'), ('incorrect', 'Billings')]
* PREFIX FOR EVALUATION: The capital of Montana is either Billings or Helena. In fact, the capital of Montana is
* ANSWER OPTIONS: [('correct', 'Helena'), ('incorrect', 'Billings')]
* PREFIX FOR EVALUATION: The capital of Nebraska is either Lincoln or Omaha. In fact, the capital of Nebraska is
* ANSWER OPTIONS: [('correct', 'Lincoln'), ('incorrect', 'Omaha')]
* PREFIX FOR EVALUATION: The capital of Nebraska is either Omaha or Lincoln. In fact, the capital of Nebraska is
* ANSWER OPTIONS: [('correct', 'Lincoln'), ('incorrect', 'Omaha')]
* PREFIX FOR EVALUATION: The capital of Nevada is either Carson City or Las Vegas. In fact, the capital of Nevada is
* ANSWER OPTIONS: [('correct', 'Carson City'), ('incorrect', 'Las Vegas')]
* PREFIX FOR EVALUATION: The capital of Nevada is either Las Vegas or Carson City. In fact, the capital of Nevada is
* ANSWER OPTIONS: [('correct', 'Carson City'), ('incorrect', 'Las Vegas')]
* PREFIX FOR EVALUATION: The capital of New Hampshire is either Concord or Manchester. In fact, the capital of New Hampshire is
* ANSWER OPTIONS: [('correct', 'Concord'), ('incorrect', 'Manchester')]
* PREFIX FOR EVALUATION: The capital of New Hampshire is either Manchester or Concord. In fact, the capital of New Hampshire is
* ANSWER OPTIONS: [('correct', 'Concord'), ('incorrect', 'Manchester')]
* PREFIX FOR EVALUATION: The capital of New Jersey is either Trenton or Newark. In fact, the capital of New Jersey is
* ANSWER OPTIONS: [('correct', 'Trenton'), ('incorrect', 'Newark')]
* PREFIX FOR EVALUATION: The capital of New Jersey is either Newark or Trenton. In fact, the capital of New Jersey is
* ANSWER OPTIONS: [('correct', 'Trenton'), ('incorrect', 'Newark')]
* PREFIX FOR EVALUATION: The capital of New Mexico is either Santa Fe or Albuquerque. In fact, the capital of New Mexico is
* ANSWER OPTIONS: [('correct', 'Santa Fe'), ('incorrect', 'Albuquerque')]
* PREFIX FOR EVALUATION: The capital of New Mexico is either Albuquerque or Santa Fe. In fact, the capital of New Mexico is
* ANSWER OPTIONS: [('correct', 'Santa Fe'), ('incorrect', 'Albuquerque')]
* PREFIX FOR EVALUATION: The capital of New York is either Albany or New York. In fact, the capital of New York is
* ANSWER OPTIONS: [('correct', 'Albany'), ('incorrect', 'New York')]
* PREFIX FOR EVALUATION: The capital of New York is either New York or Albany. In fact, the capital of New York is
* ANSWER OPTIONS: [('correct', 'Albany'), ('incorrect', 'New York')]
* PREFIX FOR EVALUATION: The capital of North Carolina is either Raleigh or Charlotte. In fact, the capital of North Carolina is
* ANSWER OPTIONS: [('correct', 'Raleigh'), ('incorrect', 'Charlotte')]
* PREFIX FOR EVALUATION: The capital of North Carolina is either Charlotte or Raleigh. In fact, the capital of North Carolina is
* ANSWER OPTIONS: [('correct', 'Raleigh'), ('incorrect', 'Charlotte')]
* PREFIX FOR EVALUATION: The capital of North Dakota is either Bismarck or Fargo. In fact, the capital of North Dakota is
* ANSWER OPTIONS: [('correct', 'Bismarck'), ('incorrect', 'Fargo')]
* PREFIX FOR EVALUATION: The capital of North Dakota is either Fargo or Bismarck. In fact, the capital of North Dakota is
* ANSWER OPTIONS: [('correct', 'Bismarck'), ('incorrect', 'Fargo')]
* PREFIX FOR EVALUATION: The capital of Oregon is either Salem or Portland. In fact, the capital of Oregon is
* ANSWER OPTIONS: [('correct', 'Salem'), ('incorrect', 'Portland')]
* PREFIX FOR EVALUATION: The capital of Oregon is either Portland or Salem. In fact, the capital of Oregon is
* ANSWER OPTIONS: [('correct', 'Salem'), ('incorrect', 'Portland')]
* PREFIX FOR EVALUATION: The capital of Pennsylvania is either Harrisburg or Philadelphia. In fact, the capital of Pennsylvania is
* ANSWER OPTIONS: [('correct', 'Harrisburg'), ('incorrect', 'Philadelphia')]
* PREFIX FOR EVALUATION: The capital of Pennsylvania is either Philadelphia or Harrisburg. In fact, the capital of Pennsylvania is
* ANSWER OPTIONS: [('correct', 'Harrisburg'), ('incorrect', 'Philadelphia')]
* PREFIX FOR EVALUATION: The capital of South Dakota is either Pierre or Sioux Falls. In fact, the capital of South Dakota is
* ANSWER OPTIONS: [('correct', 'Pierre'), ('incorrect', 'Sioux Falls')]
* PREFIX FOR EVALUATION: The capital of South Dakota is either Sioux Falls or Pierre. In fact, the capital of South Dakota is
* ANSWER OPTIONS: [('correct', 'Pierre'), ('incorrect', 'Sioux Falls')]
* PREFIX FOR EVALUATION: The capital of Texas is either Austin or Houston. In fact, the capital of Texas is
* ANSWER OPTIONS: [('correct', 'Austin'), ('incorrect', 'Houston')]
* PREFIX FOR EVALUATION: The capital of Texas is either Houston or Austin. In fact, the capital of Texas is
* ANSWER OPTIONS: [('correct', 'Austin'), ('incorrect', 'Houston')]
* PREFIX FOR EVALUATION: The capital of Vermont is either Montpelier or Burlington. In fact, the capital of Vermont is
* ANSWER OPTIONS: [('correct', 'Montpelier'), ('incorrect', 'Burlington')]
* PREFIX FOR EVALUATION: The capital of Vermont is either Burlington or Montpelier. In fact, the capital of Vermont is
* ANSWER OPTIONS: [('correct', 'Montpelier'), ('incorrect', 'Burlington')]
* PREFIX FOR EVALUATION: The capital of Virginia is either Richmond or Virginia Beach. In fact, the capital of Virginia is
* ANSWER OPTIONS: [('correct', 'Richmond'), ('incorrect', 'Virginia Beach')]
* PREFIX FOR EVALUATION: The capital of Virginia is either Virginia Beach or Richmond. In fact, the capital of Virginia is
* ANSWER OPTIONS: [('correct', 'Richmond'), ('incorrect', 'Virginia Beach')]
* PREFIX FOR EVALUATION: The capital of Washington is either Olympia or Seattle. In fact, the capital of Washington is
* ANSWER OPTIONS: [('correct', 'Olympia'), ('incorrect', 'Seattle')]
* PREFIX FOR EVALUATION: The capital of Washington is either Seattle or Olympia. In fact, the capital of Washington is
* ANSWER OPTIONS: [('correct', 'Olympia'), ('incorrect', 'Seattle')]
* PREFIX FOR EVALUATION: The capital of Wisconsin is either Madison or Milwaukee. In fact, the capital of Wisconsin is
* ANSWER OPTIONS: [('correct', 'Madison'), ('incorrect', 'Milwaukee')]
* PREFIX FOR EVALUATION: The capital of Wisconsin is either Milwaukee or Madison. In fact, the capital of Wisconsin is
* ANSWER OPTIONS: [('correct', 'Madison'), ('incorrect', 'Milwaukee')]
* PREFIX FOR EVALUATION: The capital of Austria is either Vienna or Graz. In fact, the capital of Austria is
* ANSWER OPTIONS: [('correct', 'Vienna'), ('incorrect', 'Graz')]
* PREFIX FOR EVALUATION: The capital of Austria is either Graz or Vienna. In fact, the capital of Austria is
* ANSWER OPTIONS: [('correct', 'Vienna'), ('incorrect', 'Graz')]
* PREFIX FOR EVALUATION: The capital of Egypt is either Cairo or Alexandria. In fact, the capital of Egypt is
* ANSWER OPTIONS: [('correct', 'Cairo'), ('incorrect', 'Alexandria')]
* PREFIX FOR EVALUATION: The capital of Egypt is either Alexandria or Cairo. In fact, the capital of Egypt is
* ANSWER OPTIONS: [('correct', 'Cairo'), ('incorrect', 'Alexandria')]
* PREFIX FOR EVALUATION: The capital of France is either Paris or Marseille. In fact, the capital of France is
* ANSWER OPTIONS: [('correct', 'Paris'), ('incorrect', 'Marseille')]
* PREFIX FOR EVALUATION: The capital of France is either Marseille or Paris. In fact, the capital of France is
* ANSWER OPTIONS: [('correct', 'Paris'), ('incorrect', 'Marseille')]
* PREFIX FOR EVALUATION: The capital of Germany is either Berlin or Hamburg. In fact, the capital of Germany is
* ANSWER OPTIONS: [('correct', 'Berlin'), ('incorrect', 'Hamburg')]
* PREFIX FOR EVALUATION: The capital of Germany is either Hamburg or Berlin. In fact, the capital of Germany is
* ANSWER OPTIONS: [('correct', 'Berlin'), ('incorrect', 'Hamburg')]
* PREFIX FOR EVALUATION: The capital of Italy is either Rome or Milan. In fact, the capital of Italy is
* ANSWER OPTIONS: [('correct', 'Rome'), ('incorrect', 'Milan')]
* PREFIX FOR EVALUATION: The capital of Italy is either Milan or Rome. In fact, the capital of Italy is
* ANSWER OPTIONS: [('correct', 'Rome'), ('incorrect', 'Milan')]
* PREFIX FOR EVALUATION: The capital of Japan is either Tokyo or Yokohama. In fact, the capital of Japan is
* ANSWER OPTIONS: [('correct', 'Tokyo'), ('incorrect', 'Yokohama')]
* PREFIX FOR EVALUATION: The capital of Japan is either Yokohama or Tokyo. In fact, the capital of Japan is
* ANSWER OPTIONS: [('correct', 'Tokyo'), ('incorrect', 'Yokohama')]
* PREFIX FOR EVALUATION: The capital of Korea is either Seoul or Busan. In fact, the capital of Korea is
* ANSWER OPTIONS: [('correct', 'Seoul'), ('incorrect', 'Busan')]
* PREFIX FOR EVALUATION: The capital of Korea is either Busan or Seoul. In fact, the capital of Korea is
* ANSWER OPTIONS: [('correct', 'Seoul'), ('incorrect', 'Busan')]
* PREFIX FOR EVALUATION: The capital of Russia is either Moscow or Saint Petersburg. In fact, the capital of Russia is
* ANSWER OPTIONS: [('correct', 'Moscow'), ('incorrect', 'Saint Petersburg')]
* PREFIX FOR EVALUATION: The capital of Russia is either Saint Petersburg or Moscow. In fact, the capital of Russia is
* ANSWER OPTIONS: [('correct', 'Moscow'), ('incorrect', 'Saint Petersburg')]
* PREFIX FOR EVALUATION: The capital of Spain is either Madrid or Barcelona. In fact, the capital of Spain is
* ANSWER OPTIONS: [('correct', 'Madrid'), ('incorrect', 'Barcelona')]
* PREFIX FOR EVALUATION: The capital of Spain is either Barcelona or Madrid. In fact, the capital of Spain is
* ANSWER OPTIONS: [('correct', 'Madrid'), ('incorrect', 'Barcelona')]
* PREFIX FOR EVALUATION: The capital of Sweden is either Stockholm or Gothenburg. In fact, the capital of Sweden is
* ANSWER OPTIONS: [('correct', 'Stockholm'), ('incorrect', 'Gothenburg')]
* PREFIX FOR EVALUATION: The capital of Sweden is either Gothenburg or Stockholm. In fact, the capital of Sweden is
* ANSWER OPTIONS: [('correct', 'Stockholm'), ('incorrect', 'Gothenburg')]
* PREFIX FOR EVALUATION: The capital of United Kingdom is either London or Birmingham. In fact, the capital of the United Kingdom is
* ANSWER OPTIONS: [('correct', 'London'), ('incorrect', 'Birmingham')]
* PREFIX FOR EVALUATION: The capital of United Kingdom is either Birmingham or London. In fact, the capital of the United Kingdom is
* ANSWER OPTIONS: [('correct', 'London'), ('incorrect', 'Birmingham')]
* PREFIX FOR EVALUATION: The capital of Arizona is either Phoenix or Tucson. In fact, the capital of Arizona is
* ANSWER OPTIONS: [('correct', 'Phoenix'), ('incorrect', 'Tucson')]
* PREFIX FOR EVALUATION: The capital of Arizona is either Tucson or Phoenix. In fact, the capital of Arizona is
* ANSWER OPTIONS: [('correct', 'Phoenix'), ('incorrect', 'Tucson')]
* PREFIX FOR EVALUATION: The capital of Colorado is either Denver or Colorado Springs. In fact, the capital of Colorado is
* ANSWER OPTIONS: [('correct', 'Denver'), ('incorrect', 'Colorado Springs')]
* PREFIX FOR EVALUATION: The capital of Colorado is either Colorado Springs or Denver. In fact, the capital of Colorado is
* ANSWER OPTIONS: [('correct', 'Denver'), ('incorrect', 'Colorado Springs')]
* PREFIX FOR EVALUATION: The capital of Georgia is either Atlanta or Augusta. In fact, the capital of Georgia is
* ANSWER OPTIONS: [('correct', 'Atlanta'), ('incorrect', 'Augusta')]
* PREFIX FOR EVALUATION: The capital of Georgia is either Augusta or Atlanta. In fact, the capital of Georgia is
* ANSWER OPTIONS: [('correct', 'Atlanta'), ('incorrect', 'Augusta')]
* PREFIX FOR EVALUATION: The capital of Hawaii is either Honolulu or Hilo. In fact, the capital of Hawaii is
* ANSWER OPTIONS: [('correct', 'Honolulu'), ('incorrect', 'Hilo')]
* PREFIX FOR EVALUATION: The capital of Hawaii is either Hilo or Honolulu. In fact, the capital of Hawaii is
* ANSWER OPTIONS: [('correct', 'Honolulu'), ('incorrect', 'Hilo')]
* PREFIX FOR EVALUATION: The capital of Idaho is either Boise or Meridian. In fact, the capital of Idaho is
* ANSWER OPTIONS: [('correct', 'Boise'), ('incorrect', 'Meridian')]
* PREFIX FOR EVALUATION: The capital of Idaho is either Meridian or Boise. In fact, the capital of Idaho is
* ANSWER OPTIONS: [('correct', 'Boise'), ('incorrect', 'Meridian')]
* PREFIX FOR EVALUATION: The capital of Massachusetts is either Boston or Worcester. In fact, the capital of Massachusetts is
* ANSWER OPTIONS: [('correct', 'Boston'), ('incorrect', 'Worcester')]
* PREFIX FOR EVALUATION: The capital of Massachusetts is either Worcester or Boston. In fact, the capital of Massachusetts is
* ANSWER OPTIONS: [('correct', 'Boston'), ('incorrect', 'Worcester')]
* PREFIX FOR EVALUATION: The capital of Ohio is either Columbus or Cleveland. In fact, the capital of Ohio is
* ANSWER OPTIONS: [('correct', 'Columbus'), ('incorrect', 'Cleveland')]
* PREFIX FOR EVALUATION: The capital of Ohio is either Cleveland or Columbus. In fact, the capital of Ohio is
* ANSWER OPTIONS: [('correct', 'Columbus'), ('incorrect', 'Cleveland')]
* PREFIX FOR EVALUATION: The capital of Rhode Island is either Providence or Warwick. In fact, the capital of Rhode Island is
* ANSWER OPTIONS: [('correct', 'Providence'), ('incorrect', 'Warwick')]
* PREFIX FOR EVALUATION: The capital of Rhode Island is either Warwick or Providence. In fact, the capital of Rhode Island is
* ANSWER OPTIONS: [('correct', 'Providence'), ('incorrect', 'Warwick')]
* PREFIX FOR EVALUATION: The capital of Tennessee is either Nashville or Memphis. In fact, the capital of Tennessee is
* ANSWER OPTIONS: [('correct', 'Nashville'), ('incorrect', 'Memphis')]
* PREFIX FOR EVALUATION: The capital of Tennessee is either Memphis or Nashville. In fact, the capital of Tennessee is
* ANSWER OPTIONS: [('correct', 'Nashville'), ('incorrect', 'Memphis')]
Wrote results to data/model_output/logit_lens/capitals-recognition_pythia-1.4b.csv
Task capitals-recognition complete!

==========================================
Running task: animals
==========================================
Namespace(stimuli_dir='data/stimuli', output_dir='data/model_output', cache_dir='/scratch/jhu35/rpandya4/huggingface_cache', prompt_file=None, model='EleutherAI/pythia-1.4b', reduce_precision=False, task=['animals'], use_tuned_lens=False)
GPTNeoXForCausalLM(
  (gpt_neox): GPTNeoXModel(
    (embed_in): Embedding(50304, 2048)
    (emb_dropout): Dropout(p=0.0, inplace=False)
    (layers): ModuleList(
      (0-23): 24 x GPTNeoXLayer(
        (input_layernorm): LayerNorm((2048,), eps=1e-05, elementwise_affine=True)
        (post_attention_layernorm): LayerNorm((2048,), eps=1e-05, elementwise_affine=True)
        (post_attention_dropout): Dropout(p=0.0, inplace=False)
        (post_mlp_dropout): Dropout(p=0.0, inplace=False)
        (attention): GPTNeoXAttention(
          (query_key_value): Linear(in_features=2048, out_features=6144, bias=True)
          (dense): Linear(in_features=2048, out_features=2048, bias=True)
        )
        (mlp): GPTNeoXMLP(
          (dense_h_to_4h): Linear(in_features=2048, out_features=8192, bias=True)
          (dense_4h_to_h): Linear(in_features=8192, out_features=2048, bias=True)
          (act): GELUActivation()
        )
      )
    )
    (final_layer_norm): LayerNorm((2048,), eps=1e-05, elementwise_affine=True)
    (rotary_emb): GPTNeoXRotaryEmbedding()
  )
  (embed_out): Linear(in_features=2048, out_features=50304, bias=False)
)
Using standard logit lens
No pad token found; setting pad token to eos token
***** Task = ANIMALS *****
* PREFIX FOR EVALUATION: An eel is a type of
* ANSWER OPTIONS: [('correct', 'fish'), ('incorrect', 'reptile')]
* PREFIX FOR EVALUATION: A bat is a type of
* ANSWER OPTIONS: [('correct', 'mammal'), ('incorrect', 'bird')]
* PREFIX FOR EVALUATION: A penguin is a type of
* ANSWER OPTIONS: [('correct', 'bird'), ('incorrect', 'fish')]
* PREFIX FOR EVALUATION: A butterfly is a type of
* ANSWER OPTIONS: [('correct', 'insect'), ('incorrect', 'bird')]
* PREFIX FOR EVALUATION: A sea lion is a type of
* ANSWER OPTIONS: [('correct', 'mammal'), ('incorrect', 'fish')]
* PREFIX FOR EVALUATION: A whale is a type of
* ANSWER OPTIONS: [('correct', 'mammal'), ('incorrect', 'fish')]
* PREFIX FOR EVALUATION: An alligator is a type of
* ANSWER OPTIONS: [('correct', 'reptile'), ('incorrect', 'mammal')]
* PREFIX FOR EVALUATION: A chameleon is a type of
* ANSWER OPTIONS: [('correct', 'reptile'), ('incorrect', 'insect')]
* PREFIX FOR EVALUATION: A falcon is a type of
* ANSWER OPTIONS: [('correct', 'bird'), ('incorrect', 'reptile')]
* PREFIX FOR EVALUATION: A goldfish is a type of
* ANSWER OPTIONS: [('correct', 'fish'), ('incorrect', 'amphibian')]
* PREFIX FOR EVALUATION: A shark is a type of
* ANSWER OPTIONS: [('correct', 'fish'), ('incorrect', 'mammal')]
* PREFIX FOR EVALUATION: A dog is a type of
* ANSWER OPTIONS: [('correct', 'mammal'), ('incorrect', 'insect')]
* PREFIX FOR EVALUATION: A rabbit is a type of
* ANSWER OPTIONS: [('correct', 'mammal'), ('incorrect', 'reptile')]
* PREFIX FOR EVALUATION: A cat is a type of
* ANSWER OPTIONS: [('correct', 'mammal'), ('incorrect', 'reptile')]
* PREFIX FOR EVALUATION: A rattlesnake is a type of
* ANSWER OPTIONS: [('correct', 'reptile'), ('incorrect', 'amphibian')]
* PREFIX FOR EVALUATION: A salmon is a type of
* ANSWER OPTIONS: [('correct', 'fish'), ('incorrect', 'mammal')]
* PREFIX FOR EVALUATION: A lion is a type of
* ANSWER OPTIONS: [('correct', 'mammal'), ('incorrect', 'fish')]
* PREFIX FOR EVALUATION: A horse is a type of
* ANSWER OPTIONS: [('correct', 'mammal'), ('incorrect', 'bird')]
* PREFIX FOR EVALUATION: A sparrow is a type of
* ANSWER OPTIONS: [('correct', 'bird'), ('incorrect', 'mammal')]
Wrote results to data/model_output/logit_lens/animals_pythia-1.4b.csv
Task animals complete!

==========================================
Running task: gender
==========================================
Namespace(stimuli_dir='data/stimuli', output_dir='data/model_output', cache_dir='/scratch/jhu35/rpandya4/huggingface_cache', prompt_file=None, model='EleutherAI/pythia-1.4b', reduce_precision=False, task=['gender'], use_tuned_lens=False)
GPTNeoXForCausalLM(
  (gpt_neox): GPTNeoXModel(
    (embed_in): Embedding(50304, 2048)
    (emb_dropout): Dropout(p=0.0, inplace=False)
    (layers): ModuleList(
      (0-23): 24 x GPTNeoXLayer(
        (input_layernorm): LayerNorm((2048,), eps=1e-05, elementwise_affine=True)
        (post_attention_layernorm): LayerNorm((2048,), eps=1e-05, elementwise_affine=True)
        (post_attention_dropout): Dropout(p=0.0, inplace=False)
        (post_mlp_dropout): Dropout(p=0.0, inplace=False)
        (attention): GPTNeoXAttention(
          (query_key_value): Linear(in_features=2048, out_features=6144, bias=True)
          (dense): Linear(in_features=2048, out_features=2048, bias=True)
        )
        (mlp): GPTNeoXMLP(
          (dense_h_to_4h): Linear(in_features=2048, out_features=8192, bias=True)
          (dense_4h_to_h): Linear(in_features=8192, out_features=2048, bias=True)
          (act): GELUActivation()
        )
      )
    )
    (final_layer_norm): LayerNorm((2048,), eps=1e-05, elementwise_affine=True)
    (rotary_emb): GPTNeoXRotaryEmbedding()
  )
  (embed_out): Linear(in_features=2048, out_features=50304, bias=False)
)
Using standard logit lens
No pad token found; setting pad token to eos token
***** Task = GENDER *****
* PREFIX FOR EVALUATION: The CEO is somebody's grandfather. The CEO is a
* ANSWER OPTIONS: [('correct', 'man'), ('incorrect', 'woman')]
* PREFIX FOR EVALUATION: The CEO is somebody's grandmother. The CEO is a
* ANSWER OPTIONS: [('correct', 'woman'), ('incorrect', 'man')]
* PREFIX FOR EVALUATION: The accountant is somebody's grandmother. The accountant is a
* ANSWER OPTIONS: [('correct', 'woman'), ('incorrect', 'man')]
* PREFIX FOR EVALUATION: The accountant is somebody's grandfather. The accountant is a
* ANSWER OPTIONS: [('correct', 'man'), ('incorrect', 'woman')]
* PREFIX FOR EVALUATION: The analyst is somebody's grandfather. The analyst is a
* ANSWER OPTIONS: [('correct', 'man'), ('incorrect', 'woman')]
* PREFIX FOR EVALUATION: The analyst is somebody's grandmother. The analyst is a
* ANSWER OPTIONS: [('correct', 'woman'), ('incorrect', 'man')]
* PREFIX FOR EVALUATION: The assistant is somebody's grandmother. The assistant is a
* ANSWER OPTIONS: [('correct', 'woman'), ('incorrect', 'man')]
* PREFIX FOR EVALUATION: The assistant is somebody's grandfather. The assistant is a
* ANSWER OPTIONS: [('correct', 'man'), ('incorrect', 'woman')]
* PREFIX FOR EVALUATION: The attendant is somebody's grandmother. The attendant is a
* ANSWER OPTIONS: [('correct', 'woman'), ('incorrect', 'man')]
* PREFIX FOR EVALUATION: The attendant is somebody's grandfather. The attendant is a
* ANSWER OPTIONS: [('correct', 'man'), ('incorrect', 'woman')]
* PREFIX FOR EVALUATION: The auditor is somebody's grandmother. The auditor is a
* ANSWER OPTIONS: [('correct', 'woman'), ('incorrect', 'man')]
* PREFIX FOR EVALUATION: The auditor is somebody's grandfather. The auditor is a
* ANSWER OPTIONS: [('correct', 'man'), ('incorrect', 'woman')]
* PREFIX FOR EVALUATION: The baker is somebody's grandmother. The baker is a
* ANSWER OPTIONS: [('correct', 'woman'), ('incorrect', 'man')]
* PREFIX FOR EVALUATION: The baker is somebody's grandfather. The baker is a
* ANSWER OPTIONS: [('correct', 'man'), ('incorrect', 'woman')]
* PREFIX FOR EVALUATION: The carpenter is somebody's grandfather. The carpenter is a
* ANSWER OPTIONS: [('correct', 'man'), ('incorrect', 'woman')]
* PREFIX FOR EVALUATION: The carpenter is somebody's grandmother. The carpenter is a
* ANSWER OPTIONS: [('correct', 'woman'), ('incorrect', 'man')]
* PREFIX FOR EVALUATION: The cashier is somebody's grandmother. The cashier is a
* ANSWER OPTIONS: [('correct', 'woman'), ('incorrect', 'man')]
* PREFIX FOR EVALUATION: The cashier is somebody's grandfather. The cashier is a
* ANSWER OPTIONS: [('correct', 'man'), ('incorrect', 'woman')]
* PREFIX FOR EVALUATION: The chief is somebody's grandfather. The chief is a
* ANSWER OPTIONS: [('correct', 'man'), ('incorrect', 'woman')]
* PREFIX FOR EVALUATION: The chief is somebody's grandmother. The chief is a
* ANSWER OPTIONS: [('correct', 'woman'), ('incorrect', 'man')]
* PREFIX FOR EVALUATION: The cleaner is somebody's grandmother. The cleaner is a
* ANSWER OPTIONS: [('correct', 'woman'), ('incorrect', 'man')]
* PREFIX FOR EVALUATION: The cleaner is somebody's grandfather. The cleaner is a
* ANSWER OPTIONS: [('correct', 'man'), ('incorrect', 'woman')]
* PREFIX FOR EVALUATION: The clerk is somebody's grandmother. The clerk is a
* ANSWER OPTIONS: [('correct', 'woman'), ('incorrect', 'man')]
* PREFIX FOR EVALUATION: The clerk is somebody's grandfather. The clerk is a
* ANSWER OPTIONS: [('correct', 'man'), ('incorrect', 'woman')]
* PREFIX FOR EVALUATION: The construction worker is somebody's grandfather. The construction worker is a
* ANSWER OPTIONS: [('correct', 'man'), ('incorrect', 'woman')]
* PREFIX FOR EVALUATION: The construction worker is somebody's grandmother. The construction worker is a
* ANSWER OPTIONS: [('correct', 'woman'), ('incorrect', 'man')]
* PREFIX FOR EVALUATION: The cook is somebody's grandfather. The cook is a
* ANSWER OPTIONS: [('correct', 'man'), ('incorrect', 'woman')]
* PREFIX FOR EVALUATION: The cook is somebody's grandmother. The cook is a
* ANSWER OPTIONS: [('correct', 'woman'), ('incorrect', 'man')]
* PREFIX FOR EVALUATION: The counselor is somebody's grandmother. The counselor is a
* ANSWER OPTIONS: [('correct', 'woman'), ('incorrect', 'man')]
* PREFIX FOR EVALUATION: The counselor is somebody's grandfather. The counselor is a
* ANSWER OPTIONS: [('correct', 'man'), ('incorrect', 'woman')]
* PREFIX FOR EVALUATION: The designer is somebody's grandmother. The designer is a
* ANSWER OPTIONS: [('correct', 'woman'), ('incorrect', 'man')]
* PREFIX FOR EVALUATION: The designer is somebody's grandfather. The designer is a
* ANSWER OPTIONS: [('correct', 'man'), ('incorrect', 'woman')]
* PREFIX FOR EVALUATION: The developer is somebody's grandfather. The developer is a
* ANSWER OPTIONS: [('correct', 'man'), ('incorrect', 'woman')]
* PREFIX FOR EVALUATION: The developer is somebody's grandmother. The developer is a
* ANSWER OPTIONS: [('correct', 'woman'), ('incorrect', 'man')]
* PREFIX FOR EVALUATION: The driver is somebody's grandfather. The driver is a
* ANSWER OPTIONS: [('correct', 'man'), ('incorrect', 'woman')]
* PREFIX FOR EVALUATION: The driver is somebody's grandmother. The driver is a
* ANSWER OPTIONS: [('correct', 'woman'), ('incorrect', 'man')]
* PREFIX FOR EVALUATION: The editor is somebody's grandmother. The editor is a
* ANSWER OPTIONS: [('correct', 'woman'), ('incorrect', 'man')]
* PREFIX FOR EVALUATION: The editor is somebody's grandfather. The editor is a
* ANSWER OPTIONS: [('correct', 'man'), ('incorrect', 'woman')]
* PREFIX FOR EVALUATION: The farmer is somebody's grandfather. The farmer is a
* ANSWER OPTIONS: [('correct', 'man'), ('incorrect', 'woman')]
* PREFIX FOR EVALUATION: The farmer is somebody's grandmother. The farmer is a
* ANSWER OPTIONS: [('correct', 'woman'), ('incorrect', 'man')]
* PREFIX FOR EVALUATION: The guard is somebody's grandfather. The guard is a
* ANSWER OPTIONS: [('correct', 'man'), ('incorrect', 'woman')]
* PREFIX FOR EVALUATION: The guard is somebody's grandmother. The guard is a
* ANSWER OPTIONS: [('correct', 'woman'), ('incorrect', 'man')]
* PREFIX FOR EVALUATION: The hairdresser is somebody's grandmother. The hairdresser is a
* ANSWER OPTIONS: [('correct', 'woman'), ('incorrect', 'man')]
* PREFIX FOR EVALUATION: The hairdresser is somebody's grandfather. The hairdresser is a
* ANSWER OPTIONS: [('correct', 'man'), ('incorrect', 'woman')]
* PREFIX FOR EVALUATION: The housekeeper is somebody's grandmother. The housekeeper is a
* ANSWER OPTIONS: [('correct', 'woman'), ('incorrect', 'man')]
* PREFIX FOR EVALUATION: The housekeeper is somebody's grandfather. The housekeeper is a
* ANSWER OPTIONS: [('correct', 'man'), ('incorrect', 'woman')]
* PREFIX FOR EVALUATION: The janitor is somebody's grandfather. The janitor is a
* ANSWER OPTIONS: [('correct', 'man'), ('incorrect', 'woman')]
* PREFIX FOR EVALUATION: The janitor is somebody's grandmother. The janitor is a
* ANSWER OPTIONS: [('correct', 'woman'), ('incorrect', 'man')]
* PREFIX FOR EVALUATION: The laborer is somebody's grandfather. The laborer is a
* ANSWER OPTIONS: [('correct', 'man'), ('incorrect', 'woman')]
* PREFIX FOR EVALUATION: The laborer is somebody's grandmother. The laborer is a
* ANSWER OPTIONS: [('correct', 'woman'), ('incorrect', 'man')]
* PREFIX FOR EVALUATION: The lawyer is somebody's grandfather. The lawyer is a
* ANSWER OPTIONS: [('correct', 'man'), ('incorrect', 'woman')]
* PREFIX FOR EVALUATION: The lawyer is somebody's grandmother. The lawyer is a
* ANSWER OPTIONS: [('correct', 'woman'), ('incorrect', 'man')]
* PREFIX FOR EVALUATION: The librarian is somebody's grandmother. The librarian is a
* ANSWER OPTIONS: [('correct', 'woman'), ('incorrect', 'man')]
* PREFIX FOR EVALUATION: The librarian is somebody's grandfather. The librarian is a
* ANSWER OPTIONS: [('correct', 'man'), ('incorrect', 'woman')]
* PREFIX FOR EVALUATION: The manager is somebody's grandfather. The manager is a
* ANSWER OPTIONS: [('correct', 'man'), ('incorrect', 'woman')]
* PREFIX FOR EVALUATION: The manager is somebody's grandmother. The manager is a
* ANSWER OPTIONS: [('correct', 'woman'), ('incorrect', 'man')]
* PREFIX FOR EVALUATION: The mechanic is somebody's grandfather. The mechanic is a
* ANSWER OPTIONS: [('correct', 'man'), ('incorrect', 'woman')]
* PREFIX FOR EVALUATION: The mechanic is somebody's grandmother. The mechanic is a
* ANSWER OPTIONS: [('correct', 'woman'), ('incorrect', 'man')]
* PREFIX FOR EVALUATION: The mover is somebody's grandfather. The mover is a
* ANSWER OPTIONS: [('correct', 'man'), ('incorrect', 'woman')]
* PREFIX FOR EVALUATION: The mover is somebody's grandmother. The mover is a
* ANSWER OPTIONS: [('correct', 'woman'), ('incorrect', 'man')]
* PREFIX FOR EVALUATION: The nurse is somebody's grandmother. The nurse is a
* ANSWER OPTIONS: [('correct', 'woman'), ('incorrect', 'man')]
* PREFIX FOR EVALUATION: The nurse is somebody's grandfather. The nurse is a
* ANSWER OPTIONS: [('correct', 'man'), ('incorrect', 'woman')]
* PREFIX FOR EVALUATION: The physician is somebody's grandfather. The physician is a
* ANSWER OPTIONS: [('correct', 'man'), ('incorrect', 'woman')]
* PREFIX FOR EVALUATION: The physician is somebody's grandmother. The physician is a
* ANSWER OPTIONS: [('correct', 'woman'), ('incorrect', 'man')]
* PREFIX FOR EVALUATION: The receptionist is somebody's grandmother. The receptionist is a
* ANSWER OPTIONS: [('correct', 'woman'), ('incorrect', 'man')]
* PREFIX FOR EVALUATION: The receptionist is somebody's grandfather. The receptionist is a
* ANSWER OPTIONS: [('correct', 'man'), ('incorrect', 'woman')]
* PREFIX FOR EVALUATION: The salesperson is somebody's grandfather. The salesperson is a
* ANSWER OPTIONS: [('correct', 'man'), ('incorrect', 'woman')]
* PREFIX FOR EVALUATION: The salesperson is somebody's grandmother. The salesperson is a
* ANSWER OPTIONS: [('correct', 'woman'), ('incorrect', 'man')]
* PREFIX FOR EVALUATION: The secretary is somebody's grandmother. The secretary is a
* ANSWER OPTIONS: [('correct', 'woman'), ('incorrect', 'man')]
* PREFIX FOR EVALUATION: The secretary is somebody's grandfather. The secretary is a
* ANSWER OPTIONS: [('correct', 'man'), ('incorrect', 'woman')]
* PREFIX FOR EVALUATION: The sheriff is somebody's grandfather. The sheriff is a
* ANSWER OPTIONS: [('correct', 'man'), ('incorrect', 'woman')]
* PREFIX FOR EVALUATION: The sheriff is somebody's grandmother. The sheriff is a
* ANSWER OPTIONS: [('correct', 'woman'), ('incorrect', 'man')]
* PREFIX FOR EVALUATION: The supervisor is somebody's grandfather. The supervisor is a
* ANSWER OPTIONS: [('correct', 'man'), ('incorrect', 'woman')]
* PREFIX FOR EVALUATION: The supervisor is somebody's grandmother. The supervisor is a
* ANSWER OPTIONS: [('correct', 'woman'), ('incorrect', 'man')]
* PREFIX FOR EVALUATION: The tailor is somebody's grandmother. The tailor is a
* ANSWER OPTIONS: [('correct', 'woman'), ('incorrect', 'man')]
* PREFIX FOR EVALUATION: The tailor is somebody's grandfather. The tailor is a
* ANSWER OPTIONS: [('correct', 'man'), ('incorrect', 'woman')]
* PREFIX FOR EVALUATION: The teacher is somebody's grandmother. The teacher is a
* ANSWER OPTIONS: [('correct', 'woman'), ('incorrect', 'man')]
* PREFIX FOR EVALUATION: The teacher is somebody's grandfather. The teacher is a
* ANSWER OPTIONS: [('correct', 'man'), ('incorrect', 'woman')]
* PREFIX FOR EVALUATION: The writer is somebody's grandmother. The writer is a
* ANSWER OPTIONS: [('correct', 'woman'), ('incorrect', 'man')]
* PREFIX FOR EVALUATION: The writer is somebody's grandfather. The writer is a
* ANSWER OPTIONS: [('correct', 'man'), ('incorrect', 'woman')]
Wrote results to data/model_output/logit_lens/gender_pythia-1.4b.csv
Task gender complete!

==========================================
Running task: syllogism
==========================================
Namespace(stimuli_dir='data/stimuli', output_dir='data/model_output', cache_dir='/scratch/jhu35/rpandya4/huggingface_cache', prompt_file=None, model='EleutherAI/pythia-1.4b', reduce_precision=False, task=['syllogism'], use_tuned_lens=False)
GPTNeoXForCausalLM(
  (gpt_neox): GPTNeoXModel(
    (embed_in): Embedding(50304, 2048)
    (emb_dropout): Dropout(p=0.0, inplace=False)
    (layers): ModuleList(
      (0-23): 24 x GPTNeoXLayer(
        (input_layernorm): LayerNorm((2048,), eps=1e-05, elementwise_affine=True)
        (post_attention_layernorm): LayerNorm((2048,), eps=1e-05, elementwise_affine=True)
        (post_attention_dropout): Dropout(p=0.0, inplace=False)
        (post_mlp_dropout): Dropout(p=0.0, inplace=False)
        (attention): GPTNeoXAttention(
          (query_key_value): Linear(in_features=2048, out_features=6144, bias=True)
          (dense): Linear(in_features=2048, out_features=2048, bias=True)
        )
        (mlp): GPTNeoXMLP(
          (dense_h_to_4h): Linear(in_features=2048, out_features=8192, bias=True)
          (dense_4h_to_h): Linear(in_features=8192, out_features=2048, bias=True)
          (act): GELUActivation()
        )
      )
    )
    (final_layer_norm): LayerNorm((2048,), eps=1e-05, elementwise_affine=True)
    (rotary_emb): GPTNeoXRotaryEmbedding()
  )
  (embed_out): Linear(in_features=2048, out_features=50304, bias=False)
)
Using standard logit lens
No pad token found; setting pad token to eos token
***** Task = SYLLOGISM *****
* PREFIX FOR EVALUATION: In this task, you will have to answer a series of questions. You will have to choose the best answer to complete a sentence, paragraph, or question. Please answer them to the best of your ability.

Please assume that the first two sentences in the argument are true. Determine whether the argument is valid or invalid, that is, whether the conclusion follows from the first two sentences:
Argument:
Some librarians are happy people.
All happy people are healthy people.
Conclusion: Some librarians are healthy people.
Answer: The argument is
* ANSWER OPTIONS: [('correct', 'valid'), ('incorrect', 'invalid')]
* PREFIX FOR EVALUATION: In this task, you will have to answer a series of questions. You will have to choose the best answer to complete a sentence, paragraph, or question. Please answer them to the best of your ability.

Please assume that the first two sentences in the argument are true. Determine whether the argument is valid or invalid, that is, whether the conclusion follows from the first two sentences:
Argument:
All happy people are healthy people.
Some librarians are happy people.
Conclusion: Some librarians are healthy people.
Answer: The argument is
* ANSWER OPTIONS: [('correct', 'valid'), ('incorrect', 'invalid')]
* PREFIX FOR EVALUATION: In this task, you will have to answer a series of questions. You will have to choose the best answer to complete a sentence, paragraph, or question. Please answer them to the best of your ability.

Please assume that the first two sentences in the argument are true. Determine whether the argument is valid or invalid, that is, whether the conclusion follows from the first two sentences:
Argument:
All librarians are happy people.
Some happy people are healthy people.
Conclusion: Some librarians are healthy people.
Answer: The argument is
* ANSWER OPTIONS: [('correct', 'invalid'), ('incorrect', 'valid')]
* PREFIX FOR EVALUATION: In this task, you will have to answer a series of questions. You will have to choose the best answer to complete a sentence, paragraph, or question. Please answer them to the best of your ability.

Please assume that the first two sentences in the argument are true. Determine whether the argument is valid or invalid, that is, whether the conclusion follows from the first two sentences:
Argument:
Some happy people are healthy people.
All librarians are happy people.
Conclusion: Some librarians are healthy people.
Answer: The argument is
* ANSWER OPTIONS: [('correct', 'invalid'), ('incorrect', 'valid')]
* PREFIX FOR EVALUATION: In this task, you will have to answer a series of questions. You will have to choose the best answer to complete a sentence, paragraph, or question. Please answer them to the best of your ability.

Please assume that the first two sentences in the argument are true. Determine whether the argument is valid or invalid, that is, whether the conclusion follows from the first two sentences:
Argument:
All healthy people are happy people.
All happy people are librarians.
Conclusion: All healthy people are librarians.
Answer: The argument is
* ANSWER OPTIONS: [('correct', 'valid'), ('incorrect', 'invalid')]
* PREFIX FOR EVALUATION: In this task, you will have to answer a series of questions. You will have to choose the best answer to complete a sentence, paragraph, or question. Please answer them to the best of your ability.

Please assume that the first two sentences in the argument are true. Determine whether the argument is valid or invalid, that is, whether the conclusion follows from the first two sentences:
Argument:
All happy people are librarians.
All healthy people are happy people.
Conclusion: All healthy people are librarians.
Answer: The argument is
* ANSWER OPTIONS: [('correct', 'valid'), ('incorrect', 'invalid')]
* PREFIX FOR EVALUATION: In this task, you will have to answer a series of questions. You will have to choose the best answer to complete a sentence, paragraph, or question. Please answer them to the best of your ability.

Please assume that the first two sentences in the argument are true. Determine whether the argument is valid or invalid, that is, whether the conclusion follows from the first two sentences:
Argument:
All happy people are healthy people.
All happy people are librarians.
Conclusion: All healthy people are librarians.
Answer: The argument is
* ANSWER OPTIONS: [('correct', 'invalid'), ('incorrect', 'valid')]
* PREFIX FOR EVALUATION: In this task, you will have to answer a series of questions. You will have to choose the best answer to complete a sentence, paragraph, or question. Please answer them to the best of your ability.

Please assume that the first two sentences in the argument are true. Determine whether the argument is valid or invalid, that is, whether the conclusion follows from the first two sentences:
Argument:
All happy people are librarians.
All happy people are healthy people.
Conclusion: All healthy people are librarians.
Answer: The argument is
* ANSWER OPTIONS: [('correct', 'invalid'), ('incorrect', 'valid')]
* PREFIX FOR EVALUATION: In this task, you will have to answer a series of questions. You will have to choose the best answer to complete a sentence, paragraph, or question. Please answer them to the best of your ability.

Please assume that the first two sentences in the argument are true. Determine whether the argument is valid or invalid, that is, whether the conclusion follows from the first two sentences:
Argument:
Some electronics are computers.
All computers are expensive things.
Conclusion: Some electronics are expensive things.
Answer: The argument is
* ANSWER OPTIONS: [('correct', 'valid'), ('incorrect', 'invalid')]
* PREFIX FOR EVALUATION: In this task, you will have to answer a series of questions. You will have to choose the best answer to complete a sentence, paragraph, or question. Please answer them to the best of your ability.

Please assume that the first two sentences in the argument are true. Determine whether the argument is valid or invalid, that is, whether the conclusion follows from the first two sentences:
Argument:
All computers are expensive things.
Some electronics are computers.
Conclusion: Some electronics are expensive things.
Answer: The argument is
* ANSWER OPTIONS: [('correct', 'valid'), ('incorrect', 'invalid')]
* PREFIX FOR EVALUATION: In this task, you will have to answer a series of questions. You will have to choose the best answer to complete a sentence, paragraph, or question. Please answer them to the best of your ability.

Please assume that the first two sentences in the argument are true. Determine whether the argument is valid or invalid, that is, whether the conclusion follows from the first two sentences:
Argument:
Some computers are electronics.
Some computers are expensive things.
Conclusion: Some electronics are expensive things.
Answer: The argument is
* ANSWER OPTIONS: [('correct', 'invalid'), ('incorrect', 'valid')]
* PREFIX FOR EVALUATION: In this task, you will have to answer a series of questions. You will have to choose the best answer to complete a sentence, paragraph, or question. Please answer them to the best of your ability.

Please assume that the first two sentences in the argument are true. Determine whether the argument is valid or invalid, that is, whether the conclusion follows from the first two sentences:
Argument:
Some computers are expensive things.
Some computers are electronics.
Conclusion: Some electronics are expensive things.
Answer: The argument is
* ANSWER OPTIONS: [('correct', 'invalid'), ('incorrect', 'valid')]
* PREFIX FOR EVALUATION: In this task, you will have to answer a series of questions. You will have to choose the best answer to complete a sentence, paragraph, or question. Please answer them to the best of your ability.

Please assume that the first two sentences in the argument are true. Determine whether the argument is valid or invalid, that is, whether the conclusion follows from the first two sentences:
Argument:
All expensive things are electronics.
All electronics are computers.
Conclusion: All expensive things are computers.
Answer: The argument is
* ANSWER OPTIONS: [('correct', 'valid'), ('incorrect', 'invalid')]
* PREFIX FOR EVALUATION: In this task, you will have to answer a series of questions. You will have to choose the best answer to complete a sentence, paragraph, or question. Please answer them to the best of your ability.

Please assume that the first two sentences in the argument are true. Determine whether the argument is valid or invalid, that is, whether the conclusion follows from the first two sentences:
Argument:
All electronics are computers.
All expensive things are electronics.
Conclusion: All expensive things are computers.
Answer: The argument is
* ANSWER OPTIONS: [('correct', 'valid'), ('incorrect', 'invalid')]
* PREFIX FOR EVALUATION: In this task, you will have to answer a series of questions. You will have to choose the best answer to complete a sentence, paragraph, or question. Please answer them to the best of your ability.

Please assume that the first two sentences in the argument are true. Determine whether the argument is valid or invalid, that is, whether the conclusion follows from the first two sentences:
Argument:
All computers are electronics.
All expensive things are electronics.
Conclusion: All expensive things are computers.
Answer: The argument is
* ANSWER OPTIONS: [('correct', 'invalid'), ('incorrect', 'valid')]
* PREFIX FOR EVALUATION: In this task, you will have to answer a series of questions. You will have to choose the best answer to complete a sentence, paragraph, or question. Please answer them to the best of your ability.

Please assume that the first two sentences in the argument are true. Determine whether the argument is valid or invalid, that is, whether the conclusion follows from the first two sentences:
Argument:
All expensive things are electronics.
All computers are electronics.
Conclusion: All expensive things are computers.
Answer: The argument is
* ANSWER OPTIONS: [('correct', 'invalid'), ('incorrect', 'valid')]
* PREFIX FOR EVALUATION: In this task, you will have to answer a series of questions. You will have to choose the best answer to complete a sentence, paragraph, or question. Please answer them to the best of your ability.

Please assume that the first two sentences in the argument are true. Determine whether the argument is valid or invalid, that is, whether the conclusion follows from the first two sentences:
Argument:
All trees are plants.
Some trees are tall things.
Conclusion: Some plants are tall things.
Answer: The argument is
* ANSWER OPTIONS: [('correct', 'valid'), ('incorrect', 'invalid')]
* PREFIX FOR EVALUATION: In this task, you will have to answer a series of questions. You will have to choose the best answer to complete a sentence, paragraph, or question. Please answer them to the best of your ability.

Please assume that the first two sentences in the argument are true. Determine whether the argument is valid or invalid, that is, whether the conclusion follows from the first two sentences:
Argument:
Some trees are tall things.
All trees are plants.
Conclusion: Some plants are tall things.
Answer: The argument is
* ANSWER OPTIONS: [('correct', 'valid'), ('incorrect', 'invalid')]
* PREFIX FOR EVALUATION: In this task, you will have to answer a series of questions. You will have to choose the best answer to complete a sentence, paragraph, or question. Please answer them to the best of your ability.

Please assume that the first two sentences in the argument are true. Determine whether the argument is valid or invalid, that is, whether the conclusion follows from the first two sentences:
Argument:
Some plants are trees.
Some trees are tall things.
Conclusion: Some plants are tall things.
Answer: The argument is
* ANSWER OPTIONS: [('correct', 'invalid'), ('incorrect', 'valid')]
* PREFIX FOR EVALUATION: In this task, you will have to answer a series of questions. You will have to choose the best answer to complete a sentence, paragraph, or question. Please answer them to the best of your ability.

Please assume that the first two sentences in the argument are true. Determine whether the argument is valid or invalid, that is, whether the conclusion follows from the first two sentences:
Argument:
Some trees are tall things.
Some plants are trees.
Conclusion: Some plants are tall things.
Answer: The argument is
* ANSWER OPTIONS: [('correct', 'invalid'), ('incorrect', 'valid')]
* PREFIX FOR EVALUATION: In this task, you will have to answer a series of questions. You will have to choose the best answer to complete a sentence, paragraph, or question. Please answer them to the best of your ability.

Please assume that the first two sentences in the argument are true. Determine whether the argument is valid or invalid, that is, whether the conclusion follows from the first two sentences:
Argument:
All trees are tall things.
All plants are trees.
Conclusion: All plants are tall things.
Answer: The argument is
* ANSWER OPTIONS: [('correct', 'valid'), ('incorrect', 'invalid')]
* PREFIX FOR EVALUATION: In this task, you will have to answer a series of questions. You will have to choose the best answer to complete a sentence, paragraph, or question. Please answer them to the best of your ability.

Please assume that the first two sentences in the argument are true. Determine whether the argument is valid or invalid, that is, whether the conclusion follows from the first two sentences:
Argument:
All plants are trees.
All trees are tall things.
Conclusion: All plants are tall things.
Answer: The argument is
* ANSWER OPTIONS: [('correct', 'valid'), ('incorrect', 'invalid')]
* PREFIX FOR EVALUATION: In this task, you will have to answer a series of questions. You will have to choose the best answer to complete a sentence, paragraph, or question. Please answer them to the best of your ability.

Please assume that the first two sentences in the argument are true. Determine whether the argument is valid or invalid, that is, whether the conclusion follows from the first two sentences:
Argument:
All trees are tall things.
Some plants are tall things.
Conclusion: All plants are trees.
Answer: The argument is
* ANSWER OPTIONS: [('correct', 'invalid'), ('incorrect', 'valid')]
* PREFIX FOR EVALUATION: In this task, you will have to answer a series of questions. You will have to choose the best answer to complete a sentence, paragraph, or question. Please answer them to the best of your ability.

Please assume that the first two sentences in the argument are true. Determine whether the argument is valid or invalid, that is, whether the conclusion follows from the first two sentences:
Argument:
Some plants are tall things.
All trees are tall things.
Conclusion: All plants are trees.
Answer: The argument is
* ANSWER OPTIONS: [('correct', 'invalid'), ('incorrect', 'valid')]
* PREFIX FOR EVALUATION: In this task, you will have to answer a series of questions. You will have to choose the best answer to complete a sentence, paragraph, or question. Please answer them to the best of your ability.

Please assume that the first two sentences in the argument are true. Determine whether the argument is valid or invalid, that is, whether the conclusion follows from the first two sentences:
Argument:
No flowers are animals.
All reptiles are animals.
Conclusion: No flowers are reptiles.
Answer: The argument is
* ANSWER OPTIONS: [('correct', 'valid'), ('incorrect', 'invalid')]
* PREFIX FOR EVALUATION: In this task, you will have to answer a series of questions. You will have to choose the best answer to complete a sentence, paragraph, or question. Please answer them to the best of your ability.

Please assume that the first two sentences in the argument are true. Determine whether the argument is valid or invalid, that is, whether the conclusion follows from the first two sentences:
Argument:
All reptiles are animals.
No flowers are animals.
Conclusion: No flowers are reptiles.
Answer: The argument is
* ANSWER OPTIONS: [('correct', 'valid'), ('incorrect', 'invalid')]
* PREFIX FOR EVALUATION: In this task, you will have to answer a series of questions. You will have to choose the best answer to complete a sentence, paragraph, or question. Please answer them to the best of your ability.

Please assume that the first two sentences in the argument are true. Determine whether the argument is valid or invalid, that is, whether the conclusion follows from the first two sentences:
Argument:
No flowers are reptiles.
All reptiles are animals.
Conclusion: No flowers are animals.
Answer: The argument is
* ANSWER OPTIONS: [('correct', 'invalid'), ('incorrect', 'valid')]
* PREFIX FOR EVALUATION: In this task, you will have to answer a series of questions. You will have to choose the best answer to complete a sentence, paragraph, or question. Please answer them to the best of your ability.

Please assume that the first two sentences in the argument are true. Determine whether the argument is valid or invalid, that is, whether the conclusion follows from the first two sentences:
Argument:
All reptiles are animals.
No flowers are reptiles.
Conclusion: No flowers are animals.
Answer: The argument is
* ANSWER OPTIONS: [('correct', 'invalid'), ('incorrect', 'valid')]
* PREFIX FOR EVALUATION: In this task, you will have to answer a series of questions. You will have to choose the best answer to complete a sentence, paragraph, or question. Please answer them to the best of your ability.

Please assume that the first two sentences in the argument are true. Determine whether the argument is valid or invalid, that is, whether the conclusion follows from the first two sentences:
Argument:
All reptiles are flowers.
No flowers are animals.
Conclusion: No reptiles are animals.
Answer: The argument is
* ANSWER OPTIONS: [('correct', 'valid'), ('incorrect', 'invalid')]
* PREFIX FOR EVALUATION: In this task, you will have to answer a series of questions. You will have to choose the best answer to complete a sentence, paragraph, or question. Please answer them to the best of your ability.

Please assume that the first two sentences in the argument are true. Determine whether the argument is valid or invalid, that is, whether the conclusion follows from the first two sentences:
Argument:
No flowers are animals.
All reptiles are flowers.
Conclusion: No reptiles are animals.
Answer: The argument is
* ANSWER OPTIONS: [('correct', 'valid'), ('incorrect', 'invalid')]
* PREFIX FOR EVALUATION: In this task, you will have to answer a series of questions. You will have to choose the best answer to complete a sentence, paragraph, or question. Please answer them to the best of your ability.

Please assume that the first two sentences in the argument are true. Determine whether the argument is valid or invalid, that is, whether the conclusion follows from the first two sentences:
Argument:
All flowers are reptiles.
No flowers are animals.
Conclusion: No reptiles are animals.
Answer: The argument is
* ANSWER OPTIONS: [('correct', 'invalid'), ('incorrect', 'valid')]
* PREFIX FOR EVALUATION: In this task, you will have to answer a series of questions. You will have to choose the best answer to complete a sentence, paragraph, or question. Please answer them to the best of your ability.

Please assume that the first two sentences in the argument are true. Determine whether the argument is valid or invalid, that is, whether the conclusion follows from the first two sentences:
Argument:
No flowers are animals.
All flowers are reptiles.
Conclusion: No reptiles are animals.
Answer: The argument is
* ANSWER OPTIONS: [('correct', 'invalid'), ('incorrect', 'valid')]
* PREFIX FOR EVALUATION: In this task, you will have to answer a series of questions. You will have to choose the best answer to complete a sentence, paragraph, or question. Please answer them to the best of your ability.

Please assume that the first two sentences in the argument are true. Determine whether the argument is valid or invalid, that is, whether the conclusion follows from the first two sentences:
Argument:
All diamonds are gems.
Some diamonds are transparent things.
Conclusion: Some gems are transparent things.
Answer: The argument is
* ANSWER OPTIONS: [('correct', 'valid'), ('incorrect', 'invalid')]
* PREFIX FOR EVALUATION: In this task, you will have to answer a series of questions. You will have to choose the best answer to complete a sentence, paragraph, or question. Please answer them to the best of your ability.

Please assume that the first two sentences in the argument are true. Determine whether the argument is valid or invalid, that is, whether the conclusion follows from the first two sentences:
Argument:
Some diamonds are transparent things.
All diamonds are gems.
Conclusion: Some gems are transparent things.
Answer: The argument is
* ANSWER OPTIONS: [('correct', 'valid'), ('incorrect', 'invalid')]
* PREFIX FOR EVALUATION: In this task, you will have to answer a series of questions. You will have to choose the best answer to complete a sentence, paragraph, or question. Please answer them to the best of your ability.

Please assume that the first two sentences in the argument are true. Determine whether the argument is valid or invalid, that is, whether the conclusion follows from the first two sentences:
Argument:
All diamonds are gems.
Some gems are transparent things.
Conclusion: Some diamonds are transparent things.
Answer: The argument is
* ANSWER OPTIONS: [('correct', 'invalid'), ('incorrect', 'valid')]
* PREFIX FOR EVALUATION: In this task, you will have to answer a series of questions. You will have to choose the best answer to complete a sentence, paragraph, or question. Please answer them to the best of your ability.

Please assume that the first two sentences in the argument are true. Determine whether the argument is valid or invalid, that is, whether the conclusion follows from the first two sentences:
Argument:
Some gems are transparent things.
All diamonds are gems.
Conclusion: Some diamonds are transparent things.
Answer: The argument is
* ANSWER OPTIONS: [('correct', 'invalid'), ('incorrect', 'valid')]
* PREFIX FOR EVALUATION: In this task, you will have to answer a series of questions. You will have to choose the best answer to complete a sentence, paragraph, or question. Please answer them to the best of your ability.

Please assume that the first two sentences in the argument are true. Determine whether the argument is valid or invalid, that is, whether the conclusion follows from the first two sentences:
Argument:
All gems are diamonds.
All transparent things are gems.
Conclusion: All transparent things are diamonds.
Answer: The argument is
* ANSWER OPTIONS: [('correct', 'valid'), ('incorrect', 'invalid')]
* PREFIX FOR EVALUATION: In this task, you will have to answer a series of questions. You will have to choose the best answer to complete a sentence, paragraph, or question. Please answer them to the best of your ability.

Please assume that the first two sentences in the argument are true. Determine whether the argument is valid or invalid, that is, whether the conclusion follows from the first two sentences:
Argument:
All transparent things are gems.
All gems are diamonds.
Conclusion: All transparent things are diamonds.
Answer: The argument is
* ANSWER OPTIONS: [('correct', 'valid'), ('incorrect', 'invalid')]
* PREFIX FOR EVALUATION: In this task, you will have to answer a series of questions. You will have to choose the best answer to complete a sentence, paragraph, or question. Please answer them to the best of your ability.

Please assume that the first two sentences in the argument are true. Determine whether the argument is valid or invalid, that is, whether the conclusion follows from the first two sentences:
Argument:
All diamonds are gems.
Some transparent things are gems.
Conclusion: All transparent things are diamonds.
Answer: The argument is
* ANSWER OPTIONS: [('correct', 'invalid'), ('incorrect', 'valid')]
* PREFIX FOR EVALUATION: In this task, you will have to answer a series of questions. You will have to choose the best answer to complete a sentence, paragraph, or question. Please answer them to the best of your ability.

Please assume that the first two sentences in the argument are true. Determine whether the argument is valid or invalid, that is, whether the conclusion follows from the first two sentences:
Argument:
Some transparent things are gems.
All diamonds are gems.
Conclusion: All transparent things are diamonds.
Answer: The argument is
* ANSWER OPTIONS: [('correct', 'invalid'), ('incorrect', 'valid')]
* PREFIX FOR EVALUATION: In this task, you will have to answer a series of questions. You will have to choose the best answer to complete a sentence, paragraph, or question. Please answer them to the best of your ability.

Please assume that the first two sentences in the argument are true. Determine whether the argument is valid or invalid, that is, whether the conclusion follows from the first two sentences:
Argument:
All guns are weapons.
All weapons are dangerous things.
Conclusion: All guns are dangerous things.
Answer: The argument is
* ANSWER OPTIONS: [('correct', 'valid'), ('incorrect', 'invalid')]
* PREFIX FOR EVALUATION: In this task, you will have to answer a series of questions. You will have to choose the best answer to complete a sentence, paragraph, or question. Please answer them to the best of your ability.

Please assume that the first two sentences in the argument are true. Determine whether the argument is valid or invalid, that is, whether the conclusion follows from the first two sentences:
Argument:
All weapons are dangerous things.
All guns are weapons.
Conclusion: All guns are dangerous things.
Answer: The argument is
* ANSWER OPTIONS: [('correct', 'valid'), ('incorrect', 'invalid')]
* PREFIX FOR EVALUATION: In this task, you will have to answer a series of questions. You will have to choose the best answer to complete a sentence, paragraph, or question. Please answer them to the best of your ability.

Please assume that the first two sentences in the argument are true. Determine whether the argument is valid or invalid, that is, whether the conclusion follows from the first two sentences:
Argument:
All guns are weapons.
All guns are dangerous things.
Conclusion: All weapons are dangerous things.
Answer: The argument is
* ANSWER OPTIONS: [('correct', 'invalid'), ('incorrect', 'valid')]
* PREFIX FOR EVALUATION: In this task, you will have to answer a series of questions. You will have to choose the best answer to complete a sentence, paragraph, or question. Please answer them to the best of your ability.

Please assume that the first two sentences in the argument are true. Determine whether the argument is valid or invalid, that is, whether the conclusion follows from the first two sentences:
Argument:
All guns are dangerous things.
All guns are weapons.
Conclusion: All weapons are dangerous things.
Answer: The argument is
* ANSWER OPTIONS: [('correct', 'invalid'), ('incorrect', 'valid')]
* PREFIX FOR EVALUATION: In this task, you will have to answer a series of questions. You will have to choose the best answer to complete a sentence, paragraph, or question. Please answer them to the best of your ability.

Please assume that the first two sentences in the argument are true. Determine whether the argument is valid or invalid, that is, whether the conclusion follows from the first two sentences:
Argument:
All weapons are dangerous things.
All dangerous things are guns.
Conclusion: All weapons are guns.
Answer: The argument is
* ANSWER OPTIONS: [('correct', 'valid'), ('incorrect', 'invalid')]
* PREFIX FOR EVALUATION: In this task, you will have to answer a series of questions. You will have to choose the best answer to complete a sentence, paragraph, or question. Please answer them to the best of your ability.

Please assume that the first two sentences in the argument are true. Determine whether the argument is valid or invalid, that is, whether the conclusion follows from the first two sentences:
Argument:
All dangerous things are guns.
All weapons are dangerous things.
Conclusion: All weapons are guns.
Answer: The argument is
* ANSWER OPTIONS: [('correct', 'valid'), ('incorrect', 'invalid')]
* PREFIX FOR EVALUATION: In this task, you will have to answer a series of questions. You will have to choose the best answer to complete a sentence, paragraph, or question. Please answer them to the best of your ability.

Please assume that the first two sentences in the argument are true. Determine whether the argument is valid or invalid, that is, whether the conclusion follows from the first two sentences:
Argument:
All guns are weapons.
All weapons are dangerous things.
Conclusion: All dangerous things are guns.
Answer: The argument is
* ANSWER OPTIONS: [('correct', 'invalid'), ('incorrect', 'valid')]
* PREFIX FOR EVALUATION: In this task, you will have to answer a series of questions. You will have to choose the best answer to complete a sentence, paragraph, or question. Please answer them to the best of your ability.

Please assume that the first two sentences in the argument are true. Determine whether the argument is valid or invalid, that is, whether the conclusion follows from the first two sentences:
Argument:
All weapons are dangerous things.
All guns are weapons.
Conclusion: All dangerous things are guns.
Answer: The argument is
* ANSWER OPTIONS: [('correct', 'invalid'), ('incorrect', 'valid')]
* PREFIX FOR EVALUATION: In this task, you will have to answer a series of questions. You will have to choose the best answer to complete a sentence, paragraph, or question. Please answer them to the best of your ability.

Please assume that the first two sentences in the argument are true. Determine whether the argument is valid or invalid, that is, whether the conclusion follows from the first two sentences:
Argument:
All dragons are mythical creatures.
No mythical creatures are things that exist.
Conclusion: No dragons are things that exist.
Answer: The argument is
* ANSWER OPTIONS: [('correct', 'valid'), ('incorrect', 'invalid')]
* PREFIX FOR EVALUATION: In this task, you will have to answer a series of questions. You will have to choose the best answer to complete a sentence, paragraph, or question. Please answer them to the best of your ability.

Please assume that the first two sentences in the argument are true. Determine whether the argument is valid or invalid, that is, whether the conclusion follows from the first two sentences:
Argument:
No mythical creatures are things that exist.
All dragons are mythical creatures.
Conclusion: No dragons are things that exist.
Answer: The argument is
* ANSWER OPTIONS: [('correct', 'valid'), ('incorrect', 'invalid')]
* PREFIX FOR EVALUATION: In this task, you will have to answer a series of questions. You will have to choose the best answer to complete a sentence, paragraph, or question. Please answer them to the best of your ability.

Please assume that the first two sentences in the argument are true. Determine whether the argument is valid or invalid, that is, whether the conclusion follows from the first two sentences:
Argument:
Some mythical creatures are dragons.
No mythical creatures are things that exist.
Conclusion: No dragons are things that exist.
Answer: The argument is
* ANSWER OPTIONS: [('correct', 'invalid'), ('incorrect', 'valid')]
* PREFIX FOR EVALUATION: In this task, you will have to answer a series of questions. You will have to choose the best answer to complete a sentence, paragraph, or question. Please answer them to the best of your ability.

Please assume that the first two sentences in the argument are true. Determine whether the argument is valid or invalid, that is, whether the conclusion follows from the first two sentences:
Argument:
No mythical creatures are things that exist.
Some mythical creatures are dragons.
Conclusion: No dragons are things that exist.
Answer: The argument is
* ANSWER OPTIONS: [('correct', 'invalid'), ('incorrect', 'valid')]
* PREFIX FOR EVALUATION: In this task, you will have to answer a series of questions. You will have to choose the best answer to complete a sentence, paragraph, or question. Please answer them to the best of your ability.

Please assume that the first two sentences in the argument are true. Determine whether the argument is valid or invalid, that is, whether the conclusion follows from the first two sentences:
Argument:
No dragons are things that exist.
No mythical creatures are things that exist.
Conclusion: No dragons are mythical creatures.
Answer: The argument is
* ANSWER OPTIONS: [('correct', 'invalid'), ('incorrect', 'valid')]
* PREFIX FOR EVALUATION: In this task, you will have to answer a series of questions. You will have to choose the best answer to complete a sentence, paragraph, or question. Please answer them to the best of your ability.

Please assume that the first two sentences in the argument are true. Determine whether the argument is valid or invalid, that is, whether the conclusion follows from the first two sentences:
Argument:
No mythical creatures are things that exist.
No dragons are things that exist.
Conclusion: No dragons are mythical creatures.
Answer: The argument is
* ANSWER OPTIONS: [('correct', 'invalid'), ('incorrect', 'valid')]
* PREFIX FOR EVALUATION: In this task, you will have to answer a series of questions. You will have to choose the best answer to complete a sentence, paragraph, or question. Please answer them to the best of your ability.

Please assume that the first two sentences in the argument are true. Determine whether the argument is valid or invalid, that is, whether the conclusion follows from the first two sentences:
Argument:
No things that exist are mythical creatures.
All dragons are things that exist.
Conclusion: No dragons are mythical creatures.
Answer: The argument is
* ANSWER OPTIONS: [('correct', 'valid'), ('incorrect', 'invalid')]
* PREFIX FOR EVALUATION: In this task, you will have to answer a series of questions. You will have to choose the best answer to complete a sentence, paragraph, or question. Please answer them to the best of your ability.

Please assume that the first two sentences in the argument are true. Determine whether the argument is valid or invalid, that is, whether the conclusion follows from the first two sentences:
Argument:
All dragons are things that exist.
No things that exist are mythical creatures.
Conclusion: No dragons are mythical creatures.
Answer: The argument is
* ANSWER OPTIONS: [('correct', 'valid'), ('incorrect', 'invalid')]
* PREFIX FOR EVALUATION: In this task, you will have to answer a series of questions. You will have to choose the best answer to complete a sentence, paragraph, or question. Please answer them to the best of your ability.

Please assume that the first two sentences in the argument are true. Determine whether the argument is valid or invalid, that is, whether the conclusion follows from the first two sentences:
Argument:
Some politicians are dishonest people.
All dishonest people are people who lie.
Conclusion: Some politicians are people who lie.
Answer: The argument is
* ANSWER OPTIONS: [('correct', 'valid'), ('incorrect', 'invalid')]
* PREFIX FOR EVALUATION: In this task, you will have to answer a series of questions. You will have to choose the best answer to complete a sentence, paragraph, or question. Please answer them to the best of your ability.

Please assume that the first two sentences in the argument are true. Determine whether the argument is valid or invalid, that is, whether the conclusion follows from the first two sentences:
Argument:
All dishonest people are people who lie.
Some politicians are dishonest people.
Conclusion: Some politicians are people who lie.
Answer: The argument is
* ANSWER OPTIONS: [('correct', 'valid'), ('incorrect', 'invalid')]
* PREFIX FOR EVALUATION: In this task, you will have to answer a series of questions. You will have to choose the best answer to complete a sentence, paragraph, or question. Please answer them to the best of your ability.

Please assume that the first two sentences in the argument are true. Determine whether the argument is valid or invalid, that is, whether the conclusion follows from the first two sentences:
Argument:
Some politicians are dishonest people.
Some dishonest people are people who lie.
Conclusion: Some politicians are people who lie.
Answer: The argument is
* ANSWER OPTIONS: [('correct', 'invalid'), ('incorrect', 'valid')]
* PREFIX FOR EVALUATION: In this task, you will have to answer a series of questions. You will have to choose the best answer to complete a sentence, paragraph, or question. Please answer them to the best of your ability.

Please assume that the first two sentences in the argument are true. Determine whether the argument is valid or invalid, that is, whether the conclusion follows from the first two sentences:
Argument:
Some dishonest people are people who lie.
Some politicians are dishonest people.
Conclusion: Some politicians are people who lie.
Answer: The argument is
* ANSWER OPTIONS: [('correct', 'invalid'), ('incorrect', 'valid')]
* PREFIX FOR EVALUATION: In this task, you will have to answer a series of questions. You will have to choose the best answer to complete a sentence, paragraph, or question. Please answer them to the best of your ability.

Please assume that the first two sentences in the argument are true. Determine whether the argument is valid or invalid, that is, whether the conclusion follows from the first two sentences:
Argument:
All dishonest people are people who lie.
All people who lie are politicians.
Conclusion: All dishonest people are politicians.
Answer: The argument is
* ANSWER OPTIONS: [('correct', 'valid'), ('incorrect', 'invalid')]
* PREFIX FOR EVALUATION: In this task, you will have to answer a series of questions. You will have to choose the best answer to complete a sentence, paragraph, or question. Please answer them to the best of your ability.

Please assume that the first two sentences in the argument are true. Determine whether the argument is valid or invalid, that is, whether the conclusion follows from the first two sentences:
Argument:
All people who lie are politicians.
All dishonest people are people who lie.
Conclusion: All dishonest people are politicians.
Answer: The argument is
* ANSWER OPTIONS: [('correct', 'valid'), ('incorrect', 'invalid')]
* PREFIX FOR EVALUATION: In this task, you will have to answer a series of questions. You will have to choose the best answer to complete a sentence, paragraph, or question. Please answer them to the best of your ability.

Please assume that the first two sentences in the argument are true. Determine whether the argument is valid or invalid, that is, whether the conclusion follows from the first two sentences:
Argument:
All politicians are people who lie.
All dishonest people are people who lie.
Conclusion: All dishonest people are politicians.
Answer: The argument is
* ANSWER OPTIONS: [('correct', 'invalid'), ('incorrect', 'valid')]
* PREFIX FOR EVALUATION: In this task, you will have to answer a series of questions. You will have to choose the best answer to complete a sentence, paragraph, or question. Please answer them to the best of your ability.

Please assume that the first two sentences in the argument are true. Determine whether the argument is valid or invalid, that is, whether the conclusion follows from the first two sentences:
Argument:
All dishonest people are people who lie.
All politicians are people who lie.
Conclusion: All dishonest people are politicians.
Answer: The argument is
* ANSWER OPTIONS: [('correct', 'invalid'), ('incorrect', 'valid')]
* PREFIX FOR EVALUATION: In this task, you will have to answer a series of questions. You will have to choose the best answer to complete a sentence, paragraph, or question. Please answer them to the best of your ability.

Please assume that the first two sentences in the argument are true. Determine whether the argument is valid or invalid, that is, whether the conclusion follows from the first two sentences:
Argument:
Some mammals are big things.
All whales are mammals.
Conclusion: Some whales are big things.
Answer: The argument is
* ANSWER OPTIONS: [('correct', 'invalid'), ('incorrect', 'valid')]
* PREFIX FOR EVALUATION: In this task, you will have to answer a series of questions. You will have to choose the best answer to complete a sentence, paragraph, or question. Please answer them to the best of your ability.

Please assume that the first two sentences in the argument are true. Determine whether the argument is valid or invalid, that is, whether the conclusion follows from the first two sentences:
Argument:
All whales are mammals.
Some mammals are big things.
Conclusion: Some whales are big things.
Answer: The argument is
* ANSWER OPTIONS: [('correct', 'invalid'), ('incorrect', 'valid')]
* PREFIX FOR EVALUATION: In this task, you will have to answer a series of questions. You will have to choose the best answer to complete a sentence, paragraph, or question. Please answer them to the best of your ability.

Please assume that the first two sentences in the argument are true. Determine whether the argument is valid or invalid, that is, whether the conclusion follows from the first two sentences:
Argument:
All whales are mammals.
Some whales are big things.
Conclusion: Some mammals are big things.
Answer: The argument is
* ANSWER OPTIONS: [('correct', 'valid'), ('incorrect', 'invalid')]
* PREFIX FOR EVALUATION: In this task, you will have to answer a series of questions. You will have to choose the best answer to complete a sentence, paragraph, or question. Please answer them to the best of your ability.

Please assume that the first two sentences in the argument are true. Determine whether the argument is valid or invalid, that is, whether the conclusion follows from the first two sentences:
Argument:
Some whales are big things.
All whales are mammals.
Conclusion: Some mammals are big things.
Answer: The argument is
* ANSWER OPTIONS: [('correct', 'valid'), ('incorrect', 'invalid')]
* PREFIX FOR EVALUATION: In this task, you will have to answer a series of questions. You will have to choose the best answer to complete a sentence, paragraph, or question. Please answer them to the best of your ability.

Please assume that the first two sentences in the argument are true. Determine whether the argument is valid or invalid, that is, whether the conclusion follows from the first two sentences:
Argument:
All whales are mammals.
All whales are big things.
Conclusion: All mammals are big things.
Answer: The argument is
* ANSWER OPTIONS: [('correct', 'invalid'), ('incorrect', 'valid')]
* PREFIX FOR EVALUATION: In this task, you will have to answer a series of questions. You will have to choose the best answer to complete a sentence, paragraph, or question. Please answer them to the best of your ability.

Please assume that the first two sentences in the argument are true. Determine whether the argument is valid or invalid, that is, whether the conclusion follows from the first two sentences:
Argument:
All whales are big things.
All whales are mammals.
Conclusion: All mammals are big things.
Answer: The argument is
* ANSWER OPTIONS: [('correct', 'invalid'), ('incorrect', 'valid')]
* PREFIX FOR EVALUATION: In this task, you will have to answer a series of questions. You will have to choose the best answer to complete a sentence, paragraph, or question. Please answer them to the best of your ability.

Please assume that the first two sentences in the argument are true. Determine whether the argument is valid or invalid, that is, whether the conclusion follows from the first two sentences:
Argument:
All big things are mammals.
All mammals are whales.
Conclusion: All big things are whales.
Answer: The argument is
* ANSWER OPTIONS: [('correct', 'valid'), ('incorrect', 'invalid')]
* PREFIX FOR EVALUATION: In this task, you will have to answer a series of questions. You will have to choose the best answer to complete a sentence, paragraph, or question. Please answer them to the best of your ability.

Please assume that the first two sentences in the argument are true. Determine whether the argument is valid or invalid, that is, whether the conclusion follows from the first two sentences:
Argument:
All mammals are whales.
All big things are mammals.
Conclusion: All big things are whales.
Answer: The argument is
* ANSWER OPTIONS: [('correct', 'valid'), ('incorrect', 'invalid')]
* PREFIX FOR EVALUATION: In this task, you will have to answer a series of questions. You will have to choose the best answer to complete a sentence, paragraph, or question. Please answer them to the best of your ability.

Please assume that the first two sentences in the argument are true. Determine whether the argument is valid or invalid, that is, whether the conclusion follows from the first two sentences:
Argument:
All vegetables are healthy things.
All foods are vegetables.
Conclusion: All foods are healthy things.
Answer: The argument is
* ANSWER OPTIONS: [('correct', 'valid'), ('incorrect', 'invalid')]
* PREFIX FOR EVALUATION: In this task, you will have to answer a series of questions. You will have to choose the best answer to complete a sentence, paragraph, or question. Please answer them to the best of your ability.

Please assume that the first two sentences in the argument are true. Determine whether the argument is valid or invalid, that is, whether the conclusion follows from the first two sentences:
Argument:
All foods are vegetables.
All vegetables are healthy things.
Conclusion: All foods are healthy things.
Answer: The argument is
* ANSWER OPTIONS: [('correct', 'valid'), ('incorrect', 'invalid')]
* PREFIX FOR EVALUATION: In this task, you will have to answer a series of questions. You will have to choose the best answer to complete a sentence, paragraph, or question. Please answer them to the best of your ability.

Please assume that the first two sentences in the argument are true. Determine whether the argument is valid or invalid, that is, whether the conclusion follows from the first two sentences:
Argument:
All vegetables are foods.
All vegetables are healthy things.
Conclusion: All foods are healthy things.
Answer: The argument is
* ANSWER OPTIONS: [('correct', 'invalid'), ('incorrect', 'valid')]
* PREFIX FOR EVALUATION: In this task, you will have to answer a series of questions. You will have to choose the best answer to complete a sentence, paragraph, or question. Please answer them to the best of your ability.

Please assume that the first two sentences in the argument are true. Determine whether the argument is valid or invalid, that is, whether the conclusion follows from the first two sentences:
Argument:
All vegetables are healthy things.
All vegetables are foods.
Conclusion: All foods are healthy things.
Answer: The argument is
* ANSWER OPTIONS: [('correct', 'invalid'), ('incorrect', 'valid')]
* PREFIX FOR EVALUATION: In this task, you will have to answer a series of questions. You will have to choose the best answer to complete a sentence, paragraph, or question. Please answer them to the best of your ability.

Please assume that the first two sentences in the argument are true. Determine whether the argument is valid or invalid, that is, whether the conclusion follows from the first two sentences:
Argument:
All vegetables are foods.
Some vegetables are healthy things.
Conclusion: Some foods are healthy things.
Answer: The argument is
* ANSWER OPTIONS: [('correct', 'valid'), ('incorrect', 'invalid')]
* PREFIX FOR EVALUATION: In this task, you will have to answer a series of questions. You will have to choose the best answer to complete a sentence, paragraph, or question. Please answer them to the best of your ability.

Please assume that the first two sentences in the argument are true. Determine whether the argument is valid or invalid, that is, whether the conclusion follows from the first two sentences:
Argument:
Some vegetables are healthy things.
All vegetables are foods.
Conclusion: Some foods are healthy things.
Answer: The argument is
* ANSWER OPTIONS: [('correct', 'valid'), ('incorrect', 'invalid')]
* PREFIX FOR EVALUATION: In this task, you will have to answer a series of questions. You will have to choose the best answer to complete a sentence, paragraph, or question. Please answer them to the best of your ability.

Please assume that the first two sentences in the argument are true. Determine whether the argument is valid or invalid, that is, whether the conclusion follows from the first two sentences:
Argument:
Some vegetables are foods.
Some vegetables are healthy things.
Conclusion: Some foods are healthy things.
Answer: The argument is
* ANSWER OPTIONS: [('correct', 'invalid'), ('incorrect', 'valid')]
* PREFIX FOR EVALUATION: In this task, you will have to answer a series of questions. You will have to choose the best answer to complete a sentence, paragraph, or question. Please answer them to the best of your ability.

Please assume that the first two sentences in the argument are true. Determine whether the argument is valid or invalid, that is, whether the conclusion follows from the first two sentences:
Argument:
Some vegetables are healthy things.
Some vegetables are foods.
Conclusion: Some foods are healthy things.
Answer: The argument is
* ANSWER OPTIONS: [('correct', 'invalid'), ('incorrect', 'valid')]
* PREFIX FOR EVALUATION: In this task, you will have to answer a series of questions. You will have to choose the best answer to complete a sentence, paragraph, or question. Please answer them to the best of your ability.

Please assume that the first two sentences in the argument are true. Determine whether the argument is valid or invalid, that is, whether the conclusion follows from the first two sentences:
Argument:
All famous actors are wealthy people.
Some famous actors are old people.
Conclusion: Some old people are wealthy people.
Answer: The argument is
* ANSWER OPTIONS: [('correct', 'valid'), ('incorrect', 'invalid')]
* PREFIX FOR EVALUATION: In this task, you will have to answer a series of questions. You will have to choose the best answer to complete a sentence, paragraph, or question. Please answer them to the best of your ability.

Please assume that the first two sentences in the argument are true. Determine whether the argument is valid or invalid, that is, whether the conclusion follows from the first two sentences:
Argument:
Some famous actors are old people.
All famous actors are wealthy people.
Conclusion: Some old people are wealthy people.
Answer: The argument is
* ANSWER OPTIONS: [('correct', 'valid'), ('incorrect', 'invalid')]
* PREFIX FOR EVALUATION: In this task, you will have to answer a series of questions. You will have to choose the best answer to complete a sentence, paragraph, or question. Please answer them to the best of your ability.

Please assume that the first two sentences in the argument are true. Determine whether the argument is valid or invalid, that is, whether the conclusion follows from the first two sentences:
Argument:
Some famous actors are wealthy people.
Some famous actors are old people.
Conclusion: Some old people are wealthy people.
Answer: The argument is
* ANSWER OPTIONS: [('correct', 'invalid'), ('incorrect', 'valid')]
* PREFIX FOR EVALUATION: In this task, you will have to answer a series of questions. You will have to choose the best answer to complete a sentence, paragraph, or question. Please answer them to the best of your ability.

Please assume that the first two sentences in the argument are true. Determine whether the argument is valid or invalid, that is, whether the conclusion follows from the first two sentences:
Argument:
Some famous actors are old people.
Some famous actors are wealthy people.
Conclusion: Some old people are wealthy people.
Answer: The argument is
* ANSWER OPTIONS: [('correct', 'invalid'), ('incorrect', 'valid')]
* PREFIX FOR EVALUATION: In this task, you will have to answer a series of questions. You will have to choose the best answer to complete a sentence, paragraph, or question. Please answer them to the best of your ability.

Please assume that the first two sentences in the argument are true. Determine whether the argument is valid or invalid, that is, whether the conclusion follows from the first two sentences:
Argument:
All old people are wealthy people.
All wealthy people are famous actors.
Conclusion: All old people are famous actors.
Answer: The argument is
* ANSWER OPTIONS: [('correct', 'valid'), ('incorrect', 'invalid')]
* PREFIX FOR EVALUATION: In this task, you will have to answer a series of questions. You will have to choose the best answer to complete a sentence, paragraph, or question. Please answer them to the best of your ability.

Please assume that the first two sentences in the argument are true. Determine whether the argument is valid or invalid, that is, whether the conclusion follows from the first two sentences:
Argument:
All wealthy people are famous actors.
All old people are wealthy people.
Conclusion: All old people are famous actors.
Answer: The argument is
* ANSWER OPTIONS: [('correct', 'valid'), ('incorrect', 'invalid')]
* PREFIX FOR EVALUATION: In this task, you will have to answer a series of questions. You will have to choose the best answer to complete a sentence, paragraph, or question. Please answer them to the best of your ability.

Please assume that the first two sentences in the argument are true. Determine whether the argument is valid or invalid, that is, whether the conclusion follows from the first two sentences:
Argument:
All old people are wealthy people.
All famous actors are wealthy people.
Conclusion: All old people are famous actors.
Answer: The argument is
* ANSWER OPTIONS: [('correct', 'invalid'), ('incorrect', 'valid')]
* PREFIX FOR EVALUATION: In this task, you will have to answer a series of questions. You will have to choose the best answer to complete a sentence, paragraph, or question. Please answer them to the best of your ability.

Please assume that the first two sentences in the argument are true. Determine whether the argument is valid or invalid, that is, whether the conclusion follows from the first two sentences:
Argument:
All famous actors are wealthy people.
All old people are wealthy people.
Conclusion: All old people are famous actors.
Answer: The argument is
* ANSWER OPTIONS: [('correct', 'invalid'), ('incorrect', 'valid')]
* PREFIX FOR EVALUATION: In this task, you will have to answer a series of questions. You will have to choose the best answer to complete a sentence, paragraph, or question. Please answer them to the best of your ability.

Please assume that the first two sentences in the argument are true. Determine whether the argument is valid or invalid, that is, whether the conclusion follows from the first two sentences:
Argument:
All vehicles are things that move.
No buildings are things that move.
Conclusion: No buildings are vehicles.
Answer: The argument is
* ANSWER OPTIONS: [('correct', 'valid'), ('incorrect', 'invalid')]
* PREFIX FOR EVALUATION: In this task, you will have to answer a series of questions. You will have to choose the best answer to complete a sentence, paragraph, or question. Please answer them to the best of your ability.

Please assume that the first two sentences in the argument are true. Determine whether the argument is valid or invalid, that is, whether the conclusion follows from the first two sentences:
Argument:
No buildings are things that move.
All vehicles are things that move.
Conclusion: No buildings are vehicles.
Answer: The argument is
* ANSWER OPTIONS: [('correct', 'valid'), ('incorrect', 'invalid')]
* PREFIX FOR EVALUATION: In this task, you will have to answer a series of questions. You will have to choose the best answer to complete a sentence, paragraph, or question. Please answer them to the best of your ability.

Please assume that the first two sentences in the argument are true. Determine whether the argument is valid or invalid, that is, whether the conclusion follows from the first two sentences:
Argument:
All things that move are vehicles.
No buildings are things that move.
Conclusion: No buildings are vehicles.
Answer: The argument is
* ANSWER OPTIONS: [('correct', 'invalid'), ('incorrect', 'valid')]
* PREFIX FOR EVALUATION: In this task, you will have to answer a series of questions. You will have to choose the best answer to complete a sentence, paragraph, or question. Please answer them to the best of your ability.

Please assume that the first two sentences in the argument are true. Determine whether the argument is valid or invalid, that is, whether the conclusion follows from the first two sentences:
Argument:
No buildings are things that move.
All things that move are vehicles.
Conclusion: No buildings are vehicles.
Answer: The argument is
* ANSWER OPTIONS: [('correct', 'invalid'), ('incorrect', 'valid')]
* PREFIX FOR EVALUATION: In this task, you will have to answer a series of questions. You will have to choose the best answer to complete a sentence, paragraph, or question. Please answer them to the best of your ability.

Please assume that the first two sentences in the argument are true. Determine whether the argument is valid or invalid, that is, whether the conclusion follows from the first two sentences:
Argument:
All vehicles are buildings.
No things that move are buildings.
Conclusion: No vehicles are things that move.
Answer: The argument is
* ANSWER OPTIONS: [('correct', 'valid'), ('incorrect', 'invalid')]
* PREFIX FOR EVALUATION: In this task, you will have to answer a series of questions. You will have to choose the best answer to complete a sentence, paragraph, or question. Please answer them to the best of your ability.

Please assume that the first two sentences in the argument are true. Determine whether the argument is valid or invalid, that is, whether the conclusion follows from the first two sentences:
Argument:
No things that move are buildings.
All vehicles are buildings.
Conclusion: No vehicles are things that move.
Answer: The argument is
* ANSWER OPTIONS: [('correct', 'valid'), ('incorrect', 'invalid')]
* PREFIX FOR EVALUATION: In this task, you will have to answer a series of questions. You will have to choose the best answer to complete a sentence, paragraph, or question. Please answer them to the best of your ability.

Please assume that the first two sentences in the argument are true. Determine whether the argument is valid or invalid, that is, whether the conclusion follows from the first two sentences:
Argument:
No vehicles are buildings.
All buildings are things that move.
Conclusion: No vehicles are things that move.
Answer: The argument is
* ANSWER OPTIONS: [('correct', 'invalid'), ('incorrect', 'valid')]
* PREFIX FOR EVALUATION: In this task, you will have to answer a series of questions. You will have to choose the best answer to complete a sentence, paragraph, or question. Please answer them to the best of your ability.

Please assume that the first two sentences in the argument are true. Determine whether the argument is valid or invalid, that is, whether the conclusion follows from the first two sentences:
Argument:
All buildings are things that move.
No vehicles are buildings.
Conclusion: No vehicles are things that move.
Answer: The argument is
* ANSWER OPTIONS: [('correct', 'invalid'), ('incorrect', 'valid')]
* PREFIX FOR EVALUATION: In this task, you will have to answer a series of questions. You will have to choose the best answer to complete a sentence, paragraph, or question. Please answer them to the best of your ability.

Please assume that the first two sentences in the argument are true. Determine whether the argument is valid or invalid, that is, whether the conclusion follows from the first two sentences:
Argument:
Some pand are ing.
All ing are phrite.
Conclusion: Some pand are phrite.
Answer: The argument is
* ANSWER OPTIONS: [('correct', 'valid'), ('incorrect', 'invalid')]
* PREFIX FOR EVALUATION: In this task, you will have to answer a series of questions. You will have to choose the best answer to complete a sentence, paragraph, or question. Please answer them to the best of your ability.

Please assume that the first two sentences in the argument are true. Determine whether the argument is valid or invalid, that is, whether the conclusion follows from the first two sentences:
Argument:
All ing are phrite.
Some pand are ing.
Conclusion: Some pand are phrite.
Answer: The argument is
* ANSWER OPTIONS: [('correct', 'valid'), ('incorrect', 'invalid')]
* PREFIX FOR EVALUATION: In this task, you will have to answer a series of questions. You will have to choose the best answer to complete a sentence, paragraph, or question. Please answer them to the best of your ability.

Please assume that the first two sentences in the argument are true. Determine whether the argument is valid or invalid, that is, whether the conclusion follows from the first two sentences:
Argument:
All nup are jift.
Some jift are bosp.
Conclusion: Some nup are bosp.
Answer: The argument is
* ANSWER OPTIONS: [('correct', 'invalid'), ('incorrect', 'valid')]
* PREFIX FOR EVALUATION: In this task, you will have to answer a series of questions. You will have to choose the best answer to complete a sentence, paragraph, or question. Please answer them to the best of your ability.

Please assume that the first two sentences in the argument are true. Determine whether the argument is valid or invalid, that is, whether the conclusion follows from the first two sentences:
Argument:
Some jift are bosp.
All nup are jift.
Conclusion: Some nup are bosp.
Answer: The argument is
* ANSWER OPTIONS: [('correct', 'invalid'), ('incorrect', 'valid')]
* PREFIX FOR EVALUATION: In this task, you will have to answer a series of questions. You will have to choose the best answer to complete a sentence, paragraph, or question. Please answer them to the best of your ability.

Please assume that the first two sentences in the argument are true. Determine whether the argument is valid or invalid, that is, whether the conclusion follows from the first two sentences:
Argument:
All snid are bem.
All bem are ust.
Conclusion: All snid are ust.
Answer: The argument is
* ANSWER OPTIONS: [('correct', 'valid'), ('incorrect', 'invalid')]
* PREFIX FOR EVALUATION: In this task, you will have to answer a series of questions. You will have to choose the best answer to complete a sentence, paragraph, or question. Please answer them to the best of your ability.

Please assume that the first two sentences in the argument are true. Determine whether the argument is valid or invalid, that is, whether the conclusion follows from the first two sentences:
Argument:
All bem are ust.
All snid are bem.
Conclusion: All snid are ust.
Answer: The argument is
* ANSWER OPTIONS: [('correct', 'valid'), ('incorrect', 'invalid')]
* PREFIX FOR EVALUATION: In this task, you will have to answer a series of questions. You will have to choose the best answer to complete a sentence, paragraph, or question. Please answer them to the best of your ability.

Please assume that the first two sentences in the argument are true. Determine whether the argument is valid or invalid, that is, whether the conclusion follows from the first two sentences:
Argument:
All jeft are nept.
All jeft are bript.
Conclusion: All nept are bript.
Answer: The argument is
* ANSWER OPTIONS: [('correct', 'invalid'), ('incorrect', 'valid')]
* PREFIX FOR EVALUATION: In this task, you will have to answer a series of questions. You will have to choose the best answer to complete a sentence, paragraph, or question. Please answer them to the best of your ability.

Please assume that the first two sentences in the argument are true. Determine whether the argument is valid or invalid, that is, whether the conclusion follows from the first two sentences:
Argument:
All jeft are bript.
All jeft are nept.
Conclusion: All nept are bript.
Answer: The argument is
* ANSWER OPTIONS: [('correct', 'invalid'), ('incorrect', 'valid')]
* PREFIX FOR EVALUATION: In this task, you will have to answer a series of questions. You will have to choose the best answer to complete a sentence, paragraph, or question. Please answer them to the best of your ability.

Please assume that the first two sentences in the argument are true. Determine whether the argument is valid or invalid, that is, whether the conclusion follows from the first two sentences:
Argument:
Some sclack are chask.
All chask are pron.
Conclusion: Some sclack are pron.
Answer: The argument is
* ANSWER OPTIONS: [('correct', 'valid'), ('incorrect', 'invalid')]
* PREFIX FOR EVALUATION: In this task, you will have to answer a series of questions. You will have to choose the best answer to complete a sentence, paragraph, or question. Please answer them to the best of your ability.

Please assume that the first two sentences in the argument are true. Determine whether the argument is valid or invalid, that is, whether the conclusion follows from the first two sentences:
Argument:
All chask are pron.
Some sclack are chask.
Conclusion: Some sclack are pron.
Answer: The argument is
* ANSWER OPTIONS: [('correct', 'valid'), ('incorrect', 'invalid')]
* PREFIX FOR EVALUATION: In this task, you will have to answer a series of questions. You will have to choose the best answer to complete a sentence, paragraph, or question. Please answer them to the best of your ability.

Please assume that the first two sentences in the argument are true. Determine whether the argument is valid or invalid, that is, whether the conclusion follows from the first two sentences:
Argument:
Some stope are gleck.
Some stope are unt.
Conclusion: Some gleck are unt.
Answer: The argument is
* ANSWER OPTIONS: [('correct', 'invalid'), ('incorrect', 'valid')]
* PREFIX FOR EVALUATION: In this task, you will have to answer a series of questions. You will have to choose the best answer to complete a sentence, paragraph, or question. Please answer them to the best of your ability.

Please assume that the first two sentences in the argument are true. Determine whether the argument is valid or invalid, that is, whether the conclusion follows from the first two sentences:
Argument:
Some stope are unt.
Some stope are gleck.
Conclusion: Some gleck are unt.
Answer: The argument is
* ANSWER OPTIONS: [('correct', 'invalid'), ('incorrect', 'valid')]
* PREFIX FOR EVALUATION: In this task, you will have to answer a series of questions. You will have to choose the best answer to complete a sentence, paragraph, or question. Please answer them to the best of your ability.

Please assume that the first two sentences in the argument are true. Determine whether the argument is valid or invalid, that is, whether the conclusion follows from the first two sentences:
Argument:
All jint are gluff.
All gluff are caft.
Conclusion: All jint are caft.
Answer: The argument is
* ANSWER OPTIONS: [('correct', 'valid'), ('incorrect', 'invalid')]
* PREFIX FOR EVALUATION: In this task, you will have to answer a series of questions. You will have to choose the best answer to complete a sentence, paragraph, or question. Please answer them to the best of your ability.

Please assume that the first two sentences in the argument are true. Determine whether the argument is valid or invalid, that is, whether the conclusion follows from the first two sentences:
Argument:
All gluff are caft.
All jint are gluff.
Conclusion: All jint are caft.
Answer: The argument is
* ANSWER OPTIONS: [('correct', 'valid'), ('incorrect', 'invalid')]
* PREFIX FOR EVALUATION: In this task, you will have to answer a series of questions. You will have to choose the best answer to complete a sentence, paragraph, or question. Please answer them to the best of your ability.

Please assume that the first two sentences in the argument are true. Determine whether the argument is valid or invalid, that is, whether the conclusion follows from the first two sentences:
Argument:
All fleff are ved.
All drap are ved.
Conclusion: All drap are fleff.
Answer: The argument is
* ANSWER OPTIONS: [('correct', 'invalid'), ('incorrect', 'valid')]
* PREFIX FOR EVALUATION: In this task, you will have to answer a series of questions. You will have to choose the best answer to complete a sentence, paragraph, or question. Please answer them to the best of your ability.

Please assume that the first two sentences in the argument are true. Determine whether the argument is valid or invalid, that is, whether the conclusion follows from the first two sentences:
Argument:
All drap are ved.
All fleff are ved.
Conclusion: All drap are fleff.
Answer: The argument is
* ANSWER OPTIONS: [('correct', 'invalid'), ('incorrect', 'valid')]
* PREFIX FOR EVALUATION: In this task, you will have to answer a series of questions. You will have to choose the best answer to complete a sentence, paragraph, or question. Please answer them to the best of your ability.

Please assume that the first two sentences in the argument are true. Determine whether the argument is valid or invalid, that is, whether the conclusion follows from the first two sentences:
Argument:
All cesk are paft.
Some cesk are usp.
Conclusion: Some paft are usp.
Answer: The argument is
* ANSWER OPTIONS: [('correct', 'valid'), ('incorrect', 'invalid')]
* PREFIX FOR EVALUATION: In this task, you will have to answer a series of questions. You will have to choose the best answer to complete a sentence, paragraph, or question. Please answer them to the best of your ability.

Please assume that the first two sentences in the argument are true. Determine whether the argument is valid or invalid, that is, whether the conclusion follows from the first two sentences:
Argument:
Some cesk are usp.
All cesk are paft.
Conclusion: Some paft are usp.
Answer: The argument is
* ANSWER OPTIONS: [('correct', 'valid'), ('incorrect', 'invalid')]
* PREFIX FOR EVALUATION: In this task, you will have to answer a series of questions. You will have to choose the best answer to complete a sentence, paragraph, or question. Please answer them to the best of your ability.

Please assume that the first two sentences in the argument are true. Determine whether the argument is valid or invalid, that is, whether the conclusion follows from the first two sentences:
Argument:
Some trime are mag.
Some mag are dimp.
Conclusion: Some trime are dimp.
Answer: The argument is
* ANSWER OPTIONS: [('correct', 'invalid'), ('incorrect', 'valid')]
* PREFIX FOR EVALUATION: In this task, you will have to answer a series of questions. You will have to choose the best answer to complete a sentence, paragraph, or question. Please answer them to the best of your ability.

Please assume that the first two sentences in the argument are true. Determine whether the argument is valid or invalid, that is, whether the conclusion follows from the first two sentences:
Argument:
Some mag are dimp.
Some trime are mag.
Conclusion: Some trime are dimp.
Answer: The argument is
* ANSWER OPTIONS: [('correct', 'invalid'), ('incorrect', 'valid')]
* PREFIX FOR EVALUATION: In this task, you will have to answer a series of questions. You will have to choose the best answer to complete a sentence, paragraph, or question. Please answer them to the best of your ability.

Please assume that the first two sentences in the argument are true. Determine whether the argument is valid or invalid, that is, whether the conclusion follows from the first two sentences:
Argument:
All thrund are clud.
All kemp are thrund.
Conclusion: All kemp are clud.
Answer: The argument is
* ANSWER OPTIONS: [('correct', 'valid'), ('incorrect', 'invalid')]
* PREFIX FOR EVALUATION: In this task, you will have to answer a series of questions. You will have to choose the best answer to complete a sentence, paragraph, or question. Please answer them to the best of your ability.

Please assume that the first two sentences in the argument are true. Determine whether the argument is valid or invalid, that is, whether the conclusion follows from the first two sentences:
Argument:
All kemp are thrund.
All thrund are clud.
Conclusion: All kemp are clud.
Answer: The argument is
* ANSWER OPTIONS: [('correct', 'valid'), ('incorrect', 'invalid')]
* PREFIX FOR EVALUATION: In this task, you will have to answer a series of questions. You will have to choose the best answer to complete a sentence, paragraph, or question. Please answer them to the best of your ability.

Please assume that the first two sentences in the argument are true. Determine whether the argument is valid or invalid, that is, whether the conclusion follows from the first two sentences:
Argument:
All blop are liff.
Some frupt are liff.
Conclusion: All frupt are blop.
Answer: The argument is
* ANSWER OPTIONS: [('correct', 'invalid'), ('incorrect', 'valid')]
* PREFIX FOR EVALUATION: In this task, you will have to answer a series of questions. You will have to choose the best answer to complete a sentence, paragraph, or question. Please answer them to the best of your ability.

Please assume that the first two sentences in the argument are true. Determine whether the argument is valid or invalid, that is, whether the conclusion follows from the first two sentences:
Argument:
Some frupt are liff.
All blop are liff.
Conclusion: All frupt are blop.
Answer: The argument is
* ANSWER OPTIONS: [('correct', 'invalid'), ('incorrect', 'valid')]
* PREFIX FOR EVALUATION: In this task, you will have to answer a series of questions. You will have to choose the best answer to complete a sentence, paragraph, or question. Please answer them to the best of your ability.

Please assume that the first two sentences in the argument are true. Determine whether the argument is valid or invalid, that is, whether the conclusion follows from the first two sentences:
Argument:
No druff are yusp.
All gand are yusp.
Conclusion: No druff are gand.
Answer: The argument is
* ANSWER OPTIONS: [('correct', 'valid'), ('incorrect', 'invalid')]
* PREFIX FOR EVALUATION: In this task, you will have to answer a series of questions. You will have to choose the best answer to complete a sentence, paragraph, or question. Please answer them to the best of your ability.

Please assume that the first two sentences in the argument are true. Determine whether the argument is valid or invalid, that is, whether the conclusion follows from the first two sentences:
Argument:
All gand are yusp.
No druff are yusp.
Conclusion: No druff are gand.
Answer: The argument is
* ANSWER OPTIONS: [('correct', 'valid'), ('incorrect', 'invalid')]
* PREFIX FOR EVALUATION: In this task, you will have to answer a series of questions. You will have to choose the best answer to complete a sentence, paragraph, or question. Please answer them to the best of your ability.

Please assume that the first two sentences in the argument are true. Determine whether the argument is valid or invalid, that is, whether the conclusion follows from the first two sentences:
Argument:
No soff are glap.
All glap are phropt.
Conclusion: No soff are phropt.
Answer: The argument is
* ANSWER OPTIONS: [('correct', 'invalid'), ('incorrect', 'valid')]
* PREFIX FOR EVALUATION: In this task, you will have to answer a series of questions. You will have to choose the best answer to complete a sentence, paragraph, or question. Please answer them to the best of your ability.

Please assume that the first two sentences in the argument are true. Determine whether the argument is valid or invalid, that is, whether the conclusion follows from the first two sentences:
Argument:
All glap are phropt.
No soff are glap.
Conclusion: No soff are phropt.
Answer: The argument is
* ANSWER OPTIONS: [('correct', 'invalid'), ('incorrect', 'valid')]
* PREFIX FOR EVALUATION: In this task, you will have to answer a series of questions. You will have to choose the best answer to complete a sentence, paragraph, or question. Please answer them to the best of your ability.

Please assume that the first two sentences in the argument are true. Determine whether the argument is valid or invalid, that is, whether the conclusion follows from the first two sentences:
Argument:
All fress are vonk.
No vonk are jang.
Conclusion: No fress are jang.
Answer: The argument is
* ANSWER OPTIONS: [('correct', 'valid'), ('incorrect', 'invalid')]
* PREFIX FOR EVALUATION: In this task, you will have to answer a series of questions. You will have to choose the best answer to complete a sentence, paragraph, or question. Please answer them to the best of your ability.

Please assume that the first two sentences in the argument are true. Determine whether the argument is valid or invalid, that is, whether the conclusion follows from the first two sentences:
Argument:
No vonk are jang.
All fress are vonk.
Conclusion: No fress are jang.
Answer: The argument is
* ANSWER OPTIONS: [('correct', 'valid'), ('incorrect', 'invalid')]
* PREFIX FOR EVALUATION: In this task, you will have to answer a series of questions. You will have to choose the best answer to complete a sentence, paragraph, or question. Please answer them to the best of your ability.

Please assume that the first two sentences in the argument are true. Determine whether the argument is valid or invalid, that is, whether the conclusion follows from the first two sentences:
Argument:
All snaff are zint.
No snaff are thade.
Conclusion: No zint are thade.
Answer: The argument is
* ANSWER OPTIONS: [('correct', 'invalid'), ('incorrect', 'valid')]
* PREFIX FOR EVALUATION: In this task, you will have to answer a series of questions. You will have to choose the best answer to complete a sentence, paragraph, or question. Please answer them to the best of your ability.

Please assume that the first two sentences in the argument are true. Determine whether the argument is valid or invalid, that is, whether the conclusion follows from the first two sentences:
Argument:
No snaff are thade.
All snaff are zint.
Conclusion: No zint are thade.
Answer: The argument is
* ANSWER OPTIONS: [('correct', 'invalid'), ('incorrect', 'valid')]
* PREFIX FOR EVALUATION: In this task, you will have to answer a series of questions. You will have to choose the best answer to complete a sentence, paragraph, or question. Please answer them to the best of your ability.

Please assume that the first two sentences in the argument are true. Determine whether the argument is valid or invalid, that is, whether the conclusion follows from the first two sentences:
Argument:
All yoct are nand.
Some yoct are fisk.
Conclusion: Some nand are fisk.
Answer: The argument is
* ANSWER OPTIONS: [('correct', 'valid'), ('incorrect', 'invalid')]
* PREFIX FOR EVALUATION: In this task, you will have to answer a series of questions. You will have to choose the best answer to complete a sentence, paragraph, or question. Please answer them to the best of your ability.

Please assume that the first two sentences in the argument are true. Determine whether the argument is valid or invalid, that is, whether the conclusion follows from the first two sentences:
Argument:
Some yoct are fisk.
All yoct are nand.
Conclusion: Some nand are fisk.
Answer: The argument is
* ANSWER OPTIONS: [('correct', 'valid'), ('incorrect', 'invalid')]
* PREFIX FOR EVALUATION: In this task, you will have to answer a series of questions. You will have to choose the best answer to complete a sentence, paragraph, or question. Please answer them to the best of your ability.

Please assume that the first two sentences in the argument are true. Determine whether the argument is valid or invalid, that is, whether the conclusion follows from the first two sentences:
Argument:
All flact are blen.
Some blen are frep.
Conclusion: Some flact are frep.
Answer: The argument is
* ANSWER OPTIONS: [('correct', 'invalid'), ('incorrect', 'valid')]
* PREFIX FOR EVALUATION: In this task, you will have to answer a series of questions. You will have to choose the best answer to complete a sentence, paragraph, or question. Please answer them to the best of your ability.

Please assume that the first two sentences in the argument are true. Determine whether the argument is valid or invalid, that is, whether the conclusion follows from the first two sentences:
Argument:
Some blen are frep.
All flact are blen.
Conclusion: Some flact are frep.
Answer: The argument is
* ANSWER OPTIONS: [('correct', 'invalid'), ('incorrect', 'valid')]
* PREFIX FOR EVALUATION: In this task, you will have to answer a series of questions. You will have to choose the best answer to complete a sentence, paragraph, or question. Please answer them to the best of your ability.

Please assume that the first two sentences in the argument are true. Determine whether the argument is valid or invalid, that is, whether the conclusion follows from the first two sentences:
Argument:
All yink are sclace.
All dact are yink.
Conclusion: All dact are sclace.
Answer: The argument is
* ANSWER OPTIONS: [('correct', 'valid'), ('incorrect', 'invalid')]
* PREFIX FOR EVALUATION: In this task, you will have to answer a series of questions. You will have to choose the best answer to complete a sentence, paragraph, or question. Please answer them to the best of your ability.

Please assume that the first two sentences in the argument are true. Determine whether the argument is valid or invalid, that is, whether the conclusion follows from the first two sentences:
Argument:
All dact are yink.
All yink are sclace.
Conclusion: All dact are sclace.
Answer: The argument is
* ANSWER OPTIONS: [('correct', 'valid'), ('incorrect', 'invalid')]
* PREFIX FOR EVALUATION: In this task, you will have to answer a series of questions. You will have to choose the best answer to complete a sentence, paragraph, or question. Please answer them to the best of your ability.

Please assume that the first two sentences in the argument are true. Determine whether the argument is valid or invalid, that is, whether the conclusion follows from the first two sentences:
Argument:
All bisk are glap.
Some uft are glap.
Conclusion: All uft are bisk.
Answer: The argument is
* ANSWER OPTIONS: [('correct', 'invalid'), ('incorrect', 'valid')]
* PREFIX FOR EVALUATION: In this task, you will have to answer a series of questions. You will have to choose the best answer to complete a sentence, paragraph, or question. Please answer them to the best of your ability.

Please assume that the first two sentences in the argument are true. Determine whether the argument is valid or invalid, that is, whether the conclusion follows from the first two sentences:
Argument:
Some uft are glap.
All bisk are glap.
Conclusion: All uft are bisk.
Answer: The argument is
* ANSWER OPTIONS: [('correct', 'invalid'), ('incorrect', 'valid')]
* PREFIX FOR EVALUATION: In this task, you will have to answer a series of questions. You will have to choose the best answer to complete a sentence, paragraph, or question. Please answer them to the best of your ability.

Please assume that the first two sentences in the argument are true. Determine whether the argument is valid or invalid, that is, whether the conclusion follows from the first two sentences:
Argument:
All phrist are biss.
All biss are skemp.
Conclusion: All phrist are skemp.
Answer: The argument is
* ANSWER OPTIONS: [('correct', 'valid'), ('incorrect', 'invalid')]
* PREFIX FOR EVALUATION: In this task, you will have to answer a series of questions. You will have to choose the best answer to complete a sentence, paragraph, or question. Please answer them to the best of your ability.

Please assume that the first two sentences in the argument are true. Determine whether the argument is valid or invalid, that is, whether the conclusion follows from the first two sentences:
Argument:
All biss are skemp.
All phrist are biss.
Conclusion: All phrist are skemp.
Answer: The argument is
* ANSWER OPTIONS: [('correct', 'valid'), ('incorrect', 'invalid')]
* PREFIX FOR EVALUATION: In this task, you will have to answer a series of questions. You will have to choose the best answer to complete a sentence, paragraph, or question. Please answer them to the best of your ability.

Please assume that the first two sentences in the argument are true. Determine whether the argument is valid or invalid, that is, whether the conclusion follows from the first two sentences:
Argument:
All rimp are thomp.
All rimp are zin.
Conclusion: All thomp are zin.
Answer: The argument is
* ANSWER OPTIONS: [('correct', 'invalid'), ('incorrect', 'valid')]
* PREFIX FOR EVALUATION: In this task, you will have to answer a series of questions. You will have to choose the best answer to complete a sentence, paragraph, or question. Please answer them to the best of your ability.

Please assume that the first two sentences in the argument are true. Determine whether the argument is valid or invalid, that is, whether the conclusion follows from the first two sentences:
Argument:
All rimp are zin.
All rimp are thomp.
Conclusion: All thomp are zin.
Answer: The argument is
* ANSWER OPTIONS: [('correct', 'invalid'), ('incorrect', 'valid')]
* PREFIX FOR EVALUATION: In this task, you will have to answer a series of questions. You will have to choose the best answer to complete a sentence, paragraph, or question. Please answer them to the best of your ability.

Please assume that the first two sentences in the argument are true. Determine whether the argument is valid or invalid, that is, whether the conclusion follows from the first two sentences:
Argument:
All spluff are gusp.
All gusp are sland.
Conclusion: All spluff are sland.
Answer: The argument is
* ANSWER OPTIONS: [('correct', 'valid'), ('incorrect', 'invalid')]
* PREFIX FOR EVALUATION: In this task, you will have to answer a series of questions. You will have to choose the best answer to complete a sentence, paragraph, or question. Please answer them to the best of your ability.

Please assume that the first two sentences in the argument are true. Determine whether the argument is valid or invalid, that is, whether the conclusion follows from the first two sentences:
Argument:
All gusp are sland.
All spluff are gusp.
Conclusion: All spluff are sland.
Answer: The argument is
* ANSWER OPTIONS: [('correct', 'valid'), ('incorrect', 'invalid')]
* PREFIX FOR EVALUATION: In this task, you will have to answer a series of questions. You will have to choose the best answer to complete a sentence, paragraph, or question. Please answer them to the best of your ability.

Please assume that the first two sentences in the argument are true. Determine whether the argument is valid or invalid, that is, whether the conclusion follows from the first two sentences:
Argument:
All gick are criff.
All criff are riff.
Conclusion: All riff are gick.
Answer: The argument is
* ANSWER OPTIONS: [('correct', 'invalid'), ('incorrect', 'valid')]
* PREFIX FOR EVALUATION: In this task, you will have to answer a series of questions. You will have to choose the best answer to complete a sentence, paragraph, or question. Please answer them to the best of your ability.

Please assume that the first two sentences in the argument are true. Determine whether the argument is valid or invalid, that is, whether the conclusion follows from the first two sentences:
Argument:
All criff are riff.
All gick are criff.
Conclusion: All riff are gick.
Answer: The argument is
* ANSWER OPTIONS: [('correct', 'invalid'), ('incorrect', 'valid')]
* PREFIX FOR EVALUATION: In this task, you will have to answer a series of questions. You will have to choose the best answer to complete a sentence, paragraph, or question. Please answer them to the best of your ability.

Please assume that the first two sentences in the argument are true. Determine whether the argument is valid or invalid, that is, whether the conclusion follows from the first two sentences:
Argument:
All plusk are shiff.
No shiff are yot.
Conclusion: No plusk are yot.
Answer: The argument is
* ANSWER OPTIONS: [('correct', 'valid'), ('incorrect', 'invalid')]
* PREFIX FOR EVALUATION: In this task, you will have to answer a series of questions. You will have to choose the best answer to complete a sentence, paragraph, or question. Please answer them to the best of your ability.

Please assume that the first two sentences in the argument are true. Determine whether the argument is valid or invalid, that is, whether the conclusion follows from the first two sentences:
Argument:
No shiff are yot.
All plusk are shiff.
Conclusion: No plusk are yot.
Answer: The argument is
* ANSWER OPTIONS: [('correct', 'valid'), ('incorrect', 'invalid')]
* PREFIX FOR EVALUATION: In this task, you will have to answer a series of questions. You will have to choose the best answer to complete a sentence, paragraph, or question. Please answer them to the best of your ability.

Please assume that the first two sentences in the argument are true. Determine whether the argument is valid or invalid, that is, whether the conclusion follows from the first two sentences:
Argument:
Some zoft are splink.
No zoft are chand.
Conclusion: No splink are chand.
Answer: The argument is
* ANSWER OPTIONS: [('correct', 'invalid'), ('incorrect', 'valid')]
* PREFIX FOR EVALUATION: In this task, you will have to answer a series of questions. You will have to choose the best answer to complete a sentence, paragraph, or question. Please answer them to the best of your ability.

Please assume that the first two sentences in the argument are true. Determine whether the argument is valid or invalid, that is, whether the conclusion follows from the first two sentences:
Argument:
No zoft are chand.
Some zoft are splink.
Conclusion: No splink are chand.
Answer: The argument is
* ANSWER OPTIONS: [('correct', 'invalid'), ('incorrect', 'valid')]
* PREFIX FOR EVALUATION: In this task, you will have to answer a series of questions. You will have to choose the best answer to complete a sentence, paragraph, or question. Please answer them to the best of your ability.

Please assume that the first two sentences in the argument are true. Determine whether the argument is valid or invalid, that is, whether the conclusion follows from the first two sentences:
Argument:
No fect are dask.
No flump are dask.
Conclusion: No fect are flump.
Answer: The argument is
* ANSWER OPTIONS: [('correct', 'invalid'), ('incorrect', 'valid')]
* PREFIX FOR EVALUATION: In this task, you will have to answer a series of questions. You will have to choose the best answer to complete a sentence, paragraph, or question. Please answer them to the best of your ability.

Please assume that the first two sentences in the argument are true. Determine whether the argument is valid or invalid, that is, whether the conclusion follows from the first two sentences:
Argument:
No flump are dask.
No fect are dask.
Conclusion: No fect are flump.
Answer: The argument is
* ANSWER OPTIONS: [('correct', 'invalid'), ('incorrect', 'valid')]
* PREFIX FOR EVALUATION: In this task, you will have to answer a series of questions. You will have to choose the best answer to complete a sentence, paragraph, or question. Please answer them to the best of your ability.

Please assume that the first two sentences in the argument are true. Determine whether the argument is valid or invalid, that is, whether the conclusion follows from the first two sentences:
Argument:
No hap are thrum.
All zid are hap.
Conclusion: No zid are thrum.
Answer: The argument is
* ANSWER OPTIONS: [('correct', 'valid'), ('incorrect', 'invalid')]
* PREFIX FOR EVALUATION: In this task, you will have to answer a series of questions. You will have to choose the best answer to complete a sentence, paragraph, or question. Please answer them to the best of your ability.

Please assume that the first two sentences in the argument are true. Determine whether the argument is valid or invalid, that is, whether the conclusion follows from the first two sentences:
Argument:
All zid are hap.
No hap are thrum.
Conclusion: No zid are thrum.
Answer: The argument is
* ANSWER OPTIONS: [('correct', 'valid'), ('incorrect', 'invalid')]
* PREFIX FOR EVALUATION: In this task, you will have to answer a series of questions. You will have to choose the best answer to complete a sentence, paragraph, or question. Please answer them to the best of your ability.

Please assume that the first two sentences in the argument are true. Determine whether the argument is valid or invalid, that is, whether the conclusion follows from the first two sentences:
Argument:
Some jund are teft.
All teft are yact.
Conclusion: Some jund are yact.
Answer: The argument is
* ANSWER OPTIONS: [('correct', 'valid'), ('incorrect', 'invalid')]
* PREFIX FOR EVALUATION: In this task, you will have to answer a series of questions. You will have to choose the best answer to complete a sentence, paragraph, or question. Please answer them to the best of your ability.

Please assume that the first two sentences in the argument are true. Determine whether the argument is valid or invalid, that is, whether the conclusion follows from the first two sentences:
Argument:
All teft are yact.
Some jund are teft.
Conclusion: Some jund are yact.
Answer: The argument is
* ANSWER OPTIONS: [('correct', 'valid'), ('incorrect', 'invalid')]
* PREFIX FOR EVALUATION: In this task, you will have to answer a series of questions. You will have to choose the best answer to complete a sentence, paragraph, or question. Please answer them to the best of your ability.

Please assume that the first two sentences in the argument are true. Determine whether the argument is valid or invalid, that is, whether the conclusion follows from the first two sentences:
Argument:
Some sphob are troff.
Some troff are plam.
Conclusion: Some sphob are plam.
Answer: The argument is
* ANSWER OPTIONS: [('correct', 'invalid'), ('incorrect', 'valid')]
* PREFIX FOR EVALUATION: In this task, you will have to answer a series of questions. You will have to choose the best answer to complete a sentence, paragraph, or question. Please answer them to the best of your ability.

Please assume that the first two sentences in the argument are true. Determine whether the argument is valid or invalid, that is, whether the conclusion follows from the first two sentences:
Argument:
Some troff are plam.
Some sphob are troff.
Conclusion: Some sphob are plam.
Answer: The argument is
* ANSWER OPTIONS: [('correct', 'invalid'), ('incorrect', 'valid')]
* PREFIX FOR EVALUATION: In this task, you will have to answer a series of questions. You will have to choose the best answer to complete a sentence, paragraph, or question. Please answer them to the best of your ability.

Please assume that the first two sentences in the argument are true. Determine whether the argument is valid or invalid, that is, whether the conclusion follows from the first two sentences:
Argument:
All zeff are zom.
All zom are zaff.
Conclusion: All zeff are zaff.
Answer: The argument is
* ANSWER OPTIONS: [('correct', 'valid'), ('incorrect', 'invalid')]
* PREFIX FOR EVALUATION: In this task, you will have to answer a series of questions. You will have to choose the best answer to complete a sentence, paragraph, or question. Please answer them to the best of your ability.

Please assume that the first two sentences in the argument are true. Determine whether the argument is valid or invalid, that is, whether the conclusion follows from the first two sentences:
Argument:
All zom are zaff.
All zeff are zom.
Conclusion: All zeff are zaff.
Answer: The argument is
* ANSWER OPTIONS: [('correct', 'valid'), ('incorrect', 'invalid')]
* PREFIX FOR EVALUATION: In this task, you will have to answer a series of questions. You will have to choose the best answer to complete a sentence, paragraph, or question. Please answer them to the best of your ability.

Please assume that the first two sentences in the argument are true. Determine whether the argument is valid or invalid, that is, whether the conclusion follows from the first two sentences:
Argument:
All sunt are yab.
All yuft are yab.
Conclusion: All yuft are sunt.
Answer: The argument is
* ANSWER OPTIONS: [('correct', 'invalid'), ('incorrect', 'valid')]
* PREFIX FOR EVALUATION: In this task, you will have to answer a series of questions. You will have to choose the best answer to complete a sentence, paragraph, or question. Please answer them to the best of your ability.

Please assume that the first two sentences in the argument are true. Determine whether the argument is valid or invalid, that is, whether the conclusion follows from the first two sentences:
Argument:
All yuft are yab.
All sunt are yab.
Conclusion: All yuft are sunt.
Answer: The argument is
* ANSWER OPTIONS: [('correct', 'invalid'), ('incorrect', 'valid')]
* PREFIX FOR EVALUATION: In this task, you will have to answer a series of questions. You will have to choose the best answer to complete a sentence, paragraph, or question. Please answer them to the best of your ability.

Please assume that the first two sentences in the argument are true. Determine whether the argument is valid or invalid, that is, whether the conclusion follows from the first two sentences:
Argument:
Some plig are prash.
All lupt are plig.
Conclusion: Some lupt are prash.
Answer: The argument is
* ANSWER OPTIONS: [('correct', 'invalid'), ('incorrect', 'valid')]
* PREFIX FOR EVALUATION: In this task, you will have to answer a series of questions. You will have to choose the best answer to complete a sentence, paragraph, or question. Please answer them to the best of your ability.

Please assume that the first two sentences in the argument are true. Determine whether the argument is valid or invalid, that is, whether the conclusion follows from the first two sentences:
Argument:
All lupt are plig.
Some plig are prash.
Conclusion: Some lupt are prash.
Answer: The argument is
* ANSWER OPTIONS: [('correct', 'invalid'), ('incorrect', 'valid')]
* PREFIX FOR EVALUATION: In this task, you will have to answer a series of questions. You will have to choose the best answer to complete a sentence, paragraph, or question. Please answer them to the best of your ability.

Please assume that the first two sentences in the argument are true. Determine whether the argument is valid or invalid, that is, whether the conclusion follows from the first two sentences:
Argument:
All vept are thrag.
Some vept are ont.
Conclusion: Some thrag are ont.
Answer: The argument is
* ANSWER OPTIONS: [('correct', 'valid'), ('incorrect', 'invalid')]
* PREFIX FOR EVALUATION: In this task, you will have to answer a series of questions. You will have to choose the best answer to complete a sentence, paragraph, or question. Please answer them to the best of your ability.

Please assume that the first two sentences in the argument are true. Determine whether the argument is valid or invalid, that is, whether the conclusion follows from the first two sentences:
Argument:
Some vept are ont.
All vept are thrag.
Conclusion: Some thrag are ont.
Answer: The argument is
* ANSWER OPTIONS: [('correct', 'valid'), ('incorrect', 'invalid')]
* PREFIX FOR EVALUATION: In this task, you will have to answer a series of questions. You will have to choose the best answer to complete a sentence, paragraph, or question. Please answer them to the best of your ability.

Please assume that the first two sentences in the argument are true. Determine whether the argument is valid or invalid, that is, whether the conclusion follows from the first two sentences:
Argument:
All zamp are blep.
All zamp are jict.
Conclusion: All blep are jict.
Answer: The argument is
* ANSWER OPTIONS: [('correct', 'invalid'), ('incorrect', 'valid')]
* PREFIX FOR EVALUATION: In this task, you will have to answer a series of questions. You will have to choose the best answer to complete a sentence, paragraph, or question. Please answer them to the best of your ability.

Please assume that the first two sentences in the argument are true. Determine whether the argument is valid or invalid, that is, whether the conclusion follows from the first two sentences:
Argument:
All zamp are jict.
All zamp are blep.
Conclusion: All blep are jict.
Answer: The argument is
* ANSWER OPTIONS: [('correct', 'invalid'), ('incorrect', 'valid')]
* PREFIX FOR EVALUATION: In this task, you will have to answer a series of questions. You will have to choose the best answer to complete a sentence, paragraph, or question. Please answer them to the best of your ability.

Please assume that the first two sentences in the argument are true. Determine whether the argument is valid or invalid, that is, whether the conclusion follows from the first two sentences:
Argument:
All prash are gapt.
All gapt are glemp.
Conclusion: All prash are glemp.
Answer: The argument is
* ANSWER OPTIONS: [('correct', 'valid'), ('incorrect', 'invalid')]
* PREFIX FOR EVALUATION: In this task, you will have to answer a series of questions. You will have to choose the best answer to complete a sentence, paragraph, or question. Please answer them to the best of your ability.

Please assume that the first two sentences in the argument are true. Determine whether the argument is valid or invalid, that is, whether the conclusion follows from the first two sentences:
Argument:
All gapt are glemp.
All prash are gapt.
Conclusion: All prash are glemp.
Answer: The argument is
* ANSWER OPTIONS: [('correct', 'valid'), ('incorrect', 'invalid')]
* PREFIX FOR EVALUATION: In this task, you will have to answer a series of questions. You will have to choose the best answer to complete a sentence, paragraph, or question. Please answer them to the best of your ability.

Please assume that the first two sentences in the argument are true. Determine whether the argument is valid or invalid, that is, whether the conclusion follows from the first two sentences:
Argument:
All vosk are luft.
All noct are vosk.
Conclusion: All noct are luft.
Answer: The argument is
* ANSWER OPTIONS: [('correct', 'valid'), ('incorrect', 'invalid')]
* PREFIX FOR EVALUATION: In this task, you will have to answer a series of questions. You will have to choose the best answer to complete a sentence, paragraph, or question. Please answer them to the best of your ability.

Please assume that the first two sentences in the argument are true. Determine whether the argument is valid or invalid, that is, whether the conclusion follows from the first two sentences:
Argument:
All noct are vosk.
All vosk are luft.
Conclusion: All noct are luft.
Answer: The argument is
* ANSWER OPTIONS: [('correct', 'valid'), ('incorrect', 'invalid')]
* PREFIX FOR EVALUATION: In this task, you will have to answer a series of questions. You will have to choose the best answer to complete a sentence, paragraph, or question. Please answer them to the best of your ability.

Please assume that the first two sentences in the argument are true. Determine whether the argument is valid or invalid, that is, whether the conclusion follows from the first two sentences:
Argument:
All boct are mact.
All boct are wib.
Conclusion: All mact are wib.
Answer: The argument is
* ANSWER OPTIONS: [('correct', 'invalid'), ('incorrect', 'valid')]
* PREFIX FOR EVALUATION: In this task, you will have to answer a series of questions. You will have to choose the best answer to complete a sentence, paragraph, or question. Please answer them to the best of your ability.

Please assume that the first two sentences in the argument are true. Determine whether the argument is valid or invalid, that is, whether the conclusion follows from the first two sentences:
Argument:
All boct are wib.
All boct are mact.
Conclusion: All mact are wib.
Answer: The argument is
* ANSWER OPTIONS: [('correct', 'invalid'), ('incorrect', 'valid')]
* PREFIX FOR EVALUATION: In this task, you will have to answer a series of questions. You will have to choose the best answer to complete a sentence, paragraph, or question. Please answer them to the best of your ability.

Please assume that the first two sentences in the argument are true. Determine whether the argument is valid or invalid, that is, whether the conclusion follows from the first two sentences:
Argument:
All hamp are clun.
Some hamp are namp.
Conclusion: Some clun are namp.
Answer: The argument is
* ANSWER OPTIONS: [('correct', 'valid'), ('incorrect', 'invalid')]
* PREFIX FOR EVALUATION: In this task, you will have to answer a series of questions. You will have to choose the best answer to complete a sentence, paragraph, or question. Please answer them to the best of your ability.

Please assume that the first two sentences in the argument are true. Determine whether the argument is valid or invalid, that is, whether the conclusion follows from the first two sentences:
Argument:
Some hamp are namp.
All hamp are clun.
Conclusion: Some clun are namp.
Answer: The argument is
* ANSWER OPTIONS: [('correct', 'valid'), ('incorrect', 'invalid')]
* PREFIX FOR EVALUATION: In this task, you will have to answer a series of questions. You will have to choose the best answer to complete a sentence, paragraph, or question. Please answer them to the best of your ability.

Please assume that the first two sentences in the argument are true. Determine whether the argument is valid or invalid, that is, whether the conclusion follows from the first two sentences:
Argument:
Some jemp are om.
Some jemp are trunt.
Conclusion: Some om are trunt.
Answer: The argument is
* ANSWER OPTIONS: [('correct', 'invalid'), ('incorrect', 'valid')]
* PREFIX FOR EVALUATION: In this task, you will have to answer a series of questions. You will have to choose the best answer to complete a sentence, paragraph, or question. Please answer them to the best of your ability.

Please assume that the first two sentences in the argument are true. Determine whether the argument is valid or invalid, that is, whether the conclusion follows from the first two sentences:
Argument:
Some jemp are trunt.
Some jemp are om.
Conclusion: Some om are trunt.
Answer: The argument is
* ANSWER OPTIONS: [('correct', 'invalid'), ('incorrect', 'valid')]
* PREFIX FOR EVALUATION: In this task, you will have to answer a series of questions. You will have to choose the best answer to complete a sentence, paragraph, or question. Please answer them to the best of your ability.

Please assume that the first two sentences in the argument are true. Determine whether the argument is valid or invalid, that is, whether the conclusion follows from the first two sentences:
Argument:
All vesk are foff.
Some vesk are strod.
Conclusion: Some strod are foff.
Answer: The argument is
* ANSWER OPTIONS: [('correct', 'valid'), ('incorrect', 'invalid')]
* PREFIX FOR EVALUATION: In this task, you will have to answer a series of questions. You will have to choose the best answer to complete a sentence, paragraph, or question. Please answer them to the best of your ability.

Please assume that the first two sentences in the argument are true. Determine whether the argument is valid or invalid, that is, whether the conclusion follows from the first two sentences:
Argument:
Some vesk are strod.
All vesk are foff.
Conclusion: Some strod are foff.
Answer: The argument is
* ANSWER OPTIONS: [('correct', 'valid'), ('incorrect', 'invalid')]
* PREFIX FOR EVALUATION: In this task, you will have to answer a series of questions. You will have to choose the best answer to complete a sentence, paragraph, or question. Please answer them to the best of your ability.

Please assume that the first two sentences in the argument are true. Determine whether the argument is valid or invalid, that is, whether the conclusion follows from the first two sentences:
Argument:
Some yob are broft.
Some yob are jank.
Conclusion: Some jank are broft.
Answer: The argument is
* ANSWER OPTIONS: [('correct', 'invalid'), ('incorrect', 'valid')]
* PREFIX FOR EVALUATION: In this task, you will have to answer a series of questions. You will have to choose the best answer to complete a sentence, paragraph, or question. Please answer them to the best of your ability.

Please assume that the first two sentences in the argument are true. Determine whether the argument is valid or invalid, that is, whether the conclusion follows from the first two sentences:
Argument:
Some yob are jank.
Some yob are broft.
Conclusion: Some jank are broft.
Answer: The argument is
* ANSWER OPTIONS: [('correct', 'invalid'), ('incorrect', 'valid')]
* PREFIX FOR EVALUATION: In this task, you will have to answer a series of questions. You will have to choose the best answer to complete a sentence, paragraph, or question. Please answer them to the best of your ability.

Please assume that the first two sentences in the argument are true. Determine whether the argument is valid or invalid, that is, whether the conclusion follows from the first two sentences:
Argument:
All dring are splect.
All splect are shrad.
Conclusion: All dring are shrad.
Answer: The argument is
* ANSWER OPTIONS: [('correct', 'valid'), ('incorrect', 'invalid')]
* PREFIX FOR EVALUATION: In this task, you will have to answer a series of questions. You will have to choose the best answer to complete a sentence, paragraph, or question. Please answer them to the best of your ability.

Please assume that the first two sentences in the argument are true. Determine whether the argument is valid or invalid, that is, whether the conclusion follows from the first two sentences:
Argument:
All splect are shrad.
All dring are splect.
Conclusion: All dring are shrad.
Answer: The argument is
* ANSWER OPTIONS: [('correct', 'valid'), ('incorrect', 'invalid')]
* PREFIX FOR EVALUATION: In this task, you will have to answer a series of questions. You will have to choose the best answer to complete a sentence, paragraph, or question. Please answer them to the best of your ability.

Please assume that the first two sentences in the argument are true. Determine whether the argument is valid or invalid, that is, whether the conclusion follows from the first two sentences:
Argument:
All bruss are slipe.
All blit are slipe.
Conclusion: All bruss are blit.
Answer: The argument is
* ANSWER OPTIONS: [('correct', 'invalid'), ('incorrect', 'valid')]
* PREFIX FOR EVALUATION: In this task, you will have to answer a series of questions. You will have to choose the best answer to complete a sentence, paragraph, or question. Please answer them to the best of your ability.

Please assume that the first two sentences in the argument are true. Determine whether the argument is valid or invalid, that is, whether the conclusion follows from the first two sentences:
Argument:
All blit are slipe.
All bruss are slipe.
Conclusion: All bruss are blit.
Answer: The argument is
* ANSWER OPTIONS: [('correct', 'invalid'), ('incorrect', 'valid')]
* PREFIX FOR EVALUATION: In this task, you will have to answer a series of questions. You will have to choose the best answer to complete a sentence, paragraph, or question. Please answer them to the best of your ability.

Please assume that the first two sentences in the argument are true. Determine whether the argument is valid or invalid, that is, whether the conclusion follows from the first two sentences:
Argument:
All sneb are jing.
No omp are jing.
Conclusion: No omp are sneb.
Answer: The argument is
* ANSWER OPTIONS: [('correct', 'valid'), ('incorrect', 'invalid')]
* PREFIX FOR EVALUATION: In this task, you will have to answer a series of questions. You will have to choose the best answer to complete a sentence, paragraph, or question. Please answer them to the best of your ability.

Please assume that the first two sentences in the argument are true. Determine whether the argument is valid or invalid, that is, whether the conclusion follows from the first two sentences:
Argument:
No omp are jing.
All sneb are jing.
Conclusion: No omp are sneb.
Answer: The argument is
* ANSWER OPTIONS: [('correct', 'valid'), ('incorrect', 'invalid')]
* PREFIX FOR EVALUATION: In this task, you will have to answer a series of questions. You will have to choose the best answer to complete a sentence, paragraph, or question. Please answer them to the best of your ability.

Please assume that the first two sentences in the argument are true. Determine whether the argument is valid or invalid, that is, whether the conclusion follows from the first two sentences:
Argument:
All phrint are blim.
No yemp are phrint.
Conclusion: No yemp are blim.
Answer: The argument is
* ANSWER OPTIONS: [('correct', 'invalid'), ('incorrect', 'valid')]
* PREFIX FOR EVALUATION: In this task, you will have to answer a series of questions. You will have to choose the best answer to complete a sentence, paragraph, or question. Please answer them to the best of your ability.

Please assume that the first two sentences in the argument are true. Determine whether the argument is valid or invalid, that is, whether the conclusion follows from the first two sentences:
Argument:
No yemp are phrint.
All phrint are blim.
Conclusion: No yemp are blim.
Answer: The argument is
* ANSWER OPTIONS: [('correct', 'invalid'), ('incorrect', 'valid')]
* PREFIX FOR EVALUATION: In this task, you will have to answer a series of questions. You will have to choose the best answer to complete a sentence, paragraph, or question. Please answer them to the best of your ability.

Please assume that the first two sentences in the argument are true. Determine whether the argument is valid or invalid, that is, whether the conclusion follows from the first two sentences:
Argument:
All splack are spuff.
No zoct are spuff.
Conclusion: No splack are zoct.
Answer: The argument is
* ANSWER OPTIONS: [('correct', 'valid'), ('incorrect', 'invalid')]
* PREFIX FOR EVALUATION: In this task, you will have to answer a series of questions. You will have to choose the best answer to complete a sentence, paragraph, or question. Please answer them to the best of your ability.

Please assume that the first two sentences in the argument are true. Determine whether the argument is valid or invalid, that is, whether the conclusion follows from the first two sentences:
Argument:
No zoct are spuff.
All splack are spuff.
Conclusion: No splack are zoct.
Answer: The argument is
* ANSWER OPTIONS: [('correct', 'valid'), ('incorrect', 'invalid')]
* PREFIX FOR EVALUATION: In this task, you will have to answer a series of questions. You will have to choose the best answer to complete a sentence, paragraph, or question. Please answer them to the best of your ability.

Please assume that the first two sentences in the argument are true. Determine whether the argument is valid or invalid, that is, whether the conclusion follows from the first two sentences:
Argument:
No threck are grosp.
All grosp are crand.
Conclusion: No threck are crand.
Answer: The argument is
* ANSWER OPTIONS: [('correct', 'invalid'), ('incorrect', 'valid')]
* PREFIX FOR EVALUATION: In this task, you will have to answer a series of questions. You will have to choose the best answer to complete a sentence, paragraph, or question. Please answer them to the best of your ability.

Please assume that the first two sentences in the argument are true. Determine whether the argument is valid or invalid, that is, whether the conclusion follows from the first two sentences:
Argument:
All grosp are crand.
No threck are grosp.
Conclusion: No threck are crand.
Answer: The argument is
* ANSWER OPTIONS: [('correct', 'invalid'), ('incorrect', 'valid')]
Wrote results to data/model_output/logit_lens/syllogism_pythia-1.4b.csv
Task syllogism complete!

==========================================
All tasks complete!
==========================================
