==========================================
RWKV Experiment Runner
Job ID: 464972
Array Task ID: 1
Node: h09
Started: Wed Oct 15 01:45:23 EDT 2025
==========================================
Using HuggingFace cache at: /scratch/jhu35/rpandya4/huggingface_cache
Large model detected - enabling 4-bit quantization for all tasks
Running task: syllogism (intensive)

Configuration:
  Model: RWKV/rwkv-4-430m-pile
  Tasks: syllogism
  Stimuli dir: /scratch/jhu35/rpandya4/model-human-processing/data/stimuli
  Output dir: /scratch/jhu35/rpandya4/model-human-processing/data/model_output


==========================================
Running experiment: syllogism
Started: Wed Oct 15 01:45:23 EDT 2025
==========================================
Namespace(stimuli_dir='/scratch/jhu35/rpandya4/model-human-processing/data/stimuli', output_dir='/scratch/jhu35/rpandya4/model-human-processing/data/model_output', cache_dir=None, prompt_file=None, model='RWKV/rwkv-4-430m-pile', reduce_precision=True, task=['syllogism'], use_tuned_lens=False)
Using quantization
RwkvForCausalLM(
  (rwkv): RwkvModel(
    (embeddings): Embedding(50277, 1024)
    (blocks): ModuleList(
      (0): RwkvBlock(
        (pre_ln): LayerNorm((1024,), eps=1e-05, elementwise_affine=True)
        (ln1): LayerNorm((1024,), eps=1e-05, elementwise_affine=True)
        (ln2): LayerNorm((1024,), eps=1e-05, elementwise_affine=True)
        (attention): RwkvSelfAttention(
          (time_shift): ZeroPad2d((0, 0, 1, -1))
          (key): Linear4bit(in_features=1024, out_features=1024, bias=False)
          (value): Linear4bit(in_features=1024, out_features=1024, bias=False)
          (receptance): Linear4bit(in_features=1024, out_features=1024, bias=False)
          (output): Linear4bit(in_features=1024, out_features=1024, bias=False)
        )
        (feed_forward): RwkvFeedForward(
          (time_shift): ZeroPad2d((0, 0, 1, -1))
          (key): Linear4bit(in_features=1024, out_features=4096, bias=False)
          (receptance): Linear4bit(in_features=1024, out_features=1024, bias=False)
          (value): Linear4bit(in_features=4096, out_features=1024, bias=False)
        )
      )
      (1-23): 23 x RwkvBlock(
        (ln1): LayerNorm((1024,), eps=1e-05, elementwise_affine=True)
        (ln2): LayerNorm((1024,), eps=1e-05, elementwise_affine=True)
        (attention): RwkvSelfAttention(
          (time_shift): ZeroPad2d((0, 0, 1, -1))
          (key): Linear4bit(in_features=1024, out_features=1024, bias=False)
          (value): Linear4bit(in_features=1024, out_features=1024, bias=False)
          (receptance): Linear4bit(in_features=1024, out_features=1024, bias=False)
          (output): Linear4bit(in_features=1024, out_features=1024, bias=False)
        )
        (feed_forward): RwkvFeedForward(
          (time_shift): ZeroPad2d((0, 0, 1, -1))
          (key): Linear4bit(in_features=1024, out_features=4096, bias=False)
          (receptance): Linear4bit(in_features=1024, out_features=1024, bias=False)
          (value): Linear4bit(in_features=4096, out_features=1024, bias=False)
        )
      )
    )
    (ln_out): LayerNorm((1024,), eps=1e-05, elementwise_affine=True)
  )
  (head): Linear(in_features=1024, out_features=50277, bias=False)
)
Using standard logit lens
No pad token found; setting pad token to eos token
***** Task = SYLLOGISM *****
* PREFIX FOR EVALUATION: In this task, you will have to answer a series of questions. You will have to choose the best answer to complete a sentence, paragraph, or question. Please answer them to the best of your ability.

Please assume that the first two sentences in the argument are true. Determine whether the argument is valid or invalid, that is, whether the conclusion follows from the first two sentences:
Argument:
Some librarians are happy people.
All happy people are healthy people.
Conclusion: Some librarians are healthy people.
Answer: The argument is
* ANSWER OPTIONS: [('correct', 'valid'), ('incorrect', 'invalid')]
* PREFIX FOR EVALUATION: In this task, you will have to answer a series of questions. You will have to choose the best answer to complete a sentence, paragraph, or question. Please answer them to the best of your ability.

Please assume that the first two sentences in the argument are true. Determine whether the argument is valid or invalid, that is, whether the conclusion follows from the first two sentences:
Argument:
All happy people are healthy people.
Some librarians are happy people.
Conclusion: Some librarians are healthy people.
Answer: The argument is
* ANSWER OPTIONS: [('correct', 'valid'), ('incorrect', 'invalid')]
* PREFIX FOR EVALUATION: In this task, you will have to answer a series of questions. You will have to choose the best answer to complete a sentence, paragraph, or question. Please answer them to the best of your ability.

Please assume that the first two sentences in the argument are true. Determine whether the argument is valid or invalid, that is, whether the conclusion follows from the first two sentences:
Argument:
All librarians are happy people.
Some happy people are healthy people.
Conclusion: Some librarians are healthy people.
Answer: The argument is
* ANSWER OPTIONS: [('correct', 'invalid'), ('incorrect', 'valid')]
* PREFIX FOR EVALUATION: In this task, you will have to answer a series of questions. You will have to choose the best answer to complete a sentence, paragraph, or question. Please answer them to the best of your ability.

Please assume that the first two sentences in the argument are true. Determine whether the argument is valid or invalid, that is, whether the conclusion follows from the first two sentences:
Argument:
Some happy people are healthy people.
All librarians are happy people.
Conclusion: Some librarians are healthy people.
Answer: The argument is
* ANSWER OPTIONS: [('correct', 'invalid'), ('incorrect', 'valid')]
* PREFIX FOR EVALUATION: In this task, you will have to answer a series of questions. You will have to choose the best answer to complete a sentence, paragraph, or question. Please answer them to the best of your ability.

Please assume that the first two sentences in the argument are true. Determine whether the argument is valid or invalid, that is, whether the conclusion follows from the first two sentences:
Argument:
All healthy people are happy people.
All happy people are librarians.
Conclusion: All healthy people are librarians.
Answer: The argument is
* ANSWER OPTIONS: [('correct', 'valid'), ('incorrect', 'invalid')]
* PREFIX FOR EVALUATION: In this task, you will have to answer a series of questions. You will have to choose the best answer to complete a sentence, paragraph, or question. Please answer them to the best of your ability.

Please assume that the first two sentences in the argument are true. Determine whether the argument is valid or invalid, that is, whether the conclusion follows from the first two sentences:
Argument:
All happy people are librarians.
All healthy people are happy people.
Conclusion: All healthy people are librarians.
Answer: The argument is
* ANSWER OPTIONS: [('correct', 'valid'), ('incorrect', 'invalid')]
* PREFIX FOR EVALUATION: In this task, you will have to answer a series of questions. You will have to choose the best answer to complete a sentence, paragraph, or question. Please answer them to the best of your ability.

Please assume that the first two sentences in the argument are true. Determine whether the argument is valid or invalid, that is, whether the conclusion follows from the first two sentences:
Argument:
All happy people are healthy people.
All happy people are librarians.
Conclusion: All healthy people are librarians.
Answer: The argument is
* ANSWER OPTIONS: [('correct', 'invalid'), ('incorrect', 'valid')]
* PREFIX FOR EVALUATION: In this task, you will have to answer a series of questions. You will have to choose the best answer to complete a sentence, paragraph, or question. Please answer them to the best of your ability.

Please assume that the first two sentences in the argument are true. Determine whether the argument is valid or invalid, that is, whether the conclusion follows from the first two sentences:
Argument:
All happy people are librarians.
All happy people are healthy people.
Conclusion: All healthy people are librarians.
Answer: The argument is
* ANSWER OPTIONS: [('correct', 'invalid'), ('incorrect', 'valid')]
* PREFIX FOR EVALUATION: In this task, you will have to answer a series of questions. You will have to choose the best answer to complete a sentence, paragraph, or question. Please answer them to the best of your ability.

Please assume that the first two sentences in the argument are true. Determine whether the argument is valid or invalid, that is, whether the conclusion follows from the first two sentences:
Argument:
Some electronics are computers.
All computers are expensive things.
Conclusion: Some electronics are expensive things.
Answer: The argument is
* ANSWER OPTIONS: [('correct', 'valid'), ('incorrect', 'invalid')]
* PREFIX FOR EVALUATION: In this task, you will have to answer a series of questions. You will have to choose the best answer to complete a sentence, paragraph, or question. Please answer them to the best of your ability.

Please assume that the first two sentences in the argument are true. Determine whether the argument is valid or invalid, that is, whether the conclusion follows from the first two sentences:
Argument:
All computers are expensive things.
Some electronics are computers.
Conclusion: Some electronics are expensive things.
Answer: The argument is
* ANSWER OPTIONS: [('correct', 'valid'), ('incorrect', 'invalid')]
* PREFIX FOR EVALUATION: In this task, you will have to answer a series of questions. You will have to choose the best answer to complete a sentence, paragraph, or question. Please answer them to the best of your ability.

Please assume that the first two sentences in the argument are true. Determine whether the argument is valid or invalid, that is, whether the conclusion follows from the first two sentences:
Argument:
Some computers are electronics.
Some computers are expensive things.
Conclusion: Some electronics are expensive things.
Answer: The argument is
* ANSWER OPTIONS: [('correct', 'invalid'), ('incorrect', 'valid')]
* PREFIX FOR EVALUATION: In this task, you will have to answer a series of questions. You will have to choose the best answer to complete a sentence, paragraph, or question. Please answer them to the best of your ability.

Please assume that the first two sentences in the argument are true. Determine whether the argument is valid or invalid, that is, whether the conclusion follows from the first two sentences:
Argument:
Some computers are expensive things.
Some computers are electronics.
Conclusion: Some electronics are expensive things.
Answer: The argument is
* ANSWER OPTIONS: [('correct', 'invalid'), ('incorrect', 'valid')]
* PREFIX FOR EVALUATION: In this task, you will have to answer a series of questions. You will have to choose the best answer to complete a sentence, paragraph, or question. Please answer them to the best of your ability.

Please assume that the first two sentences in the argument are true. Determine whether the argument is valid or invalid, that is, whether the conclusion follows from the first two sentences:
Argument:
All expensive things are electronics.
All electronics are computers.
Conclusion: All expensive things are computers.
Answer: The argument is
* ANSWER OPTIONS: [('correct', 'valid'), ('incorrect', 'invalid')]
* PREFIX FOR EVALUATION: In this task, you will have to answer a series of questions. You will have to choose the best answer to complete a sentence, paragraph, or question. Please answer them to the best of your ability.

Please assume that the first two sentences in the argument are true. Determine whether the argument is valid or invalid, that is, whether the conclusion follows from the first two sentences:
Argument:
All electronics are computers.
All expensive things are electronics.
Conclusion: All expensive things are computers.
Answer: The argument is
* ANSWER OPTIONS: [('correct', 'valid'), ('incorrect', 'invalid')]
* PREFIX FOR EVALUATION: In this task, you will have to answer a series of questions. You will have to choose the best answer to complete a sentence, paragraph, or question. Please answer them to the best of your ability.

Please assume that the first two sentences in the argument are true. Determine whether the argument is valid or invalid, that is, whether the conclusion follows from the first two sentences:
Argument:
All computers are electronics.
All expensive things are electronics.
Conclusion: All expensive things are computers.
Answer: The argument is
* ANSWER OPTIONS: [('correct', 'invalid'), ('incorrect', 'valid')]
* PREFIX FOR EVALUATION: In this task, you will have to answer a series of questions. You will have to choose the best answer to complete a sentence, paragraph, or question. Please answer them to the best of your ability.

Please assume that the first two sentences in the argument are true. Determine whether the argument is valid or invalid, that is, whether the conclusion follows from the first two sentences:
Argument:
All expensive things are electronics.
All computers are electronics.
Conclusion: All expensive things are computers.
Answer: The argument is
* ANSWER OPTIONS: [('correct', 'invalid'), ('incorrect', 'valid')]
* PREFIX FOR EVALUATION: In this task, you will have to answer a series of questions. You will have to choose the best answer to complete a sentence, paragraph, or question. Please answer them to the best of your ability.

Please assume that the first two sentences in the argument are true. Determine whether the argument is valid or invalid, that is, whether the conclusion follows from the first two sentences:
Argument:
All trees are plants.
Some trees are tall things.
Conclusion: Some plants are tall things.
Answer: The argument is
* ANSWER OPTIONS: [('correct', 'valid'), ('incorrect', 'invalid')]
* PREFIX FOR EVALUATION: In this task, you will have to answer a series of questions. You will have to choose the best answer to complete a sentence, paragraph, or question. Please answer them to the best of your ability.

Please assume that the first two sentences in the argument are true. Determine whether the argument is valid or invalid, that is, whether the conclusion follows from the first two sentences:
Argument:
Some trees are tall things.
All trees are plants.
Conclusion: Some plants are tall things.
Answer: The argument is
* ANSWER OPTIONS: [('correct', 'valid'), ('incorrect', 'invalid')]
* PREFIX FOR EVALUATION: In this task, you will have to answer a series of questions. You will have to choose the best answer to complete a sentence, paragraph, or question. Please answer them to the best of your ability.

Please assume that the first two sentences in the argument are true. Determine whether the argument is valid or invalid, that is, whether the conclusion follows from the first two sentences:
Argument:
Some plants are trees.
Some trees are tall things.
Conclusion: Some plants are tall things.
Answer: The argument is
* ANSWER OPTIONS: [('correct', 'invalid'), ('incorrect', 'valid')]
* PREFIX FOR EVALUATION: In this task, you will have to answer a series of questions. You will have to choose the best answer to complete a sentence, paragraph, or question. Please answer them to the best of your ability.

Please assume that the first two sentences in the argument are true. Determine whether the argument is valid or invalid, that is, whether the conclusion follows from the first two sentences:
Argument:
Some trees are tall things.
Some plants are trees.
Conclusion: Some plants are tall things.
Answer: The argument is
* ANSWER OPTIONS: [('correct', 'invalid'), ('incorrect', 'valid')]
* PREFIX FOR EVALUATION: In this task, you will have to answer a series of questions. You will have to choose the best answer to complete a sentence, paragraph, or question. Please answer them to the best of your ability.

Please assume that the first two sentences in the argument are true. Determine whether the argument is valid or invalid, that is, whether the conclusion follows from the first two sentences:
Argument:
All trees are tall things.
All plants are trees.
Conclusion: All plants are tall things.
Answer: The argument is
* ANSWER OPTIONS: [('correct', 'valid'), ('incorrect', 'invalid')]
* PREFIX FOR EVALUATION: In this task, you will have to answer a series of questions. You will have to choose the best answer to complete a sentence, paragraph, or question. Please answer them to the best of your ability.

Please assume that the first two sentences in the argument are true. Determine whether the argument is valid or invalid, that is, whether the conclusion follows from the first two sentences:
Argument:
All plants are trees.
All trees are tall things.
Conclusion: All plants are tall things.
Answer: The argument is
* ANSWER OPTIONS: [('correct', 'valid'), ('incorrect', 'invalid')]
* PREFIX FOR EVALUATION: In this task, you will have to answer a series of questions. You will have to choose the best answer to complete a sentence, paragraph, or question. Please answer them to the best of your ability.

Please assume that the first two sentences in the argument are true. Determine whether the argument is valid or invalid, that is, whether the conclusion follows from the first two sentences:
Argument:
All trees are tall things.
Some plants are tall things.
Conclusion: All plants are trees.
Answer: The argument is
* ANSWER OPTIONS: [('correct', 'invalid'), ('incorrect', 'valid')]
* PREFIX FOR EVALUATION: In this task, you will have to answer a series of questions. You will have to choose the best answer to complete a sentence, paragraph, or question. Please answer them to the best of your ability.

Please assume that the first two sentences in the argument are true. Determine whether the argument is valid or invalid, that is, whether the conclusion follows from the first two sentences:
Argument:
Some plants are tall things.
All trees are tall things.
Conclusion: All plants are trees.
Answer: The argument is
* ANSWER OPTIONS: [('correct', 'invalid'), ('incorrect', 'valid')]
* PREFIX FOR EVALUATION: In this task, you will have to answer a series of questions. You will have to choose the best answer to complete a sentence, paragraph, or question. Please answer them to the best of your ability.

Please assume that the first two sentences in the argument are true. Determine whether the argument is valid or invalid, that is, whether the conclusion follows from the first two sentences:
Argument:
No flowers are animals.
All reptiles are animals.
Conclusion: No flowers are reptiles.
Answer: The argument is
* ANSWER OPTIONS: [('correct', 'valid'), ('incorrect', 'invalid')]
* PREFIX FOR EVALUATION: In this task, you will have to answer a series of questions. You will have to choose the best answer to complete a sentence, paragraph, or question. Please answer them to the best of your ability.

Please assume that the first two sentences in the argument are true. Determine whether the argument is valid or invalid, that is, whether the conclusion follows from the first two sentences:
Argument:
All reptiles are animals.
No flowers are animals.
Conclusion: No flowers are reptiles.
Answer: The argument is
* ANSWER OPTIONS: [('correct', 'valid'), ('incorrect', 'invalid')]
* PREFIX FOR EVALUATION: In this task, you will have to answer a series of questions. You will have to choose the best answer to complete a sentence, paragraph, or question. Please answer them to the best of your ability.

Please assume that the first two sentences in the argument are true. Determine whether the argument is valid or invalid, that is, whether the conclusion follows from the first two sentences:
Argument:
No flowers are reptiles.
All reptiles are animals.
Conclusion: No flowers are animals.
Answer: The argument is
* ANSWER OPTIONS: [('correct', 'invalid'), ('incorrect', 'valid')]
* PREFIX FOR EVALUATION: In this task, you will have to answer a series of questions. You will have to choose the best answer to complete a sentence, paragraph, or question. Please answer them to the best of your ability.

Please assume that the first two sentences in the argument are true. Determine whether the argument is valid or invalid, that is, whether the conclusion follows from the first two sentences:
Argument:
All reptiles are animals.
No flowers are reptiles.
Conclusion: No flowers are animals.
Answer: The argument is
* ANSWER OPTIONS: [('correct', 'invalid'), ('incorrect', 'valid')]
* PREFIX FOR EVALUATION: In this task, you will have to answer a series of questions. You will have to choose the best answer to complete a sentence, paragraph, or question. Please answer them to the best of your ability.

Please assume that the first two sentences in the argument are true. Determine whether the argument is valid or invalid, that is, whether the conclusion follows from the first two sentences:
Argument:
All reptiles are flowers.
No flowers are animals.
Conclusion: No reptiles are animals.
Answer: The argument is
* ANSWER OPTIONS: [('correct', 'valid'), ('incorrect', 'invalid')]
* PREFIX FOR EVALUATION: In this task, you will have to answer a series of questions. You will have to choose the best answer to complete a sentence, paragraph, or question. Please answer them to the best of your ability.

Please assume that the first two sentences in the argument are true. Determine whether the argument is valid or invalid, that is, whether the conclusion follows from the first two sentences:
Argument:
No flowers are animals.
All reptiles are flowers.
Conclusion: No reptiles are animals.
Answer: The argument is
* ANSWER OPTIONS: [('correct', 'valid'), ('incorrect', 'invalid')]
* PREFIX FOR EVALUATION: In this task, you will have to answer a series of questions. You will have to choose the best answer to complete a sentence, paragraph, or question. Please answer them to the best of your ability.

Please assume that the first two sentences in the argument are true. Determine whether the argument is valid or invalid, that is, whether the conclusion follows from the first two sentences:
Argument:
All flowers are reptiles.
No flowers are animals.
Conclusion: No reptiles are animals.
Answer: The argument is
* ANSWER OPTIONS: [('correct', 'invalid'), ('incorrect', 'valid')]
* PREFIX FOR EVALUATION: In this task, you will have to answer a series of questions. You will have to choose the best answer to complete a sentence, paragraph, or question. Please answer them to the best of your ability.

Please assume that the first two sentences in the argument are true. Determine whether the argument is valid or invalid, that is, whether the conclusion follows from the first two sentences:
Argument:
No flowers are animals.
All flowers are reptiles.
Conclusion: No reptiles are animals.
Answer: The argument is
* ANSWER OPTIONS: [('correct', 'invalid'), ('incorrect', 'valid')]
* PREFIX FOR EVALUATION: In this task, you will have to answer a series of questions. You will have to choose the best answer to complete a sentence, paragraph, or question. Please answer them to the best of your ability.

Please assume that the first two sentences in the argument are true. Determine whether the argument is valid or invalid, that is, whether the conclusion follows from the first two sentences:
Argument:
All diamonds are gems.
Some diamonds are transparent things.
Conclusion: Some gems are transparent things.
Answer: The argument is
* ANSWER OPTIONS: [('correct', 'valid'), ('incorrect', 'invalid')]
* PREFIX FOR EVALUATION: In this task, you will have to answer a series of questions. You will have to choose the best answer to complete a sentence, paragraph, or question. Please answer them to the best of your ability.

Please assume that the first two sentences in the argument are true. Determine whether the argument is valid or invalid, that is, whether the conclusion follows from the first two sentences:
Argument:
Some diamonds are transparent things.
All diamonds are gems.
Conclusion: Some gems are transparent things.
Answer: The argument is
* ANSWER OPTIONS: [('correct', 'valid'), ('incorrect', 'invalid')]
* PREFIX FOR EVALUATION: In this task, you will have to answer a series of questions. You will have to choose the best answer to complete a sentence, paragraph, or question. Please answer them to the best of your ability.

Please assume that the first two sentences in the argument are true. Determine whether the argument is valid or invalid, that is, whether the conclusion follows from the first two sentences:
Argument:
All diamonds are gems.
Some gems are transparent things.
Conclusion: Some diamonds are transparent things.
Answer: The argument is
* ANSWER OPTIONS: [('correct', 'invalid'), ('incorrect', 'valid')]
* PREFIX FOR EVALUATION: In this task, you will have to answer a series of questions. You will have to choose the best answer to complete a sentence, paragraph, or question. Please answer them to the best of your ability.

Please assume that the first two sentences in the argument are true. Determine whether the argument is valid or invalid, that is, whether the conclusion follows from the first two sentences:
Argument:
Some gems are transparent things.
All diamonds are gems.
Conclusion: Some diamonds are transparent things.
Answer: The argument is
* ANSWER OPTIONS: [('correct', 'invalid'), ('incorrect', 'valid')]
* PREFIX FOR EVALUATION: In this task, you will have to answer a series of questions. You will have to choose the best answer to complete a sentence, paragraph, or question. Please answer them to the best of your ability.

Please assume that the first two sentences in the argument are true. Determine whether the argument is valid or invalid, that is, whether the conclusion follows from the first two sentences:
Argument:
All gems are diamonds.
All transparent things are gems.
Conclusion: All transparent things are diamonds.
Answer: The argument is
* ANSWER OPTIONS: [('correct', 'valid'), ('incorrect', 'invalid')]
* PREFIX FOR EVALUATION: In this task, you will have to answer a series of questions. You will have to choose the best answer to complete a sentence, paragraph, or question. Please answer them to the best of your ability.

Please assume that the first two sentences in the argument are true. Determine whether the argument is valid or invalid, that is, whether the conclusion follows from the first two sentences:
Argument:
All transparent things are gems.
All gems are diamonds.
Conclusion: All transparent things are diamonds.
Answer: The argument is
* ANSWER OPTIONS: [('correct', 'valid'), ('incorrect', 'invalid')]
* PREFIX FOR EVALUATION: In this task, you will have to answer a series of questions. You will have to choose the best answer to complete a sentence, paragraph, or question. Please answer them to the best of your ability.

Please assume that the first two sentences in the argument are true. Determine whether the argument is valid or invalid, that is, whether the conclusion follows from the first two sentences:
Argument:
All diamonds are gems.
Some transparent things are gems.
Conclusion: All transparent things are diamonds.
Answer: The argument is
* ANSWER OPTIONS: [('correct', 'invalid'), ('incorrect', 'valid')]
* PREFIX FOR EVALUATION: In this task, you will have to answer a series of questions. You will have to choose the best answer to complete a sentence, paragraph, or question. Please answer them to the best of your ability.

Please assume that the first two sentences in the argument are true. Determine whether the argument is valid or invalid, that is, whether the conclusion follows from the first two sentences:
Argument:
Some transparent things are gems.
All diamonds are gems.
Conclusion: All transparent things are diamonds.
Answer: The argument is
* ANSWER OPTIONS: [('correct', 'invalid'), ('incorrect', 'valid')]
* PREFIX FOR EVALUATION: In this task, you will have to answer a series of questions. You will have to choose the best answer to complete a sentence, paragraph, or question. Please answer them to the best of your ability.

Please assume that the first two sentences in the argument are true. Determine whether the argument is valid or invalid, that is, whether the conclusion follows from the first two sentences:
Argument:
All guns are weapons.
All weapons are dangerous things.
Conclusion: All guns are dangerous things.
Answer: The argument is
* ANSWER OPTIONS: [('correct', 'valid'), ('incorrect', 'invalid')]
* PREFIX FOR EVALUATION: In this task, you will have to answer a series of questions. You will have to choose the best answer to complete a sentence, paragraph, or question. Please answer them to the best of your ability.

Please assume that the first two sentences in the argument are true. Determine whether the argument is valid or invalid, that is, whether the conclusion follows from the first two sentences:
Argument:
All weapons are dangerous things.
All guns are weapons.
Conclusion: All guns are dangerous things.
Answer: The argument is
* ANSWER OPTIONS: [('correct', 'valid'), ('incorrect', 'invalid')]
* PREFIX FOR EVALUATION: In this task, you will have to answer a series of questions. You will have to choose the best answer to complete a sentence, paragraph, or question. Please answer them to the best of your ability.

Please assume that the first two sentences in the argument are true. Determine whether the argument is valid or invalid, that is, whether the conclusion follows from the first two sentences:
Argument:
All guns are weapons.
All guns are dangerous things.
Conclusion: All weapons are dangerous things.
Answer: The argument is
* ANSWER OPTIONS: [('correct', 'invalid'), ('incorrect', 'valid')]
* PREFIX FOR EVALUATION: In this task, you will have to answer a series of questions. You will have to choose the best answer to complete a sentence, paragraph, or question. Please answer them to the best of your ability.

Please assume that the first two sentences in the argument are true. Determine whether the argument is valid or invalid, that is, whether the conclusion follows from the first two sentences:
Argument:
All guns are dangerous things.
All guns are weapons.
Conclusion: All weapons are dangerous things.
Answer: The argument is
* ANSWER OPTIONS: [('correct', 'invalid'), ('incorrect', 'valid')]
* PREFIX FOR EVALUATION: In this task, you will have to answer a series of questions. You will have to choose the best answer to complete a sentence, paragraph, or question. Please answer them to the best of your ability.

Please assume that the first two sentences in the argument are true. Determine whether the argument is valid or invalid, that is, whether the conclusion follows from the first two sentences:
Argument:
All weapons are dangerous things.
All dangerous things are guns.
Conclusion: All weapons are guns.
Answer: The argument is
* ANSWER OPTIONS: [('correct', 'valid'), ('incorrect', 'invalid')]
* PREFIX FOR EVALUATION: In this task, you will have to answer a series of questions. You will have to choose the best answer to complete a sentence, paragraph, or question. Please answer them to the best of your ability.

Please assume that the first two sentences in the argument are true. Determine whether the argument is valid or invalid, that is, whether the conclusion follows from the first two sentences:
Argument:
All dangerous things are guns.
All weapons are dangerous things.
Conclusion: All weapons are guns.
Answer: The argument is
* ANSWER OPTIONS: [('correct', 'valid'), ('incorrect', 'invalid')]
* PREFIX FOR EVALUATION: In this task, you will have to answer a series of questions. You will have to choose the best answer to complete a sentence, paragraph, or question. Please answer them to the best of your ability.

Please assume that the first two sentences in the argument are true. Determine whether the argument is valid or invalid, that is, whether the conclusion follows from the first two sentences:
Argument:
All guns are weapons.
All weapons are dangerous things.
Conclusion: All dangerous things are guns.
Answer: The argument is
* ANSWER OPTIONS: [('correct', 'invalid'), ('incorrect', 'valid')]
* PREFIX FOR EVALUATION: In this task, you will have to answer a series of questions. You will have to choose the best answer to complete a sentence, paragraph, or question. Please answer them to the best of your ability.

Please assume that the first two sentences in the argument are true. Determine whether the argument is valid or invalid, that is, whether the conclusion follows from the first two sentences:
Argument:
All weapons are dangerous things.
All guns are weapons.
Conclusion: All dangerous things are guns.
Answer: The argument is
* ANSWER OPTIONS: [('correct', 'invalid'), ('incorrect', 'valid')]
* PREFIX FOR EVALUATION: In this task, you will have to answer a series of questions. You will have to choose the best answer to complete a sentence, paragraph, or question. Please answer them to the best of your ability.

Please assume that the first two sentences in the argument are true. Determine whether the argument is valid or invalid, that is, whether the conclusion follows from the first two sentences:
Argument:
All dragons are mythical creatures.
No mythical creatures are things that exist.
Conclusion: No dragons are things that exist.
Answer: The argument is
* ANSWER OPTIONS: [('correct', 'valid'), ('incorrect', 'invalid')]
* PREFIX FOR EVALUATION: In this task, you will have to answer a series of questions. You will have to choose the best answer to complete a sentence, paragraph, or question. Please answer them to the best of your ability.

Please assume that the first two sentences in the argument are true. Determine whether the argument is valid or invalid, that is, whether the conclusion follows from the first two sentences:
Argument:
No mythical creatures are things that exist.
All dragons are mythical creatures.
Conclusion: No dragons are things that exist.
Answer: The argument is
* ANSWER OPTIONS: [('correct', 'valid'), ('incorrect', 'invalid')]
* PREFIX FOR EVALUATION: In this task, you will have to answer a series of questions. You will have to choose the best answer to complete a sentence, paragraph, or question. Please answer them to the best of your ability.

Please assume that the first two sentences in the argument are true. Determine whether the argument is valid or invalid, that is, whether the conclusion follows from the first two sentences:
Argument:
Some mythical creatures are dragons.
No mythical creatures are things that exist.
Conclusion: No dragons are things that exist.
Answer: The argument is
* ANSWER OPTIONS: [('correct', 'invalid'), ('incorrect', 'valid')]
* PREFIX FOR EVALUATION: In this task, you will have to answer a series of questions. You will have to choose the best answer to complete a sentence, paragraph, or question. Please answer them to the best of your ability.

Please assume that the first two sentences in the argument are true. Determine whether the argument is valid or invalid, that is, whether the conclusion follows from the first two sentences:
Argument:
No mythical creatures are things that exist.
Some mythical creatures are dragons.
Conclusion: No dragons are things that exist.
Answer: The argument is
* ANSWER OPTIONS: [('correct', 'invalid'), ('incorrect', 'valid')]
* PREFIX FOR EVALUATION: In this task, you will have to answer a series of questions. You will have to choose the best answer to complete a sentence, paragraph, or question. Please answer them to the best of your ability.

Please assume that the first two sentences in the argument are true. Determine whether the argument is valid or invalid, that is, whether the conclusion follows from the first two sentences:
Argument:
No dragons are things that exist.
No mythical creatures are things that exist.
Conclusion: No dragons are mythical creatures.
Answer: The argument is
* ANSWER OPTIONS: [('correct', 'invalid'), ('incorrect', 'valid')]
* PREFIX FOR EVALUATION: In this task, you will have to answer a series of questions. You will have to choose the best answer to complete a sentence, paragraph, or question. Please answer them to the best of your ability.

Please assume that the first two sentences in the argument are true. Determine whether the argument is valid or invalid, that is, whether the conclusion follows from the first two sentences:
Argument:
No mythical creatures are things that exist.
No dragons are things that exist.
Conclusion: No dragons are mythical creatures.
Answer: The argument is
* ANSWER OPTIONS: [('correct', 'invalid'), ('incorrect', 'valid')]
* PREFIX FOR EVALUATION: In this task, you will have to answer a series of questions. You will have to choose the best answer to complete a sentence, paragraph, or question. Please answer them to the best of your ability.

Please assume that the first two sentences in the argument are true. Determine whether the argument is valid or invalid, that is, whether the conclusion follows from the first two sentences:
Argument:
No things that exist are mythical creatures.
All dragons are things that exist.
Conclusion: No dragons are mythical creatures.
Answer: The argument is
* ANSWER OPTIONS: [('correct', 'valid'), ('incorrect', 'invalid')]
* PREFIX FOR EVALUATION: In this task, you will have to answer a series of questions. You will have to choose the best answer to complete a sentence, paragraph, or question. Please answer them to the best of your ability.

Please assume that the first two sentences in the argument are true. Determine whether the argument is valid or invalid, that is, whether the conclusion follows from the first two sentences:
Argument:
All dragons are things that exist.
No things that exist are mythical creatures.
Conclusion: No dragons are mythical creatures.
Answer: The argument is
* ANSWER OPTIONS: [('correct', 'valid'), ('incorrect', 'invalid')]
* PREFIX FOR EVALUATION: In this task, you will have to answer a series of questions. You will have to choose the best answer to complete a sentence, paragraph, or question. Please answer them to the best of your ability.

Please assume that the first two sentences in the argument are true. Determine whether the argument is valid or invalid, that is, whether the conclusion follows from the first two sentences:
Argument:
Some politicians are dishonest people.
All dishonest people are people who lie.
Conclusion: Some politicians are people who lie.
Answer: The argument is
* ANSWER OPTIONS: [('correct', 'valid'), ('incorrect', 'invalid')]
* PREFIX FOR EVALUATION: In this task, you will have to answer a series of questions. You will have to choose the best answer to complete a sentence, paragraph, or question. Please answer them to the best of your ability.

Please assume that the first two sentences in the argument are true. Determine whether the argument is valid or invalid, that is, whether the conclusion follows from the first two sentences:
Argument:
All dishonest people are people who lie.
Some politicians are dishonest people.
Conclusion: Some politicians are people who lie.
Answer: The argument is
* ANSWER OPTIONS: [('correct', 'valid'), ('incorrect', 'invalid')]
* PREFIX FOR EVALUATION: In this task, you will have to answer a series of questions. You will have to choose the best answer to complete a sentence, paragraph, or question. Please answer them to the best of your ability.

Please assume that the first two sentences in the argument are true. Determine whether the argument is valid or invalid, that is, whether the conclusion follows from the first two sentences:
Argument:
Some politicians are dishonest people.
Some dishonest people are people who lie.
Conclusion: Some politicians are people who lie.
Answer: The argument is
* ANSWER OPTIONS: [('correct', 'invalid'), ('incorrect', 'valid')]
* PREFIX FOR EVALUATION: In this task, you will have to answer a series of questions. You will have to choose the best answer to complete a sentence, paragraph, or question. Please answer them to the best of your ability.

Please assume that the first two sentences in the argument are true. Determine whether the argument is valid or invalid, that is, whether the conclusion follows from the first two sentences:
Argument:
Some dishonest people are people who lie.
Some politicians are dishonest people.
Conclusion: Some politicians are people who lie.
Answer: The argument is
* ANSWER OPTIONS: [('correct', 'invalid'), ('incorrect', 'valid')]
* PREFIX FOR EVALUATION: In this task, you will have to answer a series of questions. You will have to choose the best answer to complete a sentence, paragraph, or question. Please answer them to the best of your ability.

Please assume that the first two sentences in the argument are true. Determine whether the argument is valid or invalid, that is, whether the conclusion follows from the first two sentences:
Argument:
All dishonest people are people who lie.
All people who lie are politicians.
Conclusion: All dishonest people are politicians.
Answer: The argument is
* ANSWER OPTIONS: [('correct', 'valid'), ('incorrect', 'invalid')]
* PREFIX FOR EVALUATION: In this task, you will have to answer a series of questions. You will have to choose the best answer to complete a sentence, paragraph, or question. Please answer them to the best of your ability.

Please assume that the first two sentences in the argument are true. Determine whether the argument is valid or invalid, that is, whether the conclusion follows from the first two sentences:
Argument:
All people who lie are politicians.
All dishonest people are people who lie.
Conclusion: All dishonest people are politicians.
Answer: The argument is
* ANSWER OPTIONS: [('correct', 'valid'), ('incorrect', 'invalid')]
* PREFIX FOR EVALUATION: In this task, you will have to answer a series of questions. You will have to choose the best answer to complete a sentence, paragraph, or question. Please answer them to the best of your ability.

Please assume that the first two sentences in the argument are true. Determine whether the argument is valid or invalid, that is, whether the conclusion follows from the first two sentences:
Argument:
All politicians are people who lie.
All dishonest people are people who lie.
Conclusion: All dishonest people are politicians.
Answer: The argument is
* ANSWER OPTIONS: [('correct', 'invalid'), ('incorrect', 'valid')]
* PREFIX FOR EVALUATION: In this task, you will have to answer a series of questions. You will have to choose the best answer to complete a sentence, paragraph, or question. Please answer them to the best of your ability.

Please assume that the first two sentences in the argument are true. Determine whether the argument is valid or invalid, that is, whether the conclusion follows from the first two sentences:
Argument:
All dishonest people are people who lie.
All politicians are people who lie.
Conclusion: All dishonest people are politicians.
Answer: The argument is
* ANSWER OPTIONS: [('correct', 'invalid'), ('incorrect', 'valid')]
* PREFIX FOR EVALUATION: In this task, you will have to answer a series of questions. You will have to choose the best answer to complete a sentence, paragraph, or question. Please answer them to the best of your ability.

Please assume that the first two sentences in the argument are true. Determine whether the argument is valid or invalid, that is, whether the conclusion follows from the first two sentences:
Argument:
Some mammals are big things.
All whales are mammals.
Conclusion: Some whales are big things.
Answer: The argument is
* ANSWER OPTIONS: [('correct', 'invalid'), ('incorrect', 'valid')]
* PREFIX FOR EVALUATION: In this task, you will have to answer a series of questions. You will have to choose the best answer to complete a sentence, paragraph, or question. Please answer them to the best of your ability.

Please assume that the first two sentences in the argument are true. Determine whether the argument is valid or invalid, that is, whether the conclusion follows from the first two sentences:
Argument:
All whales are mammals.
Some mammals are big things.
Conclusion: Some whales are big things.
Answer: The argument is
* ANSWER OPTIONS: [('correct', 'invalid'), ('incorrect', 'valid')]
* PREFIX FOR EVALUATION: In this task, you will have to answer a series of questions. You will have to choose the best answer to complete a sentence, paragraph, or question. Please answer them to the best of your ability.

Please assume that the first two sentences in the argument are true. Determine whether the argument is valid or invalid, that is, whether the conclusion follows from the first two sentences:
Argument:
All whales are mammals.
Some whales are big things.
Conclusion: Some mammals are big things.
Answer: The argument is
* ANSWER OPTIONS: [('correct', 'valid'), ('incorrect', 'invalid')]
* PREFIX FOR EVALUATION: In this task, you will have to answer a series of questions. You will have to choose the best answer to complete a sentence, paragraph, or question. Please answer them to the best of your ability.

Please assume that the first two sentences in the argument are true. Determine whether the argument is valid or invalid, that is, whether the conclusion follows from the first two sentences:
Argument:
Some whales are big things.
All whales are mammals.
Conclusion: Some mammals are big things.
Answer: The argument is
* ANSWER OPTIONS: [('correct', 'valid'), ('incorrect', 'invalid')]
* PREFIX FOR EVALUATION: In this task, you will have to answer a series of questions. You will have to choose the best answer to complete a sentence, paragraph, or question. Please answer them to the best of your ability.

Please assume that the first two sentences in the argument are true. Determine whether the argument is valid or invalid, that is, whether the conclusion follows from the first two sentences:
Argument:
All whales are mammals.
All whales are big things.
Conclusion: All mammals are big things.
Answer: The argument is
* ANSWER OPTIONS: [('correct', 'invalid'), ('incorrect', 'valid')]
* PREFIX FOR EVALUATION: In this task, you will have to answer a series of questions. You will have to choose the best answer to complete a sentence, paragraph, or question. Please answer them to the best of your ability.

Please assume that the first two sentences in the argument are true. Determine whether the argument is valid or invalid, that is, whether the conclusion follows from the first two sentences:
Argument:
All whales are big things.
All whales are mammals.
Conclusion: All mammals are big things.
Answer: The argument is
* ANSWER OPTIONS: [('correct', 'invalid'), ('incorrect', 'valid')]
* PREFIX FOR EVALUATION: In this task, you will have to answer a series of questions. You will have to choose the best answer to complete a sentence, paragraph, or question. Please answer them to the best of your ability.

Please assume that the first two sentences in the argument are true. Determine whether the argument is valid or invalid, that is, whether the conclusion follows from the first two sentences:
Argument:
All big things are mammals.
All mammals are whales.
Conclusion: All big things are whales.
Answer: The argument is
* ANSWER OPTIONS: [('correct', 'valid'), ('incorrect', 'invalid')]
* PREFIX FOR EVALUATION: In this task, you will have to answer a series of questions. You will have to choose the best answer to complete a sentence, paragraph, or question. Please answer them to the best of your ability.

Please assume that the first two sentences in the argument are true. Determine whether the argument is valid or invalid, that is, whether the conclusion follows from the first two sentences:
Argument:
All mammals are whales.
All big things are mammals.
Conclusion: All big things are whales.
Answer: The argument is
* ANSWER OPTIONS: [('correct', 'valid'), ('incorrect', 'invalid')]
* PREFIX FOR EVALUATION: In this task, you will have to answer a series of questions. You will have to choose the best answer to complete a sentence, paragraph, or question. Please answer them to the best of your ability.

Please assume that the first two sentences in the argument are true. Determine whether the argument is valid or invalid, that is, whether the conclusion follows from the first two sentences:
Argument:
All vegetables are healthy things.
All foods are vegetables.
Conclusion: All foods are healthy things.
Answer: The argument is
* ANSWER OPTIONS: [('correct', 'valid'), ('incorrect', 'invalid')]
* PREFIX FOR EVALUATION: In this task, you will have to answer a series of questions. You will have to choose the best answer to complete a sentence, paragraph, or question. Please answer them to the best of your ability.

Please assume that the first two sentences in the argument are true. Determine whether the argument is valid or invalid, that is, whether the conclusion follows from the first two sentences:
Argument:
All foods are vegetables.
All vegetables are healthy things.
Conclusion: All foods are healthy things.
Answer: The argument is
* ANSWER OPTIONS: [('correct', 'valid'), ('incorrect', 'invalid')]
* PREFIX FOR EVALUATION: In this task, you will have to answer a series of questions. You will have to choose the best answer to complete a sentence, paragraph, or question. Please answer them to the best of your ability.

Please assume that the first two sentences in the argument are true. Determine whether the argument is valid or invalid, that is, whether the conclusion follows from the first two sentences:
Argument:
All vegetables are foods.
All vegetables are healthy things.
Conclusion: All foods are healthy things.
Answer: The argument is
* ANSWER OPTIONS: [('correct', 'invalid'), ('incorrect', 'valid')]
* PREFIX FOR EVALUATION: In this task, you will have to answer a series of questions. You will have to choose the best answer to complete a sentence, paragraph, or question. Please answer them to the best of your ability.

Please assume that the first two sentences in the argument are true. Determine whether the argument is valid or invalid, that is, whether the conclusion follows from the first two sentences:
Argument:
All vegetables are healthy things.
All vegetables are foods.
Conclusion: All foods are healthy things.
Answer: The argument is
* ANSWER OPTIONS: [('correct', 'invalid'), ('incorrect', 'valid')]
* PREFIX FOR EVALUATION: In this task, you will have to answer a series of questions. You will have to choose the best answer to complete a sentence, paragraph, or question. Please answer them to the best of your ability.

Please assume that the first two sentences in the argument are true. Determine whether the argument is valid or invalid, that is, whether the conclusion follows from the first two sentences:
Argument:
All vegetables are foods.
Some vegetables are healthy things.
Conclusion: Some foods are healthy things.
Answer: The argument is
* ANSWER OPTIONS: [('correct', 'valid'), ('incorrect', 'invalid')]
* PREFIX FOR EVALUATION: In this task, you will have to answer a series of questions. You will have to choose the best answer to complete a sentence, paragraph, or question. Please answer them to the best of your ability.

Please assume that the first two sentences in the argument are true. Determine whether the argument is valid or invalid, that is, whether the conclusion follows from the first two sentences:
Argument:
Some vegetables are healthy things.
All vegetables are foods.
Conclusion: Some foods are healthy things.
Answer: The argument is
* ANSWER OPTIONS: [('correct', 'valid'), ('incorrect', 'invalid')]
* PREFIX FOR EVALUATION: In this task, you will have to answer a series of questions. You will have to choose the best answer to complete a sentence, paragraph, or question. Please answer them to the best of your ability.

Please assume that the first two sentences in the argument are true. Determine whether the argument is valid or invalid, that is, whether the conclusion follows from the first two sentences:
Argument:
Some vegetables are foods.
Some vegetables are healthy things.
Conclusion: Some foods are healthy things.
Answer: The argument is
* ANSWER OPTIONS: [('correct', 'invalid'), ('incorrect', 'valid')]
* PREFIX FOR EVALUATION: In this task, you will have to answer a series of questions. You will have to choose the best answer to complete a sentence, paragraph, or question. Please answer them to the best of your ability.

Please assume that the first two sentences in the argument are true. Determine whether the argument is valid or invalid, that is, whether the conclusion follows from the first two sentences:
Argument:
Some vegetables are healthy things.
Some vegetables are foods.
Conclusion: Some foods are healthy things.
Answer: The argument is
* ANSWER OPTIONS: [('correct', 'invalid'), ('incorrect', 'valid')]
* PREFIX FOR EVALUATION: In this task, you will have to answer a series of questions. You will have to choose the best answer to complete a sentence, paragraph, or question. Please answer them to the best of your ability.

Please assume that the first two sentences in the argument are true. Determine whether the argument is valid or invalid, that is, whether the conclusion follows from the first two sentences:
Argument:
All famous actors are wealthy people.
Some famous actors are old people.
Conclusion: Some old people are wealthy people.
Answer: The argument is
* ANSWER OPTIONS: [('correct', 'valid'), ('incorrect', 'invalid')]
* PREFIX FOR EVALUATION: In this task, you will have to answer a series of questions. You will have to choose the best answer to complete a sentence, paragraph, or question. Please answer them to the best of your ability.

Please assume that the first two sentences in the argument are true. Determine whether the argument is valid or invalid, that is, whether the conclusion follows from the first two sentences:
Argument:
Some famous actors are old people.
All famous actors are wealthy people.
Conclusion: Some old people are wealthy people.
Answer: The argument is
* ANSWER OPTIONS: [('correct', 'valid'), ('incorrect', 'invalid')]
* PREFIX FOR EVALUATION: In this task, you will have to answer a series of questions. You will have to choose the best answer to complete a sentence, paragraph, or question. Please answer them to the best of your ability.

Please assume that the first two sentences in the argument are true. Determine whether the argument is valid or invalid, that is, whether the conclusion follows from the first two sentences:
Argument:
Some famous actors are wealthy people.
Some famous actors are old people.
Conclusion: Some old people are wealthy people.
Answer: The argument is
* ANSWER OPTIONS: [('correct', 'invalid'), ('incorrect', 'valid')]
* PREFIX FOR EVALUATION: In this task, you will have to answer a series of questions. You will have to choose the best answer to complete a sentence, paragraph, or question. Please answer them to the best of your ability.

Please assume that the first two sentences in the argument are true. Determine whether the argument is valid or invalid, that is, whether the conclusion follows from the first two sentences:
Argument:
Some famous actors are old people.
Some famous actors are wealthy people.
Conclusion: Some old people are wealthy people.
Answer: The argument is
* ANSWER OPTIONS: [('correct', 'invalid'), ('incorrect', 'valid')]
* PREFIX FOR EVALUATION: In this task, you will have to answer a series of questions. You will have to choose the best answer to complete a sentence, paragraph, or question. Please answer them to the best of your ability.

Please assume that the first two sentences in the argument are true. Determine whether the argument is valid or invalid, that is, whether the conclusion follows from the first two sentences:
Argument:
All old people are wealthy people.
All wealthy people are famous actors.
Conclusion: All old people are famous actors.
Answer: The argument is
* ANSWER OPTIONS: [('correct', 'valid'), ('incorrect', 'invalid')]
* PREFIX FOR EVALUATION: In this task, you will have to answer a series of questions. You will have to choose the best answer to complete a sentence, paragraph, or question. Please answer them to the best of your ability.

Please assume that the first two sentences in the argument are true. Determine whether the argument is valid or invalid, that is, whether the conclusion follows from the first two sentences:
Argument:
All wealthy people are famous actors.
All old people are wealthy people.
Conclusion: All old people are famous actors.
Answer: The argument is
* ANSWER OPTIONS: [('correct', 'valid'), ('incorrect', 'invalid')]
* PREFIX FOR EVALUATION: In this task, you will have to answer a series of questions. You will have to choose the best answer to complete a sentence, paragraph, or question. Please answer them to the best of your ability.

Please assume that the first two sentences in the argument are true. Determine whether the argument is valid or invalid, that is, whether the conclusion follows from the first two sentences:
Argument:
All old people are wealthy people.
All famous actors are wealthy people.
Conclusion: All old people are famous actors.
Answer: The argument is
* ANSWER OPTIONS: [('correct', 'invalid'), ('incorrect', 'valid')]
* PREFIX FOR EVALUATION: In this task, you will have to answer a series of questions. You will have to choose the best answer to complete a sentence, paragraph, or question. Please answer them to the best of your ability.

Please assume that the first two sentences in the argument are true. Determine whether the argument is valid or invalid, that is, whether the conclusion follows from the first two sentences:
Argument:
All famous actors are wealthy people.
All old people are wealthy people.
Conclusion: All old people are famous actors.
Answer: The argument is
* ANSWER OPTIONS: [('correct', 'invalid'), ('incorrect', 'valid')]
* PREFIX FOR EVALUATION: In this task, you will have to answer a series of questions. You will have to choose the best answer to complete a sentence, paragraph, or question. Please answer them to the best of your ability.

Please assume that the first two sentences in the argument are true. Determine whether the argument is valid or invalid, that is, whether the conclusion follows from the first two sentences:
Argument:
All vehicles are things that move.
No buildings are things that move.
Conclusion: No buildings are vehicles.
Answer: The argument is
* ANSWER OPTIONS: [('correct', 'valid'), ('incorrect', 'invalid')]
* PREFIX FOR EVALUATION: In this task, you will have to answer a series of questions. You will have to choose the best answer to complete a sentence, paragraph, or question. Please answer them to the best of your ability.

Please assume that the first two sentences in the argument are true. Determine whether the argument is valid or invalid, that is, whether the conclusion follows from the first two sentences:
Argument:
No buildings are things that move.
All vehicles are things that move.
Conclusion: No buildings are vehicles.
Answer: The argument is
* ANSWER OPTIONS: [('correct', 'valid'), ('incorrect', 'invalid')]
* PREFIX FOR EVALUATION: In this task, you will have to answer a series of questions. You will have to choose the best answer to complete a sentence, paragraph, or question. Please answer them to the best of your ability.

Please assume that the first two sentences in the argument are true. Determine whether the argument is valid or invalid, that is, whether the conclusion follows from the first two sentences:
Argument:
All things that move are vehicles.
No buildings are things that move.
Conclusion: No buildings are vehicles.
Answer: The argument is
* ANSWER OPTIONS: [('correct', 'invalid'), ('incorrect', 'valid')]
* PREFIX FOR EVALUATION: In this task, you will have to answer a series of questions. You will have to choose the best answer to complete a sentence, paragraph, or question. Please answer them to the best of your ability.

Please assume that the first two sentences in the argument are true. Determine whether the argument is valid or invalid, that is, whether the conclusion follows from the first two sentences:
Argument:
No buildings are things that move.
All things that move are vehicles.
Conclusion: No buildings are vehicles.
Answer: The argument is
* ANSWER OPTIONS: [('correct', 'invalid'), ('incorrect', 'valid')]
* PREFIX FOR EVALUATION: In this task, you will have to answer a series of questions. You will have to choose the best answer to complete a sentence, paragraph, or question. Please answer them to the best of your ability.

Please assume that the first two sentences in the argument are true. Determine whether the argument is valid or invalid, that is, whether the conclusion follows from the first two sentences:
Argument:
All vehicles are buildings.
No things that move are buildings.
Conclusion: No vehicles are things that move.
Answer: The argument is
* ANSWER OPTIONS: [('correct', 'valid'), ('incorrect', 'invalid')]
* PREFIX FOR EVALUATION: In this task, you will have to answer a series of questions. You will have to choose the best answer to complete a sentence, paragraph, or question. Please answer them to the best of your ability.

Please assume that the first two sentences in the argument are true. Determine whether the argument is valid or invalid, that is, whether the conclusion follows from the first two sentences:
Argument:
No things that move are buildings.
All vehicles are buildings.
Conclusion: No vehicles are things that move.
Answer: The argument is
* ANSWER OPTIONS: [('correct', 'valid'), ('incorrect', 'invalid')]
* PREFIX FOR EVALUATION: In this task, you will have to answer a series of questions. You will have to choose the best answer to complete a sentence, paragraph, or question. Please answer them to the best of your ability.

Please assume that the first two sentences in the argument are true. Determine whether the argument is valid or invalid, that is, whether the conclusion follows from the first two sentences:
Argument:
No vehicles are buildings.
All buildings are things that move.
Conclusion: No vehicles are things that move.
Answer: The argument is
* ANSWER OPTIONS: [('correct', 'invalid'), ('incorrect', 'valid')]
* PREFIX FOR EVALUATION: In this task, you will have to answer a series of questions. You will have to choose the best answer to complete a sentence, paragraph, or question. Please answer them to the best of your ability.

Please assume that the first two sentences in the argument are true. Determine whether the argument is valid or invalid, that is, whether the conclusion follows from the first two sentences:
Argument:
All buildings are things that move.
No vehicles are buildings.
Conclusion: No vehicles are things that move.
Answer: The argument is
* ANSWER OPTIONS: [('correct', 'invalid'), ('incorrect', 'valid')]
* PREFIX FOR EVALUATION: In this task, you will have to answer a series of questions. You will have to choose the best answer to complete a sentence, paragraph, or question. Please answer them to the best of your ability.

Please assume that the first two sentences in the argument are true. Determine whether the argument is valid or invalid, that is, whether the conclusion follows from the first two sentences:
Argument:
Some pand are ing.
All ing are phrite.
Conclusion: Some pand are phrite.
Answer: The argument is
* ANSWER OPTIONS: [('correct', 'valid'), ('incorrect', 'invalid')]
* PREFIX FOR EVALUATION: In this task, you will have to answer a series of questions. You will have to choose the best answer to complete a sentence, paragraph, or question. Please answer them to the best of your ability.

Please assume that the first two sentences in the argument are true. Determine whether the argument is valid or invalid, that is, whether the conclusion follows from the first two sentences:
Argument:
All ing are phrite.
Some pand are ing.
Conclusion: Some pand are phrite.
Answer: The argument is
* ANSWER OPTIONS: [('correct', 'valid'), ('incorrect', 'invalid')]
* PREFIX FOR EVALUATION: In this task, you will have to answer a series of questions. You will have to choose the best answer to complete a sentence, paragraph, or question. Please answer them to the best of your ability.

Please assume that the first two sentences in the argument are true. Determine whether the argument is valid or invalid, that is, whether the conclusion follows from the first two sentences:
Argument:
All nup are jift.
Some jift are bosp.
Conclusion: Some nup are bosp.
Answer: The argument is
* ANSWER OPTIONS: [('correct', 'invalid'), ('incorrect', 'valid')]
* PREFIX FOR EVALUATION: In this task, you will have to answer a series of questions. You will have to choose the best answer to complete a sentence, paragraph, or question. Please answer them to the best of your ability.

Please assume that the first two sentences in the argument are true. Determine whether the argument is valid or invalid, that is, whether the conclusion follows from the first two sentences:
Argument:
Some jift are bosp.
All nup are jift.
Conclusion: Some nup are bosp.
Answer: The argument is
* ANSWER OPTIONS: [('correct', 'invalid'), ('incorrect', 'valid')]
* PREFIX FOR EVALUATION: In this task, you will have to answer a series of questions. You will have to choose the best answer to complete a sentence, paragraph, or question. Please answer them to the best of your ability.

Please assume that the first two sentences in the argument are true. Determine whether the argument is valid or invalid, that is, whether the conclusion follows from the first two sentences:
Argument:
All snid are bem.
All bem are ust.
Conclusion: All snid are ust.
Answer: The argument is
* ANSWER OPTIONS: [('correct', 'valid'), ('incorrect', 'invalid')]
* PREFIX FOR EVALUATION: In this task, you will have to answer a series of questions. You will have to choose the best answer to complete a sentence, paragraph, or question. Please answer them to the best of your ability.

Please assume that the first two sentences in the argument are true. Determine whether the argument is valid or invalid, that is, whether the conclusion follows from the first two sentences:
Argument:
All bem are ust.
All snid are bem.
Conclusion: All snid are ust.
Answer: The argument is
* ANSWER OPTIONS: [('correct', 'valid'), ('incorrect', 'invalid')]
* PREFIX FOR EVALUATION: In this task, you will have to answer a series of questions. You will have to choose the best answer to complete a sentence, paragraph, or question. Please answer them to the best of your ability.

Please assume that the first two sentences in the argument are true. Determine whether the argument is valid or invalid, that is, whether the conclusion follows from the first two sentences:
Argument:
All jeft are nept.
All jeft are bript.
Conclusion: All nept are bript.
Answer: The argument is
* ANSWER OPTIONS: [('correct', 'invalid'), ('incorrect', 'valid')]
* PREFIX FOR EVALUATION: In this task, you will have to answer a series of questions. You will have to choose the best answer to complete a sentence, paragraph, or question. Please answer them to the best of your ability.

Please assume that the first two sentences in the argument are true. Determine whether the argument is valid or invalid, that is, whether the conclusion follows from the first two sentences:
Argument:
All jeft are bript.
All jeft are nept.
Conclusion: All nept are bript.
Answer: The argument is
* ANSWER OPTIONS: [('correct', 'invalid'), ('incorrect', 'valid')]
* PREFIX FOR EVALUATION: In this task, you will have to answer a series of questions. You will have to choose the best answer to complete a sentence, paragraph, or question. Please answer them to the best of your ability.

Please assume that the first two sentences in the argument are true. Determine whether the argument is valid or invalid, that is, whether the conclusion follows from the first two sentences:
Argument:
Some sclack are chask.
All chask are pron.
Conclusion: Some sclack are pron.
Answer: The argument is
* ANSWER OPTIONS: [('correct', 'valid'), ('incorrect', 'invalid')]
* PREFIX FOR EVALUATION: In this task, you will have to answer a series of questions. You will have to choose the best answer to complete a sentence, paragraph, or question. Please answer them to the best of your ability.

Please assume that the first two sentences in the argument are true. Determine whether the argument is valid or invalid, that is, whether the conclusion follows from the first two sentences:
Argument:
All chask are pron.
Some sclack are chask.
Conclusion: Some sclack are pron.
Answer: The argument is
* ANSWER OPTIONS: [('correct', 'valid'), ('incorrect', 'invalid')]
* PREFIX FOR EVALUATION: In this task, you will have to answer a series of questions. You will have to choose the best answer to complete a sentence, paragraph, or question. Please answer them to the best of your ability.

Please assume that the first two sentences in the argument are true. Determine whether the argument is valid or invalid, that is, whether the conclusion follows from the first two sentences:
Argument:
Some stope are gleck.
Some stope are unt.
Conclusion: Some gleck are unt.
Answer: The argument is
* ANSWER OPTIONS: [('correct', 'invalid'), ('incorrect', 'valid')]
* PREFIX FOR EVALUATION: In this task, you will have to answer a series of questions. You will have to choose the best answer to complete a sentence, paragraph, or question. Please answer them to the best of your ability.

Please assume that the first two sentences in the argument are true. Determine whether the argument is valid or invalid, that is, whether the conclusion follows from the first two sentences:
Argument:
Some stope are unt.
Some stope are gleck.
Conclusion: Some gleck are unt.
Answer: The argument is
* ANSWER OPTIONS: [('correct', 'invalid'), ('incorrect', 'valid')]
* PREFIX FOR EVALUATION: In this task, you will have to answer a series of questions. You will have to choose the best answer to complete a sentence, paragraph, or question. Please answer them to the best of your ability.

Please assume that the first two sentences in the argument are true. Determine whether the argument is valid or invalid, that is, whether the conclusion follows from the first two sentences:
Argument:
All jint are gluff.
All gluff are caft.
Conclusion: All jint are caft.
Answer: The argument is
* ANSWER OPTIONS: [('correct', 'valid'), ('incorrect', 'invalid')]
* PREFIX FOR EVALUATION: In this task, you will have to answer a series of questions. You will have to choose the best answer to complete a sentence, paragraph, or question. Please answer them to the best of your ability.

Please assume that the first two sentences in the argument are true. Determine whether the argument is valid or invalid, that is, whether the conclusion follows from the first two sentences:
Argument:
All gluff are caft.
All jint are gluff.
Conclusion: All jint are caft.
Answer: The argument is
* ANSWER OPTIONS: [('correct', 'valid'), ('incorrect', 'invalid')]
* PREFIX FOR EVALUATION: In this task, you will have to answer a series of questions. You will have to choose the best answer to complete a sentence, paragraph, or question. Please answer them to the best of your ability.

Please assume that the first two sentences in the argument are true. Determine whether the argument is valid or invalid, that is, whether the conclusion follows from the first two sentences:
Argument:
All fleff are ved.
All drap are ved.
Conclusion: All drap are fleff.
Answer: The argument is
* ANSWER OPTIONS: [('correct', 'invalid'), ('incorrect', 'valid')]
* PREFIX FOR EVALUATION: In this task, you will have to answer a series of questions. You will have to choose the best answer to complete a sentence, paragraph, or question. Please answer them to the best of your ability.

Please assume that the first two sentences in the argument are true. Determine whether the argument is valid or invalid, that is, whether the conclusion follows from the first two sentences:
Argument:
All drap are ved.
All fleff are ved.
Conclusion: All drap are fleff.
Answer: The argument is
* ANSWER OPTIONS: [('correct', 'invalid'), ('incorrect', 'valid')]
* PREFIX FOR EVALUATION: In this task, you will have to answer a series of questions. You will have to choose the best answer to complete a sentence, paragraph, or question. Please answer them to the best of your ability.

Please assume that the first two sentences in the argument are true. Determine whether the argument is valid or invalid, that is, whether the conclusion follows from the first two sentences:
Argument:
All cesk are paft.
Some cesk are usp.
Conclusion: Some paft are usp.
Answer: The argument is
* ANSWER OPTIONS: [('correct', 'valid'), ('incorrect', 'invalid')]
* PREFIX FOR EVALUATION: In this task, you will have to answer a series of questions. You will have to choose the best answer to complete a sentence, paragraph, or question. Please answer them to the best of your ability.

Please assume that the first two sentences in the argument are true. Determine whether the argument is valid or invalid, that is, whether the conclusion follows from the first two sentences:
Argument:
Some cesk are usp.
All cesk are paft.
Conclusion: Some paft are usp.
Answer: The argument is
* ANSWER OPTIONS: [('correct', 'valid'), ('incorrect', 'invalid')]
* PREFIX FOR EVALUATION: In this task, you will have to answer a series of questions. You will have to choose the best answer to complete a sentence, paragraph, or question. Please answer them to the best of your ability.

Please assume that the first two sentences in the argument are true. Determine whether the argument is valid or invalid, that is, whether the conclusion follows from the first two sentences:
Argument:
Some trime are mag.
Some mag are dimp.
Conclusion: Some trime are dimp.
Answer: The argument is
* ANSWER OPTIONS: [('correct', 'invalid'), ('incorrect', 'valid')]
* PREFIX FOR EVALUATION: In this task, you will have to answer a series of questions. You will have to choose the best answer to complete a sentence, paragraph, or question. Please answer them to the best of your ability.

Please assume that the first two sentences in the argument are true. Determine whether the argument is valid or invalid, that is, whether the conclusion follows from the first two sentences:
Argument:
Some mag are dimp.
Some trime are mag.
Conclusion: Some trime are dimp.
Answer: The argument is
* ANSWER OPTIONS: [('correct', 'invalid'), ('incorrect', 'valid')]
* PREFIX FOR EVALUATION: In this task, you will have to answer a series of questions. You will have to choose the best answer to complete a sentence, paragraph, or question. Please answer them to the best of your ability.

Please assume that the first two sentences in the argument are true. Determine whether the argument is valid or invalid, that is, whether the conclusion follows from the first two sentences:
Argument:
All thrund are clud.
All kemp are thrund.
Conclusion: All kemp are clud.
Answer: The argument is
* ANSWER OPTIONS: [('correct', 'valid'), ('incorrect', 'invalid')]
* PREFIX FOR EVALUATION: In this task, you will have to answer a series of questions. You will have to choose the best answer to complete a sentence, paragraph, or question. Please answer them to the best of your ability.

Please assume that the first two sentences in the argument are true. Determine whether the argument is valid or invalid, that is, whether the conclusion follows from the first two sentences:
Argument:
All kemp are thrund.
All thrund are clud.
Conclusion: All kemp are clud.
Answer: The argument is
* ANSWER OPTIONS: [('correct', 'valid'), ('incorrect', 'invalid')]
* PREFIX FOR EVALUATION: In this task, you will have to answer a series of questions. You will have to choose the best answer to complete a sentence, paragraph, or question. Please answer them to the best of your ability.

Please assume that the first two sentences in the argument are true. Determine whether the argument is valid or invalid, that is, whether the conclusion follows from the first two sentences:
Argument:
All blop are liff.
Some frupt are liff.
Conclusion: All frupt are blop.
Answer: The argument is
* ANSWER OPTIONS: [('correct', 'invalid'), ('incorrect', 'valid')]
* PREFIX FOR EVALUATION: In this task, you will have to answer a series of questions. You will have to choose the best answer to complete a sentence, paragraph, or question. Please answer them to the best of your ability.

Please assume that the first two sentences in the argument are true. Determine whether the argument is valid or invalid, that is, whether the conclusion follows from the first two sentences:
Argument:
Some frupt are liff.
All blop are liff.
Conclusion: All frupt are blop.
Answer: The argument is
* ANSWER OPTIONS: [('correct', 'invalid'), ('incorrect', 'valid')]
* PREFIX FOR EVALUATION: In this task, you will have to answer a series of questions. You will have to choose the best answer to complete a sentence, paragraph, or question. Please answer them to the best of your ability.

Please assume that the first two sentences in the argument are true. Determine whether the argument is valid or invalid, that is, whether the conclusion follows from the first two sentences:
Argument:
No druff are yusp.
All gand are yusp.
Conclusion: No druff are gand.
Answer: The argument is
* ANSWER OPTIONS: [('correct', 'valid'), ('incorrect', 'invalid')]
* PREFIX FOR EVALUATION: In this task, you will have to answer a series of questions. You will have to choose the best answer to complete a sentence, paragraph, or question. Please answer them to the best of your ability.

Please assume that the first two sentences in the argument are true. Determine whether the argument is valid or invalid, that is, whether the conclusion follows from the first two sentences:
Argument:
All gand are yusp.
No druff are yusp.
Conclusion: No druff are gand.
Answer: The argument is
* ANSWER OPTIONS: [('correct', 'valid'), ('incorrect', 'invalid')]
* PREFIX FOR EVALUATION: In this task, you will have to answer a series of questions. You will have to choose the best answer to complete a sentence, paragraph, or question. Please answer them to the best of your ability.

Please assume that the first two sentences in the argument are true. Determine whether the argument is valid or invalid, that is, whether the conclusion follows from the first two sentences:
Argument:
No soff are glap.
All glap are phropt.
Conclusion: No soff are phropt.
Answer: The argument is
* ANSWER OPTIONS: [('correct', 'invalid'), ('incorrect', 'valid')]
* PREFIX FOR EVALUATION: In this task, you will have to answer a series of questions. You will have to choose the best answer to complete a sentence, paragraph, or question. Please answer them to the best of your ability.

Please assume that the first two sentences in the argument are true. Determine whether the argument is valid or invalid, that is, whether the conclusion follows from the first two sentences:
Argument:
All glap are phropt.
No soff are glap.
Conclusion: No soff are phropt.
Answer: The argument is
* ANSWER OPTIONS: [('correct', 'invalid'), ('incorrect', 'valid')]
* PREFIX FOR EVALUATION: In this task, you will have to answer a series of questions. You will have to choose the best answer to complete a sentence, paragraph, or question. Please answer them to the best of your ability.

Please assume that the first two sentences in the argument are true. Determine whether the argument is valid or invalid, that is, whether the conclusion follows from the first two sentences:
Argument:
All fress are vonk.
No vonk are jang.
Conclusion: No fress are jang.
Answer: The argument is
* ANSWER OPTIONS: [('correct', 'valid'), ('incorrect', 'invalid')]
* PREFIX FOR EVALUATION: In this task, you will have to answer a series of questions. You will have to choose the best answer to complete a sentence, paragraph, or question. Please answer them to the best of your ability.

Please assume that the first two sentences in the argument are true. Determine whether the argument is valid or invalid, that is, whether the conclusion follows from the first two sentences:
Argument:
No vonk are jang.
All fress are vonk.
Conclusion: No fress are jang.
Answer: The argument is
* ANSWER OPTIONS: [('correct', 'valid'), ('incorrect', 'invalid')]
* PREFIX FOR EVALUATION: In this task, you will have to answer a series of questions. You will have to choose the best answer to complete a sentence, paragraph, or question. Please answer them to the best of your ability.

Please assume that the first two sentences in the argument are true. Determine whether the argument is valid or invalid, that is, whether the conclusion follows from the first two sentences:
Argument:
All snaff are zint.
No snaff are thade.
Conclusion: No zint are thade.
Answer: The argument is
* ANSWER OPTIONS: [('correct', 'invalid'), ('incorrect', 'valid')]
* PREFIX FOR EVALUATION: In this task, you will have to answer a series of questions. You will have to choose the best answer to complete a sentence, paragraph, or question. Please answer them to the best of your ability.

Please assume that the first two sentences in the argument are true. Determine whether the argument is valid or invalid, that is, whether the conclusion follows from the first two sentences:
Argument:
No snaff are thade.
All snaff are zint.
Conclusion: No zint are thade.
Answer: The argument is
* ANSWER OPTIONS: [('correct', 'invalid'), ('incorrect', 'valid')]
* PREFIX FOR EVALUATION: In this task, you will have to answer a series of questions. You will have to choose the best answer to complete a sentence, paragraph, or question. Please answer them to the best of your ability.

Please assume that the first two sentences in the argument are true. Determine whether the argument is valid or invalid, that is, whether the conclusion follows from the first two sentences:
Argument:
All yoct are nand.
Some yoct are fisk.
Conclusion: Some nand are fisk.
Answer: The argument is
* ANSWER OPTIONS: [('correct', 'valid'), ('incorrect', 'invalid')]
* PREFIX FOR EVALUATION: In this task, you will have to answer a series of questions. You will have to choose the best answer to complete a sentence, paragraph, or question. Please answer them to the best of your ability.

Please assume that the first two sentences in the argument are true. Determine whether the argument is valid or invalid, that is, whether the conclusion follows from the first two sentences:
Argument:
Some yoct are fisk.
All yoct are nand.
Conclusion: Some nand are fisk.
Answer: The argument is
* ANSWER OPTIONS: [('correct', 'valid'), ('incorrect', 'invalid')]
* PREFIX FOR EVALUATION: In this task, you will have to answer a series of questions. You will have to choose the best answer to complete a sentence, paragraph, or question. Please answer them to the best of your ability.

Please assume that the first two sentences in the argument are true. Determine whether the argument is valid or invalid, that is, whether the conclusion follows from the first two sentences:
Argument:
All flact are blen.
Some blen are frep.
Conclusion: Some flact are frep.
Answer: The argument is
* ANSWER OPTIONS: [('correct', 'invalid'), ('incorrect', 'valid')]
* PREFIX FOR EVALUATION: In this task, you will have to answer a series of questions. You will have to choose the best answer to complete a sentence, paragraph, or question. Please answer them to the best of your ability.

Please assume that the first two sentences in the argument are true. Determine whether the argument is valid or invalid, that is, whether the conclusion follows from the first two sentences:
Argument:
Some blen are frep.
All flact are blen.
Conclusion: Some flact are frep.
Answer: The argument is
* ANSWER OPTIONS: [('correct', 'invalid'), ('incorrect', 'valid')]
* PREFIX FOR EVALUATION: In this task, you will have to answer a series of questions. You will have to choose the best answer to complete a sentence, paragraph, or question. Please answer them to the best of your ability.

Please assume that the first two sentences in the argument are true. Determine whether the argument is valid or invalid, that is, whether the conclusion follows from the first two sentences:
Argument:
All yink are sclace.
All dact are yink.
Conclusion: All dact are sclace.
Answer: The argument is
* ANSWER OPTIONS: [('correct', 'valid'), ('incorrect', 'invalid')]
* PREFIX FOR EVALUATION: In this task, you will have to answer a series of questions. You will have to choose the best answer to complete a sentence, paragraph, or question. Please answer them to the best of your ability.

Please assume that the first two sentences in the argument are true. Determine whether the argument is valid or invalid, that is, whether the conclusion follows from the first two sentences:
Argument:
All dact are yink.
All yink are sclace.
Conclusion: All dact are sclace.
Answer: The argument is
* ANSWER OPTIONS: [('correct', 'valid'), ('incorrect', 'invalid')]
* PREFIX FOR EVALUATION: In this task, you will have to answer a series of questions. You will have to choose the best answer to complete a sentence, paragraph, or question. Please answer them to the best of your ability.

Please assume that the first two sentences in the argument are true. Determine whether the argument is valid or invalid, that is, whether the conclusion follows from the first two sentences:
Argument:
All bisk are glap.
Some uft are glap.
Conclusion: All uft are bisk.
Answer: The argument is
* ANSWER OPTIONS: [('correct', 'invalid'), ('incorrect', 'valid')]
* PREFIX FOR EVALUATION: In this task, you will have to answer a series of questions. You will have to choose the best answer to complete a sentence, paragraph, or question. Please answer them to the best of your ability.

Please assume that the first two sentences in the argument are true. Determine whether the argument is valid or invalid, that is, whether the conclusion follows from the first two sentences:
Argument:
Some uft are glap.
All bisk are glap.
Conclusion: All uft are bisk.
Answer: The argument is
* ANSWER OPTIONS: [('correct', 'invalid'), ('incorrect', 'valid')]
* PREFIX FOR EVALUATION: In this task, you will have to answer a series of questions. You will have to choose the best answer to complete a sentence, paragraph, or question. Please answer them to the best of your ability.

Please assume that the first two sentences in the argument are true. Determine whether the argument is valid or invalid, that is, whether the conclusion follows from the first two sentences:
Argument:
All phrist are biss.
All biss are skemp.
Conclusion: All phrist are skemp.
Answer: The argument is
* ANSWER OPTIONS: [('correct', 'valid'), ('incorrect', 'invalid')]
* PREFIX FOR EVALUATION: In this task, you will have to answer a series of questions. You will have to choose the best answer to complete a sentence, paragraph, or question. Please answer them to the best of your ability.

Please assume that the first two sentences in the argument are true. Determine whether the argument is valid or invalid, that is, whether the conclusion follows from the first two sentences:
Argument:
All biss are skemp.
All phrist are biss.
Conclusion: All phrist are skemp.
Answer: The argument is
* ANSWER OPTIONS: [('correct', 'valid'), ('incorrect', 'invalid')]
* PREFIX FOR EVALUATION: In this task, you will have to answer a series of questions. You will have to choose the best answer to complete a sentence, paragraph, or question. Please answer them to the best of your ability.

Please assume that the first two sentences in the argument are true. Determine whether the argument is valid or invalid, that is, whether the conclusion follows from the first two sentences:
Argument:
All rimp are thomp.
All rimp are zin.
Conclusion: All thomp are zin.
Answer: The argument is
* ANSWER OPTIONS: [('correct', 'invalid'), ('incorrect', 'valid')]
* PREFIX FOR EVALUATION: In this task, you will have to answer a series of questions. You will have to choose the best answer to complete a sentence, paragraph, or question. Please answer them to the best of your ability.

Please assume that the first two sentences in the argument are true. Determine whether the argument is valid or invalid, that is, whether the conclusion follows from the first two sentences:
Argument:
All rimp are zin.
All rimp are thomp.
Conclusion: All thomp are zin.
Answer: The argument is
* ANSWER OPTIONS: [('correct', 'invalid'), ('incorrect', 'valid')]
* PREFIX FOR EVALUATION: In this task, you will have to answer a series of questions. You will have to choose the best answer to complete a sentence, paragraph, or question. Please answer them to the best of your ability.

Please assume that the first two sentences in the argument are true. Determine whether the argument is valid or invalid, that is, whether the conclusion follows from the first two sentences:
Argument:
All spluff are gusp.
All gusp are sland.
Conclusion: All spluff are sland.
Answer: The argument is
* ANSWER OPTIONS: [('correct', 'valid'), ('incorrect', 'invalid')]
* PREFIX FOR EVALUATION: In this task, you will have to answer a series of questions. You will have to choose the best answer to complete a sentence, paragraph, or question. Please answer them to the best of your ability.

Please assume that the first two sentences in the argument are true. Determine whether the argument is valid or invalid, that is, whether the conclusion follows from the first two sentences:
Argument:
All gusp are sland.
All spluff are gusp.
Conclusion: All spluff are sland.
Answer: The argument is
* ANSWER OPTIONS: [('correct', 'valid'), ('incorrect', 'invalid')]
* PREFIX FOR EVALUATION: In this task, you will have to answer a series of questions. You will have to choose the best answer to complete a sentence, paragraph, or question. Please answer them to the best of your ability.

Please assume that the first two sentences in the argument are true. Determine whether the argument is valid or invalid, that is, whether the conclusion follows from the first two sentences:
Argument:
All gick are criff.
All criff are riff.
Conclusion: All riff are gick.
Answer: The argument is
* ANSWER OPTIONS: [('correct', 'invalid'), ('incorrect', 'valid')]
* PREFIX FOR EVALUATION: In this task, you will have to answer a series of questions. You will have to choose the best answer to complete a sentence, paragraph, or question. Please answer them to the best of your ability.

Please assume that the first two sentences in the argument are true. Determine whether the argument is valid or invalid, that is, whether the conclusion follows from the first two sentences:
Argument:
All criff are riff.
All gick are criff.
Conclusion: All riff are gick.
Answer: The argument is
* ANSWER OPTIONS: [('correct', 'invalid'), ('incorrect', 'valid')]
* PREFIX FOR EVALUATION: In this task, you will have to answer a series of questions. You will have to choose the best answer to complete a sentence, paragraph, or question. Please answer them to the best of your ability.

Please assume that the first two sentences in the argument are true. Determine whether the argument is valid or invalid, that is, whether the conclusion follows from the first two sentences:
Argument:
All plusk are shiff.
No shiff are yot.
Conclusion: No plusk are yot.
Answer: The argument is
* ANSWER OPTIONS: [('correct', 'valid'), ('incorrect', 'invalid')]
* PREFIX FOR EVALUATION: In this task, you will have to answer a series of questions. You will have to choose the best answer to complete a sentence, paragraph, or question. Please answer them to the best of your ability.

Please assume that the first two sentences in the argument are true. Determine whether the argument is valid or invalid, that is, whether the conclusion follows from the first two sentences:
Argument:
No shiff are yot.
All plusk are shiff.
Conclusion: No plusk are yot.
Answer: The argument is
* ANSWER OPTIONS: [('correct', 'valid'), ('incorrect', 'invalid')]
* PREFIX FOR EVALUATION: In this task, you will have to answer a series of questions. You will have to choose the best answer to complete a sentence, paragraph, or question. Please answer them to the best of your ability.

Please assume that the first two sentences in the argument are true. Determine whether the argument is valid or invalid, that is, whether the conclusion follows from the first two sentences:
Argument:
Some zoft are splink.
No zoft are chand.
Conclusion: No splink are chand.
Answer: The argument is
* ANSWER OPTIONS: [('correct', 'invalid'), ('incorrect', 'valid')]
* PREFIX FOR EVALUATION: In this task, you will have to answer a series of questions. You will have to choose the best answer to complete a sentence, paragraph, or question. Please answer them to the best of your ability.

Please assume that the first two sentences in the argument are true. Determine whether the argument is valid or invalid, that is, whether the conclusion follows from the first two sentences:
Argument:
No zoft are chand.
Some zoft are splink.
Conclusion: No splink are chand.
Answer: The argument is
* ANSWER OPTIONS: [('correct', 'invalid'), ('incorrect', 'valid')]
* PREFIX FOR EVALUATION: In this task, you will have to answer a series of questions. You will have to choose the best answer to complete a sentence, paragraph, or question. Please answer them to the best of your ability.

Please assume that the first two sentences in the argument are true. Determine whether the argument is valid or invalid, that is, whether the conclusion follows from the first two sentences:
Argument:
No fect are dask.
No flump are dask.
Conclusion: No fect are flump.
Answer: The argument is
* ANSWER OPTIONS: [('correct', 'invalid'), ('incorrect', 'valid')]
* PREFIX FOR EVALUATION: In this task, you will have to answer a series of questions. You will have to choose the best answer to complete a sentence, paragraph, or question. Please answer them to the best of your ability.

Please assume that the first two sentences in the argument are true. Determine whether the argument is valid or invalid, that is, whether the conclusion follows from the first two sentences:
Argument:
No flump are dask.
No fect are dask.
Conclusion: No fect are flump.
Answer: The argument is
* ANSWER OPTIONS: [('correct', 'invalid'), ('incorrect', 'valid')]
* PREFIX FOR EVALUATION: In this task, you will have to answer a series of questions. You will have to choose the best answer to complete a sentence, paragraph, or question. Please answer them to the best of your ability.

Please assume that the first two sentences in the argument are true. Determine whether the argument is valid or invalid, that is, whether the conclusion follows from the first two sentences:
Argument:
No hap are thrum.
All zid are hap.
Conclusion: No zid are thrum.
Answer: The argument is
* ANSWER OPTIONS: [('correct', 'valid'), ('incorrect', 'invalid')]
* PREFIX FOR EVALUATION: In this task, you will have to answer a series of questions. You will have to choose the best answer to complete a sentence, paragraph, or question. Please answer them to the best of your ability.

Please assume that the first two sentences in the argument are true. Determine whether the argument is valid or invalid, that is, whether the conclusion follows from the first two sentences:
Argument:
All zid are hap.
No hap are thrum.
Conclusion: No zid are thrum.
Answer: The argument is
* ANSWER OPTIONS: [('correct', 'valid'), ('incorrect', 'invalid')]
* PREFIX FOR EVALUATION: In this task, you will have to answer a series of questions. You will have to choose the best answer to complete a sentence, paragraph, or question. Please answer them to the best of your ability.

Please assume that the first two sentences in the argument are true. Determine whether the argument is valid or invalid, that is, whether the conclusion follows from the first two sentences:
Argument:
Some jund are teft.
All teft are yact.
Conclusion: Some jund are yact.
Answer: The argument is
* ANSWER OPTIONS: [('correct', 'valid'), ('incorrect', 'invalid')]
* PREFIX FOR EVALUATION: In this task, you will have to answer a series of questions. You will have to choose the best answer to complete a sentence, paragraph, or question. Please answer them to the best of your ability.

Please assume that the first two sentences in the argument are true. Determine whether the argument is valid or invalid, that is, whether the conclusion follows from the first two sentences:
Argument:
All teft are yact.
Some jund are teft.
Conclusion: Some jund are yact.
Answer: The argument is
* ANSWER OPTIONS: [('correct', 'valid'), ('incorrect', 'invalid')]
* PREFIX FOR EVALUATION: In this task, you will have to answer a series of questions. You will have to choose the best answer to complete a sentence, paragraph, or question. Please answer them to the best of your ability.

Please assume that the first two sentences in the argument are true. Determine whether the argument is valid or invalid, that is, whether the conclusion follows from the first two sentences:
Argument:
Some sphob are troff.
Some troff are plam.
Conclusion: Some sphob are plam.
Answer: The argument is
* ANSWER OPTIONS: [('correct', 'invalid'), ('incorrect', 'valid')]
* PREFIX FOR EVALUATION: In this task, you will have to answer a series of questions. You will have to choose the best answer to complete a sentence, paragraph, or question. Please answer them to the best of your ability.

Please assume that the first two sentences in the argument are true. Determine whether the argument is valid or invalid, that is, whether the conclusion follows from the first two sentences:
Argument:
Some troff are plam.
Some sphob are troff.
Conclusion: Some sphob are plam.
Answer: The argument is
* ANSWER OPTIONS: [('correct', 'invalid'), ('incorrect', 'valid')]
* PREFIX FOR EVALUATION: In this task, you will have to answer a series of questions. You will have to choose the best answer to complete a sentence, paragraph, or question. Please answer them to the best of your ability.

Please assume that the first two sentences in the argument are true. Determine whether the argument is valid or invalid, that is, whether the conclusion follows from the first two sentences:
Argument:
All zeff are zom.
All zom are zaff.
Conclusion: All zeff are zaff.
Answer: The argument is
* ANSWER OPTIONS: [('correct', 'valid'), ('incorrect', 'invalid')]
* PREFIX FOR EVALUATION: In this task, you will have to answer a series of questions. You will have to choose the best answer to complete a sentence, paragraph, or question. Please answer them to the best of your ability.

Please assume that the first two sentences in the argument are true. Determine whether the argument is valid or invalid, that is, whether the conclusion follows from the first two sentences:
Argument:
All zom are zaff.
All zeff are zom.
Conclusion: All zeff are zaff.
Answer: The argument is
* ANSWER OPTIONS: [('correct', 'valid'), ('incorrect', 'invalid')]
* PREFIX FOR EVALUATION: In this task, you will have to answer a series of questions. You will have to choose the best answer to complete a sentence, paragraph, or question. Please answer them to the best of your ability.

Please assume that the first two sentences in the argument are true. Determine whether the argument is valid or invalid, that is, whether the conclusion follows from the first two sentences:
Argument:
All sunt are yab.
All yuft are yab.
Conclusion: All yuft are sunt.
Answer: The argument is
* ANSWER OPTIONS: [('correct', 'invalid'), ('incorrect', 'valid')]
* PREFIX FOR EVALUATION: In this task, you will have to answer a series of questions. You will have to choose the best answer to complete a sentence, paragraph, or question. Please answer them to the best of your ability.

Please assume that the first two sentences in the argument are true. Determine whether the argument is valid or invalid, that is, whether the conclusion follows from the first two sentences:
Argument:
All yuft are yab.
All sunt are yab.
Conclusion: All yuft are sunt.
Answer: The argument is
* ANSWER OPTIONS: [('correct', 'invalid'), ('incorrect', 'valid')]
* PREFIX FOR EVALUATION: In this task, you will have to answer a series of questions. You will have to choose the best answer to complete a sentence, paragraph, or question. Please answer them to the best of your ability.

Please assume that the first two sentences in the argument are true. Determine whether the argument is valid or invalid, that is, whether the conclusion follows from the first two sentences:
Argument:
Some plig are prash.
All lupt are plig.
Conclusion: Some lupt are prash.
Answer: The argument is
* ANSWER OPTIONS: [('correct', 'invalid'), ('incorrect', 'valid')]
* PREFIX FOR EVALUATION: In this task, you will have to answer a series of questions. You will have to choose the best answer to complete a sentence, paragraph, or question. Please answer them to the best of your ability.

Please assume that the first two sentences in the argument are true. Determine whether the argument is valid or invalid, that is, whether the conclusion follows from the first two sentences:
Argument:
All lupt are plig.
Some plig are prash.
Conclusion: Some lupt are prash.
Answer: The argument is
* ANSWER OPTIONS: [('correct', 'invalid'), ('incorrect', 'valid')]
* PREFIX FOR EVALUATION: In this task, you will have to answer a series of questions. You will have to choose the best answer to complete a sentence, paragraph, or question. Please answer them to the best of your ability.

Please assume that the first two sentences in the argument are true. Determine whether the argument is valid or invalid, that is, whether the conclusion follows from the first two sentences:
Argument:
All vept are thrag.
Some vept are ont.
Conclusion: Some thrag are ont.
Answer: The argument is
* ANSWER OPTIONS: [('correct', 'valid'), ('incorrect', 'invalid')]
* PREFIX FOR EVALUATION: In this task, you will have to answer a series of questions. You will have to choose the best answer to complete a sentence, paragraph, or question. Please answer them to the best of your ability.

Please assume that the first two sentences in the argument are true. Determine whether the argument is valid or invalid, that is, whether the conclusion follows from the first two sentences:
Argument:
Some vept are ont.
All vept are thrag.
Conclusion: Some thrag are ont.
Answer: The argument is
* ANSWER OPTIONS: [('correct', 'valid'), ('incorrect', 'invalid')]
* PREFIX FOR EVALUATION: In this task, you will have to answer a series of questions. You will have to choose the best answer to complete a sentence, paragraph, or question. Please answer them to the best of your ability.

Please assume that the first two sentences in the argument are true. Determine whether the argument is valid or invalid, that is, whether the conclusion follows from the first two sentences:
Argument:
All zamp are blep.
All zamp are jict.
Conclusion: All blep are jict.
Answer: The argument is
* ANSWER OPTIONS: [('correct', 'invalid'), ('incorrect', 'valid')]
* PREFIX FOR EVALUATION: In this task, you will have to answer a series of questions. You will have to choose the best answer to complete a sentence, paragraph, or question. Please answer them to the best of your ability.

Please assume that the first two sentences in the argument are true. Determine whether the argument is valid or invalid, that is, whether the conclusion follows from the first two sentences:
Argument:
All zamp are jict.
All zamp are blep.
Conclusion: All blep are jict.
Answer: The argument is
* ANSWER OPTIONS: [('correct', 'invalid'), ('incorrect', 'valid')]
* PREFIX FOR EVALUATION: In this task, you will have to answer a series of questions. You will have to choose the best answer to complete a sentence, paragraph, or question. Please answer them to the best of your ability.

Please assume that the first two sentences in the argument are true. Determine whether the argument is valid or invalid, that is, whether the conclusion follows from the first two sentences:
Argument:
All prash are gapt.
All gapt are glemp.
Conclusion: All prash are glemp.
Answer: The argument is
* ANSWER OPTIONS: [('correct', 'valid'), ('incorrect', 'invalid')]
* PREFIX FOR EVALUATION: In this task, you will have to answer a series of questions. You will have to choose the best answer to complete a sentence, paragraph, or question. Please answer them to the best of your ability.

Please assume that the first two sentences in the argument are true. Determine whether the argument is valid or invalid, that is, whether the conclusion follows from the first two sentences:
Argument:
All gapt are glemp.
All prash are gapt.
Conclusion: All prash are glemp.
Answer: The argument is
* ANSWER OPTIONS: [('correct', 'valid'), ('incorrect', 'invalid')]
* PREFIX FOR EVALUATION: In this task, you will have to answer a series of questions. You will have to choose the best answer to complete a sentence, paragraph, or question. Please answer them to the best of your ability.

Please assume that the first two sentences in the argument are true. Determine whether the argument is valid or invalid, that is, whether the conclusion follows from the first two sentences:
Argument:
All vosk are luft.
All noct are vosk.
Conclusion: All noct are luft.
Answer: The argument is
* ANSWER OPTIONS: [('correct', 'valid'), ('incorrect', 'invalid')]
* PREFIX FOR EVALUATION: In this task, you will have to answer a series of questions. You will have to choose the best answer to complete a sentence, paragraph, or question. Please answer them to the best of your ability.

Please assume that the first two sentences in the argument are true. Determine whether the argument is valid or invalid, that is, whether the conclusion follows from the first two sentences:
Argument:
All noct are vosk.
All vosk are luft.
Conclusion: All noct are luft.
Answer: The argument is
* ANSWER OPTIONS: [('correct', 'valid'), ('incorrect', 'invalid')]
* PREFIX FOR EVALUATION: In this task, you will have to answer a series of questions. You will have to choose the best answer to complete a sentence, paragraph, or question. Please answer them to the best of your ability.

Please assume that the first two sentences in the argument are true. Determine whether the argument is valid or invalid, that is, whether the conclusion follows from the first two sentences:
Argument:
All boct are mact.
All boct are wib.
Conclusion: All mact are wib.
Answer: The argument is
* ANSWER OPTIONS: [('correct', 'invalid'), ('incorrect', 'valid')]
* PREFIX FOR EVALUATION: In this task, you will have to answer a series of questions. You will have to choose the best answer to complete a sentence, paragraph, or question. Please answer them to the best of your ability.

Please assume that the first two sentences in the argument are true. Determine whether the argument is valid or invalid, that is, whether the conclusion follows from the first two sentences:
Argument:
All boct are wib.
All boct are mact.
Conclusion: All mact are wib.
Answer: The argument is
* ANSWER OPTIONS: [('correct', 'invalid'), ('incorrect', 'valid')]
* PREFIX FOR EVALUATION: In this task, you will have to answer a series of questions. You will have to choose the best answer to complete a sentence, paragraph, or question. Please answer them to the best of your ability.

Please assume that the first two sentences in the argument are true. Determine whether the argument is valid or invalid, that is, whether the conclusion follows from the first two sentences:
Argument:
All hamp are clun.
Some hamp are namp.
Conclusion: Some clun are namp.
Answer: The argument is
* ANSWER OPTIONS: [('correct', 'valid'), ('incorrect', 'invalid')]
* PREFIX FOR EVALUATION: In this task, you will have to answer a series of questions. You will have to choose the best answer to complete a sentence, paragraph, or question. Please answer them to the best of your ability.

Please assume that the first two sentences in the argument are true. Determine whether the argument is valid or invalid, that is, whether the conclusion follows from the first two sentences:
Argument:
Some hamp are namp.
All hamp are clun.
Conclusion: Some clun are namp.
Answer: The argument is
* ANSWER OPTIONS: [('correct', 'valid'), ('incorrect', 'invalid')]
* PREFIX FOR EVALUATION: In this task, you will have to answer a series of questions. You will have to choose the best answer to complete a sentence, paragraph, or question. Please answer them to the best of your ability.

Please assume that the first two sentences in the argument are true. Determine whether the argument is valid or invalid, that is, whether the conclusion follows from the first two sentences:
Argument:
Some jemp are om.
Some jemp are trunt.
Conclusion: Some om are trunt.
Answer: The argument is
* ANSWER OPTIONS: [('correct', 'invalid'), ('incorrect', 'valid')]
* PREFIX FOR EVALUATION: In this task, you will have to answer a series of questions. You will have to choose the best answer to complete a sentence, paragraph, or question. Please answer them to the best of your ability.

Please assume that the first two sentences in the argument are true. Determine whether the argument is valid or invalid, that is, whether the conclusion follows from the first two sentences:
Argument:
Some jemp are trunt.
Some jemp are om.
Conclusion: Some om are trunt.
Answer: The argument is
* ANSWER OPTIONS: [('correct', 'invalid'), ('incorrect', 'valid')]
* PREFIX FOR EVALUATION: In this task, you will have to answer a series of questions. You will have to choose the best answer to complete a sentence, paragraph, or question. Please answer them to the best of your ability.

Please assume that the first two sentences in the argument are true. Determine whether the argument is valid or invalid, that is, whether the conclusion follows from the first two sentences:
Argument:
All vesk are foff.
Some vesk are strod.
Conclusion: Some strod are foff.
Answer: The argument is
* ANSWER OPTIONS: [('correct', 'valid'), ('incorrect', 'invalid')]
* PREFIX FOR EVALUATION: In this task, you will have to answer a series of questions. You will have to choose the best answer to complete a sentence, paragraph, or question. Please answer them to the best of your ability.

Please assume that the first two sentences in the argument are true. Determine whether the argument is valid or invalid, that is, whether the conclusion follows from the first two sentences:
Argument:
Some vesk are strod.
All vesk are foff.
Conclusion: Some strod are foff.
Answer: The argument is
* ANSWER OPTIONS: [('correct', 'valid'), ('incorrect', 'invalid')]
* PREFIX FOR EVALUATION: In this task, you will have to answer a series of questions. You will have to choose the best answer to complete a sentence, paragraph, or question. Please answer them to the best of your ability.

Please assume that the first two sentences in the argument are true. Determine whether the argument is valid or invalid, that is, whether the conclusion follows from the first two sentences:
Argument:
Some yob are broft.
Some yob are jank.
Conclusion: Some jank are broft.
Answer: The argument is
* ANSWER OPTIONS: [('correct', 'invalid'), ('incorrect', 'valid')]
* PREFIX FOR EVALUATION: In this task, you will have to answer a series of questions. You will have to choose the best answer to complete a sentence, paragraph, or question. Please answer them to the best of your ability.

Please assume that the first two sentences in the argument are true. Determine whether the argument is valid or invalid, that is, whether the conclusion follows from the first two sentences:
Argument:
Some yob are jank.
Some yob are broft.
Conclusion: Some jank are broft.
Answer: The argument is
* ANSWER OPTIONS: [('correct', 'invalid'), ('incorrect', 'valid')]
* PREFIX FOR EVALUATION: In this task, you will have to answer a series of questions. You will have to choose the best answer to complete a sentence, paragraph, or question. Please answer them to the best of your ability.

Please assume that the first two sentences in the argument are true. Determine whether the argument is valid or invalid, that is, whether the conclusion follows from the first two sentences:
Argument:
All dring are splect.
All splect are shrad.
Conclusion: All dring are shrad.
Answer: The argument is
* ANSWER OPTIONS: [('correct', 'valid'), ('incorrect', 'invalid')]
* PREFIX FOR EVALUATION: In this task, you will have to answer a series of questions. You will have to choose the best answer to complete a sentence, paragraph, or question. Please answer them to the best of your ability.

Please assume that the first two sentences in the argument are true. Determine whether the argument is valid or invalid, that is, whether the conclusion follows from the first two sentences:
Argument:
All splect are shrad.
All dring are splect.
Conclusion: All dring are shrad.
Answer: The argument is
* ANSWER OPTIONS: [('correct', 'valid'), ('incorrect', 'invalid')]
* PREFIX FOR EVALUATION: In this task, you will have to answer a series of questions. You will have to choose the best answer to complete a sentence, paragraph, or question. Please answer them to the best of your ability.

Please assume that the first two sentences in the argument are true. Determine whether the argument is valid or invalid, that is, whether the conclusion follows from the first two sentences:
Argument:
All bruss are slipe.
All blit are slipe.
Conclusion: All bruss are blit.
Answer: The argument is
* ANSWER OPTIONS: [('correct', 'invalid'), ('incorrect', 'valid')]
* PREFIX FOR EVALUATION: In this task, you will have to answer a series of questions. You will have to choose the best answer to complete a sentence, paragraph, or question. Please answer them to the best of your ability.

Please assume that the first two sentences in the argument are true. Determine whether the argument is valid or invalid, that is, whether the conclusion follows from the first two sentences:
Argument:
All blit are slipe.
All bruss are slipe.
Conclusion: All bruss are blit.
Answer: The argument is
* ANSWER OPTIONS: [('correct', 'invalid'), ('incorrect', 'valid')]
* PREFIX FOR EVALUATION: In this task, you will have to answer a series of questions. You will have to choose the best answer to complete a sentence, paragraph, or question. Please answer them to the best of your ability.

Please assume that the first two sentences in the argument are true. Determine whether the argument is valid or invalid, that is, whether the conclusion follows from the first two sentences:
Argument:
All sneb are jing.
No omp are jing.
Conclusion: No omp are sneb.
Answer: The argument is
* ANSWER OPTIONS: [('correct', 'valid'), ('incorrect', 'invalid')]
* PREFIX FOR EVALUATION: In this task, you will have to answer a series of questions. You will have to choose the best answer to complete a sentence, paragraph, or question. Please answer them to the best of your ability.

Please assume that the first two sentences in the argument are true. Determine whether the argument is valid or invalid, that is, whether the conclusion follows from the first two sentences:
Argument:
No omp are jing.
All sneb are jing.
Conclusion: No omp are sneb.
Answer: The argument is
* ANSWER OPTIONS: [('correct', 'valid'), ('incorrect', 'invalid')]
* PREFIX FOR EVALUATION: In this task, you will have to answer a series of questions. You will have to choose the best answer to complete a sentence, paragraph, or question. Please answer them to the best of your ability.

Please assume that the first two sentences in the argument are true. Determine whether the argument is valid or invalid, that is, whether the conclusion follows from the first two sentences:
Argument:
All phrint are blim.
No yemp are phrint.
Conclusion: No yemp are blim.
Answer: The argument is
* ANSWER OPTIONS: [('correct', 'invalid'), ('incorrect', 'valid')]
* PREFIX FOR EVALUATION: In this task, you will have to answer a series of questions. You will have to choose the best answer to complete a sentence, paragraph, or question. Please answer them to the best of your ability.

Please assume that the first two sentences in the argument are true. Determine whether the argument is valid or invalid, that is, whether the conclusion follows from the first two sentences:
Argument:
No yemp are phrint.
All phrint are blim.
Conclusion: No yemp are blim.
Answer: The argument is
* ANSWER OPTIONS: [('correct', 'invalid'), ('incorrect', 'valid')]
* PREFIX FOR EVALUATION: In this task, you will have to answer a series of questions. You will have to choose the best answer to complete a sentence, paragraph, or question. Please answer them to the best of your ability.

Please assume that the first two sentences in the argument are true. Determine whether the argument is valid or invalid, that is, whether the conclusion follows from the first two sentences:
Argument:
All splack are spuff.
No zoct are spuff.
Conclusion: No splack are zoct.
Answer: The argument is
* ANSWER OPTIONS: [('correct', 'valid'), ('incorrect', 'invalid')]
* PREFIX FOR EVALUATION: In this task, you will have to answer a series of questions. You will have to choose the best answer to complete a sentence, paragraph, or question. Please answer them to the best of your ability.

Please assume that the first two sentences in the argument are true. Determine whether the argument is valid or invalid, that is, whether the conclusion follows from the first two sentences:
Argument:
No zoct are spuff.
All splack are spuff.
Conclusion: No splack are zoct.
Answer: The argument is
* ANSWER OPTIONS: [('correct', 'valid'), ('incorrect', 'invalid')]
* PREFIX FOR EVALUATION: In this task, you will have to answer a series of questions. You will have to choose the best answer to complete a sentence, paragraph, or question. Please answer them to the best of your ability.

Please assume that the first two sentences in the argument are true. Determine whether the argument is valid or invalid, that is, whether the conclusion follows from the first two sentences:
Argument:
No threck are grosp.
All grosp are crand.
Conclusion: No threck are crand.
Answer: The argument is
* ANSWER OPTIONS: [('correct', 'invalid'), ('incorrect', 'valid')]
* PREFIX FOR EVALUATION: In this task, you will have to answer a series of questions. You will have to choose the best answer to complete a sentence, paragraph, or question. Please answer them to the best of your ability.

Please assume that the first two sentences in the argument are true. Determine whether the argument is valid or invalid, that is, whether the conclusion follows from the first two sentences:
Argument:
All grosp are crand.
No threck are grosp.
Conclusion: No threck are crand.
Answer: The argument is
* ANSWER OPTIONS: [('correct', 'invalid'), ('incorrect', 'valid')]
Wrote results to /scratch/jhu35/rpandya4/model-human-processing/data/model_output/logit_lens/syllogism_rwkv-4-430m-pile.csv

==========================================
Task finished: syllogism
Exit code: 0
Finished: Wed Oct 15 01:55:37 EDT 2025
==========================================
✓ Output file created: /scratch/jhu35/rpandya4/model-human-processing/data/model_output/logit_lens/syllogism_rwkv-4-430m-pile.csv
87553 /scratch/jhu35/rpandya4/model-human-processing/data/model_output/logit_lens/syllogism_rwkv-4-430m-pile.csv

==========================================
All tasks completed: Wed Oct 15 01:55:37 EDT 2025
Overall exit code: 0
==========================================
